{"meta": {"date": "2024-09-03", "version": "5.2.2+20240903"}, "data": {"code": "ANB", "commander": [], "mainBoard": [{"artist": "Zezhou Chen", "artistIds": ["810677e5-a502-4c03-b726-78cd808a75d4"], "availability": ["arena"], "borderColor": "black", "colorIdentity": ["U"], "colors": ["U"], "convertedManaCost": 1.0, "count": 2, "edhrecRank": 5156, "edhrecSaltiness": 0.04, "finishes": ["nonfoil"], "foreignData": [], "frameVersion": "2015", "hasFoil": false, "hasNonFoil": true, "identifiers": {"mtgArenaId": "75478", "mtgjsonV4Id": "279d4eee-954c-56d0-9c52-83878820bf36", "multiverseId": "548145", "scryfallCardBackId": "0aeebaf5-8c7d-4636-9e82-8c27447861f7", "scryfallId": "50691365-dde3-4956-bc7d-3d0b05d32c73", "scryfallIllustrationId": "fa96a280-bb34-4379-b293-d2f35da22390", "scryfallOracleId": "35dfe1c7-48ab-436f-9a6e-44835ea01cf9"}, "isFoil": false, "isOnlineOnly": true, "isReprint": true, "isStarter": true, "keywords": ["Defender", "Scry"], "language": "English", "layout": "normal", "legalities": {"alchemy": "Legal", "brawl": "Legal", "commander": "Legal", "duel": "Legal", "explorer": "Legal", "gladiator": "Legal", "historic": "Legal", "legacy": "Legal", "modern": "Legal", "oathbreaker": "Legal", "pauper": "Legal", "paupercommander": "Legal", "penny": "Legal", "pioneer": "Legal", "timeless": "Legal", "vintage": "Legal"}, "manaCost": "{U}", "manaValue": 1.0, "name": "Wall of Runes", "number": "37", "originalText": "Defender\nWhen Wall of Runes enters the battlefield, scry 1.", "originalType": "Creature — Wall", "power": "0", "printings": ["ANB", "M21", "WAR"], "purchaseUrls": {}, "rarity": "common", "setCode": "ANB", "subtypes": ["Wall"], "supertypes": [], "text": "Defender (This creature can't attack.)\nWhen Wall of Runes enters, scry 1. (Look at the top card of your library. You may put that card on the bottom.)", "toughness": "4", "type": "Creature — Wall", "types": ["Creature"], "uuid": "8249ce5c-7e8a-595d-ad62-976a517ba1bb"}, {"artist": "Sara Winters", "artistIds": ["56be33dc-a2da-40e9-a4f7-94077dcea31e"], "availability": ["arena"], "borderColor": "black", "colorIdentity": ["U"], "colors": ["U"], "convertedManaCost": 2.0, "count": 2, "edhrecRank": 25854, "finishes": ["nonfoil"], "foreignData": [], "frameVersion": "2015", "hasFoil": false, "hasNonFoil": true, "identifiers": {"mtgArenaId": "75476", "mtgjsonV4Id": "e1ac78a5-d8f8-5cdb-8b7b-8ed0a34a5b39", "multiverseId": "548143", "scryfallCardBackId": "0aeebaf5-8c7d-4636-9e82-8c27447861f7", "scryfallId": "a32a86fb-3652-4ac7-a879-c78899c493d6", "scryfallIllustrationId": "3770eb38-2e4f-4831-94e7-ac98f944aa78", "scryfallOracleId": "9f63ab29-b86e-4337-b9dd-2b35c8415f90"}, "isFoil": false, "isOnlineOnly": true, "isReprint": true, "isStarter": true, "language": "English", "layout": "normal", "legalities": {"alchemy": "Legal", "brawl": "Legal", "commander": "Legal", "duel": "Legal", "explorer": "Legal", "gladiator": "Legal", "historic": "Legal", "legacy": "Legal", "modern": "Legal", "oathbreaker": "Legal", "pauper": "Legal", "paupercommander": "Legal", "penny": "Legal", "pioneer": "Legal", "timeless": "Legal", "vintage": "Legal"}, "manaCost": "{1}{U}", "manaValue": 2.0, "name": "Sworn Guardian", "number": "35", "originalType": "Creature — Merfolk Warrior", "power": "1", "printings": ["ANB", "RIX"], "purchaseUrls": {}, "rarity": "common", "setCode": "ANB", "subtypes": ["Merfolk", "Warrior"], "supertypes": [], "toughness": "3", "type": "Creature — Merfolk Warrior", "types": ["Creature"], "uuid": "768cd238-f7f2-591c-8404-8f233437dfa9"}, {"artist": "Yeong-Hao Han", "artistIds": ["f8e7f8d6-6dde-4059-973c-30f1fd1bbe4e"], "availability": ["arena"], "borderColor": "black", "colorIdentity": ["U"], "colors": ["U"], "convertedManaCost": 2.0, "count": 3, "edhrecRank": 26644, "edhrecSaltiness": 0.17, "finishes": ["nonfoil"], "foreignData": [], "frameVersion": "2015", "hasFoil": false, "hasNonFoil": true, "identifiers": {"mtgArenaId": "75480", "mtgjsonV4Id": "6000be67-b318-516a-bdb0-6b352b33bfee", "multiverseId": "548147", "scryfallCardBackId": "0aeebaf5-8c7d-4636-9e82-8c27447861f7", "scryfallId": "fe7d5581-68c8-4e78-aa80-69dd0d62b08d", "scryfallIllustrationId": "84867936-8bec-467d-a44f-a072862a302d", "scryfallOracleId": "64e0c580-0e55-4f42-8594-11ccb584d633"}, "isFoil": false, "isOnlineOnly": true, "isReprint": true, "isStarter": true, "language": "English", "layout": "normal", "legalities": {"alchemy": "Legal", "brawl": "Legal", "commander": "Legal", "duel": "Legal", "explorer": "Legal", "gladiator": "Legal", "historic": "Legal", "legacy": "Legal", "modern": "Legal", "oathbreaker": "Legal", "paupercommander": "Restricted", "pioneer": "Legal", "timeless": "Legal", "vintage": "Legal"}, "manaCost": "{1}{U}", "manaValue": 2.0, "name": "Waterkin Shaman", "number": "39", "originalText": "Whenever a creature with flying enters the battlefield under your control, Waterkin Shaman gets +1/+1 until end of turn.", "originalType": "Creature — Elemental Shaman", "power": "2", "printings": ["ANB", "M20"], "purchaseUrls": {}, "rarity": "common", "setCode": "ANB", "subtypes": ["Elemental", "Shaman"], "supertypes": [], "text": "Whenever a creature you control with flying enters, Waterkin Shaman gets +1/+1 until end of turn.", "toughness": "1", "type": "Creature — Elemental Shaman", "types": ["Creature"], "uuid": "9d9a9760-503d-5882-8815-569f8911c32b"}, {"artist": "Anastasia Ovchinnikova", "artistIds": ["3605d81f-5c97-4958-9dcc-d44a85e10305"], "availability": ["arena"], "borderColor": "black", "colorIdentity": ["U"], "colors": ["U"], "convertedManaCost": 3.0, "count": 3, "edhrecRank": 6443, "edhrecSaltiness": 0.02, "finishes": ["nonfoil"], "foreignData": [], "frameVersion": "2015", "hasFoil": false, "hasNonFoil": true, "identifiers": {"mtgArenaId": "75466", "mtgjsonV4Id": "ad40101e-ce1c-536d-ab34-27ca3f1f7483", "multiverseId": "548133", "scryfallCardBackId": "0aeebaf5-8c7d-4636-9e82-8c27447861f7", "scryfallId": "fd8cddc6-fcbf-47d3-8068-5c0f1123b558", "scryfallIllustrationId": "88b43b79-ffdf-40c3-8335-6a8d5ed0a98d", "scryfallOracleId": "09bd4e1c-9861-481f-80dc-4de955c8d3af"}, "isFoil": false, "isOnlineOnly": true, "isReprint": true, "isStarter": true, "keywords": ["Flying"], "language": "English", "layout": "normal", "legalities": {"alchemy": "Legal", "brawl": "Legal", "commander": "Legal", "duel": "Legal", "explorer": "Legal", "gladiator": "Legal", "historic": "Legal", "legacy": "Legal", "modern": "Legal", "oathbreaker": "Legal", "pauper": "Legal", "paupercommander": "Legal", "pioneer": "Legal", "timeless": "Legal", "vintage": "Legal"}, "manaCost": "{2}{U}", "manaValue": 3.0, "name": "Cloudkin Seer", "number": "25", "originalText": "Flying\nWhen Cloudkin Seer enters the battlefield, draw a card.", "originalType": "Creature — Elemental Wizard", "power": "2", "printings": ["ANB", "CLU", "M20", "PLST"], "purchaseUrls": {}, "rarity": "common", "setCode": "ANB", "subtypes": ["Elemental", "Wizard"], "supertypes": [], "text": "Flying\nWhen Cloudkin Seer enters, draw a card.", "toughness": "1", "type": "Creature — Elemental Wizard", "types": ["Creature"], "uuid": "8247ee21-825f-537d-ad9c-0b20b19b92e5"}, {"artist": "Nils Hamm", "artistIds": ["c540d1fc-1500-457f-93cf-d6069ee66546"], "availability": ["arena"], "borderColor": "black", "colorIdentity": ["U"], "colors": ["U"], "convertedManaCost": 3.0, "count": 3, "edhrecRank": 3895, "edhrecSaltiness": 0.17, "finishes": ["nonfoil"], "foreignData": [], "frameVersion": "2015", "hasFoil": false, "hasNonFoil": true, "identifiers": {"mtgArenaId": "75479", "mtgjsonV4Id": "da490d07-5949-5832-a25d-e6ee1510ddc0", "multiverseId": "548146", "scryfallCardBackId": "0aeebaf5-8c7d-4636-9e82-8c27447861f7", "scryfallId": "c0daadff-ac69-48e7-9889-81aa624486b1", "scryfallIllustrationId": "8bccfb90-4c85-4be7-9160-e71ff599be55", "scryfallOracleId": "f424b5e9-8f02-4491-a7d8-c7e088611c6a"}, "isFoil": false, "isOnlineOnly": true, "isReprint": true, "isStarter": true, "keywords": ["Flying"], "language": "English", "layout": "normal", "legalities": {"alchemy": "Legal", "brawl": "Legal", "commander": "Legal", "duel": "Legal", "explorer": "Legal", "gladiator": "Legal", "historic": "Legal", "legacy": "Legal", "modern": "Legal", "oathbreaker": "Legal", "pauper": "Legal", "paupercommander": "Legal", "penny": "Legal", "pioneer": "Legal", "timeless": "Legal", "vintage": "Legal"}, "manaCost": "{2}{U}", "manaValue": 3.0, "name": "Warden of Evos Isle", "number": "38", "originalText": "Flying\nCreature spells with flying you cast cost {1} less to cast.", "originalType": "Creature — Bird Wizard", "power": "2", "printings": ["ANB", "CMR", "EMA", "JMP", "M14", "M20", "PLST", "SCD"], "purchaseUrls": {}, "rarity": "uncommon", "rulings": [{"date": "2020-11-10", "text": "A creature spell that doesn't have flying won't cost less even if an effect will cause the creature to have flying once on the battlefield. This is also true if the creature spell itself has an ability that gives it flying once on the battlefield under certain conditions, even if those conditions are true."}, {"date": "2020-11-10", "text": "The last ability of Warden of Evos Isle can't reduce the colored mana requirement of a creature spell with flying."}], "setCode": "ANB", "subtypes": ["Bird", "Wizard"], "supertypes": [], "text": "Flying\nCreature spells with flying you cast cost {1} less to cast.", "toughness": "2", "type": "Creature — Bird Wizard", "types": ["Creature"], "uuid": "26a6fa2c-8891-5125-88b7-a4f30f237b18"}, {"artist": "Grzegorz Rutkowski", "artistIds": ["b5f49d0d-8056-48e3-b614-090e656b4f9c"], "availability": ["arena"], "borderColor": "black", "colorIdentity": ["U"], "colors": ["U"], "convertedManaCost": 4.0, "count": 2, "edhrecRank": 11901, "edhrecSaltiness": 0.1, "finishes": ["nonfoil"], "foreignData": [], "frameVersion": "2015", "hasFoil": false, "hasNonFoil": true, "identifiers": {"mtgArenaId": "75470", "mtgjsonV4Id": "ccf98671-49a9-5f7b-a700-19254d84b537", "multiverseId": "548137", "scryfallCardBackId": "0aeebaf5-8c7d-4636-9e82-8c27447861f7", "scryfallId": "bec0a0fc-7b82-4812-b8cc-cbfba4987142", "scryfallIllustrationId": "73e4fdd4-575e-45a0-82f2-8a0357db4a49", "scryfallOracleId": "af6cfc23-b64b-4c8a-94b4-69d2b01cb3b9"}, "isFoil": false, "isOnlineOnly": true, "isReprint": true, "isStarter": true, "keywords": ["Scry"], "language": "English", "layout": "normal", "legalities": {"alchemy": "Legal", "brawl": "Legal", "commander": "Legal", "duel": "Legal", "explorer": "Legal", "gladiator": "Legal", "historic": "Legal", "legacy": "Legal", "modern": "Legal", "oathbreaker": "Legal", "pauper": "Legal", "paupercommander": "Legal", "penny": "Legal", "pioneer": "Legal", "timeless": "Legal", "vintage": "Legal"}, "manaCost": "{3}{U}", "manaValue": 4.0, "name": "Octoprophet", "number": "29", "originalText": "When Octoprophet enters the battlefield, scry 2.", "originalType": "Creature — Octopus", "power": "3", "printings": ["ANB", "J22", "JMP", "M20"], "purchaseUrls": {}, "rarity": "common", "setCode": "ANB", "subtypes": ["Octopus"], "supertypes": [], "text": "When Octoprophet enters, scry 2. (Look at the top two cards of your library, then put any number of them on the bottom and the rest on top in any order.)", "toughness": "3", "type": "Creature — Octopus", "types": ["Creature"], "uuid": "74be9b88-a716-5160-9562-f5bc45e5d384"}, {"artist": "Viktor Titov", "artistIds": ["2270c0b0-afb4-42b0-bcb6-25fe4ad6eef2"], "availability": ["arena"], "borderColor": "black", "colorIdentity": ["U"], "colors": ["U"], "convertedManaCost": 5.0, "count": 2, "edhrecRank": 14855, "finishes": ["nonfoil"], "foreignData": [], "frameVersion": "2015", "hasFoil": false, "hasNonFoil": true, "identifiers": {"mtgArenaId": "75475", "mtgjsonV4Id": "b69b8907-49c5-5505-bb87-461d20319147", "multiverseId": "548142", "scryfallCardBackId": "0aeebaf5-8c7d-4636-9e82-8c27447861f7", "scryfallId": "3c7631df-2e6c-4472-8dd6-8b07fcc545fb", "scryfallIllustrationId": "ec76cd22-3e1f-4097-9de9-614cee726e41", "scryfallOracleId": "a598e6ce-21ee-49c1-989e-ee864208262f"}, "isFoil": false, "isOnlineOnly": true, "isReprint": true, "isStarter": true, "keywords": ["Flying"], "language": "English", "layout": "normal", "legalities": {"alchemy": "Legal", "brawl": "Legal", "commander": "Legal", "duel": "Legal", "explorer": "Legal", "gladiator": "Legal", "historic": "Legal", "legacy": "Legal", "modern": "Legal", "oathbreaker": "Legal", "penny": "Legal", "pioneer": "Legal", "timeless": "Legal", "vintage": "Legal"}, "manaCost": "{3}{U}{U}", "manaValue": 5.0, "name": "Soulblade Djinn", "number": "34", "originalText": "Flying\nWhenever you cast a noncreature spell, creatures you control get +1/+1 until end of turn.", "originalType": "Creature — Djinn", "power": "4", "printings": ["ANB", "GNT", "ORI", "PORI"], "purchaseUrls": {}, "rarity": "rare", "rulings": [{"date": "2015-06-22", "text": "Any spell you cast that doesn’t have the type creature will cause Soulblade Djinn’s ability to trigger. If a spell has multiple types, and one of those types is creature (such as an artifact creature), casting it won’t cause the ability to trigger. Playing a land also won’t cause it to trigger."}, {"date": "2015-06-22", "text": "Soulblade Djinn’s ability goes on the stack on top of the spell that caused it to trigger. It will resolve before that spell."}], "setCode": "ANB", "subtypes": ["Djinn"], "supertypes": [], "text": "Flying\nWhenever you cast a noncreature spell, creatures you control get +1/+1 until end of turn.", "toughness": "3", "type": "Creature — Djinn", "types": ["Creature"], "uuid": "f41f11d0-d03a-5893-93b8-90d9ac8902e8"}, {"artist": "Daarken", "artistIds": ["e607a0d4-fc12-4c01-9e3f-501f5269b9cb"], "availability": ["arena"], "borderColor": "black", "colorIdentity": ["U"], "colors": ["U"], "convertedManaCost": 5.0, "count": 2, "edhrecRank": 13819, "finishes": ["nonfoil"], "foreignData": [], "frameVersion": "2015", "hasFoil": false, "hasNonFoil": true, "identifiers": {"mtgArenaId": "75483", "mtgjsonV4Id": "bd308a02-dc73-5b82-b28a-df1d9d2cc955", "multiverseId": "548150", "scryfallCardBackId": "0aeebaf5-8c7d-4636-9e82-8c27447861f7", "scryfallId": "b40dae56-be19-4b64-b99d-f45b7f816287", "scryfallIllustrationId": "a4e632a5-8543-4a46-a681-347c27e66545", "scryfallOracleId": "16977ebd-6384-4c28-b9c3-448563a07807"}, "isFoil": false, "isOnlineOnly": true, "isReprint": true, "isStarter": true, "keywords": ["Flying"], "language": "English", "layout": "normal", "legalities": {"alchemy": "Legal", "brawl": "Legal", "commander": "Legal", "duel": "Legal", "explorer": "Legal", "gladiator": "Legal", "historic": "Legal", "legacy": "Legal", "modern": "Legal", "oathbreaker": "Legal", "paupercommander": "Restricted", "pioneer": "Legal", "timeless": "Legal", "vintage": "Legal"}, "manaCost": "{4}{U}", "manaValue": 5.0, "name": "Windstorm Drake", "number": "42", "originalText": "Flying\nOther creatures you control with flying get +1/+0.", "originalType": "Creature — Drake", "power": "3", "printings": ["ANB", "JMP", "PLST", "RNA"], "purchaseUrls": {}, "rarity": "uncommon", "setCode": "ANB", "subtypes": ["Drake"], "supertypes": [], "text": "Flying\nOther creatures you control with flying get +1/+0.", "toughness": "3", "type": "Creature — Drake", "types": ["Creature"], "uuid": "068163e5-91a2-5741-bbd9-5a5a3ae6ca7f"}, {"artist": "Steven Belledin", "artistIds": ["f07d73b9-52a0-4fe5-858b-61f7b42174a5"], "availability": ["arena"], "borderColor": "black", "colorIdentity": ["U"], "colors": ["U"], "convertedManaCost": 6.0, "count": 1, "edhrecRank": 21203, "finishes": ["nonfoil"], "foreignData": [], "frameVersion": "2015", "hasFoil": false, "hasNonFoil": true, "identifiers": {"mtgArenaId": "75468", "mtgjsonV4Id": "8efa2f3d-24a4-5d8b-a56c-b870c0692d12", "multiverseId": "548135", "scryfallCardBackId": "0aeebaf5-8c7d-4636-9e82-8c27447861f7", "scryfallId": "0e82bd0d-647f-42bd-b6d2-9a5d2a7bcd2f", "scryfallIllustrationId": "6986ee20-755e-42e6-b34d-718c507df475", "scryfallOracleId": "6dc534e8-e22b-4e3c-aa30-c6e4c84f698c"}, "isFoil": false, "isOnlineOnly": true, "isReprint": true, "isStarter": true, "language": "English", "layout": "normal", "legalities": {"alchemy": "Legal", "brawl": "Legal", "commander": "Legal", "duel": "Legal", "explorer": "Legal", "gladiator": "Legal", "historic": "Legal", "legacy": "Legal", "modern": "Legal", "oathbreaker": "Legal", "pauper": "Legal", "paupercommander": "Legal", "penny": "Legal", "pioneer": "Legal", "timeless": "Legal", "vintage": "Legal"}, "manaCost": "{4}{U}{U}", "manaValue": 6.0, "name": "Frilled Sea Serpent", "number": "27", "originalText": "{5}{U}{U}: Frilled Sea Serpent can't be blocked this turn.", "originalType": "Creature — Serpent", "power": "4", "printings": ["ANB", "M19", "M20", "PLST"], "purchaseUrls": {}, "rarity": "common", "rulings": [{"date": "2019-07-12", "text": "Once Frilled Sea Serpent has been blocked, activating its ability won’t change or undo that block."}], "setCode": "ANB", "subtypes": ["Serpent"], "supertypes": [], "text": "{5}{U}{U}: Frilled Sea Serpent can't be blocked this turn.", "toughness": "6", "type": "Creature — Serpent", "types": ["Creature"], "uuid": "3a682c9f-b6e2-52d3-94ec-207c2d7d52ab"}, {"artist": "Ryan Yee", "artistIds": ["8955dca7-3e37-42b4-83a9-167c78a2178f"], "availability": ["arena"], "borderColor": "black", "colorIdentity": ["U"], "colors": ["U"], "convertedManaCost": 6.0, "count": 2, "edhrecRank": 16128, "edhrecSaltiness": 0.46, "finishes": ["nonfoil"], "foreignData": [], "frameVersion": "2015", "hasFoil": false, "hasNonFoil": true, "identifiers": {"mtgArenaId": "75472", "mtgjsonV4Id": "dfb760be-a717-5ce0-a4e9-2063e553431f", "multiverseId": "548139", "scryfallCardBackId": "0aeebaf5-8c7d-4636-9e82-8c27447861f7", "scryfallId": "2e480ab2-d862-4620-8369-18af0577278b", "scryfallIllustrationId": "4e7d7bdf-d306-4c63-a6d1-ee5826a7735f", "scryfallOracleId": "29f61caf-1aba-40cd-aff6-c3685a0997d7"}, "isFoil": false, "isOnlineOnly": true, "isReprint": true, "isStarter": true, "keywords": ["Flying"], "language": "English", "layout": "normal", "legalities": {"alchemy": "Legal", "brawl": "Legal", "commander": "Legal", "duel": "Legal", "explorer": "Legal", "gladiator": "Legal", "historic": "Legal", "legacy": "Legal", "modern": "Legal", "oathbreaker": "Legal", "penny": "Legal", "pioneer": "Legal", "timeless": "Legal", "vintage": "Legal"}, "manaCost": "{4}{U}{U}", "manaValue": 6.0, "name": "Riddlemaster Sphinx", "number": "31", "originalText": "Flying\nWhen Riddlemaster Sphinx enters the battlefield, you may return target creature an opponent controls to its owner's hand.", "originalType": "Creature — Sphinx", "power": "5", "printings": ["ANB", "M19", "M20"], "purchaseUrls": {}, "rarity": "rare", "setCode": "ANB", "subtypes": ["Sphinx"], "supertypes": [], "text": "Flying (This creature can't be blocked except by creatures with flying or reach.)\nWhen Riddlemaster Sphinx enters, you may return target creature an opponent controls to its owner's hand.", "toughness": "5", "type": "Creature — Sphinx", "types": ["Creature"], "uuid": "e0f894ad-459a-5fb6-9442-bf82998a5cbf"}, {"artist": "Min Yum", "artistIds": ["9cb65d6f-8851-4d56-9add-9eefa274bd1b"], "availability": ["arena"], "borderColor": "black", "colorIdentity": ["U"], "colors": ["U"], "convertedManaCost": 7.0, "count": 1, "edhrecRank": 4954, "edhrecSaltiness": 0.12, "finishes": ["nonfoil"], "foreignData": [], "frameVersion": "2015", "hasFoil": false, "hasNonFoil": true, "identifiers": {"mtgArenaId": "75482", "mtgjsonV4Id": "05e0eea3-2744-5351-ae9f-79b23ce20e53", "multiverseId": "548149", "scryfallCardBackId": "0aeebaf5-8c7d-4636-9e82-8c27447861f7", "scryfallId": "87a391d1-5916-4396-98c3-8a954d736eda", "scryfallIllustrationId": "96d1da80-ba24-46be-98c9-946f99ebd040", "scryfallOracleId": "5e038a3a-fbab-46c2-8773-1327d953da16"}, "isFoil": false, "isOnlineOnly": true, "isReprint": true, "isStarter": true, "keywords": ["Flying"], "language": "English", "layout": "normal", "legalities": {"alchemy": "Legal", "brawl": "Legal", "commander": "Legal", "duel": "Legal", "explorer": "Legal", "gladiator": "Legal", "historic": "Legal", "legacy": "Legal", "modern": "Legal", "oathbreaker": "Legal", "penny": "Legal", "pioneer": "Legal", "timeless": "Legal", "vintage": "Legal"}, "manaCost": "{5}{U}{U}", "manaValue": 7.0, "name": "Windreader Sphinx", "number": "41", "originalText": "Flying\nWhenever a creature with flying attacks, you may draw a card.", "originalType": "Creature — Sphinx", "power": "3", "printings": ["ANB", "JMP", "M14", "M19", "PM19", "SCD"], "purchaseUrls": {}, "rarity": "rare", "rulings": [{"date": "2018-07-13", "text": "It doesn’t matter who controls the creature with flying or which player or planeswalker that creature is attacking. Windreader Sphinx’s controller is the player who may draw a card."}, {"date": "2018-07-13", "text": "The creature must have flying immediately after being declared as an attacking creature in order for Windreader Sphinx’s ability to trigger. For example, attacking with Kitesail Corsair will cause the ability to trigger, and attacking with Pegasus Courser and a creature without flying will cause the ability to trigger only once."}, {"date": "2018-07-13", "text": "Windreader Sphinx’s ability will trigger when it itself attacks."}], "setCode": "ANB", "subtypes": ["Sphinx"], "supertypes": [], "text": "Flying\nWhenever a creature with flying attacks, you may draw a card.", "toughness": "7", "type": "Creature — Sphinx", "types": ["Creature"], "uuid": "61a763d5-5102-5554-a8c2-7a89838a2a98"}, {"artist": "Wayne Reynolds", "artistIds": ["afc47cec-3ccc-404e-a8c6-4d83dd504271"], "availability": ["arena"], "borderColor": "black", "colorIdentity": ["U"], "colors": ["U"], "convertedManaCost": 3.0, "count": 3, "edhrecRank": 18069, "edhrecSaltiness": 0.7, "finishes": ["nonfoil"], "foreignData": [], "frameVersion": "2015", "hasFoil": false, "hasNonFoil": true, "identifiers": {"mtgArenaId": "75481", "mtgjsonV4Id": "62d88849-69d4-5501-b410-e5e9e82818a1", "multiverseId": "548148", "scryfallCardBackId": "0aeebaf5-8c7d-4636-9e82-8c27447861f7", "scryfallId": "4d53c5ec-eb0b-48cc-b244-99cb42d61b4a", "scryfallIllustrationId": "a1d217a1-be8c-493c-badc-a2270bdd2671", "scryfallOracleId": "002100cd-1ab1-44da-93a0-1269d47a712a"}, "isFoil": false, "isOnlineOnly": true, "isReprint": true, "isStarter": true, "keywords": ["Enchant"], "language": "English", "layout": "normal", "legalities": {"alchemy": "Legal", "brawl": "Legal", "commander": "Legal", "duel": "Legal", "explorer": "Legal", "gladiator": "Legal", "historic": "Legal", "legacy": "Legal", "modern": "Legal", "oathbreaker": "Legal", "pauper": "Legal", "paupercommander": "Legal", "penny": "Legal", "pioneer": "Legal", "timeless": "Legal", "vintage": "Legal"}, "manaCost": "{1}{U}{U}", "manaValue": 3.0, "name": "Waterknot", "number": "40", "originalText": "Enchant creature\nWhen Waterknot enters the battlefield, tap enchanted creature.\nEnchanted creature doesn't untap during its controller's untap step.", "originalType": "Enchantment — Aura", "printings": ["ANB", "JMP", "M19", "RIX", "XANA"], "purchaseUrls": {}, "rarity": "common", "setCode": "ANB", "subtypes": ["Aura"], "supertypes": [], "text": "Enchant creature\nWhen Waterknot enters, tap enchanted creature.\nEnchanted creature doesn't untap during its controller's untap step.", "type": "Enchantment — Aura", "types": ["Enchantment"], "uuid": "b04d31dd-0001-53d1-9e55-67d9a353f554"}, {"artist": "Izzy", "artistIds": ["2c3d2473-ff5d-4309-8194-e0b2def2ab65"], "availability": ["arena"], "borderColor": "black", "colorIdentity": ["U"], "colors": ["U"], "convertedManaCost": 1.0, "count": 3, "edhrecRank": 3303, "edhrecSaltiness": 0.18, "finishes": ["nonfoil"], "foreignData": [], "frameVersion": "2015", "hasFoil": false, "hasNonFoil": true, "identifiers": {"mtgArenaId": "75477", "mtgjsonV4Id": "7890f2dc-c73d-545a-931e-6967dbbd053a", "multiverseId": "548144", "scryfallCardBackId": "0aeebaf5-8c7d-4636-9e82-8c27447861f7", "scryfallId": "7824cebc-6b5f-4e2a-95a1-8bfc2032ed21", "scryfallIllustrationId": "8c0c31ce-0f59-49d3-85ef-73ae562b401d", "scryfallOracleId": "837182db-1bf3-4a2c-bd01-1af9d9873561"}, "isFoil": false, "isOnlineOnly": true, "isReprint": true, "isStarter": true, "language": "English", "layout": "normal", "legalities": {"alchemy": "Legal", "brawl": "Legal", "commander": "Legal", "duel": "Legal", "explorer": "Legal", "gladiator": "Legal", "historic": "Legal", "legacy": "Legal", "modern": "Legal", "oathbreaker": "Legal", "pauper": "Legal", "paupercommander": "Legal", "penny": "Legal", "pioneer": "Legal", "predh": "Legal", "premodern": "Legal", "timeless": "Legal", "vintage": "Legal"}, "manaCost": "{U}", "manaValue": 1.0, "name": "Unsummon", "number": "36", "originalText": "Return target creature to its owner's hand.", "originalType": "Instant", "printings": ["10E", "2ED", "30A", "3ED", "4BB", "4ED", "5ED", "6ED", "7ED", "8ED", "ANB", "CED", "CEI", "CON", "DPA", "E02", "FBB", "HOU", "ITP", "LEA", "LEB", "M10", "M11", "M12", "M13", "M20", "PS11", "RQS", "SUM", "WC03"], "purchaseUrls": {}, "rarity": "common", "setCode": "ANB", "subtypes": [], "supertypes": [], "text": "Return target creature to its owner's hand.", "type": "Instant", "types": ["Instant"], "uuid": "b14bc833-95e8-58e2-ad16-a00780103d57"}, {"artist": "Igor Kieryluk", "artistIds": ["9c3e9d17-509f-485c-9360-46d897ce716b"], "availability": ["arena"], "borderColor": "black", "colorIdentity": ["U"], "colors": ["U"], "convertedManaCost": 2.0, "count": 2, "edhrecRank": 18019, "finishes": ["nonfoil"], "foreignData": [], "frameVersion": "2015", "hasFoil": false, "hasNonFoil": true, "identifiers": {"mtgArenaId": "75469", "mtgjsonV4Id": "40d57faa-8fd4-5694-9dea-5611cc68d4d8", "multiverseId": "548136", "scryfallCardBackId": "0aeebaf5-8c7d-4636-9e82-8c27447861f7", "scryfallId": "0b9db535-6279-4b5e-87c3-15c1321b50c8", "scryfallIllustrationId": "d03a8285-cd8f-41be-b455-10831f4599cb", "scryfallOracleId": "2fc07680-3ffb-4507-a1e1-b9580f5ce878"}, "isFoil": false, "isOnlineOnly": true, "isReprint": true, "isStarter": true, "language": "English", "layout": "normal", "legalities": {"alchemy": "Legal", "brawl": "Legal", "commander": "Legal", "duel": "Legal", "explorer": "Legal", "gladiator": "Legal", "historic": "Legal", "legacy": "Legal", "modern": "Legal", "oathbreaker": "Legal", "pauper": "Legal", "paupercommander": "Legal", "penny": "Legal", "pioneer": "Legal", "timeless": "Legal", "vintage": "Legal"}, "manaCost": "{1}{U}", "manaValue": 2.0, "name": "Glint", "number": "28", "originalText": "Target creature you control gets +0/+3 and gains hexproof until end of turn.", "originalType": "Instant", "printings": ["ANB", "DTK", "PLST"], "purchaseUrls": {}, "rarity": "common", "setCode": "ANB", "subtypes": [], "supertypes": [], "text": "Target creature you control gets +0/+3 and gains hexproof until end of turn. (It can't be the target of spells or abilities your opponents control.)", "type": "Instant", "types": ["Instant"], "uuid": "42430f27-2a2f-5406-a203-ef3ed9c04bdf"}, {"artist": "Chris Seaman", "artistIds": ["b9c49463-6f55-4039-9d32-c02a658af100"], "availability": ["arena"], "borderColor": "black", "colorIdentity": ["U"], "colors": ["U"], "convertedManaCost": 3.0, "count": 2, "edhrecRank": 2801, "edhrecSaltiness": 0.07, "finishes": ["nonfoil"], "foreignData": [], "frameVersion": "2015", "hasFoil": false, "hasNonFoil": true, "identifiers": {"mtgArenaId": "75484", "mtgjsonV4Id": "8ba04b68-2522-5896-88c1-c35c89aabfee", "multiverseId": "548151", "scryfallCardBackId": "0aeebaf5-8c7d-4636-9e82-8c27447861f7", "scryfallId": "3449f98f-92d2-4be4-a596-fefa8843b6fd", "scryfallIllustrationId": "0cff95d8-77c4-4782-8eb0-9fe48d77c3dd", "scryfallOracleId": "c623aeb1-e6d4-48fe-bd2a-a7a6729aa4df"}, "isFoil": false, "isOnlineOnly": true, "isReprint": true, "isStarter": true, "language": "English", "layout": "normal", "legalities": {"alchemy": "Legal", "brawl": "Legal", "commander": "Legal", "duel": "Legal", "explorer": "Legal", "gladiator": "Legal", "historic": "Legal", "legacy": "Legal", "modern": "Legal", "oathbreaker": "Legal", "pauper": "Legal", "paupercommander": "Legal", "pioneer": "Legal", "timeless": "Legal", "vintage": "Legal"}, "manaCost": "{2}{U}", "manaValue": 3.0, "name": "Winged Words", "number": "43", "originalText": "This spell costs {1} less to cast if you control a creature with flying.\nDraw two cards.", "originalType": "Sorcery", "printings": ["ANB", "JMP", "M20", "SCD"], "purchaseUrls": {}, "rarity": "common", "rulings": [{"date": "2019-07-12", "text": "Once you announce that you’re casting Winged Words, no player may take actions until the spell has been paid for. Notably, opponents can’t try to change whether you control a creature with flying."}, {"date": "2019-07-12", "text": "Winged Words costs only {1} less to cast if you control multiple creatures with flying."}], "setCode": "ANB", "subtypes": [], "supertypes": [], "text": "This spell costs {1} less to cast if you control a creature with flying.\nDraw two cards.", "type": "Sorcery", "types": ["Sorcery"], "uuid": "1ee639cb-e8f4-5fc7-ba3e-a1f0941a1e95"}, {"artist": "Chris Rahn", "artistIds": ["7742047e-0f80-4c0f-a530-d07460165e86"], "availability": ["arena"], "borderColor": "black", "colorIdentity": ["U"], "colors": ["U"], "convertedManaCost": 4.0, "count": 1, "edhrecRank": 4649, "edhrecSaltiness": 0.9, "finishes": ["nonfoil"], "foreignData": [], "frameVersion": "2015", "hasFoil": false, "hasNonFoil": true, "identifiers": {"mtgArenaId": "75474", "mtgjsonV4Id": "fd2679b5-d48f-576b-80ab-d81bdef4db55", "multiverseId": "548141", "scryfallCardBackId": "0aeebaf5-8c7d-4636-9e82-8c27447861f7", "scryfallId": "959aeb66-311d-4a73-9120-e73692cb252c", "scryfallIllustrationId": "445573a6-0e60-4c4a-a93b-743ba75e18ba", "scryfallOracleId": "9b93ff69-f195-4d72-8e1d-574c3e53bca8"}, "isFoil": false, "isOnlineOnly": true, "isReprint": true, "isStarter": true, "language": "English", "layout": "normal", "legalities": {"alchemy": "Legal", "brawl": "Legal", "commander": "Legal", "duel": "Legal", "explorer": "Legal", "gladiator": "Legal", "historic": "Legal", "legacy": "Legal", "modern": "Legal", "oathbreaker": "Legal", "penny": "Legal", "pioneer": "Legal", "predh": "Legal", "timeless": "Legal", "vintage": "Legal"}, "manaCost": "{2}{U}{U}", "manaValue": 4.0, "name": "Sleep", "number": "33", "originalText": "Tap all creatures target player controls. Those creatures don't untap during that player's next untap step.", "originalType": "Sorcery", "printings": ["ANB", "C15", "M10", "M11", "M13", "M19", "PLST"], "purchaseUrls": {}, "rarity": "uncommon", "rulings": [{"date": "2018-07-13", "text": "The second part of Sleep’s ability affects all creatures the targeted player controls as Sleep resolves, not only the ones that Sleep actually caused to become tapped."}], "setCode": "ANB", "subtypes": [], "supertypes": [], "text": "Tap all creatures target player controls. Those creatures don't untap during that player's next untap step.", "type": "Sorcery", "types": ["Sorcery"], "uuid": "8b3e2da4-8d61-52a5-9bba-d6f4b6a9cad4"}, {"artist": "Lucas Graciano", "artistIds": ["ce98f39c-7cdd-47e6-a520-6c50443bb4c2"], "availability": ["arena"], "borderColor": "black", "colorIdentity": ["U"], "colors": ["U"], "convertedManaCost": 7.0, "count": 1, "edhrecRank": 9637, "finishes": ["nonfoil"], "foreignData": [], "frameVersion": "2015", "hasFoil": false, "hasNonFoil": true, "identifiers": {"mtgArenaId": "75471", "mtgjsonV4Id": "964705f1-f3f6-5fbc-9e12-69184e42fdd3", "multiverseId": "548138", "scryfallCardBackId": "0aeebaf5-8c7d-4636-9e82-8c27447861f7", "scryfallId": "83443ce0-61d7-484d-b6b2-aaf35fb81fea", "scryfallIllustrationId": "87f94f27-dab2-46ea-926d-8af370b1a788", "scryfallOracleId": "ff03a063-9634-4746-a208-9dbcde5c6bdb"}, "isFoil": false, "isOnlineOnly": true, "isReprint": true, "isStarter": true, "language": "English", "layout": "normal", "legalities": {"alchemy": "Legal", "brawl": "Legal", "commander": "Legal", "duel": "Legal", "explorer": "Legal", "gladiator": "Legal", "historic": "Legal", "legacy": "Legal", "modern": "Legal", "oathbreaker": "Legal", "penny": "Legal", "pioneer": "Legal", "timeless": "Legal", "vintage": "Legal"}, "manaCost": "{4}{U}{U}{U}", "manaValue": 7.0, "name": "Overflowing Insight", "number": "30", "originalText": "Target player draws seven cards.", "originalType": "Sorcery", "printings": ["ANB", "PXLN", "XANA", "XLN"], "purchaseUrls": {}, "rarity": "rare", "setCode": "ANB", "subtypes": [], "supertypes": [], "text": "Target player draws seven cards.", "type": "Sorcery", "types": ["Sorcery"], "uuid": "4e6dfdf4-bb79-5b99-a836-40ab234791c8"}, {"artist": "Titus Lunter", "artistIds": ["b11e6b3a-f4ca-4cf1-8fd7-475696de5f5c"], "availability": ["arena"], "borderColor": "black", "colorIdentity": ["U"], "colors": [], "convertedManaCost": 0.0, "count": 25, "edhrecSaltiness": 0.76, "finishes": ["nonfoil"], "foreignData": [], "frameVersion": "2015", "hasFoil": false, "hasNonFoil": true, "identifiers": {"mtgArenaId": "75554", "mtgjsonV4Id": "8c176f87-eb87-50a8-959b-c49ad1f3d20c", "multiverseId": "548221", "scryfallCardBackId": "0aeebaf5-8c7d-4636-9e82-8c27447861f7", "scryfallId": "7a8550f5-cf3c-4061-8010-74b3d8709c68", "scryfallIllustrationId": "ba68c099-4581-466c-818e-7da84b0b8f37", "scryfallOracleId": "b2c6aa39-2d2a-459c-a555-fb48ba993373"}, "isFoil": false, "isOnlineOnly": true, "isReprint": true, "isStarter": true, "language": "English", "layout": "normal", "legalities": {"alchemy": "Legal", "brawl": "Legal", "commander": "Legal", "duel": "Legal", "explorer": "Legal", "future": "Legal", "gladiator": "Legal", "historic": "Legal", "legacy": "Legal", "modern": "Legal", "oathbreaker": "Legal", "pauper": "Legal", "paupercommander": "Legal", "penny": "Legal", "pioneer": "Legal", "predh": "Legal", "premodern": "Legal", "standard": "Legal", "standardbrawl": "Legal", "timeless": "Legal", "vintage": "Legal"}, "manaValue": 0.0, "name": "Island", "number": "113", "originalType": "Basic Land — Island", "printings": ["10E", "2ED", "2XM", "30A", "3ED", "40K", "4BB", "4ED", "5ED", "6ED", "7ED", "8ED", "9ED", "ACR", "AFR", "AKH", "AKR", "ALA", "ANA", "ANB", "ARC", "AVR", "BBD", "BFZ", "BLB", "BRB", "BRC", "BRO", "BTD", "C13", "C14", "C15", "C16", "C17", "C18", "C19", "CED", "CEI", "CHK", "CLB", "CLU", "CM2", "CMA", "CMD", "CMM", "CMR", "CST", "DD2", "DDE", "DDF", "DDH", "DDI", "DDJ", "DDM", "DDN", "DDO", "DDQ", "DDS", "DDT", "DDU", "DMR", "DMU", "DOM", "DPA", "DSK", "DTK", "E01", "ELD", "FBB", "FRF", "G17", "GK1", "GK2", "GN2", "GN3", "GNT", "GRN", "GS1", "H09", "HBG", "HOP", "HOU", "ICE", "IKO", "INV", "ISD", "ITP", "J14", "J22", "JMP", "JVC", "KHM", "KLD", "KLR", "KTK", "LCI", "LEA", "LEB", "LRW", "LTR", "M10", "M11", "M12", "M13", "M14", "M15", "M19", "M20", "M21", "MBS", "ME1", "ME3", "MH2", "MH3", "MID", "MIR", "MKM", "MMQ", "MOM", "MRD", "NEO", "NPH", "ODY", "OLEP", "ONE", "ONS", "ORI", "OTJ", "P02", "P23", "PAL00", "PAL01", "PAL02", "PAL03", "PAL04", "PAL05", "PAL06", "PAL99", "PALP", "PANA", "PARL", "PC2", "PCA", "PELP", "PF19", "PF20", "PGPX", "PGRU", "PIP", "PLST", "PMPS", "PMPS06", "PMPS07", "PMPS08", "PMPS09", "PMPS10", "PMPS11", "POR", "PPP1", "PRM", "PRW2", "PRWK", "PS11", "PSAL", "PSS2", "PSS3", "PSS4", "PTC", "PTK", "PZ2", "RAV", "REX", "RIX", "RNA", "ROE", "RQS", "RTR", "S99", "SCD", "SHM", "SIR", "SLD", "SNC", "SOI", "SOM", "STX", "SUM", "TD0", "TD2", "THB", "THS", "TMP", "TPR", "TSP", "UGL", "UND", "UNF", "UNH", "USG", "UST", "VOW", "WAR", "WC00", "WC01", "WC02", "WC03", "WC04", "WC97", "WC98", "WHO", "WOE", "XANA", "XLN", "ZEN", "ZNR"], "purchaseUrls": {}, "rarity": "common", "setCode": "ANB", "subtypes": ["Island"], "supertypes": ["Basic"], "text": "({T}: Add {U}.)", "type": "Basic Land — Island", "types": ["Land"], "uuid": "5a838d65-5bc8-5c52-8637-c20e3ad686a3"}], "name": "Aerial Domination", "releaseDate": "2020-08-13", "sealedProductUuids": null, "sideBoard": [{"artist": "Lie Setiawan", "artistIds": ["6f771d3f-310e-4aa4-841f-5ba4ba9f025a"], "availability": ["arena"], "borderColor": "black", "colorIdentity": ["U"], "colors": ["U"], "convertedManaCost": 1.0, "count": 2, "finishes": ["nonfoil"], "foreignData": [], "frameVersion": "2015", "hasFoil": false, "hasNonFoil": true, "identifiers": {"mtgArenaId": "75473", "mtgjsonV4Id": "7feb3ed8-56f4-5e3a-b97e-aa587810a7ce", "multiverseId": "548140", "scryfallCardBackId": "0aeebaf5-8c7d-4636-9e82-8c27447861f7", "scryfallId": "ed6d038a-706a-4a93-bcab-4533340fb960", "scryfallIllustrationId": "b3807aa6-3fe0-4a13-8728-4eb421419e96", "scryfallOracleId": "0a576352-ed10-4a54-b886-d664432277c2"}, "isFoil": false, "isOnlineOnly": true, "isReprint": true, "isStarter": true, "keywords": ["Enchant"], "language": "English", "layout": "normal", "legalities": {"alchemy": "Legal", "brawl": "Legal", "gladiator": "Legal", "historic": "Legal", "timeless": "Legal"}, "manaCost": "{U}", "manaValue": 1.0, "name": "River's Favor", "number": "32", "originalText": "Enchant creature\nEnchanted creature gets +1/+1.", "originalType": "Enchantment — Aura", "printings": ["ANB", "OANA"], "purchaseUrls": {}, "rarity": "common", "setCode": "ANB", "subtypes": ["Aura"], "supertypes": [], "text": "Enchant creature\nEnchanted creature gets +1/+1.", "type": "Enchantment — Aura", "types": ["Enchantment"], "uuid": "dd80be47-06cd-5fe8-8172-0add21d815fa"}, {"artist": "Antonio José Manzanedo", "artistIds": ["74986d28-0001-4a78-827c-e490b325d0e3"], "availability": ["arena"], "borderColor": "black", "colorIdentity": ["U"], "colors": ["U"], "convertedManaCost": 1.0, "count": 4, "finishes": ["nonfoil"], "foreignData": [], "frameVersion": "2015", "hasFoil": false, "hasNonFoil": true, "identifiers": {"mtgArenaId": "75485", "mtgjsonV4Id": "e78501f6-61f4-536c-bed1-5e3008fcaf5d", "multiverseId": "548152", "scryfallCardBackId": "0aeebaf5-8c7d-4636-9e82-8c27447861f7", "scryfallId": "626e13bc-c7d4-405f-b365-54264676d49c", "scryfallIllustrationId": "58206ca4-267f-4566-9ad1-3b5b637be17b", "scryfallOracleId": "22936eb4-8712-4ba7-94da-e124487acda8"}, "isFoil": false, "isOnlineOnly": true, "isReprint": true, "isStarter": true, "keywords": ["Flying"], "language": "English", "layout": "normal", "legalities": {"alchemy": "Legal", "brawl": "Legal", "gladiator": "Legal", "historic": "Legal", "timeless": "Legal"}, "manaCost": "{U}", "manaValue": 1.0, "name": "Zephyr Gull", "number": "44", "originalText": "Flying", "originalType": "Creature — Bird", "power": "1", "printings": ["ANB", "OANA"], "purchaseUrls": {}, "rarity": "common", "setCode": "ANB", "subtypes": ["Bird"], "supertypes": [], "text": "Flying", "toughness": "1", "type": "Creature — Bird", "types": ["Creature"], "uuid": "3ee9a045-cf21-5768-b105-7bc7896162fb"}, {"artist": "Tingting Yeh", "artistIds": ["39d11b40-5702-41cc-b3da-22c1d75abe79"], "availability": ["arena"], "borderColor": "black", "colorIdentity": ["U"], "colors": ["U"], "convertedManaCost": 3.0, "count": 3, "edhrecRank": 20384, "edhrecSaltiness": 0.26, "finishes": ["nonfoil"], "foreignData": [], "frameVersion": "2015", "hasFoil": false, "hasNonFoil": true, "identifiers": {"mtgArenaId": "75465", "mtgjsonV4Id": "7dde7425-effb-5e1f-b496-1a6926c55c7a", "multiverseId": "548132", "scryfallCardBackId": "0aeebaf5-8c7d-4636-9e82-8c27447861f7", "scryfallId": "44a783f2-04d3-42fc-acc1-5f2974f9aca2", "scryfallIllustrationId": "3498181f-dca3-45b0-85bf-f8ebb040ca9a", "scryfallOracleId": "51a886f2-9b0a-4964-9d59-99dc1a68a97c"}, "isFoil": false, "isOnlineOnly": true, "isReprint": true, "isStarter": true, "language": "English", "layout": "normal", "legalities": {"alchemy": "Legal", "brawl": "Legal", "commander": "Legal", "duel": "Legal", "gladiator": "Legal", "historic": "Legal", "legacy": "Legal", "oathbreaker": "Legal", "pauper": "Legal", "paupercommander": "Legal", "timeless": "Legal", "vintage": "Legal"}, "manaCost": "{2}{U}", "manaValue": 3.0, "name": "Armored Whirl Turtle", "number": "24", "originalType": "Creature — Turtle", "power": "0", "printings": ["ANB", "GS1", "PZ2"], "purchaseUrls": {}, "rarity": "common", "setCode": "ANB", "subtypes": ["Turtle"], "supertypes": [], "toughness": "5", "type": "Creature — Turtle", "types": ["Creature"], "uuid": "619823fd-4cf6-5935-9c19-e6178f342dfc"}], "type": "Arena Starter Deck"}}