{"meta": {"date": "2024-09-03", "version": "5.2.2+20240903"}, "data": {"code": "W17", "commander": [], "mainBoard": [{"artist": "Donato Giancola", "artistIds": ["90332db2-aecb-4d79-917b-95cbeb8d0cb6"], "availability": ["mtgo", "paper"], "boosterTypes": ["deck"], "borderColor": "black", "colorIdentity": ["R"], "colors": ["R"], "convertedManaCost": 6.0, "count": 1, "edhrecRank": 10259, "finishes": ["nonfoil"], "flavorText": "The undisputed master of the mountains of Shiv.", "foreignData": [{"flavorText": "Er ist der uneingeschränkte Herrscher der shivanischen Berge.", "identifiers": {"multiverseId": "429941", "scryfallId": "b18e221d-1462-4f72-a7fd-2b4782bb2ad8"}, "language": "German", "multiverseId": 429941, "name": "Shivan-Drache", "text": "Fliegend (Diese Kreatur kann außer von fliegenden Kreaturen und Kreaturen mit Reichweite nicht geblockt werden.)\n{R}: Der Shivan-Drache erhält +1/+0 bis zum Ende des Zuges.", "type": "Kreatur — Drache"}, {"flavorText": "Es el señor indisputable de las montañas de Shiv.", "identifiers": {"multiverseId": "429971", "scryfallId": "c29bd713-9c44-4a3b-a637-293153c6166c"}, "language": "Spanish", "multiverseId": 429971, "name": "Dragón shivano", "text": "Vuela. (Esta criatura no puede ser bloqueada excepto por criaturas que tengan la habilidad de volar o alcance.)\n{R}: El Dragón shivano obtiene +1/+0 hasta el final del turno.", "type": "Criatura — Dragón"}, {"flavorText": "C'est le maître incontesté des montagnes de Shiv.", "identifiers": {"multiverseId": "430001", "scryfallId": "1a7f674f-6875-4581-af4c-1fbc7ec46035"}, "language": "French", "multiverseId": 430001, "name": "Dragon shivân", "text": "Vol (Cette créature ne peut pas être bloquée excepté par des créatures avec le vol ou la portée.)\n{R} : Le Dragon shivân gagne +1/+0 jusqu'à la fin du tour.", "type": "Créature : dragon"}, {"flavorText": "Il Signore incontrastato delle montagne di Shiv.", "identifiers": {"multiverseId": "430031", "scryfallId": "7973477a-ed9a-484d-9f30-daf5e9cc6e79"}, "language": "Italian", "multiverseId": 430031, "name": "Drago di Shivan", "text": "Volare (Questa creatura non può essere bloccata tranne che da creature con volare o raggiungere.)\n{R}: Il Drago di Shivan prende +1/+0 fino alla fine del turno.", "type": "Creatura — Drago"}, {"flavorText": "まぎれもなくシヴの山々の主である。", "identifiers": {"multiverseId": "430061", "scryfallId": "c027bf38-48c9-463a-941f-187bdf9fffca"}, "language": "Japanese", "multiverseId": 430061, "name": "シヴ山のドラゴン", "text": "飛行（このクリーチャーは飛行や到達を持たないクリーチャーによってはブロックされない。）\n{R}：ターン終了時まで、シヴ山のドラゴンは＋１/＋０の修整を受ける。", "type": "クリーチャー — ドラゴン"}, {"flavorText": "절대적인 힘을 가진 시바 산맥의 주인.", "identifiers": {"multiverseId": "430091", "scryfallId": "8210623f-f233-4a6d-97f0-d445f7407867"}, "language": "Korean", "multiverseId": 430091, "name": "시바의 용", "text": "비행 (이 생물은 비행이나 대공을 가진 생물에게만 방어될 수 있다.)\n{R}: 시바의 용은 턴종료까지 +1/+0을 받는다.", "type": "생물 — 용"}, {"flavorText": "O senhor inquestionável das montanhas de Shiv.", "identifiers": {"multiverseId": "430121", "scryfallId": "0a61018b-863c-4beb-805e-50fc5f698b8d"}, "language": "Portuguese (Brazil)", "multiverseId": 430121, "name": "Dragão de Shiva", "text": "Voar (Esta criatura só pode ser bloqueada por criaturas com voar ou alcance.)\n{R}: Dragão de Shiva recebe +1/+0 até o final do turno.", "type": "Criatura — Dragão"}, {"flavorText": "Неоспоримый хозяин Шиванских гор.", "identifiers": {"multiverseId": "430151", "scryfallId": "c1e58482-344b-4a63-b1bb-36320eb98385"}, "language": "Russian", "multiverseId": 430151, "name": "Шиванский Дракон", "text": "Полет (Это существо может быть заблокировано только существами с Полетом или Захватом.)\n{R}: Шиванский Дракон получает +1/+0 до конца хода.", "type": "Существо — Дракон"}, {"flavorText": "西瓦山脉无庸置疑的主人。", "identifiers": {"multiverseId": "430181", "scryfallId": "448a0986-1839-4a54-873c-7333df987ce6"}, "language": "Chinese Simplified", "multiverseId": 430181, "name": "西瓦巨龙", "text": "飞行（此生物只能被具飞行或延势异能的生物阻挡。）\n{R}：西瓦巨龙得+1/+0直到回合结束。", "type": "生物～龙"}, {"flavorText": "西瓦山脈無庸置疑的主人。", "identifiers": {"multiverseId": "430211", "scryfallId": "ef91372a-eff2-422c-a382-c1f842cd75b8"}, "language": "Chinese Traditional", "multiverseId": 430211, "name": "西瓦巨龍", "text": "飛行（此生物只能被具飛行或延勢異能的生物阻擋。）\n{R}：西瓦巨龍得+1/+0直到回合結束。", "type": "生物～龍"}], "frameVersion": "2015", "hasFoil": false, "hasNonFoil": true, "identifiers": {"cardsphereId": "50029", "mcmId": "297414", "mcmMetaId": "5148", "mtgjsonV4Id": "5a11f076-94b4-5743-9874-ce7cb96570e0", "mtgoFoilId": "64339", "mtgoId": "64338", "multiverseId": "429911", "scryfallCardBackId": "0aeebaf5-8c7d-4636-9e82-8c27447861f7", "scryfallId": "2160284c-2ece-43ba-ab67-5c184f81fe0e", "scryfallIllustrationId": "2f2cebbc-9458-47b8-b3d4-b2ddb06ad6a6", "scryfallOracleId": "711eea87-0fa3-46e0-a42b-fa5a86455f04", "tcgplayerProductId": "131398"}, "isFoil": false, "isReprint": true, "isStarter": true, "keywords": ["Flying"], "language": "English", "layout": "normal", "legalities": {"brawl": "Legal", "commander": "Legal", "duel": "Legal", "explorer": "Legal", "gladiator": "Legal", "historic": "Legal", "legacy": "Legal", "modern": "Legal", "oathbreaker": "Legal", "penny": "Legal", "pioneer": "Legal", "predh": "Legal", "premodern": "Legal", "timeless": "Legal", "vintage": "Legal"}, "manaCost": "{4}{R}{R}", "manaValue": 6.0, "name": "Shivan Dragon", "number": "22", "originalText": "Flying (This creature can't be blocked except by creatures with flying or reach.)\n{R}: Shivan Dragon gets +1/+0 until end of turn.", "originalType": "Creature — Dragon", "power": "5", "printings": ["10E", "2ED", "30A", "3ED", "4BB", "4ED", "5ED", "7ED", "8ED", "9ED", "BTD", "CED", "CEI", "DMR", "DPA", "DRB", "FBB", "GN3", "J21", "LEA", "LEB", "M10", "M14", "M15", "M19", "M20", "ME4", "O90P", "ORI", "P30H", "P30T", "P9ED", "PMEI", "PRM", "PS11", "SLC", "SLD", "SUM", "W16", "W17"], "promoTypes": ["starterdeck"], "purchaseUrls": {"cardmarket": "https://mtgjson.com/links/546de250cf6ed22a", "tcgplayer": "https://mtgjson.com/links/33fe458be1dfdd82"}, "rarity": "rare", "securityStamp": "oval", "setCode": "W17", "sourceProducts": {"nonfoil": ["366fb85d-7db5-5a42-b51b-3894e6638139", "70800f19-b8c1-5801-8b74-115615edc5d3", "76990768-d07f-50bc-8c66-be9f429ca8ba", "95d1e0a6-6d46-5c25-b2ef-8c0076ea19f8", "ef9fcbfe-6f4a-5432-a142-1f622171746c"]}, "subtypes": ["Dragon"], "supertypes": [], "text": "Flying (This creature can't be blocked except by creatures with flying or reach.)\n{R}: Shivan Dragon gets +1/+0 until end of turn.", "toughness": "5", "type": "Creature — Dragon", "types": ["Creature"], "uuid": "1162b594-495d-5986-93e5-fb839d51c7b3"}, {"artist": "Daarken", "artistIds": ["e607a0d4-fc12-4c01-9e3f-501f5269b9cb"], "availability": ["mtgo", "paper"], "boosterTypes": ["deck"], "borderColor": "black", "colorIdentity": ["R"], "colors": ["R"], "convertedManaCost": 2.0, "count": 2, "edhrecRank": 24322, "edhrecSaltiness": 0.4, "finishes": ["nonfoil"], "flavorText": "\"Each day there are new reports of homes along Getander Pass and Hofsaddel falling to vampires of a more savage nature. I've even heard tell that Anje Falkenrath has returned. Please send whatever help you can.\"\n—Sterin Gorn, letter to Thalia", "foreignData": [{"flavorText": "„Jeden Tag erreichen mich neue Berichte über Häuser am Getander-Pass und dem Holfsattel, die von wilden Vampiren überfallen werden. Gerüchten zufolge soll sogar Anja Falkenrath zurückgekehrt sein. Sendet uns bitte jegliche Unterstützung, die Ihr entbehren könnt.\" —Sterin Gorn, Brief an Thalia", "identifiers": {"multiverseId": "429940", "scryfallId": "525eb596-c7ce-4a80-a5d5-5fde5e84ab49"}, "language": "German", "multiverseId": 429940, "name": "Falkenrath-Plünderin", "type": "Kreatur — Vampir"}, {"flavorText": "\"Todos los días nos llegan noticias de hogares en el paso de Getander y Hofsaddel que caen presa de vampiros de una naturaleza más salvaje. Oí incluso que Anje Falkenrath ha regresado. Por favor, envía toda la ayuda que puedas\". —Sterin Gorn, carta a Thalia", "identifiers": {"multiverseId": "429970", "scryfallId": "5e4f10ec-c2a4-4d7d-9049-67aa4f21d3b6"}, "language": "Spanish", "multiverseId": 429970, "name": "Desgarradora Falkenrath", "type": "Criatura — Vampiro"}, {"flavorText": "« Chaque jour apporte son lot de rapports indiquant que des maisons du Col de Gëtander et d'Höfsaddel tombent sous le contrôle de vampires particulièrement féroces. J'ai même entendu dire qu'Anje Falkenrath était de retour. Envoyez-nous toute l'aide que vous pourrez. » —Sterin Gorn, lettre à Thalia", "identifiers": {"multiverseId": "430000", "scryfallId": "48148b75-8d8d-419c-a2b9-9d24957d4f23"}, "language": "French", "multiverseId": 430000, "name": "Pillarde Falkenrath", "type": "Créature : vampire"}, {"flavorText": "\"Ogni giorno giungono notizie di case lungo i passi di Getander e Hofsaddel assalite da vampiri di una natura più selvaggia. Ho anche sentito dire che Anje Falkenrath è tornata. Ti prego, invia qualsiasi aiuto possibile.\" —Sterin Gorn, lettera a Thalia", "identifiers": {"multiverseId": "430030", "scryfallId": "369d194c-38e3-40e5-9d97-63ae9ad24b52"}, "language": "Italian", "multiverseId": 430030, "name": "Razziatrice Falkenrath", "type": "Creatura — Vampiro"}, {"flavorText": "「ゲトアンダーの小道からホフスアデルにかけての家々が通常よりも野蛮な吸血鬼の手に落ちたという報告を毎日受け取っている。エインジー・ファルケンラスが戻ったという話まで聞いた。とにかく、増援を頼む。」 ――ステリン・ゴーンからサリアへの手紙", "identifiers": {"multiverseId": "430060", "scryfallId": "4b923dac-9735-4be3-8ae5-0cc270c2a2d2"}, "language": "Japanese", "multiverseId": 430060, "name": "ファルケンラスの肉裂き", "type": "クリーチャー — 吸血鬼"}, {"flavorText": "\"게탄더 길과 호프사델에 있는 집들이 야만적인 흡혈귀들의 손아귀에 들어갔다는 보고가 날마다 들어오고 있습니다. 안지 팔켄라스가 귀환했다는 소문까지 들었습니다. 그대의 지원을 간곡히 부탁합니다.\" —스테린 고른이 탈리아에게 보내는 편지", "identifiers": {"multiverseId": "430090", "scryfallId": "9cc358de-80ff-4dc6-9a42-8becb85e847c"}, "language": "Korean", "multiverseId": 430090, "name": "팔켄라스 강탈자", "type": "생물 — 흡혈귀"}, {"flavorText": "\"A cada dia recebemos novos relatos de ataques a casas na Passagem de Getander e em Hofsaddel por parte de vampiros de natureza mais selvagem. Ouvi dizer até que Anje Falkenrath voltou. Por favor, mande qualquer ajuda que puder.\" — Sterin Gorn, em carta a Thalia", "identifiers": {"multiverseId": "430120", "scryfallId": "4f39e0e9-ad10-485e-9f93-38f7a50dda2a"}, "language": "Portuguese (Brazil)", "multiverseId": 430120, "name": "Despojadora Falkenrath", "type": "Criatura — Vampiro"}, {"flavorText": "«Каждый день поступают сообщения о семьях с Гетендерского тракта и перевала Гофсадель, ставших жертвами особенно жестоких вампиров. Говорят даже, что вернулась сама Анже Фалькенрат. Умоляю, пришлите любую помощь». — Штерин Горн, в письме Талии", "identifiers": {"multiverseId": "430150", "scryfallId": "d63d43c1-6149-40e1-b74e-a7a5308c32d1"}, "language": "Russian", "multiverseId": 430150, "name": "Фалькенратская Грабительница", "type": "Существо — Вампир"}, {"flavorText": "「每天都有新的报告传来，革荡峡和霍夫撒德沿途的住户遭更蛮野的吸血鬼屠戮。我甚至听说安姬伐肯纳已经回归。请尽力派遣援兵。」 ～斯特因戈恩致莎利雅", "identifiers": {"multiverseId": "430180", "scryfallId": "29af2e69-cf64-462f-825a-8084245b47b7"}, "language": "Chinese Simplified", "multiverseId": 430180, "name": "伐肯纳裂肢兵", "type": "生物～吸血鬼"}, {"flavorText": "「每天都有新的報告傳來，革蕩峽和霍夫撒德沿途的住戶遭更蠻野的吸血鬼屠戮。我甚至聽說安姬伐肯納已經回歸。請盡力派遣援兵。」 ～斯特因戈恩致莎利雅", "identifiers": {"multiverseId": "430210", "scryfallId": "ce658dc6-aa89-4ad9-a73d-333a8a17f9e0"}, "language": "Chinese Traditional", "multiverseId": 430210, "name": "伐肯納裂肢兵", "type": "生物～吸血鬼"}], "frameVersion": "2015", "hasFoil": false, "hasNonFoil": true, "identifiers": {"cardsphereId": "50007", "mcmId": "297413", "mcmMetaId": "223074", "mtgjsonV4Id": "2a272069-f9d7-5d0b-ad8d-4ae576bfa514", "mtgoFoilId": "64337", "mtgoId": "64336", "multiverseId": "429910", "scryfallCardBackId": "0aeebaf5-8c7d-4636-9e82-8c27447861f7", "scryfallId": "d7b5913e-a103-4e4a-9281-8b88c1fb746e", "scryfallIllustrationId": "7f48651f-905c-44f8-b191-bd6f3dfa0a59", "scryfallOracleId": "6cfd9d88-f450-4408-bbe2-94a2d295b24a", "tcgplayerProductId": "131387"}, "isFoil": false, "isReprint": true, "isStarter": true, "language": "English", "layout": "normal", "legalities": {"commander": "Legal", "duel": "Legal", "legacy": "Legal", "modern": "Legal", "oathbreaker": "Legal", "pauper": "Legal", "paupercommander": "Legal", "penny": "Legal", "pioneer": "Legal", "vintage": "Legal"}, "manaCost": "{1}{R}", "manaValue": 2.0, "name": "Falkenrath Reaver", "number": "21", "originalType": "Creature — Vampire", "power": "2", "printings": ["EMN", "PLST", "W17"], "promoTypes": ["starterdeck"], "purchaseUrls": {"cardmarket": "https://mtgjson.com/links/a8a9c56adae147db", "tcgplayer": "https://mtgjson.com/links/f48e9c4f7e455d69"}, "rarity": "common", "setCode": "W17", "sourceProducts": {"nonfoil": ["70800f19-b8c1-5801-8b74-115615edc5d3", "76990768-d07f-50bc-8c66-be9f429ca8ba", "95d1e0a6-6d46-5c25-b2ef-8c0076ea19f8", "ef9fcbfe-6f4a-5432-a142-1f622171746c"]}, "subtypes": ["Vampire"], "supertypes": [], "toughness": "2", "type": "Creature — Vampire", "types": ["Creature"], "uuid": "b590b186-4863-5320-afe8-af8e1173665d"}, {"artist": "Mark Zug", "artistIds": ["48e2b98c-5467-4671-bd42-4c3746115117"], "availability": ["mtgo", "paper"], "boosterTypes": ["deck"], "borderColor": "black", "colorIdentity": ["R"], "colors": ["R"], "convertedManaCost": 5.0, "count": 1, "edhrecRank": 25153, "edhrecSaltiness": 0.08, "finishes": ["nonfoil"], "flavorText": "The giant was felt a few seconds before he was seen.", "foreignData": [{"flavorText": "Den Riesen konnte man einige Sekunden lang schon spüren, bevor er in Sicht kam.", "identifiers": {"multiverseId": "429942", "scryfallId": "85b434f1-2b32-473f-ab2c-80a64f052627"}, "language": "German", "multiverseId": 429942, "name": "Donnerriese", "text": "Eile (Diese Kreatur kann angreifen und {T}, sobald sie unter deine Kontrolle kommt.)", "type": "Kreatur — Riese"}, {"flavorText": "Se sintió al gigante varios segundos antes de que se lo viera.", "identifiers": {"multiverseId": "429972", "scryfallId": "3f5107ec-fc68-4694-9ce4-7ac83a9b3194"}, "language": "Spanish", "multiverseId": 429972, "name": "Gigante descomunal", "text": "Prisa. (Esta criatura puede atacar y {T} tan pronto como entra bajo tu control.)", "type": "Criatura — Gigante"}, {"flavorText": "On ressentit l'approche du géant avant de le voir.", "identifiers": {"multiverseId": "430002", "scryfallId": "521550f7-0f0d-4b07-89c4-5af58a37ddd7"}, "language": "French", "multiverseId": 430002, "name": "Géant fulminant", "text": "Célérité (Cette créature peut attaquer et {T} dès le tour où elle arrive sous votre contrôle.)", "type": "Créature : géant"}, {"flavorText": "Il gigante fu udito alcuni secondi prima di essere visto.", "identifiers": {"multiverseId": "430032", "scryfallId": "e14c67ce-bfcc-4f65-9134-79e086983d24"}, "language": "Italian", "multiverseId": 430032, "name": "Gigante Tonante", "text": "Rapidità (Questa creatura può attaccare e {T} non appena entra sotto il tuo controllo.)", "type": "Creatura — Gigante"}, {"flavorText": "巨人が現れるとき、姿が見える二、三秒前にそれを感じることができた。", "identifiers": {"multiverseId": "430062", "scryfallId": "68312248-728d-4598-bee8-ac504d0fec1c"}, "language": "Japanese", "multiverseId": 430062, "name": "轟きの巨人", "text": "速攻（このクリーチャーは、あなたのコントロール下になってすぐに攻撃したり{T}したりできる。）", "type": "クリーチャー — 巨人"}, {"flavorText": "보이기 몇 초 전부터 그 거인을 느낄 수 있었다.", "identifiers": {"multiverseId": "430092", "scryfallId": "7ec10fda-57ef-407b-9ef1-ecd0a24371f4"}, "language": "Korean", "multiverseId": 430092, "name": "천둥 거인", "text": "신속 (이 생물은 당신의 조종하에 들어오자마자 공격하거나 {T}할 수 있다.)", "type": "생물 — 거인"}, {"flavorText": "O gigante foi sentido alguns segundos antes de ser visto.", "identifiers": {"multiverseId": "430122", "scryfallId": "9e79ba53-1ee0-42ea-b73a-9b565a260459"}, "language": "Portuguese (Brazil)", "multiverseId": 430122, "name": "Gigante Trovejante", "text": "Ímpeto (Esta criatura pode atacar e {T} assim que entra sob seu controle.)", "type": "Criatura — Gigante"}, {"flavorText": "Приближение гиганта почувствовали еще за несколько секунд до того, как его стало видно.", "identifiers": {"multiverseId": "430152", "scryfallId": "64e92b96-6abf-47e2-a87f-23e7e7c385bc"}, "language": "Russian", "multiverseId": 430152, "name": "Громыхающий Гигант", "text": "Ускорение (Это существо может атаковать и {T}, как только оно попадает под ваш контроль.)", "type": "Существо — Гигант"}, {"flavorText": "巨人出现前几秒，你就能感觉到他。", "identifiers": {"multiverseId": "430182", "scryfallId": "cd5167fc-70ba-4c54-888e-61c3197bec78"}, "language": "Chinese Simplified", "multiverseId": 430182, "name": "雷动巨人", "text": "敏捷（此生物受你操控时便能攻击与{T}。）", "type": "生物～巨人"}, {"flavorText": "巨人出現前幾秒，你就能感覺到他。", "identifiers": {"multiverseId": "430212", "scryfallId": "69f86076-31f1-4b2e-998d-2655efd0856c"}, "language": "Chinese Traditional", "multiverseId": 430212, "name": "雷動巨人", "text": "敏捷（此生物受你操控時便能攻擊與{T}。）", "type": "生物～巨人"}], "frameVersion": "2015", "hasFoil": false, "hasNonFoil": true, "identifiers": {"cardsphereId": "50019", "mcmId": "297415", "mcmMetaId": "5993", "mtgjsonV4Id": "4819b599-43b4-523c-8e85-9af1d0a48d6e", "mtgoFoilId": "64341", "mtgoId": "64340", "multiverseId": "429912", "scryfallCardBackId": "0aeebaf5-8c7d-4636-9e82-8c27447861f7", "scryfallId": "ddbcc6e9-b5f4-4f20-9c15-b690b4f64304", "scryfallIllustrationId": "bc8872b2-3cb7-46b8-b28f-a1203c8e55f7", "scryfallOracleId": "d23329e2-4134-4e49-b9b6-5febef2bce31", "tcgplayerProductId": "131406"}, "isFoil": false, "isReprint": true, "isStarter": true, "keywords": ["Haste"], "language": "English", "layout": "normal", "legalities": {"commander": "Legal", "duel": "Legal", "legacy": "Legal", "modern": "Legal", "oathbreaker": "Legal", "pauper": "Legal", "paupercommander": "Legal", "penny": "Legal", "pioneer": "Legal", "predh": "Legal", "premodern": "Legal", "vintage": "Legal"}, "manaCost": "{3}{R}{R}", "manaValue": 5.0, "name": "Thundering Giant", "number": "23", "originalText": "Haste (This creature can attack and {T} as soon as it comes under your control.)", "originalType": "Creature — Giant", "power": "4", "printings": ["10E", "BTD", "M15", "MMA", "USG", "W17"], "promoTypes": ["starterdeck"], "purchaseUrls": {"cardmarket": "https://mtgjson.com/links/a5f4e9b623ef93bf", "tcgplayer": "https://mtgjson.com/links/1aaf75a7176221c6"}, "rarity": "common", "setCode": "W17", "sourceProducts": {"nonfoil": ["70800f19-b8c1-5801-8b74-115615edc5d3", "76990768-d07f-50bc-8c66-be9f429ca8ba", "95d1e0a6-6d46-5c25-b2ef-8c0076ea19f8", "ef9fcbfe-6f4a-5432-a142-1f622171746c"]}, "subtypes": ["Giant"], "supertypes": [], "text": "Haste (This creature can attack and {T} as soon as it comes under your control.)", "toughness": "3", "type": "Creature — Giant", "types": ["Creature"], "uuid": "4e8c18ae-271b-526d-8439-cdae67f88d42"}, {"artist": "Winona Nelson", "artistIds": ["e45fe8d3-75d6-42c9-a2df-e945ad81ea27"], "availability": ["mtgo", "paper"], "boosterTypes": ["default"], "borderColor": "black", "colorIdentity": ["R"], "colors": ["R"], "convertedManaCost": 3.0, "count": 2, "edhrecRank": 26685, "finishes": ["nonfoil", "foil"], "flavorText": "\"Will you be strong and stand with me?\"", "foreignData": [{"flavorText": "„Wirst du Stärke zeigen und an meiner Seite kämpfen?\"", "identifiers": {"multiverseId": "424301", "scryfallId": "4cd54add-18f7-45ef-88ee-e026359774a2"}, "language": "German", "multiverseId": 424301, "name": "Frontlinien-Rebell", "text": "Der Frontlinien-Rebell greift in jedem Kampf an, falls möglich.", "type": "Kreatur — Mensch, Krieger"}, {"flavorText": "\"¿Serás fuerte y resistirás conmigo?\".", "identifiers": {"multiverseId": "425589", "scryfallId": "30cbee19-18b6-41c2-ae97-00342c7c07a2"}, "language": "Spanish", "multiverseId": 425589, "name": "Rebelde de primera línea", "text": "El Rebelde de primera línea ataca cada combate si puede.", "type": "Criatura — Guerrero humano"}, {"flavorText": "« Rassemblerez-vous votre courage pour rester à mes côtés ? »", "identifiers": {"multiverseId": "424485", "scryfallId": "04663c78-a29a-4457-adf5-cfe963df2ff2"}, "language": "French", "multiverseId": 424485, "name": "Rebelle du front", "text": "Le Rebelle du front attaque à chaque combat si possible.", "type": "Créature : humain et guerrier"}, {"flavorText": "\"Sarete forti e lotterete con me?\"", "identifiers": {"multiverseId": "424669", "scryfallId": "829813f7-88e8-4d1a-8fbc-12f1768d6f36"}, "language": "Italian", "multiverseId": 424669, "name": "Ribelle in Prima Linea", "text": "Il Ribelle in Prima Linea attacca in ogni combattimento, se può farlo.", "type": "Creatura — Guerriero Umano"}, {"flavorText": "「強くなって俺と一緒に来るか？」", "identifiers": {"multiverseId": "424853", "scryfallId": "71a6329e-e405-4903-8611-2c4f4bc9743f"}, "language": "Japanese", "multiverseId": 424853, "name": "最前線の反逆者", "text": "各戦闘で、最前線の反逆者は可能なら攻撃する。", "type": "クリーチャー — 人間・戦士"}, {"flavorText": "\"용감하게 나와 함께할 수 있겠소?\"", "identifiers": {"multiverseId": "425037", "scryfallId": "ec5425a4-e39c-46de-887b-78230d227cd6"}, "language": "Korean", "multiverseId": 425037, "name": "최전방 반란군", "text": "최전방 반란군은 가능하면 매 전투마다 공격한다.", "type": "생물 — 인간 전사"}, {"flavorText": "\"Vocês vão ser fortes e ficar ao meu lado?\"", "identifiers": {"multiverseId": "425221", "scryfallId": "8f2314b8-b8e6-4e62-a8fb-9ab0c7ad70a3"}, "language": "Portuguese (Brazil)", "multiverseId": 425221, "name": "Rebelde na Linha de Frente", "text": "Rebelde na Linha de Frente ataca a cada turno se estiver apto.", "type": "Criatura — Humano Guerreiro"}, {"flavorText": "«Будешь ли ты силен, чтобы встать со мной плечом к плечу?»", "identifiers": {"multiverseId": "425405", "scryfallId": "e45a9ff9-0164-475c-a942-49887a4f6542"}, "language": "Russian", "multiverseId": 425405, "name": "Повстанец с Передовой", "text": "Повстанец с Передовой атакует в каждом бою, если может.", "type": "Существо — Человек Воин"}, {"flavorText": "「你会坚定地与我并肩作战吗？」", "identifiers": {"multiverseId": "423933", "scryfallId": "4e9217c5-9d50-4484-a09e-f205bbba941b"}, "language": "Chinese Simplified", "multiverseId": 423933, "name": "前线反抗军", "text": "前线反抗军每次战斗若能攻击，则必须攻击。", "type": "生物～人类／战士"}, {"flavorText": "「你會堅定地與我並肩作戰嗎？」", "identifiers": {"multiverseId": "424117", "scryfallId": "f0e56bf8-beb1-43ef-9047-6b8cd965d16f"}, "language": "Chinese Traditional", "multiverseId": 424117, "name": "前線反抗軍", "text": "前線反抗軍每次戰鬥若能攻擊，則必須攻擊。", "type": "生物～人類／戰士"}], "frameVersion": "2015", "hasFoil": true, "hasNonFoil": true, "identifiers": {"cardsphereFoilId": "4188", "cardsphereId": "4189", "mcmId": "294890", "mcmMetaId": "224436", "mtgjsonV4Id": "344d41f2-8df7-5cdb-9520-7af9f546e6b0", "mtgoFoilId": "62712", "mtgoId": "62711", "multiverseId": "423749", "scryfallCardBackId": "0aeebaf5-8c7d-4636-9e82-8c27447861f7", "scryfallId": "b742738a-2663-474d-b75a-28f1f67dc335", "scryfallIllustrationId": "6fd3a465-0680-4ce1-8f9f-70b49eb828a3", "scryfallOracleId": "7471e445-4655-4336-9769-3debd197b77c", "tcgplayerProductId": "126541"}, "isFoil": false, "language": "English", "layout": "normal", "legalities": {"brawl": "Legal", "commander": "Legal", "duel": "Legal", "explorer": "Legal", "gladiator": "Legal", "historic": "Legal", "legacy": "Legal", "modern": "Legal", "oathbreaker": "Legal", "pauper": "Legal", "paupercommander": "Legal", "penny": "Legal", "pioneer": "Legal", "timeless": "Legal", "vintage": "Legal"}, "manaCost": "{2}{R}", "manaValue": 3.0, "name": "Frontline Rebel", "number": "82", "originalText": "Frontline Rebel attacks each combat if able.", "originalType": "Creature — Human Warrior", "power": "3", "printings": ["AER", "KLR", "PLST"], "purchaseUrls": {"cardmarket": "https://mtgjson.com/links/3dadbd1582ae8bcf", "tcgplayer": "https://mtgjson.com/links/b29fada28601ee69"}, "rarity": "common", "rulings": [{"date": "2017-02-09", "text": "If, during your declare attackers step, Frontline Rebel is tapped or is affected by a spell or ability that says it can’t attack, then it doesn’t attack. If there’s a cost associated with having it attack, you aren’t forced to pay that cost, so it doesn’t have to attack in that case either."}], "setCode": "AER", "sourceProducts": {"foil": ["b32a55d0-c4f8-5c16-b1ab-66ab627a25a2"], "nonfoil": ["70800f19-b8c1-5801-8b74-115615edc5d3", "76990768-d07f-50bc-8c66-be9f429ca8ba", "95d1e0a6-6d46-5c25-b2ef-8c0076ea19f8", "b32a55d0-c4f8-5c16-b1ab-66ab627a25a2", "ef9fcbfe-6f4a-5432-a142-1f622171746c"]}, "subtypes": ["Human", "Warrior"], "supertypes": [], "text": "Frontline Rebel attacks each combat if able.", "toughness": "3", "type": "Creature — Human Warrior", "types": ["Creature"], "uuid": "22dcc93d-0cfa-567a-97c5-cb3968d4731c"}, {"artist": "Kev Walker", "artistIds": ["f366a0ee-a0cd-466d-ba6a-90058c7a31a6"], "availability": ["mtgo", "paper"], "boosterTypes": ["deck"], "borderColor": "black", "colorIdentity": ["R"], "colors": ["R"], "convertedManaCost": 3.0, "count": 1, "edhrecRank": 24504, "finishes": ["nonfoil"], "flavorText": "Driven by an insatiable hunger, gremlins never cease feeding. They can destroy a lifetime of work in just a few moments.", "foreignData": [], "frameVersion": "2015", "hasFoil": false, "hasNonFoil": true, "identifiers": {"cardsphereFoilId": "22773", "cardsphereId": "22774", "mcmId": "292750", "mcmMetaId": "223766", "mtgjsonV4Id": "cad47c8e-568b-5904-a80b-5d1860c1d112", "scryfallCardBackId": "0aeebaf5-8c7d-4636-9e82-8c27447861f7", "scryfallId": "60d002f9-ae69-4e07-943f-95036f083dea", "scryfallIllustrationId": "cd2ecaba-4501-4223-b99d-b9bb8ef058c4", "scryfallOracleId": "422ef4ec-863a-450e-9577-a0707bc16532", "tcgplayerProductId": "122919"}, "isAlternative": true, "isFoil": false, "isStarter": true, "keywords": ["Haste"], "language": "English", "layout": "normal", "legalities": {"commander": "Legal", "duel": "Legal", "legacy": "Legal", "modern": "Legal", "oathbreaker": "Legal", "paupercommander": "Restricted", "pioneer": "Legal", "vintage": "Legal"}, "manaCost": "{1}{R}{R}", "manaValue": 3.0, "name": "Brazen Scourge", "number": "107†", "power": "3", "printings": ["KLD", "UMA"], "promoTypes": ["starterdeck"], "purchaseUrls": {"cardmarket": "https://mtgjson.com/links/8f07f8df0ba7af0b", "tcgplayer": "https://mtgjson.com/links/40ae10f007ab9b6f"}, "rarity": "uncommon", "setCode": "KLD", "sourceProducts": {"nonfoil": ["70800f19-b8c1-5801-8b74-115615edc5d3", "76990768-d07f-50bc-8c66-be9f429ca8ba", "95d1e0a6-6d46-5c25-b2ef-8c0076ea19f8", "ef9fcbfe-6f4a-5432-a142-1f622171746c"]}, "subtypes": ["Gremlin"], "supertypes": [], "text": "Haste", "toughness": "3", "type": "Creature — Gremlin", "types": ["Creature"], "uuid": "4606ce47-6a66-52dd-ac5b-d3339cc30c30", "variations": ["ed666e7c-ca2d-5210-a46b-b544030720c5"]}, {"artist": "Filip Burburan", "artistIds": ["66082c3b-a623-4d34-be51-2475214b85d3"], "availability": ["mtgo", "paper"], "boosterTypes": ["default"], "borderColor": "black", "colorIdentity": ["R"], "colors": ["R"], "convertedManaCost": 4.0, "count": 2, "edhrecRank": 26037, "finishes": ["nonfoil", "foil"], "flavorText": "\"Consider this a high alert, people. Permission to destroy on sight. Either we take it down or it'll take down the Fair.\"\n—Pav, gremlin watch", "foreignData": [{"flavorText": "„Es gilt die höchste Alarmstufe. Erlaubnis zum Eliminieren bei Sichtkontakt erteilt. Entweder wir zerstören ihn oder er zerstört die Messe.\" —Pav, Gremlinwache", "identifiers": {"multiverseId": "418502", "scryfallId": "8661115d-556c-4751-b254-56f183bd66a5"}, "language": "German", "multiverseId": 418502, "name": "Schrecken vom Messeplatz", "type": "Kreatur — Gremlin"}, {"flavorText": "\"Consideren esto una alerta roja. Tienen permiso para destruirlo en cuanto lo tengamos a la vista. O acabamos con él, o acabará con la Feria entera\". —Pav, vigilagremlins", "identifiers": {"multiverseId": "420350", "scryfallId": "1d74078c-d55d-499b-99ae-a07d6c6cf0e2"}, "language": "Spanish", "multiverseId": 420350, "name": "Horror de la feria", "type": "Criatura — Gremlin"}, {"flavorText": "« Ceci est une alerte rouge. Permission de détruire à vue. Soit on élimine cette menace, soit elle détruira la Foire. » —Pav, agent de surveillance des gremlins", "identifiers": {"multiverseId": "418766", "scryfallId": "9401153b-dda2-48cd-a1f8-2c780da803d7"}, "language": "French", "multiverseId": 418766, "name": "Terreur de la foire", "type": "Créature : gremlin"}, {"flavorText": "\"Consideratelo un codice rosso, gente. Siete autorizzati a distruggere a vista. Se non lo facciamo fuori, sarà lui a far fuori la Fiera.\" —Pav, guardia antigremlin", "identifiers": {"multiverseId": "419030", "scryfallId": "a1202bcf-0036-4fb3-89de-f73e4a8e3be1"}, "language": "Italian", "multiverseId": 419030, "name": "Terrore della Fiera", "type": "Creatura — Gremlin"}, {"flavorText": "「皆さん、十分注意してください。見つけ次第に退治する許可が出ています。放置すれば博覧会が台無しになるでしょう。」 ――グレムリン対策員、パヴ", "identifiers": {"multiverseId": "419294", "scryfallId": "bde47490-5784-479c-887f-43e43cfcecf2"}, "language": "Japanese", "multiverseId": 419294, "name": "博覧会場の恐怖", "type": "クリーチャー — グレムリン"}, {"flavorText": "\"여러분, 지금은 비상사태입니다. 발견하는 즉시 처치하십시오. 그러지 않으면 박람회가 쑥대밭이 될 겁니다.\" —그렘린 감시자 파브", "identifiers": {"multiverseId": "419558", "scryfallId": "1c675765-43b1-44e4-a25a-22f40fc9fa51"}, "language": "Korean", "multiverseId": 419558, "name": "박람회장의 골칫덩이", "type": "생물 — 그렘린"}, {"flavorText": "\"Considerem isso um alerta máximo, gente. Permissão para abater à primeira vista. Ou destruímos essa coisa, ou ela destrói a Feira.\" — Pav, da guarda antigremlin", "identifiers": {"multiverseId": "419822", "scryfallId": "26c15509-0dde-4b5d-8a94-74093fc1ab59"}, "language": "Portuguese (Brazil)", "multiverseId": 419822, "name": "Terror da Feira", "type": "Criatura — Gremlin"}, {"flavorText": "«Общая тревога, народ. При встрече — сразу атаковать. Или мы прикончим этого гада, или он сожрет всю Ярмарку». — Пав из антигремлинского патруля", "identifiers": {"multiverseId": "420086", "scryfallId": "40a4017b-3ac5-4172-bc80-94eb6a3c93c9"}, "language": "Russian", "multiverseId": 420086, "name": "Ярмарочный Ужас", "type": "Существо — Гремлин"}, {"flavorText": "「各位对此物要高度戒备。只要见到，即可就地格杀。我们如果不解决它，它就会把博览会给解决了。」 ～怪灵警戒员珀沃", "identifiers": {"multiverseId": "417974", "scryfallId": "9d1d5196-b7bb-4aea-85c2-25980b9c5ffa"}, "language": "Chinese Simplified", "multiverseId": 417974, "name": "展区恐灵", "type": "生物～怪灵"}, {"flavorText": "「各位對此物要高度戒備。只要見到，即可就地格殺。我們如果不解決他，他就會把博覽會給解決了。」 ～怪靈警戒員珀沃", "identifiers": {"multiverseId": "418238", "scryfallId": "54b5f7fb-5034-4a62-ad06-0454d2327fda"}, "language": "Chinese Traditional", "multiverseId": 418238, "name": "展區恐靈", "type": "生物～怪靈"}], "frameVersion": "2015", "hasFoil": true, "hasNonFoil": true, "identifiers": {"cardsphereFoilId": "23190", "cardsphereId": "23191", "mcmId": "292478", "mcmMetaId": "223630", "mtgjsonV4Id": "9ae7da79-d8ef-506c-abd9-4462fdeae491", "mtgoFoilId": "62000", "mtgoId": "61999", "multiverseId": "417710", "scryfallCardBackId": "0aeebaf5-8c7d-4636-9e82-8c27447861f7", "scryfallId": "04623df9-8fa9-44cc-b528-c2c484626d1f", "scryfallIllustrationId": "b0b80a2a-7fbe-4548-841e-748e78f6baf2", "scryfallOracleId": "75a20db5-5ce8-4e5d-a815-e69bc3dd8d4c", "tcgplayerProductId": "122675"}, "isFoil": false, "language": "English", "layout": "normal", "legalities": {"commander": "Legal", "duel": "Legal", "legacy": "Legal", "modern": "Legal", "oathbreaker": "Legal", "pauper": "Legal", "paupercommander": "Legal", "penny": "Legal", "pioneer": "Legal", "vintage": "Legal"}, "manaCost": "{3}{R}", "manaValue": 4.0, "name": "Terror of the Fairgrounds", "number": "137", "originalType": "Creature — Gremlin", "power": "5", "printings": ["KLD"], "purchaseUrls": {"cardmarket": "https://mtgjson.com/links/320913f9ca960df2", "tcgplayer": "https://mtgjson.com/links/ad0de772527b0382"}, "rarity": "common", "setCode": "KLD", "sourceProducts": {"foil": ["cf0f8060-bd6a-5d26-994c-202112e5177c"], "nonfoil": ["70800f19-b8c1-5801-8b74-115615edc5d3", "76990768-d07f-50bc-8c66-be9f429ca8ba", "95d1e0a6-6d46-5c25-b2ef-8c0076ea19f8", "cf0f8060-bd6a-5d26-994c-202112e5177c", "ef9fcbfe-6f4a-5432-a142-1f622171746c"]}, "subtypes": ["Gremlin"], "supertypes": [], "toughness": "2", "type": "Creature — Gremlin", "types": ["Creature"], "uuid": "27ec79d6-ad98-5d09-bbc0-071a4cb86950"}, {"artist": "Winona Nelson", "artistIds": ["e45fe8d3-75d6-42c9-a2df-e945ad81ea27"], "availability": ["mtgo", "paper"], "boosterTypes": ["default"], "borderColor": "black", "colorIdentity": ["R"], "colors": ["R"], "convertedManaCost": 4.0, "count": 1, "edhrecRank": 26846, "finishes": ["nonfoil", "foil"], "flavorText": "With carrion a rarity in the Broken Lands, the hyenas that stalk the deserts hunt in packs.", "foreignData": [{"flavorText": "Aas ist in der Splitterwüste so selten, dass selbst die Hyänen anfangen, auf die Jagd zu gehen.", "identifiers": {"multiverseId": "427110", "scryfallId": "6cb54269-380c-4be2-b8a5-10005b32d661"}, "language": "German", "multiverseId": 427110, "name": "Hyänenrudel", "type": "Kreatur — Hyäne"}, {"flavorText": "La carroña no abunda en las Tierras Desoladas, por lo que las hienas que acechan en los desiertos cazan en manadas.", "identifiers": {"multiverseId": "427379", "scryfallId": "0f00e735-d6dc-4385-b2a1-464822e00466"}, "language": "Spanish", "multiverseId": 427379, "name": "Manada de hienas", "type": "Criatura — Hiena"}, {"flavorText": "Les charognes sont rares dans les Terres brisées, c'est pourquoi les hyènes qui arpentent le désert chassent en meute.", "identifiers": {"multiverseId": "427648", "scryfallId": "ac9297bc-4237-4c56-a46e-ad4d690d8547"}, "language": "French", "multiverseId": 427648, "name": "Meute de hyènes", "type": "Créature : hyène"}, {"flavorText": "Poiché le carogne scarseggiano nelle Terre spezzate, le iene che si aggirano per i deserti cacciano in branco.", "identifiers": {"multiverseId": "427917", "scryfallId": "882a78bc-2fc1-4cb4-a870-e7d0afcb51fa"}, "language": "Italian", "multiverseId": 427917, "name": "Branco di Iene", "type": "Creatura — Iena"}, {"flavorText": "遺棄地に稀有なる屍肉あらば、砂漠に群れ成すハイエナあり。", "identifiers": {"multiverseId": "428186", "scryfallId": "7bf58844-fb24-412f-8153-0265df9c7dab"}, "language": "Japanese", "multiverseId": 428186, "name": "ハイエナの群れ", "type": "クリーチャー — ハイエナ"}, {"flavorText": "시체를 찾기 어려운 망가진 땅에서는 사막을 배회하는 하이에나들이 무리를 지어 사냥한다.", "identifiers": {"multiverseId": "428455", "scryfallId": "a123ffc0-d0fd-41df-8e6b-e91c2002440a"}, "language": "Korean", "multiverseId": 428455, "name": "하이에나 무리", "type": "생물 — 하이에나"}, {"flavorText": "Como carcaças são uma raridade nas Terras Partidas, as hienas que espreitam nos desertos caçam em bando.", "identifiers": {"multiverseId": "428724", "scryfallId": "a5085eb4-081d-4aee-a457-dd92693c94e4"}, "language": "Portuguese (Brazil)", "multiverseId": 428724, "name": "Alcateia de Hienas", "type": "Criatura — Hiena"}, {"flavorText": "Падаль редко встречается в Смятенных Землях, и живущие в пустыне гиены сбиваются для охоты в стаи.", "identifiers": {"multiverseId": "428993", "scryfallId": "b9e3c760-a082-49f7-89b0-e7bfee46e553"}, "language": "Russian", "multiverseId": 428993, "name": "Стая Гиен", "type": "Существо — Гиена"}, {"flavorText": "荒土中腐肉稀缺，于沙漠中游荡的鬣狗常常成群狩猎。", "identifiers": {"multiverseId": "429262", "scryfallId": "eda55681-5ae1-4d6d-8841-6c0594d7bad6"}, "language": "Chinese Simplified", "multiverseId": 429262, "name": "鬣狗群", "type": "生物～鬣狗"}, {"flavorText": "荒土中腐肉稀缺，於沙漠中遊蕩的鬣狗常常成群狩獵。", "identifiers": {"multiverseId": "429531", "scryfallId": "e9e91a60-653f-404c-bec3-75d1c1beb8fe"}, "language": "Chinese Traditional", "multiverseId": 429531, "name": "鬣狗群", "type": "生物～鬣狗"}], "frameVersion": "2015", "hasFoil": true, "hasNonFoil": true, "identifiers": {"cardsphereFoilId": "49241", "cardsphereId": "48832", "mcmId": "296567", "mcmMetaId": "225250", "mtgjsonV4Id": "e27d31ed-9f67-5910-904e-aa35d45b330a", "mtgoFoilId": "63881", "mtgoId": "63880", "multiverseId": "426841", "scryfallCardBackId": "0aeebaf5-8c7d-4636-9e82-8c27447861f7", "scryfallId": "f9fa8351-567e-4ef4-8346-c58e50c778a6", "scryfallIllustrationId": "0ed25758-4720-408e-850b-8b3c7a25ed59", "scryfallOracleId": "d38b027d-eb24-46ba-9d46-3be08eedbe2a", "tcgplayerProductId": "129527"}, "isFoil": false, "language": "English", "layout": "normal", "legalities": {"commander": "Legal", "duel": "Legal", "legacy": "Legal", "modern": "Legal", "oathbreaker": "Legal", "pauper": "Legal", "paupercommander": "Legal", "penny": "Legal", "pioneer": "Legal", "vintage": "Legal"}, "manaCost": "{2}{R}{R}", "manaValue": 4.0, "name": "Hyena Pack", "number": "139", "originalType": "Creature - Hyena", "power": "3", "printings": ["AKH", "PLST"], "purchaseUrls": {"cardmarket": "https://mtgjson.com/links/b62baa41dc1684a6", "tcgplayer": "https://mtgjson.com/links/5808e422de6b7f43"}, "rarity": "common", "setCode": "AKH", "sourceProducts": {"foil": ["bdfaa43d-9ebd-502f-856b-11eadc97b026"], "nonfoil": ["54945ed8-387d-5824-a8fa-2eb6971610a0", "70800f19-b8c1-5801-8b74-115615edc5d3", "76990768-d07f-50bc-8c66-be9f429ca8ba", "95d1e0a6-6d46-5c25-b2ef-8c0076ea19f8", "bdfaa43d-9ebd-502f-856b-11eadc97b026", "ef9fcbfe-6f4a-5432-a142-1f622171746c"]}, "subtypes": ["Hyena"], "supertypes": [], "toughness": "4", "type": "Creature — Hyena", "types": ["Creature"], "uuid": "5a9e9993-1216-55cf-9c6d-ac6412009469"}, {"artist": "Jason Rainville", "artistIds": ["6ed7e669-579b-443d-b223-e5cbcb2a7483"], "availability": ["mtgo", "paper"], "boosterTypes": ["deck"], "borderColor": "black", "colorIdentity": ["R"], "colors": ["R"], "convertedManaCost": 2.0, "count": 1, "edhrecRank": 10469, "edhrecSaltiness": 0.15, "finishes": ["nonfoil"], "flavorText": "Gremlins are loyal to nothing but their next meal.", "foreignData": [], "frameVersion": "2015", "hasFoil": false, "hasNonFoil": true, "identifiers": {"cardsphereFoilId": "4428", "cardsphereId": "4429", "mcmId": "294897", "mcmMetaId": "224443", "mtgjsonV4Id": "cf477de2-cb5b-5000-8560-e4dcdf8520d1", "scryfallCardBackId": "0aeebaf5-8c7d-4636-9e82-8c27447861f7", "scryfallId": "ac4ba0db-4276-45aa-91ed-52f6ffbc6ad3", "scryfallIllustrationId": "a66b39a4-b2a0-4e2d-99c8-b63594cf3cd4", "scryfallOracleId": "6c7d8b6b-9890-4a94-85fc-f7545c4b1cf7"}, "isAlternative": true, "isFoil": false, "isStarter": true, "language": "English", "layout": "normal", "legalities": {"commander": "Legal", "duel": "Legal", "legacy": "Legal", "modern": "Legal", "oathbreaker": "Legal", "pauper": "Legal", "paupercommander": "Legal", "penny": "Legal", "pioneer": "Legal", "vintage": "Legal"}, "manaCost": "{1}{R}", "manaValue": 2.0, "name": "Wrangle", "number": "101†", "printings": ["AER"], "promoTypes": ["starterdeck"], "purchaseUrls": {"cardmarket": "https://mtgjson.com/links/1ffcd8af576abb4e"}, "rarity": "common", "rulings": [{"date": "2017-02-09", "text": "If the target creature’s power becomes 5 or greater as you gain control of it (perhaps because an enchantment gives creatures you control +1/+1), Wrangle will continue to resolve as normal. The creature will still be untapped and gain haste until end of turn, and you’ll still control it until end of turn."}, {"date": "2017-02-09", "text": "Wrangle can target any creature with power 4 or less, even one that you already control or that is already untapped."}], "setCode": "AER", "sourceProducts": {"nonfoil": ["70800f19-b8c1-5801-8b74-115615edc5d3", "76990768-d07f-50bc-8c66-be9f429ca8ba", "95d1e0a6-6d46-5c25-b2ef-8c0076ea19f8", "ef9fcbfe-6f4a-5432-a142-1f622171746c"]}, "subtypes": [], "supertypes": [], "text": "Gain control of target creature with power 4 or less until end of turn. Untap that creature. It gains haste until end of turn.", "type": "Sorcery", "types": ["Sorcery"], "uuid": "6b6f85f5-6bf0-502f-bc9e-d7f03577b780", "variations": ["4827b797-7ef2-547b-9174-a954ebdf5be5"]}, {"artist": "Yeong-Hao Han", "artistIds": ["f8e7f8d6-6dde-4059-973c-30f1fd1bbe4e"], "availability": ["mtgo", "paper"], "boosterTypes": ["default"], "borderColor": "black", "colorIdentity": ["R"], "colors": ["R"], "convertedManaCost": 1.0, "count": 1, "edhrecRank": 2426, "edhrecSaltiness": 0.1, "finishes": ["nonfoil", "foil"], "flavorText": "\"Nothing against you. It's just that waiting for Consulate clearance was never really my thing.\"", "foreignData": [{"flavorText": "„Nichts gegen dich. Aber ich bin es leid, auf die Freigabe durch das Konsulats zu warten.\"", "identifiers": {"multiverseId": "418492", "scryfallId": "42e0c8dc-456e-426e-a2b5-4acee715c82c"}, "language": "German", "multiverseId": 418492, "name": "Renegaten-Taktik", "text": "Eine Kreatur deiner Wahl kann in diesem Zug nicht blocken.\nZiehe eine Karte.", "type": "Hexerei"}, {"flavorText": "\"No tengo nada contra ti. Solo es que nunca me gustó esperar la aprobación del Consulado\".", "identifiers": {"multiverseId": "420340", "scryfallId": "f628a6a9-6977-42c9-b60a-cdf6035eb4d8"}, "language": "Spanish", "multiverseId": 420340, "name": "Tácticas de renegado", "text": "La criatura objetivo no puede bloquear este turno.\nRoba una carta.", "type": "Conjuro"}, {"flavorText": "« Je n'ai rien contre vous, mais je n'ai jamais vraiment aimé attendre l'autorisation du Consulat. »", "identifiers": {"multiverseId": "418756", "scryfallId": "8de38ccd-450f-4788-b573-21f0f5fc36c1"}, "language": "French", "multiverseId": 418756, "name": "Tactiques de renégat", "text": "La créature ciblée ne peut pas bloquer ce tour-ci.\nPiochez une carte.", "type": "Rituel"}, {"flavorText": "\"Niente di personale. Solo che aspettare l'autorizzazione del Consolato non è mai stato il mio forte.\"", "identifiers": {"multiverseId": "419020", "scryfallId": "cf11221f-f0fe-4e82-bcab-ed08e8c30dd2"}, "language": "Italian", "multiverseId": 419020, "name": "Tattiche dei Rinnegati", "text": "Una creatura bersaglio non può bloccare in questo turno.\nPesca una carta.", "type": "Stregoneria"}, {"flavorText": "「君に恨みはないがね。領事府の許可をじっと待つのは性に合わないんだ。」", "identifiers": {"multiverseId": "419284", "scryfallId": "0bafa577-1512-416c-ba98-a2a15ab4bb93"}, "language": "Japanese", "multiverseId": 419284, "name": "改革派の戦術", "text": "クリーチャー１体を対象とする。このターン、それではブロックできない。\nカードを１枚引く。", "type": "ソーサリー"}, {"flavorText": "\"당신에게 악감정은 없어. 그냥 영사관의 허가를 기다리는 게 체질에 맞지 않을 뿐이야.\"", "identifiers": {"multiverseId": "419548", "scryfallId": "98ca2154-b713-4c89-961f-8378373fdec6"}, "language": "Korean", "multiverseId": 419548, "name": "무법자의 전략", "text": "생물을 목표로 정한다. 그 생물은 이 턴에 방어할 수 없다.\n카드 한 장을 뽑는다.", "type": "집중마법"}, {"flavorText": "\"Nada contra você. É que esperar pela autorização do Consulado nunca foi meu forte.\"", "identifiers": {"multiverseId": "419812", "scryfallId": "9927f4f3-05d8-4d37-9bc9-d7a896306d34"}, "language": "Portuguese (Brazil)", "multiverseId": 419812, "name": "Tática dos Renegados", "text": "A criatura alvo não pode bloquear neste turno.\nCompre um card.", "type": "Feitiço"}, {"flavorText": "«Ты не сделал мне ничего плохого. Просто не хочется ждать, пока Консульство выдаст мне допуск».", "identifiers": {"multiverseId": "420076", "scryfallId": "e0e398ab-ae0b-4056-b57a-3a8cc439b066"}, "language": "Russian", "multiverseId": 420076, "name": "Тактика Отступников", "text": "Целевое существо не может блокировать в этом ходу.\nВозьмите карту.", "type": "Волшебство"}, {"flavorText": "「我不是针对你。我只是没兴趣等执政院的许可。」", "identifiers": {"multiverseId": "417964", "scryfallId": "dabee24a-ccd6-41eb-b021-7e88e207b279"}, "language": "Chinese Simplified", "multiverseId": 417964, "name": "乱匠战术", "text": "目标生物本回合不能进行阻挡。\n抓一张牌。", "type": "法术"}, {"flavorText": "「我不是針對你。我只是沒興趣等執政院的許可。」", "identifiers": {"multiverseId": "418228", "scryfallId": "0f10945b-7d60-4c09-9233-095ac2546497"}, "language": "Chinese Traditional", "multiverseId": 418228, "name": "亂匠戰術", "text": "目標生物本回合不能進行阻擋。\n抽一張牌。", "type": "巫術"}], "frameVersion": "2015", "hasFoil": true, "hasNonFoil": true, "identifiers": {"cardsphereFoilId": "23107", "cardsphereId": "23108", "mcmId": "292839", "mcmMetaId": "223837", "mtgjsonV4Id": "9f53d009-7f6a-5ee9-94f8-fe69eb799b10", "mtgoFoilId": "61988", "mtgoId": "61987", "multiverseId": "417700", "scryfallCardBackId": "0aeebaf5-8c7d-4636-9e82-8c27447861f7", "scryfallId": "6c06a39c-68bb-4e65-9a6d-9d9bc745201f", "scryfallIllustrationId": "3d3d1650-8b67-4e84-87dc-3d759b949c42", "scryfallOracleId": "7fbcd256-c132-406f-a490-df9709835504", "tcgplayerProductId": "123157"}, "isFoil": false, "language": "English", "layout": "normal", "legalities": {"brawl": "Legal", "commander": "Legal", "duel": "Legal", "explorer": "Legal", "gladiator": "Legal", "historic": "Legal", "legacy": "Legal", "modern": "Legal", "oathbreaker": "Legal", "pauper": "Legal", "paupercommander": "Legal", "penny": "Legal", "pioneer": "Legal", "timeless": "Legal", "vintage": "Legal"}, "manaCost": "{R}", "manaValue": 1.0, "name": "Renegade Tactics", "number": "127", "originalText": "Target creature can't block this turn.\nDraw a card.", "originalType": "Sorcery", "printings": ["CMR", "J21", "KLD", "PLST"], "purchaseUrls": {"cardmarket": "https://mtgjson.com/links/756a2048174ee402", "tcgplayer": "https://mtgjson.com/links/0adf473a03a4c0c3"}, "rarity": "common", "rulings": [{"date": "2020-11-10", "text": "If the target creature is an illegal target by the time Renegade Tactics tries to resolve, the spell doesn't resolve. You don't draw a card."}], "setCode": "KLD", "sourceProducts": {"foil": ["cf0f8060-bd6a-5d26-994c-202112e5177c"], "nonfoil": ["70800f19-b8c1-5801-8b74-115615edc5d3", "76990768-d07f-50bc-8c66-be9f429ca8ba", "95d1e0a6-6d46-5c25-b2ef-8c0076ea19f8", "cf0f8060-bd6a-5d26-994c-202112e5177c", "ef9fcbfe-6f4a-5432-a142-1f622171746c"]}, "subtypes": [], "supertypes": [], "text": "Target creature can't block this turn.\nDraw a card.", "type": "Sorcery", "types": ["Sorcery"], "uuid": "0f7356e9-507e-5175-8047-74fe2de753a5"}, {"artist": "Izzy", "artistIds": ["2c3d2473-ff5d-4309-8194-e0b2def2ab65"], "availability": ["mtgo", "paper"], "boosterTypes": ["default"], "borderColor": "black", "colorIdentity": ["R"], "colors": ["R"], "convertedManaCost": 3.0, "count": 1, "edhrecRank": 17461, "edhrecSaltiness": 0.14, "finishes": ["nonfoil", "foil"], "flavorText": "In the hold of the *Heart of Kiran*, Chandra answered Dovin Baan's sabotage with an explosive retort.", "foreignData": [{"flavorText": "Im Frachtraum der Herz des Kiran erwiderte Chandra Dovin Baans Sabotage auf explosive Weise.", "identifiers": {"multiverseId": "424303", "scryfallId": "fb3c773a-7f1f-4536-ac7f-3ce98fe2155d"}, "language": "German", "multiverseId": 424303, "name": "Hungrige Flammen", "text": "Die Hungrigen Flammen fügen einer Kreatur deiner Wahl 3 Schadenspunkte und einem Spieler deiner Wahl 2 Schadenspunkte zu.", "type": "Spontanzauber"}, {"flavorText": "En el centro del Corazón de Kiran, Chandra correspondió al sabotaje de Dovin Baan con una respuesta explosiva.", "identifiers": {"multiverseId": "425591", "scryfallId": "3513f603-3245-4087-ac18-eaac95a4828a"}, "language": "Spanish", "multiverseId": 425591, "name": "Llamas hambrientas", "text": "Las Llamas hambrientas hacen 3 puntos de daño a la criatura objetivo y 2 puntos de daño al jugador objetivo.", "type": "Instantáneo"}, {"flavorText": "Dans la cale du Cœur de Kiran, Chandra apporta une réponse explosive au sabotage de Dovin Baàn.", "identifiers": {"multiverseId": "424487", "scryfallId": "bb4d66ad-44a1-4a9e-b111-3ef877bf05eb"}, "language": "French", "multiverseId": 424487, "name": "Flammes voraces", "text": "Les Flammes voraces infligent 3 blessures à la créature ciblée et 2 blessures au joueur ciblé.", "type": "Éphémère"}, {"flavorText": "Nella stiva del Cuore di Kiran, Chandra reagì al sabotaggio di Dovin Baan con una replica esplosiva.", "identifiers": {"multiverseId": "424671", "scryfallId": "7cde59ec-fabb-4c43-b314-3acf0904e2ff"}, "language": "Italian", "multiverseId": 424671, "name": "Fiamme Fameliche", "text": "Le Fiamme Fameliche infliggono 3 danni a una creatura bersaglio e 2 danni a un giocatore bersaglio.", "type": "Istantaneo"}, {"flavorText": "キランの真意号の船倉で、チャンドラはドビン・バーンの妨害に爆炎で応えた。", "identifiers": {"multiverseId": "424855", "scryfallId": "f3d641dd-2a87-4b9c-87f2-d0e887e0d3b5"}, "language": "Japanese", "multiverseId": 424855, "name": "飲み込む炎", "text": "クリーチャー１体とプレイヤー１人を対象とする。飲み込む炎はその前者に３点のダメージ、その後者に２点のダメージを与える。", "type": "インスタント"}, {"flavorText": "키란의 심장의 성채에서 찬드라는 도빈 반의 파괴 행위를 화염 폭발로 응수했다.", "identifiers": {"multiverseId": "425039", "scryfallId": "e322e33b-7de9-4b2b-8179-1293e720faa9"}, "language": "Korean", "multiverseId": 425039, "name": "굶주린 불꽃", "text": "생물과 플레이어를 목표로 정한다. 굶주린 불꽃은 그 생물에 피해 3점을 입히고 그 플레이어에게 피해 2점을 입힌다.", "type": "순간마법"}, {"flavorText": "No porão do Coração de Kiran, Chandra respondeu à sabotagem de Dovin Baan com uma réplica explosiva.", "identifiers": {"multiverseId": "425223", "scryfallId": "c8bdd380-8198-4737-b1ee-c8019bf413aa"}, "language": "Portuguese (Brazil)", "multiverseId": 425223, "name": "Chamas Famintas", "text": "Chamas Famintas causa 3 pontos de dano à criatura alvo e 2 pontos de dano ao jogador alvo.", "type": "Mágica Instantânea"}, {"flavorText": "В трюме «Сердца Кирана» Чандра приготовила взрывной ответ на диверсию Довина Баана.", "identifiers": {"multiverseId": "425407", "scryfallId": "102bd9ef-d38e-40fb-a7a6-e74e4324f853"}, "language": "Russian", "multiverseId": 425407, "name": "Голодное Пламя", "text": "Голодное Пламя наносит 3 повреждения целевому существу и 2 повреждения целевому игроку.", "type": "Мгновенное заклинание"}, {"flavorText": "面对在基岚之心号舱内意图下手破坏多温班恩，茜卓还以火爆回击。", "identifiers": {"multiverseId": "423935", "scryfallId": "7797d885-c2c6-47fe-ad1a-f89022436eb6"}, "language": "Chinese Simplified", "multiverseId": 423935, "name": "贪婪烈焰", "text": "贪婪烈焰对目标生物造成3点伤害，并对目标牌手造成2点伤害。", "type": "瞬间"}, {"flavorText": "面對在基嵐之心號艙內意圖下手破壞的多溫班恩，茜卓還以火爆回擊。", "identifiers": {"multiverseId": "424119", "scryfallId": "803062e9-8eaa-47e9-8c05-81118698f2a3"}, "language": "Chinese Traditional", "multiverseId": 424119, "name": "貪婪烈焰", "text": "貪婪烈焰對目標生物造成3點傷害，並對目標玩家造成2點傷害。", "type": "瞬間"}], "frameVersion": "2015", "hasFoil": true, "hasNonFoil": true, "identifiers": {"cardsphereFoilId": "4222", "cardsphereId": "4223", "mcmId": "294769", "mcmMetaId": "224322", "mtgjsonV4Id": "d95bab1d-a3c0-5e6d-84af-863151285657", "mtgoFoilId": "62740", "mtgoId": "62739", "multiverseId": "423751", "scryfallCardBackId": "0aeebaf5-8c7d-4636-9e82-8c27447861f7", "scryfallId": "4ca23676-f36f-4266-ba4f-5e9ebf3adb57", "scryfallIllustrationId": "5afcf6ca-f2c3-4207-83d7-bc65ab5610f8", "scryfallOracleId": "a2c00788-14e7-4ab5-8c71-2a176621a177", "tcgplayerProductId": "126348"}, "isFoil": false, "language": "English", "layout": "normal", "legalities": {"brawl": "Legal", "commander": "Legal", "duel": "Legal", "explorer": "Legal", "gladiator": "Legal", "historic": "Legal", "legacy": "Legal", "modern": "Legal", "oathbreaker": "Legal", "pauper": "Legal", "paupercommander": "Legal", "pioneer": "Legal", "timeless": "Legal", "vintage": "Legal"}, "manaCost": "{2}{R}", "manaValue": 3.0, "name": "Hungry Flames", "number": "84", "originalText": "Hungry Flames deals 3 damage to target creature and 2 damage to target player.", "originalType": "Instant", "printings": ["AER", "J22", "JMP", "KLR"], "purchaseUrls": {"cardmarket": "https://mtgjson.com/links/0c7fd9f7b979d1d5", "tcgplayer": "https://mtgjson.com/links/23180594b1536307"}, "rarity": "uncommon", "rulings": [{"date": "2017-02-09", "text": "You can’t cast Hungry Flames unless you target both a creature and a player. If one target is illegal as Hungry Flames resolves, the spell deals damage to the remaining legal target."}], "setCode": "AER", "sourceProducts": {"foil": ["b32a55d0-c4f8-5c16-b1ab-66ab627a25a2"], "nonfoil": ["70800f19-b8c1-5801-8b74-115615edc5d3", "76990768-d07f-50bc-8c66-be9f429ca8ba", "95d1e0a6-6d46-5c25-b2ef-8c0076ea19f8", "b32a55d0-c4f8-5c16-b1ab-66ab627a25a2", "ef9fcbfe-6f4a-5432-a142-1f622171746c"]}, "subtypes": [], "supertypes": [], "text": "Hungry Flames deals 3 damage to target creature and 2 damage to target player or planeswalker.", "type": "Instant", "types": ["Instant"], "uuid": "66f41cea-6e1d-5959-b8dc-5fa8289cd1f8"}, {"artist": "Jason Rainville", "artistIds": ["6ed7e669-579b-443d-b223-e5cbcb2a7483"], "availability": ["mtgo", "paper"], "boosterTypes": ["default"], "borderColor": "black", "colorIdentity": ["R"], "colors": ["R"], "convertedManaCost": 1.0, "count": 2, "edhrecRank": 2547, "edhrecSaltiness": 0.14, "finishes": ["nonfoil", "foil"], "flavorText": "The tools of invention became the weapons of revolution.", "foreignData": [{"flavorText": "Die Werkzeuge der Erfinder wurden zu Waffen der Revolution.", "identifiers": {"multiverseId": "424317", "scryfallId": "5a6d0810-be1a-4d03-a016-377bb4a95c77"}, "language": "German", "multiverseId": 424317, "name": "Schock", "text": "Der Schock fügt einer Kreatur oder einem Spieler deiner Wahl 2 Schadenspunkte zu.", "type": "Spontanzauber"}, {"flavorText": "Las herramientas de invención se convirtieron en las armas de la revolución.", "identifiers": {"multiverseId": "425605", "scryfallId": "c08019cb-e430-4288-8fce-b19b868ce16b"}, "language": "Spanish", "multiverseId": 425605, "name": "Choque", "text": "El Choque hace 2 puntos de daño a la criatura o jugador objetivo.", "type": "Instantáneo"}, {"flavorText": "Les outils de l'invention devinrent les armes de la révolution.", "identifiers": {"multiverseId": "424501", "scryfallId": "0e58f191-dd03-4ce2-b58d-04b5419ef1d3"}, "language": "French", "multiverseId": 424501, "name": "Choc", "text": "Le Choc inflige 2 blessures à une cible, créature ou joueur.", "type": "Éphémère"}, {"flavorText": "Gli strumenti dell'invenzione divennero le armi della rivoluzione.", "identifiers": {"multiverseId": "424685", "scryfallId": "5896c462-534e-4094-bde7-f47d3272cfc2"}, "language": "Italian", "multiverseId": 424685, "name": "Shock", "text": "Lo Shock infligge 2 danni a una creatura o a un giocatore bersaglio.", "type": "Istantaneo"}, {"flavorText": "発明の賜物が革命の業物になった。", "identifiers": {"multiverseId": "424869", "scryfallId": "77456896-c485-48f3-89ac-1010146736e3"}, "language": "Japanese", "multiverseId": 424869, "name": "ショック", "text": "クリーチャー１体かプレイヤー１人を対象とする。ショックはそれに２点のダメージを与える。", "type": "インスタント"}, {"flavorText": "발명의 도구가 혁명의 무기가 되었다.", "identifiers": {"multiverseId": "425053", "scryfallId": "9402daef-15db-4beb-b280-7e039b377343"}, "language": "Korean", "multiverseId": 425053, "name": "충격", "text": "생물이나 플레이어를 목표로 정한다. 충격은 그 목표에 피해 2점을 입힌다.", "type": "순간마법"}, {"flavorText": "As ferramentas da invenção tornaram-se as armas da revolução.", "identifiers": {"multiverseId": "425237", "scryfallId": "b0926cfa-0428-46ae-a04e-3e5005dab76f"}, "language": "Portuguese (Brazil)", "multiverseId": 425237, "name": "Choque", "text": "Choque causa 2 pontos de dano à criatura ou ao jogador alvo.", "type": "Mágica Instantânea"}, {"flavorText": "Инструменты изобретателей стали оружием революции.", "identifiers": {"multiverseId": "425421", "scryfallId": "bf563a4e-e62f-4440-b0f4-74ef77d2da7c"}, "language": "Russian", "multiverseId": 425421, "name": "Шок", "text": "Шок наносит 2 повреждения целевому существу или игроку.", "type": "Мгновенное заклинание"}, {"flavorText": "发明的工具成为了革命的武器。", "identifiers": {"multiverseId": "423949", "scryfallId": "dfb02cfa-f52f-4b8d-9597-36ac62f0bc5a"}, "language": "Chinese Simplified", "multiverseId": 423949, "name": "电震", "text": "电震对目标生物或牌手造成2点伤害。", "type": "瞬间"}, {"flavorText": "發明的工具成為了革命的武器。", "identifiers": {"multiverseId": "424133", "scryfallId": "56f620fe-f11b-4756-aed6-096acfbaeb25"}, "language": "Chinese Traditional", "multiverseId": 424133, "name": "電震", "text": "電震對目標生物或玩家造成2點傷害。", "type": "瞬間"}], "frameVersion": "2015", "hasFoil": true, "hasNonFoil": true, "identifiers": {"cardsphereFoilId": "4370", "cardsphereId": "4371", "mcmId": "294825", "mcmMetaId": "5160", "mtgjsonV4Id": "07552d33-6de8-5e1f-a985-d1c697f87c0d", "mtgoFoilId": "62924", "mtgoId": "62923", "multiverseId": "423765", "scryfallCardBackId": "0aeebaf5-8c7d-4636-9e82-8c27447861f7", "scryfallId": "00365412-41db-427c-9109-8f69c17c326d", "scryfallIllustrationId": "167dac35-21f6-4174-b496-4b66ffd980b1", "scryfallOracleId": "a9d288b8-cdc1-4e55-a0c9-d6edfc95e65d", "tcgplayerProductId": "126437"}, "isFoil": false, "isReprint": true, "language": "English", "layout": "normal", "legalities": {"alchemy": "Legal", "brawl": "Legal", "commander": "Legal", "duel": "Legal", "explorer": "Legal", "future": "Legal", "gladiator": "Legal", "historic": "Legal", "legacy": "Legal", "modern": "Legal", "oathbreaker": "Legal", "pauper": "Legal", "paupercommander": "Legal", "pioneer": "Legal", "predh": "Legal", "premodern": "Legal", "standard": "Legal", "standardbrawl": "Legal", "timeless": "Legal", "vintage": "Legal"}, "manaCost": "{R}", "manaValue": 1.0, "name": "Shock", "number": "98", "originalText": "Shock deals 2 damage to target creature or player.", "originalType": "Instant", "printings": ["10E", "6ED", "7ED", "8ED", "9ED", "AER", "ANB", "BBD", "BTD", "DDN", "DPA", "FNM", "M12", "M14", "M19", "M20", "M21", "MKM", "ONS", "PLST", "PMEI", "PRM", "PS11", "PSAL", "STA", "STH", "WC98", "WC99"], "purchaseUrls": {"cardmarket": "https://mtgjson.com/links/ef6ef491148d28fc", "tcgplayer": "https://mtgjson.com/links/e004997761c942f8"}, "rarity": "common", "setCode": "AER", "sourceProducts": {"foil": ["b32a55d0-c4f8-5c16-b1ab-66ab627a25a2"], "nonfoil": ["21f90d20-1427-5e2b-8a25-c30fa77d8998", "366fb85d-7db5-5a42-b51b-3894e6638139", "70800f19-b8c1-5801-8b74-115615edc5d3", "76990768-d07f-50bc-8c66-be9f429ca8ba", "95d1e0a6-6d46-5c25-b2ef-8c0076ea19f8", "b32a55d0-c4f8-5c16-b1ab-66ab627a25a2", "ef9fcbfe-6f4a-5432-a142-1f622171746c"]}, "subtypes": [], "supertypes": [], "text": "Shock deals 2 damage to any target.", "type": "Instant", "types": ["Instant"], "uuid": "8f37f2bc-62ee-56bd-ad7e-3b694253b236"}, {"artist": "Lucas Graciano", "artistIds": ["ce98f39c-7cdd-47e6-a520-6c50443bb4c2"], "availability": ["mtgo", "paper"], "boosterTypes": ["default"], "borderColor": "black", "colorIdentity": ["R"], "colors": ["R"], "convertedManaCost": 2.0, "count": 1, "edhrecRank": 1592, "edhrecSaltiness": 0.26, "finishes": ["nonfoil", "foil"], "flavorText": "Never flinch. Never falter. Never fear.", "foreignData": [{"flavorText": "Ohne Zögern. Ohne Furcht. Ohne Wiederkehr.", "identifiers": {"multiverseId": "427103", "scryfallId": "9c1f7bdf-f6ab-44bd-bc5b-1f1c9243210e"}, "language": "German", "multiverseId": 427103, "name": "Flugstunde", "text": "Opfere eine Kreatur als zusätzliche Kosten, um die Flugstunde zu wirken.\nDie Flugstunde fügt einer Kreatur oder einem Spieler deiner Wahl Schadenspunkte in Höhe der Stärke der geopferten Kreatur zu.", "type": "Spontanzauber"}, {"flavorText": "Jamás encogerse. Jamás flaquear. Jamás temer.", "identifiers": {"multiverseId": "427372", "scryfallId": "a2c495e0-b05d-475b-bfe8-cb560d9a2972"}, "language": "Spanish", "multiverseId": 427372, "name": "Arrojar", "text": "Como coste adicional para lanzar Arrojar, sacrifica una criatura.\nArrojar hace daño a la criatura o jugador objetivo igual a la fuerza de la criatura sacrificada.", "type": "Instantáneo"}, {"flavorText": "Ne jamais reculer. Ne jamais faiblir. Ne jamais avoir peur.", "identifiers": {"multiverseId": "427641", "scryfallId": "bd5cf767-b9a6-4e68-a0fb-21018eac39c2"}, "language": "French", "multiverseId": 427641, "name": "Jet", "text": "En tant que coût supplémentaire pour lancer le Jet, sacrifiez une créature.\nLe Jet inflige à une cible, créature ou joueur, un nombre de blessures égal à la force de la créature sacrifiée.", "type": "Éphémère"}, {"flavorText": "Mai tirarsi indietro, mai titubare, mai temere.", "identifiers": {"multiverseId": "427910", "scryfallId": "145e7053-c3b4-489e-ba3a-24023a4777d1"}, "language": "Italian", "multiverseId": 427910, "name": "Scagliare", "text": "Come costo addizionale per lanciare Scagliare, sacrifica una creatura.\nScagliare infligge danno pari alla forza della creatura sacrificata a una creatura o a un giocatore bersaglio.", "type": "Istantaneo"}, {"flavorText": "ひるむな。たじろぐな。恐れるな。", "identifiers": {"multiverseId": "428179", "scryfallId": "500d78ac-7d3e-4327-b3c1-67dee2200960"}, "language": "Japanese", "multiverseId": 428179, "name": "投げ飛ばし", "text": "投げ飛ばしを唱えるための追加コストとして、クリーチャー１体を生け贄に捧げる。\nクリーチャー１体かプレイヤー１人を対象とする。投げ飛ばしはそれに、その生け贄に捧げたクリーチャーのパワーに等しい点数のダメージを与える。", "type": "インスタント"}, {"flavorText": "절대 주춤하지 말고, 흔들리지 말고, 두려워하지 마라.", "identifiers": {"multiverseId": "428448", "scryfallId": "426ba125-eff6-427a-a418-583f2f8a593a"}, "language": "Korean", "multiverseId": 428448, "name": "특공", "text": "특공을 발동하기 위한 추가비용으로, 생물 한 개를 희생한다.\n생물이나 플레이어를 목표로 정한다. 특공은 그 목표에게 희생된 생물의 공격력만큼의 피해를 입힌다.", "type": "순간마법"}, {"flavorText": "Jamais hesite. Jamais vacile. Jamais tema.", "identifiers": {"multiverseId": "428717", "scryfallId": "712fcb17-ab5c-4857-8a0f-f59c3bee51da"}, "language": "Portuguese (Brazil)", "multiverseId": 428717, "name": "Arremessar", "text": "Como custo adicional para conjurar Arremessar, sacrifique uma criatura.\nArremessar causa à criatura ou ao jogador alvo uma quantidade de dano igual ao poder da criatura sacrificada.", "type": "Mágica Instantânea"}, {"flavorText": "Не отступать. Не медлить. Не бояться.", "identifiers": {"multiverseId": "428986", "scryfallId": "eb954bf8-9ea8-4cf0-b75b-7e9999f2158a"}, "language": "Russian", "multiverseId": 428986, "name": "Швырок", "text": "В качестве дополнительной стоимости разыгрывания Швырка пожертвуйте существо.\nШвырок наносит целевому существу или игроку количество повреждений, равное силе пожертвованного существа.", "type": "Мгновенное заклинание"}, {"flavorText": "从不畏惧。从不退缩。从不害怕。", "identifiers": {"multiverseId": "429255", "scryfallId": "2ba76309-e145-42f7-878a-8e46f03a9010"}, "language": "Chinese Simplified", "multiverseId": 429255, "name": "投掷", "text": "牺牲一个生物，以作为施放投掷的额外费用。\n投掷对目标生物或牌手造成伤害，其数量等同于所牺牲生物的力量。", "type": "瞬间"}, {"flavorText": "從不畏懼。從不退縮。從不害怕。", "identifiers": {"multiverseId": "429524", "scryfallId": "427d37f2-c6f3-4d85-b9b9-4cdcd8ad8fd4"}, "language": "Chinese Traditional", "multiverseId": 429524, "name": "投擲", "text": "犧牲一個生物，以作為施放投擲的額外費用。\n投擲對目標生物或玩家造成傷害，其數量等同於所犧牲生物的力量。", "type": "瞬間"}], "frameVersion": "2015", "hasFoil": true, "hasNonFoil": true, "identifiers": {"cardsphereFoilId": "49202", "cardsphereId": "48831", "mcmId": "296566", "mcmMetaId": "2110", "mtgjsonV4Id": "6fa21127-7b69-5c19-b5bf-d72c6d3464e5", "mtgoFoilId": "63867", "mtgoId": "63866", "multiverseId": "426834", "scryfallCardBackId": "0aeebaf5-8c7d-4636-9e82-8c27447861f7", "scryfallId": "f02363a7-4455-4571-bfff-4ce94c7c1e3b", "scryfallIllustrationId": "4a7a06b8-e4e3-4227-b9fb-186250b5fa76", "scryfallOracleId": "24227761-b50e-4b9e-93a2-e82d053b3e3d", "tcgplayerProductId": "129523"}, "isFoil": false, "isReprint": true, "language": "English", "layout": "normal", "legalities": {"brawl": "Legal", "commander": "Legal", "duel": "Legal", "explorer": "Legal", "gladiator": "Legal", "historic": "Legal", "legacy": "Legal", "modern": "Legal", "oathbreaker": "Legal", "pauper": "Legal", "paupercommander": "Legal", "penny": "Legal", "pioneer": "Legal", "predh": "Legal", "premodern": "Legal", "timeless": "Legal", "vintage": "Legal"}, "manaCost": "{1}{R}", "manaValue": 2.0, "name": "Fling", "number": "132", "originalText": "As an additional cost to cast Fling, sacrifice a creature.\nFling deals damage equal to the sacrificed creature's power to target creature or player.", "originalType": "Instant", "printings": ["AKH", "DKA", "ELD", "JMP", "M11", "M12", "OTP", "PAL01", "PC2", "PCA", "PDCI", "PLST", "PRM", "SLD", "STH"], "purchaseUrls": {"cardmarket": "https://mtgjson.com/links/954d5375e3eac44a", "tcgplayer": "https://mtgjson.com/links/4b83d027fca2a838"}, "rarity": "common", "rulings": [{"date": "2019-10-04", "text": "Players can only respond once this spell has been cast and all its costs have been paid. No one can try to interfere with the creature you sacrificed to prevent you from casting this spell."}, {"date": "2019-10-04", "text": "You must sacrifice exactly one creature to cast this spell; you can't cast it without sacrificing a creature, and you can't sacrifice additional creatures."}, {"date": "2024-04-12", "text": "Use the sacrificed creature's power as it last existed on the battlefield to determine how much damage Fling deals."}], "setCode": "AKH", "sourceProducts": {"foil": ["bdfaa43d-9ebd-502f-856b-11eadc97b026"], "nonfoil": ["70800f19-b8c1-5801-8b74-115615edc5d3", "76990768-d07f-50bc-8c66-be9f429ca8ba", "95d1e0a6-6d46-5c25-b2ef-8c0076ea19f8", "bdfaa43d-9ebd-502f-856b-11eadc97b026", "ef9fcbfe-6f4a-5432-a142-1f622171746c"]}, "subtypes": [], "supertypes": [], "text": "As an additional cost to cast this spell, sacrifice a creature.\nFling deals damage equal to the sacrificed creature's power to any target.", "type": "Instant", "types": ["Instant"], "uuid": "ca5c7cb1-d5d3-5d39-b66e-6f6db1bba081"}, {"artist": "Viktor Titov", "artistIds": ["2270c0b0-afb4-42b0-bcb6-25fe4ad6eef2"], "availability": ["mtgo", "paper"], "boosterTypes": ["deck"], "borderColor": "black", "colorIdentity": ["R"], "colors": ["R"], "convertedManaCost": 4.0, "count": 1, "edhrecRank": 19025, "finishes": ["nonfoil"], "flavorText": "\"This is just my warm-up.\"", "foreignData": [{"flavorText": "„Ich werde gerade erst warm.\"", "identifiers": {"multiverseId": "420509", "scryfallId": "0caa5ed9-0806-4f8f-847b-855a3e0a033b"}, "language": "German", "multiverseId": 420509, "name": "Flammenpeitsche", "text": "Die Flammenpeitsche fügt einer Kreatur oder einem Spieler deiner Wahl 4 Schadenspunkte zu.", "type": "Spontanzauber"}, {"flavorText": "\"Únicamente estoy calentando\".d", "identifiers": {"multiverseId": "420579", "scryfallId": "1ad7f8df-7bdb-4f0d-9cdd-279b13ddde21"}, "language": "Spanish", "multiverseId": 420579, "name": "Latigazo ardiente", "text": "Latigazo ardiente hace 4 puntos de daño a la criatura o jugador objetivo.", "type": "Instantáneo"}, {"flavorText": "« C'est juste un échauffement. »", "identifiers": {"multiverseId": "420519", "scryfallId": "02d53cf9-4d72-412b-a86a-ab2ce2c3018a"}, "language": "French", "multiverseId": 420519, "name": "Fouet de flamme", "text": "Le Fouet de flamme inflige 4 blessures à une cible, créature ou joueur.", "type": "Éphémère"}, {"flavorText": "\"Mi sto appena scaldando.\"", "identifiers": {"multiverseId": "420529", "scryfallId": "721e4597-d276-4daf-82a8-38023b7be0ed"}, "language": "Italian", "multiverseId": 420529, "name": "Sferzata di Fiamma", "text": "La Sferzata di Fiamma infligge 4 danni a una creatura o a un giocatore bersaglio.", "type": "Istantaneo"}, {"flavorText": "「単なるウォーミングアップに過ぎないわ。」", "identifiers": {"multiverseId": "420539", "scryfallId": "0ad6426e-b60f-4c8f-b4fe-bfd747ab03a3"}, "language": "Japanese", "multiverseId": 420539, "name": "炎の鞭打ち", "text": "クリーチャー１体かプレイヤー１人を対象とする。炎の鞭打ちはそれに４点のダメージを与える。", "type": "インスタント"}, {"flavorText": "\"이건 시작일 뿐이야.\"", "identifiers": {"multiverseId": "420549", "scryfallId": "47bf92e7-0227-4311-9ca8-32957ddc04fd"}, "language": "Korean", "multiverseId": 420549, "name": "화염 채찍", "text": "생물이나 플레이어를 목표로 정한다. 화염 채찍은 그 목표에게 피해 4점을 입힌다.", "type": "순간마법"}, {"flavorText": "\"Eu estou só me aquecendo.\"", "identifiers": {"multiverseId": "420559", "scryfallId": "4e4b77e0-584c-45ac-8a83-4b52184ff70f"}, "language": "Portuguese (Brazil)", "multiverseId": 420559, "name": "Chicote Ardente", "text": "Chicote Ardente causa 4 pontos de dano à criatura ou ao jogador alvo.", "type": "Mágica Instantânea"}, {"flavorText": "«Я еще только разогреваюсь».", "identifiers": {"multiverseId": "420569", "scryfallId": "8d195a19-dcf0-4b86-b0b0-1ab8eb5f038f"}, "language": "Russian", "multiverseId": 420569, "name": "Огненный Хлыст", "text": "Огненный Хлыст наносит 4 повреждения целевому существу или игроку.", "type": "Мгновенное заклинание"}, {"flavorText": "「这只是热身而已。」", "identifiers": {"multiverseId": "420489", "scryfallId": "be32d09b-b649-4a4e-94c6-cb24c75d1087"}, "language": "Chinese Simplified", "multiverseId": 420489, "name": "炎鞭飞舞", "text": "炎鞭飞舞对目标生物或牌手造成4点伤害。", "type": "瞬间"}, {"flavorText": "「這只是熱身而已。」", "identifiers": {"multiverseId": "420499", "scryfallId": "7f4f003c-d3d0-4553-a5ac-3be6192ef4aa"}, "language": "Chinese Traditional", "multiverseId": 420499, "name": "炎鞭飛舞", "text": "炎鞭飛舞對目標生物或玩家造成4點傷害。", "type": "瞬間"}], "frameVersion": "2015", "hasFoil": false, "hasNonFoil": true, "identifiers": {"cardsphereId": "22901", "mcmId": "292656", "mcmMetaId": "223716", "mtgjsonV4Id": "36672f35-d7f2-56e8-90e0-c618af917ca9", "mtgoFoilId": "62192", "mtgoId": "62191", "multiverseId": "420479", "scryfallCardBackId": "0aeebaf5-8c7d-4636-9e82-8c27447861f7", "scryfallId": "ac44e3cb-cc69-4222-87bc-ffa54b7ab34a", "scryfallIllustrationId": "da115e38-7cc8-42c3-a762-3b4e85b9f5b1", "scryfallOracleId": "c65e804b-9222-4fa8-88d1-df06a3279f22", "tcgplayerProductId": "122876"}, "isFoil": false, "isStarter": true, "language": "English", "layout": "normal", "legalities": {"alchemy": "Legal", "brawl": "Legal", "commander": "Legal", "duel": "Legal", "explorer": "Legal", "future": "Legal", "gladiator": "Legal", "historic": "Legal", "legacy": "Legal", "modern": "Legal", "oathbreaker": "Legal", "pauper": "Legal", "paupercommander": "Legal", "pioneer": "Legal", "standard": "Legal", "standardbrawl": "Legal", "timeless": "Legal", "vintage": "Legal"}, "manaCost": "{3}{R}", "manaValue": 4.0, "name": "Flame Lash", "number": "266", "originalText": "Flame Lash deals 4 damage to target creature or player.", "originalType": "Instant", "printings": ["BLB", "J22", "JMP", "KLD"], "purchaseUrls": {"cardmarket": "https://mtgjson.com/links/a7e7b244bc3f2af7", "tcgplayer": "https://mtgjson.com/links/356465d50beb1be7"}, "rarity": "common", "setCode": "KLD", "sourceProducts": {"nonfoil": ["559b6d6c-fe2f-5a4b-8f39-b0a70f279148", "70800f19-b8c1-5801-8b74-115615edc5d3", "76990768-d07f-50bc-8c66-be9f429ca8ba", "95d1e0a6-6d46-5c25-b2ef-8c0076ea19f8", "ef9fcbfe-6f4a-5432-a142-1f622171746c"]}, "subtypes": [], "supertypes": [], "text": "Flame Lash deals 4 damage to any target.", "type": "Instant", "types": ["Instant"], "uuid": "66ed454d-05ae-5d41-9946-759cec012075"}, {"artist": "Jonas De Ro", "artistIds": ["561ebf9e-8d93-4b57-8156-8826d0c19601"], "availability": ["mtgo", "paper"], "boosterTypes": ["default"], "borderColor": "black", "colorIdentity": ["R"], "colors": [], "convertedManaCost": 0.0, "count": 13, "edhrecSaltiness": 0.35, "finishes": ["nonfoil", "foil"], "foreignData": [{"identifiers": {"multiverseId": "427235", "scryfallId": "610987ab-85e6-46c4-a583-ae4e2e5e2c50"}, "language": "German", "multiverseId": 427235, "name": "Gebirge", "type": "Standardland — Gebirge"}, {"identifiers": {"multiverseId": "427504", "scryfallId": "0496930f-2dd2-4583-b84d-19c4486a8f00"}, "language": "Spanish", "multiverseId": 427504, "name": "Montaña", "type": "Tierra básica — Montaña"}, {"identifiers": {"multiverseId": "427773", "scryfallId": "dbfbabc7-09d0-4019-805a-85e89cefdf6e"}, "language": "French", "multiverseId": 427773, "name": "Montagne", "type": "Terrain de base : montagne"}, {"identifiers": {"multiverseId": "428042", "scryfallId": "8e6ba6c0-4c6b-470f-a6f8-add21f44bb94"}, "language": "Italian", "multiverseId": 428042, "name": "Montagna", "type": "Terra Base — Montagna"}, {"identifiers": {"multiverseId": "428311", "scryfallId": "f2bf03dd-c5cb-44ce-8682-e59b55126208"}, "language": "Japanese", "multiverseId": 428311, "name": "山", "type": "基本土地 — 山"}, {"identifiers": {"multiverseId": "428580", "scryfallId": "96a4b3ba-a27a-4a4e-8c08-465343c4ea35"}, "language": "Korean", "multiverseId": 428580, "name": "산", "type": "기본 대지 — 산"}, {"identifiers": {"multiverseId": "428849", "scryfallId": "b84dcc6e-1548-40cd-b843-2406f47fe16b"}, "language": "Portuguese (Brazil)", "multiverseId": 428849, "name": "Montanha", "type": "Terreno Básico — Montanha"}, {"identifiers": {"multiverseId": "429118", "scryfallId": "6acba359-be69-4c3e-8bb7-829325709bc8"}, "language": "Russian", "multiverseId": 429118, "name": "Гора", "type": "Базовая Земля — Гора"}, {"identifiers": {"multiverseId": "429387", "scryfallId": "2648a901-a597-4980-b589-8358fc648003"}, "language": "Chinese Simplified", "multiverseId": 429387, "name": "山脉", "type": "基本地～山脉"}, {"identifiers": {"multiverseId": "429656", "scryfallId": "3b21740d-e70f-4e42-8125-25f90118eb2a"}, "language": "Chinese Traditional", "multiverseId": 429656, "name": "山脈", "type": "基本地～山脈"}], "frameVersion": "2015", "hasFoil": true, "hasNonFoil": true, "identifiers": {"cardsphereFoilId": "49270", "cardsphereId": "48858", "mcmId": "296656", "mtgjsonV4Id": "72689f10-d5ff-55b8-9fe4-f6131b84630f", "mtgoFoilId": "64191", "mtgoId": "64190", "multiverseId": "426966", "scryfallCardBackId": "0aeebaf5-8c7d-4636-9e82-8c27447861f7", "scryfallId": "37827425-f304-43eb-979b-1ec5b923a2b5", "scryfallIllustrationId": "416b718e-c3f7-4b72-afe9-2ed1ecf72a3e", "scryfallOracleId": "a3fb7228-e76b-4e96-a40e-20b5fed75685", "tcgplayerProductId": "130250"}, "isFoil": false, "isReprint": true, "language": "English", "layout": "normal", "legalities": {"alchemy": "Legal", "brawl": "Legal", "commander": "Legal", "duel": "Legal", "explorer": "Legal", "future": "Legal", "gladiator": "Legal", "historic": "Legal", "legacy": "Legal", "modern": "Legal", "oathbreaker": "Legal", "pauper": "Legal", "paupercommander": "Legal", "penny": "Legal", "pioneer": "Legal", "predh": "Legal", "premodern": "Legal", "standard": "Legal", "standardbrawl": "Legal", "timeless": "Legal", "vintage": "Legal"}, "manaValue": 0.0, "name": "Mountain", "number": "264", "originalText": "R", "originalType": "Basic Land - Mountain", "printings": ["10E", "2ED", "2XM", "30A", "3ED", "40K", "4BB", "4ED", "5ED", "6ED", "7ED", "8ED", "9ED", "ACR", "AFR", "AKH", "AKR", "ALA", "ANA", "ANB", "ARC", "ARN", "ATH", "AVR", "BBD", "BFZ", "BLB", "BRB", "BRC", "BRO", "BTD", "C13", "C14", "C15", "C16", "C17", "C18", "C19", "CED", "CEI", "CHK", "CLB", "CLU", "CM2", "CMA", "CMD", "CMM", "CMR", "CST", "DD1", "DD2", "DDE", "DDG", "DDH", "DDI", "DDJ", "DDK", "DDL", "DDN", "DDP", "DDS", "DDT", "DDU", "DKM", "DMR", "DMU", "DOM", "DPA", "DSK", "DTK", "E01", "ELD", "EVG", "FBB", "FRF", "G17", "GK1", "GK2", "GN2", "GN3", "GNT", "GRN", "GS1", "H09", "HBG", "HOP", "HOU", "ICE", "IKO", "INV", "ISD", "ITP", "J14", "J22", "JMP", "JVC", "KHM", "KLD", "KLR", "KTK", "LCI", "LEA", "LEB", "LRW", "LTR", "M10", "M11", "M12", "M13", "M14", "M15", "M19", "M20", "M21", "MBS", "ME1", "ME3", "MH2", "MH3", "MID", "MIR", "MKM", "MMQ", "MOM", "MRD", "NEO", "NPH", "ODY", "OLEP", "ONE", "ONS", "ORI", "OTJ", "P02", "P23", "PAL00", "PAL01", "PAL03", "PAL04", "PAL05", "PAL06", "PAL99", "PALP", "PANA", "PARL", "PC2", "PCA", "PD2", "PELP", "PF19", "PF20", "PGPX", "PGRU", "PIP", "PL24", "PLST", "PMPS", "PMPS06", "PMPS07", "PMPS08", "PMPS09", "PMPS10", "PMPS11", "POR", "PPP1", "PRM", "PRW2", "PRWK", "PS11", "PSAL", "PSS2", "PSS3", "PSS4", "PTC", "PTK", "PZ2", "RAV", "REX", "RIX", "RNA", "ROE", "RQS", "RTR", "S99", "SCD", "SHM", "SIR", "SLD", "SNC", "SOI", "SOM", "STX", "SUM", "TD0", "THB", "THS", "TMP", "TPR", "TSP", "UGL", "UND", "UNF", "UNH", "USG", "UST", "VOW", "WAR", "WC00", "WC01", "WC02", "WC03", "WC97", "WC98", "WC99", "WHO", "WOE", "XANA", "XLN", "ZEN", "ZNR"], "purchaseUrls": {"tcgplayer": "https://mtgjson.com/links/224328134f41e762"}, "rarity": "common", "setCode": "AKH", "sourceProducts": {"foil": ["bdfaa43d-9ebd-502f-856b-11eadc97b026"], "nonfoil": ["54945ed8-387d-5824-a8fa-2eb6971610a0", "70800f19-b8c1-5801-8b74-115615edc5d3", "76990768-d07f-50bc-8c66-be9f429ca8ba", "95d1e0a6-6d46-5c25-b2ef-8c0076ea19f8", "bdfaa43d-9ebd-502f-856b-11eadc97b026", "ef9fcbfe-6f4a-5432-a142-1f622171746c"]}, "subtypes": ["Mountain"], "supertypes": ["Basic"], "text": "({T}: Add {R}.)", "type": "Basic Land — Mountain", "types": ["Land"], "uuid": "ceb6d29d-d752-55f6-9a66-40e0fbf21add", "variations": ["0bdf65c2-e1f7-5ceb-ac1c-743a6d8229f5", "bc2d3e38-a147-5d66-b251-d5ce17da922b", "897ffccd-d859-5d59-9ab8-359f5ab880e2"]}], "name": "Amonkhet Welcome Deck - Red", "releaseDate": "2017-04-15", "sealedProductUuids": null, "sideBoard": [], "type": "Welcome Deck"}}