{"meta": {"date": "2024-09-03", "version": "5.2.2+20240903"}, "data": {"code": "7ED", "commander": [], "mainBoard": [{"artist": "Greg Hildebrandt & Tim Hildebrandt", "artistIds": ["020f967b-0d2f-4166-aabe-901dba8bc7ec", "caa7228c-f74c-4145-91fb-1af8d623c353"], "availability": ["mtgo", "paper"], "boosterTypes": ["default"], "borderColor": "white", "colorIdentity": ["W"], "colors": ["W"], "convertedManaCost": 1.0, "count": 2, "edhrecRank": 25050, "edhrecSaltiness": 0.33, "finishes": ["nonfoil"], "flavorText": "\"Training? Seeing my crops burnt to cinders was all the 'training' I needed.\"", "foreignData": [{"flavorText": "„Training? Ich hab' gesehen, wie mein Getreide in Asche verwandelt wurde, mehr Motivation brauche ich nicht.\"", "identifiers": {"multiverseId": "182654", "scryfallId": "085fef61-4ff9-47b7-8966-d0a54c1b00ab"}, "language": "German", "multiverseId": 182654, "name": "Eifriger Kadett", "type": "Kreatur — Soldat"}, {"identifiers": {"scryfallId": "81e711a7-eb82-47e1-8dc5-dc4a405b124d"}, "language": "Spanish", "name": "Cadete ansioso"}, {"flavorText": "« Entraînement ? Quel entraînement ? Ils ont brûlé mes champs, je veux me battre »", "identifiers": {"multiverseId": "184070", "scryfallId": "69cd50d1-77d9-4a07-8be1-bd738aa30c70"}, "language": "French", "multiverseId": 184070, "name": "Cadet impatient", "type": "Créature : soldat"}, {"identifiers": {"scryfallId": "2cfd901f-8a2d-4e48-b77f-e702d7ddfccc"}, "language": "Japanese", "name": "熱心な士官候補生"}, {"identifiers": {"scryfallId": "d9593556-78a6-4aed-9606-01462c0f374d"}, "language": "Portuguese (Brazil)", "name": "Cadete Impetuoso"}], "frameVersion": "1997", "hasFoil": false, "hasNonFoil": true, "identifiers": {"cardsphereFoilId": "2089", "cardsphereId": "2090", "mcmId": "2776", "mcmMetaId": "1682", "mtgjsonV4Id": "82a12f0e-6dc5-52c0-9b5d-d31584dffad1", "mtgoFoilId": "15963", "mtgoId": "15962", "multiverseId": "15780", "scryfallCardBackId": "0aeebaf5-8c7d-4636-9e82-8c27447861f7", "scryfallId": "46b89ce6-8a73-4e27-8696-e65ea0c16925", "scryfallIllustrationId": "288414f4-d239-4d82-9480-e3e3cfacb7cf", "scryfallOracleId": "39780477-01ba-40c6-8fe6-2178efb10b92", "tcgplayerProductId": "2879"}, "isFoil": false, "isReprint": true, "language": "English", "layout": "normal", "legalities": {"commander": "Legal", "duel": "Legal", "legacy": "Legal", "modern": "Legal", "oathbreaker": "Legal", "pauper": "Legal", "paupercommander": "Legal", "predh": "Legal", "premodern": "Legal", "vintage": "Legal"}, "manaCost": "{W}", "manaValue": 1.0, "name": "Eager Cadet", "number": "14", "originalType": "Creature - Soldier", "power": "1", "printings": ["7ED", "8ED", "9ED", "S00", "S99"], "purchaseUrls": {"cardmarket": "https://mtgjson.com/links/13ce4625641afa14", "tcgplayer": "https://mtgjson.com/links/ff63d5aab41eaa51"}, "rarity": "common", "setCode": "7ED", "sourceProducts": {"nonfoil": ["338f1f46-3973-5b8b-aafa-ddc9f478609f", "49b42259-471a-53ca-882b-53fa55afc7af", "dbb5529a-dced-558d-a529-459129603dd1"]}, "subtypes": ["Human", "Soldier"], "supertypes": [], "toughness": "1", "type": "Creature — Human Soldier", "types": ["Creature"], "uuid": "5e817a4b-0fcd-546b-8cda-9ed63d4ec0b1", "variations": ["8ef1aa9e-c26a-5fa0-b1e2-94840eb54302"]}, {"artist": "Marc Fishman", "artistIds": ["d50dd2c3-34ae-4eb1-8948-cb4b38d7e4b9"], "availability": ["mtgo", "paper"], "boosterTypes": ["default"], "borderColor": "white", "colorIdentity": ["W"], "colors": ["W"], "convertedManaCost": 2.0, "count": 1, "edhrecRank": 13382, "finishes": ["nonfoil"], "flavorText": "If only every message were as perfect as its messenger.", "foreignData": [{"flavorText": "Wenn nur jede Nachricht so gut wäre wie ihr Überbringer.", "identifiers": {"multiverseId": "182641", "scryfallId": "eced74d2-6110-4966-8cda-167f907de14c"}, "language": "German", "multiverseId": 182641, "name": "Engelsgleicher Helfer", "text": "Fliegend\n{T}: Eine angreifende oder blockende Kreatur deiner Wahl erhält +1/+1 bis zum Ende des Zuges.", "type": "Kreatur — Geist"}, {"identifiers": {"scryfallId": "2300bfa3-ed2b-4e80-9c84-9a9544aaad26"}, "language": "Spanish", "name": "Paje angélico"}, {"flavorText": "Si seulement chaque message était aussi beau, aussi pur, que son porteur.", "identifiers": {"multiverseId": "184057", "scryfallId": "59f529e4-4d15-4204-8648-20f719c55e84"}, "language": "French", "multiverseId": 184057, "name": "Page angélique", "text": "Vol\n{T}: La créature attaquante ou bloqueuse ciblée gagne +1/+1 jusqu'à la fin du tour.", "type": "Créature : esprit"}, {"identifiers": {"scryfallId": "3d216ee8-d727-4aaf-95b7-dacb1afb6e51"}, "language": "Japanese", "name": "天使の従者"}, {"identifiers": {"scryfallId": "b0182e7a-d2ee-469f-a60b-df0fb0c2229f"}, "language": "Portuguese (Brazil)", "name": "Pajem Angelical"}], "frameVersion": "1997", "hasFoil": false, "hasNonFoil": true, "identifiers": {"cardsphereFoilId": "1969", "cardsphereId": "1970", "mcmId": "2763", "mcmMetaId": "183", "mtgjsonV4Id": "86923a37-c68d-57a8-b984-83bd95ef2e2c", "mtgoFoilId": "15353", "mtgoId": "15352", "multiverseId": "25546", "scryfallCardBackId": "0aeebaf5-8c7d-4636-9e82-8c27447861f7", "scryfallId": "b3aebe60-bbd4-4591-bf3c-6cec67e41cf6", "scryfallIllustrationId": "79c6d915-b3d5-4707-9f91-6a28b39a58ce", "scryfallOracleId": "f7f76abc-8656-4e97-9b7f-7f89ca3e6d93", "tcgplayerProductId": "2819"}, "isFoil": false, "isReprint": true, "keywords": ["Flying"], "language": "English", "layout": "normal", "legalities": {"brawl": "Legal", "commander": "Legal", "duel": "Legal", "gladiator": "Legal", "historic": "Legal", "legacy": "Legal", "modern": "Legal", "oathbreaker": "Legal", "pauper": "Legal", "paupercommander": "Legal", "penny": "Legal", "predh": "Legal", "premodern": "Legal", "timeless": "Legal", "vintage": "Legal"}, "manaCost": "{1}{W}", "manaValue": 2.0, "name": "Angelic Page", "number": "1", "originalText": "Flying\noc\nT: Target attacking or blocking creature gets +1/+1 until end of turn.", "originalType": "Creature - Spirit", "power": "1", "printings": ["7ED", "8ED", "A25", "BRB", "DDC", "DVD", "J22", "JMP", "PLST", "PSAL", "USG"], "purchaseUrls": {"cardmarket": "https://mtgjson.com/links/f5e4d10ae261a779", "tcgplayer": "https://mtgjson.com/links/d282209f3a96f1c8"}, "rarity": "common", "setCode": "7ED", "sourceProducts": {"nonfoil": ["338f1f46-3973-5b8b-aafa-ddc9f478609f", "dbb5529a-dced-558d-a529-459129603dd1"]}, "subtypes": ["Angel", "Spirit"], "supertypes": [], "text": "Flying\n{T}: Target attacking or blocking creature gets +1/+1 until end of turn.", "toughness": "1", "type": "Creature — Angel Spirit", "types": ["Creature"], "uuid": "cfe05eff-7428-53ef-afc8-788ef5964925", "variations": ["ab55424f-58d5-5d9b-bc0d-01e9368aa5f1"]}, {"artist": "James Bernardin", "artistIds": ["9b287d6b-17a3-4e6e-8221-5057166fd608"], "availability": ["mtgo", "paper"], "boosterTypes": ["default"], "borderColor": "white", "colorIdentity": ["W"], "colors": ["W"], "convertedManaCost": 2.0, "count": 1, "edhrecRank": 16092, "finishes": ["nonfoil"], "flavorText": "Twang. You're dead.", "foreignData": [{"flavorText": "Peng. Du bist tot.", "identifiers": {"multiverseId": "182652", "scryfallId": "4dcb9102-fd10-4d99-b3e7-4082c4cdd696"}, "language": "German", "multiverseId": 182652, "name": "Armbrustträger", "text": "{T}: Der Armbrustträger fügt einer angreifenden oder blockenden Kreatur deiner Wahl 1 Schadenspunkt zu.", "type": "Kreatur — Soldat"}, {"identifiers": {"scryfallId": "96cf726e-4318-4a5a-8f9b-2115cf3f1b4e"}, "language": "Spanish", "name": "Infantería de ballesta"}, {"flavorText": "Dzang. Tu es mort.", "identifiers": {"multiverseId": "184068", "scryfallId": "fe1cb093-a062-41d4-b8f3-9be451698e3a"}, "language": "French", "multiverseId": 184068, "name": "Arbalétriers à pied", "text": "{T}: Ces Arbalétriers à pied infligent 1 blessure à la créature attaquante ou bloqueuse ciblée.", "type": "Créature : soldat"}, {"identifiers": {"scryfallId": "8977c991-703d-4ac6-a4ca-b2b30ac5cbd3"}, "language": "Japanese", "name": "弩弓歩兵"}, {"identifiers": {"scryfallId": "30e14b0b-e6a4-4d8b-8a57-e35aec1ebc82"}, "language": "Portuguese (Brazil)", "name": "Infantaria com Balista"}], "frameVersion": "1997", "hasFoil": false, "hasNonFoil": true, "identifiers": {"cardsphereFoilId": "2057", "cardsphereId": "2058", "mcmId": "2774", "mcmMetaId": "1206", "mtgjsonV4Id": "57778848-4ab1-504e-9356-a323c197c2fe", "mtgoFoilId": "15443", "mtgoId": "15442", "multiverseId": "26841", "scryfallCardBackId": "0aeebaf5-8c7d-4636-9e82-8c27447861f7", "scryfallId": "d61cc896-1da5-419c-87db-01321522c40b", "scryfallIllustrationId": "d6e61d32-faf1-4979-95f2-989ddaa574d0", "scryfallOracleId": "dd99d791-3305-4195-ad12-96d958a28764", "tcgplayerProductId": "2863"}, "isFoil": false, "isReprint": true, "language": "English", "layout": "normal", "legalities": {"commander": "Legal", "duel": "Legal", "legacy": "Legal", "modern": "Legal", "oathbreaker": "Legal", "pauper": "Legal", "paupercommander": "Legal", "penny": "Legal", "predh": "Legal", "premodern": "Legal", "vintage": "Legal"}, "manaCost": "{1}{W}", "manaValue": 2.0, "name": "Crossbow Infantry", "number": "12", "originalText": "oc\nT: Crossbow Infantry deals 1 damage to target attacking or blocking creature.", "originalType": "Creature - Soldier", "power": "1", "printings": ["7ED", "8ED", "9ED", "MMQ", "PLST"], "purchaseUrls": {"cardmarket": "https://mtgjson.com/links/6749d43be62259f8", "tcgplayer": "https://mtgjson.com/links/5522b01759154a55"}, "rarity": "common", "setCode": "7ED", "sourceProducts": {"nonfoil": ["338f1f46-3973-5b8b-aafa-ddc9f478609f", "dbb5529a-dced-558d-a529-459129603dd1"]}, "subtypes": ["Human", "Soldier", "Archer"], "supertypes": [], "text": "{T}: Crossbow Infantry deals 1 damage to target attacking or blocking creature.", "toughness": "1", "type": "Creature — Human Soldier Archer", "types": ["Creature"], "uuid": "25c3ae0f-f7eb-5745-a5bc-6c86f0a308ff", "variations": ["537acf95-677a-5eff-aed9-38316aef66b0"]}, {"artist": "Matthew D. Wilson", "artistIds": ["4fbafd13-0cf9-42a1-870d-7f8ea276f140"], "availability": ["mtgo", "paper"], "boosterTypes": ["default"], "borderColor": "white", "colorIdentity": ["W"], "colors": ["W"], "convertedManaCost": 2.0, "count": 2, "edhrecRank": 24862, "edhrecSaltiness": 0.27, "finishes": ["nonfoil"], "flavorText": "Knights are quick to pledge their loyalty and even quicker to charge into battle.", "foreignData": [{"flavorText": "Ritter sind schnell, ihre Loyalität zu schwören, und noch schneller, wenn es darum geht, in die Schlacht zu ziehen.", "identifiers": {"multiverseId": "182664", "scryfallId": "bfd990d3-3889-477f-afc8-2df675a9e735"}, "language": "German", "multiverseId": 182664, "name": "Fahrender Ritter", "type": "Kreatur — Ritter"}, {"identifiers": {"scryfallId": "6206a062-354d-4c83-b8ad-edd9d1a59781"}, "language": "Spanish", "name": "Caballero andante"}, {"flavorText": "Les chevaliers sont prompts à affirmer leur loyauté, mais plus rapides encore à charger au combat.", "identifiers": {"multiverseId": "184080", "scryfallId": "d1d08143-502d-423b-a268-d6373d7c0ed7"}, "language": "French", "multiverseId": 184080, "name": "Chevalier errant", "type": "Créature : chevalier"}, {"identifiers": {"scryfallId": "cc6d482d-372e-49e9-a7ee-0d35a1c778ad"}, "language": "Japanese", "name": "遍歴の騎士"}, {"identifiers": {"scryfallId": "d39d37e6-5f09-4c66-9aa0-c5161ac1d6e8"}, "language": "Portuguese (Brazil)", "name": "Cavaleiro Errante"}], "frameVersion": "1997", "hasFoil": false, "hasNonFoil": true, "identifiers": {"cardsphereFoilId": "2267", "cardsphereId": "2268", "mcmId": "2786", "mcmMetaId": "3105", "mtgjsonV4Id": "d5c2eba5-0157-5b99-8c3a-08fd9c76465b", "mtgoFoilId": "16001", "mtgoId": "16000", "multiverseId": "13099", "scryfallCardBackId": "0aeebaf5-8c7d-4636-9e82-8c27447861f7", "scryfallId": "d8d1d55b-6be0-4bb5-b452-ba4994b21774", "scryfallIllustrationId": "2bf8cdf9-0704-4527-95be-455d4532d8dc", "scryfallOracleId": "920cc1a7-ac6b-44c0-ade7-347f05bba0f2", "tcgplayerProductId": "2968"}, "isFoil": false, "isReprint": true, "language": "English", "layout": "normal", "legalities": {"commander": "Legal", "duel": "Legal", "legacy": "Legal", "oathbreaker": "Legal", "pauper": "Legal", "paupercommander": "Legal", "penny": "Legal", "predh": "Legal", "premodern": "Legal", "vintage": "Legal"}, "manaCost": "{1}{W}", "manaValue": 2.0, "name": "Knight Errant", "number": "24", "originalType": "Creature - Knight", "power": "2", "printings": ["7ED", "POR", "S00", "S99"], "purchaseUrls": {"cardmarket": "https://mtgjson.com/links/8059d7f2fb064d8b", "tcgplayer": "https://mtgjson.com/links/9915f974c801ec02"}, "rarity": "common", "setCode": "7ED", "sourceProducts": {"nonfoil": ["338f1f46-3973-5b8b-aafa-ddc9f478609f", "49b42259-471a-53ca-882b-53fa55afc7af", "dbb5529a-dced-558d-a529-459129603dd1"]}, "subtypes": ["Human", "Knight"], "supertypes": [], "toughness": "2", "type": "Creature — Human Knight", "types": ["Creature"], "uuid": "9c6449d5-0a0c-5ee4-a0aa-97c9193bcbec", "variations": ["5d118f3d-68e3-56a9-b45e-5d7e9e180ccc"]}, {"artist": "Anson Maddocks", "artistIds": ["634430a7-b5c3-4e4a-b2ac-164e084e47c9"], "availability": ["mtgo", "paper"], "boosterTypes": ["default"], "borderColor": "white", "colorIdentity": ["W"], "colors": ["W"], "convertedManaCost": 2.0, "count": 2, "edhrecRank": 24939, "finishes": ["nonfoil"], "flavorText": "Why does a Samite heal? You might as well ask why a bird flies.", "foreignData": [{"flavorText": "Warum soviele Samiten den Beruf des Feldschers ergreifen? Frag' mich mal, warum ein Vogel fliegt.", "identifiers": {"multiverseId": "182678", "scryfallId": "a5b4160b-268a-4b40-83ab-b30d30323599"}, "language": "German", "multiverseId": 182678, "name": "Feldscher", "text": "{T}: Verhindere den nächsten 1 Schadenspunkt, der in diesem Zug einer Kreatur oder einem Spieler deiner Wahl zugefügt würde.", "type": "Kreatur — Kleriker"}, {"identifiers": {"scryfallId": "9ec5b5c3-3efb-47a9-816b-e908f13b1d14"}, "language": "Spanish", "name": "Sanador Samita"}, {"flavorText": "« Je nourris dans son cœur la semence féconde Des vertus dont il doit sanctifier le monde. » — Racine, Esther.", "identifiers": {"multiverseId": "184094", "scryfallId": "df56abb7-963e-44e9-9251-85c09880fbee"}, "language": "French", "multiverseId": 184094, "name": "Guérisseur sanctif", "text": "{T}: Prévenez, ce tour-ci, les prochaines 1 blessures sur une cible, créature ou joueur.", "type": "Créature : clerc"}, {"identifiers": {"scryfallId": "d7f427c3-0645-4731-acd0-b07f85db4984"}, "language": "Japanese", "name": "サマイトの癒し手"}, {"identifiers": {"scryfallId": "65a41b2b-ecad-4bae-8217-b00edfccdd6e"}, "language": "Portuguese (Brazil)", "name": "Curandeiro Samita"}], "frameVersion": "1997", "hasFoil": false, "hasNonFoil": true, "identifiers": {"cardsphereFoilId": "2455", "cardsphereId": "2456", "mcmId": "2800", "mcmMetaId": "4880", "mtgjsonV4Id": "f4c268f3-575c-5198-973d-d2ba16cb58ef", "mtgoFoilId": "15815", "mtgoId": "15814", "multiverseId": "11478", "scryfallCardBackId": "0aeebaf5-8c7d-4636-9e82-8c27447861f7", "scryfallId": "19d997ce-6b08-4058-a7f8-82cc74b9974d", "scryfallIllustrationId": "77807ac5-5d3d-4101-96e7-9fe087f8a975", "scryfallOracleId": "95a0ca48-d924-47f4-86ed-42c673ee778c", "tcgplayerProductId": "3062"}, "isFoil": false, "isReprint": true, "language": "English", "layout": "normal", "legalities": {"commander": "Legal", "duel": "Legal", "legacy": "Legal", "modern": "Legal", "oathbreaker": "Legal", "pauper": "Legal", "paupercommander": "Legal", "penny": "Legal", "predh": "Legal", "premodern": "Legal", "vintage": "Legal"}, "manaCost": "{1}{W}", "manaValue": 2.0, "name": "Samite Healer", "number": "38", "originalText": "oc\nT: Prevent the next 1 damage that would be dealt to target creature or player this turn.", "originalType": "Creature - Cleric", "power": "1", "printings": ["10E", "2ED", "30A", "3ED", "4BB", "4ED", "5ED", "6ED", "7ED", "8ED", "9ED", "ATH", "CED", "CEI", "FBB", "LEA", "LEB", "SUM"], "purchaseUrls": {"cardmarket": "https://mtgjson.com/links/26622c3e2e57e06e", "tcgplayer": "https://mtgjson.com/links/bd7887dce8200e98"}, "rarity": "common", "setCode": "7ED", "sourceProducts": {"nonfoil": ["338f1f46-3973-5b8b-aafa-ddc9f478609f", "dbb5529a-dced-558d-a529-459129603dd1"]}, "subtypes": ["Human", "Cleric"], "supertypes": [], "text": "{T}: Prevent the next 1 damage that would be dealt to any target this turn.", "toughness": "1", "type": "Creature — Human Cleric", "types": ["Creature"], "uuid": "50549bb2-eeb1-59a3-bd23-7d1ad0f88b8e", "variations": ["985ac0f6-0ca6-50a8-9966-6bad1fd3635d"]}, {"artist": "Ray Lago", "artistIds": ["a72b1f7b-b72a-4e8b-bc97-d6720c0e5837"], "availability": ["mtgo", "paper"], "boosterTypes": ["default"], "borderColor": "white", "colorIdentity": ["W"], "colors": ["W"], "convertedManaCost": 2.0, "count": 2, "edhrecRank": 19585, "finishes": ["nonfoil"], "flavorText": "Some say they have the blood of hawks running through their veins.", "foreignData": [{"flavorText": "Manche glauben, das Blut der Falken fließe durch ihre Adern.", "identifiers": {"multiverseId": "182666", "scryfallId": "f4ba8838-bdc6-49de-ba07-adeac4ecd6db"}, "language": "German", "multiverseId": 182666, "name": "Langbogenschütze", "text": "Erstschlag\nDer Langbogenschütze kann blocken, als ob er Flugfähigkeit hätte.", "type": "Kreatur — Soldat"}, {"identifiers": {"scryfallId": "e264edff-69f5-4b81-bfa3-3463201dfe14"}, "language": "Spanish", "name": "Tirador de arco largo"}, {"flavorText": "Le sang du faucon coule-t-il dans leurs veines ?", "identifiers": {"multiverseId": "184082", "scryfallId": "810b8e6f-1a64-4567-98f5-bbefc51f4391"}, "language": "French", "multiverseId": 184082, "name": "Archer à l'arc long", "text": "Initiative\nL'Archer à l'arc long peut bloquer comme s'il avait le vol.", "type": "Créature : soldat"}, {"identifiers": {"scryfallId": "8ad5e522-15b3-4279-9842-cbd70582c60c"}, "language": "Japanese", "name": "長弓兵"}, {"identifiers": {"scryfallId": "34176787-c67e-4de8-9a2a-2e5075977c24"}, "language": "Portuguese (Brazil)", "name": "Arqueiro de Arco Longo"}], "frameVersion": "1997", "hasFoil": false, "hasNonFoil": true, "identifiers": {"cardsphereFoilId": "2285", "cardsphereId": "2286", "mcmId": "2788", "mcmMetaId": "3349", "mtgjsonV4Id": "aba80482-1a71-5b05-a5bc-55b012c6e440", "mtgoFoilId": "15657", "mtgoId": "15656", "multiverseId": "25549", "scryfallCardBackId": "0aeebaf5-8c7d-4636-9e82-8c27447861f7", "scryfallId": "8ac3672e-ebab-4bb1-bf4d-5020047296d8", "scryfallIllustrationId": "3b379226-1010-43a8-93cf-8cac152542ef", "scryfallOracleId": "51531db1-ba59-4ccc-9a91-54de2887fc8b", "tcgplayerProductId": "2977"}, "isFoil": false, "isReprint": true, "keywords": ["First strike", "Reach"], "language": "English", "layout": "normal", "legalities": {"commander": "Legal", "duel": "Legal", "legacy": "Legal", "oathbreaker": "Legal", "paupercommander": "Restricted", "predh": "Legal", "premodern": "Legal", "vintage": "Legal"}, "manaCost": "{W}{W}", "manaValue": 2.0, "name": "Longbow Archer", "number": "26", "originalText": "First strike\nLongbow Archer may block as though it had flying.", "originalType": "Creature - Soldier", "power": "2", "printings": ["6ED", "7ED", "FNM", "PRM", "VIS"], "purchaseUrls": {"cardmarket": "https://mtgjson.com/links/ef8a4b52770b14b8", "tcgplayer": "https://mtgjson.com/links/de5520e450a349c2"}, "rarity": "uncommon", "rulings": [{"date": "2008-04-01", "text": "This card now uses the Reach keyword ability to enable the blocking of flying creatures. This works because a creature with flying can only be blocked by creatures with flying or reach."}], "setCode": "7ED", "sourceProducts": {"nonfoil": ["338f1f46-3973-5b8b-aafa-ddc9f478609f", "dbb5529a-dced-558d-a529-459129603dd1"]}, "subtypes": ["Human", "Soldier", "Archer"], "supertypes": [], "text": "First strike; reach (This creature can block creatures with flying.)", "toughness": "2", "type": "Creature — Human Soldier Archer", "types": ["Creature"], "uuid": "03266ee0-8dad-50cd-a304-9d2acb3c833c", "variations": ["0ee33b35-0a47-535f-842e-530f79e49fa0"]}, {"artist": "Gary Ruddell", "artistIds": ["086111c7-93f0-4bab-b339-6fe1c00d693c"], "availability": ["mtgo", "paper"], "boosterTypes": ["default"], "borderColor": "white", "colorIdentity": ["W"], "colors": ["W"], "convertedManaCost": 3.0, "count": 2, "edhrecRank": 24936, "finishes": ["nonfoil"], "flavorText": "They fight so closely together a mouse couldn't slip past their guard.", "foreignData": [{"flavorText": "„Sie kämpfen so dicht an dicht, dass nicht einmal ein Mäuschen durchschlüpfen könnte.\"", "identifiers": {"multiverseId": "182688", "scryfallId": "a17716d4-7cd6-4cee-9815-5856433ad605"}, "language": "German", "multiverseId": 182688, "name": "Stehende Truppen", "text": "Die Stehenden Truppen werden beim Angreifen nicht getappt.", "type": "Kreatur — Soldat"}, {"identifiers": {"scryfallId": "d0090fe9-b7aa-418b-875b-3e12a6837ea7"}, "language": "Spanish", "name": "Tropas firmes"}, {"flavorText": "Ils se battent en rangs si serrés qu'une souris ne pourrait s'y faufiler.", "identifiers": {"multiverseId": "184104", "scryfallId": "b5952d47-a44c-42c5-ac14-b57be72c4529"}, "language": "French", "multiverseId": 184104, "name": "Troupes régulières", "text": "Attaquer avec ces Troupes régulières ne les fait pas s'engager.", "type": "Créature : soldat"}, {"identifiers": {"scryfallId": "f90de36a-600e-46b0-928d-d2b30a2b6027"}, "language": "Japanese", "name": "常備軍"}, {"identifiers": {"scryfallId": "681b0f7f-ee5b-4e4a-a895-b1b61196038d"}, "language": "Portuguese (Brazil)", "name": "Tropas Posicionadas"}], "frameVersion": "1997", "hasFoil": false, "hasNonFoil": true, "identifiers": {"cardsphereFoilId": "2515", "cardsphereId": "2516", "mcmId": "2810", "mcmMetaId": "5578", "mtgjsonV4Id": "4bd5cf38-e61a-5421-8d80-3497f15fed03", "mtgoFoilId": "15867", "mtgoId": "15866", "multiverseId": "13139", "scryfallCardBackId": "0aeebaf5-8c7d-4636-9e82-8c27447861f7", "scryfallId": "8ccb299f-5601-4852-9fea-3c375b4851e8", "scryfallIllustrationId": "882eddff-ce3e-4c45-a336-36774bc4876e", "scryfallOracleId": "9e9d5242-424d-4f61-b625-806295dbb0c7", "tcgplayerProductId": "3092"}, "isFoil": false, "isReprint": true, "keywords": ["Vigilance"], "language": "English", "layout": "normal", "legalities": {"commander": "Legal", "duel": "Legal", "legacy": "Legal", "modern": "Legal", "oathbreaker": "Legal", "pauper": "Legal", "paupercommander": "Legal", "penny": "Legal", "pioneer": "Legal", "predh": "Legal", "premodern": "Legal", "vintage": "Legal"}, "manaCost": "{2}{W}", "manaValue": 3.0, "name": "Standing Troops", "number": "48", "originalText": "Attacking doesn't cause Standing Troops to tap.", "originalType": "Creature - Soldier", "power": "1", "printings": ["6ED", "7ED", "8ED", "DDO", "EXO", "TPR", "W17"], "purchaseUrls": {"cardmarket": "https://mtgjson.com/links/e00fde4f205ffeb6", "tcgplayer": "https://mtgjson.com/links/005f167485bcaecb"}, "rarity": "common", "setCode": "7ED", "sourceProducts": {"nonfoil": ["338f1f46-3973-5b8b-aafa-ddc9f478609f", "dbb5529a-dced-558d-a529-459129603dd1"]}, "subtypes": ["Human", "Soldier"], "supertypes": [], "text": "Vigilance", "toughness": "4", "type": "Creature — Human Soldier", "types": ["Creature"], "uuid": "c2e57261-b07c-553c-a89a-62eea0304dba", "variations": ["e2444c3d-44a4-5d88-b830-4a9160c5d40a"]}, {"artist": "Brian Snõddy", "artistIds": ["770b4e16-de76-49ed-949f-84e6d2e06d25"], "availability": ["mtgo", "paper"], "boosterTypes": ["default"], "borderColor": "white", "colorIdentity": ["W"], "colors": ["W"], "convertedManaCost": 4.0, "count": 1, "edhrecRank": 25480, "finishes": ["nonfoil"], "flavorText": "\"Soldiers wear down and enemies collapse—but the ballista never tires.\"\n—Ballista captain", "foreignData": [{"flavorText": "18 Goblins, 11 Bolde, 22 23 Skelette —Strichliste, eingeritzt in die Ballista", "identifiers": {"multiverseId": "182659", "scryfallId": "692d0ef8-8820-4c17-af2c-55e26ab4f0c7"}, "language": "German", "multiverseId": 182659, "name": "Schwere Ballista", "text": "{T}: Die schwere Ballista fügt einer angreifenden oder blockenden Kreatur deiner Wahl 2 Schadenspunkte zu.", "type": "Kreatur — Soldat"}, {"identifiers": {"scryfallId": "811ea0ac-3658-438f-be93-1c8cb8d2a9b3"}, "language": "Spanish", "name": "Balista pesada"}, {"flavorText": "« Les soldats s'épuisent et les ennemis tombent, mais jamais la baliste ne fatigue.» — Un capitaine de baliste.", "identifiers": {"multiverseId": "184075", "scryfallId": "51fe962c-0b27-42e1-8db3-d9410f018908"}, "language": "French", "multiverseId": 184075, "name": "Baliste lourde", "text": "{T}: La Baliste lourde inflige 2 blessures à la créature attaquante ou bloqueuse ciblée.", "type": "Créature : soldat"}, {"identifiers": {"scryfallId": "7c2e1294-ae70-4399-affd-9b1e378199e3"}, "language": "Japanese", "name": "重バリスタ部隊"}, {"identifiers": {"scryfallId": "a3abf35a-3c29-4b40-9348-d81f5e10bbc5"}, "language": "Portuguese (Brazil)", "name": "Balista Pesada"}], "frameVersion": "1997", "hasFoil": false, "hasNonFoil": true, "identifiers": {"cardsphereFoilId": "2215", "cardsphereId": "2216", "mcmId": "2781", "mcmMetaId": "2649", "mtgjsonV4Id": "8d3df4af-8297-51a5-b6a1-1737dc5b7bfc", "mtgoFoilId": "15595", "mtgoId": "15594", "multiverseId": "13017", "scryfallCardBackId": "0aeebaf5-8c7d-4636-9e82-8c27447861f7", "scryfallId": "8b665186-7ee5-47dd-b849-cb9c318f31e6", "scryfallIllustrationId": "30d37a6c-88fb-405a-8c50-3333f94970f2", "scryfallOracleId": "b4219836-c802-49e2-9a66-f03ca8f13895", "tcgplayerProductId": "2942"}, "isFoil": false, "isReprint": true, "language": "English", "layout": "normal", "legalities": {"commander": "Legal", "duel": "Legal", "legacy": "Legal", "oathbreaker": "Legal", "pauper": "Legal", "paupercommander": "Legal", "penny": "Legal", "predh": "Legal", "premodern": "Legal", "vintage": "Legal"}, "manaCost": "{3}{W}", "manaValue": 4.0, "name": "Heavy Ballista", "number": "19", "originalText": "oc\nT: Heavy Ballista deals 2 damage to target attacking or blocking creature.", "originalType": "Creature - Soldier", "power": "2", "printings": ["6ED", "7ED", "WTH"], "purchaseUrls": {"cardmarket": "https://mtgjson.com/links/65e6e2baa4c4241e", "tcgplayer": "https://mtgjson.com/links/033298df9bc04068"}, "rarity": "uncommon", "setCode": "7ED", "sourceProducts": {"nonfoil": ["338f1f46-3973-5b8b-aafa-ddc9f478609f", "dbb5529a-dced-558d-a529-459129603dd1"]}, "subtypes": ["Human", "Soldier"], "supertypes": [], "text": "{T}: Heavy Ballista deals 2 damage to target attacking or blocking creature.", "toughness": "3", "type": "Creature — Human Soldier", "types": ["Creature"], "uuid": "8fed2ceb-3f5b-5ba5-8baa-77b14aa57553", "variations": ["38da3bb8-dfa6-5bc3-aa50-05ea80d495ba"]}, {"artist": "Pete Venters", "artistIds": ["d54c4a1a-c0c5-4834-84db-125d341f3ad8"], "availability": ["mtgo", "paper"], "boosterTypes": ["default"], "borderColor": "white", "colorIdentity": ["W"], "colors": ["W"], "convertedManaCost": 4.0, "count": 1, "edhrecRank": 18550, "finishes": ["nonfoil"], "flavorText": "Like a meteor, it strikes from above without warning. Unlike a meteor, it then carries you off and eats you.", "foreignData": [{"flavorText": "Wie ein Meteor stürzt er ohne Warnung von oben auf dich herab. Anders als ein Meteor trägt er dich davon und frisst dich auf.", "identifiers": {"multiverseId": "182672", "scryfallId": "4b43bb4e-1c98-4bcd-8cf7-964df2023957"}, "language": "German", "multiverseId": 182672, "name": "Rasiermesserklauen-Greif", "text": "Fliegend, Erstschlag", "type": "Kreatur — Greif"}, {"identifiers": {"scryfallId": "62edd7ba-beed-48f7-a295-3888cbf9c00e"}, "language": "Spanish", "name": "Grifo pienavaja"}, {"flavorText": "Comme un éclair il fond sur vous. Mais un éclair ne vous déchire pas pour vous dévorer.", "identifiers": {"multiverseId": "184088", "scryfallId": "65690a62-5e3e-45af-b99c-b4c588b2c585"}, "language": "French", "multiverseId": 184088, "name": "Griffon serres-rasoir", "text": "Vol, initiative", "type": "Créature : griffon"}, {"identifiers": {"scryfallId": "c34eeabf-956b-4990-aae0-2a3dda97d567"}, "language": "Japanese", "name": "カミソリ足のグリフィン"}, {"identifiers": {"scryfallId": "afc1c645-48f0-4b7b-949c-97bb6fa3b0b4"}, "language": "Portuguese (Brazil)", "name": "Grifo Garra-de-Navalha"}], "frameVersion": "1997", "hasFoil": false, "hasNonFoil": true, "identifiers": {"cardsphereFoilId": "2415", "cardsphereId": "2416", "mcmId": "2794", "mcmMetaId": "4545", "mtgjsonV4Id": "1ee89853-a9d8-5206-9e38-15234b00a9ec", "mtgoFoilId": "15777", "mtgoId": "15776", "multiverseId": "12977", "scryfallCardBackId": "0aeebaf5-8c7d-4636-9e82-8c27447861f7", "scryfallId": "cc73761c-6d1a-4466-9be1-b350a1dcc48a", "scryfallIllustrationId": "ceb980ef-4614-4316-8856-b35e2943ed80", "scryfallOracleId": "c7ecb785-2bfc-4953-b356-db7c27406dbb", "tcgplayerProductId": "3042"}, "isFoil": false, "isReprint": true, "keywords": ["First strike", "Flying"], "language": "English", "layout": "normal", "legalities": {"commander": "Legal", "duel": "Legal", "legacy": "Legal", "modern": "Legal", "oathbreaker": "Legal", "pauper": "Legal", "paupercommander": "Legal", "penny": "Legal", "pioneer": "Legal", "predh": "Legal", "premodern": "Legal", "vintage": "Legal"}, "manaCost": "{3}{W}", "manaValue": 4.0, "name": "Razorfoot Griffin", "number": "32", "originalText": "Flying, first strike", "originalType": "Creature - Griffin", "power": "2", "printings": ["7ED", "8ED", "INV", "M10", "M15"], "purchaseUrls": {"cardmarket": "https://mtgjson.com/links/cbbbe19df31f6666", "tcgplayer": "https://mtgjson.com/links/b2829b1f93c7dd86"}, "rarity": "common", "setCode": "7ED", "sourceProducts": {"nonfoil": ["338f1f46-3973-5b8b-aafa-ddc9f478609f", "3dd7bc41-7dc5-5214-b2cd-4cc2447684f2", "dbb5529a-dced-558d-a529-459129603dd1"]}, "subtypes": ["Griffin"], "supertypes": [], "text": "Flying (This creature can't be blocked except by creatures with flying or reach.)\nFirst strike (This creature deals combat damage before creatures without first strike.)", "toughness": "2", "type": "Creature — Griffin", "types": ["Creature"], "uuid": "670fa953-60ac-52f6-8ad5-fe3567e9f3fc", "variations": ["39439f67-3de7-5774-baf0-c81b408c461b"]}, {"artist": "Matthew D. Wilson", "artistIds": ["4fbafd13-0cf9-42a1-870d-7f8ea276f140"], "availability": ["mtgo", "paper"], "boosterTypes": ["default"], "borderColor": "white", "colorIdentity": ["W"], "colors": ["W"], "convertedManaCost": 4.0, "count": 1, "edhrecRank": 21970, "edhrecSaltiness": 0.11, "finishes": ["nonfoil"], "flavorText": "An angel's blessing prepares a soldier for war better than a thousand military drills.", "foreignData": [{"flavorText": "Der Segen eines Engels hilft dem Soldaten im Krieg mehr als ausführliches militärisches Training.", "identifiers": {"multiverseId": "182681", "scryfallId": "af6bb5d0-e377-4c92-98a0-5a16d52336a2"}, "language": "German", "multiverseId": 182681, "name": "Beratender Engel", "text": "Fliegend\n{T}: Eine angreifende oder blockende Kreatur deiner Wahl erhält +2/+2 bis zum Ende des Zuges.", "type": "Kreatur — Engel"}, {"identifiers": {"scryfallId": "a6da07e8-d2af-4a4c-95bd-4b37c834c5ea"}, "language": "Spanish", "name": "Abogado de Serra"}, {"flavorText": "Le simple toucher d'un ange prépare mieux à la bataille que des années d'entraînement.", "identifiers": {"multiverseId": "184097", "scryfallId": "de1f69d6-f2ec-42f2-9853-e00bc0dd932f"}, "language": "French", "multiverseId": 184097, "name": "Partisane de Serra", "text": "Vol\n{T}: La créature attaquante ou bloqueuse ciblée gagne +2/+2 jusqu'à la fin du tour.", "type": "Créature : ange"}, {"identifiers": {"scryfallId": "db4a8c41-0475-40db-bb57-7a9195ddf3bf"}, "language": "Japanese", "name": "セラの代言者"}, {"identifiers": {"scryfallId": "e62d1793-e330-48f6-a981-53726ea5c86e"}, "language": "Portuguese (Brazil)", "name": "Advogado de Serra"}], "frameVersion": "1997", "hasFoil": false, "hasNonFoil": true, "identifiers": {"cardsphereFoilId": "2473", "cardsphereId": "2474", "mcmId": "2803", "mcmMetaId": "5065", "mtgjsonV4Id": "0c66b824-3a94-52a9-b27b-32395aa9c1d9", "mtgoFoilId": "15829", "mtgoId": "15828", "multiverseId": "13162", "scryfallCardBackId": "0aeebaf5-8c7d-4636-9e82-8c27447861f7", "scryfallId": "a411716d-aff1-4b8f-961d-a873707b9f2a", "scryfallIllustrationId": "5f5c311a-741b-4b00-9975-0e7f05c2a568", "scryfallOracleId": "4c67292a-7fcc-4646-8a06-99a7b4b3e005", "tcgplayerProductId": "3071"}, "isFoil": false, "isReprint": true, "keywords": ["Flying"], "language": "English", "layout": "normal", "legalities": {"commander": "Legal", "duel": "Legal", "legacy": "Legal", "oathbreaker": "Legal", "paupercommander": "Restricted", "penny": "Legal", "predh": "Legal", "premodern": "Legal", "vintage": "Legal"}, "manaCost": "{3}{W}", "manaValue": 4.0, "name": "Serra Advocate", "number": "41", "originalText": "Flying\noc\nT: Target attacking or blocking creature gets +2/+2 until end of turn.", "originalType": "Creature - Angel", "power": "2", "printings": ["7ED", "DDC", "DVD", "UDS"], "purchaseUrls": {"cardmarket": "https://mtgjson.com/links/89333cddb81b1c1d", "tcgplayer": "https://mtgjson.com/links/be034ee091737854"}, "rarity": "uncommon", "setCode": "7ED", "sourceProducts": {"nonfoil": ["338f1f46-3973-5b8b-aafa-ddc9f478609f", "dbb5529a-dced-558d-a529-459129603dd1"]}, "subtypes": ["Angel"], "supertypes": [], "text": "Flying\n{T}: Target attacking or blocking creature gets +2/+2 until end of turn.", "toughness": "2", "type": "Creature — Angel", "types": ["Creature"], "uuid": "9ea1b179-4e0e-5edc-a029-4d3a2bb7db2e", "variations": ["515e62b3-c4ea-58c3-8f5a-2b99243d5798"]}, {"artist": "Greg Hildebrandt & Tim Hildebrandt", "artistIds": ["020f967b-0d2f-4166-aabe-901dba8bc7ec", "caa7228c-f74c-4145-91fb-1af8d623c353"], "availability": ["mtgo", "paper"], "boosterTypes": ["default"], "borderColor": "white", "colorIdentity": ["W"], "colors": ["W"], "convertedManaCost": 5.0, "count": 1, "edhrecRank": 24763, "finishes": ["nonfoil"], "flavorText": "Her heart holds the pain of every soldier she's ever healed.", "foreignData": [{"flavorText": "Ihr Herz enthält die Angst jedes Soldaten, den sie je geheilt hat.", "identifiers": {"multiverseId": "182667", "scryfallId": "ddb22612-95dc-42e2-99e0-853e963b2bbe"}, "language": "German", "multiverseId": 182667, "name": "Meisterheiler", "text": "{T}: Verhindere die nächsten 4 Schadenspunkte, die in diesem Zug einer Kreatur oder einem Spieler deiner Wahl zugefügt werden.", "type": "Kreatur — Kleriker"}, {"identifiers": {"scryfallId": "32721e7b-d0b3-415e-985a-8a4eba5667d3"}, "language": "Spanish", "name": "Sanador experto"}, {"flavorText": "« Je le soignais, Dieu le guérit. » — Ambroise Paré.", "identifiers": {"multiverseId": "184083", "scryfallId": "5eff00b2-5888-4950-b62c-3d13a67e856a"}, "language": "French", "multiverseId": 184083, "name": "Maître guérisseur", "text": "{T}: Prévenez, ce tour-ci, les prochaines 4 blessures sur une cible, créature ou joueur.", "type": "Créature : clerc"}, {"identifiers": {"scryfallId": "4f52358e-e5a4-428d-a15f-711f24b341a0"}, "language": "Japanese", "name": "練達の癒し手"}, {"identifiers": {"scryfallId": "fc0db56b-81ab-45a1-b43d-6374604f4d4c"}, "language": "Portuguese (Brazil)", "name": "Mestre Curandeiro"}], "frameVersion": "1997", "hasFoil": false, "hasNonFoil": true, "identifiers": {"cardsphereFoilId": "2305", "cardsphereId": "2306", "mcmId": "2789", "mcmMetaId": "3507", "mtgjsonV4Id": "f68ed9f6-4c28-5bc3-875f-6c1217e0530b", "mtgoFoilId": "15677", "mtgoId": "15676", "multiverseId": "15790", "scryfallCardBackId": "0aeebaf5-8c7d-4636-9e82-8c27447861f7", "scryfallId": "6cfdc12c-fd1f-4053-8a1a-63f440ef0102", "scryfallIllustrationId": "54e2559e-fd6b-4ed1-bc23-d07c3081619c", "scryfallOracleId": "7695b61a-8d44-44b1-9783-ea3114111c3e", "tcgplayerProductId": "2987"}, "isFoil": false, "isReprint": true, "language": "English", "layout": "normal", "legalities": {"commander": "Legal", "duel": "Legal", "legacy": "Legal", "modern": "Legal", "oathbreaker": "Legal", "penny": "Legal", "predh": "Legal", "premodern": "Legal", "vintage": "Legal"}, "manaCost": "{4}{W}", "manaValue": 5.0, "name": "Master Healer", "number": "27", "originalText": "oc\nT: Prevent the next 4 damage that would be dealt to target creature or player this turn.", "originalType": "Creature - Cleric", "power": "1", "printings": ["7ED", "8ED", "9ED", "UDS"], "purchaseUrls": {"cardmarket": "https://mtgjson.com/links/7ad79b109752642f", "tcgplayer": "https://mtgjson.com/links/11b4cf9e3b06680c"}, "rarity": "rare", "setCode": "7ED", "sourceProducts": {"nonfoil": ["338f1f46-3973-5b8b-aafa-ddc9f478609f", "dbb5529a-dced-558d-a529-459129603dd1"]}, "subtypes": ["Human", "Cleric"], "supertypes": [], "text": "{T}: Prevent the next 4 damage that would be dealt to any target this turn.", "toughness": "4", "type": "Creature — Human Cleric", "types": ["Creature"], "uuid": "d32b62b9-13eb-52c4-87e6-6350d7183efd", "variations": ["48904c35-c5d3-527f-bddf-2cbe48c2838a"]}, {"artist": "Greg Hildebrandt & Tim Hildebrandt", "artistIds": ["020f967b-0d2f-4166-aabe-901dba8bc7ec", "caa7228c-f74c-4145-91fb-1af8d623c353"], "availability": ["mtgo", "paper"], "boosterTypes": ["default"], "borderColor": "white", "colorIdentity": ["W"], "colors": ["W"], "convertedManaCost": 1.0, "count": 2, "edhrecRank": 19437, "finishes": ["nonfoil"], "foreignData": [{"identifiers": {"multiverseId": "182658", "scryfallId": "763f524c-a25e-47f7-9297-6b8583739703"}, "language": "German", "multiverseId": 182658, "name": "Heilbalsam", "text": "Bestimme eines ein Spieler deiner Wahl erhält 3 Lebenspunkte dazu, oder verhindere in diesem Zug die nächsten 3 Schadenspunkte bei einer Kreatur oder einem Spieler deiner Wahl.", "type": "Spontanzauber"}, {"identifiers": {"scryfallId": "1113b309-1358-40b2-a5ba-3a82d31bdf7d"}, "language": "Spanish", "name": "Bálsamo de curación"}, {"identifiers": {"multiverseId": "184074", "scryfallId": "7fb7b0d9-2067-4c47-a2fc-faa751a9cff1"}, "language": "French", "multiverseId": 184074, "name": "Onguent de soins", "text": "Choisissez l'un Le joueur ciblé gagne 3 points de vie ; ou prévenez, ce tour-ci, les prochaines 3 blessures sur une cible, créature ou joueur.", "type": "Éphémère"}, {"identifiers": {"scryfallId": "959228c8-cf08-4ec6-841e-761fb6095fb6"}, "language": "Japanese", "name": "治癒の軟膏"}, {"identifiers": {"scryfallId": "2c02d069-974b-4690-8aa3-51492cf423f0"}, "language": "Portuguese (Brazil)", "name": "Bálsamo Restaurador"}], "frameVersion": "1997", "hasFoil": false, "hasNonFoil": true, "identifiers": {"cardsphereFoilId": "2213", "cardsphereId": "2214", "mcmId": "2780", "mcmMetaId": "2630", "mtgjsonV4Id": "08c1a97a-a0ed-56a1-9512-f8000bd71c7e", "mtgoFoilId": "15593", "mtgoId": "15592", "multiverseId": "25545", "scryfallCardBackId": "0aeebaf5-8c7d-4636-9e82-8c27447861f7", "scryfallId": "9670a69a-bd68-4de9-bf83-c912564012f6", "scryfallIllustrationId": "09e096fc-9426-4543-b771-d08eb9ace009", "scryfallOracleId": "8da8644c-75a1-4fe9-8e94-900d948d631c", "tcgplayerProductId": "2941"}, "isFoil": false, "isReprint": true, "language": "English", "layout": "normal", "legalities": {"commander": "Legal", "duel": "Legal", "legacy": "Legal", "modern": "Legal", "oathbreaker": "Legal", "pauper": "Legal", "paupercommander": "Legal", "penny": "Legal", "predh": "Legal", "premodern": "Legal", "vintage": "Legal"}, "manaCost": "{W}", "manaValue": 1.0, "name": "Healing Salve", "number": "18", "originalText": "Choose one Target player gains 3 life; or prevent the next 3 damage that would be dealt to target creature or player this turn.", "originalType": "Instant", "printings": ["2ED", "30A", "3ED", "4BB", "4ED", "5ED", "6ED", "7ED", "8ED", "BRB", "CED", "CEI", "DDC", "DVD", "FBB", "ITP", "LEA", "LEB", "ME4", "MIR", "RQS", "SUM", "USG"], "purchaseUrls": {"cardmarket": "https://mtgjson.com/links/4d38189658911312", "tcgplayer": "https://mtgjson.com/links/df5a467362a4e7f9"}, "rarity": "common", "setCode": "7ED", "sourceProducts": {"nonfoil": ["338f1f46-3973-5b8b-aafa-ddc9f478609f", "dbb5529a-dced-558d-a529-459129603dd1"]}, "subtypes": [], "supertypes": [], "text": "Choose one —\n• Target player gains 3 life.\n• Prevent the next 3 damage that would be dealt to any target this turn.", "type": "Instant", "types": ["Instant"], "uuid": "2e5ec1d9-e7cb-579e-acfd-49144acd031b", "variations": ["de7577ff-c717-56bb-a2d2-96ec3378e771"]}, {"artist": "Daren Bader", "artistIds": ["7da1a585-c875-45e4-b322-5da9e8e1f651"], "availability": ["mtgo", "paper"], "boosterTypes": ["default"], "borderColor": "white", "colorIdentity": ["W"], "colors": ["W"], "convertedManaCost": 1.0, "count": 1, "edhrecRank": 3884, "edhrecSaltiness": 0.31, "finishes": ["nonfoil"], "flavorText": "The noble paladins draw strength from the courage of others.", "foreignData": [{"flavorText": "Die edlen Paladine ziehen ihre Stärke aus dem Mut von anderen.", "identifiers": {"multiverseId": "182687", "scryfallId": "d536bb8c-825a-41d6-822c-fd1c4ba853a7"}, "language": "German", "multiverseId": 182687, "name": "Geisteskontakt", "text": "Immer wenn die verzauberte Kreatur Schaden zufügt, erhältst du ebenso viele Lebenspunkte dazu.", "type": "Kreaturenverzauberung"}, {"identifiers": {"scryfallId": "319f6644-f1fd-4d15-a04d-4d5d36b3b570"}, "language": "Spanish", "name": "Vínculo espiritual"}, {"flavorText": "Du courage d'autrui, les nobles paladins tiraient leur force.", "identifiers": {"multiverseId": "184103", "scryfallId": "57ef3b80-c2ae-4b97-90b2-f9159c7b413d"}, "language": "French", "multiverseId": 184103, "name": "Liaison psychique", "text": "À chaque fois que la créature enchantée inflige des blessures, vous gagnez autant de points de vie.", "type": "Enchanter : créature"}, {"identifiers": {"scryfallId": "9631db86-d101-4a12-a535-a59d159c2063"}, "language": "Japanese", "name": "魂の絆"}, {"identifiers": {"scryfallId": "e062d98d-e1d1-41fe-8020-e0bf44046152"}, "language": "Portuguese (Brazil)", "name": "Vínculo Espiritual"}], "frameVersion": "1997", "hasFoil": false, "hasNonFoil": true, "identifiers": {"cardsphereFoilId": "2509", "cardsphereId": "2510", "mcmId": "2809", "mcmMetaId": "5501", "mtgjsonV4Id": "3a9ae2dc-eb01-5638-a821-08dd27ed3327", "mtgoFoilId": "15863", "mtgoId": "15862", "multiverseId": "25547", "scryfallCardBackId": "0aeebaf5-8c7d-4636-9e82-8c27447861f7", "scryfallId": "b7f92671-5023-4cf1-bc06-58e8c094c6a2", "scryfallIllustrationId": "c77e4a9a-5720-408e-8273-1bea230d3e02", "scryfallOracleId": "c77ff526-c0a8-45c7-9730-2e306a0d01b8", "tcgplayerProductId": "3089"}, "isFoil": false, "isReprint": true, "keywords": ["Enchant"], "language": "English", "layout": "normal", "legalities": {"commander": "Legal", "duel": "Legal", "legacy": "Legal", "modern": "Legal", "oathbreaker": "Legal", "pauper": "Legal", "paupercommander": "Legal", "predh": "Legal", "premodern": "Legal", "vintage": "Legal"}, "manaCost": "{W}", "manaValue": 1.0, "name": "Spirit Link", "number": "47", "originalText": "Whenever enchanted creature deals damage, you gain that much life.", "originalType": "Enchant Creature", "printings": ["10E", "4BB", "4ED", "5ED", "6ED", "7ED", "8ED", "9ED", "DMR", "LEG", "PLST", "PSAL", "REN", "WC98"], "purchaseUrls": {"cardmarket": "https://mtgjson.com/links/0f38bb9a56d33e81", "tcgplayer": "https://mtgjson.com/links/1b96173f3270e85c"}, "rarity": "uncommon", "rulings": [{"date": "2022-12-08", "text": "The triggered ability triggers when the enchanted creature deals any damage, not only combat damage."}, {"date": "2022-12-08", "text": "Unlike the lifelink ability, the ability of Spirit Link is a triggered ability that goes on the stack and may be responded to. Notably, if the enchanted creature deals damage at the same time you’re dealt enough damage to reduce your life total to 0 or less, you’ll lose the game before you can gain any life."}], "setCode": "7ED", "sourceProducts": {"nonfoil": ["338f1f46-3973-5b8b-aafa-ddc9f478609f", "dbb5529a-dced-558d-a529-459129603dd1"]}, "subtypes": ["Aura"], "supertypes": [], "text": "Enchant creature (Target a creature as you cast this. This card enters attached to that creature.)\nWhenever enchanted creature deals damage, you gain that much life.", "type": "Enchantment — Aura", "types": ["Enchantment"], "uuid": "8d757fae-1745-5268-a802-37a44e792c9e", "variations": ["cb9cab04-a32d-586b-bb37-bb7552c1a8ab"]}, {"artist": "Andrew Goldhawk", "artistIds": ["f4a65a04-9e2e-4541-8d0e-f34e9517f092"], "availability": ["mtgo", "paper"], "boosterTypes": ["default"], "borderColor": "white", "colorIdentity": ["W"], "colors": ["W"], "convertedManaCost": 2.0, "count": 1, "edhrecRank": 853, "edhrecSaltiness": 0.14, "finishes": ["nonfoil"], "foreignData": [{"identifiers": {"multiverseId": "182653", "scryfallId": "ea3af9ec-9848-4e45-b58a-b9268fdcc2ee"}, "language": "German", "multiverseId": 182653, "name": "Entzauberung", "text": "Zerstöre ein Artefakt oder eine Verzauberung deiner Wahl.", "type": "Spontanzauber"}, {"identifiers": {"scryfallId": "21f757c7-fcd0-46cb-acce-89e3381a8e0f"}, "language": "Spanish", "name": "Desencantar"}, {"identifiers": {"multiverseId": "184069", "scryfallId": "ac29e3a3-c52f-44d7-82b2-236620b54812"}, "language": "French", "multiverseId": 184069, "name": "Désenchantement", "text": "Détruisez l'enchantement ciblé ou l'artefact ciblé.", "type": "Éphémère"}, {"identifiers": {"scryfallId": "32d87d09-37bb-447b-8fcf-7df2a1b6f7b4"}, "language": "Japanese", "name": "解呪"}, {"identifiers": {"scryfallId": "dd99cde8-42c5-4c04-a69b-9401cf170f7a"}, "language": "Portuguese (Brazil)", "name": "Desencantar"}], "frameVersion": "1997", "hasFoil": false, "hasNonFoil": true, "identifiers": {"cardsphereFoilId": "2077", "cardsphereId": "2078", "mcmId": "2775", "mcmMetaId": "1512", "mtgjsonV4Id": "282c1737-6f05-5d11-a746-4469a90d7919", "mtgoFoilId": "15467", "mtgoId": "15466", "multiverseId": "11238", "scryfallCardBackId": "0aeebaf5-8c7d-4636-9e82-8c27447861f7", "scryfallId": "402f71fc-807c-4718-956b-7ffe66c646d4", "scryfallIllustrationId": "b29d26f7-d5b5-4bde-841f-3ffbdd9d3843", "scryfallOracleId": "a7e97fa9-4b72-4548-b854-5be5f18a6f1a", "tcgplayerProductId": "2873"}, "isFoil": false, "isReprint": true, "language": "English", "layout": "normal", "legalities": {"brawl": "Legal", "commander": "Legal", "duel": "Legal", "explorer": "Legal", "future": "Legal", "gladiator": "Legal", "historic": "Legal", "legacy": "Legal", "modern": "Legal", "oathbreaker": "Legal", "pauper": "Legal", "paupercommander": "Legal", "pioneer": "Legal", "predh": "Legal", "premodern": "Legal", "standard": "Legal", "standardbrawl": "Legal", "timeless": "Legal", "vintage": "Legal"}, "manaCost": "{1}{W}", "manaValue": 2.0, "name": "Disenchant", "number": "13", "originalText": "Destroy target artifact or enchantment.", "originalType": "Instant", "printings": ["2ED", "30A", "3ED", "4BB", "4ED", "5ED", "6ED", "7ED", "A25", "ATH", "BRB", "BRO", "CED", "CEI", "CMR", "CN2", "CST", "F03", "FBB", "ICE", "IMA", "LEA", "LEB", "M20", "ME2", "ME3", "MIR", "MMQ", "OLEP", "P07", "PARL", "PLST", "PMEI", "PRM", "PTC", "SCD", "SUM", "TMP", "TPR", "TSB", "USG", "WC97", "WC98", "ZNR"], "purchaseUrls": {"cardmarket": "https://mtgjson.com/links/0c99026e6847735b", "tcgplayer": "https://mtgjson.com/links/6c48131c8dc75b3f"}, "rarity": "common", "rulings": [{"date": "2004-10-04", "text": "This is not modal. If the target changes from an artifact to an enchantment or vice versa, this still destroys it."}], "setCode": "7ED", "sourceProducts": {"nonfoil": ["338f1f46-3973-5b8b-aafa-ddc9f478609f", "6b50f546-01d9-57c5-84d9-b0663cd13329", "dbb5529a-dced-558d-a529-459129603dd1"]}, "subtypes": [], "supertypes": [], "text": "Destroy target artifact or enchantment.", "type": "Instant", "types": ["Instant"], "uuid": "143b0fd0-d24d-5edc-acf6-94674be12e21", "variations": ["a7569782-df72-5df9-85ed-9232374eced9"]}, {"artist": "Eric Peterson", "artistIds": ["0fc26d3b-4c0e-41d1-8eb3-286ab55a2328"], "availability": ["mtgo", "paper"], "boosterTypes": ["default"], "borderColor": "white", "colorIdentity": ["W"], "colors": ["W"], "convertedManaCost": 2.0, "count": 2, "edhrecRank": 5131, "edhrecSaltiness": 0.41, "finishes": ["nonfoil"], "flavorText": "Without warriors there can be no war.", "foreignData": [{"flavorText": "Ohne Krieger kann es keinen Krieg geben.", "identifiers": {"multiverseId": "182669", "scryfallId": "f32c575b-0a3e-4621-94de-2f221a492afa"}, "language": "German", "multiverseId": 182669, "name": "Pazifismus", "text": "Die verzauberte Kreatur kann nicht angreifen oder blocken.", "type": "Kreaturenverzauberung"}, {"identifiers": {"scryfallId": "50cc4678-b19e-4f42-9f4c-f521cf033007"}, "language": "Spanish", "name": "Pacifismo"}, {"flavorText": "Sans guerriers il n'y a pas de guerre.", "identifiers": {"multiverseId": "184085", "scryfallId": "ed6d3320-e69f-4fc4-8cfd-8dd748245157"}, "language": "French", "multiverseId": 184085, "name": "Pacifisme", "text": "La créature enchantée ne peut ni attaquer ni bloquer.", "type": "Enchanter : créature"}, {"identifiers": {"scryfallId": "32b50c2d-5c46-4ede-8837-8251720d2091"}, "language": "Japanese", "name": "平和な心"}, {"identifiers": {"scryfallId": "b308e1e2-9d8d-4d6e-963f-a90c42fda675"}, "language": "Portuguese (Brazil)", "name": "Pacifismo"}], "frameVersion": "1997", "hasFoil": false, "hasNonFoil": true, "identifiers": {"cardsphereFoilId": "2367", "cardsphereId": "2368", "mcmId": "2791", "mcmMetaId": "4060", "mtgjsonV4Id": "e0cacc87-9fc7-589d-a5b4-8063c480d5ec", "mtgoFoilId": "15733", "mtgoId": "15732", "multiverseId": "12978", "scryfallCardBackId": "0aeebaf5-8c7d-4636-9e82-8c27447861f7", "scryfallId": "ee6758f0-86da-4812-bbe0-ebbb8c67937a", "scryfallIllustrationId": "095c84e4-6a7d-4f77-9a40-4186c1ed45ad", "scryfallOracleId": "5f5e0b10-c8cf-450c-bfd3-bcb0528ec330", "tcgplayerProductId": "3018"}, "isFoil": false, "isReprint": true, "keywords": ["Enchant"], "language": "English", "layout": "normal", "legalities": {"alchemy": "Legal", "brawl": "Legal", "commander": "Legal", "duel": "Legal", "explorer": "Legal", "gladiator": "Legal", "historic": "Legal", "legacy": "Legal", "modern": "Legal", "oathbreaker": "Legal", "pauper": "Legal", "paupercommander": "Legal", "penny": "Legal", "pioneer": "Legal", "predh": "Legal", "premodern": "Legal", "timeless": "Legal", "vintage": "Legal"}, "manaCost": "{1}{W}", "manaValue": 2.0, "name": "Pacifism", "number": "29", "originalText": "Enchanted creature can't attack or block.", "originalType": "Enchant Creature", "printings": ["10E", "6ED", "7ED", "8ED", "9ED", "A25", "ANB", "ATH", "BBD", "BRB", "DDC", "DMR", "DTK", "DVD", "EMA", "FDN", "IKO", "JMP", "M10", "M11", "M12", "M13", "M14", "M20", "MIR", "ONS", "PLST", "PS11", "PSAL", "TMP", "TPR", "USG", "WC04"], "purchaseUrls": {"cardmarket": "https://mtgjson.com/links/4f4d91c9c1e7e78f", "tcgplayer": "https://mtgjson.com/links/cc2644374cd623e2"}, "rarity": "common", "setCode": "7ED", "sourceProducts": {"nonfoil": ["338f1f46-3973-5b8b-aafa-ddc9f478609f", "dbb5529a-dced-558d-a529-459129603dd1"]}, "subtypes": ["Aura"], "supertypes": [], "text": "Enchant creature\nEnchanted creature can't attack or block.", "type": "Enchantment — Aura", "types": ["Enchantment"], "uuid": "96ad96eb-1325-5b1b-821b-cae348224b12", "variations": ["006f4667-e7b7-5937-a6fb-76fb6ecb29f0"]}, {"artist": "Terese Nielsen", "artistIds": ["eb55171c-2342-45f4-a503-2d5a75baf752"], "availability": ["mtgo", "paper"], "boosterTypes": ["default"], "borderColor": "white", "colorIdentity": ["W"], "colors": ["W"], "convertedManaCost": 3.0, "count": 1, "edhrecRank": 4989, "edhrecSaltiness": 0.16, "finishes": ["nonfoil"], "flavorText": "\"North and South meet and angels sing.\nVoices resound with a righteous ring.\"\n—\"The Ballad of the Paladins\"", "foreignData": [{"flavorText": "„Nord und Süd vereint, der Engel Gesang tönt von guten Taten in reinem Klang.\" —„Die Ballade der Paladine\"", "identifiers": {"multiverseId": "182657", "scryfallId": "120e367f-44d0-460c-a871-ca6e2cadf480"}, "language": "German", "multiverseId": 182657, "name": "Glorreiche Hymne", "text": "Alle Kreaturen, die du kontrollierst, erhalten +1/+1.", "type": "Verzauberung"}, {"identifiers": {"scryfallId": "a0a407e6-e4ba-4206-9048-d073193ebd84"}, "language": "Spanish", "name": "Himno glorioso"}, {"flavorText": "« Nord et Sud s'allient et les anges sourient, quand leurs voix se marient naît la chevalerie. »— « La ballade des paladins ».", "identifiers": {"multiverseId": "184073", "scryfallId": "cd75c6ef-79a8-40d1-a74f-7962f136f6c7"}, "language": "French", "multiverseId": 184073, "name": "Antienne glorieuse", "text": "Les créatures que vous contrôlez gagnent +1/+1.", "type": "Enchantement"}, {"identifiers": {"scryfallId": "3ac61cf6-7e5d-48ed-a1c3-cab14715b5cf"}, "language": "Japanese", "name": "栄光の頌歌"}, {"identifiers": {"scryfallId": "e22a6521-8cb2-4b60-b7f8-9ea78524dccc"}, "language": "Portuguese (Brazil)", "name": "Antífona Gloriosa"}], "frameVersion": "1997", "hasFoil": false, "hasNonFoil": true, "identifiers": {"cardsphereFoilId": "2177", "cardsphereId": "2178", "mcmId": "2779", "mcmMetaId": "2361", "mtgjsonV4Id": "8eda4d73-3dee-58ad-9935-72e09fc85c42", "mtgoFoilId": "15445", "mtgoId": "15444", "multiverseId": "26843", "scryfallCardBackId": "0aeebaf5-8c7d-4636-9e82-8c27447861f7", "scryfallId": "e6f18de6-a99b-49ce-812b-bca8b0aaec38", "scryfallIllustrationId": "17e69721-728c-47cb-8df5-9f4f7e9e2896", "scryfallOracleId": "e3886fe8-9b76-4613-8891-4ec74657c087", "tcgplayerProductId": "2923"}, "isFoil": false, "isReprint": true, "language": "English", "layout": "normal", "legalities": {"brawl": "Legal", "commander": "Legal", "duel": "Legal", "explorer": "Legal", "gladiator": "Legal", "historic": "Legal", "legacy": "Legal", "modern": "Legal", "oathbreaker": "Legal", "penny": "Legal", "pioneer": "Legal", "predh": "Legal", "premodern": "Legal", "timeless": "Legal", "vintage": "Legal"}, "manaCost": "{1}{W}{W}", "manaValue": 3.0, "name": "Glorious Anthem", "number": "17", "originalText": "Creatures you control get +1/+1.", "originalType": "Enchantment", "printings": ["10E", "7ED", "8ED", "9ED", "M21", "PJAS", "PJJT", "PJSE", "PM21", "PRM", "PS11", "PSUS", "USG"], "purchaseUrls": {"cardmarket": "https://mtgjson.com/links/87d2435f32c631f1", "tcgplayer": "https://mtgjson.com/links/e4955868080b2696"}, "rarity": "rare", "setCode": "7ED", "sourceProducts": {"nonfoil": ["338f1f46-3973-5b8b-aafa-ddc9f478609f", "dbb5529a-dced-558d-a529-459129603dd1"]}, "subtypes": [], "supertypes": [], "text": "Creatures you control get +1/+1.", "type": "Enchantment", "types": ["Enchantment"], "uuid": "618b0e3d-b864-56a9-a6ca-04cb0e26ca2c", "variations": ["1e1f8f5d-6df1-5770-99e6-2e8c475d7224"]}, {"artist": "Ciruelo", "artistIds": ["1761c216-72b5-4a9b-afee-ad47a00fe1ad"], "availability": ["mtgo", "paper"], "boosterTypes": ["default"], "borderColor": "white", "colorIdentity": ["W"], "colors": ["W"], "convertedManaCost": 4.0, "count": 2, "edhrecRank": 16113, "finishes": ["nonfoil"], "flavorText": "\"With one breath, the newborn angel took to the air . . . and the world sighed.\"\n—*The Book of Serra*", "foreignData": [{"flavorText": "In einem Atemzug erhob sich der neugeborene Engel in die Luft, und die Welt seufzte. —Das Buch von Serra", "identifiers": {"multiverseId": "182683", "scryfallId": "783f689b-7bff-4875-8473-e5639f8d6dc6"}, "language": "German", "multiverseId": 182683, "name": "Serrsa Umarmung", "text": "Die verzauberte Kreatur erhält +2/+2 und Flugfähigkeit und wird beim Angreifen nicht getappt.", "type": "Kreaturenverzauberung"}, {"identifiers": {"scryfallId": "88508b34-4ef7-449a-8638-7347ae5fac08"}, "language": "Spanish", "name": "Abrazo de Serra"}, {"flavorText": "« L'ange nouveau-né prit son envol dans un souffle… et le monde retint le sien. » — Le livre de Serra.", "identifiers": {"multiverseId": "184099", "scryfallId": "3305f19d-eb51-46f9-9829-95b4d423641a"}, "language": "French", "multiverseId": 184099, "name": "Étreinte de Serra", "text": "La créature enchantée gagne +2/+2, a le vol, et attaquer avec elle ne la fait pas s'engager.", "type": "Enchanter : créature"}, {"identifiers": {"scryfallId": "92a7a4e7-2f79-4489-a7a6-012bb6b34330"}, "language": "Japanese", "name": "セラの抱擁"}, {"identifiers": {"scryfallId": "4201d7c1-7794-4953-9aeb-dc05be9b5cd9"}, "language": "Portuguese (Brazil)", "name": "Abraço de Serra"}], "frameVersion": "1997", "hasFoil": false, "hasNonFoil": true, "identifiers": {"cardsphereFoilId": "2477", "cardsphereId": "2478", "mcmId": "2805", "mcmMetaId": "5074", "mtgjsonV4Id": "3d7c6894-6c89-50de-95e1-0e4e69f7a928", "mtgoFoilId": "15831", "mtgoId": "15830", "multiverseId": "25658", "scryfallCardBackId": "0aeebaf5-8c7d-4636-9e82-8c27447861f7", "scryfallId": "ff41d966-5c11-4732-99e1-ada41a6020a7", "scryfallIllustrationId": "a93755db-c122-49a5-b505-ca4b65f5422c", "scryfallOracleId": "6d6ba936-4a15-4c40-aaa6-71605fb732d1", "tcgplayerProductId": "3073"}, "isFoil": false, "isReprint": true, "keywords": ["Enchant"], "language": "English", "layout": "normal", "legalities": {"commander": "Legal", "duel": "Legal", "legacy": "Legal", "modern": "Legal", "oathbreaker": "Legal", "penny": "Legal", "predh": "Legal", "premodern": "Legal", "vintage": "Legal"}, "manaCost": "{2}{W}{W}", "manaValue": 4.0, "name": "Serra's Embrace", "number": "43", "originalText": "Enchanted creature gets +2/+2, has flying, and attacking doesn't cause it to tap.", "originalType": "Enchant Creature", "printings": ["10E", "7ED", "DDC", "DVD", "PLST", "PS11", "USG"], "purchaseUrls": {"cardmarket": "https://mtgjson.com/links/4f0076b4e8f030d7", "tcgplayer": "https://mtgjson.com/links/9c295dd9dd1ada7e"}, "rarity": "uncommon", "setCode": "7ED", "sourceProducts": {"nonfoil": ["338f1f46-3973-5b8b-aafa-ddc9f478609f", "dbb5529a-dced-558d-a529-459129603dd1"]}, "subtypes": ["Aura"], "supertypes": [], "text": "Enchant creature\nEnchanted creature gets +2/+2 and has flying and vigilance.", "type": "Enchantment — Aura", "types": ["Enchantment"], "uuid": "d7c50d4d-e9ce-5fdd-a77e-5627137375c2", "variations": ["74af2163-63e4-5317-833e-98af52fcbb45"]}, {"artist": "Scott Bailey", "artistIds": ["0ebb52bf-cf87-4c03-b975-2d9df7095334"], "availability": ["mtgo", "paper"], "boosterTypes": ["default"], "borderColor": "white", "colorIdentity": ["W"], "colors": [], "convertedManaCost": 0.0, "count": 15, "edhrecSaltiness": 0.28, "finishes": ["nonfoil"], "foreignData": [{"identifiers": {"multiverseId": "182981", "scryfallId": "092214cc-c385-4ec5-a4a6-d18a40e5d415"}, "language": "German", "multiverseId": 182981, "name": "Ebene", "type": "Land"}, {"identifiers": {"scryfallId": "87094a7e-4d54-4003-9f78-97cc4d991707"}, "language": "Spanish", "name": "Llanura"}, {"identifiers": {"multiverseId": "184397", "scryfallId": "0955e504-bb49-4270-a54a-1a846a6c0075"}, "language": "French", "multiverseId": 184397, "name": "Plaine", "type": "Terrain"}, {"identifiers": {"scryfallId": "8ae949ee-55a0-4b17-870c-21dc5594340a"}, "language": "Japanese", "name": "平地"}, {"identifiers": {"scryfallId": "17461316-9c39-4b96-928e-9bbe4ad90a9f"}, "language": "Portuguese (Brazil)", "name": "Planície"}], "frameVersion": "1997", "hasFoil": false, "hasNonFoil": true, "identifiers": {"cardsphereFoilId": "2387", "cardsphereId": "2388", "mcmId": "3103", "mtgjsonV4Id": "6fd420f5-a0db-5bb2-ba03-d38f049938c0", "mtgoFoilId": "15753", "mtgoId": "15752", "multiverseId": "11446", "scryfallCardBackId": "0aeebaf5-8c7d-4636-9e82-8c27447861f7", "scryfallId": "4edb482d-6279-48d6-baa3-047b48c3e5df", "scryfallIllustrationId": "bece1696-3947-4138-8c38-3e5a20273379", "scryfallOracleId": "bc71ebf6-2056-41f7-be35-b2e5c34afa99", "tcgplayerProductId": "18327"}, "isFoil": false, "isReprint": true, "language": "English", "layout": "normal", "legalities": {"alchemy": "Legal", "brawl": "Legal", "commander": "Legal", "duel": "Legal", "explorer": "Legal", "future": "Legal", "gladiator": "Legal", "historic": "Legal", "legacy": "Legal", "modern": "Legal", "oathbreaker": "Legal", "pauper": "Legal", "paupercommander": "Legal", "penny": "Legal", "pioneer": "Legal", "predh": "Legal", "premodern": "Legal", "standard": "Legal", "standardbrawl": "Legal", "timeless": "Legal", "vintage": "Legal"}, "manaValue": 0.0, "name": "Plains", "number": "341", "originalText": "W", "originalType": "Land", "printings": ["10E", "2ED", "2XM", "30A", "3ED", "40K", "4BB", "4ED", "5ED", "6ED", "7ED", "8ED", "9ED", "ACR", "AFR", "AKH", "AKR", "ALA", "ANA", "ANB", "ARC", "ATH", "AVR", "BBD", "BFZ", "BLB", "BRB", "BRC", "BRO", "C13", "C14", "C15", "C16", "C17", "C18", "C19", "CED", "CEI", "CHK", "CLB", "CLU", "CM2", "CMA", "CMD", "CMM", "CMR", "CST", "DDC", "DDE", "DDF", "DDG", "DDH", "DDI", "DDK", "DDL", "DDN", "DDO", "DDP", "DDQ", "DMR", "DMU", "DOM", "DSK", "DTK", "DVD", "E01", "ELD", "FBB", "FDN", "FRF", "G17", "GK1", "GK2", "GN2", "GN3", "GNT", "GRN", "GS1", "H09", "HBG", "HOP", "HOU", "ICE", "IKO", "INV", "ISD", "ITP", "J14", "J22", "JMP", "KHM", "KLD", "KLR", "KTK", "LCI", "LEA", "LEB", "LRW", "LTR", "M10", "M11", "M12", "M13", "M14", "M15", "M19", "M20", "M21", "MBS", "MD1", "ME1", "ME3", "MH2", "MH3", "MID", "MIR", "MKM", "MMQ", "MOM", "MRD", "NEO", "NPH", "ODY", "OLEP", "ONE", "ONS", "ORI", "OTJ", "P02", "P23", "PAL00", "PAL01", "PAL03", "PAL04", "PAL05", "PAL06", "PAL99", "PALP", "PANA", "PARL", "PC2", "PCA", "PDGM", "PELP", "PF19", "PF20", "PGPX", "PGRU", "PIP", "PLST", "PMPS", "PMPS06", "PMPS07", "PMPS08", "PMPS09", "PMPS10", "PMPS11", "POR", "PPP1", "PRM", "PRW2", "PRWK", "PS11", "PSAL", "PSS2", "PSS3", "PSS4", "PTC", "PTK", "PZ2", "RAV", "REX", "RIX", "RNA", "ROE", "RQS", "RTR", "S99", "SCD", "SHM", "SIR", "SLD", "SLP", "SNC", "SOI", "SOM", "STX", "SUM", "TD0", "TD2", "THB", "THS", "TMP", "TPR", "TSP", "UGL", "UND", "UNF", "UNH", "USG", "UST", "VOW", "WAR", "WC00", "WC02", "WC03", "WC04", "WC97", "WC98", "WHO", "WOE", "XANA", "XLN", "ZEN", "ZNR"], "purchaseUrls": {"tcgplayer": "https://mtgjson.com/links/1ff631b0cc9d63ae"}, "rarity": "common", "setCode": "7ED", "sourceProducts": {"nonfoil": ["338f1f46-3973-5b8b-aafa-ddc9f478609f", "3dd7bc41-7dc5-5214-b2cd-4cc2447684f2", "49b42259-471a-53ca-882b-53fa55afc7af", "6b50f546-01d9-57c5-84d9-b0663cd13329", "dbb5529a-dced-558d-a529-459129603dd1"]}, "subtypes": ["Plains"], "supertypes": ["Basic"], "text": "({T}: Add {W}.)", "type": "Basic Land — Plains", "types": ["Land"], "uuid": "98fe6ac3-f7c9-59bf-8305-32202febba12", "variations": ["370d437f-8111-54e9-9ed2-55cf66248de2", "1dd81c47-d8ce-52da-b19d-95a1f461f823", "96b07732-5db5-53b7-a8c2-116481fd733d", "ff74969c-efbe-5202-89ca-49bc6899a7d1", "474cf6a0-9d91-59f1-aef8-2b0b8b5e23a5", "48df8f1c-7ec0-5ead-8c56-7e02ede673d0", "270fec25-9e59-562b-81bd-810645b9b1e6"]}], "name": "Armada", "releaseDate": "2001-04-11", "sealedProductUuids": null, "sideBoard": [], "type": "Theme Deck"}}