{"meta": {"date": "2024-09-03", "version": "5.2.2+20240903"}, "data": {"code": "SLD", "commander": [], "mainBoard": [{"artist": "Kev Walker", "artistIds": ["f366a0ee-a0cd-466d-ba6a-90058c7a31a6"], "availability": ["paper"], "borderColor": "black", "colorIdentity": ["G", "W"], "colors": ["G", "W"], "convertedManaCost": 3.0, "count": 1, "edhrecRank": 550, "edhrecSaltiness": 0.27, "finishes": ["nonfoil", "foil"], "flavorText": "He sought wise counsel from the maiden of the trees . . .", "foreignData": [], "frameVersion": "2015", "hasFoil": true, "hasNonFoil": true, "identifiers": {"cardsphereFoilId": "110617", "cardsphereId": "110588", "mtgjsonV4Id": "a6d96502-05f6-557f-90d5-f0784ba843db", "scryfallCardBackId": "0aeebaf5-8c7d-4636-9e82-8c27447861f7", "scryfallId": "cc472a09-7634-429e-a594-94491aabed5c", "scryfallIllustrationId": "ddee58af-342f-4234-ab63-f46bfb5890bf", "scryfallOracleId": "70a6f08e-854d-4e2f-9d8c-c45ec3231157", "tcgplayerProductId": "514488"}, "isFoil": true, "isReprint": true, "keywords": ["Vigilance"], "language": "English", "layout": "normal", "legalities": {"brawl": "Legal", "commander": "Legal", "duel": "Legal", "explorer": "Legal", "gladiator": "Legal", "historic": "Legal", "legacy": "Legal", "modern": "Legal", "oathbreaker": "Legal", "penny": "Legal", "pioneer": "Legal", "timeless": "Legal", "vintage": "Legal"}, "manaCost": "{1}{G}{W}", "manaValue": 3.0, "name": "Faeburrow Elder", "number": "1173", "originalReleaseDate": "2023-09-15", "power": "0", "printings": ["BLC", "DMC", "ELD", "PELD", "SLD"], "purchaseUrls": {"tcgplayer": "https://mtgjson.com/links/d84ed0f95cad9cd0"}, "rarity": "rare", "rulings": [{"date": "2019-10-04", "text": "Faeburrow Elder's middle ability can give it at most +5/+5, that is, +1/+1 each for white, blue, black, red, and green. \"Gold,\" \"multicolor,\" and \"colorless\" aren't colors. Similarly, Faeburrow Elder's last ability can produce at most five mana."}, {"date": "2019-10-04", "text": "Since Faeburrow Elder is a green and white permanent, its middle ability usually gives it at least +2/+2 and its last ability usually produces at least {G}{W}."}], "securityStamp": "oval", "setCode": "SLD", "sourceProducts": {"foil": ["e7edc336-0361-5b2d-ba2a-f4937a27f973"], "nonfoil": ["36635910-ccba-5288-b7d9-ca9fdead07db"]}, "subsets": ["Artist Series: Kev Walker"], "subtypes": ["Treefolk", "Druid"], "supertypes": [], "text": "Vigilance\nFaeburrow Elder gets +1/+1 for each color among permanents you control.\n{T}: For each color among permanents you control, add one mana of that color.", "toughness": "0", "type": "Creature — Treefolk Druid", "types": ["Creature"], "uuid": "8370ef49-a736-5028-a95d-a80abf43b7bd"}, {"artist": "Kev Walker", "artistIds": ["f366a0ee-a0cd-466d-ba6a-90058c7a31a6"], "availability": ["paper"], "borderColor": "black", "colorIdentity": ["G"], "colors": ["G"], "convertedManaCost": 6.0, "count": 1, "edhrecRank": 4426, "edhrecSaltiness": 0.32, "finishes": ["nonfoil", "foil"], "flavorText": "But all he learned was the deaths of kings, . . .", "foreignData": [], "frameVersion": "2015", "hasFoil": true, "hasNonFoil": true, "identifiers": {"cardsphereFoilId": "110614", "cardsphereId": "110589", "mtgjsonV4Id": "0990b11f-8fb1-55dd-b553-3ae2636bcadc", "scryfallCardBackId": "0aeebaf5-8c7d-4636-9e82-8c27447861f7", "scryfallId": "300e11b6-12df-4d28-95d7-d6514f8eeb6b", "scryfallIllustrationId": "8b0372d2-c297-456d-b7c4-741b5a5c8fea", "scryfallOracleId": "8c411f4e-a091-447c-9450-d895b10b4985", "tcgplayerProductId": "514515"}, "isFoil": true, "isReprint": true, "keywords": ["Hexproof", "Trample"], "language": "English", "layout": "normal", "legalities": {"brawl": "Legal", "commander": "Legal", "duel": "Legal", "explorer": "Legal", "gladiator": "Legal", "historic": "Legal", "legacy": "Legal", "modern": "Legal", "oathbreaker": "Legal", "penny": "Legal", "pioneer": "Legal", "timeless": "Legal", "vintage": "Legal"}, "manaCost": "{4}{G}{G}", "manaValue": 6.0, "name": "Carnage Tyrant", "number": "1174", "originalReleaseDate": "2023-09-15", "power": "7", "printings": ["PXLN", "SLD", "SPG", "XLN"], "purchaseUrls": {"tcgplayer": "https://mtgjson.com/links/35d545a2091e53ce"}, "rarity": "mythic", "securityStamp": "oval", "setCode": "SLD", "sourceProducts": {"foil": ["e7edc336-0361-5b2d-ba2a-f4937a27f973"], "nonfoil": ["36635910-ccba-5288-b7d9-ca9fdead07db"]}, "subsets": ["Artist Series: Kev Walker"], "subtypes": ["Dinosaur"], "supertypes": [], "text": "This spell can't be countered.\nTrample, hexproof", "toughness": "6", "type": "Creature — Dinosaur", "types": ["Creature"], "uuid": "b0b73522-d703-5b70-a30e-0fa4bbca7214"}, {"artist": "Kev Walker", "artistIds": ["f366a0ee-a0cd-466d-ba6a-90058c7a31a6"], "availability": ["paper"], "borderColor": "black", "colorIdentity": ["B"], "colors": ["B"], "convertedManaCost": 3.0, "count": 1, "edhrecRank": 678, "edhrecSaltiness": 0.47, "finishes": ["nonfoil", "foil"], "flavorText": "The slaughter of his people by unliving monsters, . . .", "foreignData": [], "frameVersion": "2015", "hasFoil": true, "hasNonFoil": true, "identifiers": {"mtgjsonV4Id": "d5b69199-714f-579a-9ede-bbb84ddd86b1", "scryfallCardBackId": "0aeebaf5-8c7d-4636-9e82-8c27447861f7", "scryfallId": "15d49ad9-3600-4f64-b284-4f096ed90b4d", "scryfallIllustrationId": "5765056e-1981-47e0-90e7-2b912deead9d", "scryfallOracleId": "4b1bf05e-753e-4350-a913-894cf3cecc0c", "tcgplayerProductId": "514514"}, "isAlternative": true, "isFoil": true, "isReprint": true, "language": "English", "layout": "normal", "legalities": {"brawl": "Legal", "commander": "Legal", "duel": "Legal", "explorer": "Legal", "gladiator": "Legal", "historic": "Legal", "legacy": "Legal", "modern": "Legal", "oathbreaker": "Legal", "pauper": "Legal", "paupercommander": "Legal", "pioneer": "Legal", "predh": "Legal", "timeless": "Legal", "vintage": "Legal"}, "manaCost": "{2}{B}", "manaValue": 3.0, "name": "Fleshbag Marauder", "number": "1175", "originalReleaseDate": "2023-09-15", "power": "3", "printings": ["ALA", "CLU", "CM2", "CMD", "CMR", "CN2", "DDD", "DDN", "GN3", "GNT", "GVL", "J21", "MIC", "ORI", "PLST", "PRM", "SCD", "SLD"], "purchaseUrls": {"tcgplayer": "https://mtgjson.com/links/b776f954642db731"}, "rarity": "rare", "rulings": [{"date": "2020-11-10", "text": "As Fleshbag Marauder's ability resolves, first the player whose turn it is chooses a creature to sacrifice, then each other player in turn order does the same knowing the choices made before them. Then all those creatures are sacrificed simultaneously."}, {"date": "2020-11-10", "text": "When its ability resolves, you may sacrifice Fleshbag Marauder itself. If you control no other creatures, you'll have to sacrifice Fleshbag Marauder."}], "securityStamp": "oval", "setCode": "SLD", "sourceProducts": {"foil": ["e7edc336-0361-5b2d-ba2a-f4937a27f973"], "nonfoil": ["36635910-ccba-5288-b7d9-ca9fdead07db"]}, "subsets": ["Artist Series: Kev Walker"], "subtypes": ["Zombie", "Warrior"], "supertypes": [], "text": "When Fleshbag Marauder enters, each player sacrifices a creature.", "toughness": "1", "type": "Creature — Zombie Warrior", "types": ["Creature"], "uuid": "c9f3cefb-9929-51b1-a035-ae1d630a15a8", "variations": ["18b7640e-bd5b-5d1e-a26a-802f2df285ac"]}, {"artist": "Kev Walker", "artistIds": ["f366a0ee-a0cd-466d-ba6a-90058c7a31a6"], "availability": ["paper"], "borderColor": "black", "colorIdentity": [], "colors": [], "convertedManaCost": 12.0, "count": 1, "edhrecRank": 1131, "edhrecSaltiness": 1.53, "finishes": ["nonfoil", "foil"], "flavorText": "And his world burned to ashes by the breath of gods.", "foreignData": [], "frameEffects": ["fullart"], "frameVersion": "2015", "hasFoil": true, "hasNonFoil": true, "identifiers": {"cardsphereFoilId": "110623", "cardsphereId": "110591", "mtgjsonV4Id": "40c23033-c82e-5dfa-8e0c-18d0c1b00595", "scryfallCardBackId": "0aeebaf5-8c7d-4636-9e82-8c27447861f7", "scryfallId": "75bc0682-f21a-4c35-bdb2-deb10a6cd8b8", "scryfallIllustrationId": "ed8fef57-ce3c-4511-a8b0-ef9826d8058b", "scryfallOracleId": "b11187ab-f8a8-422b-b550-4495f96de0f2", "tcgplayerProductId": "514508"}, "isFoil": true, "isFullArt": true, "isReprint": true, "keywords": ["Annihilator"], "language": "English", "layout": "normal", "legalities": {"commander": "Legal", "duel": "Legal", "legacy": "Legal", "modern": "Legal", "oathbreaker": "Legal", "penny": "Legal", "predh": "Legal", "vintage": "Legal"}, "manaCost": "{12}", "manaValue": 12.0, "name": "It That Betrays", "number": "1176", "originalReleaseDate": "2023-09-15", "power": "11", "printings": ["CMM", "DDP", "ROE", "SLD"], "purchaseUrls": {"tcgplayer": "https://mtgjson.com/links/290df7c7197f8c37"}, "rarity": "rare", "rulings": [{"date": "2010-06-15", "text": "Annihilator abilities trigger and resolve during the declare attackers step. The defending player chooses and sacrifices the required number of permanents before they declare blockers. Any creatures sacrificed this way won’t be able to block."}, {"date": "2010-06-15", "text": "If a creature with annihilator is attacking a planeswalker, and the defending player chooses to sacrifice that planeswalker, the attacking creature continues to attack. It may be blocked. If it isn’t blocked, it simply won’t deal combat damage to anything."}, {"date": "2010-06-15", "text": "If an opponent sacrifices a nontoken permanent as part of paying the cost of a spell or ability, the second ability triggers and goes on the stack on top of it. This ability will resolve, causing you to return the card to the battlefield before the other spell or ability resolves."}, {"date": "2010-06-15", "text": "If an opponent sacrifices an Aura, you’ll choose what it enchants as you return it to the battlefield. No player can respond to the choice. Since an Aura doesn’t target anything if it isn’t cast as a spell, you can enchant a permanent with shroud this way."}, {"date": "2010-06-15", "text": "If the sacrificed permanent that caused the second ability to trigger somehow leaves the graveyard before the ability resolves (possibly because it was returned to the battlefield by the ability of another It That Betrays), the ability simply won’t do anything when it resolves."}, {"date": "2010-06-15", "text": "It doesn’t matter whose graveyard the permanent is put into, only that it was last controlled by, and sacrificed by, an opponent."}, {"date": "2010-06-15", "text": "The second ability triggers whenever an opponent sacrifices a nontoken permanent for any reason, not just due to the annihilator ability."}, {"date": "2010-06-15", "text": "When the second ability resolves, you must return the card to the battlefield, even if you don’t want to."}], "securityStamp": "oval", "setCode": "SLD", "sourceProducts": {"foil": ["e7edc336-0361-5b2d-ba2a-f4937a27f973"], "nonfoil": ["36635910-ccba-5288-b7d9-ca9fdead07db"]}, "subsets": ["Artist Series: Kev Walker"], "subtypes": ["Eldrazi"], "supertypes": [], "text": "Annihilator 2 (Whenever this creature attacks, defending player sacrifices two permanents.)\nWhenever an opponent sacrifices a nontoken permanent, put that card onto the battlefield under your control.", "toughness": "11", "type": "Creature — Eldrazi", "types": ["Creature"], "uuid": "90fef68d-cc40-5bfc-a9c1-bf1ce76bd867"}], "name": "Artist Series Kev Walker foil", "releaseDate": "2023-08-29", "sealedProductUuids": null, "sideBoard": [], "type": "Secret Lair Drop"}}