{"meta": {"date": "2024-09-03", "version": "5.2.2+20240903"}, "data": {"code": "SLD", "commander": [], "mainBoard": [{"artist": "Ryan Alexander Lee", "artistIds": ["f4d194b4-958a-4830-8d87-1a84e0b9ffbc"], "availability": ["paper"], "borderColor": "black", "colorIdentity": ["B", "U"], "colors": ["B", "U"], "convertedManaCost": 5.0, "count": 1, "edhrecRank": 3148, "edhrecSaltiness": 0.41, "finishes": ["nonfoil", "foil"], "flavorText": "To challenge a monster beyond perception is to challenge perception itself.", "foreignData": [], "frameVersion": "2015", "hasFoil": true, "hasNonFoil": true, "identifiers": {"cardsphereFoilId": "110573", "cardsphereId": "110547", "mtgjsonV4Id": "d92aabfd-7d52-56de-948d-7b99a566a3cd", "scryfallCardBackId": "0aeebaf5-8c7d-4636-9e82-8c27447861f7", "scryfallId": "26affcc7-e64a-4dc0-8f01-432288161f9d", "scryfallIllustrationId": "88cefa62-258a-46f5-9050-6e2e0112ffdf", "scryfallOracleId": "b1d70845-869b-45f7-b4bf-1549bac51d58", "tcgplayerProductId": "501873"}, "isFoil": false, "isReprint": true, "keywords": ["Mill"], "language": "English", "layout": "normal", "legalities": {"commander": "Legal", "duel": "Legal", "legacy": "Legal", "modern": "Legal", "oathbreaker": "Legal", "penny": "Legal", "predh": "Legal", "vintage": "Legal"}, "manaCost": "{3}{U}{B}", "manaValue": 5.0, "name": "Nemesis of Reason", "number": "1302", "originalReleaseDate": "2023-08-29", "power": "3", "printings": ["ARB", "CLB", "PLST", "SLD"], "purchaseUrls": {"tcgplayer": "https://mtgjson.com/links/d9fa6d6765594c65"}, "rarity": "rare", "rulings": [{"date": "2009-05-01", "text": "If the defending player has fewer than ten cards in their library, that player's entire library is put into their graveyard."}], "securityStamp": "oval", "setCode": "SLD", "sourceProducts": {"foil": ["7061b851-7dfb-57d6-8051-c95737b8dd39"], "nonfoil": ["ecde9803-4f03-5d6f-90b9-105dfc7443a5"]}, "subsets": ["Artist Series: Ryan Alexander Lee"], "subtypes": ["Leviathan", "Horror"], "supertypes": [], "text": "Whenever Nemesis of Reason attacks, defending player mills ten cards.", "toughness": "7", "type": "Creature — Leviathan Horror", "types": ["Creature"], "uuid": "6ee65967-e6f7-5d01-9d9a-7bfa488a5816"}, {"artist": "Ryan Alexander Lee", "artistIds": ["f4d194b4-958a-4830-8d87-1a84e0b9ffbc"], "availability": ["paper"], "borderColor": "black", "colorIdentity": ["G"], "colors": ["G"], "convertedManaCost": 2.0, "count": 1, "edhrecRank": 4598, "edhrecSaltiness": 0.14, "finishes": ["nonfoil", "foil"], "flavorText": "A simple sacrifice: his heart for the world.", "foreignData": [], "frameVersion": "2015", "hasFoil": true, "hasNonFoil": true, "identifiers": {"mtgjsonV4Id": "5307ac61-cfad-59d3-a1c8-256637a0fbab", "scryfallCardBackId": "0aeebaf5-8c7d-4636-9e82-8c27447861f7", "scryfallId": "f16df786-c2ed-49c5-a5f2-73f5daf34ca9", "scryfallIllustrationId": "f835ea34-d9d4-464a-b437-f6796f798ebc", "scryfallOracleId": "bd5478df-3854-404b-8634-9debcef69b99", "tcgplayerProductId": "501874"}, "isAlternative": true, "isFoil": false, "isReprint": true, "language": "English", "layout": "normal", "legalities": {"brawl": "Legal", "commander": "Legal", "duel": "Legal", "explorer": "Legal", "gladiator": "Legal", "historic": "Legal", "legacy": "Legal", "modern": "Legal", "oathbreaker": "Legal", "penny": "Legal", "pioneer": "Legal", "predh": "Legal", "premodern": "Legal", "timeless": "Legal", "vintage": "Legal"}, "manaCost": "{1}{G}", "manaValue": 2.0, "name": "Gaea's Blessing", "number": "1303", "originalReleaseDate": "2023-08-29", "printings": ["DDR", "DOM", "EMA", "PAL01", "PLST", "PRM", "SLD", "TSB", "WTH"], "purchaseUrls": {"tcgplayer": "https://mtgjson.com/links/c93f7dd8c9574d34"}, "rarity": "rare", "rulings": [{"date": "2018-04-27", "text": "If Gaea’s Blessing has no legal target cards in a graveyard, either because its targets became illegal or because you didn’t choose any, the target player shuffles their library."}, {"date": "2018-04-27", "text": "If an effect puts multiple cards from your library into your graveyard at once, put all of those cards there before Gaea’s Blessing shuffles your graveyard into your library."}], "securityStamp": "oval", "setCode": "SLD", "sourceProducts": {"foil": ["7061b851-7dfb-57d6-8051-c95737b8dd39"], "nonfoil": ["ecde9803-4f03-5d6f-90b9-105dfc7443a5"]}, "subsets": ["Artist Series: Ryan Alexander Lee"], "subtypes": [], "supertypes": [], "text": "Target player shuffles up to three target cards from their graveyard into their library.\nDraw a card.\nWhen Gaea's Blessing is put into your graveyard from your library, shuffle your graveyard into your library.", "type": "Sorcery", "types": ["Sorcery"], "uuid": "288c58fb-65b8-5305-9e9c-3a19e6d80930", "variations": ["96455386-038e-5c1d-bfec-9fca93917636"]}, {"artist": "Ryan Alexander Lee", "artistIds": ["f4d194b4-958a-4830-8d87-1a84e0b9ffbc"], "availability": ["paper"], "borderColor": "black", "colorIdentity": ["B"], "colors": ["B"], "convertedManaCost": 4.0, "count": 1, "edhrecRank": 1127, "edhrecSaltiness": 0.39, "finishes": ["nonfoil", "foil"], "flavorText": "What good are eyes that cannot see truth?", "foreignData": [], "frameVersion": "2015", "hasFoil": true, "hasNonFoil": true, "identifiers": {"cardsphereFoilId": "110582", "cardsphereId": "110549", "mtgjsonV4Id": "e02d713f-12c5-57f1-8eb5-c7ea61b353e1", "scryfallCardBackId": "0aeebaf5-8c7d-4636-9e82-8c27447861f7", "scryfallId": "c1ec13cf-e164-4222-90b1-af3e92e03b2e", "scryfallIllustrationId": "29f25315-b47a-46dd-a530-0f850d6198c9", "scryfallOracleId": "a3afd8b9-d499-40f7-be41-f8fee6636a1d", "tcgplayerProductId": "501875"}, "isFoil": false, "isReprint": true, "keywords": ["Ascend", "Flying"], "language": "English", "layout": "normal", "legalities": {"brawl": "Legal", "commander": "Legal", "duel": "Legal", "explorer": "Legal", "gladiator": "Legal", "historic": "Legal", "legacy": "Legal", "modern": "Legal", "oathbreaker": "Legal", "pioneer": "Legal", "timeless": "Legal", "vintage": "Legal"}, "manaCost": "{2}{B}{B}", "manaValue": 4.0, "name": "Twilight Prophet", "number": "1304", "originalReleaseDate": "2023-08-29", "power": "2", "printings": ["CMM", "LCC", "MKC", "PLST", "PRIX", "RIX", "SLD"], "purchaseUrls": {"tcgplayer": "https://mtgjson.com/links/99c7d5a0b4bfc218"}, "rarity": "mythic", "rulings": [{"date": "2018-01-19", "text": "A permanent is any object on the battlefield, including tokens and lands. Spells and emblems aren't permanents."}, {"date": "2018-01-19", "text": "Ascend on a permanent isn't a triggered ability and doesn't use the stack. Players can respond to a spell that will give you your tenth permanent, but they can't respond to getting the city's blessing once you control that tenth permanent. This means that if your tenth permanent is a land you play, players can't respond before you get the city's blessing."}, {"date": "2018-01-19", "text": "If the mana cost of the revealed card includes {X}, X is considered to be 0."}, {"date": "2018-01-19", "text": "If the revealed card doesn't have a mana cost (because it's a land card, for example), its mana value is 0."}, {"date": "2018-01-19", "text": "If you cast a spell with ascend, you don't get the city's blessing until it resolves. Players may respond to that spell by trying to change whether you get the city's blessing."}, {"date": "2018-01-19", "text": "If you control ten permanents but don't control a permanent or resolving spell with ascend, you don't get the city's blessing. For example, if you control ten permanents, lose control of one, then cast Golden Demise, you won't have the city's blessing and the spell will affect creatures you control."}, {"date": "2018-01-19", "text": "If your tenth permanent enters the battlefield and then a permanent leaves the battlefield immediately afterwards (most likely due to the \"Legend Rule\" or due to being a creature with 0 toughness), you get the city's blessing before it leaves the battlefield."}, {"date": "2018-01-19", "text": "In a Two-Headed Giant game, Twilight Prophet's last ability causes the opposing team to lose twice X life and you gain X life."}, {"date": "2018-01-19", "text": "Once you have the city's blessing, you have it for the rest of the game, even if you lose control of some or all of your permanents. The city's blessing isn't a permanent itself and can't be removed by any effect."}, {"date": "2018-01-19", "text": "Some cards have triggered abilities with an intervening \"if\" clause that checks whether you have the city's blessing. These are worded \"[Trigger condition], if you have the city's blessing, [effect].\" You must already have the city's blessing in order for these abilities to trigger; otherwise they do nothing. In other words, there's no way to have the ability trigger if you don't have the city's blessing, even if you intend to get it in response to the triggered ability."}, {"date": "2018-01-19", "text": "The mana value of a split card, such as cards with aftermath from the Amonkhet block, is based on the combined mana cost of its two halves."}], "securityStamp": "oval", "setCode": "SLD", "sourceProducts": {"foil": ["7061b851-7dfb-57d6-8051-c95737b8dd39"], "nonfoil": ["ecde9803-4f03-5d6f-90b9-105dfc7443a5"]}, "subsets": ["Artist Series: Ryan Alexander Lee"], "subtypes": ["Vampire", "Cleric"], "supertypes": [], "text": "Flying\nAscend (If you control ten or more permanents, you get the city's blessing for the rest of the game.)\nAt the beginning of your upkeep, if you have the city's blessing, reveal the top card of your library and put it into your hand. Each opponent loses X life and you gain X life, where X is that card's mana value.", "toughness": "4", "type": "Creature — Vampire Cleric", "types": ["Creature"], "uuid": "88868471-2fb5-5def-976c-c230de6ecdcf"}, {"artist": "Ryan Alexander Lee", "artistIds": ["f4d194b4-958a-4830-8d87-1a84e0b9ffbc"], "availability": ["paper"], "borderColor": "black", "colorIdentity": ["G"], "colors": ["G"], "convertedManaCost": 11.0, "count": 1, "edhrecRank": 3570, "edhrecSaltiness": 0.42, "finishes": ["nonfoil", "foil"], "flavorText": "The final foe was finality itself.", "foreignData": [], "frameVersion": "2015", "hasFoil": true, "hasNonFoil": true, "identifiers": {"cardsphereFoilId": "110587", "cardsphereId": "110550", "mtgjsonV4Id": "3af679b0-e3c9-5e78-9be3-d015f9a3de2e", "scryfallCardBackId": "0aeebaf5-8c7d-4636-9e82-8c27447861f7", "scryfallId": "ada90827-f11b-495b-8962-66dd6345b454", "scryfallIllustrationId": "edab8585-d11e-4897-abb7-d3c8ca00c060", "scryfallOracleId": "254f87cc-e0c2-484d-b5e8-1ea8c366990c", "tcgplayerProductId": "501876"}, "isFoil": false, "isReprint": true, "keywords": ["Trample"], "language": "English", "layout": "normal", "legalities": {"brawl": "Legal", "commander": "Legal", "duel": "Legal", "explorer": "Legal", "gladiator": "Legal", "historic": "Legal", "legacy": "Legal", "modern": "Legal", "oathbreaker": "Legal", "pioneer": "Legal", "timeless": "Legal", "vintage": "Legal"}, "manaCost": "{8}{G}{G}{G}", "manaValue": 11.0, "name": "Worldspine Wurm", "number": "1305", "originalReleaseDate": "2023-08-29", "power": "15", "printings": ["EA3", "PLST", "RTR", "SLD"], "purchaseUrls": {"tcgplayer": "https://mtgjson.com/links/3a0ac0a2ed2ca39f"}, "rarity": "mythic", "rulings": [{"date": "2012-10-01", "text": "Worldspine Wurm’s last ability is a triggered ability, not a replacement ability. Players can respond to this ability, for example, by trying to exile Worldspine Wurm from the graveyard before it’s shuffled into a library."}], "securityStamp": "oval", "setCode": "SLD", "sourceProducts": {"foil": ["7061b851-7dfb-57d6-8051-c95737b8dd39"], "nonfoil": ["ecde9803-4f03-5d6f-90b9-105dfc7443a5"]}, "subsets": ["Artist Series: Ryan Alexander Lee"], "subtypes": ["Wurm"], "supertypes": [], "text": "Trample\nWhen Worldspine Wurm dies, create three 5/5 green Wurm creature tokens with trample.\nWhen Worldspine Wurm is put into a graveyard from anywhere, shuffle it into its owner's library.", "toughness": "15", "type": "Creature — Wurm", "types": ["Creature"], "uuid": "7d7676dc-d04f-5426-a3ce-738ec4522010"}], "name": "Artist Series Ryan Alexander Lee", "releaseDate": "2023-06-26", "sealedProductUuids": null, "sideBoard": [], "type": "Secret Lair Drop"}}