{"meta": {"date": "2024-09-03", "version": "5.2.2+20240903"}, "data": {"code": "M15", "commander": [], "mainBoard": [{"artist": "Chase Stone", "artistIds": ["2d753f61-5f5b-468e-97ea-8e0fdd347340"], "availability": ["mtgo", "paper"], "boosterTypes": ["default"], "borderColor": "black", "colorIdentity": ["B"], "colors": ["B"], "convertedManaCost": 3.0, "count": 1, "edhrecRank": 12120, "edhrecSaltiness": 0.28, "finishes": ["nonfoil", "foil"], "foreignData": [{"identifiers": {"multiverseId": "374312", "scryfallId": "5708dc85-763b-4494-aa81-4c0e5265bc09"}, "language": "German", "multiverseId": 374312, "name": "Mogis' Plünderer", "text": "Wenn Mogis' Plünderer ins Spiel kommt, erhalten bis zu X Kreaturen deiner Wahl Einschüchtern und Eile bis zum Ende des Zuges, wobei X deine Hingabe zu Schwarz ist. (Jedes {B} in den Manakosten von bleibenden Karten, die du kontrollierst, erhöht deine Hingabe zu Schwarz um eins.)", "type": "Kreatur — Mensch, Berserker"}, {"identifiers": {"multiverseId": "376055", "scryfallId": "b3a8679e-2345-438c-9aa1-98bee22828ba"}, "language": "Spanish", "multiverseId": 376055, "name": "Merodeador de Mogis", "text": "Cuando el Merodeador de Mogis entre al campo de batalla, hasta X criaturas objetivo ganan cada una las habilidades de intimidar y prisa hasta el final del turno, donde X es tu devoción al negro. (Cada {B} en los costes de maná de los permanentes que controlas cuenta para tu devoción al negro.)", "type": "Criatura — Berserker humano"}, {"identifiers": {"multiverseId": "374561", "scryfallId": "963e09fc-34be-43d4-bb98-567dad1ed133"}, "language": "French", "multiverseId": 374561, "name": "Maraudeur de Mogis", "text": "Quand le Maraudeur de Mogis arrive sur le champ de bataille, jusqu'à X créatures ciblées acquièrent chacune l'intimidation et la célérité jusqu'à la fin du tour, X étant votre dévotion au noir. (Chaque {B} dans les coûts de mana des permanents que vous contrôlez compte pour votre dévotion au noir.)", "type": "Créature : humain et berserker"}, {"identifiers": {"multiverseId": "374810", "scryfallId": "f035d1d1-7f15-40ce-aec9-4e7fefa685e8"}, "language": "Italian", "multiverseId": 374810, "name": "Predatore di Mogis", "text": "Quando il Predatore di Mogis entra nel campo di battaglia, fino a X creature bersaglio hanno intimidire e rapidità fino alla fine del turno, dove X è pari alla tua devozione al nero. (La tua devozione al nero è la somma dei {B} nel costo di mana dei permanenti che controlli.)", "type": "Creatura — Berserker Umano"}, {"identifiers": {"multiverseId": "375059", "scryfallId": "1fa3a40e-c4af-47df-8fea-ce41b7f262df"}, "language": "Japanese", "multiverseId": 375059, "name": "モーギスの匪賊", "text": "モーギスの匪賊が戦場に出たとき、クリーチャーを最大Ｘ体まで対象とする。それらはターン終了時まで威嚇と速攻を得る。Ｘはあなたの黒への信心に等しい。（あなたの黒への信心は、あなたがコントロールするパーマネントのマナ・コストに含まれる{B}の総数に等しい。）", "type": "クリーチャー — 人間・狂戦士"}, {"identifiers": {"multiverseId": "375308", "scryfallId": "876baa1e-6b7a-4b48-b360-6d8dac818b4d"}, "language": "Korean", "multiverseId": 375308, "name": "모기스의 약탈자", "text": "모기스의 약탈자가 전장에 들어올 때, 생물을 최대 X개까지 목표로 정한다. 그 생물들은 턴종료까지 각각 위협 능력과 신속 능력을 얻는다. X는 당신의 흑색 신앙심이다. (당신이 조종하는 지속물의 마나 비용에 있는 각 {B}마다 당신의 흑색 신앙심이 1씩 증가한다.)", "type": "생물 — 인간 광전사"}, {"identifiers": {"multiverseId": "375557", "scryfallId": "6ad9336d-9a0a-4420-b5b7-88a1ef9ceb9c"}, "language": "Portuguese (Brazil)", "multiverseId": 375557, "name": "Saqueador de Mogis", "text": "Quando Saqueador de Mogis entra no campo de batalha, até X criaturas alvo ganham, cada uma, intimidar e ímpeto até o final do turno, sendo X sua devoção ao preto. (Cada {B} nos custos de mana de permanentes que você controla conta para sua devoção ao preto.)", "type": "Criatura — Humano Amoque"}, {"identifiers": {"multiverseId": "375806", "scryfallId": "b89e0ad0-b173-4b27-9a4c-ad20c600652e"}, "language": "Russian", "multiverseId": 375806, "name": "Мародер Могия", "text": "Когда Мародер Могия выходит на поле битвы, не более X целевых существ получают Устрашение и Ускорение до конца хода, где Х — ваша Преданность черному. (Каждый символ {B} в мана-стоимости перманентов под вашим контролем идет в счет вашей Преданности черному.)", "type": "Существо — Человек Берсерк"}, {"identifiers": {"multiverseId": "373814", "scryfallId": "73b783c6-8bc4-4b6d-bb79-0dcd93475003"}, "language": "Chinese Simplified", "multiverseId": 373814, "name": "墨癸斯的劫掠者", "text": "当墨癸斯的劫掠者进战场时，至多X个目标生物各获得威吓与敏捷异能直到回合结束，X为你的黑色献力。（由你操控之永久物的法术力费用当中每含有一个{B}，你的黑色献力就加一。）", "type": "生物～人类／狂战士"}, {"identifiers": {"multiverseId": "374063", "scryfallId": "2661df4e-d516-4adc-9f43-9d0ad062af16"}, "language": "Chinese Traditional", "multiverseId": 374063, "name": "墨癸斯的劫掠者", "text": "當墨癸斯的劫掠者進戰場時，至多X個目標生物各獲得威嚇與敏捷異能直到回合結束，X為你的黑色獻力。（由你操控之永久物的魔法力費用當中每含有一個{B}，你的黑色獻力就加一。）", "type": "生物～人類／狂戰士"}], "frameVersion": "2003", "hasFoil": true, "hasNonFoil": true, "identifiers": {"cardsphereFoilId": "43819", "cardsphereId": "43820", "mcmId": "264235", "mcmMetaId": "208765", "mtgjsonV4Id": "81a6c9d7-a4ca-5d1b-ba6e-058b2fa437e5", "mtgoFoilId": "50469", "mtgoId": "50468", "multiverseId": "373565", "scryfallCardBackId": "0aeebaf5-8c7d-4636-9e82-8c27447861f7", "scryfallId": "9dfd36c5-a484-4973-873c-b6a433da8e7a", "scryfallIllustrationId": "135b77e2-d55e-410a-8f0d-090153ee34f0", "scryfallOracleId": "7a8bfc6b-0a24-42ad-a2c5-ac8d29d4c1b9", "tcgplayerProductId": "71346"}, "isFoil": false, "language": "English", "layout": "normal", "legalities": {"commander": "Legal", "duel": "Legal", "legacy": "Legal", "modern": "Legal", "oathbreaker": "Legal", "paupercommander": "Restricted", "penny": "Legal", "pioneer": "Legal", "vintage": "Legal"}, "manaCost": "{2}{B}", "manaValue": 3.0, "name": "Mogis's Marauder", "number": "97", "originalText": "When Mogis's Marauder enters the battlefield, up to X target creatures each gain intimidate and haste until end of turn, where X is your devotion to black. (Each {B} in the mana costs of permanents you control counts toward your devotion to black.)", "originalType": "Creature — Human Berserker", "power": "2", "printings": ["THS"], "purchaseUrls": {"cardmarket": "https://mtgjson.com/links/fbe3198f6bc8e913", "tcgplayer": "https://mtgjson.com/links/e44e275a8c29c4d0"}, "rarity": "uncommon", "rulings": [{"date": "2013-09-15", "text": "Hybrid mana symbols, monocolored hybrid mana symbols, and Phyrexian mana symbols do count toward your devotion to their color(s)."}, {"date": "2013-09-15", "text": "Mana symbols in the text boxes of permanents you control don't count toward your devotion to any color."}, {"date": "2013-09-15", "text": "Numeric mana symbols ({0}, {1}, and so on) in mana costs of permanents you control don't count toward your devotion to any color."}, {"date": "2013-09-15", "text": "Unlike most abilities that use devotion to determine the magnitude of an effect, Mogis's Marauder uses devotion to determine the number of targets its ability has. Use your devotion to black as you put the ability on the stack. Mogis's Marauder's mana cost will always count toward your devotion to black. Once targets are chosen, it doesn't matter if your devotion to black changes while the ability is on the stack. The number of targets is locked in."}], "setCode": "THS", "sourceProducts": {"foil": ["7bba9d52-6334-538e-af18-23bda395adb4"], "nonfoil": ["2ed10c40-998f-5157-a323-e785b4b98b0b", "561d75e9-c1d1-51b1-8398-dc869e0403c2", "7bba9d52-6334-538e-af18-23bda395adb4", "d5b88a15-274d-55ab-b48d-12b100aca265"]}, "subtypes": ["Human", "Berserker"], "supertypes": [], "text": "When Mogis's Marauder enters, up to X target creatures each gain intimidate and haste until end of turn, where X is your devotion to black. (A creature with intimidate can't be blocked except by artifact creatures and/or creatures that share a color with it. Each {B} in the mana costs of permanents you control counts toward your devotion to black.)", "toughness": "2", "type": "Creature — Human Berserker", "types": ["Creature"], "uuid": "f52171a0-d622-5e89-90e1-47bf04c0e128"}, {"artist": "Svetlin Velinov", "artistIds": ["ffd063ae-c097-4f26-b2e6-b1e2137708bc"], "availability": ["mtgo", "paper"], "boosterTypes": ["default"], "borderColor": "black", "colorIdentity": ["B"], "colors": ["B"], "convertedManaCost": 4.0, "count": 1, "edhrecRank": 16219, "finishes": ["nonfoil", "foil"], "flavorText": "Leeches are sacred to followers of Pharika for drawing poison from a wound, but feared by everyone else for drawing blood from the flesh.", "foreignData": [{"flavorText": "Egel sind den Anhängern der Pharika heilig, da sie das Gift aus Wunden saugen. Alle anderen fürchten sie jedoch, da sie dem Fleisch Blut entziehen.", "identifiers": {"multiverseId": "381002", "scryfallId": "2f67f77f-1a82-4ff5-b926-f31bd720ca4b"}, "language": "German", "multiverseId": 381002, "name": "Schmatzende Egel", "text": "Stärke und Widerstandskraft der Schmatzenden Egel sind gleich der Anzahl an Sümpfen, die du kontrollierst.", "type": "Kreatur — Egel"}, {"flavorText": "Las sanguijuelas son sagradas para los seguidores de Farika porque extraen el veneno de las heridas, pero temidas por todos los demás porque extraen la sangre de la carne.", "identifiers": {"multiverseId": "382157", "scryfallId": "e8e3131a-ec8d-4047-bdc5-4da407bdf1a9"}, "language": "Spanish", "multiverseId": 382157, "name": "Sanguijuelas viscosas", "text": "Tanto la fuerza como la resistencia de las Sanguijuelas viscosas son iguales al número de pantanos que controlas.", "type": "Criatura — Sanguijuela"}, {"flavorText": "Les sangsues sont sacrées pour les adorateurs de Pharika parce qu'elles vident les blessures du poison, mais craintes de tous parce qu'elles vident le corps de son sang.", "identifiers": {"multiverseId": "381167", "scryfallId": "8d5f274e-e222-42e9-abb3-17bc223e0281"}, "language": "French", "multiverseId": 381167, "name": "Sangsues grouillantes", "text": "La force et l'endurance des Sangsues grouillantes sont chacune égales au nombre de marais que vous contrôlez.", "type": "Créature : sangsue"}, {"flavorText": "I seguaci di Farika venerano le sanguisughe perché estraggono il veleno dalle ferite; chiunque altro le teme perché estraggono il sangue dal corpo.", "identifiers": {"multiverseId": "381332", "scryfallId": "808dd9d9-7602-4781-a3f6-75067cb106d8"}, "language": "Italian", "multiverseId": 381332, "name": "Sanguisughe Sguazzanti", "text": "La forza e la costituzione delle Sanguisughe Sguazzanti sono pari al numero di Paludi che controlli.", "type": "Creatura — Sanguisuga"}, {"flavorText": "ヒルはファリカの信徒にとって傷口から毒を吸い出す聖なる生き物とされているが、他の者たちからは肉体から血を吸い出すことで恐れられている。", "identifiers": {"multiverseId": "381497", "scryfallId": "06936f4f-21cc-4ec0-ae82-afc6a081954c"}, "language": "Japanese", "multiverseId": 381497, "name": "押し潰すヒル", "text": "押し潰すヒルのパワーとタフネスは、それぞれあなたがコントロールする沼の総数に等しい。", "type": "クリーチャー — ヒル"}, {"flavorText": "파리카의 추종자들은 거머리가 상처에서 독을 빨아내기에 신성하게 여기지만 다른 자들은 살에서 피를 빨아내기에 끔찍하게 여긴다.", "identifiers": {"multiverseId": "381662", "scryfallId": "6eb415b8-6572-4c2c-87fa-a46e6bd16b4b"}, "language": "Korean", "multiverseId": 381662, "name": "짓누르는 거머리", "text": "짓누르는 거머리의 공격력과 방어력은 각각 당신이 조종하는 늪의 개수와 같다.", "type": "생물 — 거머리"}, {"flavorText": "As sanguessugas são sagradas para os seguidores de Fárica por sugarem o veneno das feridas, mas são temidas por todos os outros por sugarem o sangue da carne.", "identifiers": {"multiverseId": "381827", "scryfallId": "01118ed2-e713-4761-bcd6-36395b07fe2d"}, "language": "Portuguese (Brazil)", "multiverseId": 381827, "name": "Sanguessugas Famintas", "text": "O poder e a resistência de Sanguessugas Famintas são iguais ao número de Pântanos que você controla.", "type": "Criatura — Sanguessuga"}, {"flavorText": "Последователи Фарики почитают пиявок за то, что они вытягивают яд из раны. Остальные же боятся их за то, что они вытягивают кровь из тела.", "identifiers": {"multiverseId": "381992", "scryfallId": "40faa01e-28e9-40e4-83cc-c1cec8b51db8"}, "language": "Russian", "multiverseId": 381992, "name": "Хлюпающие Пиявки", "text": "Сила и выносливость Хлюпающих Пиявок равны количеству Болот под вашим контролем.", "type": "Существо — Пиявка"}, {"flavorText": "蛭群是芳瑞卡追随者的圣物，因为可以吸出伤口中的毒液，但是其他人很怕它们，因为会吸走身体里的血液。", "identifiers": {"multiverseId": "380672", "scryfallId": "7b221009-f484-4f69-8869-072abf1748c1"}, "language": "Chinese Simplified", "multiverseId": 380672, "name": "吱响蛭群", "text": "吱响蛭群的力量及防御力各等同于由你操控的沼泽数量。", "type": "生物～蛭"}, {"flavorText": "蛭群是芳瑞卡追隨者的聖物，因為可以吸出傷口中的毒液，但是其他人很怕牠們，因為會吸走身體裡的血液。", "identifiers": {"multiverseId": "380837", "scryfallId": "08c91326-5113-44b8-ad7d-fd851205f371"}, "language": "Chinese Traditional", "multiverseId": 380837, "name": "吱響蛭群", "text": "吱響蛭群的力量及防禦力各等同於由你操控的沼澤數量。", "type": "生物～蛭"}], "frameVersion": "2003", "hasFoil": true, "hasNonFoil": true, "identifiers": {"cardsphereFoilId": "22269", "cardsphereId": "22270", "mcmId": "266581", "mcmMetaId": "209489", "mtgjsonV4Id": "b83e8b01-010d-5754-9a1d-038645a5f791", "mtgoFoilId": "52133", "mtgoId": "52132", "multiverseId": "380507", "scryfallCardBackId": "0aeebaf5-8c7d-4636-9e82-8c27447861f7", "scryfallId": "af3fff48-ebc9-4fca-a098-77d973e7d238", "scryfallIllustrationId": "e952a1ab-41df-40f7-94d8-2b31675713b6", "scryfallOracleId": "662a2158-4176-4b4a-be6a-13f4501d22f9", "tcgplayerProductId": "82175"}, "isFoil": false, "language": "English", "layout": "normal", "legalities": {"commander": "Legal", "duel": "Legal", "legacy": "Legal", "modern": "Legal", "oathbreaker": "Legal", "paupercommander": "Restricted", "penny": "Legal", "pioneer": "Legal", "vintage": "Legal"}, "manaCost": "{2}{B}{B}", "manaValue": 4.0, "name": "Squelching Leeches", "number": "84", "originalText": "Squelching Leeches's power and toughness are each equal to the number of Swamps you control.", "originalType": "Creature — Leech", "power": "*", "printings": ["DDR", "JOU", "PJOU", "PRM"], "purchaseUrls": {"cardmarket": "https://mtgjson.com/links/ab1551ecaf578fbf", "tcgplayer": "https://mtgjson.com/links/0772325c9b52bca7"}, "rarity": "uncommon", "rulings": [{"date": "2014-04-26", "text": "Squelching Leeches's power and toughness will change as the number of Swamps you control changes. Its ability counts all lands you control with the subtype Swamp, not just those named Swamp."}, {"date": "2014-04-26", "text": "The ability that defines Squelching Leeches's power and toughness works in all zones, not just the battlefield."}], "setCode": "JOU", "sourceProducts": {"foil": ["ef8281b6-54ab-578a-baec-62f5c79977c0"], "nonfoil": ["2ed10c40-998f-5157-a323-e785b4b98b0b", "ef8281b6-54ab-578a-baec-62f5c79977c0"]}, "subtypes": ["Leech"], "supertypes": [], "text": "Squelching Leeches's power and toughness are each equal to the number of Swamps you control.", "toughness": "*", "type": "Creature — Leech", "types": ["Creature"], "uuid": "d663dd37-efe3-59b0-92bb-c1b3827280c2"}, {"artist": "Dave Kendall", "artistIds": ["8a5540a8-18c9-4fa9-802c-59d6866114d5"], "availability": ["mtgo", "paper"], "boosterTypes": ["default"], "borderColor": "black", "colorIdentity": ["B"], "colors": ["B"], "convertedManaCost": 5.0, "count": 1, "edhrecRank": 16381, "finishes": ["nonfoil", "foil"], "foreignData": [{"identifiers": {"multiverseId": "378948", "scryfallId": "f4c1deac-5fde-4a82-a1ca-5a6a16396b8b"}, "language": "German", "multiverseId": 378948, "name": "Blutmagie", "text": "Du ziehst X Karten und verlierst X Lebenspunkte, wobei X gleich deiner Hingabe zu Schwarz ist. (Jedes {B} in den Manakosten von bleibenden Karten, die du kontrollierst, erhöht deine Hingabe zu Schwarz um eins.)", "type": "Hexerei"}, {"identifiers": {"multiverseId": "380103", "scryfallId": "1aa968ce-da75-4c7c-99e1-738a5fc5b6da"}, "language": "Spanish", "multiverseId": 380103, "name": "Sanguimancia", "text": "Robas X cartas y pierdes X vidas, donde X es tu devoción al negro. (Cada {B} en los costes de maná de los permanentes que controlas cuenta para tu devoción al negro.)", "type": "Conjuro"}, {"identifiers": {"multiverseId": "379113", "scryfallId": "8e510310-4be8-4d26-8165-72688028e80b"}, "language": "French", "multiverseId": 379113, "name": "Sanguinomancie", "text": "Vous piochez X cartes et vous perdez X points de vie, X étant votre dévotion au noir. (Chaque {B} dans les coûts de mana des permanents que vous contrôlez compte pour votre dévotion au noir.)", "type": "Rituel"}, {"identifiers": {"multiverseId": "379278", "scryfallId": "cb6370fb-a653-4567-9771-1645f6fb5b31"}, "language": "Italian", "multiverseId": 379278, "name": "Ematomanzia", "text": "Peschi X carte e perdi X punti vita, dove X è pari alla tua devozione al nero. (La tua devozione al nero è la somma dei {B} nel costo di mana dei permanenti che controlli.)", "type": "Stregoneria"}, {"identifiers": {"multiverseId": "379443", "scryfallId": "24418e02-4697-416c-a8ab-0bce7d2d2119"}, "language": "Japanese", "multiverseId": 379443, "name": "血占術", "text": "あなたはカードをＸ枚引き、Ｘ点のライフを失う。Ｘはあなたの黒への信心に等しい。（あなたの黒への信心は、あなたがコントロールするパーマネントのマナ・コストに含まれる{B}の総数に等しい。）", "type": "ソーサリー"}, {"identifiers": {"multiverseId": "379608", "scryfallId": "6cd4f92b-b83b-4497-b948-3efe9a873c83"}, "language": "Korean", "multiverseId": 379608, "name": "피로 치는 점", "text": "당신은 카드 X장을 뽑고 생명 X점을 잃는다. X는 당신의 흑색 신앙심이다. (당신이 조종하는 지속물의 마나 비용에 있는 각 {B}마다 당신의 흑색 신앙심이 1씩 증가한다.)", "type": "집중마법"}, {"identifiers": {"multiverseId": "379773", "scryfallId": "eb7e0dee-686d-4afd-8676-29b63bcb4553"}, "language": "Portuguese (Brazil)", "multiverseId": 379773, "name": "Sanguimancia", "text": "Você compra X cards e perde X pontos de vida, sendo X a sua devoção ao preto. (Cada {B} nos custos de mana de permanentes que você controla conta para sua devoção ao preto.)", "type": "Feitiço"}, {"identifiers": {"multiverseId": "379938", "scryfallId": "94e11aef-aaca-40ba-8dec-37d61e59427c"}, "language": "Russian", "multiverseId": 379938, "name": "Гадание по Крови", "text": "Вы берете X карт и теряете X жизней, где Х — ваша Преданность черному. (Каждый символ {B} в мана-стоимости перманентов под вашим контролем идет в счет вашей Преданности черному.)", "type": "Волшебство"}, {"identifiers": {"multiverseId": "378618", "scryfallId": "6737c4a0-2941-4508-9a17-e9ac1f870ca5"}, "language": "Chinese Simplified", "multiverseId": 378618, "name": "血占术", "text": "你抓X张牌且失去X点生命，X为你的黑色献力。（由你操控之永久物的法术力费用当中每含有一个{B}，你的黑色献力就加一。）", "type": "法术"}, {"identifiers": {"multiverseId": "378783", "scryfallId": "afa2bc81-c1ac-414e-ad8b-d5552964b280"}, "language": "Chinese Traditional", "multiverseId": 378783, "name": "血占術", "text": "你抽X張牌且失去X點生命，X為你的黑色獻力。 （由你操控之永久物的魔法力費用當中每含有一個{B}，你的黑色獻力就加一。）", "type": "巫術"}], "frameVersion": "2003", "hasFoil": true, "hasNonFoil": true, "identifiers": {"cardsphereFoilId": "7636", "cardsphereId": "7637", "mcmId": "266036", "mcmMetaId": "209388", "mtgjsonV4Id": "0f657f2c-2116-5cf2-a5c6-18f9a34c6d4f", "mtgoFoilId": "51684", "mtgoId": "51683", "multiverseId": "378453", "scryfallCardBackId": "0aeebaf5-8c7d-4636-9e82-8c27447861f7", "scryfallId": "fb129def-4055-4b12-9944-39406b451553", "scryfallIllustrationId": "5023acb5-3c35-4cc7-8c43-0bcad0377bc5", "scryfallOracleId": "f0a85525-b174-41d9-8871-870af29d3480", "tcgplayerProductId": "79156"}, "isFoil": false, "language": "English", "layout": "normal", "legalities": {"commander": "Legal", "duel": "Legal", "legacy": "Legal", "modern": "Legal", "oathbreaker": "Legal", "penny": "Legal", "pioneer": "Legal", "vintage": "Legal"}, "manaCost": "{4}{B}", "manaValue": 5.0, "name": "Sanguimancy", "number": "81", "originalText": "You draw X cards and you lose X life, where X is your devotion to black. (Each {B} in the mana costs of permanents you control counts toward your devotion to black.)", "originalType": "Sorcery", "printings": ["BNG"], "purchaseUrls": {"cardmarket": "https://mtgjson.com/links/88f276712b002518", "tcgplayer": "https://mtgjson.com/links/8d466e1f57a6c993"}, "rarity": "uncommon", "rulings": [{"date": "2013-09-15", "text": "Hybrid mana symbols, monocolored hybrid mana symbols, and Phyrexian mana symbols do count toward your devotion to their color(s)."}, {"date": "2013-09-15", "text": "If an activated ability or triggered ability has an effect that depends on your devotion to a color, you count the number of mana symbols of that color among the mana costs of permanents you control as the ability resolves. The permanent with that ability will be counted if it’s still on the battlefield at that time."}, {"date": "2013-09-15", "text": "Mana symbols in the text boxes of permanents you control don’t count toward your devotion to any color."}, {"date": "2013-09-15", "text": "Numeric mana symbols ({0}, {1}, and so on) in mana costs of permanents you control don’t count toward your devotion to any color."}], "setCode": "BNG", "sourceProducts": {"foil": ["16e12027-2acd-5bfa-81e8-ed3bc5381334"], "nonfoil": ["16e12027-2acd-5bfa-81e8-ed3bc5381334", "2ed10c40-998f-5157-a323-e785b4b98b0b"]}, "subtypes": [], "supertypes": [], "text": "You draw X cards and you lose X life, where X is your devotion to black. (Each {B} in the mana costs of permanents you control counts toward your devotion to black.)", "type": "Sorcery", "types": ["Sorcery"], "uuid": "5b8e6756-ffe6-549e-9cb2-e0461d7797a8"}, {"artist": "Noah Bradley", "artistIds": ["81995d11-da98-4f8b-89bd-b88ca2ddb06b"], "availability": ["mtgo", "paper"], "boosterTypes": ["default"], "borderColor": "black", "colorIdentity": ["B"], "colors": ["B"], "convertedManaCost": 3.0, "count": 1, "edhrecRank": 16747, "edhrecSaltiness": 0.11, "finishes": ["nonfoil", "foil"], "flavorText": "\"The sad truth is that the whip of Erebos is long enough to wrap around all our throats.\"\n—Perisophia the philosopher", "foreignData": [{"flavorText": "„Die grässliche Wahrheit ist, dass die Peitsche des Erebos lang genug ist, um sich uns allen um den Hals zu schlingen.\" —Perisophia die Philosophin", "identifiers": {"multiverseId": "378932", "scryfallId": "d54cdee3-0ce7-4a45-baff-8c5ade129673"}, "language": "German", "multiverseId": 378932, "name": "Im Leid ertrinken", "text": "Alle Kreaturen erhalten -2/-2 bis zum Ende des Zuges. Hellsicht 1. (Schaue dir die oberste Karte deiner Bibliothek an. Du kannst diese Karte unter deine Bibliothek legen.)", "type": "Hexerei"}, {"flavorText": "\"La amarga verdad es que el Látigo de Erebos es lo bastante largo como para enrollarse en torno a todos y cada uno de nuestros cuellos\". —Perisofia, la filósofa", "identifiers": {"multiverseId": "380087", "scryfallId": "66993043-2318-459c-a33d-2c0a9d268ae2"}, "language": "Spanish", "multiverseId": 380087, "name": "Ahogado en pena", "text": "Todas las criaturas obtienen -2/-2 hasta el final del turno. Adivina 1. (Mira la primera carta de tu biblioteca. Puedes poner esa carta en el fondo de tu biblioteca.)", "type": "Conjuro"}, {"flavorText": "« Le fouet d'Érébos est assez long pour s'enrouler autour de toutes nos gorges ; voilà la triste vérité. » —Périsophia la philosophe", "identifiers": {"multiverseId": "379097", "scryfallId": "00b31c62-2bf8-448a-97e4-19515ef3975f"}, "language": "French", "multiverseId": 379097, "name": "Chagrin accablant", "text": "Toutes les créatures gagnent -2/-2 jusqu'à la fin du tour. Regard 1. (Regardez la carte du dessus de votre bibliothèque. Vous pouvez mettre cette carte au-dessous de votre bibliothèque.)", "type": "Rituel"}, {"flavorText": "\"La triste verità è che la frusta di Erebos è abbastanza lunga da avvolgersi intorno alle gole di noi tutti.\" —Perisofia la filosofa", "identifiers": {"multiverseId": "379262", "scryfallId": "dc682e57-5344-423f-938c-79312fc68250"}, "language": "Italian", "multiverseId": 379262, "name": "Annegare nel Dolore", "text": "Tutte le creature prendono -2/-2 fino alla fine del turno. Profetizza 1. (Guarda la prima carta del tuo grimorio. Puoi mettere quella carta in fondo al tuo grimorio.)", "type": "Stregoneria"}, {"flavorText": "「悲しい事実ですけど、エレボスの鞭には私たち全員の首に巻きつくだけの十分な長さがあるのですよ。」 ――哲人ペリソフィア", "identifiers": {"multiverseId": "379427", "scryfallId": "2edc7966-7acd-4266-aac8-a066a641b48f"}, "language": "Japanese", "multiverseId": 379427, "name": "悲哀まみれ", "text": "すべてのクリーチャーは、ターン終了時まで－２/－２の修整を受ける。占術１を行う。（あなたのライブラリーの一番上のカードを見る。あなたはそのカードをあなたのライブラリーの一番下に置いてもよい。）", "type": "ソーサリー"}, {"flavorText": "\"슬픈 사실은 에레보스의 채찍이 우리 모두의 목을 휘감을 만큼 길다는 것이다.\" —철학자 페리소피아", "identifiers": {"multiverseId": "379592", "scryfallId": "2933c475-089c-4702-9c3c-84f9e370f22b"}, "language": "Korean", "multiverseId": 379592, "name": "슬픔에 빠져 죽다", "text": "모든 생물은 턴종료까지 -2/-2를 받는다. 점술 1. (당신의 서고 맨 위의 카드 한 장을 본다. 당신은 그 카드를 당신의 서고 맨 밑에 놓을 수 있다.)", "type": "집중마법"}, {"flavorText": "\"A triste verdade é que o Chicote de Érebo é longo o bastante para envolver as gargantas de todos nós.\" — Perisofia, a filósofa", "identifiers": {"multiverseId": "379757", "scryfallId": "1da9bd50-1b33-4889-a1d1-d9dc6535a89c"}, "language": "Portuguese (Brazil)", "multiverseId": 379757, "name": "Afogar em Mágoas", "text": "Todas as criaturas recebem -2/-2 até o final do turno. Vidência 1. (Olhe o card do topo de seu grimório. Você pode colocar aquele card no fundo de seu grimório.)", "type": "Feitiço"}, {"flavorText": "«Грустная правда состоит в том, что длины кнута Эреба хватит для того, чтобы обвиться вокруг наших глоток». — философ Перисофия", "identifiers": {"multiverseId": "379922", "scryfallId": "e5076a77-959e-450e-87bb-40ce9884e6d0"}, "language": "Russian", "multiverseId": 379922, "name": "В Объятиях Тоски", "text": "Все существа получают -2/-2 до конца хода. Предскажите 1. (Посмотрите верхнюю карту вашей библиотеки. Вы можете положить ту карту в низ вашей библиотеки.)", "type": "Волшебство"}, {"flavorText": "「不幸的是，厄睿柏斯的鞭子长到足以勒住我们所有人的脖子。」 ～哲人珀里索菲娅", "identifiers": {"multiverseId": "378602", "scryfallId": "4ff9506f-2ba7-4090-b182-36a30e443120"}, "language": "Chinese Simplified", "multiverseId": 378602, "name": "陷入悲痛", "text": "所有生物得-2/-2直到回合结束。占卜1。（检视你牌库顶的牌。你可以将该牌置于你的牌库底。）", "type": "法术"}, {"flavorText": "「不幸的是，厄睿柏斯的鞭子長到足以勒住我們所有人的脖子。」 ～哲人珀里索菲婭", "identifiers": {"multiverseId": "378767", "scryfallId": "aee786f7-3fd1-4f2b-8778-5728e7a472ab"}, "language": "Chinese Traditional", "multiverseId": 378767, "name": "陷入悲痛", "text": "所有生物得-2/-2直到回合結束。占卜1。（檢視你牌庫頂的牌。你可以將該牌置於你的牌庫底。）", "type": "巫術"}], "frameVersion": "2003", "hasFoil": true, "hasNonFoil": true, "identifiers": {"cardsphereFoilId": "7446", "cardsphereId": "7447", "mcmId": "265599", "mcmMetaId": "209182", "mtgjsonV4Id": "31b8a513-be23-54b6-bc4a-48d97bda1567", "mtgoFoilId": "51680", "mtgoId": "51679", "multiverseId": "378437", "scryfallCardBackId": "0aeebaf5-8c7d-4636-9e82-8c27447861f7", "scryfallId": "287c7570-8080-43dc-a586-963e15566446", "scryfallIllustrationId": "286a90a1-57b8-4f32-bb6a-05cfb9b01e8b", "scryfallOracleId": "5c93ec85-f87f-4121-9fbf-61fd598d1e65", "tcgplayerProductId": "78754"}, "isFoil": false, "keywords": ["Scry"], "language": "English", "layout": "normal", "legalities": {"commander": "Legal", "duel": "Legal", "legacy": "Legal", "modern": "Legal", "oathbreaker": "Legal", "pauper": "Legal", "paupercommander": "Legal", "pioneer": "Legal", "vintage": "Legal"}, "manaCost": "{1}{B}{B}", "manaValue": 3.0, "name": "Drown in Sorrow", "number": "65", "originalText": "All creatures get -2/-2 until end of turn. Scry 1. (Look at the top card of your library. You may put that card on the bottom of your library.)", "originalType": "Sorcery", "printings": ["2XM", "BNG", "CMM", "PRM"], "purchaseUrls": {"cardmarket": "https://mtgjson.com/links/48144e94c4d36c3f", "tcgplayer": "https://mtgjson.com/links/207c2ccbb99f7a24"}, "rarity": "uncommon", "rulings": [{"date": "2020-08-07", "text": "Drown in Sorrow affects only creatures on the battlefield at the time it resolves. Creatures that enter the battlefield or become creatures later in the turn won't get -2/-2."}], "setCode": "BNG", "sourceProducts": {"foil": ["16e12027-2acd-5bfa-81e8-ed3bc5381334"], "nonfoil": ["16e12027-2acd-5bfa-81e8-ed3bc5381334", "2ed10c40-998f-5157-a323-e785b4b98b0b", "9f608f7a-ff2b-567e-a6ec-94993048765c"]}, "subtypes": [], "supertypes": [], "text": "All creatures get -2/-2 until end of turn. Scry 1. (Look at the top card of your library. You may put that card on the bottom.)", "type": "Sorcery", "types": ["Sorcery"], "uuid": "794b3d74-f101-5d0e-912f-b49688d1f91c"}, {"artist": "John Severin Brassell", "artistIds": ["a4f50310-4b01-4cd3-8ab8-85b31e6876db"], "availability": ["mtgo", "paper"], "boosterTypes": ["default"], "borderColor": "black", "colorIdentity": ["B"], "colors": ["B"], "convertedManaCost": 4.0, "count": 1, "edhrecRank": 20169, "edhrecSaltiness": 0.2, "finishes": ["nonfoil", "foil"], "foreignData": [{"identifiers": {"multiverseId": "374267", "scryfallId": "0f749f47-c152-4f03-b313-474134092e0b"}, "language": "German", "multiverseId": 374267, "name": "Schülerin des Phenax", "text": "Wenn die Schülerin des Phenax ins Spiel kommt, zeigt ein Spieler deiner Wahl so viele Karten aus seiner Hand offen vor, wie deine Hingabe zu Schwarz beträgt. Du bestimmst eine davon. Dieser Spieler wirft diese Karte ab. (Jedes {B} in den Manakosten von bleibenden Karten, die du kontrollierst, erhöht deine Hingabe zu Schwarz um eins.)", "type": "Kreatur — Mensch, Kleriker"}, {"identifiers": {"multiverseId": "376010", "scryfallId": "a5b7d067-3f08-49c6-a8ae-88ed854fca0d"}, "language": "Spanish", "multiverseId": 376010, "name": "Discípulo de Fenax", "text": "Cuando el Discípulo de Fenax entre al campo de batalla, el jugador objetivo muestra una cantidad de cartas de su mano igual a tu devoción al negro. Elige una de ellas. Ese jugador descarta esa carta. (Cada {B} en los costes de maná de los permanentes que controlas cuenta para tu devoción al negro.)", "type": "Criatura — Clérigo humano"}, {"identifiers": {"multiverseId": "374516", "scryfallId": "3b282e60-bc35-4ccf-bff9-7fadf3fa03bd"}, "language": "French", "multiverseId": 374516, "name": "Disciple de Phénax", "text": "Quand le Disciple de Phénax arrive sur le champ de bataille, le joueur ciblé révèle un nombre de cartes de sa main égal à votre dévotion au noir. Vous en choisissez une. Ce joueur se défausse de cette carte. (Chaque {B} dans les coûts de mana des permanents que vous contrôlez compte pour votre dévotion au noir.)", "type": "Créature : humain et clerc"}, {"identifiers": {"multiverseId": "374765", "scryfallId": "dfee8e83-c111-475f-893f-dc937f28d4ea"}, "language": "Italian", "multiverseId": 374765, "name": "Discepola di Fenax", "text": "Quando la Discepola di Fenax entra nel campo di battaglia, un giocatore bersaglio rivela dalla sua mano un numero di carte pari alla tua devozione al nero. Scegli una di quelle carte. Quel giocatore scarta quella carta. (La tua devozione al nero è la somma dei {B} nel costo di mana dei permanenti che controlli.)", "type": "Creatura — Chierico Umano"}, {"identifiers": {"multiverseId": "375014", "scryfallId": "c99947bf-1669-41f8-bc4f-1ff11c33e729"}, "language": "Japanese", "multiverseId": 375014, "name": "フィナックスの信奉者", "text": "フィナックスの信奉者が戦場に出たとき、プレイヤー１人を対象とする。そのプレイヤーは自分の手札から、あなたの黒への信心に等しい枚数のカードを公開する。あなたはそのうちの１枚を選ぶ。そのプレイヤーはそのカードを捨てる。（あなたの黒への信心は、あなたがコントロールするパーマネントのマナ・コストに含まれる{B}の総数に等しい。）", "type": "クリーチャー — 人間・クレリック"}, {"identifiers": {"multiverseId": "375263", "scryfallId": "91434cfd-26d5-4c8e-9cb0-cd00e3e05a20"}, "language": "Korean", "multiverseId": 375263, "name": "페낙스의 사도", "text": "페낙스의 사도가 전장에 들어올 때, 플레이어 한 명을 목표로 정한다. 그 플레이어는 당신의 흑색 신앙심만큼의 카드를 손에서 공개한다. 당신은 그 카드들 중에서 한 장을 고른다. 그 플레이어는 그 카드를 버린다. (당신이 조종하는 지속물의 마나 비용에 있는 각 {B}마다 당신의 흑색 신앙심이 1씩 증가한다.)", "type": "생물 — 인간 성직자"}, {"identifiers": {"multiverseId": "375512", "scryfallId": "86b79ef3-d733-48eb-8ca7-aae896b1a5a9"}, "language": "Portuguese (Brazil)", "multiverseId": 375512, "name": "Discípulo de Fenax", "text": "Quando Discípulo de Fenax entra no campo de batalha, o jogador alvo revela um número de cards da própria mão igual a sua devoção ao preto. Você escolhe um deles. Aquele jogador descarta aquele card. (Cada {B} nos custos de mana de permanentes que você controla conta para sua devoção ao preto.)", "type": "Criatura — Humano Clérigo"}, {"identifiers": {"multiverseId": "375761", "scryfallId": "e16e283b-dfff-43f1-99d8-238be6dead09"}, "language": "Russian", "multiverseId": 375761, "name": "Приверженица Фенакса", "text": "Когда Приверженица Фенакса выходит на поле битвы, целевой игрок показывает количество карт из своей руки, равное вашей Преданности черному. Вы выбираете одну из них. Тот игрок сбрасывает ту карту. (Каждый символ {B} в мана-стоимости перманентов под вашим контролем идет в счет вашей Преданности черному.)", "type": "Существо — Человек Священник"}, {"identifiers": {"multiverseId": "373769", "scryfallId": "2e6ee202-d55e-4412-905c-a4b9d913179f"}, "language": "Chinese Simplified", "multiverseId": 373769, "name": "斐纳克的信徒", "text": "当斐纳克的信徒进战场时，目标牌手从手上展示若干牌，其数量等同于你的黑色献力。你从中选择一张。该牌手弃掉该牌。（由你操控之永久物的法术力费用当中每含有一个{B}，你的黑色献力就加一。）", "type": "生物～人类／僧侣"}, {"identifiers": {"multiverseId": "374018", "scryfallId": "7bfbb97f-8436-4ef8-a22c-6584bf3ee098"}, "language": "Chinese Traditional", "multiverseId": 374018, "name": "斐納克的信徒", "text": "當斐納克的信徒進戰場時，目標玩家從手上展示若干牌，其數量等同於你的黑色獻力。你從中選擇一張。該玩家棄掉該牌。（由你操控之永久物的魔法力費用當中每含有一個{B}，你的黑色獻力就加一。）", "type": "生物～人類／僧侶"}], "frameVersion": "2003", "hasFoil": true, "hasNonFoil": true, "identifiers": {"cardsphereFoilId": "43672", "cardsphereId": "43673", "mcmId": "264227", "mcmMetaId": "208757", "mtgjsonV4Id": "1f553a37-5901-59c5-b992-227a5104a743", "mtgoFoilId": "50467", "mtgoId": "50466", "multiverseId": "373520", "scryfallCardBackId": "0aeebaf5-8c7d-4636-9e82-8c27447861f7", "scryfallId": "81c1137c-1cbd-4918-9d1c-a9d2bd88562e", "scryfallIllustrationId": "3ebe1b35-5565-46c3-b899-55f1ac226b15", "scryfallOracleId": "d7cbe54b-f217-45f5-8583-c254a1c80bb8", "tcgplayerProductId": "71338"}, "isFoil": false, "language": "English", "layout": "normal", "legalities": {"commander": "Legal", "duel": "Legal", "legacy": "Legal", "modern": "Legal", "oathbreaker": "Legal", "pauper": "Legal", "paupercommander": "Legal", "penny": "Legal", "pioneer": "Legal", "vintage": "Legal"}, "manaCost": "{2}{B}{B}", "manaValue": 4.0, "name": "Disciple of Phenax", "number": "84", "originalText": "When Disciple of Phenax enters the battlefield, target player reveals a number of cards from his or her hand equal to your devotion to black. You choose one of them. That player discards that card. (Each {B} in the mana costs of permanents you control counts toward your devotion to black.)", "originalType": "Creature — Human Cleric", "power": "1", "printings": ["THS"], "purchaseUrls": {"cardmarket": "https://mtgjson.com/links/c39f316092aa723d", "tcgplayer": "https://mtgjson.com/links/80fde159f9f03a33"}, "rarity": "common", "rulings": [{"date": "2013-09-15", "text": "Hybrid mana symbols, monocolored hybrid mana symbols, and Phyrexian mana symbols do count toward your devotion to their color(s)."}, {"date": "2013-09-15", "text": "If an activated ability or triggered ability has an effect that depends on your devotion to a color, you count the number of mana symbols of that color among the mana costs of permanents you control as the ability resolves. The permanent with that ability will be counted if it's still on the battlefield at that time."}, {"date": "2013-09-15", "text": "Mana symbols in the text boxes of permanents you control don't count toward your devotion to any color."}, {"date": "2013-09-15", "text": "Numeric mana symbols ({0}, {1}, and so on) in mana costs of permanents you control don't count toward your devotion to any color."}, {"date": "2013-09-15", "text": "Use your devotion to black as the triggered ability resolves to determine how many cards will be revealed. If Disciple of Phenax is still on the battlefield at that time, its mana cost will count toward your devotion to black."}], "setCode": "THS", "sourceProducts": {"foil": ["7bba9d52-6334-538e-af18-23bda395adb4"], "nonfoil": ["2ed10c40-998f-5157-a323-e785b4b98b0b", "7bba9d52-6334-538e-af18-23bda395adb4", "d5b88a15-274d-55ab-b48d-12b100aca265"]}, "subtypes": ["Human", "Cleric"], "supertypes": [], "text": "When Disciple of Phenax enters, target player reveals a number of cards from their hand equal to your devotion to black. You choose one of them. That player discards that card. (Each {B} in the mana costs of permanents you control counts toward your devotion to black.)", "toughness": "3", "type": "Creature — Human Cleric", "types": ["Creature"], "uuid": "ba4cbc7a-2fee-501a-977f-742e6a56c89e"}, {"artist": "Robbie Trevino", "artistIds": ["34f236c4-d646-4e48-9723-9df5f507754d"], "availability": ["mtgo", "paper"], "boosterTypes": ["default"], "borderColor": "black", "colorIdentity": ["B"], "colors": ["B"], "convertedManaCost": 5.0, "count": 2, "edhrecRank": 224, "edhrecSaltiness": 0.84, "finishes": ["nonfoil", "foil"], "foreignData": [{"identifiers": {"multiverseId": "374392", "scryfallId": "fda1b018-c7c2-488e-9abc-a53b35136c14"}, "language": "German", "multiverseId": 374392, "name": "Grauer Händler aus Asphodel", "text": "Wenn der Graue Händler aus Asphodel ins Spiel kommt, verliert jeder Gegner X Lebenspunkte, wobei X gleich deiner Hingabe zu Schwarz ist. Du erhältst so viele Lebenspunkte dazu, wie auf diese Weise Lebenspunkte verloren wurden. (Jedes {B} in den Manakosten von bleibenden Karten, die du kontrollierst, erhöht deine Hingabe zu Schwarz um eins.)", "type": "Kreatur — Zombie"}, {"identifiers": {"multiverseId": "376135", "scryfallId": "c1524c49-2d7e-4fbd-a76e-fef28e514738"}, "language": "Spanish", "multiverseId": 376135, "name": "Comerciante plomizo de Asfodel", "text": "Cuando el Comerciante plomizo de Asfodel entre al campo de batalla, cada oponente pierde X vidas, donde X es tu devoción al negro. Ganas vidas igual a la cantidad de vidas perdidas de esta manera. (Cada {B} en los costes de maná de los permanentes que controlas cuenta para tu devoción al negro.)", "type": "Criatura — Zombie"}, {"identifiers": {"multiverseId": "374641", "scryfallId": "e7bbdb6e-4e54-466f-8808-49896ba4995c"}, "language": "French", "multiverseId": 374641, "name": "Marchand gris d'Asphodèle", "text": "Quand le Marchand gris d'Asphodèle arrive sur le champ de bataille, chaque adversaire perd X points de vie, X étant votre dévotion au noir. Vous gagnez autant de points de vie que ceux perdus de cette manière. (Chaque {B} dans les coûts de mana des permanents que vous contrôlez compte pour votre dévotion au noir.)", "type": "Créature : zombie"}, {"identifiers": {"multiverseId": "374890", "scryfallId": "6c77e7be-0ff8-490c-8cba-0250b37385ee"}, "language": "Italian", "multiverseId": 374890, "name": "Mercante Grigio di Asfodelo", "text": "Quando il Mercante Grigio di Asfodelo entra nel campo di battaglia, ogni avversario perde X punti vita, dove X è pari alla tua devozione al nero. Guadagni tanti punti vita quanti sono i punti vita persi in questo modo. (La tua devozione al nero è la somma dei {B} nel costo di mana dei permanenti che controlli.)", "type": "Creatura — Zombie"}, {"identifiers": {"multiverseId": "375139", "scryfallId": "149afeaa-46c9-4d1e-ad35-be6821a2d983"}, "language": "Japanese", "multiverseId": 375139, "name": "アスフォデルの灰色商人", "text": "アスフォデルの灰色商人が戦場に出たとき、各対戦相手はそれぞれＸ点のライフを失う。Ｘはあなたの黒への信心に等しい。あなたはこれにより失われたライフに等しい点数のライフを得る。（あなたの黒への信心は、あなたがコントロールするパーマネントのマナ・コストに含まれる{B}の総数に等しい。）", "type": "クリーチャー — ゾンビ"}, {"identifiers": {"multiverseId": "375388", "scryfallId": "7b26f2e4-6dd7-4280-aa8e-64bc5ffbd29b"}, "language": "Korean", "multiverseId": 375388, "name": "아스포델의 회색 상인", "text": "아스포델의 회색 상인이 전장에 들어올 때, 각 상대는 생명 X점을 잃는다. X는 당신의 흑색 신앙심이다. 당신은 이렇게 잃은 생명점의 합만큼의 생명점을 얻는다. (당신이 조종하는 지속물의 마나 비용에 있는 각 {B}마다 당신의 흑색 신앙심이 1씩 증가한다.)", "type": "생물 — 좀비"}, {"identifiers": {"multiverseId": "375637", "scryfallId": "d867ff09-9f4a-4ab4-865c-de88fc97c75a"}, "language": "Portuguese (Brazil)", "multiverseId": 375637, "name": "Mercador Cinzento de Asfódelos", "text": "Quando Mercador Cinzento de Asfódelos entra no campo de batalha, cada oponente perde X pontos de vida, sendo X sua devoção ao preto. Você ganha uma quantidade de pontos de vida igual ao total de pontos de vida perdidos dessa maneira. (Cada {B} nos custos de mana de permanentes que você controla conta para sua devoção ao preto.)", "type": "Criatura — Zumbi"}, {"identifiers": {"multiverseId": "375886", "scryfallId": "36e3be5d-4a2b-4c2b-bd16-afc68df6a231"}, "language": "Russian", "multiverseId": 375886, "name": "Серый Торговец из Асфодели", "text": "Когда Серый Торговец из Асфодели выходит на поле битвы, каждый оппонент теряет X жизней, где Х — ваша Преданность черному. Вы получаете столько жизней, сколько их было потеряно таким образом. (Каждый символ {B} в мана-стоимости перманентов под вашим контролем идет в счет вашей Преданности черному.)", "type": "Существо — Зомби"}, {"identifiers": {"multiverseId": "373894", "scryfallId": "07af7ff4-26ba-4379-8d89-69e0c31161f7"}, "language": "Chinese Simplified", "multiverseId": 373894, "name": "安福陵的暗贾", "text": "当安福陵的暗贾进战场时，每位对手各失去X点生命，X为你的黑色献力。你获得若干生命，其数量等同于以此法失去的生命总和。（由你操控之永久物的法术力费用当中每含有一个{B}，你的黑色献力就加一。）", "type": "生物～灵俑"}, {"identifiers": {"multiverseId": "374143", "scryfallId": "8383c7b0-2866-4d96-8c6b-087c193c56a2"}, "language": "Chinese Traditional", "multiverseId": 374143, "name": "安福陵的暗賈", "text": "當安福陵的暗賈進戰場時，每位對手各失去X點生命，X為你的黑色獻力。你獲得若干生命，其數量等同於以此法失去的生命總和。（由你操控之永久物的魔法力費用當中每含有一個{B}，你的黑色獻力就加一。）", "type": "生物～殭屍"}], "frameVersion": "2003", "hasFoil": true, "hasNonFoil": true, "identifiers": {"cardsphereFoilId": "43738", "cardsphereId": "43739", "mcmId": "264040", "mcmMetaId": "208641", "mtgjsonV4Id": "e6305731-5f08-5de8-95f0-055e0674792f", "mtgoFoilId": "50563", "mtgoId": "50562", "multiverseId": "373645", "scryfallCardBackId": "0aeebaf5-8c7d-4636-9e82-8c27447861f7", "scryfallId": "b06078ce-f534-4e16-9a70-d51620a33eb2", "scryfallIllustrationId": "34cde926-efd8-4ea8-a091-fd5a1618f54d", "scryfallOracleId": "38f3b157-0df4-409b-89cc-086e1531cd5b", "tcgplayerProductId": "71021"}, "isFoil": false, "language": "English", "layout": "normal", "legalities": {"brawl": "Legal", "commander": "Legal", "duel": "Legal", "explorer": "Legal", "gladiator": "Legal", "historic": "Legal", "legacy": "Legal", "modern": "Legal", "oathbreaker": "Legal", "pauper": "Legal", "paupercommander": "Legal", "pioneer": "Legal", "timeless": "Legal", "vintage": "Legal"}, "manaCost": "{3}{B}{B}", "manaValue": 5.0, "name": "Gray Merchant of Asphodel", "number": "89", "originalText": "When Gray Merchant of Asphodel enters the battlefield, each opponent loses X life, where X is your devotion to black. You gain life equal to the life lost this way. (Each {B} in the mana costs of permanents you control counts toward your devotion to black.)", "originalType": "Creature — Zombie", "power": "2", "printings": ["C14", "PLST", "SCD", "THB", "THS", "TSR"], "purchaseUrls": {"cardmarket": "https://mtgjson.com/links/de4e3810b9db1547", "tcgplayer": "https://mtgjson.com/links/885a4de06046c46b"}, "rarity": "common", "rulings": [{"date": "2020-01-24", "text": "Colorless and generic mana symbols ({C}, {0}, {1}, {2}, {X}, and so on) in mana costs of permanents you control don't count toward your devotion to any color."}, {"date": "2020-01-24", "text": "Hybrid mana symbols, monocolored hybrid mana symbols, and Phyrexian mana symbols do count toward your devotion to their color(s)."}, {"date": "2020-01-24", "text": "If an activated ability or triggered ability has an effect that depends on your devotion to a color, you count the number of mana symbols of that color among the mana costs of permanents you control as the ability resolves. The permanent with that ability will be counted if it's still on the battlefield at that time."}, {"date": "2020-01-24", "text": "If you put an Aura on an opponent's permanent, you still control the Aura, and mana symbols in its mana cost count towards your devotion."}, {"date": "2020-01-24", "text": "Mana symbols in the text boxes of permanents you control don't count toward your devotion to any color."}, {"date": "2021-03-19", "text": "The amount of life you gain is the total amount of life lost, not simply the value of X."}], "setCode": "THS", "sourceProducts": {"foil": ["7bba9d52-6334-538e-af18-23bda395adb4"], "nonfoil": ["2ed10c40-998f-5157-a323-e785b4b98b0b", "7bba9d52-6334-538e-af18-23bda395adb4", "d5b88a15-274d-55ab-b48d-12b100aca265"]}, "subtypes": ["Zombie"], "supertypes": [], "text": "When Gray Merchant of Asphodel enters, each opponent loses X life, where X is your devotion to black. You gain life equal to the life lost this way. (Each {B} in the mana costs of permanents you control counts toward your devotion to black.)", "toughness": "4", "type": "Creature — Zombie", "types": ["Creature"], "uuid": "90c843d9-d4c2-5e61-8492-e9dc292489ee"}, {"artist": "Igor Kieryluk", "artistIds": ["9c3e9d17-509f-485c-9360-46d897ce716b"], "availability": ["mtgo", "paper"], "boosterTypes": ["default"], "borderColor": "black", "colorIdentity": ["B"], "colors": ["B"], "convertedManaCost": 2.0, "count": 1, "edhrecRank": 19522, "edhrecSaltiness": 0.18, "finishes": ["nonfoil", "foil"], "flavorText": "\"The venom cleanses the sickness from your body, but it will not be pleasant, and you may not survive. Pharika's blessings are fickle.\"\n—Solon, acolyte of Pharika", "foreignData": [{"flavorText": "„Das Gift reinigt deinen Körper, doch die Behandlung wird nicht angenehm und ihr Ausgang ist ungewiss. Pharikas Gunst ist launisch.\" —Solon, Tempeldiener der Pharika", "identifiers": {"multiverseId": "374469", "scryfallId": "c198cb9b-39ac-43fe-9ba4-4a48d772cb21"}, "language": "German", "multiverseId": 374469, "name": "Pharikas Heilmittel", "text": "Pharikas Heilmittel fügt einer Kreatur deiner Wahl 2 Schadenspunkte zu, und du erhältst 2 Lebenspunkte dazu.", "type": "Spontanzauber"}, {"flavorText": "\"El veneno limpia tu cuerpo de la enfermedad, pero no será agradable y puede que no sobrevivas. Las bendiciones de Farika son caprichosas\". —Solón, acólito de Farika", "identifiers": {"multiverseId": "376212", "scryfallId": "c098c5f4-440b-4615-82d4-380d3f4b8031"}, "language": "Spanish", "multiverseId": 376212, "name": "Cura de Farika", "text": "La Cura de Farika hace 2 puntos de daño a la criatura objetivo y tú ganas 2 vidas.", "type": "Instantáneo"}, {"flavorText": "« Le venin va purger ton corps de la maladie, mais cela ne sera pas agréable et tu risques de ne pas survivre. Les bénédictions de Pharika sont inconstantes. » —Solon, acolyte de Pharika", "identifiers": {"multiverseId": "374718", "scryfallId": "f15a40a4-6fff-49ba-aa8d-3e117bcfee1b"}, "language": "French", "multiverseId": 374718, "name": "Guérison de Pharika", "text": "La Guérison de Pharika inflige 2 blessures à la créature ciblée et vous gagnez 2 points de vie.", "type": "Éphémère"}, {"flavorText": "\"Il veleno purificherà il tuo corpo dalla malattia, ma non sarà piacevole e potresti non sopravvivere. Le benedizioni di Farika sono incostanti.\" —Solone, accolito di Farika", "identifiers": {"multiverseId": "374967", "scryfallId": "691daa85-67ba-48ba-8883-33599469af17"}, "language": "Italian", "multiverseId": 374967, "name": "Cura di Farika", "text": "La Cura di Farika infligge 2 danni a una creatura bersaglio e tu guadagni 2 punti vita.", "type": "Istantaneo"}, {"flavorText": "「この毒はお前の体の病を癒すことができるでしょう。だがそれは快適な体験ではありませんし、場合によっては命を落としてしまうかもしれません。ファリカ様の恩恵は気まぐれですから。」 ――ファリカの侍祭、ソロン", "identifiers": {"multiverseId": "375216", "scryfallId": "efe1eaa7-2048-4679-852a-54530286cd6e"}, "language": "Japanese", "multiverseId": 375216, "name": "ファリカの療法", "text": "クリーチャー１体を対象とする。ファリカの療法はそれに２点のダメージを与え、あなたは２点のライフを得る。", "type": "インスタント"}, {"flavorText": "\"독이 네 몸의 병은 치료할 것이다. 끔찍하게 고통스럽고 죽을 수도 있긴 하지만. 파리카님의 축복은 변덕스러워서 말이지.\" —파리카의 견습 사제 솔론", "identifiers": {"multiverseId": "375465", "scryfallId": "dce53364-69a9-4d18-94ff-288932a32a30"}, "language": "Korean", "multiverseId": 375465, "name": "파리카의 치유", "text": "생물 한 개를 목표로 정한다. 파리카의 치유는 그 생물에게 피해 2점을 입히고 당신은 생명 2점을 얻는다.", "type": "순간마법"}, {"flavorText": "\"O veneno eliminará a doença de seu corpo, mas não será agradável, e você pode não sobreviver. As bênçãos de Fárica são imprevisíveis.\" — Solon, acólito de Fárica", "identifiers": {"multiverseId": "375714", "scryfallId": "9bff4676-25f5-45b1-9933-77c946683b3c"}, "language": "Portuguese (Brazil)", "multiverseId": 375714, "name": "Cura de Fárica", "text": "Cura de Fárica causa 2 pontos de dano à criatura alvo e você ganha 2 pontos de vida.", "type": "Mágica Instantânea"}, {"flavorText": "«Яд очистит твое тело от болезни, но это мучительный процесс, и ты можешь его не пережить. Благословения Фарики непостоянны». — Солон, служитель Фарики", "identifiers": {"multiverseId": "375963", "scryfallId": "1c237cb3-68a3-4159-93b4-b35bc7f08ae1"}, "language": "Russian", "multiverseId": 375963, "name": "Лекарство Фарики", "text": "Лекарство Фарики наносит 2 повреждения целевому существу, а вы получаете 2 жизни.", "type": "Мгновенное заклинание"}, {"flavorText": "「这毒液会驱除你身体中的病症，但过程并不好受，你也不一定活得下来。芳瑞卡的祝福总是变化莫测。」 ～芳瑞卡的侍僧索罗恩", "identifiers": {"multiverseId": "373971", "scryfallId": "bf9251de-f813-409f-bdf0-0466cafb9ba8"}, "language": "Chinese Simplified", "multiverseId": 373971, "name": "芳瑞卡的医治", "text": "芳瑞卡的医治对目标生物造成2点伤害，且你获得2点生命。", "type": "瞬间"}, {"flavorText": "「這毒液會驅除你身體中的病症，但過程並不好受，你也不一定活得下來。芳瑞卡的祝福總是變化莫測。」 ～芳瑞卡的侍僧索羅恩", "identifiers": {"multiverseId": "374220", "scryfallId": "be2a815b-c377-4df5-8b8b-2a9a5eced6e2"}, "language": "Chinese Traditional", "multiverseId": 374220, "name": "芳瑞卡的醫治", "text": "芳瑞卡的醫治對目標生物造成2點傷害，且你獲得2點生命。", "type": "瞬間"}], "frameVersion": "2003", "hasFoil": true, "hasNonFoil": true, "identifiers": {"cardsphereFoilId": "43869", "cardsphereId": "43870", "mcmId": "264236", "mcmMetaId": "208766", "mtgjsonV4Id": "074305a4-2441-533b-ac95-e36bfda3ce38", "mtgoFoilId": "50337", "mtgoId": "50336", "multiverseId": "373722", "scryfallCardBackId": "0aeebaf5-8c7d-4636-9e82-8c27447861f7", "scryfallId": "c0efc963-5848-44eb-a654-c08b5bd4501d", "scryfallIllustrationId": "811eb51c-c3a0-4a8f-8ae7-3a3925dca097", "scryfallOracleId": "06d77149-52b6-4d2c-bfb9-1c25f6b1b0bb", "tcgplayerProductId": "71347"}, "isFoil": false, "language": "English", "layout": "normal", "legalities": {"commander": "Legal", "duel": "Legal", "legacy": "Legal", "modern": "Legal", "oathbreaker": "Legal", "pauper": "Legal", "paupercommander": "Legal", "penny": "Legal", "pioneer": "Legal", "vintage": "Legal"}, "manaCost": "{B}{B}", "manaValue": 2.0, "name": "Pharika's Cure", "number": "100", "originalText": "Pharika's Cure deals 2 damage to target creature and you gain 2 life.", "originalType": "Instant", "printings": ["THS"], "purchaseUrls": {"cardmarket": "https://mtgjson.com/links/57f4c23123cf22a5", "tcgplayer": "https://mtgjson.com/links/a6177a43eee1a497"}, "rarity": "common", "rulings": [{"date": "2013-09-15", "text": "If the creature is an illegal target as Pharika's Cure tries to resolve, it won't resolve and none of its effects will happen. You won't gain life. If, on the other hand, Pharika's Cure does resolve but the damage is prevented, you'll still gain life."}], "setCode": "THS", "sourceProducts": {"foil": ["7bba9d52-6334-538e-af18-23bda395adb4"], "nonfoil": ["2ed10c40-998f-5157-a323-e785b4b98b0b", "517d3eba-0168-5ead-8642-768c65b9631f", "561d75e9-c1d1-51b1-8398-dc869e0403c2", "7bba9d52-6334-538e-af18-23bda395adb4", "d5b88a15-274d-55ab-b48d-12b100aca265"]}, "subtypes": [], "supertypes": [], "text": "Pharika's Cure deals 2 damage to target creature and you gain 2 life.", "type": "Instant", "types": ["Instant"], "uuid": "5602ba3d-6c4e-5290-92c6-76b02a6a21f7"}, {"artist": "Clint Cearley", "artistIds": ["03b75350-d5a0-4e3a-b3b4-8d4a5554385b"], "availability": ["mtgo", "paper"], "boosterTypes": ["default"], "borderColor": "black", "colorIdentity": ["B"], "colors": ["B"], "convertedManaCost": 2.0, "count": 1, "edhrecRank": 20713, "edhrecSaltiness": 0.04, "finishes": ["nonfoil", "foil"], "flavorText": "In desperation the soldier prayed to Phenax, begging for the power to cheat the gorgon's gaze.", "foreignData": [{"flavorText": "In seiner Verzweiflung flehte der Soldat Phenax an, er möge ihm die Kraft geben, dem Blick der Gorgo zu entkommen.", "identifiers": {"multiverseId": "380878", "scryfallId": "9dd5b3cd-cc59-4d94-b179-3d567985ee1f"}, "language": "German", "multiverseId": 380878, "name": "In die Dunkelheit", "text": "Verzaubert eine Kreatur\nDie verzauberte Kreatur erhält -2/-0 und kann nicht blocken.", "type": "Verzauberung — Aura"}, {"flavorText": "Desesperado, el soldado rezó a Fenax y le imploró la fuerza para burlar la mirada de la gorgona.", "identifiers": {"multiverseId": "382033", "scryfallId": "dc79a1c2-4e0f-485d-bea8-f0f36959bb5b"}, "language": "Spanish", "multiverseId": 382033, "name": "Lanzar hacia las tinieblas", "text": "Encantar criatura.\nLa criatura encantada obtiene -2/-0 y no puede bloquear.", "type": "Encantamiento — Aura"}, {"flavorText": "En désespoir de cause, le soldat supplia Phénax de lui donner le pouvoir de résister au regard de la gorgone.", "identifiers": {"multiverseId": "381043", "scryfallId": "babfc041-7aad-4ba2-8b74-559f0727ef96"}, "language": "French", "multiverseId": 381043, "name": "Projeter dans les ténèbres", "text": "Enchanter : créature\nLa créature enchantée gagne -2/-0 et ne peut pas bloquer.", "type": "Enchantement : aura"}, {"flavorText": "Disperato, il soldato pregò Fenax perché gli concedesse il potere di sfuggire allo sguardo della gorgone.", "identifiers": {"multiverseId": "381208", "scryfallId": "76dbec3a-2588-4895-a9a5-661338331edf"}, "language": "Italian", "multiverseId": 381208, "name": "Gettare nell'Oscurità", "text": "Incanta creatura\nLa creatura incantata prende -2/-0 e non può bloccare.", "type": "Incantesimo — Aura"}, {"flavorText": "絶望の中で兵士たちは、ゴルゴンの視線を欺く力を求めてフィナックスに祈りをささげた。", "identifiers": {"multiverseId": "381373", "scryfallId": "fd283c20-6c8d-4d38-af31-dfa980c17dc3"}, "language": "Japanese", "multiverseId": 381373, "name": "闇への投入", "text": "エンチャント（クリーチャー）\nエンチャントされているクリーチャーは、－２/－０の修整を受けるとともに、それではブロックできない。", "type": "エンチャント — オーラ"}, {"flavorText": "절망 속에서 병사는 페낙스에게 고르곤의 눈을 속일 힘을 빌며 기도했다.", "identifiers": {"multiverseId": "381538", "scryfallId": "f9223480-b9a3-462c-b28c-abbadaefbcb0"}, "language": "Korean", "multiverseId": 381538, "name": "암흑에 빠지다", "text": "생물에게 부여\n부여된 생물은 -2/-0을 받으며 방어할 수 없다.", "type": "부여마법 — 마법진"}, {"flavorText": "No desespero, o soldado rezou para Fenax, implorando pelo poder de enganar o olhar da górgona.", "identifiers": {"multiverseId": "381703", "scryfallId": "c5ba9e3c-76df-491f-bfde-0fc70ad230f9"}, "language": "Portuguese (Brazil)", "multiverseId": 381703, "name": "Lançar na Escuridão", "text": "Encantar criatura\nA criatura encantada recebe -2/-0 e não pode bloquear.", "type": "Encantamento — Aura"}, {"flavorText": "В отчаянии солдат взмолился Фенаксу, прося сил выдержать взгляд горгоны.", "identifiers": {"multiverseId": "381868", "scryfallId": "5130c53a-f348-443e-aa6d-bd2c14e55c9a"}, "language": "Russian", "multiverseId": 381868, "name": "Низвержение во Тьму", "text": "Зачаровать существо\nЗачарованное существо получает -2/-0 и не может блокировать.", "type": "Чары — Аура"}, {"flavorText": "士兵绝望地向斐纳克祈祷，恳求他赐予可以避开蛇发妖瞪视的力量。", "identifiers": {"multiverseId": "380548", "scryfallId": "48689b2c-b35d-4c36-8499-32a2a3fa4624"}, "language": "Chinese Simplified", "multiverseId": 380548, "name": "没入黑暗", "text": "结附于生物\n所结附的生物得-2/-0且不能进行阻挡。", "type": "结界～灵气"}, {"flavorText": "士兵絕望地向斐納克祈禱，懇求他賜予可以避開蛇髮妖瞪視的力量。", "identifiers": {"multiverseId": "380713", "scryfallId": "03973051-5985-40ea-a79a-8317dc54c8e4"}, "language": "Chinese Traditional", "multiverseId": 380713, "name": "沒入黑暗", "text": "結附於生物\n所結附的生物得-2/-0且不能進行阻擋。", "type": "結界～靈氣"}], "frameVersion": "2003", "hasFoil": true, "hasNonFoil": true, "identifiers": {"cardsphereFoilId": "22015", "cardsphereId": "22016", "mcmId": "266702", "mcmMetaId": "209588", "mtgjsonV4Id": "52423b1c-4dfd-5eca-aeb5-344dc86d0e53", "mtgoFoilId": "51977", "mtgoId": "51976", "multiverseId": "380383", "scryfallCardBackId": "0aeebaf5-8c7d-4636-9e82-8c27447861f7", "scryfallId": "0c1880d4-90c7-46a2-bbc9-d2b52971d11c", "scryfallIllustrationId": "3794115e-77f5-4780-b28f-0a92416ab3ba", "scryfallOracleId": "4160e621-3f13-486b-af17-728ce85f7ea5", "tcgplayerProductId": "82359"}, "isFoil": false, "keywords": ["Enchant"], "language": "English", "layout": "normal", "legalities": {"commander": "Legal", "duel": "Legal", "legacy": "Legal", "modern": "Legal", "oathbreaker": "Legal", "pauper": "Legal", "paupercommander": "Legal", "penny": "Legal", "pioneer": "Legal", "vintage": "Legal"}, "manaCost": "{1}{B}", "manaValue": 2.0, "name": "Cast into Darkness", "number": "63", "originalText": "Enchant creature\nEnchanted creature gets -2/-0 and can't block.", "originalType": "Enchantment — Aura", "printings": ["JOU"], "purchaseUrls": {"cardmarket": "https://mtgjson.com/links/1e8e08e77af602b1", "tcgplayer": "https://mtgjson.com/links/ae81903dd9b777a4"}, "rarity": "common", "setCode": "JOU", "sourceProducts": {"foil": ["ef8281b6-54ab-578a-baec-62f5c79977c0"], "nonfoil": ["2317e07f-838d-5964-a43f-5012985e3076", "2ed10c40-998f-5157-a323-e785b4b98b0b", "497e2450-ef8a-541f-97db-5d8111c4eb82", "ef8281b6-54ab-578a-baec-62f5c79977c0"]}, "subtypes": ["Aura"], "supertypes": [], "text": "Enchant creature\nEnchanted creature gets -2/-0 and can't block.", "type": "Enchantment — Aura", "types": ["Enchantment"], "uuid": "439b67da-fa04-5499-a5fd-17e09c9b247b"}, {"artist": "Howard Lyon", "artistIds": ["6dd06426-59fe-4b9c-aad5-6da8446a5c3d"], "availability": ["mtgo", "paper"], "boosterTypes": ["default"], "borderColor": "black", "colorIdentity": ["B"], "colors": ["B"], "convertedManaCost": 2.0, "count": 1, "edhrecRank": 195, "edhrecSaltiness": 0.1, "finishes": ["nonfoil", "foil"], "flavorText": "Little agonies pave the way to greater power.", "foreignData": [{"flavorText": "Kleine Schmerzen ebnen den Weg zu größerer Macht.", "identifiers": {"multiverseId": "384235", "scryfallId": "82610bd4-9b39-4209-b2b3-eb587c44ec90"}, "language": "German", "multiverseId": 384235, "name": "Mit Blut unterschreiben", "text": "Ein Spieler deiner Wahl zieht zwei Karten und verliert 2 Lebenspunkte.", "type": "Hexerei"}, {"flavorText": "Pequeños dolores preparan el camino para un gran poder.", "identifiers": {"multiverseId": "386223", "scryfallId": "2392bc9b-8342-400a-95d7-fe6c2950ad4c"}, "language": "Spanish", "multiverseId": 386223, "name": "Firmar con sangre", "text": "El jugador objetivo roba dos cartas y pierde 2 vidas.", "type": "Conjuro"}, {"flavorText": "Les petites douleurs ouvrent la voie du grand pouvoir.", "identifiers": {"multiverseId": "384519", "scryfallId": "cf66764d-6d0a-4bde-9df9-3dadccf59d31"}, "language": "French", "multiverseId": 384519, "name": "Signature de sang", "text": "Le joueur ciblé pioche deux cartes et perd 2 points de vie.", "type": "Rituel"}, {"flavorText": "Lievi tormenti pavimentano la strada verso un potere superiore.", "identifiers": {"multiverseId": "384803", "scryfallId": "72996e83-3859-473e-80b3-ba498edd2a9a"}, "language": "Italian", "multiverseId": 384803, "name": "Firmare col Sangue", "text": "Un giocatore bersaglio pesca due carte e perde 2 punti vita.", "type": "Stregoneria"}, {"flavorText": "わずかな苦悶が偉大なる力への道を拓く。", "identifiers": {"multiverseId": "385087", "scryfallId": "53e88937-7096-462f-8a01-2deca227f0b9"}, "language": "Japanese", "multiverseId": 385087, "name": "血の署名", "text": "プレイヤー１人を対象とする。そのプレイヤーはカードを２枚引き、２点のライフを失う。", "type": "ソーサリー"}, {"flavorText": "강한 힘으로 가는 길은 작은 고통으로 표시되어있다.", "identifiers": {"multiverseId": "385371", "scryfallId": "770cf708-6fdd-4f6d-9a73-9c9560736a1b"}, "language": "Korean", "multiverseId": 385371, "name": "피의 서명", "text": "플레이어를 목표로 정한다. 그 플레이어는 카드 두 장을 뽑고 생명 2점을 잃는다.", "type": "집중마법"}, {"flavorText": "As pequenas agonias são uma preparação para um poder superior.", "identifiers": {"multiverseId": "385655", "scryfallId": "13c864f8-357b-4f13-b9e7-ffe204739564"}, "language": "Portuguese (Brazil)", "multiverseId": 385655, "name": "Assinar com Sangue", "text": "O jogador alvo compra dois cards e perde 2 pontos de vida.", "type": "Feitiço"}, {"flavorText": "Небольшие страдания ведут к большей власти.", "identifiers": {"multiverseId": "385939", "scryfallId": "a6050396-e0b0-4729-ad16-684600819216"}, "language": "Russian", "multiverseId": 385939, "name": "Подписание Кровью", "text": "Целевой игрок берет две карты и теряет 2 жизни.", "type": "Волшебство"}, {"flavorText": "微小痛苦为巨大力量铺路。", "identifiers": {"multiverseId": "383667", "scryfallId": "fabfe446-95df-4b78-abc2-7bd50b3dca38"}, "language": "Chinese Simplified", "multiverseId": 383667, "name": "以血立契", "text": "目标牌手抓两张牌并失去2点生命。", "type": "法术"}, {"flavorText": "微小痛苦為巨大力量鋪路。", "identifiers": {"multiverseId": "383951", "scryfallId": "9a39c1f8-d5a4-432b-a63a-c1ad9a13da63"}, "language": "Chinese Traditional", "multiverseId": 383951, "name": "以血立契", "text": "目標玩家抽兩張牌並失去2點生命。", "type": "巫術"}], "frameVersion": "2015", "hasFoil": true, "hasNonFoil": true, "identifiers": {"cardsphereFoilId": "28703", "cardsphereId": "28704", "mcmId": "267582", "mcmMetaId": "10618", "mtgjsonV4Id": "97fd4843-9046-5166-a79e-d4a535a97ce0", "mtgoFoilId": "53297", "mtgoId": "53296", "multiverseId": "383383", "scryfallCardBackId": "0aeebaf5-8c7d-4636-9e82-8c27447861f7", "scryfallId": "9f9cead6-7806-4c51-abd1-62c3b8f366b5", "scryfallIllustrationId": "7a34d6ce-50ef-4d9c-8a81-d91adf1b2f67", "scryfallOracleId": "c6207f6a-a624-4754-88f5-dbe700c841ff", "tcgplayerProductId": "90915"}, "isFoil": false, "isReprint": true, "language": "English", "layout": "normal", "legalities": {"brawl": "Legal", "commander": "Legal", "duel": "Legal", "explorer": "Legal", "gladiator": "Legal", "historic": "Legal", "legacy": "Legal", "modern": "Legal", "oathbreaker": "Legal", "pauper": "Legal", "paupercommander": "Legal", "penny": "Legal", "pioneer": "Legal", "predh": "Legal", "timeless": "Legal", "vintage": "Legal"}, "manaCost": "{B}{B}", "manaValue": 2.0, "name": "Sign in Blood", "number": "114", "originalText": "Target player draws two cards and loses 2 life.", "originalType": "Sorcery", "printings": ["ARC", "C14", "CM2", "CMD", "DDD", "GN3", "GVL", "M10", "M11", "M13", "M15", "MM2", "P10", "PLST", "PRM", "SCD", "STA"], "purchaseUrls": {"cardmarket": "https://mtgjson.com/links/e1d3e1a5552282e8", "tcgplayer": "https://mtgjson.com/links/0526b78f0730f598"}, "rarity": "common", "setCode": "M15", "sourceProducts": {"foil": ["0643f6ea-0eab-5f7d-8b6a-4ade23f44afd"], "nonfoil": ["0643f6ea-0eab-5f7d-8b6a-4ade23f44afd", "2451ca6a-58d5-5cd6-967f-a20efa0ea6cf", "25dfcd00-df7b-57e2-a748-8590fc64202a", "2ed10c40-998f-5157-a323-e785b4b98b0b", "3c074ed1-0263-5e27-96a7-053f5fb1fbe1", "65a02b56-ce31-55c2-a136-1ef9a5effd5f"]}, "subtypes": [], "supertypes": [], "text": "Target player draws two cards and loses 2 life.", "type": "Sorcery", "types": ["Sorcery"], "uuid": "59c6265e-f03c-5664-8d2b-2c9200b1981b"}], "name": "Black Devotion", "releaseDate": "2014-07-18", "sealedProductUuids": null, "sideBoard": [], "type": "Deck Builder's Toolkit"}}