{"meta": {"date": "2024-09-03", "version": "5.2.2+20240903"}, "data": {"code": "ROE", "commander": [], "mainBoard": [{"artist": "Kev Walker", "artistIds": ["f366a0ee-a0cd-466d-ba6a-90058c7a31a6"], "availability": ["mtgo", "paper"], "boosterTypes": ["default"], "borderColor": "black", "colorIdentity": ["U"], "colors": ["U"], "convertedManaCost": 5.0, "count": 1, "edhrecRank": 21263, "finishes": ["nonfoil", "foil"], "flavorText": "\"The East Wind, an interloper in the dominions of Westerly Weather, is an impassive-faced tyrant with a sharp poniard held behind his back for a treacherous stab.\"\n—Joseph Conrad, *The Mirror of the Sea*", "foreignData": [{"flavorText": "„Der Ostwind ist ein Eindringling im Reich des Wetters des Westens; er ist ein Tyrann mit ungerührtem Blick, der hinter dem Rücken den Dolch schon bereit zum verräterischen Stoß hält.\" —Joseph Conrad, Spiegel der See", "identifiers": {"multiverseId": "199597", "scryfallId": "a547885c-3b6c-4de4-94f7-e28b5689efce"}, "language": "German", "multiverseId": 199597, "name": "Luftelementar", "text": "Fliegend", "type": "Kreatur — Elementarwesen"}, {"flavorText": "\"El viento del este, un entrometido en los dominios del clima del oeste, es un tirano impasible con una daga afilada guardada en su espalda lista para una estocada traicionera.\" —Joseph Conrad, El espejo del mar", "identifiers": {"multiverseId": "200593", "scryfallId": "86832df2-82f9-413a-93a5-0dddb1b754fc"}, "language": "Spanish", "multiverseId": 200593, "name": "Elemental de aire", "text": "Vuela.", "type": "Criatura — Elemental"}, {"flavorText": "« Le Vent d'Est, un intrus dans le domaine du Temps d'Ouest, est un tyran au visage impassible et qui cache dans son dos un poignard acéré pour frapper en traître. » —Joseph Conrad, Le Miroir de la mer", "identifiers": {"multiverseId": "199348", "scryfallId": "0008b2ce-0dc4-45f0-bfde-da77dc50566f"}, "language": "French", "multiverseId": 199348, "name": "Élémental d'air", "text": "Vol", "type": "Créature : élémental"}, {"flavorText": "\"Il Vento dell'Est, un intruso nei domini del Clima di Ponente, è un tiranno dal volto impassibile, con un pugnale affilato tenuto dietro la schiena, pronto per una stilettata a tradimento.\" —Joseph Conrad, Lo Specchio del Mare", "identifiers": {"multiverseId": "200344", "scryfallId": "3dad5561-d213-48d6-8754-304a2d90f7e2"}, "language": "Italian", "multiverseId": 200344, "name": "Elementale dell'Aria", "text": "Volare", "type": "Creatura — Elementale"}, {"flavorText": "ウェスタリーの気候の支配の中に潜り込む東風は無感情な暴君で、鋭い短剣を背中に隠し、不意の一撃を狙っている。 ――ジョゼフ・コンラッド、「海の鏡」", "identifiers": {"multiverseId": "199846", "scryfallId": "b0a7aa40-181e-4a8c-93b0-4005a0e28fb7"}, "language": "Japanese", "multiverseId": 199846, "name": "大気の精霊", "text": "飛行", "type": "クリーチャー — エレメンタル"}, {"flavorText": "\"O vento leste, um intruso nos domínios do tempo ocidental, é um tirano impassível segurando um afiado punhal oculto às costas para um golpe traiçoeiro.\" — Joseph Conrad, Espelho do Mar", "identifiers": {"multiverseId": "199099", "scryfallId": "8b00bbbd-01de-4f84-a6d6-2d34f007b9c2"}, "language": "Portuguese (Brazil)", "multiverseId": 199099, "name": "Elemental do Ar", "text": "Voar", "type": "Criatura — Elemental"}, {"flavorText": "«Восточный Ветер, делающий набеги на владения Западного, тот — бесстрастный тиран и держит за спиной острый кинжал, готовясь нанести предательский удар». — Джозеф Конрад, Зеркало морей", "identifiers": {"multiverseId": "200095", "scryfallId": "25420d89-1187-4a73-b924-37f582f90192"}, "language": "Russian", "multiverseId": 200095, "name": "Элементаль Воздуха", "text": "Полет", "type": "Существо — Элементаль"}, {"flavorText": "「东风闯入西风时令统治区，犹如背藏利刃、面容冷漠的暴君，准备要背节行刺。」 ～约瑟夫•康拉德，《如镜的大海》", "identifiers": {"multiverseId": "200842", "scryfallId": "3fdc369c-1625-4bcd-9778-eecf245feb01"}, "language": "Chinese Simplified", "multiverseId": 200842, "name": "大气元素", "text": "飞行", "type": "生物～元素"}], "frameVersion": "2003", "hasFoil": true, "hasNonFoil": true, "identifiers": {"cardsphereFoilId": "25735", "cardsphereId": "25736", "mcmId": "21088", "mcmMetaId": "81", "mtgjsonV4Id": "3f5264de-ea32-5cf5-b48f-3e90a384b568", "mtgoFoilId": "32604", "mtgoId": "32603", "multiverseId": "189884", "scryfallCardBackId": "0aeebaf5-8c7d-4636-9e82-8c27447861f7", "scryfallId": "f9de2b27-f7d1-4e2d-97b2-2bb236b6fb10", "scryfallIllustrationId": "75263648-0dd8-4b7f-a508-317e7db284ce", "scryfallOracleId": "7744bae4-a8b7-44a5-9b4c-0048ad4cc448", "tcgplayerProductId": "32543"}, "isFoil": false, "isReprint": true, "keywords": ["Flying"], "language": "English", "layout": "normal", "legalities": {"alchemy": "Legal", "brawl": "Legal", "commander": "Legal", "duel": "Legal", "explorer": "Legal", "gladiator": "Legal", "historic": "Legal", "legacy": "Legal", "modern": "Legal", "oathbreaker": "Legal", "paupercommander": "Restricted", "penny": "Legal", "pioneer": "Legal", "predh": "Legal", "premodern": "Legal", "timeless": "Legal", "vintage": "Legal"}, "manaCost": "{3}{U}{U}", "manaValue": 5.0, "name": "Air Elemental", "number": "42", "originalText": "Flying", "originalType": "Creature — Elemental", "power": "4", "printings": ["10E", "2ED", "30A", "3ED", "4BB", "4ED", "5ED", "6ED", "7ED", "8ED", "9ED", "ANB", "BRB", "BTD", "CED", "CEI", "DD2", "DPA", "FBB", "GNT", "JVC", "LEA", "LEB", "M10", "M19", "M20", "ME4", "P02", "PLST", "PS11", "S99", "SUM", "W17", "XLN"], "purchaseUrls": {"cardmarket": "https://mtgjson.com/links/b8a1a713be5206e7", "tcgplayer": "https://mtgjson.com/links/46a1bcd69341e661"}, "rarity": "uncommon", "setCode": "M10", "sourceProducts": {"foil": ["f52aeac6-933a-55e2-a973-36421c155ea1"], "nonfoil": ["030f3a40-04f3-59d1-984b-e582c5d52bf8", "2a5fa0ac-5190-5c8d-b5bf-b7840b2c41b6", "de89f7b9-5773-5f69-903a-b6a41712bd3a", "f52aeac6-933a-55e2-a973-36421c155ea1"]}, "subtypes": ["Elemental"], "supertypes": [], "text": "Flying", "toughness": "4", "type": "Creature — Elemental", "types": ["Creature"], "uuid": "17f0c35c-bd56-5f37-9347-4839f18ccd9d"}, {"artist": "Jon Foster", "artistIds": ["be1fa767-c905-49b1-afcf-77a8e9ebbd31"], "availability": ["mtgo", "paper"], "boosterTypes": ["default"], "borderColor": "black", "colorIdentity": ["U"], "colors": ["U"], "convertedManaCost": 2.0, "count": 1, "edhrecRank": 3617, "edhrecSaltiness": 0.35, "finishes": ["nonfoil", "foil"], "flavorText": "Some wizards compete not to summon the most interesting creatures, but to create the most interesting aftereffects when a summons goes awry.", "foreignData": [{"flavorText": "Einige Zauberer wetteifern darum, wessen Kreaturen die interessantesten Nacheffekte hinterlassen, wenn die Beschwörung daneben geht.", "identifiers": {"multiverseId": "199606", "scryfallId": "1e5be5d9-f093-4744-b3fd-4310f6f2f287"}, "language": "German", "multiverseId": 199606, "name": "Essenzzerstäubung", "text": "Neutralisiere einen Kreaturenzauber deiner Wahl.", "type": "Spontanzauber"}, {"flavorText": "Algunos hechiceros compiten no por invocar las criaturas más interesantes, sino por crear los efectos más interesantes después de que la invocación sale mal.", "identifiers": {"multiverseId": "200602", "scryfallId": "9378cd01-5dbc-4311-b3fb-206a24c33a63"}, "language": "Spanish", "multiverseId": 200602, "name": "Esparcir la esencia", "text": "Contrarresta el hechizo objetivo de criatura.", "type": "Instantáneo"}, {"flavorText": "Certains sorciers concourent non pas pour invoquer les créatures les plus intéressantes, mais pour créer les effets secondaires les plus intéressants quand une invocation tourne mal.", "identifiers": {"multiverseId": "199357", "scryfallId": "cba3f7df-938b-4b96-9e65-dc70ad7599d0"}, "language": "French", "multiverseId": 199357, "name": "Dispersion d'essence", "text": "Contrecarrez le sort de créature ciblé.", "type": "Éphémère"}, {"flavorText": "Alcuni maghi si sfidano non a evocare le creature più interessanti, ma a creare i più interessanti effetti collaterali quando un'evocazione impazzisce.", "identifiers": {"multiverseId": "200353", "scryfallId": "0ef8764d-f420-4e76-bdf5-ff8f089a3cf6"}, "language": "Italian", "multiverseId": 200353, "name": "Disperdere Essenza", "text": "Neutralizza una magia creatura bersaglio.", "type": "Istantaneo"}, {"flavorText": "どれだけ興味深い怪物を召喚するかではなく、召喚が間違った方向に行ったときにどれだけ興味深い結果が起こるかを競う魔術師もいる。", "identifiers": {"multiverseId": "199855", "scryfallId": "ec9592ad-0851-42f1-9a75-e5dddd3c774c"}, "language": "Japanese", "multiverseId": 199855, "name": "本質の散乱", "text": "クリーチャー呪文１つを対象とし、それを打ち消す。", "type": "インスタント"}, {"flavorText": "Alguns magos competem não para invocar as criaturas mais interessantes, mas para criar os efeitos colaterais mais interessantes quando uma invocação dá errado.", "identifiers": {"multiverseId": "199108", "scryfallId": "cf06adbb-9572-4d13-ba16-da2b9529cb5d"}, "language": "Portuguese (Brazil)", "multiverseId": 199108, "name": "Espalhar Essência", "text": "Anule a mágica de criatura alvo.", "type": "Mágica Instantânea"}, {"flavorText": "Некоторые чародеи соревнуются не в том, кто вызовет самое интересное существо, а в том, кто создаст самое занимательное последействие в случае, если вызов окажется неудачным.", "identifiers": {"multiverseId": "200104", "scryfallId": "2cf68a90-a3d9-40e4-bfc4-3b614d0e6762"}, "language": "Russian", "multiverseId": 200104, "name": "Разлет Эссенции", "text": "Отмените целевое заклинание существа.", "type": "Мгновенное заклинание"}, {"flavorText": "有些法师比试并非以召唤出最有趣的生物来定胜负，而是看召唤出错后会有怎样有趣的后续影响。", "identifiers": {"multiverseId": "200851", "scryfallId": "cd60b97a-1576-4f45-9101-271cd1635e2f"}, "language": "Chinese Simplified", "multiverseId": 200851, "name": "菁华离散", "text": "反击目标生物咒语。", "type": "瞬间"}], "frameVersion": "2003", "hasFoil": true, "hasNonFoil": true, "identifiers": {"cardsphereFoilId": "25865", "cardsphereId": "25866", "mcmId": "21097", "mcmMetaId": "10596", "mtgjsonV4Id": "f1378a0d-2b01-53ad-b2ce-74d2068af2fd", "mtgoFoilId": "32648", "mtgoId": "32647", "multiverseId": "193742", "scryfallCardBackId": "0aeebaf5-8c7d-4636-9e82-8c27447861f7", "scryfallId": "c231101e-6620-46fc-a0ad-a53291d12dc2", "scryfallIllustrationId": "c6e3d5b3-bab3-4df1-9988-919e4b223e71", "scryfallOracleId": "46665089-aa3d-44c3-964d-6638dfbb5782", "tcgplayerProductId": "32607"}, "isFoil": false, "language": "English", "layout": "normal", "legalities": {"brawl": "Legal", "commander": "Legal", "duel": "Legal", "explorer": "Legal", "future": "Legal", "gladiator": "Legal", "historic": "Legal", "legacy": "Legal", "modern": "Legal", "oathbreaker": "Legal", "pauper": "Legal", "paupercommander": "Legal", "penny": "Legal", "pioneer": "Legal", "predh": "Legal", "standard": "Legal", "standardbrawl": "Legal", "timeless": "Legal", "vintage": "Legal"}, "manaCost": "{1}{U}", "manaValue": 2.0, "name": "Essence Scatter", "number": "51", "originalText": "Counter target creature spell.", "originalType": "Instant", "printings": ["AKH", "AKR", "DDT", "DMU", "DPA", "IKO", "M10", "M13", "M14", "M19", "PLST", "PS11"], "purchaseUrls": {"cardmarket": "https://mtgjson.com/links/aeb529c6a430da5d", "tcgplayer": "https://mtgjson.com/links/d37788d3a22745bd"}, "rarity": "common", "rulings": [{"date": "2009-10-01", "text": "A “creature spell” is any spell with the type creature, even if it has other types such as artifact or enchantment. Older cards of type summon are also creature spells."}], "setCode": "M10", "sourceProducts": {"foil": ["f52aeac6-933a-55e2-a973-36421c155ea1"], "nonfoil": ["030f3a40-04f3-59d1-984b-e582c5d52bf8", "2a5fa0ac-5190-5c8d-b5bf-b7840b2c41b6", "de89f7b9-5773-5f69-903a-b6a41712bd3a", "f52aeac6-933a-55e2-a973-36421c155ea1"]}, "subtypes": [], "supertypes": [], "text": "Counter target creature spell.", "type": "Instant", "types": ["Instant"], "uuid": "ad0e2d07-fca4-5839-b066-cfa5eb8a29b8"}, {"artist": "Svetlin Velinov", "artistIds": ["ffd063ae-c097-4f26-b2e6-b1e2137708bc"], "availability": ["mtgo", "paper"], "boosterTypes": ["default"], "borderColor": "black", "colorIdentity": ["U"], "colors": ["U"], "convertedManaCost": 5.0, "count": 1, "edhrecRank": 24270, "finishes": ["nonfoil", "foil"], "flavorText": "\"We thought Zendikar's rage was kindled by its explorers and plunderers. But the world had sensed the stirrings of the Eldrazi.\"\n—*The Invokers' Tales*", "foreignData": [{"flavorText": "„Wir dachten, dass die Forscher und Plünderer den Zorn Zendikars angestachelt hatten. Doch die Welt scheint gespürt zu haben, dass sich die Eldrazi wieder rührten.\" —Die Geschichten der Beschwörer", "identifiers": {"multiverseId": "217341", "scryfallId": "afaf5d77-da07-4466-8dd4-3a04812c5aaa"}, "language": "German", "multiverseId": 217341, "name": "Frostwind-Beschwörer", "text": "Fliegend\n{8}: Kreaturen, die du kontrollierst, erhalten bis zum Ende des Zuges Flugfähigkeit.", "type": "Kreatur — Meervolk, Zauberer"}, {"flavorText": "\"Creíamos que la ira de Zendikar se debía a los exploradores y saqueadores. Pero el mundo sentía el agitar de los eldrazi.\" —Cuentos de los invocadores", "identifiers": {"multiverseId": "217093", "scryfallId": "ba0351bd-e363-48bc-85fa-5fa8fb1c820f"}, "language": "Spanish", "multiverseId": 217093, "name": "Invocador del viento helado", "text": "Vuela.\n{8}: Las criaturas que controlas ganan la habilidad de volar hasta el final del turno.", "type": "Criatura — Hechicero tritón"}, {"flavorText": "« Nous pensions que la rage de Zendikar avait été attisée par ses pillards et ses explorateurs. Mais le monde avait senti l'éveil des Eldrazi. » —Les Contes des Invocateurs", "identifiers": {"multiverseId": "215605", "scryfallId": "b41cadc9-fcb6-4e6a-b5f8-745e719a60f3"}, "language": "French", "multiverseId": 215605, "name": "Invocateur gêlevent", "text": "Vol\n{8} : Les créatures que vous contrôlez acquièrent le vol jusqu'à la fin du tour.", "type": "Créature : ondin et sorcier"}, {"flavorText": "\"Pensavamo che l'ira di Zendikar fosse attizzata dai suoi esploratori e predoni. Ma il mondo ha percepito i fermenti degli Eldrazi.\" —Racconti degli Evocatori", "identifiers": {"multiverseId": "216349", "scryfallId": "a49aa8e3-d63b-4bad-9399-ec2b377afbc5"}, "language": "Italian", "multiverseId": 216349, "name": "Evocatore di Vento Gelido", "text": "Volare\n{8}: Le creature che controlli hanno volare fino alla fine del turno.", "type": "Creatura — Mago Tritone"}, {"flavorText": "「我々は、ゼンディカーの怒りは探検家や略奪者に火をつけられたものだと思っていた。 しかし実際は、世界はエルドラージの活動を感じていたのだ。」 ――「発動者伝」", "identifiers": {"multiverseId": "216597", "scryfallId": "eae3cebc-9b9a-421f-bef7-e19f2bef4ed2"}, "language": "Japanese", "multiverseId": 216597, "name": "霜風の発動者", "text": "飛行\n{8}：あなたがコントロールするクリーチャーは、ターン終了時まで飛行を得る。", "type": "クリーチャー — マーフォーク・ウィザード"}, {"flavorText": "\"Nós acreditávamos que a ira de Zendikar era alimentada por seus exploradores e saqueadores. Mas o mundo havia percebido a energia ativa dos Eldrazi.\" — Lendas dos Invocadores", "identifiers": {"multiverseId": "216845", "scryfallId": "8b73136d-d062-431c-a028-3a0a10202b25"}, "language": "Portuguese (Brazil)", "multiverseId": 216845, "name": "Invocador do Vento Gélido", "text": "Voar\n{8}: As criaturas que você controla ganham voar até o final do turno.", "type": "Criatura — Tritão Mago"}, {"flavorText": "«Мы думали, что ярость Зендикара распалили исследователи и расхитители сокровищ. Но мир уже чувствовал шевеления Эльдрази». — Сказания призывателей", "identifiers": {"multiverseId": "215853", "scryfallId": "84201a1b-53d4-40d2-a4c6-e01c18bc7252"}, "language": "Russian", "multiverseId": 215853, "name": "Призыватель Морозного Ветра", "text": "Полет\n{8}: существа под вашим контролем получают Полет до конца хода.", "type": "Существо — Мерфолк Чародей"}, {"flavorText": "「我们以为赞迪卡的愤怒是被探险家与夺宝者所挑起的。 其实这世界已感知到奥札奇在蠢蠢欲动。」 ～《召现师传说》", "identifiers": {"multiverseId": "216101", "scryfallId": "ea343e7e-adb9-4ab6-9c9a-f9ad3ee6180b"}, "language": "Chinese Simplified", "multiverseId": 216101, "name": "飘风召现师", "text": "飞行\n{8}：由你操控的生物获得飞行异能直到回合结束。", "type": "生物～人鱼／法术师"}], "frameVersion": "2003", "hasFoil": true, "hasNonFoil": true, "identifiers": {"cardsphereFoilId": "39505", "cardsphereId": "39506", "mcmId": "22525", "mcmMetaId": "11207", "mtgjsonV4Id": "29a19b66-d5c7-532d-bd7f-fd88dad615b3", "mtgoFoilId": "36431", "mtgoId": "36430", "multiverseId": "193476", "scryfallCardBackId": "0aeebaf5-8c7d-4636-9e82-8c27447861f7", "scryfallId": "66ec9a28-3b36-4b6a-b420-7b4266b64f69", "scryfallIllustrationId": "bd666233-56a0-4481-8b4c-adac62f3d9c2", "scryfallOracleId": "847587eb-8713-496e-b0c7-41ad6d43b852", "tcgplayerProductId": "34762"}, "isFoil": false, "keywords": ["Flying"], "language": "English", "layout": "normal", "legalities": {"commander": "Legal", "duel": "Legal", "legacy": "Legal", "modern": "Legal", "oathbreaker": "Legal", "pauper": "Legal", "paupercommander": "Legal", "penny": "Legal", "predh": "Legal", "vintage": "Legal"}, "manaCost": "{4}{U}", "manaValue": 5.0, "name": "Frostwind Invoker", "number": "68", "originalText": "Flying\n{8}: Creatures you control gain flying until end of turn.", "originalType": "Creature — Merfolk Wizard", "power": "3", "printings": ["ROE"], "purchaseUrls": {"cardmarket": "https://mtgjson.com/links/b22b7567d7bbf5b6", "tcgplayer": "https://mtgjson.com/links/1ac6739ad5ba88eb"}, "rarity": "common", "rulings": [{"date": "2010-06-15", "text": "Only creatures you control as the activated ability resolves are affected."}], "setCode": "ROE", "sourceProducts": {"foil": ["c675ae28-5f7f-5362-ba99-5ad074ea2807"], "nonfoil": ["030f3a40-04f3-59d1-984b-e582c5d52bf8", "62350b09-29e0-520c-910d-7e63a2cfc2e4", "c675ae28-5f7f-5362-ba99-5ad074ea2807"]}, "subtypes": ["Merfolk", "Wizard"], "supertypes": [], "text": "Flying\n{8}: Creatures you control gain flying until end of turn.", "toughness": "3", "type": "Creature — Merfolk Wizard", "types": ["Creature"], "uuid": "f6d3228c-ad04-56fb-861d-2577720b8ab8"}, {"artist": "Mike Bierek", "artistIds": ["e5f52ef5-1a2e-4128-90b0-ccc71cd47ea7"], "availability": ["mtgo", "paper"], "boosterTypes": ["default"], "borderColor": "black", "colorIdentity": ["U"], "colors": ["U"], "convertedManaCost": 2.0, "count": 1, "edhrecRank": 21011, "edhrecSaltiness": 0.21, "finishes": ["nonfoil", "foil"], "foreignData": [{"identifiers": {"multiverseId": "199611", "scryfallId": "4a7dee5a-b367-4da2-ad17-ee61edfa0fa7"}, "language": "German", "multiverseId": 199611, "name": "Eiskäfig", "text": "Kreaturenverzauberung\nDie verzauberte Kreatur kann nicht angreifen oder blocken, und ihre aktivierten Fähigkeiten können nicht aktiviert werden.\nWenn die verzauberte Kreatur das Ziel eines Zauberspruchs oder einer Fähigkeit wird, zerstöre den Eiskäfig.", "type": "Verzauberung — Aura"}, {"identifiers": {"multiverseId": "200607", "scryfallId": "eb57ec79-9de7-4311-abce-1e08fdb1dfee"}, "language": "Spanish", "multiverseId": 200607, "name": "Jaula de hielo", "text": "Encantar criatura.\nLa criatura encantada no puede atacar o bloquear, y no pueden activarse sus habilidades activadas.\nCuando la criatura encantada sea objetivo de un hechizo o habilidad, destruye la Jaula de hielo.", "type": "Encantamiento — Aura"}, {"identifiers": {"multiverseId": "199362", "scryfallId": "e7892357-0f97-4898-837d-71b57b67d949"}, "language": "French", "multiverseId": 199362, "name": "Cage de glace", "text": "Enchanter : créature\nLa créature enchantée ne peut ni attaquer ni bloquer et ses capacités activées ne peuvent pas être activées.\nQuand la créature enchantée devient la cible d'un sort ou d'une capacité, détruisez la Cage de glace.", "type": "Enchantement : aura"}, {"identifiers": {"multiverseId": "200358", "scryfallId": "9e7e7089-678b-457d-b71c-51c423556127"}, "language": "Italian", "multiverseId": 200358, "name": "Gabbia di Ghiaccio", "text": "Incanta creatura\nLa creatura incantata non può attaccare o bloccare e le sue abilità attivate non possono essere attivate.\nQuando la creatura incantata diventa bersaglio di una magia o abilità, distruggi la Gabbia di Ghiaccio.", "type": "Incantesimo — Aura"}, {"identifiers": {"multiverseId": "199860", "scryfallId": "75cf2376-dd5c-409e-9d04-e13ff5841cc9"}, "language": "Japanese", "multiverseId": 199860, "name": "氷の牢獄", "text": "エンチャント（クリーチャー）\nエンチャントされているクリーチャーは攻撃したりブロックしたりできず、それの起動型能力は起動できない。\nエンチャントされているクリーチャーが呪文や能力の対象になったとき、氷の牢獄を破壊する。", "type": "エンチャント — オーラ"}, {"identifiers": {"multiverseId": "199113", "scryfallId": "7da3890b-1274-44eb-8ce4-b907eb606f9e"}, "language": "Portuguese (Brazil)", "multiverseId": 199113, "name": "Jaula Congelada", "text": "Encantar criatura\nA criatura encantada não pode atacar nem bloquear e suas habilidades ativadas não podem ser ativadas.\nQuando a criatura encantada se tornar o alvo de uma mágica ou habilidade, destrua Jaula Congelada.", "type": "Encantamento — Aura"}, {"identifiers": {"multiverseId": "200109", "scryfallId": "fecd113f-80af-428d-a1fc-b06b20275f36"}, "language": "Russian", "multiverseId": 200109, "name": "Ледяная Клетка", "text": "Зачаровать существо\nЗачарованное существо не может атаковать или блокировать, и его активируемые способности нельзя активировать.\nКогда зачарованное существо становится целью заклинания или способности, уничтожьте Ледяную Клетку.", "type": "Чары — Аура"}, {"identifiers": {"multiverseId": "200856", "scryfallId": "1d0f4b2c-a7e2-4a0c-b3a9-9e775f559bd7"}, "language": "Chinese Simplified", "multiverseId": 200856, "name": "寒冰槛", "text": "结附于生物\n所结附的生物不能进行攻击或阻挡，其起动式异能也不能起动。\n当所结附的生物成为咒语或异能的目标时，消灭寒冰槛。", "type": "结界～灵气"}], "frameVersion": "2003", "hasFoil": true, "hasNonFoil": true, "identifiers": {"cardsphereFoilId": "25939", "cardsphereId": "25940", "mcmId": "21102", "mcmMetaId": "10598", "mtgjsonV4Id": "77b37570-bb1f-5dbd-8302-e314f4fb86fc", "mtgoFoilId": "32754", "mtgoId": "32753", "multiverseId": "189920", "scryfallCardBackId": "0aeebaf5-8c7d-4636-9e82-8c27447861f7", "scryfallId": "4d18c4d7-c779-473b-9b41-f22b439bb501", "scryfallIllustrationId": "0b05244b-2445-4247-8c96-b2019b727115", "scryfallOracleId": "e37416cc-f343-44cd-8676-4ce4d4068e85", "tcgplayerProductId": "32640"}, "isFoil": false, "keywords": ["Enchant"], "language": "English", "layout": "normal", "legalities": {"commander": "Legal", "duel": "Legal", "legacy": "Legal", "modern": "Legal", "oathbreaker": "Legal", "pauper": "Legal", "paupercommander": "Legal", "penny": "Legal", "predh": "Legal", "vintage": "Legal"}, "manaCost": "{1}{U}", "manaValue": 2.0, "name": "Ice Cage", "number": "56", "originalText": "Enchant creature\nEnchanted creature can't attack or block, and its activated abilities can't be activated.\nWhen enchanted creature becomes the target of a spell or ability, destroy Ice Cage.", "originalType": "Enchantment — Aura", "printings": ["M10", "M11", "M12"], "purchaseUrls": {"cardmarket": "https://mtgjson.com/links/55e3e856ce9f0fc3", "tcgplayer": "https://mtgjson.com/links/9ea176781eb13668"}, "rarity": "common", "rulings": [{"date": "2009-10-01", "text": "If the enchanted creature becomes the target of a spell or ability, Ice Cage’s ability triggers and is put on the stack on top of that spell or ability. Ice Cage’s ability will resolve (causing Ice Cage to be destroyed) first."}, {"date": "2016-06-08", "text": "Activated abilities contain a colon. They’re generally written “[Cost]: [Effect].” Some keywords are activated abilities and will have colons in their reminder text."}], "setCode": "M10", "sourceProducts": {"foil": ["f52aeac6-933a-55e2-a973-36421c155ea1"], "nonfoil": ["030f3a40-04f3-59d1-984b-e582c5d52bf8", "2a5fa0ac-5190-5c8d-b5bf-b7840b2c41b6", "f52aeac6-933a-55e2-a973-36421c155ea1"]}, "subtypes": ["Aura"], "supertypes": [], "text": "Enchant creature\nEnchanted creature can't attack or block, and its activated abilities can't be activated.\nWhen enchanted creature becomes the target of a spell or ability, destroy Ice Cage.", "type": "Enchantment — Aura", "types": ["Enchantment"], "uuid": "cba86f1d-8c14-54f0-81bd-776204ea3da2"}, {"artist": "Kieran Yanner", "artistIds": ["aa7e89ed-d294-4633-9057-ce04dacfcfa4"], "availability": ["mtgo", "paper"], "boosterTypes": ["default"], "borderColor": "black", "colorIdentity": ["U"], "colors": ["U"], "convertedManaCost": 2.0, "count": 1, "edhrecRank": 3481, "edhrecSaltiness": 0.15, "finishes": ["nonfoil", "foil"], "flavorText": "\"Roil tide! Roil tide! Tie yourselves down!\"", "foreignData": [{"flavorText": "„Die Turbulenz kommt! Die Turbulenz kommt! Bindet euch fest!\"", "identifiers": {"multiverseId": "204128", "scryfallId": "019b6bf1-2e68-471c-8a5f-385ea1a40278"}, "language": "German", "multiverseId": 204128, "name": "In die Turbulenz hinein", "text": "Bonus {1}{U} (Du kannst zusätzlich {1}{U} bezahlen, sowie du diesen Zauberspruch wirkst.)\nBringe eine bleibende Karte deiner Wahl, die kein Land ist, auf die Hand ihres Besitzers zurück. Falls die Bonuskosten von In die Turbulenz hinein bezahlt wurden, ziehe eine Karte.", "type": "Spontanzauber"}, {"flavorText": "\"¡Marea de Turbulencia! ¡Marea de Turbulencia! ¡Sujétense!\"", "identifiers": {"multiverseId": "202783", "scryfallId": "2c0dcdb1-e9f6-478e-bcf6-061eeaa63e2d"}, "language": "Spanish", "multiverseId": 202783, "name": "Dentro de la Turbulencia", "text": "Estímulo {1}{U}. (Puedes pagar {1}{U} adicionales en cuanto lances este hechizo.)\nRegresa el permanente objetivo que no sea tierra a la mano de su propietario. Si Dentro de la Turbulencia fue estimulado, roba una carta.", "type": "Instantáneo"}, {"flavorText": "« Vague de Roulis ! Vague de Roulis ! Attachez-vous ! »", "identifiers": {"multiverseId": "204397", "scryfallId": "55cfcdd0-f9dd-4055-a715-e32351a5c1dc"}, "language": "French", "multiverseId": 204397, "name": "En plein Roulis", "text": "Kick {1}{U} (Vous pouvez payer {1}{U} supplémentaires au moment où vous lancez ce sort.)\nRenvoyez le permanent non-terrain ciblé dans la main de son propriétaire. Si En plein Roulis a été kické, piochez une carte.", "type": "Éphémère"}, {"flavorText": "\"Marea torbida! Marea torbida! Tenetevi stretti!\"", "identifiers": {"multiverseId": "203052", "scryfallId": "48a12fb0-f7b4-444a-b904-e01c73c32ebb"}, "language": "Italian", "multiverseId": 203052, "name": "Nel Torbido", "text": "Potenziamento {1}{U} (Puoi pagare {1}{U} addizionale quando lanci questa magia.)\nFai tornare un permanente non terra bersaglio in mano al suo proprietario. Se Nel Torbido è stato potenziato, pesca una carta.", "type": "Istantaneo"}, {"flavorText": "「乱動の潮目だ！ 乱動の潮目だ！ どこかに身体を縛り付けろ！」", "identifiers": {"multiverseId": "203859", "scryfallId": "03962d31-e10b-4ad2-bd0a-a5e6af41c07a"}, "language": "Japanese", "multiverseId": 203859, "name": "乱動への突入", "text": "キッカー {1}{U} （あなたはこの呪文を唱えるに際し、追加で{1}{U}を支払ってもよい。）\n土地でないパーマネント１つを対象とし、それをオーナーの手札に戻す。 乱動への突入がキッカーされている場合、カードを１枚引く。", "type": "インスタント"}, {"flavorText": "\"Maré de turbilhão! Maré de turbilhão! Amarrem-se ao chão!\"", "identifiers": {"multiverseId": "203590", "scryfallId": "21257409-4140-4b4e-a740-91770acad26a"}, "language": "Portuguese (Brazil)", "multiverseId": 203590, "name": "Adentrar o Turbilhão", "text": "Reforçar {1}{U} (Você pode pagar um custo adicional de {1}{U} ao conjurar esta mágica.)\nDevolva a permanente alvo que não seja um terreno para a mão de seu dono. Se Adentrar o Turbilhão foi reforçado, compre um card.", "type": "Mágica Instantânea"}, {"flavorText": "«Великий Вал! Великий Вал! Привязывайтесь, пока не поздно!»", "identifiers": {"multiverseId": "203321", "scryfallId": "bebccfad-3a83-4e0d-8363-2ceae09cfa9a"}, "language": "Russian", "multiverseId": 203321, "name": "Навстречу Великому Валу", "text": "Усилитель {1}{U} (Вы можете заплатить дополнительно {1}{U} при разыгрывании этого заклинания.)\nВерните целевой не являющийся землей перманент в руку его владельца. Если Навстречу Великому Валу получило Усилитель, возьмите карту.", "type": "Мгновенное заклинание"}, {"flavorText": "「狂搅潮！ 是狂搅潮！ 快把自己扎紧！」", "identifiers": {"multiverseId": "204666", "scryfallId": "517e407c-509e-4e70-8eab-333a5733cf5c"}, "language": "Chinese Simplified", "multiverseId": 204666, "name": "没入狂搅", "text": "增幅{1}{U} （你施放此咒语时可以额外支付{1}{U}。)\n将目标非地永久物移回其拥有者手上。 如果没入狂搅已增幅，抓一张牌。", "type": "瞬间"}], "frameVersion": "2003", "hasFoil": true, "hasNonFoil": true, "identifiers": {"cardsphereFoilId": "47797", "cardsphereId": "47798", "mcmId": "21873", "mcmMetaId": "10854", "mtgjsonV4Id": "54bdb356-1a51-5440-8f65-510e667efd07", "mtgoFoilId": "34449", "mtgoId": "34448", "multiverseId": "178151", "scryfallCardBackId": "0aeebaf5-8c7d-4636-9e82-8c27447861f7", "scryfallId": "5dba9972-dd8b-407b-9374-a8f0ed1a96db", "scryfallIllustrationId": "8ffead81-8d84-4a8a-969f-dbc046668bfc", "scryfallOracleId": "c2898bbd-82a4-4d26-b6ee-169b0ebe71b4", "tcgplayerProductId": "33329"}, "isFoil": false, "keywords": ["Kicker"], "language": "English", "layout": "normal", "legalities": {"brawl": "Legal", "commander": "Legal", "duel": "Legal", "explorer": "Legal", "gladiator": "Legal", "historic": "Legal", "legacy": "Legal", "modern": "Legal", "oathbreaker": "Legal", "pauper": "Legal", "paupercommander": "Legal", "pioneer": "Legal", "predh": "Legal", "timeless": "Legal", "vintage": "Legal"}, "manaCost": "{1}{U}", "manaValue": 2.0, "name": "Into the Roil", "number": "48", "originalText": "Kicker {1}{U} (You may pay an additional {1}{U} as you cast this spell.)\nReturn target nonland permanent to its owner's hand. If Into the Roil was kicked, draw a card.", "originalType": "Instant", "printings": ["C14", "C17", "C18", "CMR", "DDM", "PS11", "ZEN", "ZNR"], "purchaseUrls": {"cardmarket": "https://mtgjson.com/links/b3e800534d5c143a", "tcgplayer": "https://mtgjson.com/links/2191bef77f17b454"}, "rarity": "common", "rulings": [{"date": "2009-10-01", "text": "If the targeted permanent is an illegal target by the time Into the Roil resolves, the entire spell doesn't resolve. You don't draw a card."}, {"date": "2020-09-25", "text": "An ability that triggers when a player casts a kicked spell resolves before the spell that caused it to trigger, but after targets have been chosen for that spell. It resolves even if that spell is countered."}, {"date": "2020-09-25", "text": "If the target nonland permanent is an illegal target by the time Into the Roil tries to resolve, the spell doesn't resolve. You don't draw a card if it was kicked."}, {"date": "2020-09-25", "text": "If you copy a kicked spell, the copy is also kicked. If a card or token enters the battlefield as a copy of a permanent that's already on the battlefield, the new permanent isn't kicked, even if the original was."}, {"date": "2020-09-25", "text": "If you put a permanent with a kicker ability onto the battlefield without casting it, you can't kick it."}, {"date": "2020-09-25", "text": "Kicker represents an optional additional cost that you may choose to pay as you cast the spell. A spell cast with that additional cost paid is \"kicked.\""}, {"date": "2020-09-25", "text": "Some instant or sorcery spells require alternative or additional targets if they're kicked. You ignore these targeting requirements if those spells aren't kicked, and you can't kick those spells unless you can choose the appropriate targets. On the other hand, you can kick a permanent spell even if you won't be able to choose targets for an enters-the-battlefield ability of that permanent once the spell resolves."}, {"date": "2020-09-25", "text": "To determine a spell's total cost, start with the mana cost (or an alternative cost if another card's effect allows you to pay one instead), add any cost increases (such as kicker), then apply any cost reductions. The mana value of the spell is determined only by its mana cost, no matter what the total cost to cast the spell was."}, {"date": "2020-09-25", "text": "You can't pay a kicker cost more than once."}], "setCode": "ZEN", "sourceProducts": {"foil": ["a2630e5d-f1ae-53b8-b5e2-938d77123f73"], "nonfoil": ["030f3a40-04f3-59d1-984b-e582c5d52bf8", "0a55dd27-2536-5490-990e-4d96e167a860", "5cd87b3b-e80e-5d49-83ba-96435fe9df2e", "a2630e5d-f1ae-53b8-b5e2-938d77123f73"]}, "subtypes": [], "supertypes": [], "text": "Kicker {1}{U} (You may pay an additional {1}{U} as you cast this spell.)\nReturn target nonland permanent to its owner's hand. If this spell was kicked, draw a card.", "type": "Instant", "types": ["Instant"], "uuid": "7e36ced8-b2bf-5a1f-b3c9-af76f385c831"}, {"artist": "Mark Tedin", "artistIds": ["9ee9a9cc-c09e-486f-918b-69f80cbc4188"], "availability": ["mtgo", "paper"], "boosterTypes": ["default"], "borderColor": "black", "colorIdentity": ["U"], "colors": ["U"], "convertedManaCost": 5.0, "count": 1, "edhrecRank": 10249, "edhrecSaltiness": 0.6, "finishes": ["nonfoil", "foil"], "flavorText": "\"Why fight the body when you can dominate the mind that rules it?\"\n—Jace Beleren", "foreignData": [{"flavorText": "„Warum gegen das Fleisch kämpfen, wenn man den Verstand übernehmen kann, der es lenkt?\" —Jace Beleren", "identifiers": {"multiverseId": "199618", "scryfallId": "e5c889aa-3ccf-4794-bc61-f47971d207f6"}, "language": "German", "multiverseId": 199618, "name": "Verstandeskontrolle", "text": "Kreaturenverzauberung\nDu kontrollierst die verzauberte Kreatur.", "type": "Verzauberung — Aura"}, {"flavorText": "\"¿Por qué luchar contra el cuerpo cuando puedes dominar la mente que lo gobierna?\" —Jace Beleren", "identifiers": {"multiverseId": "200614", "scryfallId": "52b37971-b268-4344-938b-5fe0ed9d0657"}, "language": "Spanish", "multiverseId": 200614, "name": "Control mental", "text": "Encantar criatura.\nTú controlas la criatura encantada.", "type": "Encantamiento — Aura"}, {"flavorText": "« Pourquoi combattre le corps quand l'esprit qui le contrôle est tellement plus facile à dominer ? » —Jace Beleren", "identifiers": {"multiverseId": "199369", "scryfallId": "101126b1-02d5-4547-b787-5a4e9c5e02b3"}, "language": "French", "multiverseId": 199369, "name": "Contrôle mental", "text": "Enchanter : créature\nVous contrôlez la créature enchantée.", "type": "Enchantement : aura"}, {"flavorText": "\"Perché combattere il corpo quando puoi dominare la mente che lo guida?\" —Jace Beleren", "identifiers": {"multiverseId": "200365", "scryfallId": "ec7b83da-5977-4c10-8ff0-d227ae6be149"}, "language": "Italian", "multiverseId": 200365, "name": "Controllo Mentale", "text": "Incanta creatura\nControlli la creatura incantata.", "type": "Incantesimo — Aura"}, {"flavorText": "「精神を抑えれば支配できるというのに、なぜ肉体と戦うのだ？」 ――ジェイス・ベレレン", "identifiers": {"multiverseId": "199867", "scryfallId": "dd537a3c-8915-4b61-a0c7-8cda133e7a6d"}, "language": "Japanese", "multiverseId": 199867, "name": "精神の制御", "text": "エンチャント（クリーチャー）\nあなたはエンチャントされているクリーチャーをコントロールする。", "type": "エンチャント — オーラ"}, {"flavorText": "\"Por que lutar contra o corpo quando se pode dominar a mente que o governa?\" —Jace Beleren", "identifiers": {"multiverseId": "199120", "scryfallId": "6d6cfaee-20d2-442d-974b-86eacd677ffe"}, "language": "Portuguese (Brazil)", "multiverseId": 199120, "name": "Controle da Mente", "text": "Encantar criatura\nVocê controla a criatura encantada.", "type": "Encantamento — Aura"}, {"flavorText": "«Зачем сражаться против тела, когда можно покорить управляющий им разум?» — Джейс Белерен", "identifiers": {"multiverseId": "200116", "scryfallId": "0b35dd7c-7625-4dbf-af68-41a2b5b8d5c3"}, "language": "Russian", "multiverseId": 200116, "name": "Контроль Разума", "text": "Зачаровать существо\nВы контролируете зачарованное существо.", "type": "Чары — Аура"}, {"flavorText": "「既然能驾驭对那身躯发号施令的心灵，又何必与身躯战斗？」 ～杰斯贝连", "identifiers": {"multiverseId": "200863", "scryfallId": "c87b5099-b830-4223-b46c-ad634f5a9b9d"}, "language": "Chinese Simplified", "multiverseId": 200863, "name": "心灵操控", "text": "结附于生物\n你操控所结附的生物。", "type": "结界～灵气"}], "frameVersion": "2003", "hasFoil": true, "hasNonFoil": true, "identifiers": {"cardsphereFoilId": "26010", "cardsphereId": "26011", "mcmId": "21109", "mcmMetaId": "10601", "mtgjsonV4Id": "b4e97c7d-620a-59f3-9787-f050674d4fdc", "mtgoFoilId": "32788", "mtgoId": "32787", "multiverseId": "190197", "scryfallCardBackId": "0aeebaf5-8c7d-4636-9e82-8c27447861f7", "scryfallId": "37151305-e489-4df1-9b0a-c5e11c77d2f1", "scryfallIllustrationId": "0a5960f3-95e2-449f-aadd-28149bcb9767", "scryfallOracleId": "5912546a-acc2-448c-b042-64bdac5ec129", "tcgplayerProductId": "32672"}, "isFoil": false, "keywords": ["Enchant"], "language": "English", "layout": "normal", "legalities": {"commander": "Legal", "duel": "Legal", "legacy": "Legal", "modern": "Legal", "oathbreaker": "Legal", "penny": "Legal", "predh": "Legal", "vintage": "Legal"}, "manaCost": "{3}{U}{U}", "manaValue": 5.0, "name": "Mind Control", "number": "63", "originalText": "Enchant creature\nYou control enchanted creature.", "originalType": "Enchantment — Aura", "printings": ["DPA", "M10", "M11", "M12", "PDCI", "PRM", "PS11"], "purchaseUrls": {"cardmarket": "https://mtgjson.com/links/b0f07830d2ee941d", "tcgplayer": "https://mtgjson.com/links/13ca9915ee5c94b6"}, "rarity": "uncommon", "rulings": [{"date": "2010-08-15", "text": "Gaining control of a creature doesn’t cause you gain control of any Auras or Equipment attached to it."}], "setCode": "M10", "sourceProducts": {"foil": ["f52aeac6-933a-55e2-a973-36421c155ea1"], "nonfoil": ["030f3a40-04f3-59d1-984b-e582c5d52bf8", "2a5fa0ac-5190-5c8d-b5bf-b7840b2c41b6", "ca3b78cc-456e-5e0b-846a-1b5b4f297aea", "de89f7b9-5773-5f69-903a-b6a41712bd3a", "f52aeac6-933a-55e2-a973-36421c155ea1"]}, "subtypes": ["Aura"], "supertypes": [], "text": "Enchant creature\nYou control enchanted creature.", "type": "Enchantment — Aura", "types": ["Enchantment"], "uuid": "07180192-8736-5902-85a3-32acfb937e8c"}, {"artist": "Véronique Meignaud", "artistIds": ["41084244-a313-4d14-8123-db05855f9cfe"], "availability": ["mtgo", "paper"], "boosterTypes": ["default"], "borderColor": "black", "colorIdentity": ["U"], "colors": ["U"], "convertedManaCost": 5.0, "count": 1, "edhrecRank": 20061, "edhrecSaltiness": 0.1, "finishes": ["nonfoil", "foil"], "flavorText": "\"The Roil is destructive, but not random. It's Zendikar's way of revealing secrets.\"\n—Ilori, merfolk falconer", "foreignData": [{"flavorText": "„Die Turbulenz ist zerstörerisch, aber nicht zufällig. Auf diese Weise deckt Zendikar seine Geheimnisse auf.\" —Ilori, Meermann-Falkner", "identifiers": {"multiverseId": "210592", "scryfallId": "6ee0c6d8-769c-4f56-8fff-5c010d1f4406"}, "language": "German", "multiverseId": 210592, "name": "Geheimnisse der Tiefe", "text": "Ziehe zwei Karten.\nLandung — Falls ein Land unter deiner Kontrolle in diesem Zug ins Spiel gekommen ist, ziehe stattdessen drei Karten.", "type": "Spontanzauber"}, {"flavorText": "\"La Turbulencia es destructiva, pero no aleatoria. Es la manera de Zendikar de revelar secretos.\" —Ilori, halconera tritón", "identifiers": {"multiverseId": "211607", "scryfallId": "5da3616b-653c-43ee-b9be-39682f1a8e37"}, "language": "Spanish", "multiverseId": 211607, "name": "Misterios de las profundidades", "text": "Roba dos cartas.\nAterrizaje — Si una tierra entró al campo de batalla bajo tu control este turno, en vez de eso, roba tres cartas.", "type": "Instantáneo"}, {"flavorText": "« Le Roulis est destructeur, mais pas aléatoire. C'est la manière dont Zendikar révèle ses secrets. » —Ilori, fauconnière ondine", "identifiers": {"multiverseId": "211317", "scryfallId": "49f985f2-6000-4785-9bff-8b959e9773e1"}, "language": "French", "multiverseId": 211317, "name": "Mystères des profondeurs", "text": "Piochez deux cartes.\nToucheterre — Si vous avez fait arriver un terrain sur le champ de bataille sous votre contrôle ce tour-ci, piochez trois cartes à la place.", "type": "Éphémère"}, {"flavorText": "\"Il Torbido è distruttivo, ma non casuale. È il modo in cui Zendikar rivela i suoi segreti.\" —Ilori, tritona falconiera", "identifiers": {"multiverseId": "211172", "scryfallId": "369a0484-8f03-4e4a-bc35-ff735f2982b8"}, "language": "Italian", "multiverseId": 211172, "name": "Misteri degli Abissi", "text": "Pesca due carte.\nTerraferma — Se hai fatto entrare nel campo di battaglia una terra sotto il tuo controllo in questo turno, pesca invece tre carte.", "type": "Istantaneo"}, {"flavorText": "「乱動は破壊的だが、でたらめではない。 ゼンディカーなりの秘密の明かし方なんだ。」 ――マーフォークの鷹匠、イローリ", "identifiers": {"multiverseId": "210737", "scryfallId": "748422a1-30f0-41bd-8df2-471dec2b0400"}, "language": "Japanese", "multiverseId": 210737, "name": "深遠の謎", "text": "カードを２枚引く。\n上陸 ― このターン、あなたのコントロール下で土地が戦場に出ている場合、代わりにカードを３枚引く。", "type": "インスタント"}, {"flavorText": "\"O Turbilhão é destruidor, mas não aleatório. É o modo de Zendikar revelar segredos.\" — Ilori, falcoeira tritão", "identifiers": {"multiverseId": "210882", "scryfallId": "c310304c-c923-4753-9a1d-2b6be0eebde9"}, "language": "Portuguese (Brazil)", "multiverseId": 210882, "name": "Mistérios das Profundezas", "text": "Compre dois cards.\nAterragem — Se você teve um terreno que entrou no campo de batalha sob o seu controle neste turno, em vez disso, compre três cards.", "type": "Mágica Instantânea"}, {"flavorText": "«Великий Вал несет страшные, но отнюдь не случайные разрушения. Так Зендикар раскрывает свои тайны». — Илори, мерфолкская сокольничая", "identifiers": {"multiverseId": "211462", "scryfallId": "cbbf9885-12f5-4d56-83a8-44d7c65e8059"}, "language": "Russian", "multiverseId": 211462, "name": "Тайны Морской Пучины", "text": "Возьмите две карты.\nЗемлепад — Если земля вышла на поле битвы под вашим контролем в этом ходу, возьмите три карты вместо этого.", "type": "Мгновенное заклинание"}, {"flavorText": "「狂搅的破坏力并非随机发挥。 这是赞迪卡揭晓秘密的方式。」 ～人鱼驯隼师依露黎", "identifiers": {"multiverseId": "211027", "scryfallId": "1dbe9639-c3b0-4c4a-8cfa-092b99d6b77b"}, "language": "Chinese Simplified", "multiverseId": 211027, "name": "深海谜团", "text": "抓两张牌。\n地落～如果本回合中有地在你的操控下进战场，则改为抓三张牌。", "type": "瞬间"}], "frameVersion": "2003", "hasFoil": true, "hasNonFoil": true, "identifiers": {"cardsphereFoilId": "47487", "cardsphereId": "47488", "mcmId": "22119", "mcmMetaId": "10961", "mtgjsonV4Id": "b57a4131-3c3c-5e3c-9d8a-94c6b7f20d9b", "mtgoFoilId": "35726", "mtgoId": "35725", "multiverseId": "194699", "scryfallCardBackId": "0aeebaf5-8c7d-4636-9e82-8c27447861f7", "scryfallId": "1907b1e9-ae1e-43fb-9033-3c4322277fff", "scryfallIllustrationId": "daaac880-1237-47bb-9f38-4c35be264f71", "scryfallOracleId": "3708eaae-9306-46b2-ae41-7ce6c50be3c7", "tcgplayerProductId": "34404"}, "isFoil": false, "keywords": ["Landfall"], "language": "English", "layout": "normal", "legalities": {"commander": "Legal", "duel": "Legal", "legacy": "Legal", "modern": "Legal", "oathbreaker": "Legal", "pauper": "Legal", "paupercommander": "Legal", "predh": "Legal", "vintage": "Legal"}, "manaCost": "{4}{U}", "manaValue": 5.0, "name": "Mysteries of the Deep", "number": "33", "originalText": "Draw two cards.\nLandfall — If you had a land enter the battlefield under your control this turn, draw three cards instead.", "originalType": "Instant", "printings": ["WWK"], "purchaseUrls": {"cardmarket": "https://mtgjson.com/links/e865656350ca28ea", "tcgplayer": "https://mtgjson.com/links/aeedf918c93365cd"}, "rarity": "common", "rulings": [{"date": "2010-03-01", "text": "Having more than one land enter under your control this turn provides no additional benefit."}, {"date": "2010-03-01", "text": "Once the spell resolves, having a land enter under your control provides no further benefit."}, {"date": "2010-03-01", "text": "The effect of this spell's landfall ability replaces its normal effect. If you had a land enter under your control this turn, only the landfall-based effect happens."}, {"date": "2010-03-01", "text": "The landfall ability checks for an action that has happened in the past. It doesn't matter if a land that entered the battlefield under your control previously in the turn is still on the battlefield, is still under your control, or is still a land."}, {"date": "2010-03-01", "text": "Whether you had a land enter under your control this turn is checked as this spell resolves, not as you cast it."}], "setCode": "WWK", "sourceProducts": {"foil": ["d40674d1-34ff-5855-8dad-7718eaa462aa"], "nonfoil": ["030f3a40-04f3-59d1-984b-e582c5d52bf8", "1a9e97c4-91bd-5f6b-82b4-d35142da19a1", "d40674d1-34ff-5855-8dad-7718eaa462aa", "f2a2ff4f-9ee1-5b5e-9bdc-d02b726e4b92"]}, "subtypes": [], "supertypes": [], "text": "Draw two cards.\nLandfall — If you had a land enter the battlefield under your control this turn, draw three cards instead.", "type": "Instant", "types": ["Instant"], "uuid": "a9ea12f6-adfc-5abe-a8be-e71429d02d75"}, {"artist": "Cyril Van Der Haegen", "artistIds": ["90edbd2e-9462-4394-b0b4-02885b4e56b3"], "availability": ["mtgo", "paper"], "boosterTypes": ["default"], "borderColor": "black", "colorIdentity": ["U"], "colors": ["U"], "convertedManaCost": 4.0, "count": 1, "edhrecRank": 18016, "edhrecSaltiness": 0.1, "finishes": ["nonfoil", "foil"], "flavorText": "\"I don't need to have the perfect plan. My foe just has to have an imperfect one.\"\n—Jace Beleren", "foreignData": [{"flavorText": "„Ich muss keinen perfekten Plan haben. Es reicht, wenn der meines Gegners nicht perfekt ist.\" —Jace Beleren", "identifiers": {"multiverseId": "204151", "scryfallId": "d709ff1a-8ae9-438f-9593-48156836716d"}, "language": "German", "multiverseId": 204151, "name": "Bann des Beschwörers", "text": "Neutralisiere einen Kreaturenzauber deiner Wahl. Bringe einen 2/2 blauen Illusion-Kreaturenspielstein ins Spiel.", "type": "Spontanzauber"}, {"flavorText": "\"No necesito un plan perfecto. Sólo que mi oponente tenga uno imperfecto.\" —Jace Beleren", "identifiers": {"multiverseId": "202806", "scryfallId": "ed7132a0-b97a-4fbf-90bb-67782fd0628a"}, "language": "Spanish", "multiverseId": 202806, "name": "Ruina del invocador", "text": "Contrarresta el hechizo objetivo de criatura. Pon en el campo de batalla una ficha de criatura Ilusión azul 2/2.", "type": "Instantáneo"}, {"flavorText": "« Il ne m'est pas nécessaire d'avoir le plan parfait. Il suffit que mon ennemi en ait un qui soit imparfait. » —Jace Beleren", "identifiers": {"multiverseId": "204420", "scryfallId": "a44535f2-2bba-4a0e-8d84-ab450bddd518"}, "language": "French", "multiverseId": 204420, "name": "Fléau de l'invocateur", "text": "Contrecarrez le sort de créature ciblé. Mettez sur le champ de bataille un jeton de créature 2/2 bleue Illusion.", "type": "Éphémère"}, {"flavorText": "\"Non ho bisogno del piano perfetto. Basta che il nemico ne abbia uno imperfetto.\" —Jace Beleren", "identifiers": {"multiverseId": "203075", "scryfallId": "703300b3-94ab-4a28-8640-0a9e7e926f79"}, "language": "Italian", "multiverseId": 203075, "name": "Flagello dell'Evocatore", "text": "Neutralizza una magia creatura bersaglio. Metti sul campo di battaglia una pedina creatura Illusione 2/2 blu.", "type": "Istantaneo"}, {"flavorText": "「完璧な計画なんて必要ない。 敵は不完全な奴しか持ってないんだから。」 ――ジェイス・ベレレン", "identifiers": {"multiverseId": "203882", "scryfallId": "58c82d42-ff15-455c-9b9f-bd99bd34682d"}, "language": "Japanese", "multiverseId": 203882, "name": "召喚士の破滅", "text": "クリーチャー呪文１つを対象とし、それを打ち消す。 青の２/２のイリュージョン・クリーチャー・トークンを１体戦場に出す。", "type": "インスタント"}, {"flavorText": "\"Eu não preciso ter um plano perfeito. Basta que meu inimigo tenha um plano imperfeito.\" — Jace Beleren", "identifiers": {"multiverseId": "203613", "scryfallId": "2f024f4e-181b-4ecf-a12b-a35122462290"}, "language": "Portuguese (Brazil)", "multiverseId": 203613, "name": "Maldição do Invocador", "text": "Anule a mágica de criatura alvo. Coloque no campo de batalha uma ficha de criatura azul 2/2 do tipo Ilusão.", "type": "Mágica Instantânea"}, {"flavorText": "«Мне не нужен идеальный план. Мне нужно, чтобы план моего врага был далеко не идеальный». — Джейс Белерен", "identifiers": {"multiverseId": "203344", "scryfallId": "082259e0-458e-4156-86fc-e74ba0e9f9b7"}, "language": "Russian", "multiverseId": 203344, "name": "Гибель Призывателя", "text": "Отмените целевое заклинание существа. Положите на поле битвы одну фишку существа 2/2 синяя Иллюзия.", "type": "Мгновенное заклинание"}, {"flavorText": "「我不需要什么完美计划。 我的敌人已有了个不完美的。」 ～杰斯贝连", "identifiers": {"multiverseId": "204689", "scryfallId": "d90822d9-8074-49a4-b01f-ea493ef06eda"}, "language": "Chinese Simplified", "multiverseId": 204689, "name": "召唤师禁咒", "text": "反击目标生物咒语。 将一个2/2蓝色虚影衍生物放进战场。", "type": "瞬间"}], "frameVersion": "2003", "hasFoil": true, "hasNonFoil": true, "identifiers": {"cardsphereFoilId": "48056", "cardsphereId": "48057", "mcmId": "21888", "mcmMetaId": "10869", "mtgjsonV4Id": "ec44805e-9c35-545e-948a-592c77348aa9", "mtgoFoilId": "34639", "mtgoId": "34638", "multiverseId": "191360", "scryfallCardBackId": "0aeebaf5-8c7d-4636-9e82-8c27447861f7", "scryfallId": "ed82afba-df51-4bd9-853c-d3ef323095a6", "scryfallIllustrationId": "6b02e0b1-a26e-4203-8b84-a206c7250463", "scryfallOracleId": "b9b0c209-e346-45ee-a272-0b53589c21df", "tcgplayerProductId": "33441"}, "isFoil": false, "language": "English", "layout": "normal", "legalities": {"commander": "Legal", "duel": "Legal", "legacy": "Legal", "modern": "Legal", "oathbreaker": "Legal", "penny": "Legal", "predh": "Legal", "vintage": "Legal"}, "manaCost": "{2}{U}{U}", "manaValue": 4.0, "name": "Summoner's Bane", "number": "71", "originalText": "Counter target creature spell. Put a 2/2 blue Illusion creature token onto the battlefield.", "originalType": "Instant", "printings": ["DDM", "ZEN"], "purchaseUrls": {"cardmarket": "https://mtgjson.com/links/d88a02e8fabecf24", "tcgplayer": "https://mtgjson.com/links/757dd69744aadef7"}, "rarity": "uncommon", "rulings": [{"date": "2009-10-01", "text": "If the targeted spell is an illegal target by the time Summoner’s Bane resolves, the entire spell doesn’t resolve. You won’t get a creature token."}, {"date": "2009-10-01", "text": "You get the token creature, not the controller of the creature spell."}], "setCode": "ZEN", "sourceProducts": {"foil": ["a2630e5d-f1ae-53b8-b5e2-938d77123f73"], "nonfoil": ["030f3a40-04f3-59d1-984b-e582c5d52bf8", "5cd87b3b-e80e-5d49-83ba-96435fe9df2e", "a2630e5d-f1ae-53b8-b5e2-938d77123f73"]}, "subtypes": [], "supertypes": [], "text": "Counter target creature spell. Create a 2/2 blue Illusion creature token.", "type": "Instant", "types": ["Instant"], "uuid": "a4f1e3ae-44fb-5d94-8b7d-b3437f5332f8"}, {"artist": "Matt Cavotta", "artistIds": ["2e6a0611-9411-4ba4-98e3-c0e18cbf9f83"], "availability": ["mtgo", "paper"], "boosterTypes": ["default"], "borderColor": "black", "colorIdentity": ["U"], "colors": ["U"], "convertedManaCost": 5.0, "count": 1, "edhrecRank": 26470, "edhrecSaltiness": 0.26, "finishes": ["nonfoil", "foil"], "flavorText": "Surrakar grab things they *don't* want.", "foreignData": [{"flavorText": "Surrakar greifen sich Sachen, die sie nicht wollen.", "identifiers": {"multiverseId": "210598", "scryfallId": "a4dd6611-7f6d-4e4e-b69f-e6d12341e701"}, "language": "German", "multiverseId": 210598, "name": "Surrakar-Austreiber", "text": "Wenn der Surrakar-Austreiber ins Spiel kommt, kannst du eine getappte Kreatur deiner Wahl auf die Hand ihres Besitzers zurückbringen.", "type": "Kreatur — Surrakar"}, {"flavorText": "Los surrakar toman cosas que no quieren.", "identifiers": {"multiverseId": "211613", "scryfallId": "c4722090-1c48-4a5d-8c9e-cdcca6ef4deb"}, "language": "Spanish", "multiverseId": 211613, "name": "Desterrador surrakar", "text": "Cuando el Desterrador surrakar entre al campo de batalla, puedes regresar la criatura girada objetivo a la mano de su propietario.", "type": "Criatura — Surrakar"}, {"flavorText": "Les Surrakars attrapent ce qu'ils ne veulent pas.", "identifiers": {"multiverseId": "211323", "scryfallId": "d9dced89-c8dc-40e9-8535-4af715b365d7"}, "language": "French", "multiverseId": 211323, "name": "Bannisseur surrakar", "text": "Quand le Bannisseur surrakar arrive sur le champ de bataille, vous pouvez renvoyer une créature engagée ciblée dans la main de son propriétaire.", "type": "Créature : surrakar"}, {"flavorText": "I surrakar sanno come comportarsi con ciò che non vogliono.", "identifiers": {"multiverseId": "211178", "scryfallId": "d711dddb-3d43-4797-a91f-664935c1bfb9"}, "language": "Italian", "multiverseId": 211178, "name": "Esiliatore Surrakar", "text": "Quando l'Esiliatore Surrakar entra nel campo di battaglia, puoi far tornare una creatura TAPpata bersaglio in mano al suo proprietario.", "type": "Creatura — Surrakar"}, {"flavorText": "サラカーが手にするのは、やつらが欲しがらない物だ。", "identifiers": {"multiverseId": "210743", "scryfallId": "7cf5ef5b-172d-400c-a591-113656b5755b"}, "language": "Japanese", "multiverseId": 210743, "name": "サラカーの消し去り", "text": "サラカーの消し去りが戦場に出たとき、タップ状態のクリーチャー１体を対象とする。あなたはそれをオーナーの手札に戻してもよい。", "type": "クリーチャー — サラカー"}, {"flavorText": "Os surrakar pegam as coisas que não querem.", "identifiers": {"multiverseId": "210888", "scryfallId": "293bad89-0352-4bd2-a337-e71f33cf20ec"}, "language": "Portuguese (Brazil)", "multiverseId": 210888, "name": "Banidor Surrakar", "text": "Quando Banidor Surrakar entra no campo de batalha, você pode devolver a criatura virada alvo para a mão de seu dono.", "type": "Criatura — Surrakar"}, {"flavorText": "Сурракары хватают то, что им не нужно.", "identifiers": {"multiverseId": "211468", "scryfallId": "5ff9cffc-4fb4-4144-a51d-bfef2560670a"}, "language": "Russian", "multiverseId": 211468, "name": "Сурракар-Гонитель", "text": "Когда Сурракар-Гонитель выходит на поле битвы, вы можете вернуть целевое повернутое существо в руку его владельца.", "type": "Существо — Сурракар"}, {"flavorText": "苏拉卡拿他们不要的东西。", "identifiers": {"multiverseId": "211033", "scryfallId": "1db2c29f-8565-4ccd-9063-a801c67364e7"}, "language": "Chinese Simplified", "multiverseId": 211033, "name": "退敌苏拉卡", "text": "当退敌苏拉卡进战场时，你可以将目标已横置的生物移回其拥有者手上。", "type": "生物～苏拉卡"}], "frameVersion": "2003", "hasFoil": true, "hasNonFoil": true, "identifiers": {"cardsphereFoilId": "47576", "cardsphereId": "47577", "mcmId": "22162", "mcmMetaId": "11001", "mtgjsonV4Id": "adfda8e5-e3cc-5c2d-b657-a4e74c73f0e6", "mtgoFoilId": "35584", "mtgoId": "35583", "multiverseId": "198370", "scryfallCardBackId": "0aeebaf5-8c7d-4636-9e82-8c27447861f7", "scryfallId": "88ec4dc0-09ae-437d-a7d6-cb27c2cb7590", "scryfallIllustrationId": "3048a0b8-15c7-4d01-908b-480937750647", "scryfallOracleId": "d48fd4b7-b60c-4932-abed-a8df1184db25", "tcgplayerProductId": "34447"}, "isFoil": false, "language": "English", "layout": "normal", "legalities": {"commander": "Legal", "duel": "Legal", "legacy": "Legal", "modern": "Legal", "oathbreaker": "Legal", "pauper": "Legal", "paupercommander": "Legal", "penny": "Legal", "predh": "Legal", "vintage": "Legal"}, "manaCost": "{4}{U}", "manaValue": 5.0, "name": "Surrakar Banisher", "number": "39", "originalText": "When Surrakar Banisher enters the battlefield, you may return target tapped creature to its owner's hand.", "originalType": "Creature — Surrakar", "power": "3", "printings": ["DDO", "PLST", "WWK"], "purchaseUrls": {"cardmarket": "https://mtgjson.com/links/9d78482287b3fe36", "tcgplayer": "https://mtgjson.com/links/4eb7be2742a5df65"}, "rarity": "common", "setCode": "WWK", "sourceProducts": {"foil": ["d40674d1-34ff-5855-8dad-7718eaa462aa"], "nonfoil": ["030f3a40-04f3-59d1-984b-e582c5d52bf8", "afa7cd77-584f-542f-8d02-d89dbe7d60b2", "d40674d1-34ff-5855-8dad-7718eaa462aa", "f2a2ff4f-9ee1-5b5e-9bdc-d02b726e4b92", "fe1fabf5-8294-5a1d-9f00-c554c3087851"]}, "subtypes": ["Surrakar"], "supertypes": [], "text": "When Surrakar Banisher enters, you may return target tapped creature to its owner's hand.", "toughness": "3", "type": "Creature — Surrakar", "types": ["Creature"], "uuid": "922727f0-34db-5fa7-9b27-2623b1a0764f"}, {"artist": "Mike Bierek", "artistIds": ["e5f52ef5-1a2e-4128-90b0-ccc71cd47ea7"], "availability": ["mtgo", "paper"], "boosterTypes": ["default"], "borderColor": "black", "colorIdentity": ["U"], "colors": ["U"], "convertedManaCost": 3.0, "count": 1, "edhrecRank": 3577, "edhrecSaltiness": 0.12, "finishes": ["nonfoil", "foil"], "flavorText": "\"I welcome it. The pasture is cleared of weeds and the wolves are frozen solid.\"\n—Lumi, goatherd", "foreignData": [{"flavorText": "„Das ist mir nur Recht. Auf der Weide gibt es kein Unkraut mehr, und die Wölfe sind alle festgefroren.\" —Lumi, Ziegenhirte", "identifiers": {"multiverseId": "199635", "scryfallId": "177be24b-206f-4a18-a4ee-71ce9e030a36"}, "language": "German", "multiverseId": 199635, "name": "Frostmauer", "text": "Verteidiger (Diese Kreatur kann nicht angreifen.)\nImmer wenn die Frostmauer eine Kreatur blockt, enttappt diese Kreatur nicht während des nächsten Enttappsegments ihres Beherrschers.", "type": "Kreatur — Mauer"}, {"flavorText": "\"Me alegra su llegada. El pastizal se libra de las malezas y los lobos se congelan.\" —Lumi, pastora de cabras", "identifiers": {"multiverseId": "200631", "scryfallId": "ccddbfb3-e1ee-4cc8-8a6e-6480688b3a59"}, "language": "Spanish", "multiverseId": 200631, "name": "Muro de escarcha", "text": "Defensor. (Esta criatura no puede atacar.)\nSiempre que el Muro de escarcha bloquee a una criatura, esa criatura no se endereza durante el próximo paso de enderezar de su controlador.", "type": "Criatura — Muro"}, {"flavorText": "« Il est le bienvenu. Les pâturages sont débarrassés des mauvaises herbes et les loups sont gelés. » —Lumi, chevrière", "identifiers": {"multiverseId": "199386", "scryfallId": "998d31e1-d118-4b11-80f1-7fddc953b197"}, "language": "French", "multiverseId": 199386, "name": "Mur de gel", "text": "Défenseur (Cette créature ne peut pas attaquer.)\nÀ chaque fois que le Mur de gel bloque une créature, cette créature ne se dégage pas pendant la prochaine étape de dégagement de son contrôleur.", "type": "Créature : mur"}, {"flavorText": "\"Mi fa molto piacere. I pascoli sono privi di erbacce e i lupi sono congelati.\" —Lumi, pastorella", "identifiers": {"multiverseId": "200382", "scryfallId": "8e8056d7-a51a-4173-829e-684ef8e5dad3"}, "language": "Italian", "multiverseId": 200382, "name": "Muro di Gelo", "text": "Difensore (Questa creatura non può attaccare.)\nOgniqualvolta il Muro di Gelo blocca una creatura, quella creatura non STAPpa durante il prossimo STAP del suo controllore.", "type": "Creatura — Muro"}, {"flavorText": "「大歓迎ですよ。 牧地の雑草は無くなるし、狼も凍り固まっちゃうんですから。」 ――ヤギ飼いのルミ", "identifiers": {"multiverseId": "199884", "scryfallId": "7a060b40-8fe4-45b3-a775-efceaf7cddc8"}, "language": "Japanese", "multiverseId": 199884, "name": "霜の壁", "text": "防衛 （このクリーチャーは攻撃できない。）\n霜の壁がいずれかのクリーチャーをブロックするたび、そのブロックされたクリーチャーはそれのコントローラーの次のアンタップ・ステップにアンタップしない。", "type": "クリーチャー — 壁"}, {"flavorText": "\"Sua chegada me alegrou. O pasto está livre de ervas daninhas e os lobos estão congelados.\" —Lumi, pastor de cabras", "identifiers": {"multiverseId": "199137", "scryfallId": "0098deda-5949-441f-89fb-dc6d28b6a9d2"}, "language": "Portuguese (Brazil)", "multiverseId": 199137, "name": "Barreira Congelada", "text": "Defensor (Esta criatura não pode atacar.)\nToda vez que Barreira Congelada bloqueia uma criatura, aquela criatura não desvira durante a próxima etapa de desvirar de seu controlador.", "type": "Criatura — Barreira"}, {"flavorText": "«А мне так даже нравится. На пастбище не осталось сорняков, а волки превратились в ледышки». — Луми, пастушка коз", "identifiers": {"multiverseId": "200133", "scryfallId": "647b8b33-b88b-4b88-88d5-0924f043bfe1"}, "language": "Russian", "multiverseId": 200133, "name": "Стена Инея", "text": "Защитник (Это существо не может атаковать.)\nКаждый раз, когда Стена Инея блокирует существо, то существо не разворачивается во время следующего шага разворота контролирующего его игрока.", "type": "Существо — Стена"}, {"flavorText": "「它来得好。 牧野没了杂草，狼也给冻成冰块。」 ～山羊牧人卢美", "identifiers": {"multiverseId": "200880", "scryfallId": "6c57c282-c703-49c1-9984-f80a002fe4b8"}, "language": "Chinese Simplified", "multiverseId": 200880, "name": "霜墙", "text": "守军 （此生物不能攻击。）\n每当霜墙阻挡生物时，该生物于其操控者的下一个重置步骤中不能重置。", "type": "生物～墙"}], "frameVersion": "2003", "hasFoil": true, "hasNonFoil": true, "identifiers": {"cardsphereFoilId": "26207", "cardsphereId": "26208", "mcmId": "21126", "mcmMetaId": "10606", "mtgjsonV4Id": "9fa93c2a-2208-517b-ad70-7325a2413d05", "mtgoFoilId": "32762", "mtgoId": "32761", "multiverseId": "190160", "scryfallCardBackId": "0aeebaf5-8c7d-4636-9e82-8c27447861f7", "scryfallId": "17bc35a7-e38b-4c15-889a-d58c8b360315", "scryfallIllustrationId": "238ab123-9572-43a0-b160-780a9e8b7415", "scryfallOracleId": "741e4f32-0587-40fa-a73d-5bcf66b52348", "tcgplayerProductId": "32761"}, "isFoil": false, "keywords": ["Defender"], "language": "English", "layout": "normal", "legalities": {"commander": "Legal", "duel": "Legal", "legacy": "Legal", "modern": "Legal", "oathbreaker": "Legal", "paupercommander": "Restricted", "penny": "Legal", "pioneer": "Legal", "predh": "Legal", "vintage": "Legal"}, "manaCost": "{1}{U}{U}", "manaValue": 3.0, "name": "Wall of Frost", "number": "80", "originalText": "Defender (This creature can't attack.)\nWhenever Wall of Frost blocks a creature, that creature doesn't untap during its controller's next untap step.", "originalType": "Creature — Wall", "power": "0", "printings": ["M10", "M11", "M14", "M15", "MM3", "PC2", "PCA", "PLST"], "purchaseUrls": {"cardmarket": "https://mtgjson.com/links/4cf54c97cb71954f", "tcgplayer": "https://mtgjson.com/links/8cbe65c622150d1c"}, "rarity": "uncommon", "rulings": [{"date": "2014-07-18", "text": "If the creature isn’t tapped during its controller’s next untap step (perhaps because it was untapped by a spell), Wall of Frost’s ability has no effect at that time. It won’t try to keep the creature tapped on subsequent turns."}, {"date": "2014-07-18", "text": "Wall of Frost’s ability tracks the creature, not the creature’s controller. That is, if the creature changes controllers before its first controller’s next untap step, then it won’t untap during its new controller’s next untap step."}], "setCode": "M10", "sourceProducts": {"foil": ["f52aeac6-933a-55e2-a973-36421c155ea1"], "nonfoil": ["030f3a40-04f3-59d1-984b-e582c5d52bf8", "2a5fa0ac-5190-5c8d-b5bf-b7840b2c41b6", "de89f7b9-5773-5f69-903a-b6a41712bd3a", "ecbe8663-215c-5e77-8351-8ff3bc7cfac9", "f52aeac6-933a-55e2-a973-36421c155ea1"]}, "subtypes": ["Wall"], "supertypes": [], "text": "Defender\nWhenever Wall of Frost blocks a creature, that creature doesn't untap during its controller's next untap step.", "toughness": "7", "type": "Creature — Wall", "types": ["Creature"], "uuid": "03b1d415-6a5d-5274-862a-c3ef9c6098cf"}], "name": "Blue Control", "releaseDate": "2010-05-21", "sealedProductUuids": null, "sideBoard": [], "type": "Deck Builder's Toolkit"}}