{"meta": {"date": "2024-09-03", "version": "5.2.2+20240903"}, "data": {"code": "J22", "commander": [], "mainBoard": [{"artist": "Ralph Horsley", "artistIds": ["a51444a8-eb4b-4615-a663-d1d418591ccb"], "availability": ["paper"], "boosterTypes": ["default"], "borderColor": "black", "colorIdentity": ["B"], "colors": ["B"], "convertedManaCost": 6.0, "count": 1, "edhrecRank": 14865, "edhrecSaltiness": 0.18, "finishes": ["nonfoil"], "flavorText": "You know you've ventured too deep when the rats stop running and hold their ground.", "foreignData": [{"flavorText": "Du weißt, dass du dich zu weit vorgewagt hast, wenn die Ratten aufhören zu rennen und sich dir entgegenstellen.", "identifiers": {"multiverseId": "589629", "scryfallId": "5b620640-6e2f-42ca-9bd4-4e3131cd0ff9"}, "language": "German", "multiverseId": 589629, "name": "Beinhausratten", "text": "Wenn die Beinhausratten ins Spiel kommen, fügen sie einer Kreatur oder einem Planeswalker deiner Wahl, die bzw. den ein Gegner kontrolliert, X Schadenspunkte zu, wobei X gleich der Anzahl an Kreaturenkarten in deinem Friedhof ist.", "type": "Kreatur — Ratte"}, {"flavorText": "Sabes que llegaste demasiado lejos cuando las ratas dejan de correr y te plantan cara.", "identifiers": {"multiverseId": "589680", "scryfallId": "fc99fb6e-e64a-4ccb-b2e7-73b097a58ed3"}, "language": "Spanish", "multiverseId": 589680, "name": "Ratas del osario", "text": "Cuando las Ratas del osario entren al campo de batalla, hacen X puntos de daño a la criatura o planeswalker objetivo que controla un oponente, donde X es la cantidad de cartas de criatura en tu cementerio.", "type": "Criatura — Rata"}, {"flavorText": "On sait qu'on est allé trop loin quand les rats cessent de fuir et campent sur leurs positions.", "identifiers": {"multiverseId": "589731", "scryfallId": "e5d6eada-460e-4793-a1c1-e90aa1c6c7db"}, "language": "French", "multiverseId": 589731, "name": "Rats de l'ossuaire", "text": "Quand les Rats de l'ossuaire arrivent sur le champ de bataille, ils infligent X blessures à une cible, créature ou planeswalker, qu'un adversaire contrôle, X étant le nombre de cartes de créature dans votre cimetière.", "type": "Créature : rat"}, {"flavorText": "Capisci di esserti spinto troppo in profondità quando i ratti smettono di scappare e difendono la loro posizione.", "identifiers": {"multiverseId": "589782", "scryfallId": "b44f0111-6b8a-4966-9c9e-7a9ea716c420"}, "language": "Italian", "multiverseId": 589782, "name": "Ratti dell'Ossario", "text": "Quando i Ratti dell'Ossario entrano nel campo di battaglia, infliggono X danni a una creatura o a un planeswalker bersaglio controllati da un avversario, dove X è il numero di carte creatura nel tuo cimitero.", "type": "Creatura — Ratto"}, {"flavorText": "ネズミが走るのをやめてじっと身構えるようになったら、深くまで探索しすぎた証である。", "identifiers": {"multiverseId": "589833", "scryfallId": "5958b88d-9b01-46e4-8dc4-5e757c543b13"}, "language": "Japanese", "multiverseId": 589833, "name": "納骨堂のネズミ", "text": "納骨堂のネズミが戦場に出たとき、クリーチャーやプレインズウォーカーのうち対戦相手がコントロールしている１体を対象とする。これはそれにＸ点のダメージを与える。Ｘはあなたの墓地にあるクリーチャー・カードの枚数に等しい。", "type": "クリーチャー — ネズミ"}, {"flavorText": "当老鼠不再逃窜而是站定蓄势时，你就已经追得太深。", "identifiers": {"multiverseId": "589986", "scryfallId": "08e5cdc9-ff4f-486c-90d7-01f6d0088660"}, "language": "Chinese Simplified", "multiverseId": 589986, "name": "藏骨堂老鼠", "text": "当藏骨堂老鼠进战场时，它向目标由对手操控的生物或鹏洛客造成X点伤害，X为你坟墓场中的生物牌数量。", "type": "生物 ～老鼠"}], "frameVersion": "2015", "hasFoil": false, "hasNonFoil": true, "identifiers": {"cardsphereId": "96972", "mcmId": "686558", "mcmMetaId": "414724", "mtgjsonV4Id": "dd923476-8e3b-59ec-8b78-f0175154d634", "multiverseId": "589578", "scryfallCardBackId": "0aeebaf5-8c7d-4636-9e82-8c27447861f7", "scryfallId": "c93dc52c-6f62-45cc-a5e2-95f794e04b94", "scryfallIllustrationId": "a7ffb4b7-7d9b-4dce-93a6-57a297179178", "scryfallOracleId": "a1380d07-f582-46dd-a63a-9806123ebcd3", "tcgplayerProductId": "455046"}, "isFoil": false, "language": "English", "layout": "normal", "legalities": {"commander": "Legal", "duel": "Legal", "legacy": "Legal", "oathbreaker": "Legal", "pauper": "Legal", "paupercommander": "Legal", "vintage": "Legal"}, "manaCost": "{5}{B}", "manaValue": 6.0, "name": "Ossuary Rats", "number": "24", "originalText": "When Ossuary Rats enters the battlefield, it deals X damage to target creature or planeswalker an opponent controls, where X is the number of creature cards in your graveyard.", "originalType": "Creature — Rat", "power": "3", "printings": ["J22"], "purchaseUrls": {"cardmarket": "https://mtgjson.com/links/879048bfff8a9bfe", "tcgplayer": "https://mtgjson.com/links/1148bd3e8a755dd9"}, "rarity": "common", "setCode": "J22", "sourceProducts": {"nonfoil": ["31fd15cb-48ac-52b8-8f3c-84968a601869"]}, "subtypes": ["Rat"], "supertypes": [], "text": "When Ossuary Rats enters, it deals X damage to target creature or planeswalker an opponent controls, where X is the number of creature cards in your graveyard.", "toughness": "2", "type": "Creature — Rat", "types": ["Creature"], "uuid": "50d11f75-2872-5524-baa1-13ea3252e845"}, {"artist": "Javier Charro", "artistIds": ["8fd2d5fa-3b94-4e48-9cec-9d148acc8180"], "availability": ["paper"], "boosterTypes": ["default"], "borderColor": "black", "colorIdentity": ["B"], "colors": ["B"], "convertedManaCost": 4.0, "count": 1, "edhrecRank": 24613, "edhrecSaltiness": 0.07, "finishes": ["nonfoil"], "flavorText": "It was the perfect disguise—at least until its stomach started moaning.", "foreignData": [{"flavorText": "Es war die perfekte Verkleidung — zumindest bis sein Magen zu maulen begann.", "identifiers": {"multiverseId": "589632", "scryfallId": "1ffa3805-0459-4ea2-ba72-bc97d2ece65f"}, "language": "German", "multiverseId": 589632, "name": "Verdächtiger Schlurfer", "text": "{4}{B}{B}, schicke den Verdächtigen Schlurfer aus deinem Friedhof ins Exil: Erzeuge zwei 2/2 schwarze Zombie-Kreaturenspielsteine. Aktiviere diese Fähigkeit wie eine Hexerei.", "type": "Kreatur — Zombie"}, {"flavorText": "Era el disfraz perfecto... Al menos, hasta que su estómago empezó a gruñir.", "identifiers": {"multiverseId": "589683", "scryfallId": "10d5dc54-5ff3-4a0a-beec-2f351d1b5b90"}, "language": "Spanish", "multiverseId": 589683, "name": "Sospechoso tambaleante", "text": "{4}{B}{B}, exiliar el Sospechoso tambaleante de tu cementerio: Crea dos fichas de criatura Zombie negras 2/2. Activa esto solo como un conjuro.", "type": "Criatura — Zombie"}, {"flavorText": "C'était un déguisement parfait... du moins jusqu'à ce que son estomac ne commence à gémir.", "identifiers": {"multiverseId": "589734", "scryfallId": "718d63f4-c9aa-44c8-b4c3-53bc0c0bf11f"}, "language": "French", "multiverseId": 589734, "name": "Escogriffe suspect", "text": "{4}{B}{B}, exilez l'Escogriffe suspect depuis votre cimetière : Créez deux jetons de créature 2/2 noire Zombie. N'activez que lorsque vous pourriez lancer un rituel.", "type": "Créature : zombie"}, {"flavorText": "Era un travestimento perfetto, almeno finché non cominciò a mugolargli lo stomaco.", "identifiers": {"multiverseId": "589785", "scryfallId": "b572ff5d-e656-452a-9758-a75a39598e89"}, "language": "Italian", "multiverseId": 589785, "name": "Barcollante Sospetto", "text": "{4}{B}{B}, Esilia il Barcollante Sospetto dal tuo cimitero: Crea due pedine creatura Zombie 2/2 nere. Attiva solo come una stregoneria.", "type": "Creatura — Zombie"}, {"flavorText": "完璧な変装だった。お腹が鳴り始めるまでは。", "identifiers": {"multiverseId": "589836", "scryfallId": "fe04fa61-17bd-4982-a35c-760bd0839506"}, "language": "Japanese", "multiverseId": 589836, "name": "怪しげなシャンブラー", "text": "{4}{B}{B},あなたの墓地にある怪しげなシャンブラーを追放する：黒の２/２のゾンビ・クリーチャー・トークン２体を生成する。起動はソーサリーとしてのみ行う。", "type": "クリーチャー — ゾンビ"}, {"flavorText": "伪装得很完美～至少在肚子哀嚎前很完美。", "identifiers": {"multiverseId": "589989", "scryfallId": "356ec937-7c27-4e1b-8315-7b4f96bcfd1a"}, "language": "Chinese Simplified", "multiverseId": 589989, "name": "可疑跛行怪", "text": "{4}{B}{B}，从你的坟墓场放逐可疑跛行怪：派出两个2/2黑色灵俑衍生生物。只能于法术时机起动。", "type": "生物 ～灵俑"}], "frameVersion": "2015", "hasFoil": false, "hasNonFoil": true, "identifiers": {"cardsphereId": "97041", "mcmId": "687046", "mcmMetaId": "414755", "mtgjsonV4Id": "50962a2e-9f1c-556f-90fd-885be6d28f93", "multiverseId": "589581", "scryfallCardBackId": "0aeebaf5-8c7d-4636-9e82-8c27447861f7", "scryfallId": "ff36347c-1fc1-4493-8e45-ef3372ecce45", "scryfallIllustrationId": "0954cd63-6f77-4e5a-ac2e-d669abd71626", "scryfallOracleId": "ea6ee33f-0cba-4e96-817f-dc89c9064ead", "tcgplayerProductId": "455049"}, "isFoil": false, "language": "English", "layout": "normal", "legalities": {"commander": "Legal", "duel": "Legal", "legacy": "Legal", "oathbreaker": "Legal", "pauper": "Legal", "paupercommander": "Legal", "vintage": "Legal"}, "manaCost": "{3}{B}", "manaValue": 4.0, "name": "Suspicious Shambler", "number": "27", "originalText": "{4}{B}{B}, Exile Suspicious Shambler from your graveyard: Create two 2/2 black Zombie creature tokens. Activate only as a sorcery.", "originalType": "Creature — Zombie", "power": "4", "printings": ["J22"], "purchaseUrls": {"cardmarket": "https://mtgjson.com/links/c6efdbe4b4c784e0", "tcgplayer": "https://mtgjson.com/links/03b33a0cfa9939e6"}, "rarity": "common", "setCode": "J22", "sourceProducts": {"nonfoil": ["31fd15cb-48ac-52b8-8f3c-84968a601869"]}, "subtypes": ["Zombie"], "supertypes": [], "text": "{4}{B}{B}, Exile Suspicious Shambler from your graveyard: Create two 2/2 black Zombie creature tokens. Activate only as a sorcery.", "toughness": "2", "type": "Creature — Zombie", "types": ["Creature"], "uuid": "d57037ae-4a1e-5db2-850f-5abac0caa7d3"}, {"artist": "Lucas Graciano", "artistIds": ["ce98f39c-7cdd-47e6-a520-6c50443bb4c2"], "availability": ["paper"], "boosterTypes": ["default"], "borderColor": "black", "colorIdentity": ["B"], "colors": ["B"], "convertedManaCost": 5.0, "count": 1, "edhrecRank": 12598, "edhrecSaltiness": 0.25, "finishes": ["nonfoil"], "foreignData": [{"identifiers": {"multiverseId": "594121", "scryfallId": "66dffcbc-717e-455f-ab76-032d68ffe2f2"}, "language": "German", "multiverseId": 594121, "name": "Schattengeborener Dämon", "text": "Fliegend\nWenn der Schattengeborene Dämon ins Spiel kommt, zerstöre eine Nicht-Dämon-Kreatur deiner Wahl.\nZu Beginn deines Versorgungssegments und falls sich in deinem Friedhof weniger als sechs Kreaturenkarten befinden, opfere eine Kreatur.", "type": "Kreatur — Dämon"}, {"identifiers": {"multiverseId": "594238", "scryfallId": "906c09ec-8077-49b0-bd3a-c8871bb66a64"}, "language": "Spanish", "multiverseId": 594238, "name": "Demonio sombrío", "text": "Vuela.\nCuando el Demonio sombrío entre al campo de batalla, destruye la criatura objetivo que no sea Demonio.\nAl comienzo de tu mantenimiento, si hay menos de seis cartas de criatura en tu cementerio, sacrifica una criatura.", "type": "Criatura — Demonio"}, {"identifiers": {"multiverseId": "594355", "scryfallId": "03176e05-7482-4b91-ae78-5af924a0d63f"}, "language": "French", "multiverseId": 594355, "name": "Démon né des ombres", "text": "Vol\nQuand le Démon né des ombres arrive sur le champ de bataille, détruisez une créature non-Démon ciblée.\nAu début de votre entretien, si votre cimetière contient moins de six cartes de créature, sacrifiez une créature.", "type": "Créature : démon"}, {"identifiers": {"multiverseId": "594472", "scryfallId": "f4962815-1b52-41ef-95e4-5bb66bfe64d5"}, "language": "Italian", "multiverseId": 594472, "name": "Demone delle Tenebre", "text": "Volare\nQuando il Demone delle Tenebre entra nel campo di battaglia, distruggi una creatura non Demone bersaglio.\nAll'inizio del tuo mantenimento, se ci sono meno di sei carte creatura nel tuo cimitero, sacrifica una creatura.", "type": "Creatura — Demone"}, {"identifiers": {"multiverseId": "594589", "scryfallId": "61b15a50-2270-4c98-ae5c-ad8ebfeaec03"}, "language": "Japanese", "multiverseId": 594589, "name": "影生まれの悪魔", "text": "飛行\n影生まれの悪魔が戦場に出たとき、デーモンでないクリーチャー１体を対象とする。それを破壊する。\nあなたのアップキープの開始時に、あなたの墓地にあるクリーチャー・カードが６枚より少ない場合、クリーチャー１体を生け贄に捧げる。", "type": "クリーチャー — デーモン"}, {"identifiers": {"multiverseId": "594940", "scryfallId": "d0b13906-690b-4473-82da-f102feda5f37"}, "language": "Chinese Simplified", "multiverseId": 594940, "name": "影裔恶魔", "text": "飞行\n当影裔恶魔进战场时，消灭目标非恶魔生物。\n在你的维持开始时，若你坟墓场中的生物牌少于六张，则牺牲一个生物。", "type": "生物 ～恶魔"}], "frameVersion": "2015", "hasFoil": false, "hasNonFoil": true, "identifiers": {"cardsphereId": "97357", "mcmId": "686906", "mcmMetaId": "208147", "mtgjsonV4Id": "a6b81499-4eee-58a4-b2ec-0af3b2af71bd", "multiverseId": "594004", "scryfallCardBackId": "0aeebaf5-8c7d-4636-9e82-8c27447861f7", "scryfallId": "f0410803-7337-4537-bcae-e677014640d4", "scryfallIllustrationId": "c2e7c567-da91-46cd-a2e4-f95f96349724", "scryfallOracleId": "7dacc5aa-ea4d-414e-8324-6a7d24bb7671", "tcgplayerProductId": "455336"}, "isFoil": false, "isReprint": true, "keywords": ["Flying"], "language": "English", "layout": "normal", "legalities": {"commander": "Legal", "duel": "Legal", "legacy": "Legal", "modern": "Legal", "oathbreaker": "Legal", "penny": "Legal", "pioneer": "Legal", "vintage": "Legal"}, "manaCost": "{3}{B}{B}", "manaValue": 5.0, "name": "Shadowborn Demon", "number": "464", "originalText": "Flying\nWhen Shadowborn Demon enters the battlefield, destroy target non-Demon creature.\nAt the beginning of your upkeep, if there are fewer than six creature cards in your graveyard, sacrifice a creature.", "originalType": "Creature — Demon", "power": "5", "printings": ["J22", "M14"], "purchaseUrls": {"cardmarket": "https://mtgjson.com/links/a92a2dab90824446", "tcgplayer": "https://mtgjson.com/links/ce8106c930d04163"}, "rarity": "mythic", "rulings": [{"date": "2013-07-01", "text": "Shadowborn Demon’s enters-the-battlefield ability is mandatory. If you control the only non-Demon creature, you must choose it as the target."}, {"date": "2013-07-01", "text": "The last ability checks whether you have fewer than six creature cards in your graveyard when it would trigger. If you have six or more, it won’t trigger at all. The ability will check again when it tries to resolve. If at that time you have six or more, the ability won’t do anything."}], "securityStamp": "oval", "setCode": "J22", "sourceProducts": {"nonfoil": ["31fd15cb-48ac-52b8-8f3c-84968a601869"]}, "subtypes": ["Demon"], "supertypes": [], "text": "Flying\nWhen Shadowborn Demon enters, destroy target non-Demon creature.\nAt the beginning of your upkeep, if there are fewer than six creature cards in your graveyard, sacrifice a creature.", "toughness": "6", "type": "Creature — Demon", "types": ["Creature"], "uuid": "026975c1-e081-565e-ba9c-45ce10e222fe"}, {"artist": "Jason Rainville", "artistIds": ["6ed7e669-579b-443d-b223-e5cbcb2a7483"], "availability": ["paper"], "boosterTypes": ["default"], "borderColor": "black", "colorIdentity": ["B"], "colors": ["B"], "convertedManaCost": 3.0, "count": 1, "edhrecRank": 11906, "edhrecSaltiness": 0.12, "finishes": ["nonfoil"], "foreignData": [{"identifiers": {"multiverseId": "594079", "scryfallId": "40b1d416-db33-4c2f-8c39-af37faaa2fbe"}, "language": "German", "multiverseId": 594079, "name": "Grabklingenmarodeur", "text": "Todesberührung\nImmer wenn der Grabklingenmarodeur einem Spieler Kampfschaden zufügt, verliert der Spieler Lebenspunkte in Höhe der Anzahl an Kreaturenkarten in deinem Friedhof.", "type": "Kreatur — Mensch, Krieger"}, {"identifiers": {"multiverseId": "594196", "scryfallId": "349823b5-e08d-4d28-9d3f-37c7699c40ee"}, "language": "Spanish", "multiverseId": 594196, "name": "Merodeador filotumba", "text": "Toque mortal.\nSiempre que el Merodeador filotumba haga daño de combate a un jugador, ese jugador pierde una cantidad de vidas igual a la cantidad de cartas de criatura en tu cementerio.", "type": "Criatura — Guerrero humano"}, {"identifiers": {"multiverseId": "594313", "scryfallId": "b9204a95-459f-452b-a2b4-971ac412d922"}, "language": "French", "multiverseId": 594313, "name": "Maraudeur à lame sépulcrale", "text": "Contact mortel\nÀ chaque fois que le Maraudeur à lame sépulcrale inflige des blessures de combat à un joueur, ce joueur perd un nombre de points de vie égal au nombre de cartes de créature dans votre cimetière.", "type": "Créature : humain et guerrier"}, {"identifiers": {"multiverseId": "594430", "scryfallId": "f870ba6e-005e-4288-97f5-25d1b5a50b40"}, "language": "Italian", "multiverseId": 594430, "name": "Predatore della Lama Funerea", "text": "Tocco letale\nOgniqualvolta il Predatore della Lama Funerea infligge danno da combattimento a un giocatore, quel giocatore perde punti vita pari al numero di carte creatura nel tuo cimitero.", "type": "Creatura — Guerriero Umano"}, {"identifiers": {"multiverseId": "594547", "scryfallId": "e405b29a-1fef-4f6d-b152-8f199726afb5"}, "language": "Japanese", "multiverseId": 594547, "name": "墓刃の匪賊", "text": "接死\n墓刃の匪賊がプレイヤー１人に戦闘ダメージを与えるたび、そのプレイヤーはあなたの墓地にあるクリーチャー・カードの枚数に等しい点数のライフを失う。", "type": "クリーチャー — 人間・戦士"}, {"identifiers": {"multiverseId": "594898", "scryfallId": "e0cbe597-2390-409b-b87a-793801dece41"}, "language": "Chinese Simplified", "multiverseId": 594898, "name": "墓刃劫掠者", "text": "死触\n每当墓刃劫掠者对任一牌手造成战斗伤害时，该牌手失去等同于你坟墓场中生物牌数量的生命。", "type": "生物 ～人类／战士"}], "frameVersion": "2015", "hasFoil": false, "hasNonFoil": true, "identifiers": {"cardsphereId": "97353", "mcmId": "686927", "mcmMetaId": "220256", "mtgjsonV4Id": "b20761d1-a372-58ee-a3fc-ea7d5ffb1c2b", "multiverseId": "593962", "scryfallCardBackId": "0aeebaf5-8c7d-4636-9e82-8c27447861f7", "scryfallId": "2c5c03c6-123b-4d4d-878e-0158659bf27b", "scryfallIllustrationId": "8ebf14da-75c2-46ab-b5ee-2a07ed4de067", "scryfallOracleId": "33f29fcb-c9ea-4d81-afa2-5c9575b4d58e", "tcgplayerProductId": "455341"}, "isFoil": false, "isReprint": true, "keywords": ["Deathtouch"], "language": "English", "layout": "normal", "legalities": {"commander": "Legal", "duel": "Legal", "legacy": "Legal", "modern": "Legal", "oathbreaker": "Legal", "paupercommander": "Restricted", "penny": "Legal", "pioneer": "Legal", "vintage": "Legal"}, "manaCost": "{2}{B}", "manaValue": 3.0, "name": "Graveblade Marauder", "number": "422", "originalText": "Deathtouch\nWhenever Graveblade Marauder deals combat damage to a player, that player loses life equal to the number of creature cards in your graveyard.", "originalType": "Creature — Human Warrior", "power": "1", "printings": ["2X2", "J22", "NCC", "ORI", "PORI"], "purchaseUrls": {"cardmarket": "https://mtgjson.com/links/3f605583f220b3f5", "tcgplayer": "https://mtgjson.com/links/97e4b2a7e4682d7a"}, "rarity": "rare", "rulings": [{"date": "2015-06-22", "text": "Count the number of creature cards in your graveyard as the ability resolves to determine how much life is lost. Notably, this could include any other creature you owned that died in combat, and perhaps even Graveblade Marauder itself."}], "securityStamp": "oval", "setCode": "J22", "sourceProducts": {"nonfoil": ["31fd15cb-48ac-52b8-8f3c-84968a601869"]}, "subtypes": ["Human", "Warrior"], "supertypes": [], "text": "Deathtouch (Any amount of damage this deals to a creature is enough to destroy it.)\nWhenever Graveblade Marauder deals combat damage to a player, that player loses life equal to the number of creature cards in your graveyard.", "toughness": "4", "type": "Creature — Human Warrior", "types": ["Creature"], "uuid": "cce2729d-f845-5fe5-8343-9174c44b3e81"}, {"artist": "Canata Katana", "artistIds": ["b0f42bcc-3787-40d8-884a-a52c5e0d38b9"], "availability": ["paper"], "boosterTypes": ["default"], "borderColor": "black", "colorIdentity": ["B"], "colors": ["B"], "convertedManaCost": 1.0, "count": 1, "edhrecRank": 1132, "edhrecSaltiness": 0.19, "finishes": ["nonfoil"], "flavorText": "\"Let me give you a hand. He won't be needing it; he's left-handed. Also dead.\"", "foreignData": [{"flavorText": "„Brauchst du eine helfende Hand? Er braucht sie nicht mehr, er ist Linkshänder … und tot.\"", "identifiers": {"multiverseId": "597102", "scryfallId": "50b8a92a-8627-4fae-b25e-cb5df74dee78"}, "language": "German", "multiverseId": 597102, "name": "Lieferantin des Leichenflickers", "text": "Wenn die Lieferantin des Leichenflickers ins Spiel kommt oder stirbt, millst du drei Karten. (Lege die obersten drei Karten deiner Bibliothek auf deinen Friedhof.)", "type": "Kreatur — Zombie"}, {"flavorText": "\"Deja que te eche una mano. Él no la necesitará, es zurdo... y está muerto\".", "identifiers": {"multiverseId": "597148", "scryfallId": "c1e86e63-9eb1-43da-9880-16bbeab13b0f"}, "language": "Spanish", "multiverseId": 597148, "name": "Proveedora de suturador", "text": "Cuando la Proveedora de suturador entre al campo de batalla o muera, muele tres cartas.\n(Pon las tres primeras cartas de tu biblioteca en tu cementerio.)", "type": "Criatura — Zombie"}, {"flavorText": "« Je suis là si tu as besoin d'un bras droit. Lui, il n'en aura pas besoin, il est gaucher. Et il est mort. »", "identifiers": {"multiverseId": "597194", "scryfallId": "c6a2f440-b1ff-40a9-a918-c32cca4185f7"}, "language": "French", "multiverseId": 597194, "name": "Approvisionneuse du raccommodeur", "text": "Quand l'Approvisionneuse du raccommodeur arrive sur le champ de bataille ou meurt, meulez trois cartes. (Mettez les trois cartes du dessus de votre bibliothèque dans votre cimetière.)", "type": "Créature : zombie"}, {"flavorText": "\"Lascia che ti dia una mano. A lui non servirà, è mancino. Ed è anche morto.\"", "identifiers": {"multiverseId": "597240", "scryfallId": "466dffea-a76a-49e6-a761-6cc1f342a1d5"}, "language": "Italian", "multiverseId": 597240, "name": "Rifornitrice dei Cucitori", "text": "Quando la Rifornitrice dei Cucitori entra nel campo di battaglia o muore, macina tre carte. (Metti nel tuo cimitero le prime tre carte del tuo grimorio.)", "type": "Creatura — Zombie"}, {"flavorText": "「手を貸してあげる。彼には必要ないしね。なにせ彼は左利きだから。あと、死んでる。」", "identifiers": {"multiverseId": "597286", "scryfallId": "f17a56a4-5ed2-439f-8c15-cfe9028d147c"}, "language": "Japanese", "multiverseId": 597286, "name": "縫い師への供給者", "text": "縫い師への供給者が戦場に出たか死亡したとき、カード３枚を切削する。（あなたのライブラリーの一番上にあるカード３枚をあなたの墓地に置く。）", "type": "クリーチャー — ゾンビ"}, {"flavorText": "「给你出个手帮忙。他用不上；他是左撇子，而且还死了。」", "identifiers": {"multiverseId": "597424", "scryfallId": "7d2cbe3a-dc77-4131-b078-f2f4f8cc2ca6"}, "language": "Chinese Simplified", "multiverseId": 597424, "name": "拼接师备尸", "text": "当拼接师备尸进战场或死去时，磨三张牌。（将你牌库顶的三张牌置入你的坟墓场。）", "type": "生物 ～灵俑"}], "frameVersion": "2015", "hasFoil": false, "hasNonFoil": true, "identifiers": {"cardsphereId": "97550", "mtgjsonV4Id": "975203c4-63bd-5890-b1d9-d00628c23a68", "multiverseId": "597056", "scryfallCardBackId": "0aeebaf5-8c7d-4636-9e82-8c27447861f7", "scryfallId": "10e65e74-14fc-4286-84d3-36c70d6dcf46", "scryfallIllustrationId": "2e85a139-a21b-4b64-94af-18bf11d79a22", "scryfallOracleId": "7fd61a18-6e4f-40c5-aa00-3d101ec1ec82", "tcgplayerProductId": "455462"}, "isFoil": false, "isReprint": true, "keywords": ["Mill"], "language": "English", "layout": "normal", "legalities": {"brawl": "Legal", "commander": "Legal", "duel": "Legal", "explorer": "Legal", "gladiator": "Legal", "historic": "Legal", "legacy": "Legal", "modern": "Legal", "oathbreaker": "Legal", "paupercommander": "Restricted", "pioneer": "Legal", "timeless": "Legal", "vintage": "Legal"}, "manaCost": "{B}", "manaValue": 1.0, "name": "Stitcher's Supplier", "number": "73", "originalText": "When Stitcher's Supplier enters the battlefield or dies, mill three cards. (Put the top three cards of your library into your graveyard.)", "originalType": "Creature — Zombie", "power": "1", "printings": ["J22", "M19", "M3C", "MB2", "PLST", "SLD"], "purchaseUrls": {"tcgplayer": "https://mtgjson.com/links/97c9b8f489e286e0"}, "rarity": "uncommon", "setCode": "J22", "sourceProducts": {"nonfoil": ["31fd15cb-48ac-52b8-8f3c-84968a601869"]}, "subtypes": ["Zombie"], "supertypes": [], "text": "When Stitcher's Supplier enters or dies, mill three cards. (Put the top three cards of your library into your graveyard.)", "toughness": "1", "type": "Creature — Zombie", "types": ["Creature"], "uuid": "ca47e990-94a0-5b13-a870-13658b1ecf77", "variations": ["dd66f55a-2c0c-51ca-837f-fa5d050f597d"]}, {"artist": "Deruchenko Alexander", "artistIds": ["806f6ff9-6ed4-4e93-998a-a562c0b792e6"], "availability": ["paper"], "boosterTypes": ["default"], "borderColor": "black", "colorIdentity": ["B"], "colors": ["B"], "convertedManaCost": 3.0, "count": 1, "edhrecRank": 13118, "finishes": ["nonfoil"], "flavorText": "\"You have to admit, Gideon—he has great form.\"\n—Liliana Vess", "foreignData": [{"flavorText": "„Du musst doch zugeben, Gideon, er macht eine gute Figur.\"\n—Liliana Vess", "identifiers": {"multiverseId": "594091", "scryfallId": "0ae2e121-0169-4e61-bfbf-12a1b2fb99fe"}, "language": "German", "multiverseId": 594091, "name": "Lilianas Elite", "text": "Lilianas Elite erhält +1/+1 für jede Kreaturenkarte in deinem Friedhof.", "type": "Kreatur — Zombie"}, {"flavorText": "\"Admítelo, Gideon: está en plena forma\".\n—Liliana Vess", "identifiers": {"multiverseId": "594208", "scryfallId": "afc5279c-cb73-4fd0-ad6d-eed506d33b7e"}, "language": "Spanish", "multiverseId": 594208, "name": "Élite de Liliana", "text": "La Élite de Liliana obtiene +1/+1 por cada carta de criatura en tu cementerio.", "type": "Criatura — Zombie"}, {"flavorText": "« Tu dois admettre, Gideon, qu'il est plutôt en forme. »\n—Liliana Vess", "identifiers": {"multiverseId": "594325", "scryfallId": "e4d57f16-5bd2-4ac0-b2ad-bc1b4cc019b7"}, "language": "French", "multiverseId": 594325, "name": "Élite de Liliana", "text": "L'Élite de Liliana gagne +1/+1 pour chaque carte de créature dans votre cimetière.", "type": "Créature : zombie"}, {"flavorText": "\"Devi ammetterlo, Gideon... non è niente male.\"\n—Liliana Vess", "identifiers": {"multiverseId": "594442", "scryfallId": "83b4ae41-6dff-4593-b1fd-377a18478f5b"}, "language": "Italian", "multiverseId": 594442, "name": "Guardia Scelta di Liliana", "text": "La Guardia Scelta di Liliana prende +1/+1 per ogni carta creatura nel tuo cimitero.", "type": "Creatura — Zombie"}, {"flavorText": "「あなたも認めるべきよ、ギデオン。彼の身のこなしは素晴らしいわ。」\n――リリアナ・ヴェス", "identifiers": {"multiverseId": "594559", "scryfallId": "ba2c1e86-8fdc-4caa-bd0c-bbc7fda3974c"}, "language": "Japanese", "multiverseId": 594559, "name": "リリアナの精鋭", "text": "リリアナの精鋭はあなたの墓地にあるクリーチャー・カード１枚につき＋１/＋１の修整を受ける。", "type": "クリーチャー — ゾンビ"}, {"flavorText": "「你就承认吧，基定～这家伙很能打。」\n～莉莲娜维斯", "identifiers": {"multiverseId": "594910", "scryfallId": "29955c30-c036-40b6-bc6c-fff016828dd7"}, "language": "Chinese Simplified", "multiverseId": 594910, "name": "莉莲娜的精兵", "text": "你坟墓场中每有一张生物牌，莉莲娜的精兵便得+1/+1。", "type": "生物 ～灵俑"}], "frameVersion": "2015", "hasFoil": false, "hasNonFoil": true, "identifiers": {"cardsphereId": "97355", "mcmId": "686871", "mcmMetaId": "223133", "mtgjsonV4Id": "9655aeda-9a70-52f4-96a1-cdf9a8853d47", "multiverseId": "593974", "scryfallCardBackId": "0aeebaf5-8c7d-4636-9e82-8c27447861f7", "scryfallId": "5f826404-3df5-4b0c-9739-837938ac8401", "scryfallIllustrationId": "4a72f9d7-9390-47c5-9a23-f6ce3bdc94e5", "scryfallOracleId": "b6492082-d0ef-4f7c-a4b1-f8ecf6eb0890", "tcgplayerProductId": "455323"}, "isFoil": false, "isReprint": true, "language": "English", "layout": "normal", "legalities": {"brawl": "Legal", "commander": "Legal", "duel": "Legal", "explorer": "Legal", "gladiator": "Legal", "historic": "Legal", "legacy": "Legal", "modern": "Legal", "oathbreaker": "Legal", "pauper": "Legal", "paupercommander": "Legal", "pioneer": "Legal", "timeless": "Legal", "vintage": "Legal"}, "manaCost": "{2}{B}", "manaValue": 3.0, "name": "Liliana's Elite", "number": "434", "originalText": "Liliana's Elite gets +1/+1 for each creature card in your graveyard.", "originalType": "Creature — Zombie", "power": "1", "printings": ["2X2", "EMN", "J22", "JMP", "SIR"], "purchaseUrls": {"cardmarket": "https://mtgjson.com/links/9afbc312ac5d2767", "tcgplayer": "https://mtgjson.com/links/b753d33224b8a1be"}, "rarity": "uncommon", "rulings": [{"date": "2016-07-13", "text": "The ability applies only while Liliana’s Elite is on the battlefield."}], "setCode": "J22", "sourceProducts": {"nonfoil": ["31fd15cb-48ac-52b8-8f3c-84968a601869"]}, "subtypes": ["Zombie"], "supertypes": [], "text": "Liliana's Elite gets +1/+1 for each creature card in your graveyard.", "toughness": "1", "type": "Creature — Zombie", "types": ["Creature"], "uuid": "3424a20a-f396-5b34-870a-0e80b388e86a"}, {"artist": "Svetlin Velinov", "artistIds": ["ffd063ae-c097-4f26-b2e6-b1e2137708bc"], "availability": ["paper"], "boosterTypes": ["default"], "borderColor": "black", "colorIdentity": ["B"], "colors": ["B"], "convertedManaCost": 2.0, "count": 1, "edhrecRank": 17130, "edhrecSaltiness": 0.11, "finishes": ["nonfoil"], "flavorText": "\"Don't worry, sweet brother. Help is on the way.\"\n—Ghoulcaller Gisa", "foreignData": [{"flavorText": "„Verzage nicht, geliebter Bruder. Hilfe ist unterwegs.\"\n—Gisa die Ghulruferin", "identifiers": {"multiverseId": "594145", "scryfallId": "456c07d1-35f1-4215-b6af-582d2eb57f48"}, "language": "German", "multiverseId": 594145, "name": "Klagender Ghul", "text": "Wenn der Klagende Ghul ins Spiel kommt, millst du zwei Karten. (Lege die obersten zwei Karten deiner Bibliothek auf deinen Friedhof.)", "type": "Kreatur — Zombie"}, {"flavorText": "\"No te preocupes, hermanito. Ya vienen a ayudarte\".\n—Gisa, la llamamuertos", "identifiers": {"multiverseId": "594262", "scryfallId": "964400b7-8d8c-4f34-b389-7f32e760ac65"}, "language": "Spanish", "multiverseId": 594262, "name": "Necrófago quejumbroso", "text": "Cuando el Necrófago quejumbroso entre al campo de batalla, muele dos cartas. (Pon las dos primeras cartas de tu biblioteca en tu cementerio.)", "type": "Criatura — Zombie"}, {"flavorText": "« Ne t'inquiète pas, mon frère. Les renforts sont en route. »\n—Gisa, meneuse de goule", "identifiers": {"multiverseId": "594379", "scryfallId": "d92c687d-1c6f-4cd8-85a3-49897c70eb75"}, "language": "French", "multiverseId": 594379, "name": "Goule geignarde", "text": "Quand la Goule geignarde arrive sur le champ de bataille, meulez deux cartes. (Mettez les deux cartes du dessus de votre bibliothèque dans votre cimetière.)", "type": "Créature : zombie"}, {"flavorText": "\"Non preoccuparti, caro fratello. Stanno arrivando i soccorsi.\"\n—Gisa l'evocaghoul", "identifiers": {"multiverseId": "594496", "scryfallId": "aaa85500-519a-4e89-8425-dd307c6424fc"}, "language": "Italian", "multiverseId": 594496, "name": "Ghoul Gemente", "text": "Quando il Ghoul Gemente entra nel campo di battaglia, macina due carte. (Metti nel tuo cimitero le prime due carte del tuo grimorio.)", "type": "Creatura — Zombie"}, {"flavorText": "「心配ないわよ、ゲラルフ。助けならすぐに来るわ。」\n――グール呼びのギサ", "identifiers": {"multiverseId": "594613", "scryfallId": "5280f879-2660-48ef-b5dd-4a94b7d81e45"}, "language": "Japanese", "multiverseId": 594613, "name": "嘆きのグール", "text": "嘆きのグールが戦場に出たとき、カード２枚を切削する。（あなたのライブラリーの一番上にあるカード２枚をあなたの墓地に置く。）", "type": "クリーチャー — ゾンビ"}, {"flavorText": "「别担心，亲爱的弟弟。帮手马上就来了。」\n～尸鬼牧者基沙", "identifiers": {"multiverseId": "594964", "scryfallId": "e9b2616a-a210-4a36-bb3f-5f9efc1034a3"}, "language": "Chinese Simplified", "multiverseId": 594964, "name": "悲号食尸鬼", "text": "当悲号食尸鬼进战场时，磨两张牌。（将你牌库顶的两张牌置入你的坟墓场。）", "type": "生物 ～灵俑"}], "frameVersion": "2015", "hasFoil": false, "hasNonFoil": true, "identifiers": {"cardsphereId": "97354", "mcmId": "686812", "mcmMetaId": "223077", "mtgjsonV4Id": "0611fb42-9b37-5dd6-ad4e-a6f2fbcd06e1", "multiverseId": "594028", "scryfallCardBackId": "0aeebaf5-8c7d-4636-9e82-8c27447861f7", "scryfallId": "d155d1aa-929d-46eb-ab9d-02a40d6e9782", "scryfallIllustrationId": "8c3acf04-bcda-4c7e-a8fb-89d54fd3ce55", "scryfallOracleId": "6ce24851-70d2-416c-8733-78928b4eee74", "tcgplayerProductId": "455299"}, "isFoil": false, "isReprint": true, "keywords": ["Mill"], "language": "English", "layout": "normal", "legalities": {"brawl": "Legal", "commander": "Legal", "duel": "Legal", "explorer": "Legal", "gladiator": "Legal", "historic": "Legal", "legacy": "Legal", "modern": "Legal", "oathbreaker": "Legal", "pauper": "Legal", "paupercommander": "Legal", "penny": "Legal", "pioneer": "Legal", "timeless": "Legal", "vintage": "Legal"}, "manaCost": "{1}{B}", "manaValue": 2.0, "name": "Wailing Ghoul", "number": "488", "originalText": "When Wailing Ghoul enters the battlefield, mill two cards. (Put the top two cards of your library into your graveyard.)", "originalType": "Creature — Zombie", "power": "1", "printings": ["EMN", "J22", "JMP"], "purchaseUrls": {"cardmarket": "https://mtgjson.com/links/2f683fabd4faadcf", "tcgplayer": "https://mtgjson.com/links/c590b9e84d5ed60c"}, "rarity": "common", "setCode": "J22", "sourceProducts": {"nonfoil": ["31fd15cb-48ac-52b8-8f3c-84968a601869"]}, "subtypes": ["Zombie"], "supertypes": [], "text": "When Wailing Ghoul enters, mill two cards.", "toughness": "3", "type": "Creature — Zombie", "types": ["Creature"], "uuid": "bb9ec9b7-56d6-500e-99e8-e7e80d9e5010"}, {"artist": "Caio Monteiro", "artistIds": ["d5053eb6-af72-47a0-b6e8-023cc3b9aefb"], "availability": ["paper"], "boosterTypes": ["default"], "borderColor": "black", "colorIdentity": ["B"], "colors": ["B"], "convertedManaCost": 3.0, "count": 1, "edhrecRank": 12913, "finishes": ["nonfoil"], "foreignData": [{"identifiers": {"multiverseId": "594077", "scryfallId": "f76c9d0d-886c-468f-8f0f-118db033c8e9"}, "language": "German", "multiverseId": 594077, "name": "Schlingender Aasgeier", "text": "Fliegend\nWenn der Schlingende Aasgeier ins Spiel kommt, millst du vier Karten. Du erhältst für jede Kreaturenkarte, die auf diese Weise gemillt wurde, 1 Lebenspunkt dazu. (Um eine Karte zu millen, lege die oberste Karte deiner Bibliothek auf deinen Friedhof.)", "type": "Kreatur — Vogel"}, {"identifiers": {"multiverseId": "594194", "scryfallId": "1c5b5272-11b3-4dea-aa29-bb14c43843e8"}, "language": "Spanish", "multiverseId": 594194, "name": "Buitre atiborrándose", "text": "Vuela.\nCuando el Buitre atiborrándose entre al campo de batalla, muele cuatro cartas. Ganas 1 vida por cada carta de criatura molida de esta manera. (Para moler una carta, pon la primera carta de tu biblioteca en tu cementerio.)", "type": "Criatura — Ave"}, {"identifiers": {"multiverseId": "594311", "scryfallId": "18c610f4-6337-41e7-b333-3968bce67b08"}, "language": "French", "multiverseId": 594311, "name": "Vautour goulu", "text": "Vol\nQuand le Vautour goulu arrive sur le champ de bataille, meulez quatre cartes. Vous gagnez 1 point de vie pour chaque carte de créature meulée de cette manière. (Pour meuler une carte, mettez la carte du dessus de votre bibliothèque dans votre cimetière.)", "type": "Créature : oiseau"}, {"identifiers": {"multiverseId": "594428", "scryfallId": "29e6344a-2222-4c3b-b0c8-55f97d601cf6"}, "language": "Italian", "multiverseId": 594428, "name": "Avvoltoio Divoratore", "text": "Volare\nQuando l'Avvoltoio Divoratore entra nel campo di battaglia, macina quattro carte. Guadagni 1 punto vita per ogni carta creatura macinata in questo modo. (Per macinare una carta, metti nel tuo cimitero la prima carta del tuo grimorio.)", "type": "Creatura — Uccello"}, {"identifiers": {"multiverseId": "594545", "scryfallId": "a52f7479-6bde-437d-a343-d019511ff35c"}, "language": "Japanese", "multiverseId": 594545, "name": "貪る禿鷹", "text": "飛行\n貪る禿鷹が戦場に出たとき、カード４枚を切削する。あなたは、これにより切削されたクリーチャー・カード１枚につき１点のライフを得る。（カードを切削するとは、あなたのライブラリーの一番上にあるカードをあなたの墓地に置くことである。）", "type": "クリーチャー — 鳥"}, {"identifiers": {"multiverseId": "594896", "scryfallId": "ea530bec-74f5-4b8c-ab47-adf47f02facb"}, "language": "Chinese Simplified", "multiverseId": 594896, "name": "食尸兀鹰", "text": "飞行\n当食尸兀鹰进战场时，磨四张牌。每以此法磨掉一张生物牌，你便获得1点生命。（磨一张牌的流程是将你牌库顶的牌置入你的坟墓场。）", "type": "生物 ～鸟"}], "frameVersion": "2015", "hasFoil": false, "hasNonFoil": true, "identifiers": {"cardsphereId": "97351", "mcmId": "686820", "mcmMetaId": "273711", "mtgjsonV4Id": "54c6f8ac-bc38-53ca-bbcc-d6ae37e959f1", "multiverseId": "593960", "scryfallCardBackId": "0aeebaf5-8c7d-4636-9e82-8c27447861f7", "scryfallId": "06488720-9875-483a-b163-f620692ef627", "scryfallIllustrationId": "f293ed33-b28d-4a67-b430-4a79bcb5fb5f", "scryfallOracleId": "67330f45-d08c-4fe2-8ae3-8d18939c512a", "tcgplayerProductId": "455304"}, "isFoil": false, "isReprint": true, "keywords": ["Flying", "Mill"], "language": "English", "layout": "normal", "legalities": {"brawl": "Legal", "commander": "Legal", "duel": "Legal", "explorer": "Legal", "gladiator": "Legal", "historic": "Legal", "legacy": "Legal", "modern": "Legal", "oathbreaker": "Legal", "pauper": "Legal", "paupercommander": "Legal", "penny": "Legal", "pioneer": "Legal", "timeless": "Legal", "vintage": "Legal"}, "manaCost": "{2}{B}", "manaValue": 3.0, "name": "Gorging Vulture", "number": "420", "originalText": "Flying\nWhen Gorging Vulture enters the battlefield, mill four cards. You gain 1 life for each creature card milled this way. (To mill a card, put the top card of your library into your graveyard.)", "originalType": "Creature — Bird", "power": "2", "printings": ["CLU", "J22", "M20"], "purchaseUrls": {"cardmarket": "https://mtgjson.com/links/14de62bdb2ecc9fb", "tcgplayer": "https://mtgjson.com/links/3fe99687ea79ed41"}, "rarity": "common", "setCode": "J22", "sourceProducts": {"nonfoil": ["31fd15cb-48ac-52b8-8f3c-84968a601869"]}, "subtypes": ["Bird"], "supertypes": [], "text": "Flying\nWhen Gorging Vulture enters, mill four cards. You gain 1 life for each creature card milled this way. (To mill four cards, put the top four cards of your library into your graveyard.)", "toughness": "2", "type": "Creature — Bird", "types": ["Creature"], "uuid": "654e6d8e-0964-5e37-a8b0-626bd5df8a03"}, {"artist": "Scott Murphy", "artistIds": ["07c7ac65-dfa6-4273-9c66-ec9d8f3e2226"], "availability": ["paper"], "boosterTypes": ["default"], "borderColor": "black", "colorIdentity": ["B"], "colors": ["B"], "convertedManaCost": 4.0, "count": 1, "edhrecRank": 21641, "finishes": ["nonfoil"], "foreignData": [{"identifiers": {"multiverseId": "594102", "scryfallId": "10257812-65d4-4b6b-a75e-4e3cd74e88af"}, "language": "German", "multiverseId": 594102, "name": "Wesensmal-Zeichnerin", "text": "Totenwelt — Wenn die Wesensmal-Zeichnerin ins Spiel kommt, erhält eine Kreatur deiner Wahl bis zum Ende des Zuges Bedrohlichkeit und +X/+0, wobei X gleich der Anzahl an Kreaturenkarten in deinem Friedhof ist. (Sie kann nicht geblockt werden, außer von zwei oder mehr Kreaturen.)", "type": "Kreatur — Mensch, Schamane"}, {"identifiers": {"multiverseId": "594219", "scryfallId": "f362a1ea-fe01-481e-bf44-a542170f9970"}, "language": "Spanish", "multiverseId": 594219, "name": "Pintora de almadibujos", "text": "Despojos — Cuando la Pintora de almadibujos entre al campo de batalla, la criatura objetivo gana la habilidad de amenaza y obtiene +X/+0 hasta el final del turno, donde X es la cantidad de cartas de criatura en tu cementerio. (No puede ser bloqueada excepto por dos o más criaturas.)", "type": "Criatura — Chamán humano"}, {"identifiers": {"multiverseId": "594336", "scryfallId": "d0313cb0-c785-42e8-b538-a15601e60685"}, "language": "French", "multiverseId": 594336, "name": "Peintre de marque d'humeur", "text": "Maquis — Quand la Peintre de marque d'humeur arrive sur le champ de bataille, une créature ciblée acquiert la menace et gagne +X/+0 jusqu'à la fin du tour, X étant le nombre de cartes de créature dans votre cimetière. (Elle ne peut pas être bloquée excepté par deux créatures ou plus.)", "type": "Créature : humain et shamane"}, {"identifiers": {"multiverseId": "594453", "scryfallId": "c702fcd6-6d00-4abe-b90c-831d0ae10501"}, "language": "Italian", "multiverseId": 594453, "name": "Pittrice di Animarchi", "text": "Crescita sotterranea — Quando la Pittrice di Animarchi entra nel campo di battaglia, una creatura bersaglio ha minacciare e prende +X/+0 fino alla fine del turno, dove X è il numero di carte creatura nel tuo cimitero. (Non può essere bloccata tranne che da due o più creature.)", "type": "Creatura — Sciamano Umano"}, {"identifiers": {"multiverseId": "594570", "scryfallId": "b234ab29-e4b1-4906-8826-9aa967e9cbc4"}, "language": "Japanese", "multiverseId": 594570, "name": "感情化粧師", "text": "宿根 ― 感情化粧師が戦場に出たとき、クリーチャー１体を対象とする。ターン終了時まで、それは威迫を得て＋Ｘ/＋０の修整を受ける。Ｘはあなたの墓地にあるクリーチャー・カードの枚数に等しい。（それは２体以上のクリーチャーにしかブロックされない。）", "type": "クリーチャー — 人間・シャーマン"}, {"identifiers": {"multiverseId": "594921", "scryfallId": "be32cafd-f306-4aa1-92c6-6e79ac07fda1"}, "language": "Chinese Simplified", "multiverseId": 594921, "name": "貌纹绘师", "text": "朽力～当貌纹绘师进战场时，直到回合结束，目标生物获得威慑异能且得+X/+0，X为你坟墓场中的生物牌数量。（它只能被两个或更多生物阻挡。）", "type": "生物 ～人类／祭师"}], "frameVersion": "2015", "hasFoil": false, "hasNonFoil": true, "identifiers": {"cardsphereId": "97359", "mcmId": "686962", "mcmMetaId": "265094", "mtgjsonV4Id": "b327be72-4621-55ea-a736-e15902d9f81a", "multiverseId": "593985", "scryfallCardBackId": "0aeebaf5-8c7d-4636-9e82-8c27447861f7", "scryfallId": "50101d86-5cda-4dbd-aa6b-c6da791ef73b", "scryfallIllustrationId": "e39665ff-88aa-4128-9db1-1fa0352768b6", "scryfallOracleId": "f5068b54-b1f8-4751-9a09-fc1b554e8115", "tcgplayerProductId": "455418"}, "isFoil": false, "isReprint": true, "keywords": ["Undergrowth"], "language": "English", "layout": "normal", "legalities": {"brawl": "Legal", "commander": "Legal", "duel": "Legal", "explorer": "Legal", "gladiator": "Legal", "historic": "Legal", "legacy": "Legal", "modern": "Legal", "oathbreaker": "Legal", "pauper": "Legal", "paupercommander": "Legal", "penny": "Legal", "pioneer": "Legal", "timeless": "Legal", "vintage": "Legal"}, "manaCost": "{2}{B}{B}", "manaValue": 4.0, "name": "Moodmark Painter", "number": "445", "originalText": "Undergrowth — When Moodmark Painter enters the battlefield, target creature gains menace and gets +X/+0 until end of turn, where X is the number of creature cards in your graveyard. (It can't be blocked except by two or more creatures.)", "originalType": "Creature — Human Shaman", "power": "2", "printings": ["GRN", "J22"], "purchaseUrls": {"cardmarket": "https://mtgjson.com/links/7c1c966f1c8c1601", "tcgplayer": "https://mtgjson.com/links/3c97dd75527c4831"}, "rarity": "common", "rulings": [{"date": "2018-10-05", "text": "Because tokens aren’t cards, they never count for undergrowth abilities."}, {"date": "2018-10-05", "text": "Creature cards with other types, such as artifact creature cards, count for undergrowth abilities."}, {"date": "2018-10-05", "text": "If there are no creature cards in your graveyard, the target creature just gains menace until end of turn."}, {"date": "2018-10-05", "text": "The value of X is determined only as the undergrowth ability resolves. If the number of creature cards in your graveyard changes later in the turn, the target creature is unaffected."}], "setCode": "J22", "sourceProducts": {"nonfoil": ["31fd15cb-48ac-52b8-8f3c-84968a601869"]}, "subtypes": ["Human", "Shaman"], "supertypes": [], "text": "Undergrowth — When Moodmark Painter enters, target creature gains menace and gets +X/+0 until end of turn, where X is the number of creature cards in your graveyard. (It can't be blocked except by two or more creatures.)", "toughness": "3", "type": "Creature — Human Shaman", "types": ["Creature"], "uuid": "d352ead0-69be-5f1a-b967-7771aeee3fb5"}, {"artist": "Randy Vargas", "artistIds": ["d20672ca-0555-4238-a984-fd171d36b247"], "availability": ["paper"], "boosterTypes": ["default"], "borderColor": "black", "colorIdentity": ["B"], "colors": ["B"], "convertedManaCost": 1.0, "count": 1, "edhrecRank": 14152, "edhrecSaltiness": 0.19, "finishes": ["nonfoil"], "flavorText": "The assassins of the Ochran distill toxins from the remains of their previous victims.", "foreignData": [{"flavorText": "Die Assassinen der Ochran destillieren Toxine aus den Überresten ihrer vorherigen Opfer.", "identifiers": {"multiverseId": "594104", "scryfallId": "1cac5782-7897-4b3b-9b53-10de39c7c0c5"}, "language": "German", "multiverseId": 594104, "name": "Nekrotische Wunde", "text": "Totenwelt — Eine Kreatur deiner Wahl erhält bis zum Ende des Zuges -X/-X, wobei X gleich der Anzahl an Kreaturenkarten in deinem Friedhof ist. Falls die Kreatur in diesem Zug sterben würde, schicke sie stattdessen ins Exil.", "type": "Spontanzauber"}, {"flavorText": "Los asesinos de los Ochran destilan toxinas que vienen de los restos de sus víctimas anteriores.", "identifiers": {"multiverseId": "594221", "scryfallId": "84bfad4d-8563-4509-bf46-e247e0dc3243"}, "language": "Spanish", "multiverseId": 594221, "name": "Herida necrótica", "text": "Despojos — La criatura objetivo obtiene -X/-X hasta el final del turno, donde X es la cantidad de cartas de criatura en tu cementerio. Si esa criatura fuese a morir este turno, en vez de eso, exíliala.", "type": "Instantáneo"}, {"flavorText": "Les assassins Ochran distillent des toxines dans les corps de leurs précédentes victimes.", "identifiers": {"multiverseId": "594338", "scryfallId": "9642469a-29c2-408b-82a9-809fb4531b12"}, "language": "French", "multiverseId": 594338, "name": "Blessure nécrotique", "text": "Maquis — Une créature ciblée gagne -X/-X jusqu'à la fin du tour, X étant le nombre de cartes de créature dans votre cimetière. Si cette créature devait mourir ce tour-ci, exilez-la à la place.", "type": "Éphémère"}, {"flavorText": "Gli assassini dell'Ochran distillano tossine dai resti delle loro vittime precedenti.", "identifiers": {"multiverseId": "594455", "scryfallId": "534b2e52-904d-4338-b626-aed965c04678"}, "language": "Italian", "multiverseId": 594455, "name": "Ferita Necrotica", "text": "Crescita sotterranea — Una creatura bersaglio prende -X/-X fino alla fine del turno, dove X è il numero di carte creatura nel tuo cimitero. Se quella creatura sta per morire in questo turno, invece esiliala.", "type": "Istantaneo"}, {"flavorText": "オクランの暗殺者は、前の犠牲者の死骸から毒物を精製する。", "identifiers": {"multiverseId": "594572", "scryfallId": "54eb395a-a952-44ff-b768-f1d899839483"}, "language": "Japanese", "multiverseId": 594572, "name": "壊死性の傷", "text": "宿根 ― クリーチャー１体を対象とする。ターン終了時まで、それは－Ｘ/－Ｘの修整を受ける。Ｘはあなたの墓地にあるクリーチャー・カードの枚数に等しい。このターン、そのクリーチャーが死亡するなら、代わりにそれを追放する。", "type": "インスタント"}, {"flavorText": "瓯坎的杀手会从他们之前的杀害对象身上提炼毒素。", "identifiers": {"multiverseId": "594923", "scryfallId": "055b8bcf-59a0-4a67-bc85-9dacc146033c"}, "language": "Chinese Simplified", "multiverseId": 594923, "name": "溃疽伤", "text": "朽力～目标生物得-X/-X直到回合结束，X为你坟墓场中的生物牌数量。如果本回合中该生物将死去，则改为将它放逐。", "type": "瞬间"}], "frameVersion": "2015", "hasFoil": false, "hasNonFoil": true, "identifiers": {"cardsphereId": "97361", "mcmId": "686736", "mcmMetaId": "265080", "mtgjsonV4Id": "1bd91b22-397e-5ba6-b3af-f0d6fa5b5812", "multiverseId": "593987", "scryfallCardBackId": "0aeebaf5-8c7d-4636-9e82-8c27447861f7", "scryfallId": "4819311f-fc0a-4662-8f5b-48e2a409f1d5", "scryfallIllustrationId": "fbc4ff04-b125-44cc-a983-c7bb9347dbe9", "scryfallOracleId": "a30159ae-f6a6-4e29-bca2-769d3657d310", "tcgplayerProductId": "455291"}, "isFoil": false, "isReprint": true, "keywords": ["Undergrowth"], "language": "English", "layout": "normal", "legalities": {"brawl": "Legal", "commander": "Legal", "duel": "Legal", "explorer": "Legal", "gladiator": "Legal", "historic": "Legal", "legacy": "Legal", "modern": "Legal", "oathbreaker": "Legal", "pioneer": "Legal", "timeless": "Legal", "vintage": "Legal"}, "manaCost": "{B}", "manaValue": 1.0, "name": "Necrotic Wound", "number": "447", "originalText": "Undergrowth — Target creature gets -X/-X until end of turn, where X is the number of creature cards in your graveyard. If that creature would die this turn, exile it instead.", "originalType": "Instant", "printings": ["GRN", "J22", "PGRN"], "purchaseUrls": {"cardmarket": "https://mtgjson.com/links/bd4304e2f9bf176b", "tcgplayer": "https://mtgjson.com/links/f8f399ec9b042b00"}, "rarity": "uncommon", "rulings": [{"date": "2018-10-05", "text": "Because tokens aren’t cards, they never count for undergrowth abilities."}, {"date": "2018-10-05", "text": "Creature cards with other types, such as artifact creature cards, count for undergrowth abilities."}, {"date": "2018-10-05", "text": "If you have no creature cards in your graveyard, the target creature gets -0/-0, and it will still be exiled if it would die this turn."}, {"date": "2018-10-05", "text": "Necrotic Wound’s replacement effect will exile the target creature if it would die this turn for any reason, not just immediately after Necrotic Wound resolves."}, {"date": "2018-10-05", "text": "The value of X is determined only as the undergrowth ability resolves. If the number of creature cards in your graveyard changes later in the turn, the target creature is unaffected."}], "setCode": "J22", "sourceProducts": {"nonfoil": ["31fd15cb-48ac-52b8-8f3c-84968a601869"]}, "subtypes": [], "supertypes": [], "text": "Undergrowth — Target creature gets -X/-X until end of turn, where X is the number of creature cards in your graveyard. If that creature would die this turn, exile it instead.", "type": "Instant", "types": ["Instant"], "uuid": "c8d776a3-4cde-5107-8978-e7c9e8513fc0"}, {"artist": "Ovidio Cartagena", "artistIds": ["7de94887-7f8b-4642-922c-1fa6b4568d07"], "availability": ["paper"], "boosterTypes": ["default"], "borderColor": "black", "colorIdentity": ["B"], "colors": ["B"], "convertedManaCost": 2.0, "count": 1, "edhrecRank": 20706, "finishes": ["nonfoil"], "flavorText": "\"Sumptuous, carefully fermented, and served with a silky ocular puree. You simply must try a bite.\"\n—Varina, Lich Queen", "foreignData": [{"flavorText": "„Üppig, sorgfältig fermentiert und mit einem seidigen Augenpüree serviert. Du musst einfach einen Bissen probieren.\"\n—Varina, Lichkönigin", "identifiers": {"multiverseId": "597527", "scryfallId": "eab0f9f0-d91f-4ea8-beeb-451828771b15"}, "language": "German", "multiverseId": 597527, "name": "Schlachtfest der Ghule", "text": "Eine Kreatur deiner Wahl erhält bis zum Ende des Zuges +X/+0, wobei X gleich der Anzahl an Kreaturenkarten in deinem Friedhof ist.", "type": "Spontanzauber"}, {"flavorText": "\"Exquisito, fermentado a la perfección y servido con un suavísimo puré ocular. Tienes que probarlo\".\n—Varina, reina liche", "identifiers": {"multiverseId": "597552", "scryfallId": "1eabd772-8eac-459e-aa4a-ca1085db9f07"}, "language": "Spanish", "multiverseId": 597552, "name": "Festín del necrófago", "text": "La criatura objetivo obtiene +X/+0 hasta el final del turno, donde X es la cantidad de cartas de criatura en tu cementerio.", "type": "Instantáneo"}, {"flavorText": "« Somptueuse, soigneusement fermentée, et accompagnée d'une onctueuse purée oculaire. Vous devez absolument goûter. »\n—Varina, reine liche", "identifiers": {"multiverseId": "597577", "scryfallId": "524a4630-0181-4436-bdef-c8ac213389a4"}, "language": "French", "multiverseId": 597577, "name": "Festin des goules", "text": "Une créature ciblée gagne +X/+0 jusqu'à la fin du tour, X étant le nombre de cartes de créature dans votre cimetière.", "type": "Éphémère"}, {"flavorText": "\"Sontuoso, perfettamente fermentato e servito con una purea oculare vellutata. Devi assolutamente assaggiarlo.\"\n—Varina, Regina Lich", "identifiers": {"multiverseId": "597602", "scryfallId": "cc4fbf1e-9ca4-429e-a9fc-9af91197a474"}, "language": "Italian", "multiverseId": 597602, "name": "Banchetto del Ghoul", "text": "Una creatura bersaglio prende +X/+0 fino alla fine del turno, dove X è il numero di carte creatura nel tuo cimitero.", "type": "Istantaneo"}, {"flavorText": "「丹念な熟成の末、口当たりの良い眼球ピューレを添えた豪勢な一品だ。一口食べてみるがよい。」\n――リッチの女王、ヴァリーナ", "identifiers": {"multiverseId": "597627", "scryfallId": "ee01e12a-4e9c-4e67-9528-01c576fe394f"}, "language": "Japanese", "multiverseId": 597627, "name": "食屍鬼の饗宴", "text": "クリーチャー１体を対象とする。ターン終了時まで、それは＋Ｘ/＋０の修整を受ける。Ｘはあなたの墓地にあるクリーチャー・カードの枚数に等しい。", "type": "インスタント"}, {"flavorText": "「主菜十分丰盛，经过悉心发酵，且配有丝滑眼泥。你一定要尝一口。」\n～巫妖女王瓦理娜", "identifiers": {"multiverseId": "597702", "scryfallId": "8aecde87-ffb4-4da3-9cbb-3a836d35e1c7"}, "language": "Chinese Simplified", "multiverseId": 597702, "name": "食尸鬼盛宴", "text": "目标生物得+X/+0直到回合结束，X为你坟墓场中的生物牌数量。", "type": "瞬间"}], "frameVersion": "2015", "hasFoil": false, "hasNonFoil": true, "identifiers": {"cardsphereId": "97349", "mcmId": "686930", "mcmMetaId": "2319", "mtgjsonV4Id": "8fc83528-2f8e-5f9b-8881-79822a08888c", "multiverseId": "597502", "scryfallCardBackId": "0aeebaf5-8c7d-4636-9e82-8c27447861f7", "scryfallId": "be82e102-b62d-4590-85d4-dd9b5811510d", "scryfallIllustrationId": "5c808564-2dcc-471f-9269-27d9afea4c30", "scryfallOracleId": "042e0533-faf4-475e-be7b-438d23c6e605", "tcgplayerProductId": "455343"}, "isFoil": false, "isReprint": true, "language": "English", "layout": "normal", "legalities": {"commander": "Legal", "duel": "Legal", "legacy": "Legal", "oathbreaker": "Legal", "pauper": "Legal", "paupercommander": "Legal", "predh": "Legal", "premodern": "Legal", "vintage": "Legal"}, "manaCost": "{1}{B}", "manaValue": 2.0, "name": "Ghoul's Feast", "number": "120", "originalText": "Target creature gets +X/+0 until end of turn, where X is the number of creature cards in your graveyard.", "originalType": "Instant", "printings": ["DDJ", "J22", "MMQ"], "purchaseUrls": {"cardmarket": "https://mtgjson.com/links/c71d394727ba3595", "tcgplayer": "https://mtgjson.com/links/64b3ef6f1a79639b"}, "rarity": "common", "setCode": "J22", "sourceProducts": {"nonfoil": ["31fd15cb-48ac-52b8-8f3c-84968a601869"]}, "subtypes": [], "supertypes": [], "text": "Target creature gets +X/+0 until end of turn, where X is the number of creature cards in your graveyard.", "type": "Instant", "types": ["Instant"], "uuid": "21022eb6-a898-5d6e-8cb7-877718d43de8"}, {"artist": "Magali Villeneuve", "artistIds": ["9e6a55ae-be4d-4c23-a2a5-135737ffd879"], "availability": ["paper"], "boosterTypes": ["default"], "borderColor": "black", "colorIdentity": ["B"], "colors": ["B"], "convertedManaCost": 2.0, "count": 1, "edhrecRank": 5998, "edhrecSaltiness": 0.05, "finishes": ["nonfoil"], "flavorText": "\"The distraction of your life has ended. Now your service begins.\"\n—Kalitas, thrall of Ulamog", "foreignData": [{"flavorText": "„Dein Leben ist zu Ende. Nun beginnt dein Dienst.\"\n—Kalitas, Ulamogs Knecht", "identifiers": {"multiverseId": "594046", "scryfallId": "fbce7064-636b-4c58-952a-596ac4acfa77"}, "language": "German", "multiverseId": 594046, "name": "Leichen aufwühlen", "text": "Du millst drei Karten. Dann kannst du eine Kreaturenkarte aus deinem Friedhof auf deine Hand zurückbringen. (Um eine Karte zu millen, lege die oberste Karte deiner Bibliothek auf deinen Friedhof.)", "type": "Spontanzauber"}, {"flavorText": "\"La distracción que suponía tu vida ha terminado; ahora comienza tu servicio\".\n—Kalitas, esclavo de Ulamog", "identifiers": {"multiverseId": "594163", "scryfallId": "5fd270b4-4c70-4be6-b272-1159dbaf86ea"}, "language": "Spanish", "multiverseId": 594163, "name": "Agitación cadavérica", "text": "Muele tres cartas, luego puedes regresar una carta de criatura de tu cementerio a tu mano. (Para moler una carta, pon la primera carta de tu biblioteca en tu cementerio.)", "type": "Instantáneo"}, {"flavorText": "« Les distractions de la vie sont terminées pour toi. Ton engagement commence. »\n—Kalitas, serviteur d'Ulamog", "identifiers": {"multiverseId": "594280", "scryfallId": "ccc44ee1-9bd0-480a-9de8-9839c0d28939"}, "language": "French", "multiverseId": 594280, "name": "Barratement cadavérique", "text": "Meulez trois cartes, puis vous pouvez renvoyer une carte de créature depuis votre cimetière dans votre main. (Pour meuler une carte, mettez la carte du dessus de votre bibliothèque dans votre cimetière.)", "type": "Éphémère"}, {"flavorText": "\"La distrazione della vita è terminata. Ora ha inizio il tuo servizio.\"\n—Kalitas, schiavo di Ulamog", "identifiers": {"multiverseId": "594397", "scryfallId": "0d406e47-a8f7-4595-9554-525aa55cbe22"}, "language": "Italian", "multiverseId": 594397, "name": "Estrazione di Cadaveri", "text": "Macina tre carte, poi puoi riprendere in mano una carta creatura dal tuo cimitero. (Per macinare una carta, metti nel tuo cimitero la prima carta del tuo grimorio.)", "type": "Istantaneo"}, {"flavorText": "「怠惰な人生は終わった。ここからは本気で働いてもらおうか。」\n――ウラモグの奴僕、カリタス", "identifiers": {"multiverseId": "594514", "scryfallId": "ada62718-b760-4949-9d37-e98a4372bf41"}, "language": "Japanese", "multiverseId": 594514, "name": "屍体の攪拌", "text": "カード３枚を切削する。その後、あなたはあなたの墓地にあるクリーチャー・カード１枚をあなたの手札に戻してもよい。（カードを切削するとは、あなたのライブラリーの一番上にあるカードをあなたの墓地に置くことである。）", "type": "インスタント"}, {"flavorText": "「你生命已逝，便再无需分神。从现在开始好好为我卖命。」\n～钨拉莫鬼卒卡力塔", "identifiers": {"multiverseId": "594865", "scryfallId": "4816fa00-c0d5-4751-9e78-db01296a3451"}, "language": "Chinese Simplified", "multiverseId": 594865, "name": "尸体翻搅", "text": "磨三张牌，然后你可以将一张生物牌从你的坟墓场移回你手上。（磨一张牌的流程是将你牌库顶的牌置入你的坟墓场。）", "type": "瞬间"}], "frameVersion": "2015", "hasFoil": false, "hasNonFoil": true, "identifiers": {"cardsphereId": "97350", "mcmId": "686951", "mcmMetaId": "221502", "mtgjsonV4Id": "61d15e0b-2cb1-5232-85e1-8e00edab99fb", "multiverseId": "593929", "scryfallCardBackId": "0aeebaf5-8c7d-4636-9e82-8c27447861f7", "scryfallId": "a135d748-0da5-4ec4-a7cc-b0b731cb272c", "scryfallIllustrationId": "4889b2b0-48c0-46d4-aaec-e0125266c6d9", "scryfallOracleId": "e2aeac0b-af74-4c47-9ac1-51fbf869c95f", "tcgplayerProductId": "455407"}, "isFoil": false, "isReprint": true, "keywords": ["Mill"], "language": "English", "layout": "normal", "legalities": {"brawl": "Legal", "commander": "Legal", "duel": "Legal", "explorer": "Legal", "gladiator": "Legal", "historic": "Legal", "legacy": "Legal", "modern": "Legal", "oathbreaker": "Legal", "pauper": "Legal", "paupercommander": "Legal", "penny": "Legal", "pioneer": "Legal", "timeless": "Legal", "vintage": "Legal"}, "manaCost": "{1}{B}", "manaValue": 2.0, "name": "Corpse Churn", "number": "389", "originalText": "Mill three cards, then you may return a creature card from your graveyard to your hand. (To mill a card, put the top card of your library into your graveyard.)", "originalType": "Instant", "printings": ["CLU", "CMR", "IKO", "J22", "OGW"], "purchaseUrls": {"cardmarket": "https://mtgjson.com/links/9223b43997ed7daf", "tcgplayer": "https://mtgjson.com/links/c16571486dfa0e49"}, "rarity": "common", "rulings": [{"date": "2020-11-10", "text": "Because Corpse Churn doesn't target the creature card in your graveyard, you may choose one of the three cards you put there from your library if applicable."}], "setCode": "J22", "sourceProducts": {"nonfoil": ["31fd15cb-48ac-52b8-8f3c-84968a601869"]}, "subtypes": [], "supertypes": [], "text": "Mill three cards, then you may return a creature card from your graveyard to your hand. (To mill three cards, put the top three cards of your library into your graveyard.)", "type": "Instant", "types": ["Instant"], "uuid": "0c50e594-fd6f-5b29-8be9-ee9d32c88458"}, {"artist": "Titus Lunter", "artistIds": ["b11e6b3a-f4ca-4cf1-8fd7-475696de5f5c"], "availability": ["paper"], "boosterTypes": ["default"], "borderColor": "black", "colorIdentity": ["B"], "colors": [], "convertedManaCost": 0.0, "count": 1, "edhrecRank": 1334, "edhrecSaltiness": 0.09, "finishes": ["nonfoil"], "flavorText": "Beauty appears in strange places for those with eyes to see it.", "foreignData": [{"flavorText": "Schönheit zeigt sich denen, die sie erkennen können, an merkwürdigen Orten.", "identifiers": {"multiverseId": "596330", "scryfallId": "488d4a50-2cdb-45d6-86dc-18c063a782f8"}, "language": "German", "multiverseId": 596330, "name": "Gedeihendes Moor", "text": "Das Gedeihende Moor kommt getappt ins Spiel.\nSowie das Gedeihende Moor ins Spiel kommt, bestimme eine Farbe außer Schwarz.\n{T}: Erzeuge {B} oder ein Mana der bestimmten Farbe.", "type": "Land"}, {"flavorText": "Los que ven la belleza son capaces de vislumbrarla en lugares extraños.", "identifiers": {"multiverseId": "596417", "scryfallId": "67945bd5-5809-4de5-af58-00b2b27de04b"}, "language": "Spanish", "multiverseId": 596417, "name": "Páramo floreciente", "text": "El Páramo floreciente entra al campo de batalla girado.\nEn cuanto el Páramo floreciente entre al campo de batalla, elige un color que no sea negro.\n{T}: Agrega {B} o un maná del color elegido.", "type": "Tierra"}, {"flavorText": "La beauté perle dans des endroits étranges pour ceux qui peuvent la voir.", "identifiers": {"multiverseId": "596504", "scryfallId": "268c5510-aeec-4390-ac8d-5491ee5f6233"}, "language": "French", "multiverseId": 596504, "name": "Lande prospère", "text": "La Lande prospère arrive sur le champ de bataille engagée.\nAu moment où la Lande prospère arrive sur le champ de bataille, choisissez une couleur autre que le noir.\n{T} : Ajoutez {B} ou un mana de la couleur choisie.", "type": "Terrain"}, {"flavorText": "La bellezza si manifesta in luoghi insoliti per chi ha occhi per vederla.", "identifiers": {"multiverseId": "596591", "scryfallId": "00dd159c-00af-48b3-8152-df5cbd462dc6"}, "language": "Italian", "multiverseId": 596591, "name": "Landa Florida", "text": "La Landa Florida entra nel campo di battaglia TAPpata.\nMentre la Landa Florida entra nel campo di battaglia, scegli un colore diverso dal nero.\n{T}: Aggiungi {B} o un mana del colore scelto.", "type": "Terra"}, {"flavorText": "奇妙な場所にも美は存在し、見る目を持つものを楽しませる。", "identifiers": {"multiverseId": "596678", "scryfallId": "3d22d8a9-a792-4e90-92a0-a07ff176c6a2"}, "language": "Japanese", "multiverseId": 596678, "name": "興隆する湿地帯", "text": "興隆する湿地帯はタップ状態で戦場に出る。\n興隆する湿地帯が戦場に出るに際し、黒でない色１色を選ぶ。\n{T}：{B}か、その選ばれた色のマナ１点を加える。", "type": "土地"}, {"flavorText": "此地美景尽藏奇异之处，唯眼光独到者方能得见。", "identifiers": {"multiverseId": "596939", "scryfallId": "1b8302dd-6a7e-418c-9e0c-6569acf96a23"}, "language": "Chinese Simplified", "multiverseId": 596939, "name": "兴旺湿地", "text": "兴旺湿地须横置进战场。\n于兴旺湿地进战场时，选择一种黑色以外的颜色。\n{T}：加{B}或一点所选颜色的法术力。", "type": "地"}], "frameVersion": "2015", "hasFoil": false, "hasNonFoil": true, "identifiers": {"cardsphereId": "96953", "mcmId": "687388", "mcmMetaId": "308424", "mtgjsonV4Id": "e1cbbac8-13c9-5e52-9473-16907c701136", "multiverseId": "596243", "scryfallCardBackId": "0aeebaf5-8c7d-4636-9e82-8c27447861f7", "scryfallId": "26096a40-fc6a-42ce-acbf-ce0ebc4ad3b4", "scryfallIllustrationId": "32169745-104e-4652-8f72-b45f3dea67ff", "scryfallOracleId": "bff416bb-d193-4c45-b2c1-7c297dbfad08", "tcgplayerProductId": "455203"}, "isFoil": false, "isReprint": true, "language": "English", "layout": "normal", "legalities": {"brawl": "Legal", "commander": "Legal", "duel": "Legal", "gladiator": "Legal", "historic": "Legal", "legacy": "Legal", "oathbreaker": "Legal", "pauper": "Legal", "paupercommander": "Legal", "timeless": "Legal", "vintage": "Legal"}, "manaValue": 0.0, "name": "Thriving Moor", "number": "826", "originalText": "Thriving Moor enters the battlefield tapped.\nAs Thriving Moor enters the battlefield, choose a color other than black.\n{T}: Add {B} or one mana of the chosen color.", "originalType": "Land", "printings": ["AFC", "CLU", "CMM", "J22", "JMP", "LCC", "MOC", "NCC", "WHO"], "purchaseUrls": {"cardmarket": "https://mtgjson.com/links/9db7e9c5189d0f86", "tcgplayer": "https://mtgjson.com/links/40f436b4b52abbe3"}, "rarity": "common", "setCode": "J22", "sourceProducts": {"nonfoil": ["31fd15cb-48ac-52b8-8f3c-84968a601869"]}, "subtypes": [], "supertypes": [], "text": "Thriving Moor enters tapped. As it enters, choose a color other than black.\n{T}: Add {B} or one mana of the chosen color.", "type": "Land", "types": ["Land"], "uuid": "22a8fe67-ad5e-56fc-940e-cc5ea4e71f45"}, {"artist": "Mike Bierek", "artistIds": ["e5f52ef5-1a2e-4128-90b0-ccc71cd47ea7"], "availability": ["paper"], "boosterTypes": ["default"], "borderColor": "black", "colorIdentity": ["B"], "colors": [], "convertedManaCost": 0.0, "count": 7, "edhrecSaltiness": 0.29, "finishes": ["nonfoil"], "foreignData": [{"identifiers": {"multiverseId": "597766", "scryfallId": "8e9e1f52-4e30-4977-ad28-65e4918b7017"}, "language": "German", "multiverseId": 597766, "name": "Sumpf", "type": "Standardland — Sumpf"}, {"identifiers": {"multiverseId": "597781", "scryfallId": "c5885592-2b9e-4e0d-a539-6e1c051680e0"}, "language": "Spanish", "multiverseId": 597781, "name": "Pantano", "type": "Tierra básica — Pantano"}, {"identifiers": {"multiverseId": "597796", "scryfallId": "8044accf-d0be-4d87-9531-304abfd6063f"}, "language": "French", "multiverseId": 597796, "name": "Marais", "type": "Terrain de base : marais"}, {"identifiers": {"multiverseId": "597811", "scryfallId": "dcaf1bbe-f98a-4758-a728-eba222813848"}, "language": "Italian", "multiverseId": 597811, "name": "Palude", "type": "Terra Base — Palude"}, {"identifiers": {"multiverseId": "597826", "scryfallId": "c83e0d18-377a-4e90-a15f-01c9d06ac821"}, "language": "Japanese", "multiverseId": 597826, "name": "沼", "type": "基本土地 — 沼"}, {"identifiers": {"multiverseId": "597871", "scryfallId": "e73d1fa2-2456-4eac-9351-7166c2a8824d"}, "language": "Chinese Simplified", "multiverseId": 597871, "name": "沼泽", "type": "基本地 ～沼泽"}], "frameVersion": "2015", "hasFoil": false, "hasNonFoil": true, "identifiers": {"cardsphereId": "97094", "mtgjsonV4Id": "9d750502-f5d6-5170-8e1e-af549b26f409", "multiverseId": "597751", "scryfallCardBackId": "0aeebaf5-8c7d-4636-9e82-8c27447861f7", "scryfallId": "42fec83d-8260-478e-a20f-94d265036e31", "scryfallIllustrationId": "e7e7a627-2665-427d-96b6-1268f860c898", "scryfallOracleId": "56719f6a-1a6c-4c0a-8d21-18f7d7350b68", "tcgplayerProductId": "455126"}, "isFoil": false, "isReprint": true, "language": "English", "layout": "normal", "legalities": {"alchemy": "Legal", "brawl": "Legal", "commander": "Legal", "duel": "Legal", "explorer": "Legal", "future": "Legal", "gladiator": "Legal", "historic": "Legal", "legacy": "Legal", "modern": "Legal", "oathbreaker": "Legal", "pauper": "Legal", "paupercommander": "Legal", "penny": "Legal", "pioneer": "Legal", "predh": "Legal", "premodern": "Legal", "standard": "Legal", "standardbrawl": "Legal", "timeless": "Legal", "vintage": "Legal"}, "manaValue": 0.0, "name": "Swamp", "number": "104", "originalType": "Basic Land — Swamp", "printings": ["10E", "2ED", "2XM", "30A", "3ED", "40K", "4BB", "4ED", "5ED", "6ED", "7ED", "8ED", "9ED", "ACR", "AFR", "AKH", "AKR", "ALA", "ANA", "ANB", "ARC", "ATH", "AVR", "BBD", "BFZ", "BLB", "BRB", "BRC", "BRO", "BTD", "C13", "C14", "C15", "C16", "C17", "C18", "C19", "CED", "CEI", "CHK", "CLB", "CLU", "CM2", "CMA", "CMD", "CMM", "CST", "DDC", "DDD", "DDE", "DDH", "DDJ", "DDK", "DDM", "DDN", "DDP", "DDQ", "DDR", "DKM", "DMR", "DMU", "DOM", "DPA", "DSK", "DTK", "DVD", "E01", "ELD", "FBB", "FDN", "FRF", "G17", "GK1", "GK2", "GN2", "GN3", "GNT", "GRN", "GVL", "H09", "HBG", "HOP", "HOU", "ICE", "IKO", "INV", "ISD", "ITP", "J14", "J22", "JMP", "KHM", "KLD", "KLR", "KTK", "LCI", "LEA", "LEB", "LRW", "LTR", "M10", "M11", "M12", "M13", "M14", "M15", "M19", "M20", "M21", "MBS", "MD1", "ME1", "ME3", "MH2", "MH3", "MID", "MIR", "MKM", "MMQ", "MOM", "MRD", "NEO", "NPH", "ODY", "OLEP", "ONE", "ONS", "ORI", "OTJ", "P02", "P23", "PAL00", "PAL01", "PAL03", "PAL04", "PAL05", "PAL06", "PAL99", "PALP", "PANA", "PARL", "PC2", "PCA", "PD3", "PELP", "PF19", "PF20", "PGPX", "PGRU", "PHUK", "PIP", "PLST", "PMPS", "PMPS06", "PMPS07", "PMPS08", "PMPS09", "PMPS10", "PMPS11", "POR", "PPP1", "PRM", "PRW2", "PRWK", "PS11", "PSAL", "PSS2", "PSS3", "PSS4", "PTC", "PTK", "RAV", "REX", "RIX", "RNA", "ROE", "RQS", "RTR", "S99", "SCD", "SHM", "SIR", "SLD", "SNC", "SOI", "SOM", "STX", "SUM", "TD0", "TD2", "THB", "THS", "TMP", "TPR", "TSP", "UGL", "UND", "UNF", "UNH", "USG", "UST", "VOW", "WAR", "WC01", "WC02", "WC03", "WC97", "WC98", "WC99", "WHO", "WOE", "XANA", "XLN", "ZEN", "ZNR"], "purchaseUrls": {"tcgplayer": "https://mtgjson.com/links/e48594afa002517c"}, "rarity": "common", "setCode": "J22", "sourceProducts": {"nonfoil": ["31fd15cb-48ac-52b8-8f3c-84968a601869"]}, "subtypes": ["Swamp"], "supertypes": ["Basic"], "text": "({T}: Add {B}.)", "type": "Basic Land — Swamp", "types": ["Land"], "uuid": "093129a3-934b-56cd-a114-4f90aeb254af", "variations": ["15996ac2-4d38-58bf-9d76-b1267c4bb75c", "0d43138e-22ce-505d-af04-d6e80c162104"]}], "name": "Boneyard 2", "releaseDate": "2022-12-02", "sealedProductUuids": null, "sideBoard": [], "type": "Jumpstart"}}