{"meta": {"date": "2024-09-03", "version": "5.2.2+20240903"}, "data": {"code": "CLU", "commander": [], "mainBoard": [{"artist": "Randy Vargas", "artistIds": ["d20672ca-0555-4238-a984-fd171d36b247"], "availability": ["mtgo", "paper"], "borderColor": "black", "colorIdentity": ["R"], "colors": ["R"], "convertedManaCost": 1.0, "count": 1, "edhrecRank": 11690, "edhrecSaltiness": 0.08, "finishes": ["nonfoil"], "flavorText": "The upside to not thinking about the consequences is that you'll always surprise those who do.", "foreignData": [], "frameVersion": "2015", "hasFoil": false, "hasNonFoil": true, "identifiers": {"cardsphereId": "116384", "mcmId": "752648", "mtgjsonV4Id": "6d648174-9a28-555d-898c-822b5ac2f145", "mtgoId": "123054", "multiverseId": "651870", "scryfallCardBackId": "0aeebaf5-8c7d-4636-9e82-8c27447861f7", "scryfallId": "b4353a85-9017-438d-b15b-a1527667bb08", "scryfallIllustrationId": "5e6e5eb1-ef91-4a10-bd2a-1002b3dc67d4", "scryfallOracleId": "6ac470a1-c2be-4971-a5ca-10bb189ebe4d", "tcgplayerProductId": "534596"}, "isFoil": false, "isReprint": true, "isStarter": true, "language": "English", "layout": "normal", "legalities": {"commander": "Legal", "duel": "Legal", "legacy": "Legal", "modern": "Legal", "oathbreaker": "Legal", "pauper": "Legal", "paupercommander": "Legal", "penny": "Legal", "pioneer": "Legal", "predh": "Legal", "vintage": "Legal"}, "manaCost": "{R}", "manaValue": 1.0, "name": "Frenzied Goblin", "number": "135", "originalText": "Whenever Frenzied Goblin attacks, you may pay {R}. If you do, target creature can't block this turn.", "originalType": "Creature — Goblin Berserker", "power": "1", "printings": ["A25", "CLU", "DDN", "F15", "GK1", "J22", "M15", "PRM", "PSAL", "RAV"], "purchaseUrls": {"tcgplayer": "https://mtgjson.com/links/b13b84c95447cf63"}, "rarity": "uncommon", "rulings": [{"date": "2018-03-16", "text": "Frenzied Goblin's ability has only one target. You can't pay {R} multiple times to stop multiple creatures from blocking."}], "setCode": "CLU", "sourceProducts": {"nonfoil": ["45e240fd-e8ad-5862-b176-78af37af1905"]}, "subtypes": ["Goblin", "Berserker"], "supertypes": [], "text": "Whenever Frenzied Goblin attacks, you may pay {R}. If you do, target creature can't block this turn.", "toughness": "1", "type": "Creature — Goblin Berserker", "types": ["Creature"], "uuid": "48a55f50-7463-5282-b904-a104ee74981c"}, {"artist": "Christopher Rush", "artistIds": ["c96773f0-346c-4f7d-9271-2d98cc5d86e1"], "availability": ["mtgo", "paper"], "borderColor": "black", "colorIdentity": ["R"], "colors": ["R"], "convertedManaCost": 2.0, "count": 1, "edhrecRank": 24176, "finishes": ["nonfoil"], "flavorText": "He wages war wherever the wind carries him.", "foreignData": [], "frameVersion": "2015", "hasFoil": false, "hasNonFoil": true, "identifiers": {"cardsphereId": "116404", "mcmId": "753103", "mtgjsonV4Id": "5532d1ea-cae4-5da9-95ee-9ef8a76956cc", "mtgoId": "123090", "multiverseId": "651888", "scryfallCardBackId": "0aeebaf5-8c7d-4636-9e82-8c27447861f7", "scryfallId": "19098bc5-c5bc-4cef-9c73-1d5f3e0ac4e1", "scryfallIllustrationId": "e671bbb5-a8a6-4680-be5a-442cadda4edb", "scryfallOracleId": "58e754ad-88b4-47c5-b105-8b50e54143c8", "tcgplayerProductId": "535105"}, "isFoil": false, "isReprint": true, "isStarter": true, "keywords": ["Flying"], "language": "English", "layout": "normal", "legalities": {"commander": "Legal", "duel": "Legal", "legacy": "Legal", "modern": "Legal", "oathbreaker": "Legal", "pauper": "Legal", "paupercommander": "Legal", "predh": "Legal", "vintage": "Legal"}, "manaCost": "{1}{R}", "manaValue": 2.0, "name": "Utvara Scalper", "number": "153", "originalText": "Flying\nUtvara Scalper attacks each combat if able.", "originalType": "Creature — Goblin Scout", "power": "1", "printings": ["CLU", "DIS"], "purchaseUrls": {"tcgplayer": "https://mtgjson.com/links/71a43d0fa25eb564"}, "rarity": "common", "setCode": "CLU", "sourceProducts": {"nonfoil": ["45e240fd-e8ad-5862-b176-78af37af1905"]}, "subtypes": ["Goblin", "Scout"], "supertypes": [], "text": "Flying\nUtvara Scalper attacks each combat if able.", "toughness": "2", "type": "Creature — Goblin Scout", "types": ["Creature"], "uuid": "239b421d-ba7c-57fb-91dc-3a7c408b46cb"}, {"artist": "Lucas Graciano", "artistIds": ["ce98f39c-7cdd-47e6-a520-6c50443bb4c2"], "availability": ["mtgo", "paper"], "borderColor": "black", "colorIdentity": ["R"], "colors": ["R"], "convertedManaCost": 2.0, "count": 1, "edhrecRank": 1861, "edhrecSaltiness": 0.08, "finishes": ["nonfoil"], "flavorText": "Krenko's hirelings are unflinchingly loyal.", "foreignData": [], "frameVersion": "2015", "hasFoil": false, "hasNonFoil": true, "identifiers": {"cardsphereId": "116390", "mcmId": "753206", "mtgjsonV4Id": "7e751c52-2a2b-5fa6-83f1-dd851c87b50b", "mtgoId": "123062", "multiverseId": "651874", "scryfallCardBackId": "0aeebaf5-8c7d-4636-9e82-8c27447861f7", "scryfallId": "b07d96a1-87a0-45ff-ae6e-230deaf44dca", "scryfallIllustrationId": "4c60a430-9063-491a-80e2-dbc5ae1705a9", "scryfallOracleId": "9cfe86ae-eebe-44aa-a956-4b3e9e621105", "tcgplayerProductId": "535222"}, "isFoil": false, "isReprint": true, "isStarter": true, "language": "English", "layout": "normal", "legalities": {"brawl": "Legal", "commander": "Legal", "duel": "Legal", "gladiator": "Legal", "historic": "Legal", "legacy": "Legal", "modern": "Legal", "oathbreaker": "Legal", "pauper": "Legal", "paupercommander": "Legal", "timeless": "Legal", "vintage": "Legal"}, "manaCost": "{1}{R}", "manaValue": 2.0, "name": "Krenko's Command", "number": "139", "originalText": "Create two 1/1 red Goblin creature tokens.", "originalType": "Sorcery", "printings": ["CLU", "DDN", "DDT", "J21", "M13", "PLST", "RVR"], "purchaseUrls": {"tcgplayer": "https://mtgjson.com/links/1cd793edc216b159"}, "rarity": "common", "setCode": "CLU", "sourceProducts": {"nonfoil": ["45e240fd-e8ad-5862-b176-78af37af1905"]}, "subtypes": [], "supertypes": [], "text": "Create two 1/1 red Goblin creature tokens.", "type": "Sorcery", "types": ["Sorcery"], "uuid": "842b1caa-1be0-5000-b9c3-f0afe70c1527"}, {"artist": "Tyler Jacobson", "artistIds": ["522af130-8db4-4b4b-950c-6e2b246339cf"], "availability": ["mtgo", "paper"], "borderColor": "black", "colorIdentity": ["R"], "colors": ["R"], "convertedManaCost": 2.0, "count": 1, "edhrecRank": 21347, "finishes": ["nonfoil"], "flavorText": "The flaming fist of Boros holds the promise of both protection and destruction in its grasp.", "foreignData": [], "frameVersion": "2015", "hasFoil": false, "hasNonFoil": true, "identifiers": {"cardsphereId": "116383", "mcmId": "752650", "mtgjsonV4Id": "a92312a8-1865-576a-9072-ede201afd780", "mtgoId": "123052", "multiverseId": "651869", "scryfallCardBackId": "0aeebaf5-8c7d-4636-9e82-8c27447861f7", "scryfallId": "6a6912e1-ec9a-4db7-a0fc-2cb91f740b80", "scryfallIllustrationId": "158c484f-b962-4829-add7-eab8d41401d8", "scryfallOracleId": "a017ab43-7d73-441a-8931-2a038306083f", "tcgplayerProductId": "534599"}, "isFoil": false, "isReprint": true, "isStarter": true, "keywords": ["Battalion"], "language": "English", "layout": "normal", "legalities": {"commander": "Legal", "duel": "Legal", "legacy": "Legal", "modern": "Legal", "oathbreaker": "Legal", "paupercommander": "Restricted", "penny": "Legal", "pioneer": "Legal", "vintage": "Legal"}, "manaCost": "{1}{R}", "manaValue": 2.0, "name": "Firefist Striker", "number": "134", "originalText": "Battalion — Whenever Firefist Striker and at least two other creatures attack, target creature can't block this turn.", "originalType": "Creature — Human Soldier", "power": "2", "printings": ["CLU", "GTC"], "purchaseUrls": {"tcgplayer": "https://mtgjson.com/links/d873b240863c9528"}, "rarity": "uncommon", "rulings": [{"date": "2013-04-15", "text": "Once a battalion ability has triggered, it doesn't matter how many creatures are still attacking when that ability resolves."}, {"date": "2013-04-15", "text": "The effects of battalion abilities vary from card to card. Read each card carefully."}, {"date": "2024-01-12", "text": "The three attacking creatures don't have to be attacking the same player, planeswalker, or battle."}], "setCode": "CLU", "sourceProducts": {"nonfoil": ["45e240fd-e8ad-5862-b176-78af37af1905"]}, "subtypes": ["Human", "Soldier"], "supertypes": [], "text": "Battalion — Whenever Firefist Striker and at least two other creatures attack, target creature can't block this turn.", "toughness": "1", "type": "Creature — Human Soldier", "types": ["Creature"], "uuid": "559bdd13-6b07-565c-82d8-c5a8849447e0", "watermark": "boros"}, {"artist": "Tyler Walpole", "artistIds": ["70c4c8c7-61a8-44e7-8fb1-161b7f943e7e"], "availability": ["mtgo", "paper"], "borderColor": "black", "colorIdentity": ["R"], "colors": ["R"], "convertedManaCost": 3.0, "count": 1, "edhrecRank": 22229, "finishes": ["nonfoil"], "flavorText": "\"By all means, take another step toward the captain.\"", "foreignData": [], "frameVersion": "2015", "hasFoil": false, "hasNonFoil": true, "identifiers": {"cardsphereId": "116405", "mcmId": "752655", "mtgjsonV4Id": "b0398f7d-edba-590d-b276-399e64013332", "mtgoId": "123092", "multiverseId": "651889", "scryfallCardBackId": "0aeebaf5-8c7d-4636-9e82-8c27447861f7", "scryfallId": "08e3015b-9c76-484e-9d28-0fbdeb982605", "scryfallIllustrationId": "04a27004-cab2-49ac-ba94-f46ca53fe0c2", "scryfallOracleId": "8de57b66-cb97-44e4-8c0d-8ecf3202c299", "tcgplayerProductId": "534602"}, "isFoil": false, "isReprint": true, "isStarter": true, "keywords": ["Mentor"], "language": "English", "layout": "normal", "legalities": {"brawl": "Legal", "commander": "Legal", "duel": "Legal", "explorer": "Legal", "gladiator": "Legal", "historic": "Legal", "legacy": "Legal", "modern": "Legal", "oathbreaker": "Legal", "pauper": "Legal", "paupercommander": "Legal", "penny": "Legal", "pioneer": "Legal", "timeless": "Legal", "vintage": "Legal"}, "manaCost": "{2}{R}", "manaValue": 3.0, "name": "Wojek Bodyguard", "number": "154", "originalText": "Mentor (Whenever this creature attacks, put a +1/+1 counter on target attacking creature with lesser power.)\nWojek Bodyguard can't attack or block alone.", "originalType": "Creature — Human Soldier", "power": "3", "printings": ["CLU", "GRN", "PLST", "RVR"], "purchaseUrls": {"tcgplayer": "https://mtgjson.com/links/8821e31d954b206c"}, "rarity": "common", "rulings": [{"date": "2018-10-05", "text": "If the creature with mentor leaves the battlefield with mentor on the stack, use its power as that creature last existed on the battlefield to determine whether the target creature has less power."}, {"date": "2018-10-05", "text": "If the target creature's power is no longer less than the attacking creature's power as the ability resolves, mentor doesn't add a +1/+1 counter. For example, if two 3/3 creatures with mentor attack and both mentor triggers target the same 2/2 creature, the first to resolve puts a +1/+1 counter on it and the second does nothing."}, {"date": "2018-10-05", "text": "Mentor compares the power of the creature with mentor with that of the target creature at two different times: once as the triggered ability is put onto the stack, and once as the triggered ability resolves. If you wish to raise a creature's power so its mentor ability can target a bigger creature, the last chance you have to do so is during the beginning of combat step."}, {"date": "2024-01-12", "text": "Although Wojek Bodyguard can't attack alone, other attacking creatures don't have to attack the same player, planeswalker, or battle. For example, Wojek Bodyguard could attack an opponent and another creature could attack a planeswalker that opponent controls. Similarly, other blocking creatures don't have to block the same creature that Wojek Bodyguard blocks."}, {"date": "2024-01-12", "text": "If an effect says that Wojek Bodyguard attacks or blocks if able and you control another creature able to attack or block, you must attack or block with Wojek Bodyguard and another creature."}, {"date": "2024-01-12", "text": "If you control more than one Wojek Bodyguard, they can attack or block together, even if no other creatures attack or block."}, {"date": "2024-01-12", "text": "In a Two-Headed Giant game, Wojek Bodyguard can attack or block with a creature controlled by your teammate, even if no other creatures you control are attacking or blocking."}, {"date": "2024-01-12", "text": "Once Wojek Bodyguard has attacked or blocked, it will remain in combat even if you no longer control another attacking or blocking creature."}], "setCode": "CLU", "sourceProducts": {"nonfoil": ["45e240fd-e8ad-5862-b176-78af37af1905"]}, "subtypes": ["Human", "Soldier"], "supertypes": [], "text": "Mentor (Whenever this creature attacks, put a +1/+1 counter on target attacking creature with lesser power.)\nWojek Bodyguard can't attack or block alone.", "toughness": "3", "type": "Creature — Human Soldier", "types": ["Creature"], "uuid": "3386bcd3-cfc2-51ec-b84b-43377a693f3b", "watermark": "boros"}, {"artist": "Loïc Canavaggia", "artistIds": ["f1e2e10b-08be-4e92-8f50-95a72850a811"], "availability": ["mtgo", "paper"], "borderColor": "black", "colorIdentity": ["R", "W"], "colors": ["R", "W"], "convertedManaCost": 3.0, "count": 1, "edhrecRank": 23986, "finishes": ["nonfoil"], "flavorText": "The recruits had a lot to learn. Luckily, she had a lot to teach.", "foreignData": [], "frameVersion": "2015", "hasFoil": false, "hasNonFoil": true, "identifiers": {"cardsphereId": "116229", "mcmId": "752676", "mtgjsonV4Id": "c51b891e-57cb-596a-8e9c-e130c3e8302c", "mtgoId": "123386", "multiverseId": "651774", "scryfallCardBackId": "0aeebaf5-8c7d-4636-9e82-8c27447861f7", "scryfallId": "78413e47-f3e3-483a-b6c7-0cf0200a8c9c", "scryfallIllustrationId": "710c36a7-fa71-4831-9cc7-53e12a951bdb", "scryfallOracleId": "56c8b610-0753-45ce-b1cc-6a5e58538286", "tcgplayerProductId": "534557"}, "isFoil": false, "isStarter": true, "keywords": ["Mentor"], "language": "English", "layout": "normal", "legalities": {"commander": "Legal", "duel": "Legal", "legacy": "Legal", "oathbreaker": "Legal", "paupercommander": "Restricted", "vintage": "Legal"}, "manaCost": "{2}{R/W}", "manaValue": 3.0, "name": "Ordruun Mentor", "number": "39", "originalText": "Mentor (Whenever this creature attacks, put a +1/+1 counter on target attacking creature with lesser power.)\nWhenever you attack a player, target creature that's attacking that player gains first strike until end of turn.", "originalType": "Creature — Minotaur Soldier", "power": "3", "printings": ["CLU"], "purchaseUrls": {"tcgplayer": "https://mtgjson.com/links/3cec80ca4074f458"}, "rarity": "uncommon", "rulings": [{"date": "2024-02-02", "text": "If the creature with mentor leaves the battlefield with the mentor ability on the stack, use its power as that creature last existed on the battlefield to determine whether the target creature has lesser power."}, {"date": "2024-02-02", "text": "If the target creature's power is no longer less than the attacking creature's power as the ability resolves, mentor doesn't add a +1/+1 counter. For example, if two 3/3 creatures with mentor attack and both mentor triggers target the same 2/2 creature, the first to resolve puts a +1/+1 counter on it and the second does nothing."}, {"date": "2024-02-02", "text": "Mentor compares the power of the creature with mentor with that of the target creature at two different times: once as the triggered ability is put onto the stack, and once as the triggered ability resolves. If you wish to raise a creature's power so its mentor ability can target a bigger creature, the last chance you have to do so is during the beginning of combat step."}], "setCode": "CLU", "sourceProducts": {"nonfoil": ["45e240fd-e8ad-5862-b176-78af37af1905"]}, "subtypes": ["Minotaur", "Soldier"], "supertypes": [], "text": "Mentor (Whenever this creature attacks, put a +1/+1 counter on target attacking creature with lesser power.)\nWhenever you attack a player, target creature that's attacking that player gains first strike until end of turn.", "toughness": "2", "type": "Creature — Minotaur Soldier", "types": ["Creature"], "uuid": "9abf7d82-7935-5080-a012-57b8a895f0e2", "watermark": "boros"}, {"artist": "Zoltan Boros", "artistIds": ["1885e6cb-c827-4896-994e-3d0a027d602f"], "availability": ["mtgo", "paper"], "borderColor": "black", "colorIdentity": ["R", "W"], "colors": ["R"], "convertedManaCost": 5.0, "count": 1, "edhrecRank": 26572, "finishes": ["nonfoil"], "flavorText": "\"Nothing ruins a party like one of those big killjoys bursting through the door and setting all the guests free.\"\n—Ruba, Rakdos cultist", "foreignData": [], "frameVersion": "2015", "hasFoil": false, "hasNonFoil": true, "identifiers": {"cardsphereId": "116402", "mcmId": "753176", "mtgjsonV4Id": "3091d13f-b006-5281-9d87-60ad404d4cb0", "mtgoId": "123086", "multiverseId": "651886", "scryfallCardBackId": "0aeebaf5-8c7d-4636-9e82-8c27447861f7", "scryfallId": "91e6fd0e-39a9-49e0-8faa-64ff95f867af", "scryfallIllustrationId": "9e97fa1d-6ad5-4f0f-b94d-d7e8b0f7bc6c", "scryfallOracleId": "d68adf9b-57b1-4c14-97b1-c5906dc5d29b", "tcgplayerProductId": "535188"}, "isFoil": false, "isReprint": true, "isStarter": true, "language": "English", "layout": "normal", "legalities": {"commander": "Legal", "duel": "Legal", "legacy": "Legal", "modern": "Legal", "oathbreaker": "Legal", "pauper": "Legal", "paupercommander": "Legal", "penny": "Legal", "pioneer": "Legal", "vintage": "Legal"}, "manaCost": "{4}{R}", "manaValue": 5.0, "name": "Towering Thunderfist", "number": "151", "originalText": "{W}: Towering Thunderfist gains vigilance until end of turn.", "originalType": "Creature — Giant Soldier", "power": "4", "printings": ["CLU", "GTC"], "purchaseUrls": {"tcgplayer": "https://mtgjson.com/links/00e464226a4efd09"}, "rarity": "common", "rulings": [{"date": "2013-01-24", "text": "You must activate Towering Thunderfist’s ability before you declare attackers (at the latest, during the beginning of combat step) in order to have it attack without becoming tapped."}], "setCode": "CLU", "sourceProducts": {"nonfoil": ["45e240fd-e8ad-5862-b176-78af37af1905"]}, "subtypes": ["Giant", "Soldier"], "supertypes": [], "text": "{W}: Towering Thunderfist gains vigilance until end of turn.", "toughness": "4", "type": "Creature — Giant Soldier", "types": ["Creature"], "uuid": "15519402-15dc-5ff9-be8a-d47dc377349a", "watermark": "boros"}, {"artist": "Ben Maier", "artistIds": ["7bc582c5-4733-4022-8cef-844b800be9f7"], "availability": ["mtgo", "paper"], "borderColor": "black", "colorIdentity": ["R", "W"], "colors": ["W", "R"], "convertedManaCost": 5.0, "count": 1, "edhrecRank": 15288, "faceConvertedManaCost": 1.0, "faceManaValue": 1.0, "faceName": "Integrity", "finishes": ["nonfoil"], "foreignData": [], "frameVersion": "2015", "hasFoil": false, "hasNonFoil": true, "identifiers": {"cardsphereId": "116304", "mcmId": "752688", "mtgjsonV4Id": "7bac87cb-5ff1-5b20-9609-8c8a8b4ae4ab", "mtgoId": "123192", "multiverseId": "651933", "scryfallCardBackId": "0aeebaf5-8c7d-4636-9e82-8c27447861f7", "scryfallId": "54756398-5217-4771-b647-15920cf23fe5", "scryfallIllustrationId": "d0925ff9-0837-4934-b3d9-c62fdcb3be78", "scryfallOracleId": "12f252b1-d3da-43af-ab31-0c8a6807c3c4", "tcgplayerProductId": "534635"}, "isFoil": false, "isReprint": true, "language": "English", "layout": "split", "legalities": {"brawl": "Legal", "commander": "Legal", "duel": "Legal", "explorer": "Legal", "gladiator": "Legal", "historic": "Legal", "legacy": "Legal", "modern": "Legal", "oathbreaker": "Legal", "pioneer": "Legal", "timeless": "Legal", "vintage": "Legal"}, "manaCost": "{R/W}", "manaValue": 5.0, "name": "Integrity // Intervention", "number": "198", "originalText": "Target creature gets +2/+2 until end of turn.", "originalType": "Instant", "otherFaceIds": ["96ca84a8-ae76-59c6-8d6d-84d84db482ce"], "printings": ["CLU", "GRN"], "purchaseUrls": {"tcgplayer": "https://mtgjson.com/links/4b5d6ee4de2a6db5"}, "rarity": "uncommon", "rulings": [{"date": "2018-10-05", "text": "If the chosen target is an illegal target by the time Intervention tries to resolve, the spell doesn’t resolve. You don’t gain 3 life."}], "setCode": "CLU", "side": "a", "sourceProducts": {"nonfoil": ["45e240fd-e8ad-5862-b176-78af37af1905"]}, "subtypes": [], "supertypes": [], "text": "Target creature gets +2/+2 until end of turn.", "type": "Instant", "types": ["Instant"], "uuid": "45dd32ee-04d7-5675-9cd5-87ed0e70fd22", "watermark": "boros"}, {"artist": "Svetlin Velinov", "artistIds": ["ffd063ae-c097-4f26-b2e6-b1e2137708bc"], "availability": ["mtgo", "paper"], "borderColor": "black", "colorIdentity": ["R"], "colors": ["R"], "convertedManaCost": 3.0, "count": 1, "edhrecRank": 1236, "edhrecSaltiness": 0.26, "finishes": ["nonfoil"], "foreignData": [], "frameVersion": "2015", "hasFoil": false, "hasNonFoil": true, "identifiers": {"cardsphereId": "116398", "mcmId": "753106", "mtgjsonV4Id": "9457da41-feab-5849-bfbb-477b95f90fe2", "mtgoId": "123078", "multiverseId": "651882", "scryfallCardBackId": "0aeebaf5-8c7d-4636-9e82-8c27447861f7", "scryfallId": "d91896ea-e0fd-4113-a3c6-a7811e16be46", "scryfallIllustrationId": "e21192bf-501c-4107-81f5-da06fcfad698", "scryfallOracleId": "aae76e5c-f5e0-4d18-b465-e6a829be908a", "tcgplayerProductId": "535109"}, "isFoil": false, "isReprint": true, "isStarter": true, "keywords": ["Enchant", "Goad", "Treasure"], "language": "English", "layout": "normal", "legalities": {"commander": "Legal", "duel": "Legal", "legacy": "Legal", "oathbreaker": "Legal", "pauper": "Legal", "paupercommander": "Legal", "vintage": "Legal"}, "manaCost": "{2}{R}", "manaValue": 3.0, "name": "Shiny Impetus", "number": "147", "originalText": "Enchant creature\nEnchanted creature gets +2/+2 and is goaded. (It attacks each combat if able and attacks a player other than you if able.)\nWhenever enchanted creature attacks, you create a Treasure token. (It's an artifact with \"{T}, Sacrifice this artifact: Add one mana of any color.\")", "originalType": "Enchantment — Aura", "printings": ["AFC", "C20", "CLB", "CLU", "LTC", "MKC", "OTC"], "purchaseUrls": {"tcgplayer": "https://mtgjson.com/links/fc5a580ad4cf9024"}, "rarity": "common", "rulings": [{"date": "2020-04-17", "text": "Shiny Impetus causes you to create a Treasure token, not the attacking creature's controller."}, {"date": "2023-06-30", "text": "Attacking with a goaded creature doesn't cause it to stop being goaded. If there is an additional combat phase that turn, or if another player gains control of it before it stops being goaded, it must attack again if able."}, {"date": "2023-06-30", "text": "Being goaded isn't an ability the creature has. Once it's been goaded, it must attack as detailed above even if it loses all abilities."}, {"date": "2023-06-30", "text": "If a creature you control has been goaded by multiple opponents, it must attack one of your opponents that hasn't goaded it, as that fulfills the maximum number of goad requirements. If a creature you control has been goaded by each of your opponents, the creature must attack an opponent (rather than a planeswalker or battle), but you choose which opponent it attacks."}, {"date": "2023-06-30", "text": "If the creature doesn't meet any of the above exceptions and can attack, it must attack a player other than the controller of the spell or ability that goaded it if able. If the creature can't attack any of those players but could otherwise attack, it must attack a planeswalker an opponent controls, a battle an opponent controls, or a player who goaded it."}, {"date": "2023-06-30", "text": "If, during a player's declare attackers step, a creature that player controls that's been goaded is tapped, is affected by a spell or ability that says it can't attack, or hasn't been under that player's control continuously since the turn began (and doesn't have haste), then it doesn't attack. If there's a cost associated with having a creature attack a player, its controller isn't forced to pay that cost, so it doesn't have to attack that player."}], "setCode": "CLU", "sourceProducts": {"nonfoil": ["45e240fd-e8ad-5862-b176-78af37af1905"]}, "subtypes": ["Aura"], "supertypes": [], "text": "Enchant creature\nEnchanted creature gets +2/+2 and is goaded. (It attacks each combat if able and attacks a player other than you if able.)\nWhenever enchanted creature attacks, you create a Treasure token. (It's an artifact with \"{T}, Sacrifice this artifact: Add one mana of any color.\")", "type": "Enchantment — Aura", "types": ["Enchantment"], "uuid": "ef4abcab-0b15-5023-8820-170115dc0857"}, {"artist": "Titus Lunter", "artistIds": ["b11e6b3a-f4ca-4cf1-8fd7-475696de5f5c"], "availability": ["mtgo", "paper"], "borderColor": "black", "colorIdentity": ["R"], "colors": ["R"], "convertedManaCost": 4.0, "count": 1, "edhrecRank": 9162, "finishes": ["nonfoil"], "flavorText": "\"This sort of innovation occurs when you set out to improve an electric tea kettle and misplace a decimal.\"", "foreignData": [], "frameVersion": "2015", "hasFoil": false, "hasNonFoil": true, "identifiers": {"cardsphereId": "116371", "mcmId": "753063", "mtgjsonV4Id": "7af41adf-a393-5b1e-bf3f-aa90b87acf64", "mtgoId": "123042", "multiverseId": "651864", "scryfallCardBackId": "0aeebaf5-8c7d-4636-9e82-8c27447861f7", "scryfallId": "ab898473-5e46-489c-97c7-94058f2f6b5d", "scryfallIllustrationId": "186c21ef-38f6-4ecd-9c2e-9f317f21d321", "scryfallOracleId": "079ac521-9414-46c1-acd9-2ff2ff047d22", "tcgplayerProductId": "534744"}, "isFoil": false, "isReprint": true, "isStarter": true, "language": "English", "layout": "normal", "legalities": {"brawl": "Legal", "commander": "Legal", "duel": "Legal", "explorer": "Legal", "gladiator": "Legal", "historic": "Legal", "legacy": "Legal", "modern": "Legal", "oathbreaker": "Legal", "pauper": "Legal", "paupercommander": "Legal", "pioneer": "Legal", "timeless": "Legal", "vintage": "Legal"}, "manaCost": "{3}{R}", "manaValue": 4.0, "name": "Cosmotronic Wave", "number": "129", "originalText": "Cosmotronic Wave deals 1 damage to each creature your opponents control. Creatures your opponents control can't block this turn.", "originalType": "Sorcery", "printings": ["CLU", "GRN", "PLST"], "purchaseUrls": {"tcgplayer": "https://mtgjson.com/links/399c45935cfb4564"}, "rarity": "common", "rulings": [{"date": "2018-10-05", "text": "Because Cosmotronic Wave doesn’t change the characteristics of any permanents, the set of creatures affected by its second effect is constantly updated. Creatures that come under an opponent’s control later in the turn can’t block."}], "setCode": "CLU", "sourceProducts": {"nonfoil": ["45e240fd-e8ad-5862-b176-78af37af1905"]}, "subtypes": [], "supertypes": [], "text": "Cosmotronic Wave deals 1 damage to each creature your opponents control. Creatures your opponents control can't block this turn.", "type": "Sorcery", "types": ["Sorcery"], "uuid": "218bed69-6874-539b-af2a-6e9383df27b6"}, {"artist": "Johannes Voss", "artistIds": ["3593dd7e-c547-4a32-81cd-7da725f60118"], "availability": ["mtgo", "paper"], "borderColor": "black", "colorIdentity": ["R"], "colors": [], "convertedManaCost": 0.0, "count": 1, "edhrecRank": 1369, "edhrecSaltiness": 0.03, "finishes": ["nonfoil"], "flavorText": "As eons passed, the rock wore away, revealing the rich colors at the mountain's heart.", "foreignData": [], "frameVersion": "2015", "hasFoil": false, "hasNonFoil": true, "identifiers": {"cardsphereId": "116198", "mcmId": "753109", "mtgjsonV4Id": "4381d310-baf0-54a3-9628-c2ac9a147358", "mtgoId": "123302", "multiverseId": "651984", "scryfallCardBackId": "0aeebaf5-8c7d-4636-9e82-8c27447861f7", "scryfallId": "c1932fa3-12bb-46aa-854f-87e0977e09be", "scryfallIllustrationId": "5da6f84f-f091-422e-ba23-172dee4aca0f", "scryfallOracleId": "91fceb34-0f2d-4392-be27-00dcd765637f", "tcgplayerProductId": "535113"}, "isFoil": false, "isReprint": true, "language": "English", "layout": "normal", "legalities": {"brawl": "Legal", "commander": "Legal", "duel": "Legal", "gladiator": "Legal", "historic": "Legal", "legacy": "Legal", "oathbreaker": "Legal", "pauper": "Legal", "paupercommander": "Legal", "timeless": "Legal", "vintage": "Legal"}, "manaValue": 0.0, "name": "Thriving Bluff", "number": "249", "originalText": "Thriving Bluff enters the battlefield tapped.\nAs Thriving Bluff enters the battlefield, choose a color other than red.\n{T}: Add {R} or one mana of the chosen color.", "originalType": "Land", "printings": ["BLC", "CLU", "CMM", "J22", "JMP", "LCC", "NCC", "WHO"], "purchaseUrls": {"tcgplayer": "https://mtgjson.com/links/e2f31de3718f0985"}, "rarity": "common", "setCode": "CLU", "sourceProducts": {"nonfoil": ["45e240fd-e8ad-5862-b176-78af37af1905"]}, "subtypes": [], "supertypes": [], "text": "Thriving Bluff enters tapped. As it enters, choose a color other than red.\n{T}: Add {R} or one mana of the chosen color.", "type": "Land", "types": ["Land"], "uuid": "464b4b4c-e787-590a-befb-dbc936a6fc26"}, {"artist": "Titus Lunter", "artistIds": ["b11e6b3a-f4ca-4cf1-8fd7-475696de5f5c"], "availability": ["mtgo", "paper"], "borderColor": "black", "colorIdentity": ["R", "W"], "colors": [], "convertedManaCost": 0.0, "count": 1, "edhrecRank": 1381, "edhrecSaltiness": 0.05, "finishes": ["nonfoil"], "flavorText": "\"It is our duty to protect all those in need. But the other guilds have never shown themselves worthy of that protection.\"\n—Tajic", "foreignData": [], "frameVersion": "2015", "hasFoil": false, "hasNonFoil": true, "identifiers": {"cardsphereId": "116228", "mcmId": "752675", "mtgjsonV4Id": "c8d3c04f-4814-5a27-b44d-a4baeec7907d", "mtgoId": "123268", "multiverseId": "651967", "scryfallCardBackId": "0aeebaf5-8c7d-4636-9e82-8c27447861f7", "scryfallId": "37a4719a-a956-49b1-9d72-6a146b4f6c60", "scryfallIllustrationId": "c5a0b009-1d1a-45df-a477-a3dcd012a7ba", "scryfallOracleId": "73c423b7-cab8-4e69-8070-9edbf96a6c2c", "tcgplayerProductId": "534621"}, "isFoil": false, "isReprint": true, "language": "English", "layout": "normal", "legalities": {"brawl": "Legal", "commander": "Legal", "duel": "Legal", "explorer": "Legal", "gladiator": "Legal", "historic": "Legal", "legacy": "Legal", "modern": "Legal", "oathbreaker": "Legal", "pauper": "Legal", "paupercommander": "Legal", "penny": "Legal", "pioneer": "Legal", "timeless": "Legal", "vintage": "Legal"}, "manaValue": 0.0, "name": "Boros Guildgate", "number": "232", "originalText": "Boros Guildgate enters the battlefield tapped.\n{T}: Add {R} or {W}.", "originalType": "Land — Gate", "printings": ["C13", "C15", "C17", "C19", "CLU", "CM2", "CMR", "DDL", "DGM", "GRN", "GTC", "MM3", "RVR", "ZNC"], "purchaseUrls": {"tcgplayer": "https://mtgjson.com/links/e55034c52cd9b8ab"}, "rarity": "common", "rulings": [{"date": "2013-04-15", "text": "Gate is not a basic land type."}, {"date": "2013-04-15", "text": "The subtype Gate has no special rules significance, but other spells and abilities may refer to it."}], "setCode": "CLU", "sourceProducts": {"nonfoil": ["45e240fd-e8ad-5862-b176-78af37af1905"]}, "subtypes": ["Gate"], "supertypes": [], "text": "Boros Guildgate enters tapped.\n{T}: Add {R} or {W}.", "type": "Land — Gate", "types": ["Land"], "uuid": "59d4594d-8d94-509a-a843-21809b1f762d", "watermark": "boros"}, {"artist": "John Avon", "artistIds": ["798f3932-30e0-4420-aa3f-db4d613f89ca"], "availability": ["mtgo", "paper"], "borderColor": "black", "colorIdentity": ["R", "W"], "colors": [], "convertedManaCost": 0.0, "count": 1, "edhrecRank": 352, "edhrecSaltiness": 0.1, "finishes": ["nonfoil"], "foreignData": [], "frameVersion": "2015", "hasFoil": false, "hasNonFoil": true, "identifiers": {"cardsphereId": "116230", "mcmId": "753183", "mtgjsonV4Id": "68f7d2aa-4c8f-5419-b581-038aaab94878", "mtgoId": "123266", "multiverseId": "651966", "scryfallCardBackId": "0aeebaf5-8c7d-4636-9e82-8c27447861f7", "scryfallId": "76ec3366-98f3-4903-8f7b-cfcdd60e3be1", "scryfallIllustrationId": "42955a53-28a3-4204-bca3-15a95f16ef91", "scryfallOracleId": "8fa3ac81-3dfe-4565-be99-5554f7597b4b", "tcgplayerProductId": "535194"}, "isFoil": false, "isReprint": true, "language": "English", "layout": "normal", "legalities": {"commander": "Legal", "duel": "Legal", "legacy": "Legal", "modern": "Legal", "oathbreaker": "Legal", "pauper": "Legal", "paupercommander": "Legal", "predh": "Legal", "vintage": "Legal"}, "manaValue": 0.0, "name": "Boros Garrison", "number": "231", "originalText": "Boros Garrison enters the battlefield tapped.\nWhen Boros Garrison enters the battlefield, return a land you control to its owner's hand.\n{T}: Add {R}{W}.", "originalType": "Land", "printings": ["2X2", "C13", "C15", "C16", "C17", "C19", "C20", "C21", "CLU", "CM2", "CMA", "CMD", "CMR", "DMC", "GK1", "HOP", "IMA", "MKC", "MM2", "ONC", "PRM", "RAV", "ZNC"], "purchaseUrls": {"tcgplayer": "https://mtgjson.com/links/b675eedf24ff64e1"}, "rarity": "common", "rulings": [{"date": "2013-04-15", "text": "If this land enters the battlefield and you control no other lands, its ability will force you to return it to your hand."}], "setCode": "CLU", "sourceProducts": {"nonfoil": ["45e240fd-e8ad-5862-b176-78af37af1905"]}, "subtypes": [], "supertypes": [], "text": "Boros Garrison enters tapped.\nWhen Boros Garrison enters, return a land you control to its owner's hand.\n{T}: Add {R}{W}.", "type": "Land", "types": ["Land"], "uuid": "24dcf965-f2c9-549e-b256-f0337a433ad1", "watermark": "boros"}, {"artist": "Alexander Forssberg", "artistIds": ["85908891-3cc7-42b0-9b54-27ed0fe89c53"], "availability": ["mtgo", "paper"], "borderColor": "black", "colorIdentity": ["R", "W"], "colors": ["R", "W"], "convertedManaCost": 3.0, "count": 1, "edhrecRank": 19375, "finishes": ["nonfoil"], "flavorText": "\"Keep up with me, comrades, or I cannot guarantee you a fair share of the fracas.\"", "foreignData": [], "frameVersion": "2015", "hasFoil": false, "hasNonFoil": true, "identifiers": {"cardsphereId": "116199", "mcmId": "753162", "mtgjsonV4Id": "e9c9181e-25c0-5a18-a53c-ef43a5b29758", "mtgoId": "123358", "multiverseId": "651760", "scryfallCardBackId": "0aeebaf5-8c7d-4636-9e82-8c27447861f7", "scryfallId": "11fab2c1-250a-44f7-a187-ee0352b81569", "scryfallIllustrationId": "010c8b1d-956a-4499-8e9b-7d3b09b01b30", "scryfallOracleId": "30b20932-0d9a-447f-b934-1daa8c44a678", "tcgplayerProductId": "534571"}, "isFoil": false, "isStarter": true, "keywords": ["Battalion"], "language": "English", "layout": "normal", "legalities": {"commander": "Legal", "duel": "Legal", "legacy": "Legal", "oathbreaker": "Legal", "vintage": "Legal"}, "manaCost": "{1}{R/W}{R/W}", "manaValue": 3.0, "name": "Boros Strike-Captain", "number": "25", "originalText": "Battalion — Whenever Boros Strike-Captain and at least two other creatures attack, exile the top card of your library. During any turn you attacked with three or more creatures, you may play that card.", "originalType": "Creature — Minotaur Soldier", "power": "3", "printings": ["CLU"], "purchaseUrls": {"tcgplayer": "https://mtgjson.com/links/b01fd97431a50e6f"}, "rarity": "rare", "rulings": [{"date": "2024-02-02", "text": "If Boros Strike-Captain leaves the battlefield, the effect allowing you to play the exiled card if you attacked with three or more creatures continues to apply, even during later turns, as long as you attack with three or more creatures during those later turns."}, {"date": "2024-02-02", "text": "Once a battalion ability has triggered, it doesn't matter how many creatures are still attacking when that ability resolves."}, {"date": "2024-02-02", "text": "Similarly, once you attack with three or more creatures in a single turn, you can still play the exiled card that turn no matter what happens to those creatures."}, {"date": "2024-02-02", "text": "The three attacking creatures don't have to be attacking the same player, planeswalker, or battle."}, {"date": "2024-02-02", "text": "You pay all costs and follow all normal timing rules for a card played this way. For example, if the exiled card is a land card, you may play it only during your main phase while the stack is empty."}], "securityStamp": "oval", "setCode": "CLU", "sourceProducts": {"nonfoil": ["45e240fd-e8ad-5862-b176-78af37af1905"]}, "subtypes": ["Minotaur", "Soldier"], "supertypes": [], "text": "Battalion — Whenever Boros Strike-Captain and at least two other creatures attack, exile the top card of your library. During any turn you attacked with three or more creatures, you may play that card.", "toughness": "3", "type": "Creature — Minotaur Soldier", "types": ["Creature"], "uuid": "5606a0c4-5390-5ee1-ba0b-eb1bb7e01866", "watermark": "boros"}, {"artist": "Wayne Reynolds", "artistIds": ["afc47cec-3ccc-404e-a8c6-4d83dd504271"], "availability": ["mtgo", "paper"], "borderColor": "black", "colorIdentity": ["R", "W"], "colors": ["R", "W"], "convertedManaCost": 4.0, "count": 1, "edhrecRank": 8630, "edhrecSaltiness": 0.07, "finishes": ["nonfoil"], "flavorText": "Firemane Nevena led the victorious assault on the Barbu Rooftop rebels. Now the Gateless have marked her for death.", "foreignData": [], "frameVersion": "2015", "hasFoil": false, "hasNonFoil": true, "identifiers": {"cardsphereId": "116327", "mcmId": "753117", "mtgjsonV4Id": "ca657894-b497-5e2a-abb0-ab31119f48c0", "mtgoId": "123170", "multiverseId": "651924", "scryfallCardBackId": "0aeebaf5-8c7d-4636-9e82-8c27447861f7", "scryfallId": "c04d0f5a-b1e4-490d-b119-95378535ac5d", "scryfallIllustrationId": "4436e781-9c67-4132-b5e8-1d356d44642c", "scryfallOracleId": "7ea71a36-8fa8-4ba3-9cb1-7fc6917c3ddd", "tcgplayerProductId": "535128"}, "isFoil": false, "isReprint": true, "keywords": ["Battalion", "Flying"], "language": "English", "layout": "normal", "legalities": {"commander": "Legal", "duel": "Legal", "legacy": "Legal", "modern": "Legal", "oathbreaker": "Legal", "penny": "Legal", "pioneer": "Legal", "vintage": "Legal"}, "manaCost": "{2}{R}{W}", "manaValue": 4.0, "name": "Firemane Avenger", "number": "189", "originalText": "Flying\nBattalion — Whenever Firemane Avenger and at least two other creatures attack, Firemane Avenger deals 3 damage to any target and you gain 3 life.", "originalType": "Creature — Angel", "power": "3", "printings": ["CLU", "GK1", "GTC", "PGTC", "PRM"], "purchaseUrls": {"tcgplayer": "https://mtgjson.com/links/3472db11e7a23edf"}, "rarity": "rare", "rulings": [{"date": "2013-01-24", "text": "If Firemane Avenger's battalion ability resolves but some or all of the damage is prevented, you'll still gain 3 life."}, {"date": "2013-01-24", "text": "If the target permanent or player is an illegal target when Firemane Avenger's battalion ability tries to resolve, the ability won't resolve and none of its effects will happen. You won't gain life."}, {"date": "2013-04-15", "text": "Once a battalion ability has triggered, it doesn't matter how many creatures are still attacking when that ability resolves."}, {"date": "2013-04-15", "text": "The effects of battalion abilities vary from card to card. Read each card carefully."}, {"date": "2024-01-12", "text": "The three attacking creatures don't have to be attacking the same player, planeswalker, or battle."}], "securityStamp": "oval", "setCode": "CLU", "sourceProducts": {"nonfoil": ["45e240fd-e8ad-5862-b176-78af37af1905"]}, "subtypes": ["Angel"], "supertypes": [], "text": "Flying\nBattalion — Whenever Firemane Avenger and at least two other creatures attack, Firemane Avenger deals 3 damage to any target and you gain 3 life.", "toughness": "3", "type": "Creature — Angel", "types": ["Creature"], "uuid": "2f91e7a3-8142-5194-bba0-aa81f561399e", "watermark": "boros"}, {"artist": "Dimitar Marinski", "artistIds": ["ad53afd6-d00f-4bc8-98ec-deab3f6aec50"], "availability": ["mtgo", "paper"], "borderColor": "black", "colorIdentity": ["R"], "colors": [], "convertedManaCost": 0.0, "count": 5, "edhrecSaltiness": 0.35, "finishes": ["nonfoil"], "foreignData": [], "frameVersion": "2015", "hasFoil": false, "hasNonFoil": true, "identifiers": {"cardsphereId": "116168", "mtgjsonV4Id": "e35782b4-6cea-5af1-ac24-2db39b4e4bbf", "mtgoId": "123336", "multiverseId": "652001", "scryfallCardBackId": "0aeebaf5-8c7d-4636-9e82-8c27447861f7", "scryfallId": "0826bec4-1958-4b5a-89be-70a4801e2384", "scryfallIllustrationId": "e8062b2d-dc24-41e2-ba5f-bbb5b2af7932", "scryfallOracleId": "a3fb7228-e76b-4e96-a40e-20b5fed75685", "tcgplayerProductId": "534546"}, "isFoil": false, "isReprint": true, "language": "English", "layout": "normal", "legalities": {"alchemy": "Legal", "brawl": "Legal", "commander": "Legal", "duel": "Legal", "explorer": "Legal", "future": "Legal", "gladiator": "Legal", "historic": "Legal", "legacy": "Legal", "modern": "Legal", "oathbreaker": "Legal", "pauper": "Legal", "paupercommander": "Legal", "penny": "Legal", "pioneer": "Legal", "predh": "Legal", "premodern": "Legal", "standard": "Legal", "standardbrawl": "Legal", "timeless": "Legal", "vintage": "Legal"}, "manaValue": 0.0, "name": "Mountain", "number": "266", "originalType": "Basic Land — Mountain", "printings": ["10E", "2ED", "2XM", "30A", "3ED", "40K", "4BB", "4ED", "5ED", "6ED", "7ED", "8ED", "9ED", "ACR", "AFR", "AKH", "AKR", "ALA", "ANA", "ANB", "ARC", "ARN", "ATH", "AVR", "BBD", "BFZ", "BLB", "BRB", "BRC", "BRO", "BTD", "C13", "C14", "C15", "C16", "C17", "C18", "C19", "CED", "CEI", "CHK", "CLB", "CLU", "CM2", "CMA", "CMD", "CMM", "CMR", "CST", "DD1", "DD2", "DDE", "DDG", "DDH", "DDI", "DDJ", "DDK", "DDL", "DDN", "DDP", "DDS", "DDT", "DDU", "DKM", "DMR", "DMU", "DOM", "DPA", "DSK", "DTK", "E01", "ELD", "EVG", "FBB", "FRF", "G17", "GK1", "GK2", "GN2", "GN3", "GNT", "GRN", "GS1", "H09", "HBG", "HOP", "HOU", "ICE", "IKO", "INV", "ISD", "ITP", "J14", "J22", "JMP", "JVC", "KHM", "KLD", "KLR", "KTK", "LCI", "LEA", "LEB", "LRW", "LTR", "M10", "M11", "M12", "M13", "M14", "M15", "M19", "M20", "M21", "MBS", "ME1", "ME3", "MH2", "MH3", "MID", "MIR", "MKM", "MMQ", "MOM", "MRD", "NEO", "NPH", "ODY", "OLEP", "ONE", "ONS", "ORI", "OTJ", "P02", "P23", "PAL00", "PAL01", "PAL03", "PAL04", "PAL05", "PAL06", "PAL99", "PALP", "PANA", "PARL", "PC2", "PCA", "PD2", "PELP", "PF19", "PF20", "PGPX", "PGRU", "PIP", "PL24", "PLST", "PMPS", "PMPS06", "PMPS07", "PMPS08", "PMPS09", "PMPS10", "PMPS11", "POR", "PPP1", "PRM", "PRW2", "PRWK", "PS11", "PSAL", "PSS2", "PSS3", "PSS4", "PTC", "PTK", "PZ2", "RAV", "REX", "RIX", "RNA", "ROE", "RQS", "RTR", "S99", "SCD", "SHM", "SIR", "SLD", "SNC", "SOI", "SOM", "STX", "SUM", "TD0", "THB", "THS", "TMP", "TPR", "TSP", "UGL", "UND", "UNF", "UNH", "USG", "UST", "VOW", "WAR", "WC00", "WC01", "WC02", "WC03", "WC97", "WC98", "WC99", "WHO", "WOE", "XANA", "XLN", "ZEN", "ZNR"], "purchaseUrls": {"tcgplayer": "https://mtgjson.com/links/9d88f703a066681c"}, "rarity": "common", "setCode": "CLU", "sourceProducts": {"nonfoil": ["45e240fd-e8ad-5862-b176-78af37af1905"]}, "subtypes": ["Mountain"], "supertypes": ["Basic"], "text": "({T}: Add {R}.)", "type": "Basic Land — Mountain", "types": ["Land"], "uuid": "d3e5fe32-6977-545c-95e5-57d71781b723", "variations": ["8efb9c34-eea2-54e1-a875-413b170ef3ef", "4251c662-1962-5e20-bcda-4d17c2f0364e", "11f35ace-285e-58a8-99f0-7fd01dc69636"]}], "name": "Boros Legion 2", "releaseDate": "2024-02-23", "sealedProductUuids": null, "sideBoard": [], "type": "Jumpstart"}}