{"meta": {"date": "2024-09-03", "version": "5.2.2+20240903"}, "data": {"code": "CLU", "commander": [], "mainBoard": [{"artist": "Fajareka Setiawan", "artistIds": ["0cc534e0-be18-4cb1-8521-50fabd0dac6f"], "availability": ["arena", "mtgo", "paper"], "boosterTypes": ["default"], "borderColor": "black", "colorIdentity": ["W"], "colors": ["W"], "convertedManaCost": 1.0, "count": 1, "edhrecRank": 9460, "finishes": ["nonfoil", "foil"], "flavorText": "\"If the perfect evidence appears at your feet, your first task is to rule out misdirection.\"\n—The Ravnican Agency of Magicological Investigations handbook", "foreignData": [{"flavorText": "„Wenn dir das perfekte Beweisstück vor die Füße fällt, ist deine erste Pflicht, Irreleitung auszuschließen.\"\n—Handbuch von Ravnicas Agentur für magikologische Ermittlungen", "identifiers": {"multiverseId": "646863", "scryfallId": "dfcce2ab-7ddf-4e2e-b105-7cc045a56356"}, "language": "German", "multiverseId": 646863, "name": "Inspektor-Neuling", "text": "Wenn der Inspektor-Neuling ins Spiel kommt, stelle Nachforschungen an. (Erzeuge einen Hinweis-Spielstein. Er ist ein Artefakt mit „{2}, opfere dieses Artefakt: Ziehe eine Karte.\")", "type": "Kreatur — Mensch, Detektiv"}, {"flavorText": "\"Si la prueba perfecta te aparece delante de las narices, lo primero que debes hacer es verificar si se trata de una distracción\".\n—Manual de la Agencia de Investigaciones Magicológicas de Rávnica", "identifiers": {"multiverseId": "647134", "scryfallId": "ce158350-0b87-466c-a342-ffaf1ac1c54e"}, "language": "Spanish", "multiverseId": 647134, "name": "Inspector novato", "text": "Cuando el Inspector novato entre al campo de batalla, investiga. (Crea una ficha de Pista. Es un artefacto con \"{2}, sacrificar este artefacto: Roba una carta\".)", "type": "Criatura — Detective humano"}, {"flavorText": "« Si la preuve parfaite apparaît à vos pieds, votre première tâche consiste à éliminer toute fausse piste. »\n—Guide de l'Agence Ravnicane d'Investigations Magicologiques", "identifiers": {"multiverseId": "647405", "scryfallId": "94ebf507-2bcf-436e-b1bb-5855ba7b9214"}, "language": "French", "multiverseId": 647405, "name": "Inspecteur postulant", "text": "Quand l'Inspecteur postulant arrive sur le champ de bataille, enquêtez. (Créez un jeton Indice. C'est un artefact avec « {2}, sacrifiez cet artefact : Piochez une carte. »)", "type": "Créature — humain et détective"}, {"flavorText": "\"Se davanti ai vostri occhi dovesse comparire la prova perfetta, la prima cosa da fare è escludere possibili depistaggi.\"\n— Manuale dell'Agenzia Investigativa Magicologica di Ravnica", "identifiers": {"multiverseId": "647676", "scryfallId": "a59ebe23-794a-4b5c-a85c-5a8ceda5b328"}, "language": "Italian", "multiverseId": 647676, "name": "Ispettore Novizio", "text": "Quando l'Ispettore Novizio entra nel campo di battaglia, indaga. (Crea una pedina Indizio. È un artefatto con \"{2}, Sacrifica questo artefatto: Pesca una carta\".)", "type": "Creatura — Detective Umano"}, {"flavorText": "「非の打ち所がない証拠が足元にあった場合、まずは攪乱の線を潰すこと。」\n――ラヴニカ魔法探偵社の手引き", "identifiers": {"multiverseId": "647947", "scryfallId": "cad94abe-fdce-4772-b677-7c69ca294a8d"}, "language": "Japanese", "multiverseId": 647947, "name": "ひよっこ捜査員", "text": "ひよっこ捜査員が戦場に出たとき、調査を行う。（手掛かり・トークン１つを生成する。それは、「{2}, このアーティファクトを生け贄に捧げる：カード１枚を引く。」を持つアーティファクトである。）", "type": "クリーチャー — 人間・探偵"}, {"flavorText": "\"Se o indício perfeito brotar na sua frente, sua primeira tarefa será descartar a hipótese de que ele tenha sido plantado.\"\n— manual da Agência Ravnicana de Investigações Magicológicas", "identifiers": {"multiverseId": "648218", "scryfallId": "2d812e3b-1b00-4e8f-be76-08d3c048564c"}, "language": "Portuguese (Brazil)", "multiverseId": 648218, "name": "Inspetor Novato", "text": "Quando Inspetor Novato entrar no campo de batalha, investigue. (Crie uma ficha de Pista. Ela é um artefato com \"{2}, sacrifique este artefato: Compre um card\".)", "type": "Criatura — Humano Detetive"}, {"flavorText": "「如果脚边出现完美证据，首要之务便是排除误导。」\n～拉尼卡循魔调查局手册", "identifiers": {"multiverseId": "648489", "scryfallId": "3f8ac772-af5c-46c2-bf44-4b9184adc74a"}, "language": "Chinese Simplified", "multiverseId": 648489, "name": "生手巡检员", "text": "当生手巡检员进战场时，探查。（派出一个线索衍生物。它是具有「{2}，牺牲此神器：抓一张牌」的神器。）", "type": "生物 — 人类／侦探"}], "frameVersion": "2015", "hasFoil": true, "hasNonFoil": true, "identifiers": {"cardsphereId": "115064", "mcmId": "750657", "mcmMetaId": "429319", "mtgArenaId": "88949", "mtgjsonV4Id": "2e24c13f-78f9-53f3-8fa8-dbfd6dd715a7", "mtgoId": "121546", "multiverseId": "646592", "scryfallCardBackId": "0aeebaf5-8c7d-4636-9e82-8c27447861f7", "scryfallId": "0ad38866-fc5f-4f62-89c1-afc0f50765aa", "scryfallIllustrationId": "1ef5c982-8071-46bd-82a0-5f13687d961b", "scryfallOracleId": "c206bdcb-d2c4-4bda-a979-6c0627ef8f73", "tcgplayerProductId": "530008"}, "isFoil": false, "keywords": ["Investigate"], "language": "English", "layout": "normal", "legalities": {"alchemy": "Legal", "brawl": "Legal", "commander": "Legal", "duel": "Legal", "explorer": "Legal", "future": "Legal", "gladiator": "Legal", "historic": "Legal", "legacy": "Legal", "modern": "Legal", "oathbreaker": "Legal", "pauper": "Legal", "paupercommander": "Legal", "pioneer": "Legal", "standard": "Legal", "standardbrawl": "Legal", "timeless": "Legal", "vintage": "Legal"}, "manaCost": "{W}", "manaValue": 1.0, "name": "Novice Inspector", "number": "29", "originalText": "When Novice Inspector enters the battlefield, investigate. (Create a Clue token. It's an artifact with \"{2}, Sacrifice this artifact: Draw a card.\")", "originalType": "Creature — Human Detective", "power": "1", "printings": ["MKM"], "purchaseUrls": {"cardmarket": "https://mtgjson.com/links/eb342e7c4de276f7", "tcgplayer": "https://mtgjson.com/links/fa02cd482d02a246"}, "rarity": "common", "rulings": [{"date": "2024-02-02", "text": "Clue is an artifact type. Even though it appears on some cards with other permanent types, it’s never a creature type, a land type, or anything but an artifact type."}, {"date": "2024-02-02", "text": "If an effect refers to a Clue, it means any Clue artifact, not just a Clue artifact token. For example, you can sacrifice Wrench to pay for Alquist Proft, Master Sleuth’s activated ability."}, {"date": "2024-02-02", "text": "Some abilities trigger “whenever you sacrifice a Clue”. Those abilities trigger whenever you sacrifice a Clue for any reason, not just to activate a Clue’s activated ability."}, {"date": "2024-02-02", "text": "Some spells and abilities that investigate may require targets. If each target chosen is an illegal target as that spell or ability tries to resolve, it won’t resolve. You won’t create any Clue tokens."}, {"date": "2024-02-02", "text": "You can’t sacrifice a Clue to pay multiple costs. For example, you can’t sacrifice a Clue token to activate its own ability and also to activate Alquist Proft, Master Sleuth’s ability."}], "setCode": "MKM", "sourceProducts": {"foil": ["bbbdf7c5-7f6c-535e-ad8a-ed292e4cbfe2", "c9b74555-134e-5865-b8f7-0d0cd26c8f58"], "nonfoil": ["45e240fd-e8ad-5862-b176-78af37af1905", "c9b74555-134e-5865-b8f7-0d0cd26c8f58"]}, "subtypes": ["Human", "Detective"], "supertypes": [], "text": "When Novice Inspector enters, investigate. (Create a Clue token. It's an artifact with \"{2}, Sacrifice this artifact: Draw a card.\")", "toughness": "2", "type": "Creature — Human Detective", "types": ["Creature"], "uuid": "680c33fb-90c6-54b2-a796-2e4c2964c9fa"}, {"artist": "Anthony Palumbo", "artistIds": ["afd2d541-4140-41ae-a28f-862436458fcb"], "availability": ["mtgo", "paper"], "borderColor": "black", "colorIdentity": ["R", "W"], "colors": ["R", "W"], "convertedManaCost": 2.0, "count": 1, "edhrecRank": 20838, "finishes": ["nonfoil"], "flavorText": "\"Hold on to your ideals. They'll be tested more than your armor or the edge of your blade.\"\n—Tajic", "foreignData": [], "frameVersion": "2015", "hasFoil": false, "hasNonFoil": true, "identifiers": {"cardsphereId": "116316", "mcmId": "753095", "mtgjsonV4Id": "4c3bb07d-1e0f-5a8d-9253-e56e0b0c4384", "mtgoId": "123176", "multiverseId": "651927", "scryfallCardBackId": "0aeebaf5-8c7d-4636-9e82-8c27447861f7", "scryfallId": "276d127a-2685-4de2-b4df-dd37f7682cd7", "scryfallIllustrationId": "5453da8b-ce37-4bb5-9d83-deda2009512d", "scryfallOracleId": "14319020-faf2-49c4-a808-c39650203383", "tcgplayerProductId": "535092"}, "isFoil": false, "isReprint": true, "language": "English", "layout": "normal", "legalities": {"brawl": "Legal", "commander": "Legal", "duel": "Legal", "explorer": "Legal", "gladiator": "Legal", "historic": "Legal", "legacy": "Legal", "modern": "Legal", "oathbreaker": "Legal", "pauper": "Legal", "paupercommander": "Legal", "penny": "Legal", "pioneer": "Legal", "timeless": "Legal", "vintage": "Legal"}, "manaCost": "{1}{R/W}", "manaValue": 2.0, "name": "Fresh-Faced Recruit", "number": "192", "originalText": "As long as it's your turn, Fresh-Faced Recruit has first strike.", "originalType": "Creature — Human Soldier", "power": "2", "printings": ["CLU", "GRN", "RVR"], "purchaseUrls": {"tcgplayer": "https://mtgjson.com/links/cf252afbe9a50dcd"}, "rarity": "common", "setCode": "CLU", "sourceProducts": {"nonfoil": ["45e240fd-e8ad-5862-b176-78af37af1905"]}, "subtypes": ["Human", "Soldier"], "supertypes": [], "text": "During your turn, Fresh-Faced Recruit has first strike.", "toughness": "1", "type": "Creature — Human Soldier", "types": ["Creature"], "uuid": "164a7380-0f21-5f93-9bd7-a3c3773d0341", "watermark": "boros"}, {"artist": "Matt Stewart", "artistIds": ["20871267-2d8a-41d5-b03a-be3d557c5734"], "availability": ["mtgo", "paper"], "borderColor": "black", "colorIdentity": ["W"], "colors": ["W"], "convertedManaCost": 2.0, "count": 1, "edhrecRank": 17509, "edhrecSaltiness": 0.07, "finishes": ["nonfoil"], "flavorText": "\"Before I let you wield one of these, let's see you dodge one!\"", "foreignData": [], "frameVersion": "2015", "hasFoil": false, "hasNonFoil": true, "identifiers": {"cardsphereId": "116287", "mcmId": "752717", "mtgjsonV4Id": "41419b38-673b-5f89-9228-1a4de2227ae4", "mtgoId": "122930", "multiverseId": "651808", "scryfallCardBackId": "0aeebaf5-8c7d-4636-9e82-8c27447861f7", "scryfallId": "3eb6a3ab-29eb-4c9a-995b-04de1c0dd4c9", "scryfallIllustrationId": "d01a6f77-87ee-4eec-860a-2932cc5f03ca", "scryfallOracleId": "340d6218-d351-4b2e-80da-7d4afa77190a", "tcgplayerProductId": "534666"}, "isFoil": false, "isReprint": true, "isStarter": true, "keywords": ["First strike", "Mentor"], "language": "English", "layout": "normal", "legalities": {"brawl": "Legal", "commander": "Legal", "duel": "Legal", "explorer": "Legal", "gladiator": "Legal", "historic": "Legal", "legacy": "Legal", "modern": "Legal", "oathbreaker": "Legal", "paupercommander": "Restricted", "pioneer": "Legal", "timeless": "Legal", "vintage": "Legal"}, "manaCost": "{1}{W}", "manaValue": 2.0, "name": "Sunhome Stalwart", "number": "73", "originalText": "First strike\nMentor (Whenever this creature attacks, put a +1/+1 counter on target attacking creature with lesser power.)", "originalType": "Creature — Human Soldier", "power": "2", "printings": ["CLU", "GRN", "RVR"], "purchaseUrls": {"tcgplayer": "https://mtgjson.com/links/5bfb5682130b5a4b"}, "rarity": "uncommon", "rulings": [{"date": "2018-10-05", "text": "If the creature with mentor leaves the battlefield with mentor on the stack, use its power as that creature last existed on the battlefield to determine whether the target creature has less power."}, {"date": "2018-10-05", "text": "If the target creature’s power is no longer less than the attacking creature’s power as the ability resolves, mentor doesn’t add a +1/+1 counter. For example, if two 3/3 creatures with mentor attack and both mentor triggers target the same 2/2 creature, the first to resolve puts a +1/+1 counter on it and the second does nothing."}, {"date": "2018-10-05", "text": "Mentor compares the power of the creature with mentor with that of the target creature at two different times: once as the triggered ability is put onto the stack, and once as the triggered ability resolves. If you wish to raise a creature’s power so its mentor ability can target a bigger creature, the last chance you have to do so is during the beginning of combat step."}], "setCode": "CLU", "sourceProducts": {"nonfoil": ["45e240fd-e8ad-5862-b176-78af37af1905"]}, "subtypes": ["Human", "Soldier"], "supertypes": [], "text": "First strike\nMentor (Whenever this creature attacks, put a +1/+1 counter on target attacking creature with lesser power.)", "toughness": "2", "type": "Creature — Human Soldier", "types": ["Creature"], "uuid": "5bc2f6ba-81e4-5e34-bdd4-dc2386a43282", "watermark": "boros"}, {"artist": "Titus Lunter", "artistIds": ["b11e6b3a-f4ca-4cf1-8fd7-475696de5f5c"], "availability": ["mtgo", "paper"], "borderColor": "black", "colorIdentity": ["W"], "colors": ["W"], "convertedManaCost": 3.0, "count": 1, "edhrecRank": 23436, "edhrecSaltiness": 0.33, "finishes": ["nonfoil"], "flavorText": "Rocs' innate fearlessness makes them ideal mounts for emergency response.", "foreignData": [], "frameVersion": "2015", "hasFoil": false, "hasNonFoil": true, "identifiers": {"cardsphereId": "116284", "mcmId": "753132", "mtgjsonV4Id": "c57db8bb-770c-55d6-bb77-6a2a899ead43", "mtgoId": "122924", "multiverseId": "651805", "scryfallCardBackId": "0aeebaf5-8c7d-4636-9e82-8c27447861f7", "scryfallId": "ec497930-0104-4fc7-a1c1-9376b9990444", "scryfallIllustrationId": "fa70a4d6-7bdf-4e56-a037-5cbc8c527dba", "scryfallOracleId": "67789c0c-3f05-4b0b-a56d-0757ac801d22", "tcgplayerProductId": "535141"}, "isFoil": false, "isReprint": true, "isStarter": true, "keywords": ["Flying"], "language": "English", "layout": "normal", "legalities": {"brawl": "Legal", "commander": "Legal", "duel": "Legal", "explorer": "Legal", "gladiator": "Legal", "historic": "Legal", "legacy": "Legal", "modern": "Legal", "oathbreaker": "Legal", "paupercommander": "Restricted", "pioneer": "Legal", "timeless": "Legal", "vintage": "Legal"}, "manaCost": "{2}{W}", "manaValue": 3.0, "name": "Roc Charger", "number": "70", "originalText": "Flying\nWhenever Roc Charger attacks, target attacking creature without flying gains flying until end of turn.", "originalType": "Creature — Bird", "power": "1", "printings": ["CLU", "GRN"], "purchaseUrls": {"tcgplayer": "https://mtgjson.com/links/134d64834cd79928"}, "rarity": "uncommon", "setCode": "CLU", "sourceProducts": {"nonfoil": ["45e240fd-e8ad-5862-b176-78af37af1905"]}, "subtypes": ["Bird"], "supertypes": [], "text": "Flying\nWhenever Roc Charger attacks, target attacking creature without flying gains flying until end of turn.", "toughness": "3", "type": "Creature — Bird", "types": ["Creature"], "uuid": "66edaa2a-84a5-52b5-876a-d98c953772ae"}, {"artist": "Even Amundsen", "artistIds": ["127faa6a-6c02-49a0-beba-ae76d06dd153"], "availability": ["mtgo", "paper"], "borderColor": "black", "colorIdentity": ["W"], "colors": ["W"], "convertedManaCost": 4.0, "count": 1, "edhrecRank": 19950, "finishes": ["nonfoil"], "flavorText": "\"Too many have disappeared in these dark days. I am the light that will lead them home.\"", "foreignData": [], "frameVersion": "2015", "hasFoil": false, "hasNonFoil": true, "identifiers": {"cardsphereId": "116281", "mcmId": "753116", "mtgjsonV4Id": "9e8ff812-f2d1-5881-96c4-5a60afe50094", "mtgoId": "122920", "multiverseId": "651803", "scryfallCardBackId": "0aeebaf5-8c7d-4636-9e82-8c27447861f7", "scryfallId": "5cdd3703-4b3a-4d63-bf7c-88341a52f397", "scryfallIllustrationId": "c58a9e8c-ba60-4dbe-8c66-9690d3523990", "scryfallOracleId": "d4891bfc-12b7-4412-be11-d02e6d014463", "tcgplayerProductId": "535125"}, "isFoil": false, "isReprint": true, "isStarter": true, "keywords": ["Flying", "Mentor", "Vigilance"], "language": "English", "layout": "normal", "legalities": {"brawl": "Legal", "commander": "Legal", "duel": "Legal", "explorer": "Legal", "gladiator": "Legal", "historic": "Legal", "legacy": "Legal", "modern": "Legal", "oathbreaker": "Legal", "pauper": "Legal", "paupercommander": "Legal", "penny": "Legal", "pioneer": "Legal", "timeless": "Legal", "vintage": "Legal"}, "manaCost": "{3}{W}", "manaValue": 4.0, "name": "Parhelion Patrol", "number": "68", "originalText": "Flying, vigilance\nMentor (Whenever this creature attacks, put a +1/+1 counter on target attacking creature with lesser power.)", "originalType": "Creature — Human Knight", "power": "2", "printings": ["CLU", "GRN"], "purchaseUrls": {"tcgplayer": "https://mtgjson.com/links/b091b22989153063"}, "rarity": "common", "rulings": [{"date": "2018-10-05", "text": "If the creature with mentor leaves the battlefield with mentor on the stack, use its power as that creature last existed on the battlefield to determine whether the target creature has less power."}, {"date": "2018-10-05", "text": "If the target creature's power is no longer less than the attacking creature's power as the ability resolves, mentor doesn't add a +1/+1 counter. For example, if two 3/3 creatures with mentor attack and both mentor triggers target the same 2/2 creature, the first to resolve puts a +1/+1 counter on it and the second does nothing."}, {"date": "2018-10-05", "text": "Mentor compares the power of the creature with mentor with that of the target creature at two different times: once as the triggered ability is put onto the stack, and once as the triggered ability resolves. If you wish to raise a creature's power so its mentor ability can target a bigger creature, the last chance you have to do so is during the beginning of combat step."}], "setCode": "CLU", "sourceProducts": {"nonfoil": ["45e240fd-e8ad-5862-b176-78af37af1905"]}, "subtypes": ["Human", "Knight"], "supertypes": [], "text": "Flying, vigilance\nMentor (Whenever this creature attacks, put a +1/+1 counter on target attacking creature with lesser power.)", "toughness": "3", "type": "Creature — Human Knight", "types": ["Creature"], "uuid": "9a388e76-8651-5fcf-a048-136eca467f03", "watermark": "boros"}, {"artist": "Loïc Canavaggia", "artistIds": ["f1e2e10b-08be-4e92-8f50-95a72850a811"], "availability": ["mtgo", "paper"], "borderColor": "black", "colorIdentity": ["R", "W"], "colors": ["R", "W"], "convertedManaCost": 3.0, "count": 1, "edhrecRank": 23986, "finishes": ["nonfoil"], "flavorText": "The recruits had a lot to learn. Luckily, she had a lot to teach.", "foreignData": [], "frameVersion": "2015", "hasFoil": false, "hasNonFoil": true, "identifiers": {"cardsphereId": "116229", "mcmId": "752676", "mtgjsonV4Id": "c51b891e-57cb-596a-8e9c-e130c3e8302c", "mtgoId": "123386", "multiverseId": "651774", "scryfallCardBackId": "0aeebaf5-8c7d-4636-9e82-8c27447861f7", "scryfallId": "78413e47-f3e3-483a-b6c7-0cf0200a8c9c", "scryfallIllustrationId": "710c36a7-fa71-4831-9cc7-53e12a951bdb", "scryfallOracleId": "56c8b610-0753-45ce-b1cc-6a5e58538286", "tcgplayerProductId": "534557"}, "isFoil": false, "isStarter": true, "keywords": ["Mentor"], "language": "English", "layout": "normal", "legalities": {"commander": "Legal", "duel": "Legal", "legacy": "Legal", "oathbreaker": "Legal", "paupercommander": "Restricted", "vintage": "Legal"}, "manaCost": "{2}{R/W}", "manaValue": 3.0, "name": "Ordruun Mentor", "number": "39", "originalText": "Mentor (Whenever this creature attacks, put a +1/+1 counter on target attacking creature with lesser power.)\nWhenever you attack a player, target creature that's attacking that player gains first strike until end of turn.", "originalType": "Creature — Minotaur Soldier", "power": "3", "printings": ["CLU"], "purchaseUrls": {"tcgplayer": "https://mtgjson.com/links/3cec80ca4074f458"}, "rarity": "uncommon", "rulings": [{"date": "2024-02-02", "text": "If the creature with mentor leaves the battlefield with the mentor ability on the stack, use its power as that creature last existed on the battlefield to determine whether the target creature has lesser power."}, {"date": "2024-02-02", "text": "If the target creature's power is no longer less than the attacking creature's power as the ability resolves, mentor doesn't add a +1/+1 counter. For example, if two 3/3 creatures with mentor attack and both mentor triggers target the same 2/2 creature, the first to resolve puts a +1/+1 counter on it and the second does nothing."}, {"date": "2024-02-02", "text": "Mentor compares the power of the creature with mentor with that of the target creature at two different times: once as the triggered ability is put onto the stack, and once as the triggered ability resolves. If you wish to raise a creature's power so its mentor ability can target a bigger creature, the last chance you have to do so is during the beginning of combat step."}], "setCode": "CLU", "sourceProducts": {"nonfoil": ["45e240fd-e8ad-5862-b176-78af37af1905"]}, "subtypes": ["Minotaur", "Soldier"], "supertypes": [], "text": "Mentor (Whenever this creature attacks, put a +1/+1 counter on target attacking creature with lesser power.)\nWhenever you attack a player, target creature that's attacking that player gains first strike until end of turn.", "toughness": "2", "type": "Creature — Minotaur Soldier", "types": ["Creature"], "uuid": "9abf7d82-7935-5080-a012-57b8a895f0e2", "watermark": "boros"}, {"artist": "Ben Maier", "artistIds": ["7bc582c5-4733-4022-8cef-844b800be9f7"], "availability": ["mtgo", "paper"], "borderColor": "black", "colorIdentity": ["R", "W"], "colors": ["W", "R"], "convertedManaCost": 5.0, "count": 1, "edhrecRank": 15288, "faceConvertedManaCost": 1.0, "faceManaValue": 1.0, "faceName": "Integrity", "finishes": ["nonfoil"], "foreignData": [], "frameVersion": "2015", "hasFoil": false, "hasNonFoil": true, "identifiers": {"cardsphereId": "116304", "mcmId": "752688", "mtgjsonV4Id": "7bac87cb-5ff1-5b20-9609-8c8a8b4ae4ab", "mtgoId": "123192", "multiverseId": "651933", "scryfallCardBackId": "0aeebaf5-8c7d-4636-9e82-8c27447861f7", "scryfallId": "54756398-5217-4771-b647-15920cf23fe5", "scryfallIllustrationId": "d0925ff9-0837-4934-b3d9-c62fdcb3be78", "scryfallOracleId": "12f252b1-d3da-43af-ab31-0c8a6807c3c4", "tcgplayerProductId": "534635"}, "isFoil": false, "isReprint": true, "language": "English", "layout": "split", "legalities": {"brawl": "Legal", "commander": "Legal", "duel": "Legal", "explorer": "Legal", "gladiator": "Legal", "historic": "Legal", "legacy": "Legal", "modern": "Legal", "oathbreaker": "Legal", "pioneer": "Legal", "timeless": "Legal", "vintage": "Legal"}, "manaCost": "{R/W}", "manaValue": 5.0, "name": "Integrity // Intervention", "number": "198", "originalText": "Target creature gets +2/+2 until end of turn.", "originalType": "Instant", "otherFaceIds": ["96ca84a8-ae76-59c6-8d6d-84d84db482ce"], "printings": ["CLU", "GRN"], "purchaseUrls": {"tcgplayer": "https://mtgjson.com/links/4b5d6ee4de2a6db5"}, "rarity": "uncommon", "rulings": [{"date": "2018-10-05", "text": "If the chosen target is an illegal target by the time Intervention tries to resolve, the spell doesn’t resolve. You don’t gain 3 life."}], "setCode": "CLU", "side": "a", "sourceProducts": {"nonfoil": ["45e240fd-e8ad-5862-b176-78af37af1905"]}, "subtypes": [], "supertypes": [], "text": "Target creature gets +2/+2 until end of turn.", "type": "Instant", "types": ["Instant"], "uuid": "45dd32ee-04d7-5675-9cd5-87ed0e70fd22", "watermark": "boros"}, {"artist": "rk post", "artistIds": ["81ae0f3f-1d88-4125-9aeb-b15b4c734c82"], "availability": ["mtgo", "paper"], "borderColor": "black", "colorIdentity": ["W"], "colors": ["W"], "convertedManaCost": 2.0, "count": 1, "edhrecRank": 16880, "finishes": ["nonfoil"], "flavorText": "\"The southern fortress taken by invaders? Heh, sure . . . when elephants fly.\"\n—Brezard Skeinbow, captain of the guard", "foreignData": [], "frameVersion": "2015", "hasFoil": false, "hasNonFoil": true, "identifiers": {"cardsphereId": "116278", "mcmId": "752719", "mtgjsonV4Id": "3dd3e4e5-6d2f-500a-8593-4769bf2f03d2", "mtgoId": "122916", "multiverseId": "651801", "scryfallCardBackId": "0aeebaf5-8c7d-4636-9e82-8c27447861f7", "scryfallId": "b4c55b3a-0cca-4b4f-9915-61847b8f1455", "scryfallIllustrationId": "71876261-b46e-4dfb-ad45-b3db4be3c293", "scryfallOracleId": "593caa15-e1d1-477f-bbb4-124d7a7b81f3", "tcgplayerProductId": "534668"}, "isFoil": false, "isReprint": true, "isStarter": true, "language": "English", "layout": "normal", "legalities": {"brawl": "Legal", "commander": "Legal", "duel": "Legal", "explorer": "Legal", "gladiator": "Legal", "historic": "Legal", "legacy": "Legal", "modern": "Legal", "oathbreaker": "Legal", "pauper": "Legal", "paupercommander": "Legal", "penny": "Legal", "pioneer": "Legal", "predh": "Legal", "timeless": "Legal", "vintage": "Legal"}, "manaCost": "{1}{W}", "manaValue": 2.0, "name": "Mighty Leap", "number": "66", "originalText": "Target creature gets +2/+2 and gains flying until end of turn.", "originalType": "Instant", "printings": ["AKH", "AKR", "CLU", "DDF", "DDG", "DDO", "GN2", "M11", "M12", "M19", "MM2", "OGW", "ORI"], "purchaseUrls": {"tcgplayer": "https://mtgjson.com/links/602be9386ee6a57b"}, "rarity": "common", "rulings": [{"date": "2018-07-13", "text": "Giving a creature flying after it’s already been blocked won’t change or undo that block. If you want to affect what can block the creature, you must cast Mighty Leap during the declare attackers step at the latest."}], "setCode": "CLU", "sourceProducts": {"nonfoil": ["45e240fd-e8ad-5862-b176-78af37af1905"]}, "subtypes": [], "supertypes": [], "text": "Target creature gets +2/+2 and gains flying until end of turn.", "type": "Instant", "types": ["Instant"], "uuid": "8f68ddac-43f5-5935-8286-e07381db550a"}, {"artist": "Greg Hildebrandt", "artistIds": ["020f967b-0d2f-4166-aabe-901dba8bc7ec"], "availability": ["mtgo", "paper"], "borderColor": "black", "colorIdentity": ["R", "W"], "colors": [], "convertedManaCost": 2.0, "count": 1, "edhrecRank": 177, "finishes": ["nonfoil"], "flavorText": "\"Have you ever held a Boros signet? There's a weight to it that belies its size—a weight of strength and of pride.\"\n—Agrus Kos", "foreignData": [], "frameVersion": "2015", "hasFoil": false, "hasNonFoil": true, "identifiers": {"cardsphereId": "116245", "mcmId": "753144", "mtgjsonV4Id": "b2f689d0-48d2-5142-85ae-dddf745aa299", "mtgoId": "123244", "multiverseId": "651955", "scryfallCardBackId": "0aeebaf5-8c7d-4636-9e82-8c27447861f7", "scryfallId": "df8388ee-5d1d-4144-a8b1-e555da72ad6b", "scryfallIllustrationId": "a640c525-8282-4d3c-87a7-7e09d2164842", "scryfallOracleId": "41c84665-1f99-40ab-aaca-1188649eb263", "tcgplayerProductId": "535160"}, "isFoil": false, "isReprint": true, "language": "English", "layout": "normal", "legalities": {"commander": "Legal", "duel": "Legal", "legacy": "Legal", "modern": "Legal", "oathbreaker": "Legal", "pauper": "Legal", "paupercommander": "Legal", "predh": "Legal", "vintage": "Legal"}, "manaCost": "{2}", "manaValue": 2.0, "name": "Boros Signet", "number": "220", "originalText": "{1}, {T}: Add {R}{W}.", "originalType": "Artifact", "printings": ["BLC", "C15", "C17", "C20", "CLU", "CM2", "CMA", "CMD", "CMM", "CMR", "GK1", "HOP", "MM3", "ONC", "PRM", "RAV", "RVR", "SLD"], "purchaseUrls": {"tcgplayer": "https://mtgjson.com/links/c91860226daa76c5"}, "rarity": "common", "setCode": "CLU", "sourceProducts": {"nonfoil": ["45e240fd-e8ad-5862-b176-78af37af1905"]}, "subtypes": [], "supertypes": [], "text": "{1}, {T}: Add {R}{W}.", "type": "Artifact", "types": ["Artifact"], "uuid": "d9ae34b0-40e3-5426-9fcf-55b8b80ad684", "watermark": "boros"}, {"artist": "Aaron Miller", "artistIds": ["fc021f3d-773a-4706-bbe7-f602324f511f"], "availability": ["mtgo", "paper"], "borderColor": "black", "colorIdentity": ["W"], "colors": ["W"], "convertedManaCost": 3.0, "count": 1, "edhrecRank": 4118, "edhrecSaltiness": 0.43, "finishes": ["nonfoil"], "foreignData": [], "frameVersion": "2015", "hasFoil": false, "hasNonFoil": true, "identifiers": {"cardsphereId": "116276", "mcmId": "753142", "mtgjsonV4Id": "be566a32-ce51-51f4-bf0e-67e6e6685f45", "mtgoId": "122914", "multiverseId": "651800", "scryfallCardBackId": "0aeebaf5-8c7d-4636-9e82-8c27447861f7", "scryfallId": "a5d4c308-23c2-451a-a65d-444fe2f87754", "scryfallIllustrationId": "a0db02d7-0a83-4e72-b0ae-0dc001bff128", "scryfallOracleId": "c8decfdf-1421-4649-acde-5215e7f08bb9", "tcgplayerProductId": "535158"}, "isFoil": false, "isReprint": true, "isStarter": true, "keywords": ["Enchant", "Goad"], "language": "English", "layout": "normal", "legalities": {"commander": "Legal", "duel": "Legal", "legacy": "Legal", "oathbreaker": "Legal", "pauper": "Legal", "paupercommander": "Legal", "vintage": "Legal"}, "manaCost": "{2}{W}", "manaValue": 3.0, "name": "Martial Impetus", "number": "65", "originalText": "Enchant creature\nEnchanted creature gets +1/+1 and is goaded. (It attacks each combat if able and attacks a player other than you if able.)\nWhenever enchanted creature attacks, each other creature that's attacking one of your opponents gets +1/+1 until end of turn.", "originalType": "Enchantment — Aura", "printings": ["BLC", "C20", "C21", "CLB", "CLU", "MKC"], "purchaseUrls": {"tcgplayer": "https://mtgjson.com/links/8cac5df920568b5a"}, "rarity": "common", "rulings": [{"date": "2023-06-30", "text": "Attacking with a goaded creature doesn't cause it to stop being goaded. If there is an additional combat phase that turn, or if another player gains control of it before it stops being goaded, it must attack again if able."}, {"date": "2023-06-30", "text": "Being goaded isn't an ability the creature has. Once it's been goaded, it must attack as detailed above even if it loses all abilities."}, {"date": "2023-06-30", "text": "If a creature you control has been goaded by multiple opponents, it must attack one of your opponents that hasn't goaded it, as that fulfills the maximum number of goad requirements. If a creature you control has been goaded by each of your opponents, the creature must attack an opponent (rather than a planeswalker or battle), but you choose which opponent it attacks."}, {"date": "2023-06-30", "text": "If the creature doesn't meet any of the above exceptions and can attack, it must attack a player other than the controller of the spell or ability that goaded it if able. If the creature can't attack any of those players but could otherwise attack, it must attack a planeswalker an opponent controls, a battle an opponent controls, or a player who goaded it."}, {"date": "2023-06-30", "text": "If, during a player's declare attackers step, a creature that player controls that's been goaded is tapped, is affected by a spell or ability that says it can't attack, or hasn't been under that player's control continuously since the turn began (and doesn't have haste), then it doesn't attack. If there's a cost associated with having a creature attack a player, its controller isn't forced to pay that cost, so it doesn't have to attack that player."}], "setCode": "CLU", "sourceProducts": {"nonfoil": ["45e240fd-e8ad-5862-b176-78af37af1905"]}, "subtypes": ["Aura"], "supertypes": [], "text": "Enchant creature\nEnchanted creature gets +1/+1 and is goaded. (It attacks each combat if able and attacks a player other than you if able.)\nWhenever enchanted creature attacks, each other creature that's attacking one of your opponents gets +1/+1 until end of turn.", "type": "Enchantment — Aura", "types": ["Enchantment"], "uuid": "88dc16c6-43a1-531c-aab1-8e169bc1820f"}, {"artist": "Alayna Danner", "artistIds": ["bb677b1a-ce51-4888-83d6-5a94de461ff9"], "availability": ["mtgo", "paper"], "borderColor": "black", "colorIdentity": ["W"], "colors": [], "convertedManaCost": 0.0, "count": 1, "edhrecRank": 1293, "edhrecSaltiness": 0.02, "finishes": ["nonfoil"], "flavorText": "Wildflowers here bloom not with the season but with the ebb and flow of magic.", "foreignData": [], "frameVersion": "2015", "hasFoil": false, "hasNonFoil": true, "identifiers": {"cardsphereId": "116196", "mcmId": "752687", "mtgjsonV4Id": "11986172-147b-5b11-9176-1aecc22cc6fd", "mtgoId": "123306", "multiverseId": "651986", "scryfallCardBackId": "0aeebaf5-8c7d-4636-9e82-8c27447861f7", "scryfallId": "a661ed62-91a0-4ce3-94f3-e6e09efd61fc", "scryfallIllustrationId": "a1053374-9774-4ca6-bb77-1f55ca3c079b", "scryfallOracleId": "d1946630-e224-40db-8f0d-388b09622288", "tcgplayerProductId": "534633"}, "isFoil": false, "isReprint": true, "language": "English", "layout": "normal", "legalities": {"brawl": "Legal", "commander": "Legal", "duel": "Legal", "gladiator": "Legal", "historic": "Legal", "legacy": "Legal", "oathbreaker": "Legal", "pauper": "Legal", "paupercommander": "Legal", "timeless": "Legal", "vintage": "Legal"}, "manaValue": 0.0, "name": "Thriving Heath", "number": "251", "originalText": "Thriving Heath enters the battlefield tapped.\nAs Thriving Heath enters the battlefield, choose a color other than white.\n{T}: Add {W} or one mana of the chosen color.", "originalType": "Land", "printings": ["AFC", "BLC", "CLU", "CMM", "J22", "JMP", "LCC", "MOC", "NCC", "WHO"], "purchaseUrls": {"tcgplayer": "https://mtgjson.com/links/72242619e416c050"}, "rarity": "common", "setCode": "CLU", "sourceProducts": {"nonfoil": ["45e240fd-e8ad-5862-b176-78af37af1905"]}, "subtypes": [], "supertypes": [], "text": "Thriving Heath enters tapped. As it enters, choose a color other than white.\n{T}: Add {W} or one mana of the chosen color.", "type": "Land", "types": ["Land"], "uuid": "b750e342-84c3-537b-91e8-231f1e43728b"}, {"artist": "Titus Lunter", "artistIds": ["b11e6b3a-f4ca-4cf1-8fd7-475696de5f5c"], "availability": ["mtgo", "paper"], "borderColor": "black", "colorIdentity": ["R", "W"], "colors": [], "convertedManaCost": 0.0, "count": 1, "edhrecRank": 1381, "edhrecSaltiness": 0.05, "finishes": ["nonfoil"], "flavorText": "\"It is our duty to protect all those in need. But the other guilds have never shown themselves worthy of that protection.\"\n—Tajic", "foreignData": [], "frameVersion": "2015", "hasFoil": false, "hasNonFoil": true, "identifiers": {"cardsphereId": "116228", "mcmId": "752675", "mtgjsonV4Id": "c8d3c04f-4814-5a27-b44d-a4baeec7907d", "mtgoId": "123268", "multiverseId": "651967", "scryfallCardBackId": "0aeebaf5-8c7d-4636-9e82-8c27447861f7", "scryfallId": "37a4719a-a956-49b1-9d72-6a146b4f6c60", "scryfallIllustrationId": "c5a0b009-1d1a-45df-a477-a3dcd012a7ba", "scryfallOracleId": "73c423b7-cab8-4e69-8070-9edbf96a6c2c", "tcgplayerProductId": "534621"}, "isFoil": false, "isReprint": true, "language": "English", "layout": "normal", "legalities": {"brawl": "Legal", "commander": "Legal", "duel": "Legal", "explorer": "Legal", "gladiator": "Legal", "historic": "Legal", "legacy": "Legal", "modern": "Legal", "oathbreaker": "Legal", "pauper": "Legal", "paupercommander": "Legal", "penny": "Legal", "pioneer": "Legal", "timeless": "Legal", "vintage": "Legal"}, "manaValue": 0.0, "name": "Boros Guildgate", "number": "232", "originalText": "Boros Guildgate enters the battlefield tapped.\n{T}: Add {R} or {W}.", "originalType": "Land — Gate", "printings": ["C13", "C15", "C17", "C19", "CLU", "CM2", "CMR", "DDL", "DGM", "GRN", "GTC", "MM3", "RVR", "ZNC"], "purchaseUrls": {"tcgplayer": "https://mtgjson.com/links/e55034c52cd9b8ab"}, "rarity": "common", "rulings": [{"date": "2013-04-15", "text": "Gate is not a basic land type."}, {"date": "2013-04-15", "text": "The subtype Gate has no special rules significance, but other spells and abilities may refer to it."}], "setCode": "CLU", "sourceProducts": {"nonfoil": ["45e240fd-e8ad-5862-b176-78af37af1905"]}, "subtypes": ["Gate"], "supertypes": [], "text": "Boros Guildgate enters tapped.\n{T}: Add {R} or {W}.", "type": "Land — Gate", "types": ["Land"], "uuid": "59d4594d-8d94-509a-a843-21809b1f762d", "watermark": "boros"}, {"artist": "John Avon", "artistIds": ["798f3932-30e0-4420-aa3f-db4d613f89ca"], "availability": ["mtgo", "paper"], "borderColor": "black", "colorIdentity": ["R", "W"], "colors": [], "convertedManaCost": 0.0, "count": 1, "edhrecRank": 352, "edhrecSaltiness": 0.1, "finishes": ["nonfoil"], "foreignData": [], "frameVersion": "2015", "hasFoil": false, "hasNonFoil": true, "identifiers": {"cardsphereId": "116230", "mcmId": "753183", "mtgjsonV4Id": "68f7d2aa-4c8f-5419-b581-038aaab94878", "mtgoId": "123266", "multiverseId": "651966", "scryfallCardBackId": "0aeebaf5-8c7d-4636-9e82-8c27447861f7", "scryfallId": "76ec3366-98f3-4903-8f7b-cfcdd60e3be1", "scryfallIllustrationId": "42955a53-28a3-4204-bca3-15a95f16ef91", "scryfallOracleId": "8fa3ac81-3dfe-4565-be99-5554f7597b4b", "tcgplayerProductId": "535194"}, "isFoil": false, "isReprint": true, "language": "English", "layout": "normal", "legalities": {"commander": "Legal", "duel": "Legal", "legacy": "Legal", "modern": "Legal", "oathbreaker": "Legal", "pauper": "Legal", "paupercommander": "Legal", "predh": "Legal", "vintage": "Legal"}, "manaValue": 0.0, "name": "Boros Garrison", "number": "231", "originalText": "Boros Garrison enters the battlefield tapped.\nWhen Boros Garrison enters the battlefield, return a land you control to its owner's hand.\n{T}: Add {R}{W}.", "originalType": "Land", "printings": ["2X2", "C13", "C15", "C16", "C17", "C19", "C20", "C21", "CLU", "CM2", "CMA", "CMD", "CMR", "DMC", "GK1", "HOP", "IMA", "MKC", "MM2", "ONC", "PRM", "RAV", "ZNC"], "purchaseUrls": {"tcgplayer": "https://mtgjson.com/links/b675eedf24ff64e1"}, "rarity": "common", "rulings": [{"date": "2013-04-15", "text": "If this land enters the battlefield and you control no other lands, its ability will force you to return it to your hand."}], "setCode": "CLU", "sourceProducts": {"nonfoil": ["45e240fd-e8ad-5862-b176-78af37af1905"]}, "subtypes": [], "supertypes": [], "text": "Boros Garrison enters tapped.\nWhen Boros Garrison enters, return a land you control to its owner's hand.\n{T}: Add {R}{W}.", "type": "Land", "types": ["Land"], "uuid": "24dcf965-f2c9-549e-b256-f0337a433ad1", "watermark": "boros"}, {"artist": "Alexandre Honoré", "artistIds": ["82ae431c-d7fa-438b-9611-01f704c3a958"], "availability": ["paper"], "borderColor": "black", "colorIdentity": ["R", "W"], "colors": ["R", "W"], "convertedManaCost": 2.0, "count": 1, "edhrecRank": 16962, "finishes": ["nonfoil"], "foreignData": [], "frameVersion": "2015", "hasFoil": false, "hasNonFoil": true, "identifiers": {"cardsphereId": "116190", "mcmId": "752700", "mtgjsonV4Id": "2a70824e-06e1-5519-a07e-1fbc2ada1d41", "multiverseId": "651757", "scryfallCardBackId": "0aeebaf5-8c7d-4636-9e82-8c27447861f7", "scryfallId": "76cd4e45-30a0-4a24-9612-adeb8fddff23", "scryfallIllustrationId": "0072946c-188d-4401-ab1b-a61b01978a3f", "scryfallOracleId": "99eb05eb-11ef-456f-9132-166a0691dd04", "tcgplayerProductId": "534562"}, "isFoil": false, "isStarter": true, "keywords": ["Equip"], "language": "English", "layout": "normal", "legalities": {"commander": "Legal", "duel": "Legal", "legacy": "Legal", "oathbreaker": "Legal", "vintage": "Legal"}, "manaCost": "{R}{W}", "manaValue": 2.0, "name": "Aegis of the Legion", "number": "22", "originalText": "Equipped creature gets +1/+1 and has mentor. (Whenever it attacks, put a +1/+1 counter on target attacking creature with lesser power.)\nWhenever equipped creature mentors a creature, put a shield counter on that creature. (If that creature would be dealt damage or destroyed, remove a shield counter from it instead.)\nEquip {3}", "originalType": "Artifact — Equipment", "printings": ["CLU"], "purchaseUrls": {"tcgplayer": "https://mtgjson.com/links/eb6b9fe865c28c22"}, "rarity": "rare", "rulings": [{"date": "2024-02-02", "text": "Aegis of the Legion's last ability triggers when a mentor ability of the equipped creature resolves. If it became unattached from a creature before a mentor ability of that creature resolves, Aegis of the Legion's last ability won't trigger when that ability resolves. Similarly, if Aegis of the Legion becomes attached to a creature that is the source of a mentor ability on the stack, Aegis of the Legion's last ability will trigger when that mentor ability resolves."}, {"date": "2024-02-02", "text": "If the creature with mentor leaves the battlefield with the mentor ability on the stack, use its power as that creature last existed on the battlefield to determine whether the target creature has lesser power."}, {"date": "2024-02-02", "text": "If the target creature's power is no longer less than the attacking creature's power as the ability resolves, mentor doesn't add a +1/+1 counter. For example, if two 3/3 creatures with mentor attack and both mentor triggers target the same 2/2 creature, the first to resolve puts a +1/+1 counter on it and the second does nothing."}, {"date": "2024-02-02", "text": "Mentor compares the power of the creature with mentor with that of the target creature at two different times: once as the triggered ability is put onto the stack, and once as the triggered ability resolves. If you wish to raise a creature's power so its mentor ability can target a bigger creature, the last chance you have to do so is during the beginning of combat step."}], "securityStamp": "oval", "setCode": "CLU", "sourceProducts": {"nonfoil": ["45e240fd-e8ad-5862-b176-78af37af1905"]}, "subtypes": ["Equipment"], "supertypes": [], "text": "Equipped creature gets +1/+1 and has mentor. (Whenever it attacks, put a +1/+1 counter on target attacking creature with lesser power.)\nWhenever equipped creature mentors a creature, put a shield counter on that creature. (If that creature would be dealt damage or destroyed, remove a shield counter from it instead.)\nEquip {3}", "type": "Artifact — Equipment", "types": ["Artifact"], "uuid": "f80b60bb-fe69-551e-86e9-711410db1930", "watermark": "boros"}, {"artist": "Stanton Feng", "artistIds": ["61529286-7476-4cb6-b6e1-8bced3b642fc"], "availability": ["mtgo", "paper"], "borderColor": "black", "colorIdentity": ["W"], "colors": ["W"], "convertedManaCost": 2.0, "count": 1, "edhrecRank": 2108, "edhrecSaltiness": 0.31, "finishes": ["nonfoil"], "flavorText": "The sky boiled over the citadel, dire and dark. Then the angels brought the dawn.", "foreignData": [], "frameVersion": "2015", "hasFoil": false, "hasNonFoil": true, "identifiers": {"cardsphereId": "116270", "mcmId": "752784", "mtgjsonV4Id": "b2f7a002-ac69-5202-b5a6-fda09b7498b4", "mtgoId": "122906", "multiverseId": "651796", "scryfallCardBackId": "0aeebaf5-8c7d-4636-9e82-8c27447861f7", "scryfallId": "1e71b0fb-2d36-4b81-bd5b-c3fd083e3e97", "scryfallIllustrationId": "31f0f9d5-4d50-43fb-a257-98929af355b3", "scryfallOracleId": "68273453-1059-4eab-8c27-5d96f998f3b1", "tcgplayerProductId": "534737"}, "isFoil": false, "isReprint": true, "isStarter": true, "language": "English", "layout": "normal", "legalities": {"brawl": "Legal", "commander": "Legal", "duel": "Legal", "explorer": "Legal", "gladiator": "Legal", "historic": "Legal", "legacy": "Legal", "modern": "Legal", "oathbreaker": "Legal", "penny": "Legal", "pioneer": "Legal", "timeless": "Legal", "vintage": "Legal"}, "manaCost": "{X}{W}{W}", "manaValue": 2.0, "name": "Finale of Glory", "number": "61", "originalText": "Create X 2/2 white Soldier creature tokens with vigilance. If X is 10 or more, also create X 4/4 white Angel creature tokens with flying and vigilance.", "originalType": "Sorcery", "printings": ["CLU", "ONC", "PWAR", "WAR"], "purchaseUrls": {"tcgplayer": "https://mtgjson.com/links/7f35e86d99c954b5"}, "rarity": "mythic", "securityStamp": "oval", "setCode": "CLU", "sourceProducts": {"nonfoil": ["45e240fd-e8ad-5862-b176-78af37af1905"]}, "subtypes": [], "supertypes": [], "text": "Create X 2/2 white Soldier creature tokens with vigilance. If X is 10 or more, also create X 4/4 white Angel creature tokens with flying and vigilance.", "type": "Sorcery", "types": ["Sorcery"], "uuid": "a6e6491c-c8f1-5158-98da-1d591bd0cae6"}, {"artist": "Alayna Danner", "artistIds": ["bb677b1a-ce51-4888-83d6-5a94de461ff9"], "availability": ["mtgo", "paper"], "borderColor": "black", "colorIdentity": ["W"], "colors": [], "convertedManaCost": 0.0, "count": 5, "edhrecSaltiness": 0.28, "finishes": ["nonfoil"], "foreignData": [], "frameVersion": "2015", "hasFoil": false, "hasNonFoil": true, "identifiers": {"cardsphereId": "116191", "mtgjsonV4Id": "1ef7688e-94ca-592a-ad14-73fd6bbd9bef", "mtgoId": "123312", "multiverseId": "651989", "scryfallCardBackId": "0aeebaf5-8c7d-4636-9e82-8c27447861f7", "scryfallId": "785c94fe-1c75-46d9-a59a-2d84ac531e7d", "scryfallIllustrationId": "a8a91e4f-0ea9-46ed-b1f2-24ed528b2b1a", "scryfallOracleId": "bc71ebf6-2056-41f7-be35-b2e5c34afa99", "tcgplayerProductId": "534536"}, "isFoil": false, "isReprint": true, "language": "English", "layout": "normal", "legalities": {"alchemy": "Legal", "brawl": "Legal", "commander": "Legal", "duel": "Legal", "explorer": "Legal", "future": "Legal", "gladiator": "Legal", "historic": "Legal", "legacy": "Legal", "modern": "Legal", "oathbreaker": "Legal", "pauper": "Legal", "paupercommander": "Legal", "penny": "Legal", "pioneer": "Legal", "predh": "Legal", "premodern": "Legal", "standard": "Legal", "standardbrawl": "Legal", "timeless": "Legal", "vintage": "Legal"}, "manaValue": 0.0, "name": "Plains", "number": "254", "originalType": "Basic Land — Plains", "printings": ["10E", "2ED", "2XM", "30A", "3ED", "40K", "4BB", "4ED", "5ED", "6ED", "7ED", "8ED", "9ED", "ACR", "AFR", "AKH", "AKR", "ALA", "ANA", "ANB", "ARC", "ATH", "AVR", "BBD", "BFZ", "BLB", "BRB", "BRC", "BRO", "C13", "C14", "C15", "C16", "C17", "C18", "C19", "CED", "CEI", "CHK", "CLB", "CLU", "CM2", "CMA", "CMD", "CMM", "CMR", "CST", "DDC", "DDE", "DDF", "DDG", "DDH", "DDI", "DDK", "DDL", "DDN", "DDO", "DDP", "DDQ", "DMR", "DMU", "DOM", "DSK", "DTK", "DVD", "E01", "ELD", "FBB", "FDN", "FRF", "G17", "GK1", "GK2", "GN2", "GN3", "GNT", "GRN", "GS1", "H09", "HBG", "HOP", "HOU", "ICE", "IKO", "INV", "ISD", "ITP", "J14", "J22", "JMP", "KHM", "KLD", "KLR", "KTK", "LCI", "LEA", "LEB", "LRW", "LTR", "M10", "M11", "M12", "M13", "M14", "M15", "M19", "M20", "M21", "MBS", "MD1", "ME1", "ME3", "MH2", "MH3", "MID", "MIR", "MKM", "MMQ", "MOM", "MRD", "NEO", "NPH", "ODY", "OLEP", "ONE", "ONS", "ORI", "OTJ", "P02", "P23", "PAL00", "PAL01", "PAL03", "PAL04", "PAL05", "PAL06", "PAL99", "PALP", "PANA", "PARL", "PC2", "PCA", "PDGM", "PELP", "PF19", "PF20", "PGPX", "PGRU", "PIP", "PLST", "PMPS", "PMPS06", "PMPS07", "PMPS08", "PMPS09", "PMPS10", "PMPS11", "POR", "PPP1", "PRM", "PRW2", "PRWK", "PS11", "PSAL", "PSS2", "PSS3", "PSS4", "PTC", "PTK", "PZ2", "RAV", "REX", "RIX", "RNA", "ROE", "RQS", "RTR", "S99", "SCD", "SHM", "SIR", "SLD", "SLP", "SNC", "SOI", "SOM", "STX", "SUM", "TD0", "TD2", "THB", "THS", "TMP", "TPR", "TSP", "UGL", "UND", "UNF", "UNH", "USG", "UST", "VOW", "WAR", "WC00", "WC02", "WC03", "WC04", "WC97", "WC98", "WHO", "WOE", "XANA", "XLN", "ZEN", "ZNR"], "purchaseUrls": {"tcgplayer": "https://mtgjson.com/links/8ddb75a18b71e552"}, "rarity": "common", "setCode": "CLU", "sourceProducts": {"nonfoil": ["45e240fd-e8ad-5862-b176-78af37af1905"]}, "subtypes": ["Plains"], "supertypes": ["Basic"], "text": "({T}: Add {W}.)", "type": "Basic Land — Plains", "types": ["Land"], "uuid": "7bbecac8-3594-5a95-8dd5-d9d56ce796d0", "variations": ["0cff3621-c234-5ae3-8e16-ba411b8dc0e5", "971996df-9f0d-5230-ab6d-165566ddf8c9", "f08dac43-488c-5237-bacd-7f5fdf54a2f7"]}], "name": "Boros Legion 1", "releaseDate": "2024-02-23", "sealedProductUuids": null, "sideBoard": [], "type": "Jumpstart"}}