{"meta": {"date": "2024-09-03", "version": "5.2.2+20240903"}, "data": {"code": "WC98", "commander": [], "mainBoard": [{"artist": "Val Mayerik", "artistIds": ["289e552e-3b58-484f-a939-64a01426e84d"], "availability": ["paper"], "borderColor": "gold", "colorIdentity": ["W"], "colors": ["W"], "convertedManaCost": 1.0, "count": 3, "edhrecRank": 12849, "edhrecSaltiness": 0.5, "finishes": ["nonfoil", "signed"], "flavorText": "The Kor forsake roots for the winding of the path; forsake voices for the silence of the mind; forsake all else for the poverty of isolation.", "foreignData": [], "frameVersion": "1997", "hasFoil": false, "hasNonFoil": true, "identifiers": {"mcmId": "249863", "mtgjsonV4Id": "6143855c-84a2-5f11-bb0c-229b72e0cb86", "scryfallCardBackId": "df9a3149-dae5-4319-85bb-00d37c023360", "scryfallId": "cb960fa6-250d-4183-ad2f-8a9eda14eb7c", "scryfallIllustrationId": "9bd75612-7307-44f8-aec5-b94f0334424c", "scryfallOracleId": "b8d395a3-0bfe-45c3-bb3a-820d4f235b88", "tcgplayerProductId": "164590"}, "isFoil": false, "isReprint": true, "isStarter": true, "language": "English", "layout": "normal", "legalities": {}, "manaCost": "{W}", "manaValue": 1.0, "name": "Nomads en-Kor", "number": "bh9", "power": "1", "printings": ["MB2", "STH", "TPR", "WC98"], "purchaseUrls": {"tcgplayer": "https://mtgjson.com/links/cc4b6806bb088a35"}, "rarity": "common", "rulings": [{"date": "2004-10-04", "text": "It can redirect damage to itself."}, {"date": "2004-10-04", "text": "It is possible to redirect more damage to a creature than that creature’s toughness."}, {"date": "2004-10-04", "text": "The ability of this card does not do anything to stop Trample damage from being assigned to the defending player."}, {"date": "2004-10-04", "text": "You can use this ability as much as you want prior to damage being dealt."}, {"date": "2013-07-01", "text": "When you redirect combat damage it is still combat damage."}], "setCode": "WC98", "signature": "Brian Hacker", "sourceProducts": {"nonfoil": ["c79bc090-45f7-5d32-bd48-68e3a0d4220e"]}, "subtypes": ["Kor", "Nomad", "Soldier"], "supertypes": [], "text": "{0}: The next 1 damage that would be dealt to Nomads en-Kor this turn is dealt to target creature you control instead.", "toughness": "1", "type": "Creature — Kor Nomad Soldier", "types": ["Creature"], "uuid": "876ae817-7a35-56ca-891e-8ddd1e2e936b"}, {"artist": "Randy Elliott", "artistIds": ["b0ffcdc0-0af0-4d2d-bcb7-a926043695b4"], "availability": ["paper"], "borderColor": "gold", "colorIdentity": ["W"], "colors": ["W"], "convertedManaCost": 3.0, "count": 3, "edhrecRank": 17832, "finishes": ["nonfoil", "signed"], "flavorText": "\"Our belief shall be the lance that pierces Volrath's heart.\"", "foreignData": [], "frameVersion": "1997", "hasFoil": false, "hasNonFoil": true, "identifiers": {"mcmId": "249864", "mtgjsonV4Id": "c73ab1f7-66fe-5037-bcce-04ffe82cf28b", "scryfallCardBackId": "df9a3149-dae5-4319-85bb-00d37c023360", "scryfallId": "e4190b68-0555-4712-be52-82dae27cfddd", "scryfallIllustrationId": "fd626be3-6f18-45cd-adfd-e294c18bfa2c", "scryfallOracleId": "fd8722e1-9c41-4037-ab7e-47e2aa9858a0", "tcgplayerProductId": "164591"}, "isFoil": false, "isReprint": true, "isStarter": true, "keywords": ["First strike", "Protection"], "language": "English", "layout": "normal", "legalities": {}, "manaCost": "{1}{W}{W}", "manaValue": 3.0, "name": "Paladin en-Vec", "number": "bh12", "power": "2", "printings": ["10E", "9ED", "EXO", "PLST", "TPR", "WC98"], "purchaseUrls": {"tcgplayer": "https://mtgjson.com/links/664057db74d993e6"}, "rarity": "rare", "setCode": "WC98", "signature": "Brian Hacker", "sourceProducts": {"nonfoil": ["c79bc090-45f7-5d32-bd48-68e3a0d4220e"]}, "subtypes": ["Human", "Knight"], "supertypes": [], "text": "First strike, protection from black and from red (This creature deals combat damage before creatures without first strike. It can't be blocked, targeted, dealt damage, or enchanted by anything black or red.)", "toughness": "2", "type": "Creature — Human Knight", "types": ["Creature"], "uuid": "7e25b96a-a6c7-5c8c-9f01-a59c0b537bd7"}, {"artist": "Janet Aulisio", "artistIds": ["19939bd6-d9fc-40f4-aea6-e1afef238b29"], "availability": ["paper"], "borderColor": "gold", "colorIdentity": ["W"], "colors": ["W"], "convertedManaCost": 2.0, "count": 4, "edhrecRank": 17180, "edhrecSaltiness": 0.5, "finishes": ["nonfoil", "signed"], "flavorText": "\"Prayer rarely explains.\"\n—Orim, Samite healer", "foreignData": [], "frameVersion": "1997", "hasFoil": false, "hasNonFoil": true, "identifiers": {"mcmId": "249865", "mtgjsonV4Id": "96356cea-4ffe-56df-a8dd-75ed164e73cc", "scryfallCardBackId": "df9a3149-dae5-4319-85bb-00d37c023360", "scryfallId": "1ff3b03e-d615-42d2-8903-4df096dfbcd7", "scryfallIllustrationId": "70bec4eb-c396-49d9-a742-ec156f6bc889", "scryfallOracleId": "5fed5377-07cf-4ad9-86fd-1efe1f182088", "tcgplayerProductId": "164597"}, "isFoil": false, "isReprint": true, "isStarter": true, "keywords": ["Protection", "Shadow"], "language": "English", "layout": "normal", "legalities": {}, "manaCost": "{W}{W}", "manaValue": 2.0, "name": "Soltari Monk", "number": "bh45", "power": "2", "printings": ["PLST", "TMP", "TPR", "WC98"], "purchaseUrls": {"tcgplayer": "https://mtgjson.com/links/c8942766da3ff6db"}, "rarity": "uncommon", "rulings": [{"date": "2021-03-19", "text": "If an attacking creature has multiple evasion abilities, such as shadow and flying, a creature can block it only if that creature satisfies all of the appropriate evasion abilities."}, {"date": "2021-03-19", "text": "Multiple instances of shadow on the same creature are redundant."}, {"date": "2021-03-19", "text": "Once a creature has been blocked, that creature remains blocked and will deal and be dealt combat damage even if it gains or loses shadow or if the blocking creature gains or loses shadow."}], "setCode": "WC98", "signature": "Brian Hacker", "sourceProducts": {"nonfoil": ["c79bc090-45f7-5d32-bd48-68e3a0d4220e"]}, "subtypes": ["Soltari", "Monk", "Cleric"], "supertypes": [], "text": "Protection from black\nShadow (This creature can block or be blocked by only creatures with shadow.)", "toughness": "1", "type": "Creature — Soltari Monk Cleric", "types": ["Creature"], "uuid": "dba50a17-6409-5b27-acc5-b1ad382cfc22"}, {"artist": "Janet Aulisio", "artistIds": ["19939bd6-d9fc-40f4-aea6-e1afef238b29"], "availability": ["paper"], "borderColor": "gold", "colorIdentity": ["W"], "colors": ["W"], "convertedManaCost": 2.0, "count": 4, "edhrecRank": 18765, "edhrecSaltiness": 0.17, "finishes": ["nonfoil", "signed"], "flavorText": "\"In Rath,\" the priest said, \"there is even greater need for prayer.\"", "foreignData": [], "frameVersion": "1997", "hasFoil": false, "hasNonFoil": true, "identifiers": {"mcmId": "249866", "mtgjsonV4Id": "478e0feb-9fd4-518d-83c4-0c1d67071dde", "scryfallCardBackId": "df9a3149-dae5-4319-85bb-00d37c023360", "scryfallId": "3de6ffe1-e308-466c-9333-fbd09a97bb7a", "scryfallIllustrationId": "4b48b1b1-1590-44e9-ac9f-9a86cfadc1af", "scryfallOracleId": "f8c9cb9f-3a37-4004-9cde-f51ca5579e1a", "tcgplayerProductId": "164598"}, "isFoil": false, "isReprint": true, "isStarter": true, "keywords": ["Protection", "Shadow"], "language": "English", "layout": "normal", "legalities": {}, "manaCost": "{W}{W}", "manaValue": 2.0, "name": "Soltari Priest", "number": "bh46", "power": "2", "printings": ["F02", "PJAS", "PJJT", "PJSE", "PRM", "PSUS", "TMP", "TPR", "TSB", "WC98"], "purchaseUrls": {"tcgplayer": "https://mtgjson.com/links/dabb98ad566b1bf3"}, "rarity": "uncommon", "rulings": [{"date": "2021-03-19", "text": "If an attacking creature has multiple evasion abilities, such as shadow and flying, a creature can block it only if that creature satisfies all of the appropriate evasion abilities."}, {"date": "2021-03-19", "text": "Multiple instances of shadow on the same creature are redundant."}, {"date": "2021-03-19", "text": "Once a creature has been blocked, that creature remains blocked and will deal and be dealt combat damage even if it gains or loses shadow or if the blocking creature gains or loses shadow."}], "setCode": "WC98", "signature": "Brian Hacker", "sourceProducts": {"nonfoil": ["c79bc090-45f7-5d32-bd48-68e3a0d4220e"]}, "subtypes": ["Soltari", "Cleric"], "supertypes": [], "text": "Protection from red\nShadow (This creature can block or be blocked by only creatures with shadow.)", "toughness": "1", "type": "Creature — Soltari Cleric", "types": ["Creature"], "uuid": "a0dd4439-c3cd-508d-94f6-c50e55c83f99"}, {"artist": "Adam Rex", "artistIds": ["445bd2fb-4a70-4599-87a4-83cf5979fc56"], "availability": ["paper"], "borderColor": "gold", "colorIdentity": ["W"], "colors": ["W"], "convertedManaCost": 3.0, "count": 1, "edhrecRank": 10933, "edhrecSaltiness": 0.73, "finishes": ["nonfoil", "signed"], "foreignData": [], "frameVersion": "1997", "hasFoil": false, "hasNonFoil": true, "identifiers": {"mcmId": "249867", "mtgjsonV4Id": "dfb671f7-2ef4-58b6-9b05-ff88dcdc7dcc", "scryfallCardBackId": "df9a3149-dae5-4319-85bb-00d37c023360", "scryfallId": "f67bb845-8ace-47e4-b18b-7b4d20931308", "scryfallIllustrationId": "85ed8a4c-18e8-4fa1-8da7-3d9bf61009b0", "scryfallOracleId": "7971f5c2-97b7-441f-ad77-954f43ede0a1", "tcgplayerProductId": "164599"}, "isFoil": false, "isReprint": true, "isStarter": true, "keywords": ["Shadow"], "language": "English", "layout": "normal", "legalities": {}, "manaCost": "{1}{W}{W}", "manaValue": 3.0, "name": "Soltari Visionary", "number": "bh20", "power": "2", "printings": ["EXO", "WC98"], "purchaseUrls": {"tcgplayer": "https://mtgjson.com/links/00e3a97c3225cedc"}, "rarity": "common", "rulings": [{"date": "2004-10-04", "text": "If the damaged player controls any enchantments, you must choose one to be destroyed. If they do not, nothing happens."}, {"date": "2021-03-19", "text": "If an attacking creature has multiple evasion abilities, such as shadow and flying, a creature can block it only if that creature satisfies all of the appropriate evasion abilities."}, {"date": "2021-03-19", "text": "Multiple instances of shadow on the same creature are redundant."}, {"date": "2021-03-19", "text": "Once a creature has been blocked, that creature remains blocked and will deal and be dealt combat damage even if it gains or loses shadow or if the blocking creature gains or loses shadow."}], "setCode": "WC98", "signature": "Brian Hacker", "sourceProducts": {"nonfoil": ["c79bc090-45f7-5d32-bd48-68e3a0d4220e"]}, "subtypes": ["Soltari", "Cleric"], "supertypes": [], "text": "Shadow (This creature can block or be blocked by only creatures with shadow.)\nWhenever Soltari Visionary deals damage to a player, destroy target enchantment that player controls.", "toughness": "2", "type": "Creature — Soltari Cleric", "types": ["Creature"], "uuid": "5e8a7e73-76d9-5d00-b862-ad6e8af054f4"}, {"artist": "Randy Gallegos", "artistIds": ["a5048cc7-438a-4378-98e4-da99b78e1db0"], "availability": ["paper"], "borderColor": "gold", "colorIdentity": ["W"], "colors": ["W"], "convertedManaCost": 1.0, "count": 4, "edhrecRank": 585, "edhrecSaltiness": 0.4, "finishes": ["nonfoil", "signed"], "flavorText": "Count carefully the souls and see that none are lost.\n—Vec teaching", "foreignData": [], "frameVersion": "1997", "hasFoil": false, "hasNonFoil": true, "identifiers": {"mcmId": "249868", "mtgjsonV4Id": "e899ae6d-8c04-51a4-a62d-f0d198bf557e", "scryfallCardBackId": "df9a3149-dae5-4319-85bb-00d37c023360", "scryfallId": "122cfae7-ab44-4458-9f1d-ca43f9766777", "scryfallIllustrationId": "c59983d5-da9e-4f54-aef7-ec8742c1f355", "scryfallOracleId": "f3fad295-1af2-4ecc-8546-b121ad6be27b", "tcgplayerProductId": "164600"}, "isFoil": false, "isReprint": true, "isStarter": true, "language": "English", "layout": "normal", "legalities": {}, "manaCost": "{W}", "manaValue": 1.0, "name": "Soul Warden", "number": "bh21", "power": "1", "printings": ["10E", "9ED", "BRB", "EXO", "HA1", "HOP", "M10", "MD1", "MM3", "PLST", "PSAL", "SLD", "WC98"], "purchaseUrls": {"tcgplayer": "https://mtgjson.com/links/0ebea79f17d26539"}, "rarity": "common", "rulings": [{"date": "2004-10-04", "text": "Does not trigger on a card on the battlefield being changed into a creature."}, {"date": "2004-10-04", "text": "The ability will not trigger on itself entering, but it will trigger on any other creature that is put onto the battlefield at the same time."}, {"date": "2005-08-01", "text": "The life gain is mandatory."}, {"date": "2005-08-01", "text": "Two Soul Wardens entering at the same time will each cause the other's ability to trigger."}], "setCode": "WC98", "signature": "Brian Hacker", "sourceProducts": {"nonfoil": ["c79bc090-45f7-5d32-bd48-68e3a0d4220e"]}, "subtypes": ["Human", "Cleric"], "supertypes": [], "text": "Whenever another creature enters, you gain 1 life.", "toughness": "1", "type": "Creature — Human Cleric", "types": ["Creature"], "uuid": "17e83640-8ff1-5380-8c7e-5f300c0f513c"}, {"artist": "Stephen Daniele", "artistIds": ["a267f9bb-072b-410a-a704-50f4d19020d8"], "availability": ["paper"], "borderColor": "gold", "colorIdentity": ["W"], "colors": ["W"], "convertedManaCost": 2.0, "count": 4, "edhrecRank": 19786, "edhrecSaltiness": 0.2, "finishes": ["nonfoil", "signed"], "flavorText": "Only a matter as vital as destroying Volrath could bring together the reclusive Kor people.", "foreignData": [], "frameVersion": "1997", "hasFoil": false, "hasNonFoil": true, "identifiers": {"mcmId": "249869", "mtgjsonV4Id": "df0009dd-756c-516c-b64c-12689280fac0", "scryfallCardBackId": "df9a3149-dae5-4319-85bb-00d37c023360", "scryfallId": "f93bf0e1-4898-4363-9ab5-12151679f349", "scryfallIllustrationId": "7aab0adb-4f4b-4c0b-b4f5-6b725f378d35", "scryfallOracleId": "1245b165-e26f-4839-8468-2e95148fc6f6", "tcgplayerProductId": "164603"}, "isFoil": false, "isReprint": true, "isStarter": true, "language": "English", "layout": "normal", "legalities": {}, "manaCost": "{W}{W}", "manaValue": 2.0, "name": "Warrior en-Kor", "number": "bh23b", "power": "2", "printings": ["PLST", "STH", "TPR", "WC98"], "purchaseUrls": {"tcgplayer": "https://mtgjson.com/links/37e486e3c4517535"}, "rarity": "uncommon", "rulings": [{"date": "2004-10-04", "text": "It can redirect damage to itself."}, {"date": "2004-10-04", "text": "It is possible to redirect more damage to a creature than that creature’s toughness."}, {"date": "2004-10-04", "text": "The ability of this card does not do anything to stop Trample damage from being assigned to the defending player."}, {"date": "2004-10-04", "text": "You can use this ability as much as you want prior to damage being dealt."}, {"date": "2013-07-01", "text": "When you redirect combat damage it is still combat damage."}], "setCode": "WC98", "signature": "Brian Hacker", "sourceProducts": {"nonfoil": ["c79bc090-45f7-5d32-bd48-68e3a0d4220e"]}, "subtypes": ["Kor", "Warrior", "Knight"], "supertypes": [], "text": "{0}: The next 1 damage that would be dealt to Warrior en-Kor this turn is dealt to target creature you control instead.", "toughness": "2", "type": "Creature — Kor Warrior Knight", "types": ["Creature"], "uuid": "c942f4fb-bcd6-546e-8e81-4a5e79e3a9e1"}, {"artist": "Daniel Gelon", "artistIds": ["63ac31a8-dd1a-4679-9f82-ece89429a084"], "availability": ["paper"], "borderColor": "gold", "colorIdentity": ["W"], "colors": ["W"], "convertedManaCost": 2.0, "count": 4, "edhrecRank": 15258, "finishes": ["nonfoil", "signed"], "flavorText": "Out of the blackness and stench of the engulfing swamp emerged a shimmering figure. Only the splattered armor and ichor-stained sword hinted at the unfathomable evil the knight had just laid waste.", "foreignData": [], "frameVersion": "1997", "hasFoil": false, "hasNonFoil": true, "identifiers": {"mcmId": "249870", "mtgjsonV4Id": "2bce5cf3-13cf-5021-b494-8a86fc510357", "scryfallCardBackId": "df9a3149-dae5-4319-85bb-00d37c023360", "scryfallId": "50c3877e-9a84-4220-93a9-e7bfc67ce528", "scryfallIllustrationId": "744ebeb0-046c-4a0f-be42-01314421dec5", "scryfallOracleId": "ddb021df-ae4a-4ac1-8353-d0b375761714", "tcgplayerProductId": "164604"}, "isFoil": false, "isReprint": true, "isStarter": true, "keywords": ["First strike", "Protection"], "language": "English", "layout": "normal", "legalities": {}, "manaCost": "{W}{W}", "manaValue": 2.0, "name": "White Knight", "number": "bh68", "power": "2", "printings": ["2ED", "30A", "3ED", "4BB", "4ED", "5ED", "ATH", "CED", "CEI", "DDG", "F02", "FBB", "LEA", "LEB", "LGN", "M10", "M11", "ME4", "PLST", "PRM", "SUM", "WC98"], "purchaseUrls": {"tcgplayer": "https://mtgjson.com/links/dc9549a9613f4a40"}, "rarity": "uncommon", "setCode": "WC98", "signature": "Brian Hacker", "sourceProducts": {"nonfoil": ["c79bc090-45f7-5d32-bd48-68e3a0d4220e"]}, "subtypes": ["Human", "Knight"], "supertypes": [], "text": "First strike (This creature deals combat damage before creatures without first strike.)\nProtection from black (This creature can't be blocked, targeted, dealt damage, or enchanted by anything black.)", "toughness": "2", "type": "Creature — Human Knight", "types": ["Creature"], "uuid": "a76e7d98-8e70-5865-a4e7-542f73c04331"}, {"artist": "D. Alexander Gregory", "artistIds": ["38433e15-f0f5-4223-a985-2d13c4aa0922"], "availability": ["paper"], "borderColor": "gold", "colorIdentity": ["W"], "colors": ["W"], "convertedManaCost": 3.0, "count": 1, "edhrecRank": 1357, "edhrecSaltiness": 1.15, "finishes": ["nonfoil", "signed"], "foreignData": [], "frameVersion": "1997", "hasFoil": false, "hasNonFoil": true, "identifiers": {"mcmId": "249871", "mtgjsonV4Id": "274f55d3-725f-5021-bba7-0e4d26a3035a", "scryfallCardBackId": "df9a3149-dae5-4319-85bb-00d37c023360", "scryfallId": "17474840-7444-4295-97c7-d0002fa3eff6", "scryfallIllustrationId": "f6bed459-deff-4ccf-a8bf-82ecb2ccf6be", "scryfallOracleId": "e7faf8eb-e829-4109-8dfe-42865a23ba86", "tcgplayerProductId": "164580"}, "isFoil": false, "isReprint": true, "isStarter": true, "language": "English", "layout": "normal", "legalities": {}, "manaCost": "{1}{W}{W}", "manaValue": 3.0, "name": "Aura of Silence", "number": "bh7b", "printings": ["10E", "C15", "F02", "PLST", "PRM", "TD0", "WC98", "WTH"], "purchaseUrls": {"tcgplayer": "https://mtgjson.com/links/3b771bfab3bbea5f"}, "rarity": "uncommon", "rulings": [{"date": "2004-10-04", "text": "Aura of Silence affects all opponents in a multiplayer game."}], "setCode": "WC98", "signature": "Brian Hacker", "sourceProducts": {"nonfoil": ["c79bc090-45f7-5d32-bd48-68e3a0d4220e"]}, "subtypes": [], "supertypes": [], "text": "Artifact and enchantment spells your opponents cast cost {2} more to cast.\nSacrifice Aura of Silence: Destroy target artifact or enchantment.", "type": "Enchantment", "types": ["Enchantment"], "uuid": "624b8193-fad9-5b90-a24b-df331a351fd4", "variations": ["bdfd06d9-3faa-5b7c-8186-7d9e391418ed"]}, {"artist": "D. Alexander Gregory", "artistIds": ["38433e15-f0f5-4223-a985-2d13c4aa0922"], "availability": ["paper"], "borderColor": "gold", "colorIdentity": ["W"], "colors": ["W"], "convertedManaCost": 3.0, "count": 4, "edhrecRank": 12173, "edhrecSaltiness": 0.43, "finishes": ["nonfoil", "signed"], "flavorText": "\"An angel appeared in the smoldering skies above the fray, her clothes as flames, her armor as fire.\"\n—\"Hymn of Angelfire\"", "foreignData": [], "frameVersion": "1997", "hasFoil": false, "hasNonFoil": true, "identifiers": {"mcmId": "249873", "mtgjsonV4Id": "a19f6a26-3f3a-5dd8-ac6c-4283c06d90aa", "scryfallCardBackId": "df9a3149-dae5-4319-85bb-00d37c023360", "scryfallId": "808e3f16-ce3c-4623-bc45-02addbeadc60", "scryfallIllustrationId": "7e27d80f-5622-47d2-a79d-a23c85ff1a3d", "scryfallOracleId": "ec9e8611-e785-4d5d-b6e1-bf63daf408df", "tcgplayerProductId": "164589"}, "isFoil": false, "isReprint": true, "isStarter": true, "keywords": ["Enchant"], "language": "English", "layout": "normal", "legalities": {}, "manaCost": "{1}{W}{W}", "manaValue": 3.0, "name": "Empyrial Armor", "number": "bh13", "printings": ["PAL01", "PLST", "PRM", "TD0", "VMA", "WC98", "WTH"], "purchaseUrls": {"tcgplayer": "https://mtgjson.com/links/d176c5dda93fa0cd"}, "rarity": "common", "rulings": [{"date": "2004-10-04", "text": "The value of X is recalculated constantly, so this card’s bonus varies as the number of cards in your hand varies."}], "setCode": "WC98", "signature": "Brian Hacker", "sourceProducts": {"nonfoil": ["c79bc090-45f7-5d32-bd48-68e3a0d4220e"]}, "subtypes": ["Aura"], "supertypes": [], "text": "Enchant creature\nEnchanted creature gets +1/+1 for each card in your hand.", "type": "Enchantment — Aura", "types": ["Enchantment"], "uuid": "461c52c3-07c8-592f-bfbe-3f95802fae0e"}, {"artist": "Jim Nelson", "artistIds": ["aa9f64d1-29e1-4c82-877e-44c18183f40b"], "availability": ["paper"], "borderColor": "gold", "colorIdentity": ["W"], "colors": ["W"], "convertedManaCost": 4.0, "count": 4, "edhrecRank": 10027, "edhrecSaltiness": 1.71, "finishes": ["nonfoil", "signed"], "flavorText": "The *Weatherlight* dragged the *Predator* behind it, the cradle hauling the casket.", "foreignData": [], "frameVersion": "1997", "hasFoil": false, "hasNonFoil": true, "identifiers": {"mcmId": "249874", "mtgjsonV4Id": "c61503db-8460-513e-94ff-1faad828cedd", "scryfallCardBackId": "df9a3149-dae5-4319-85bb-00d37c023360", "scryfallId": "8e3ad58b-fe25-48a7-aaef-0c1cbc5db593", "scryfallIllustrationId": "85999179-35f3-465f-a3b7-d0c4dec63c59", "scryfallOracleId": "b0479ca4-e925-4aa7-a4fa-f7e01f899ac5", "tcgplayerProductId": "164584"}, "isFoil": false, "isReprint": true, "isStarter": true, "language": "English", "layout": "normal", "legalities": {}, "manaCost": "{2}{W}{W}", "manaValue": 4.0, "name": "Cataclysm", "number": "bh3", "printings": ["EXO", "PLST", "TPR", "V14", "WC98"], "purchaseUrls": {"tcgplayer": "https://mtgjson.com/links/d77d3356fa9762c6"}, "rarity": "rare", "rulings": [{"date": "2004-10-04", "text": "If you control a permanent with more than one type, you can choose that permanent to be the representative of either type. This makes it possible to have more than one creature (or other permanent type) on the battlefield. For example, if you select a creature for your creature and an artifact creature for your artifact, you get to keep both of these creatures."}, {"date": "2004-10-04", "text": "If you control a permanent with more than one type, you can choose that same permanent for more than one of the choices if you want to. This makes it possible to select an artifact creature as both your artifact and creature, and then select a land and thereby keep only two cards."}, {"date": "2004-10-04", "text": "The current player makes their choices before the other player. After both players make choices, all the sacrifices are done simultaneously."}, {"date": "2004-10-04", "text": "The permanents to save are chosen on resolution. You do not choose them when casting the spell."}, {"date": "2014-02-01", "text": "Each permanent not chosen by a player will be sacrificed. If a permanent has none of the listed types (for example, a Planeswalker with no other types), it can’t be chosen."}], "setCode": "WC98", "signature": "Brian Hacker", "sourceProducts": {"nonfoil": ["c79bc090-45f7-5d32-bd48-68e3a0d4220e"]}, "subtypes": [], "supertypes": [], "text": "Each player chooses from among the permanents they control an artifact, a creature, an enchantment, and a land, then sacrifices the rest.", "type": "Sorcery", "types": ["Sorcery"], "uuid": "e5cb37f2-ef5a-5393-8b1a-449840670d4e"}, {"artist": "Allen Williams", "artistIds": ["8a56d854-b424-45ec-9262-e993a382a961"], "availability": ["paper"], "borderColor": "gold", "colorIdentity": ["W"], "colors": ["W"], "convertedManaCost": 2.0, "count": 3, "edhrecRank": 853, "edhrecSaltiness": 0.14, "finishes": ["nonfoil", "signed"], "flavorText": "The swarm seemed unmoved by the artificial slivers' destruction. \"They clearly were not the leaders,\" Hanna cursed. \"I guess we'll have to do this the hard way.\"", "foreignData": [], "frameVersion": "1997", "hasFoil": false, "hasNonFoil": true, "identifiers": {"mcmId": "249875", "mtgjsonV4Id": "1b13763b-a93a-5c95-9981-ab76ca2e502c", "scryfallCardBackId": "df9a3149-dae5-4319-85bb-00d37c023360", "scryfallId": "0f863b91-992b-443a-a910-a6ff78afc0e6", "scryfallIllustrationId": "fa244bcf-1077-4ef2-a9d8-5827fee34178", "scryfallOracleId": "a7e97fa9-4b72-4548-b854-5be5f18a6f1a", "tcgplayerProductId": "164588"}, "isFoil": false, "isReprint": true, "isStarter": true, "language": "English", "layout": "normal", "legalities": {}, "manaCost": "{1}{W}", "manaValue": 2.0, "name": "Disenchant", "number": "bh16", "printings": ["2ED", "30A", "3ED", "4BB", "4ED", "5ED", "6ED", "7ED", "A25", "ATH", "BRB", "BRO", "CED", "CEI", "CMR", "CN2", "CST", "F03", "FBB", "ICE", "IMA", "LEA", "LEB", "M20", "ME2", "ME3", "MIR", "MMQ", "OLEP", "P07", "PARL", "PLST", "PMEI", "PRM", "PTC", "SCD", "SUM", "TMP", "TPR", "TSB", "USG", "WC97", "WC98", "ZNR"], "purchaseUrls": {"tcgplayer": "https://mtgjson.com/links/87a5daeef51534ae"}, "rarity": "common", "rulings": [{"date": "2004-10-04", "text": "This is not modal. If the target changes from an artifact to an enchantment or vice versa, this still destroys it."}], "setCode": "WC98", "signature": "Brian Hacker", "sourceProducts": {"nonfoil": ["c79bc090-45f7-5d32-bd48-68e3a0d4220e"]}, "subtypes": [], "supertypes": [], "text": "Destroy target artifact or enchantment.", "type": "Instant", "types": ["Instant"], "uuid": "b165377b-cab7-5da9-8ea5-fcef32cdd09c", "variations": ["7bafb37c-2f2d-5a72-97f8-1dc0ad05bc11"]}, {"artist": "Jon J Muth", "artistIds": ["32e6b862-3f86-4408-a351-fe4edef5e7b2"], "availability": ["paper"], "borderColor": "gold", "colorIdentity": ["W"], "colors": ["W"], "convertedManaCost": 1.0, "count": 4, "edhrecRank": 7320, "edhrecSaltiness": 0.17, "finishes": ["nonfoil", "signed"], "foreignData": [], "frameVersion": "1997", "hasFoil": false, "hasNonFoil": true, "identifiers": {"mcmId": "249877", "mtgjsonV4Id": "dcd5707d-505e-5818-a4f7-807b37087ff3", "scryfallCardBackId": "df9a3149-dae5-4319-85bb-00d37c023360", "scryfallId": "f6df83aa-e414-4968-9425-6107b4ca2adc", "scryfallIllustrationId": "cdb9f0cf-c397-4e26-8178-d4098580df44", "scryfallOracleId": "318304f5-0929-4cd3-97e6-08ac1ac48aa6", "tcgplayerProductId": "164602"}, "isFoil": false, "isReprint": true, "isReserved": true, "isStarter": true, "language": "English", "layout": "normal", "legalities": {}, "manaCost": "{W}", "manaValue": 1.0, "name": "Tithe", "number": "bh23a", "printings": ["VIS", "WC98"], "purchaseUrls": {"tcgplayer": "https://mtgjson.com/links/9ad2e304c2d41d1f"}, "rarity": "rare", "rulings": [{"date": "2004-10-04", "text": "Because the “search” requires you to find a card with certain characteristics, you don’t have to find the card if you don’t want to."}, {"date": "2004-10-04", "text": "Counts lands on resolution, not on announcement."}], "setCode": "WC98", "signature": "Brian Hacker", "sourceProducts": {"nonfoil": ["c79bc090-45f7-5d32-bd48-68e3a0d4220e"]}, "subtypes": [], "supertypes": [], "text": "Search your library for a Plains card. If target opponent controls more lands than you, you may search your library for an additional Plains card. Reveal those cards, put them into your hand, then shuffle.", "type": "Instant", "types": ["Instant"], "uuid": "aff56f91-7ba0-5e4e-a890-f8345bfef0f0"}, {"artist": "Terese Nielsen", "artistIds": ["eb55171c-2342-45f4-a503-2d5a75baf752"], "availability": ["paper"], "borderColor": "gold", "colorIdentity": ["W"], "colors": [], "convertedManaCost": 0.0, "count": 5, "edhrecSaltiness": 0.28, "finishes": ["nonfoil", "signed"], "foreignData": [], "frameVersion": "1997", "hasFoil": false, "hasNonFoil": true, "identifiers": {"mcmId": "249881", "mtgjsonV4Id": "67b159c8-7727-532a-82fc-4de7a2624f68", "scryfallCardBackId": "df9a3149-dae5-4319-85bb-00d37c023360", "scryfallId": "01e63bfc-c4a0-44a3-a120-13c3cd928ca6", "scryfallIllustrationId": "6b7320cb-e6a1-4ce4-b42b-dde2c8b64e83", "scryfallOracleId": "bc71ebf6-2056-41f7-be35-b2e5c34afa99", "tcgplayerProductId": "164594"}, "isFoil": false, "isReprint": true, "isStarter": true, "language": "English", "layout": "normal", "legalities": {}, "manaValue": 0.0, "name": "Plains", "number": "bh331", "printings": ["10E", "2ED", "2XM", "30A", "3ED", "40K", "4BB", "4ED", "5ED", "6ED", "7ED", "8ED", "9ED", "ACR", "AFR", "AKH", "AKR", "ALA", "ANA", "ANB", "ARC", "ATH", "AVR", "BBD", "BFZ", "BLB", "BRB", "BRC", "BRO", "C13", "C14", "C15", "C16", "C17", "C18", "C19", "CED", "CEI", "CHK", "CLB", "CLU", "CM2", "CMA", "CMD", "CMM", "CMR", "CST", "DDC", "DDE", "DDF", "DDG", "DDH", "DDI", "DDK", "DDL", "DDN", "DDO", "DDP", "DDQ", "DMR", "DMU", "DOM", "DSK", "DTK", "DVD", "E01", "ELD", "FBB", "FDN", "FRF", "G17", "GK1", "GK2", "GN2", "GN3", "GNT", "GRN", "GS1", "H09", "HBG", "HOP", "HOU", "ICE", "IKO", "INV", "ISD", "ITP", "J14", "J22", "JMP", "KHM", "KLD", "KLR", "KTK", "LCI", "LEA", "LEB", "LRW", "LTR", "M10", "M11", "M12", "M13", "M14", "M15", "M19", "M20", "M21", "MBS", "MD1", "ME1", "ME3", "MH2", "MH3", "MID", "MIR", "MKM", "MMQ", "MOM", "MRD", "NEO", "NPH", "ODY", "OLEP", "ONE", "ONS", "ORI", "OTJ", "P02", "P23", "PAL00", "PAL01", "PAL03", "PAL04", "PAL05", "PAL06", "PAL99", "PALP", "PANA", "PARL", "PC2", "PCA", "PDGM", "PELP", "PF19", "PF20", "PGPX", "PGRU", "PIP", "PLST", "PMPS", "PMPS06", "PMPS07", "PMPS08", "PMPS09", "PMPS10", "PMPS11", "POR", "PPP1", "PRM", "PRW2", "PRWK", "PS11", "PSAL", "PSS2", "PSS3", "PSS4", "PTC", "PTK", "PZ2", "RAV", "REX", "RIX", "RNA", "ROE", "RQS", "RTR", "S99", "SCD", "SHM", "SIR", "SLD", "SLP", "SNC", "SOI", "SOM", "STX", "SUM", "TD0", "TD2", "THB", "THS", "TMP", "TPR", "TSP", "UGL", "UND", "UNF", "UNH", "USG", "UST", "VOW", "WAR", "WC00", "WC02", "WC03", "WC04", "WC97", "WC98", "WHO", "WOE", "XANA", "XLN", "ZEN", "ZNR"], "purchaseUrls": {"tcgplayer": "https://mtgjson.com/links/74c46ba36e96fd2b"}, "rarity": "common", "setCode": "WC98", "signature": "Brian Hacker", "sourceProducts": {"nonfoil": ["c79bc090-45f7-5d32-bd48-68e3a0d4220e"]}, "subtypes": ["Plains"], "supertypes": ["Basic"], "text": "({T}: Add {W}.)", "type": "Basic Land — Plains", "types": ["Land"], "uuid": "408afc53-763a-5df2-ac31-db7ea8174411", "variations": ["6a1c1582-2991-5230-8827-4bee11d223fd", "e3844438-f962-503c-9e9a-a29a98b71908", "e71e1b4c-db31-581b-8e1f-4545624f5183"]}, {"artist": "Terese Nielsen", "artistIds": ["eb55171c-2342-45f4-a503-2d5a75baf752"], "availability": ["paper"], "borderColor": "gold", "colorIdentity": ["W"], "colors": [], "convertedManaCost": 0.0, "count": 4, "edhrecSaltiness": 0.28, "finishes": ["nonfoil", "signed"], "foreignData": [], "frameVersion": "1997", "hasFoil": false, "hasNonFoil": true, "identifiers": {"mtgjsonV4Id": "171aa101-b6e3-56d1-ae8e-ae8b9bfa07b4", "scryfallCardBackId": "df9a3149-dae5-4319-85bb-00d37c023360", "scryfallId": "db4b9e75-b948-487a-8417-3b6feec41ef0", "scryfallIllustrationId": "fe270f11-ab05-4c6d-9bc8-76b1ddcdb976", "scryfallOracleId": "bc71ebf6-2056-41f7-be35-b2e5c34afa99", "tcgplayerProductId": "164595"}, "isFoil": false, "isReprint": true, "isStarter": true, "language": "English", "layout": "normal", "legalities": {}, "manaValue": 0.0, "name": "Plains", "number": "bh332", "printings": ["10E", "2ED", "2XM", "30A", "3ED", "40K", "4BB", "4ED", "5ED", "6ED", "7ED", "8ED", "9ED", "ACR", "AFR", "AKH", "AKR", "ALA", "ANA", "ANB", "ARC", "ATH", "AVR", "BBD", "BFZ", "BLB", "BRB", "BRC", "BRO", "C13", "C14", "C15", "C16", "C17", "C18", "C19", "CED", "CEI", "CHK", "CLB", "CLU", "CM2", "CMA", "CMD", "CMM", "CMR", "CST", "DDC", "DDE", "DDF", "DDG", "DDH", "DDI", "DDK", "DDL", "DDN", "DDO", "DDP", "DDQ", "DMR", "DMU", "DOM", "DSK", "DTK", "DVD", "E01", "ELD", "FBB", "FDN", "FRF", "G17", "GK1", "GK2", "GN2", "GN3", "GNT", "GRN", "GS1", "H09", "HBG", "HOP", "HOU", "ICE", "IKO", "INV", "ISD", "ITP", "J14", "J22", "JMP", "KHM", "KLD", "KLR", "KTK", "LCI", "LEA", "LEB", "LRW", "LTR", "M10", "M11", "M12", "M13", "M14", "M15", "M19", "M20", "M21", "MBS", "MD1", "ME1", "ME3", "MH2", "MH3", "MID", "MIR", "MKM", "MMQ", "MOM", "MRD", "NEO", "NPH", "ODY", "OLEP", "ONE", "ONS", "ORI", "OTJ", "P02", "P23", "PAL00", "PAL01", "PAL03", "PAL04", "PAL05", "PAL06", "PAL99", "PALP", "PANA", "PARL", "PC2", "PCA", "PDGM", "PELP", "PF19", "PF20", "PGPX", "PGRU", "PIP", "PLST", "PMPS", "PMPS06", "PMPS07", "PMPS08", "PMPS09", "PMPS10", "PMPS11", "POR", "PPP1", "PRM", "PRW2", "PRWK", "PS11", "PSAL", "PSS2", "PSS3", "PSS4", "PTC", "PTK", "PZ2", "RAV", "REX", "RIX", "RNA", "ROE", "RQS", "RTR", "S99", "SCD", "SHM", "SIR", "SLD", "SLP", "SNC", "SOI", "SOM", "STX", "SUM", "TD0", "TD2", "THB", "THS", "TMP", "TPR", "TSP", "UGL", "UND", "UNF", "UNH", "USG", "UST", "VOW", "WAR", "WC00", "WC02", "WC03", "WC04", "WC97", "WC98", "WHO", "WOE", "XANA", "XLN", "ZEN", "ZNR"], "purchaseUrls": {"tcgplayer": "https://mtgjson.com/links/49d8533d16b7efcc"}, "rarity": "common", "setCode": "WC98", "signature": "Brian Hacker", "sourceProducts": {"nonfoil": ["c79bc090-45f7-5d32-bd48-68e3a0d4220e"]}, "subtypes": ["Plains"], "supertypes": ["Basic"], "text": "({T}: Add {W}.)", "type": "Basic Land — Plains", "types": ["Land"], "uuid": "6a1c1582-2991-5230-8827-4bee11d223fd", "variations": ["408afc53-763a-5df2-ac31-db7ea8174411", "e3844438-f962-503c-9e9a-a29a98b71908", "e71e1b4c-db31-581b-8e1f-4545624f5183"]}, {"artist": "Terese Nielsen", "artistIds": ["eb55171c-2342-45f4-a503-2d5a75baf752"], "availability": ["paper"], "borderColor": "gold", "colorIdentity": ["W"], "colors": [], "convertedManaCost": 0.0, "count": 4, "edhrecSaltiness": 0.28, "finishes": ["nonfoil", "signed"], "foreignData": [], "frameVersion": "1997", "hasFoil": false, "hasNonFoil": true, "identifiers": {"mtgjsonV4Id": "c39d6f50-ef83-56e2-8571-fc403c3aa3b3", "scryfallCardBackId": "df9a3149-dae5-4319-85bb-00d37c023360", "scryfallId": "e5c5946e-93f1-4c70-bd3e-694013e743c3", "scryfallIllustrationId": "070bd347-c4b8-49dc-9152-0e16ad820ea8", "scryfallOracleId": "bc71ebf6-2056-41f7-be35-b2e5c34afa99", "tcgplayerProductId": "164592"}, "isFoil": false, "isReprint": true, "isStarter": true, "language": "English", "layout": "normal", "legalities": {}, "manaValue": 0.0, "name": "Plains", "number": "bh333", "printings": ["10E", "2ED", "2XM", "30A", "3ED", "40K", "4BB", "4ED", "5ED", "6ED", "7ED", "8ED", "9ED", "ACR", "AFR", "AKH", "AKR", "ALA", "ANA", "ANB", "ARC", "ATH", "AVR", "BBD", "BFZ", "BLB", "BRB", "BRC", "BRO", "C13", "C14", "C15", "C16", "C17", "C18", "C19", "CED", "CEI", "CHK", "CLB", "CLU", "CM2", "CMA", "CMD", "CMM", "CMR", "CST", "DDC", "DDE", "DDF", "DDG", "DDH", "DDI", "DDK", "DDL", "DDN", "DDO", "DDP", "DDQ", "DMR", "DMU", "DOM", "DSK", "DTK", "DVD", "E01", "ELD", "FBB", "FDN", "FRF", "G17", "GK1", "GK2", "GN2", "GN3", "GNT", "GRN", "GS1", "H09", "HBG", "HOP", "HOU", "ICE", "IKO", "INV", "ISD", "ITP", "J14", "J22", "JMP", "KHM", "KLD", "KLR", "KTK", "LCI", "LEA", "LEB", "LRW", "LTR", "M10", "M11", "M12", "M13", "M14", "M15", "M19", "M20", "M21", "MBS", "MD1", "ME1", "ME3", "MH2", "MH3", "MID", "MIR", "MKM", "MMQ", "MOM", "MRD", "NEO", "NPH", "ODY", "OLEP", "ONE", "ONS", "ORI", "OTJ", "P02", "P23", "PAL00", "PAL01", "PAL03", "PAL04", "PAL05", "PAL06", "PAL99", "PALP", "PANA", "PARL", "PC2", "PCA", "PDGM", "PELP", "PF19", "PF20", "PGPX", "PGRU", "PIP", "PLST", "PMPS", "PMPS06", "PMPS07", "PMPS08", "PMPS09", "PMPS10", "PMPS11", "POR", "PPP1", "PRM", "PRW2", "PRWK", "PS11", "PSAL", "PSS2", "PSS3", "PSS4", "PTC", "PTK", "PZ2", "RAV", "REX", "RIX", "RNA", "ROE", "RQS", "RTR", "S99", "SCD", "SHM", "SIR", "SLD", "SLP", "SNC", "SOI", "SOM", "STX", "SUM", "TD0", "TD2", "THB", "THS", "TMP", "TPR", "TSP", "UGL", "UND", "UNF", "UNH", "USG", "UST", "VOW", "WAR", "WC00", "WC02", "WC03", "WC04", "WC97", "WC98", "WHO", "WOE", "XANA", "XLN", "ZEN", "ZNR"], "purchaseUrls": {"tcgplayer": "https://mtgjson.com/links/4431703053d1e646"}, "rarity": "common", "setCode": "WC98", "signature": "Brian Hacker", "sourceProducts": {"nonfoil": ["c79bc090-45f7-5d32-bd48-68e3a0d4220e"]}, "subtypes": ["Plains"], "supertypes": ["Basic"], "text": "({T}: Add {W}.)", "type": "Basic Land — Plains", "types": ["Land"], "uuid": "e3844438-f962-503c-9e9a-a29a98b71908", "variations": ["408afc53-763a-5df2-ac31-db7ea8174411", "6a1c1582-2991-5230-8827-4bee11d223fd", "e71e1b4c-db31-581b-8e1f-4545624f5183"]}, {"artist": "Terese Nielsen", "artistIds": ["eb55171c-2342-45f4-a503-2d5a75baf752"], "availability": ["paper"], "borderColor": "gold", "colorIdentity": ["W"], "colors": [], "convertedManaCost": 0.0, "count": 4, "edhrecSaltiness": 0.28, "finishes": ["nonfoil", "signed"], "foreignData": [], "frameVersion": "1997", "hasFoil": false, "hasNonFoil": true, "identifiers": {"mtgjsonV4Id": "c3e6d115-dd5e-5e37-94c2-fccef9105681", "scryfallCardBackId": "df9a3149-dae5-4319-85bb-00d37c023360", "scryfallId": "78bbb80e-880c-4362-98d7-9f1f92563439", "scryfallIllustrationId": "65a5d256-b377-4a19-8a3a-158463390682", "scryfallOracleId": "bc71ebf6-2056-41f7-be35-b2e5c34afa99", "tcgplayerProductId": "164593"}, "isFoil": false, "isReprint": true, "isStarter": true, "language": "English", "layout": "normal", "legalities": {}, "manaValue": 0.0, "name": "Plains", "number": "bh334", "printings": ["10E", "2ED", "2XM", "30A", "3ED", "40K", "4BB", "4ED", "5ED", "6ED", "7ED", "8ED", "9ED", "ACR", "AFR", "AKH", "AKR", "ALA", "ANA", "ANB", "ARC", "ATH", "AVR", "BBD", "BFZ", "BLB", "BRB", "BRC", "BRO", "C13", "C14", "C15", "C16", "C17", "C18", "C19", "CED", "CEI", "CHK", "CLB", "CLU", "CM2", "CMA", "CMD", "CMM", "CMR", "CST", "DDC", "DDE", "DDF", "DDG", "DDH", "DDI", "DDK", "DDL", "DDN", "DDO", "DDP", "DDQ", "DMR", "DMU", "DOM", "DSK", "DTK", "DVD", "E01", "ELD", "FBB", "FDN", "FRF", "G17", "GK1", "GK2", "GN2", "GN3", "GNT", "GRN", "GS1", "H09", "HBG", "HOP", "HOU", "ICE", "IKO", "INV", "ISD", "ITP", "J14", "J22", "JMP", "KHM", "KLD", "KLR", "KTK", "LCI", "LEA", "LEB", "LRW", "LTR", "M10", "M11", "M12", "M13", "M14", "M15", "M19", "M20", "M21", "MBS", "MD1", "ME1", "ME3", "MH2", "MH3", "MID", "MIR", "MKM", "MMQ", "MOM", "MRD", "NEO", "NPH", "ODY", "OLEP", "ONE", "ONS", "ORI", "OTJ", "P02", "P23", "PAL00", "PAL01", "PAL03", "PAL04", "PAL05", "PAL06", "PAL99", "PALP", "PANA", "PARL", "PC2", "PCA", "PDGM", "PELP", "PF19", "PF20", "PGPX", "PGRU", "PIP", "PLST", "PMPS", "PMPS06", "PMPS07", "PMPS08", "PMPS09", "PMPS10", "PMPS11", "POR", "PPP1", "PRM", "PRW2", "PRWK", "PS11", "PSAL", "PSS2", "PSS3", "PSS4", "PTC", "PTK", "PZ2", "RAV", "REX", "RIX", "RNA", "ROE", "RQS", "RTR", "S99", "SCD", "SHM", "SIR", "SLD", "SLP", "SNC", "SOI", "SOM", "STX", "SUM", "TD0", "TD2", "THB", "THS", "TMP", "TPR", "TSP", "UGL", "UND", "UNF", "UNH", "USG", "UST", "VOW", "WAR", "WC00", "WC02", "WC03", "WC04", "WC97", "WC98", "WHO", "WOE", "XANA", "XLN", "ZEN", "ZNR"], "purchaseUrls": {"tcgplayer": "https://mtgjson.com/links/3e57ad6303d3cecb"}, "rarity": "common", "setCode": "WC98", "signature": "Brian Hacker", "sourceProducts": {"nonfoil": ["c79bc090-45f7-5d32-bd48-68e3a0d4220e"]}, "subtypes": ["Plains"], "supertypes": ["Basic"], "text": "({T}: Add {W}.)", "type": "Basic Land — Plains", "types": ["Land"], "uuid": "e71e1b4c-db31-581b-8e1f-4545624f5183", "variations": ["408afc53-763a-5df2-ac31-db7ea8174411", "6a1c1582-2991-5230-8827-4bee11d223fd", "e3844438-f962-503c-9e9a-a29a98b71908"]}], "name": "Brian Hacker - White Weenie", "releaseDate": "1998-08-12", "sealedProductUuids": null, "sideBoard": [{"artist": "Thomas Gianni", "artistIds": ["d7f03c52-e573-4082-9937-6c039b11ca70"], "availability": ["paper"], "borderColor": "gold", "colorIdentity": ["W"], "colors": ["W"], "convertedManaCost": 2.0, "count": 3, "edhrecRank": 12615, "edhrecSaltiness": 0.88, "finishes": ["nonfoil", "signed"], "flavorText": "\"I'm too modest a wizard to reveal the full extent of my abilities.\"\n—Ertai, wizard adept", "foreignData": [], "frameVersion": "1997", "hasFoil": false, "hasNonFoil": true, "identifiers": {"mcmId": "249882", "mtgjsonV4Id": "ee740020-8284-5c6e-851d-4e0eec7937ff", "scryfallCardBackId": "df9a3149-dae5-4319-85bb-00d37c023360", "scryfallId": "9987d80f-d2cb-4cc1-b728-1506d2d41cde", "scryfallIllustrationId": "efb452f0-c019-4409-bfb1-600a97d58fdd", "scryfallOracleId": "6300de53-6e71-4f0e-87e1-b0acd25c59a8", "tcgplayerProductId": "164577"}, "isFoil": false, "isReprint": true, "isReserved": true, "isStarter": true, "language": "English", "layout": "normal", "legalities": {}, "manaCost": "{1}{W}", "manaValue": 2.0, "name": "Abeyance", "number": "bh1sb", "printings": ["OLEP", "WC97", "WC98", "WTH"], "purchaseUrls": {"tcgplayer": "https://mtgjson.com/links/9969eeb4fc5d3f73"}, "rarity": "rare", "rulings": [{"date": "2004-10-04", "text": "Abeyance does not affect abilities which are not activated, such as static abilities and triggered abilities. It also doesn't stop the declaration of attackers or blockers."}, {"date": "2004-10-04", "text": "Abeyance never prevents mana abilities from being activated."}, {"date": "2004-10-04", "text": "Abeyance prohibits activated abilities of cards which are not on the battlefield."}, {"date": "2008-08-01", "text": "This can't be used as a counterspell. It will have no effect on spells which were on the stack when it was cast, nor on those cast in response to it."}], "setCode": "WC98", "signature": "Brian Hacker", "sourceProducts": {"nonfoil": ["c79bc090-45f7-5d32-bd48-68e3a0d4220e"]}, "subtypes": [], "supertypes": [], "text": "Until end of turn, target player can't cast instant or sorcery spells, and that player can't activate abilities that aren't mana abilities.\nDraw a card.", "type": "Instant", "types": ["Instant"], "uuid": "389aca11-e5c2-5838-b6c6-d3a6ef116f4b"}, {"artist": "Jesper Myrfors", "artistIds": ["c011318e-8503-48c1-a990-46e50aff48a0"], "availability": ["paper"], "borderColor": "gold", "colorIdentity": ["W"], "colors": ["W"], "convertedManaCost": 4.0, "count": 2, "edhrecRank": 3325, "edhrecSaltiness": 2.69, "finishes": ["nonfoil", "signed"], "foreignData": [], "frameVersion": "1997", "hasFoil": false, "hasNonFoil": true, "identifiers": {"mcmId": "249883", "mtgjsonV4Id": "51b10035-abf7-5ba2-b71f-2b91077d7328", "scryfallCardBackId": "df9a3149-dae5-4319-85bb-00d37c023360", "scryfallId": "bef74c43-cbcd-4d7a-aef3-83d8331d7056", "scryfallIllustrationId": "be2ceead-1cc4-4e3b-8b0d-bb7010b91312", "scryfallOracleId": "c9ed8b01-959a-47d6-891e-0abbdccf6e4f", "tcgplayerProductId": "164578"}, "isFoil": false, "isReprint": true, "isStarter": true, "language": "English", "layout": "normal", "legalities": {}, "manaCost": "{3}{W}", "manaValue": 4.0, "name": "Armageddon", "number": "bh7asb", "printings": ["2ED", "30A", "3ED", "4BB", "4ED", "5ED", "6ED", "A25", "ATH", "CED", "CEI", "FBB", "G04", "LEA", "LEB", "ME1", "ME4", "MP2", "P02", "POR", "PRM", "PTC", "S99", "SUM", "V14", "VMA", "WC00", "WC98"], "purchaseUrls": {"tcgplayer": "https://mtgjson.com/links/114457c53f811060"}, "rarity": "rare", "setCode": "WC98", "signature": "Brian Hacker", "sourceProducts": {"nonfoil": ["c79bc090-45f7-5d32-bd48-68e3a0d4220e"]}, "subtypes": [], "supertypes": [], "text": "Destroy all lands.", "type": "Sorcery", "types": ["Sorcery"], "uuid": "ff65ca00-0efd-53c0-ab0a-0c69778fe661"}, {"artist": "D. Alexander Gregory", "artistIds": ["38433e15-f0f5-4223-a985-2d13c4aa0922"], "availability": ["paper"], "borderColor": "gold", "colorIdentity": ["W"], "colors": ["W"], "convertedManaCost": 3.0, "count": 3, "edhrecRank": 1357, "edhrecSaltiness": 1.15, "finishes": ["nonfoil", "signed"], "foreignData": [], "frameVersion": "1997", "hasFoil": false, "hasNonFoil": true, "identifiers": {"mtgjsonV4Id": "edbbdabd-bc64-5ccd-b128-18b3ea49ba42", "scryfallCardBackId": "df9a3149-dae5-4319-85bb-00d37c023360", "scryfallId": "bdd814a3-6a58-4f56-b95f-efc9e030d1a7", "scryfallIllustrationId": "f6bed459-deff-4ccf-a8bf-82ecb2ccf6be", "scryfallOracleId": "e7faf8eb-e829-4109-8dfe-42865a23ba86", "tcgplayerProductId": "164579"}, "isAlternative": true, "isFoil": false, "isReprint": true, "isStarter": true, "language": "English", "layout": "normal", "legalities": {}, "manaCost": "{1}{W}{W}", "manaValue": 3.0, "name": "Aura of Silence", "number": "bh7bsb", "printings": ["10E", "C15", "F02", "PLST", "PRM", "TD0", "WC98", "WTH"], "purchaseUrls": {"tcgplayer": "https://mtgjson.com/links/9744e3b6bc0a1366"}, "rarity": "uncommon", "rulings": [{"date": "2004-10-04", "text": "Aura of Silence affects all opponents in a multiplayer game."}], "setCode": "WC98", "signature": "Brian Hacker", "sourceProducts": {"nonfoil": ["c79bc090-45f7-5d32-bd48-68e3a0d4220e"]}, "subtypes": [], "supertypes": [], "text": "Artifact and enchantment spells your opponents cast cost {2} more to cast.\nSacrifice Aura of Silence: Destroy target artifact or enchantment.", "type": "Enchantment", "types": ["Enchantment"], "uuid": "bdfd06d9-3faa-5b7c-8186-7d9e391418ed", "variations": ["624b8193-fad9-5b90-a24b-df331a351fd4"]}, {"artist": "D. Alexander Gregory", "artistIds": ["38433e15-f0f5-4223-a985-2d13c4aa0922"], "availability": ["paper"], "borderColor": "gold", "colorIdentity": [], "colors": [], "convertedManaCost": 1.0, "count": 3, "edhrecRank": 23480, "edhrecSaltiness": 0.17, "finishes": ["nonfoil", "signed"], "foreignData": [], "frameVersion": "1997", "hasFoil": false, "hasNonFoil": true, "identifiers": {"mcmId": "249884", "mtgjsonV4Id": "3785fbf9-5d61-5754-90a4-664d25a10781", "scryfallCardBackId": "df9a3149-dae5-4319-85bb-00d37c023360", "scryfallId": "680531a6-4248-4159-8eb0-aff6adce5e0d", "scryfallIllustrationId": "97dc3e54-2325-4cb2-9568-538bef0b46d6", "scryfallOracleId": "514752ea-d453-41d4-97cf-b1dcdb4b4a08", "tcgplayerProductId": "164586"}, "isFoil": false, "isReprint": true, "isReserved": true, "isStarter": true, "language": "English", "layout": "normal", "legalities": {}, "manaCost": "{1}", "manaValue": 1.0, "name": "Cursed Scroll", "number": "bh281sb", "printings": ["OLEP", "TMP", "TPR", "VMA", "WC98", "WC99"], "purchaseUrls": {"tcgplayer": "https://mtgjson.com/links/a525cb8b46e8eb5e"}, "rarity": "rare", "rulings": [{"date": "2008-08-01", "text": "If you have no cards in hand, you still have to name a card. Then you fail to reveal one (since there aren’t any). Since the named card wasn’t revealed, no damage is dealt."}], "setCode": "WC98", "signature": "Brian Hacker", "sourceProducts": {"nonfoil": ["c79bc090-45f7-5d32-bd48-68e3a0d4220e"]}, "subtypes": [], "supertypes": [], "text": "{3}, {T}: Choose a card name, then reveal a card at random from your hand. If that card has the chosen name, Cursed Scroll deals 2 damage to any target.", "type": "Artifact", "types": ["Artifact"], "uuid": "0b76a4e9-cb9d-5b00-aafc-2cbee9d85526", "variations": ["50b17b30-1d19-5692-95da-b569e2f72044"]}, {"artist": "Allen Williams", "artistIds": ["8a56d854-b424-45ec-9262-e993a382a961"], "availability": ["paper"], "borderColor": "gold", "colorIdentity": ["W"], "colors": ["W"], "convertedManaCost": 2.0, "count": 1, "edhrecRank": 853, "edhrecSaltiness": 0.14, "finishes": ["nonfoil", "signed"], "flavorText": "The swarm seemed unmoved by the artificial slivers' destruction. \"They clearly were not the leaders,\" Hanna cursed. \"I guess we'll have to do this the hard way.\"", "foreignData": [], "frameVersion": "1997", "hasFoil": false, "hasNonFoil": true, "identifiers": {"mtgjsonV4Id": "1f7a0e30-acc0-51b6-bbe4-00023ff7d8c6", "scryfallCardBackId": "df9a3149-dae5-4319-85bb-00d37c023360", "scryfallId": "239f692a-28e7-4870-b0e4-75b75752052a", "scryfallIllustrationId": "fa244bcf-1077-4ef2-a9d8-5827fee34178", "scryfallOracleId": "a7e97fa9-4b72-4548-b854-5be5f18a6f1a", "tcgplayerProductId": "164587"}, "isAlternative": true, "isFoil": false, "isReprint": true, "isStarter": true, "language": "English", "layout": "normal", "legalities": {}, "manaCost": "{1}{W}", "manaValue": 2.0, "name": "Disenchant", "number": "bh16sb", "printings": ["2ED", "30A", "3ED", "4BB", "4ED", "5ED", "6ED", "7ED", "A25", "ATH", "BRB", "BRO", "CED", "CEI", "CMR", "CN2", "CST", "F03", "FBB", "ICE", "IMA", "LEA", "LEB", "M20", "ME2", "ME3", "MIR", "MMQ", "OLEP", "P07", "PARL", "PLST", "PMEI", "PRM", "PTC", "SCD", "SUM", "TMP", "TPR", "TSB", "USG", "WC97", "WC98", "ZNR"], "purchaseUrls": {"tcgplayer": "https://mtgjson.com/links/41e6210aee4888ae"}, "rarity": "common", "rulings": [{"date": "2004-10-04", "text": "This is not modal. If the target changes from an artifact to an enchantment or vice versa, this still destroys it."}], "setCode": "WC98", "signature": "Brian Hacker", "sourceProducts": {"nonfoil": ["c79bc090-45f7-5d32-bd48-68e3a0d4220e"]}, "subtypes": [], "supertypes": [], "text": "Destroy target artifact or enchantment.", "type": "Instant", "types": ["Instant"], "uuid": "7bafb37c-2f2d-5a72-97f8-1dc0ad05bc11", "variations": ["b165377b-cab7-5da9-8ea5-fcef32cdd09c"]}, {"artist": "Kaja Foglio", "artistIds": ["e8b85539-756a-4eac-ac66-a2258d7cf547"], "availability": ["paper"], "borderColor": "gold", "colorIdentity": ["W"], "colors": ["W"], "convertedManaCost": 1.0, "count": 3, "edhrecRank": 3883, "edhrecSaltiness": 0.31, "finishes": ["nonfoil", "signed"], "flavorText": "\"I regret feeding Kaervek's hunger for power—far better to live with animals innocent of such ambitions.\"\n—Jolrael", "foreignData": [], "frameVersion": "1997", "hasFoil": false, "hasNonFoil": true, "identifiers": {"mcmId": "249885", "mtgjsonV4Id": "4fa43803-5f2b-5c04-b3bd-b294e34b2746", "scryfallCardBackId": "df9a3149-dae5-4319-85bb-00d37c023360", "scryfallId": "aa3f81f3-712e-4fba-baef-7e38c234470e", "scryfallIllustrationId": "162d59b0-0683-4b5f-adff-ab7ba7bc2142", "scryfallOracleId": "c77ff526-c0a8-45c7-9730-2e306a0d01b8", "tcgplayerProductId": "164601"}, "isFoil": false, "isReprint": true, "isStarter": true, "keywords": ["Enchant"], "language": "English", "layout": "normal", "legalities": {}, "manaCost": "{W}", "manaValue": 1.0, "name": "Spirit Link", "number": "bh64sb", "printings": ["10E", "4BB", "4ED", "5ED", "6ED", "7ED", "8ED", "9ED", "DMR", "LEG", "PLST", "PSAL", "REN", "WC98"], "purchaseUrls": {"tcgplayer": "https://mtgjson.com/links/42014c08f9acb2f3"}, "rarity": "uncommon", "rulings": [{"date": "2022-12-08", "text": "The triggered ability triggers when the enchanted creature deals any damage, not only combat damage."}, {"date": "2022-12-08", "text": "Unlike the lifelink ability, the ability of Spirit Link is a triggered ability that goes on the stack and may be responded to. Notably, if the enchanted creature deals damage at the same time you’re dealt enough damage to reduce your life total to 0 or less, you’ll lose the game before you can gain any life."}], "setCode": "WC98", "signature": "Brian Hacker", "sourceProducts": {"nonfoil": ["c79bc090-45f7-5d32-bd48-68e3a0d4220e"]}, "subtypes": ["Aura"], "supertypes": [], "text": "Enchant creature (Target a creature as you cast this. This card enters attached to that creature.)\nWhenever enchanted creature deals damage, you gain that much life.", "type": "Enchantment — Aura", "types": ["Enchantment"], "uuid": "4fb820a4-bc39-5dcb-b970-10b0c15bc4b1"}], "type": "World Championship Deck"}}