{"meta": {"date": "2024-09-03", "version": "5.2.2+20240903"}, "data": {"code": "APC", "commander": [], "mainBoard": [{"artist": "Jerry Tiritilli", "artistIds": ["54366fc1-c5b1-4faa-a7a5-de2abc119de1"], "availability": ["mtgo", "paper"], "boosterTypes": ["default"], "borderColor": "black", "colorIdentity": ["G", "W"], "colors": [], "convertedManaCost": 0.0, "count": 3, "edhrecRank": 9318, "edhrecSaltiness": 0.09, "finishes": ["nonfoil", "foil"], "flavorText": "Llanowar has seven elfhames, or kingdoms, each with its own ruler. Their palaces are objects of awe, wonder, and envy.", "foreignData": [{"flavorText": "Llanowar hat sieben Elfheime, oder Königreiche, jedes mit seinem eigenen Herrscher. Deren Paläste wecken im Betrachter Ehrfurcht, Wunder und Neid.", "identifiers": {"multiverseId": "183745", "scryfallId": "f26a5704-352d-4f04-9563-5a2aea7bb6a3"}, "language": "German", "multiverseId": 183745, "name": "Elfheim-Palast", "text": "Der Elfheim-Palast kommt getappt ins Spiel.\n{T}: Erhöhe Deinen Manavorrat um {G} oder {W}.", "type": "Land"}, {"identifiers": {"scryfallId": "197589fa-59f9-43e3-a669-288047b33607"}, "language": "Spanish", "name": "Palacio Elfhogar"}, {"flavorText": "Llanowar a sept terrelfes, chacun avec son propre seigneur. Leurs palais suscitent l'admiration, l'émerveillement et la jalousie.", "identifiers": {"multiverseId": "185619", "scryfallId": "65df37cc-8984-46ee-b31d-2cb6b06c4445"}, "language": "French", "multiverseId": 185619, "name": "Palais terrelfe", "text": "Le Palais terrelfe arrive en jeu engagé.\n{T}: Ajoutez {G} ou {W} à votre réserve.", "type": "Terrain"}, {"identifiers": {"scryfallId": "e44a7cab-81a5-4a76-aae8-fa2024cc9fde"}, "language": "Italian", "name": "Palazzo degli Elfi"}, {"identifiers": {"scryfallId": "4b198c05-a3a8-4cf8-8729-31a3467a145b"}, "language": "Japanese", "name": "エルフェイムの宮殿"}, {"identifiers": {"scryfallId": "7944e0e1-231d-48a7-9351-e4191a3c4d81"}, "language": "Portuguese (Brazil)", "name": "Palácio de Elfilar"}], "frameVersion": "1997", "hasFoil": true, "hasNonFoil": true, "identifiers": {"cardsphereFoilId": "21410", "cardsphereId": "21411", "mcmId": "3482", "mcmMetaId": "1733", "mtgjsonV4Id": "0ef9afbe-c1a2-5cf8-afdf-d9d679990cb4", "mtgoFoilId": "14966", "mtgoId": "14965", "multiverseId": "23244", "scryfallCardBackId": "0aeebaf5-8c7d-4636-9e82-8c27447861f7", "scryfallId": "65986555-a5d7-497e-876f-b8d967d6aa5b", "scryfallIllustrationId": "3ec96deb-bd11-4118-b81e-160726a6d5f7", "scryfallOracleId": "cade8b94-2998-4d23-87bb-9fbdddd19dea", "tcgplayerProductId": "7486"}, "isFoil": false, "language": "English", "layout": "normal", "legalities": {"commander": "Legal", "duel": "Legal", "legacy": "Legal", "modern": "Legal", "oathbreaker": "Legal", "predh": "Legal", "premodern": "Legal", "vintage": "Legal"}, "manaValue": 0.0, "name": "Elfhame Palace", "number": "322", "originalText": "Elfhame Palace comes into play tapped.\noc\nT: Add o\nG or o\nW to your mana pool.", "originalType": "Land", "printings": ["8ED", "C17", "DDE", "INV", "PLST", "SCD", "TD0", "WC03"], "purchaseUrls": {"cardmarket": "https://mtgjson.com/links/eb6c38bac51df0b9", "tcgplayer": "https://mtgjson.com/links/be3a9736fe1132dc"}, "rarity": "uncommon", "setCode": "INV", "sourceProducts": {"foil": ["e634446e-4111-5781-ba46-1161cb3abb5a"], "nonfoil": ["1971eacc-6305-5c8c-914d-663ae422c379", "3a71f6dc-95b9-53e4-82c2-991526c76169", "9e5b2549-5f95-5014-a1dc-4dac9a276b23", "e634446e-4111-5781-ba46-1161cb3abb5a", "ed6ee638-cc9a-5331-9cc4-453b103fa083"]}, "subtypes": [], "supertypes": [], "text": "Elfhame Palace enters tapped.\n{T}: Add {G} or {W}.", "type": "Land", "types": ["Land"], "uuid": "26f0932f-c2fe-558e-a169-3d9476d150fe"}, {"artist": "John Avon", "artistIds": ["798f3932-30e0-4420-aa3f-db4d613f89ca"], "availability": ["mtgo", "paper"], "boosterTypes": ["default"], "borderColor": "black", "colorIdentity": ["G"], "colors": [], "convertedManaCost": 0.0, "count": 5, "edhrecSaltiness": 0.35, "finishes": ["nonfoil", "foil"], "foreignData": [{"identifiers": {"multiverseId": "183770", "scryfallId": "42f1b1cb-d6c3-43b0-b95e-409253da8ad1"}, "language": "German", "multiverseId": 183770, "name": "Wald", "type": "Land"}, {"identifiers": {"scryfallId": "a97ce486-ca80-4fa6-ae5e-c65f77d33bb9"}, "language": "Spanish", "name": "Bosque"}, {"identifiers": {"multiverseId": "185644", "scryfallId": "96375880-b681-427a-b2d1-834b7d44b953"}, "language": "French", "multiverseId": 185644, "name": "Forêt", "type": "Terrain"}, {"identifiers": {"scryfallId": "6791c6d5-e12c-4cd8-aa45-351d079eb19d"}, "language": "Italian", "name": "Foresta"}, {"identifiers": {"scryfallId": "1dfc716c-c097-47f8-8847-5d08b9aee0f8"}, "language": "Japanese", "name": "森"}, {"identifiers": {"scryfallId": "7ce7a20b-dcd5-4cbe-b2af-1ce5b27bfa2d"}, "language": "Portuguese (Brazil)", "name": "Floresta"}], "frameVersion": "1997", "hasFoil": true, "hasNonFoil": true, "identifiers": {"cardsphereFoilId": "21440", "cardsphereId": "21441", "mcmId": "3497", "mtgjsonV4Id": "978563a3-90d1-55cb-a237-66c8fb2586c3", "mtgoFoilId": "14734", "mtgoId": "14733", "multiverseId": "25967", "scryfallCardBackId": "0aeebaf5-8c7d-4636-9e82-8c27447861f7", "scryfallId": "f82d0a1c-5812-4254-a000-e4ff9aece3d9", "scryfallIllustrationId": "74980bb4-4270-404b-a441-1dd53bdb4682", "scryfallOracleId": "b34bb2dc-c1af-4d77-b0b3-a0fb342a5fc6", "tcgplayerProductId": "18394"}, "isFoil": false, "isReprint": true, "language": "English", "layout": "normal", "legalities": {"alchemy": "Legal", "brawl": "Legal", "commander": "Legal", "duel": "Legal", "explorer": "Legal", "future": "Legal", "gladiator": "Legal", "historic": "Legal", "legacy": "Legal", "modern": "Legal", "oathbreaker": "Legal", "pauper": "Legal", "paupercommander": "Legal", "penny": "Legal", "pioneer": "Legal", "predh": "Legal", "premodern": "Legal", "standard": "Legal", "standardbrawl": "Legal", "timeless": "Legal", "vintage": "Legal"}, "manaValue": 0.0, "name": "Forest", "number": "347", "originalText": "G", "originalType": "Land", "printings": ["10E", "2ED", "2XM", "30A", "3ED", "40K", "4BB", "4ED", "5ED", "6ED", "7ED", "8ED", "9ED", "ACR", "AFR", "AKH", "AKR", "ALA", "ANA", "ANB", "ARC", "ATH", "AVR", "BBD", "BFZ", "BLB", "BRB", "BRO", "BTD", "C13", "C14", "C15", "C16", "C17", "C18", "C19", "CED", "CEI", "CHK", "CLB", "CLU", "CM2", "CMA", "CMD", "CMM", "CMR", "CST", "DD1", "DDD", "DDE", "DDG", "DDH", "DDJ", "DDL", "DDM", "DDO", "DDP", "DDR", "DDS", "DDU", "DKM", "DMR", "DMU", "DOM", "DPA", "DSK", "DTK", "E01", "ELD", "EVG", "FBB", "FRF", "G17", "GK1", "GK2", "GN2", "GN3", "GNT", "GRN", "GS1", "GVL", "H09", "HBG", "HOP", "HOU", "ICE", "IKO", "INV", "ISD", "ITP", "J14", "J22", "JMP", "KHM", "KLD", "KLR", "KTK", "LCI", "LEA", "LEB", "LRW", "LTR", "M10", "M11", "M12", "M13", "M14", "M15", "M19", "M20", "M21", "MBS", "ME1", "ME3", "MH2", "MH3", "MID", "MIR", "MKM", "MMQ", "MOM", "MRD", "NEO", "NPH", "ODY", "OLEP", "ONE", "ONS", "ORI", "OTJ", "P02", "P23", "PAL00", "PAL01", "PAL03", "PAL04", "PAL05", "PAL06", "PAL99", "PALP", "PANA", "PARL", "PC2", "PCA", "PELP", "PF19", "PF20", "PGPX", "PGRU", "PIP", "PLST", "PMPS", "PMPS06", "PMPS07", "PMPS08", "PMPS09", "PMPS10", "PMPS11", "POR", "PPP1", "PRM", "PRW2", "PRWK", "PS11", "PSAL", "PSS2", "PSS3", "PSS4", "PTC", "PTK", "PZ2", "RAV", "REX", "RIX", "RNA", "ROE", "RQS", "RTR", "S99", "SCD", "SHM", "SIR", "SLD", "SNC", "SOI", "SOM", "STX", "SUM", "TD0", "TD2", "THB", "THS", "TMP", "TPR", "TSP", "UGL", "UND", "UNF", "UNH", "USG", "UST", "VOW", "WAR", "WC00", "WC01", "WC02", "WC03", "WC04", "WC97", "WC98", "WC99", "WHO", "WOE", "XANA", "XLN", "ZEN", "ZNR"], "purchaseUrls": {"tcgplayer": "https://mtgjson.com/links/27abf98d6843aaed"}, "rarity": "common", "setCode": "INV", "sourceProducts": {"foil": ["1ada4ff0-f518-5da4-83b8-db322b012329", "a0e63068-1be0-51d6-9d91-ef99dd0c6f1b", "e634446e-4111-5781-ba46-1161cb3abb5a"], "nonfoil": ["15cd126e-07d6-5c5c-9d05-1da9f650e458", "1971eacc-6305-5c8c-914d-663ae422c379", "281934f7-6223-5fd9-88bf-a226b51ea8e1", "2dc38c3d-97af-5900-bd36-0d5c192b0c07", "3a71f6dc-95b9-53e4-82c2-991526c76169", "5bc46d91-6f19-5fb9-b174-233d50cf33b4", "93d9df41-42f9-56b2-bc45-cd6bd30e13dd", "9e5b2549-5f95-5014-a1dc-4dac9a276b23", "ed6ee638-cc9a-5331-9cc4-453b103fa083"]}, "subtypes": ["Forest"], "supertypes": ["Basic"], "text": "({T}: Add {G}.)", "type": "Basic Land — Forest", "types": ["Land"], "uuid": "b1c6d4ef-8f7d-5735-9e5c-24afa0341a42", "variations": ["90bbb35f-73ad-5f91-8d7b-12835b49a28a", "6bffc76b-ecfb-50e0-a5ae-fc6581d9b750", "a0df9fb2-4e23-550a-b6e5-768ad873a6f7"]}, {"artist": "John Avon", "artistIds": ["798f3932-30e0-4420-aa3f-db4d613f89ca"], "availability": ["mtgo", "paper"], "boosterTypes": ["default"], "borderColor": "black", "colorIdentity": ["W"], "colors": [], "convertedManaCost": 0.0, "count": 3, "edhrecSaltiness": 0.28, "finishes": ["nonfoil", "foil"], "foreignData": [{"identifiers": {"multiverseId": "183754", "scryfallId": "8f840d4d-d371-410f-a6b8-cf8a55b1acd4"}, "language": "German", "multiverseId": 183754, "name": "Ebene", "type": "Land"}, {"identifiers": {"scryfallId": "ef2d826a-7df8-4516-a009-74248e9e2e5d"}, "language": "Spanish", "name": "Isla"}, {"identifiers": {"multiverseId": "185628", "scryfallId": "f52717f6-bd78-4440-a29f-fff2de0d7bda"}, "language": "French", "multiverseId": 185628, "name": "Plaine", "type": "Terrain"}, {"identifiers": {"scryfallId": "b4d4fc9a-bc9c-45da-810f-d859f30104fd"}, "language": "Italian", "name": "Pianura"}, {"identifiers": {"scryfallId": "1dfcbbf2-e11c-42b5-a183-1a4d0c3c42cb"}, "language": "Japanese", "name": "平地"}, {"identifiers": {"scryfallId": "5108c545-610f-4600-8a33-d27d00701262"}, "language": "Portuguese (Brazil)", "name": "Planície"}], "frameVersion": "1997", "hasFoil": true, "hasNonFoil": true, "identifiers": {"cardsphereFoilId": "21616", "cardsphereId": "21617", "mcmId": "3584", "mtgjsonV4Id": "a60f17d3-f836-5a56-877d-b12dab4e3a89", "mtgoFoilId": "14782", "mtgoId": "14781", "multiverseId": "25963", "scryfallCardBackId": "0aeebaf5-8c7d-4636-9e82-8c27447861f7", "scryfallId": "5ba9ef2e-d3ec-41f7-802e-e1414f14dd10", "scryfallIllustrationId": "8bf8a6e8-eac2-4afa-ad0f-69e8462063a3", "scryfallOracleId": "bc71ebf6-2056-41f7-be35-b2e5c34afa99", "tcgplayerProductId": "18382"}, "isFoil": false, "isReprint": true, "language": "English", "layout": "normal", "legalities": {"alchemy": "Legal", "brawl": "Legal", "commander": "Legal", "duel": "Legal", "explorer": "Legal", "future": "Legal", "gladiator": "Legal", "historic": "Legal", "legacy": "Legal", "modern": "Legal", "oathbreaker": "Legal", "pauper": "Legal", "paupercommander": "Legal", "penny": "Legal", "pioneer": "Legal", "predh": "Legal", "premodern": "Legal", "standard": "Legal", "standardbrawl": "Legal", "timeless": "Legal", "vintage": "Legal"}, "manaValue": 0.0, "name": "Plains", "number": "331", "originalText": "W", "originalType": "Land", "printings": ["10E", "2ED", "2XM", "30A", "3ED", "40K", "4BB", "4ED", "5ED", "6ED", "7ED", "8ED", "9ED", "ACR", "AFR", "AKH", "AKR", "ALA", "ANA", "ANB", "ARC", "ATH", "AVR", "BBD", "BFZ", "BLB", "BRB", "BRC", "BRO", "C13", "C14", "C15", "C16", "C17", "C18", "C19", "CED", "CEI", "CHK", "CLB", "CLU", "CM2", "CMA", "CMD", "CMM", "CMR", "CST", "DDC", "DDE", "DDF", "DDG", "DDH", "DDI", "DDK", "DDL", "DDN", "DDO", "DDP", "DDQ", "DMR", "DMU", "DOM", "DSK", "DTK", "DVD", "E01", "ELD", "FBB", "FDN", "FRF", "G17", "GK1", "GK2", "GN2", "GN3", "GNT", "GRN", "GS1", "H09", "HBG", "HOP", "HOU", "ICE", "IKO", "INV", "ISD", "ITP", "J14", "J22", "JMP", "KHM", "KLD", "KLR", "KTK", "LCI", "LEA", "LEB", "LRW", "LTR", "M10", "M11", "M12", "M13", "M14", "M15", "M19", "M20", "M21", "MBS", "MD1", "ME1", "ME3", "MH2", "MH3", "MID", "MIR", "MKM", "MMQ", "MOM", "MRD", "NEO", "NPH", "ODY", "OLEP", "ONE", "ONS", "ORI", "OTJ", "P02", "P23", "PAL00", "PAL01", "PAL03", "PAL04", "PAL05", "PAL06", "PAL99", "PALP", "PANA", "PARL", "PC2", "PCA", "PDGM", "PELP", "PF19", "PF20", "PGPX", "PGRU", "PIP", "PLST", "PMPS", "PMPS06", "PMPS07", "PMPS08", "PMPS09", "PMPS10", "PMPS11", "POR", "PPP1", "PRM", "PRW2", "PRWK", "PS11", "PSAL", "PSS2", "PSS3", "PSS4", "PTC", "PTK", "PZ2", "RAV", "REX", "RIX", "RNA", "ROE", "RQS", "RTR", "S99", "SCD", "SHM", "SIR", "SLD", "SLP", "SNC", "SOI", "SOM", "STX", "SUM", "TD0", "TD2", "THB", "THS", "TMP", "TPR", "TSP", "UGL", "UND", "UNF", "UNH", "USG", "UST", "VOW", "WAR", "WC00", "WC02", "WC03", "WC04", "WC97", "WC98", "WHO", "WOE", "XANA", "XLN", "ZEN", "ZNR"], "purchaseUrls": {"tcgplayer": "https://mtgjson.com/links/bcc951c4ebc3dcc5"}, "rarity": "common", "setCode": "INV", "sourceProducts": {"foil": ["1ada4ff0-f518-5da4-83b8-db322b012329", "a0e63068-1be0-51d6-9d91-ef99dd0c6f1b", "e634446e-4111-5781-ba46-1161cb3abb5a"], "nonfoil": ["1971eacc-6305-5c8c-914d-663ae422c379", "281934f7-6223-5fd9-88bf-a226b51ea8e1", "2dc38c3d-97af-5900-bd36-0d5c192b0c07", "3a71f6dc-95b9-53e4-82c2-991526c76169", "68e80f04-bbb5-5b76-a3b4-99ee6a8af91a", "93d9df41-42f9-56b2-bc45-cd6bd30e13dd", "9e5b2549-5f95-5014-a1dc-4dac9a276b23", "ed6ee638-cc9a-5331-9cc4-453b103fa083"]}, "subtypes": ["Plains"], "supertypes": ["Basic"], "text": "({T}: Add {W}.)", "type": "Basic Land — Plains", "types": ["Land"], "uuid": "fa297738-0842-56f0-aeec-14198e170cf9", "variations": ["288a2e5f-7f6e-57bd-9019-efcb8669fa0c", "32392b7b-a27f-5099-88ce-1aebe05dc1ca", "08a06a68-cf93-5948-8867-cdfc9bdd7ca7"]}, {"artist": "Ron Spencer", "artistIds": ["dab52c11-0564-4207-a4a1-c1735c946a65"], "availability": ["mtgo", "paper"], "boosterTypes": ["default"], "borderColor": "black", "colorIdentity": ["B"], "colors": [], "convertedManaCost": 0.0, "count": 10, "edhrecSaltiness": 0.29, "finishes": ["nonfoil", "foil"], "foreignData": [{"identifiers": {"multiverseId": "183762", "scryfallId": "ebc8689d-b36f-418d-bd20-4c1cc11a9266"}, "language": "German", "multiverseId": 183762, "name": "Sumpf", "type": "Land"}, {"identifiers": {"scryfallId": "13a8512d-930a-4def-a49b-bc1e5488a02e"}, "language": "Spanish", "name": "Llanura"}, {"identifiers": {"multiverseId": "185636", "scryfallId": "2880043f-5fb0-433a-97ff-8bc493d282c2"}, "language": "French", "multiverseId": 185636, "name": "Marais", "type": "Terrain"}, {"identifiers": {"scryfallId": "8d2dd9e5-8bf0-4905-a3d2-30c690c0cd14"}, "language": "Italian", "name": "Palude"}, {"identifiers": {"scryfallId": "85df3221-a576-4959-ac4d-10edf4d5175f"}, "language": "Japanese", "name": "沼"}, {"identifiers": {"scryfallId": "fc337636-1374-42f0-8046-fb5bca12cc1e"}, "language": "Portuguese (Brazil)", "name": "Pântano"}], "frameVersion": "1997", "hasFoil": true, "hasNonFoil": true, "identifiers": {"cardsphereFoilId": "21805", "cardsphereId": "21806", "mcmId": "3678", "mtgjsonV4Id": "10552cb1-ccc2-538e-8fca-5e6afba906e4", "mtgoFoilId": "14918", "mtgoId": "14917", "multiverseId": "25965", "scryfallCardBackId": "0aeebaf5-8c7d-4636-9e82-8c27447861f7", "scryfallId": "2a7ce037-e04d-404a-afde-9122518e6a31", "scryfallIllustrationId": "180b47cc-0477-4291-bfb8-0e8448e48968", "scryfallOracleId": "56719f6a-1a6c-4c0a-8d21-18f7d7350b68", "tcgplayerProductId": "18388"}, "isFoil": false, "isReprint": true, "language": "English", "layout": "normal", "legalities": {"alchemy": "Legal", "brawl": "Legal", "commander": "Legal", "duel": "Legal", "explorer": "Legal", "future": "Legal", "gladiator": "Legal", "historic": "Legal", "legacy": "Legal", "modern": "Legal", "oathbreaker": "Legal", "pauper": "Legal", "paupercommander": "Legal", "penny": "Legal", "pioneer": "Legal", "predh": "Legal", "premodern": "Legal", "standard": "Legal", "standardbrawl": "Legal", "timeless": "Legal", "vintage": "Legal"}, "manaValue": 0.0, "name": "Swamp", "number": "339", "originalText": "B", "originalType": "Land", "printings": ["10E", "2ED", "2XM", "30A", "3ED", "40K", "4BB", "4ED", "5ED", "6ED", "7ED", "8ED", "9ED", "ACR", "AFR", "AKH", "AKR", "ALA", "ANA", "ANB", "ARC", "ATH", "AVR", "BBD", "BFZ", "BLB", "BRB", "BRC", "BRO", "BTD", "C13", "C14", "C15", "C16", "C17", "C18", "C19", "CED", "CEI", "CHK", "CLB", "CLU", "CM2", "CMA", "CMD", "CMM", "CST", "DDC", "DDD", "DDE", "DDH", "DDJ", "DDK", "DDM", "DDN", "DDP", "DDQ", "DDR", "DKM", "DMR", "DMU", "DOM", "DPA", "DSK", "DTK", "DVD", "E01", "ELD", "FBB", "FDN", "FRF", "G17", "GK1", "GK2", "GN2", "GN3", "GNT", "GRN", "GVL", "H09", "HBG", "HOP", "HOU", "ICE", "IKO", "INV", "ISD", "ITP", "J14", "J22", "JMP", "KHM", "KLD", "KLR", "KTK", "LCI", "LEA", "LEB", "LRW", "LTR", "M10", "M11", "M12", "M13", "M14", "M15", "M19", "M20", "M21", "MBS", "MD1", "ME1", "ME3", "MH2", "MH3", "MID", "MIR", "MKM", "MMQ", "MOM", "MRD", "NEO", "NPH", "ODY", "OLEP", "ONE", "ONS", "ORI", "OTJ", "P02", "P23", "PAL00", "PAL01", "PAL03", "PAL04", "PAL05", "PAL06", "PAL99", "PALP", "PANA", "PARL", "PC2", "PCA", "PD3", "PELP", "PF19", "PF20", "PGPX", "PGRU", "PHUK", "PIP", "PLST", "PMPS", "PMPS06", "PMPS07", "PMPS08", "PMPS09", "PMPS10", "PMPS11", "POR", "PPP1", "PRM", "PRW2", "PRWK", "PS11", "PSAL", "PSS2", "PSS3", "PSS4", "PTC", "PTK", "RAV", "REX", "RIX", "RNA", "ROE", "RQS", "RTR", "S99", "SCD", "SHM", "SIR", "SLD", "SNC", "SOI", "SOM", "STX", "SUM", "TD0", "TD2", "THB", "THS", "TMP", "TPR", "TSP", "UGL", "UND", "UNF", "UNH", "USG", "UST", "VOW", "WAR", "WC01", "WC02", "WC03", "WC97", "WC98", "WC99", "WHO", "WOE", "XANA", "XLN", "ZEN", "ZNR"], "purchaseUrls": {"tcgplayer": "https://mtgjson.com/links/15dce2eee28609aa"}, "rarity": "common", "setCode": "INV", "sourceProducts": {"foil": ["1ada4ff0-f518-5da4-83b8-db322b012329", "a0e63068-1be0-51d6-9d91-ef99dd0c6f1b", "e634446e-4111-5781-ba46-1161cb3abb5a"], "nonfoil": ["119c72e6-1a36-5768-abba-9c690b4c0024", "1971eacc-6305-5c8c-914d-663ae422c379", "281934f7-6223-5fd9-88bf-a226b51ea8e1", "2dc38c3d-97af-5900-bd36-0d5c192b0c07", "308d01d7-d39a-5165-a13f-46721cf60b29", "68e80f04-bbb5-5b76-a3b4-99ee6a8af91a", "93d9df41-42f9-56b2-bc45-cd6bd30e13dd", "ed6ee638-cc9a-5331-9cc4-453b103fa083"]}, "subtypes": ["Swamp"], "supertypes": ["Basic"], "text": "({T}: Add {B}.)", "type": "Basic Land — Swamp", "types": ["Land"], "uuid": "8bf0ad54-3d61-5121-ba09-208f68f986fc", "variations": ["db4cf100-f94f-5d21-9c52-8ec1834a3dbb", "7d0ce87e-b3d4-5f0c-8c13-6bd459b592f9", "596f16b5-8dda-524c-9603-acf99b5b038e"]}, {"artist": "Tony Szczudlo", "artistIds": ["1952c90b-a5a7-4328-9f7c-e11064f59daf"], "availability": ["mtgo", "paper"], "boosterTypes": ["default"], "borderColor": "black", "colorIdentity": ["B"], "colors": ["B"], "convertedManaCost": 4.0, "count": 3, "edhrecRank": 19099, "edhrecSaltiness": 0.09, "finishes": ["nonfoil", "foil"], "foreignData": [{"identifiers": {"multiverseId": "178976", "scryfallId": "3f7de926-5a67-4bf3-a462-59404079d792"}, "language": "German", "multiverseId": 178976, "name": "Grabschänder", "text": "Decke die vier obersten Karten deiner Bibliothek auf, wenn der Grabschänder ins Spiel kommt. Nimm alle Zombiekarten, die auf diese Weise aufgedeckt werden, auf deine Hand und lege den Rest der Karten unter deine Bibliothek.\n{1}{B}: Regeneriere den Grabschänder.", "type": "Kreatur — Zombie"}, {"identifiers": {"scryfallId": "bb55d6ad-e965-4717-9342-d76a58c60a2d"}, "language": "Spanish", "name": "Profanador de tumbas"}, {"identifiers": {"multiverseId": "179124", "scryfallId": "706312b2-3ab7-4003-a604-21459a793000"}, "language": "French", "multiverseId": 179124, "name": "Contaminateur des tombes", "text": "Quand le Contaminateur des tombes arrive en jeu, révélez les quatre cartes du dessus de votre bibliothèque. Mettez toutes les cartes de zombie révélées de cette manière dans votre main et le reste au-dessous de votre bibliothèque.\n{1}{B}: Régénérez le Contaminateur des tombes.", "type": "Créature : zombie"}, {"identifiers": {"multiverseId": "179297", "scryfallId": "172a1068-b71f-4973-bf6c-a8aa1bffdf62"}, "language": "Italian", "multiverseId": 179297, "name": "Ladro di Tombe", "text": "Quando il Ladro di Tombe entra in gioco, rivela le prime quattro carte del tuo grimorio. Aggiungi alla tua mano tutte le carte Zombie rivelate in questo modo e metti le rimanenti in fondo al tuo grimorio.\n{1}{B}: Rigenera il Ladro di Tombe.", "type": "Creatura — Zombie"}, {"identifiers": {"scryfallId": "5b30f4e2-d971-4763-a58c-e748e0816df8"}, "language": "Japanese", "name": "墓荒らし"}, {"identifiers": {"scryfallId": "719e4876-2f98-4baf-86a4-6663fa8255a1"}, "language": "Portuguese (Brazil)", "name": "Violador de Túmulos"}], "frameVersion": "1997", "hasFoil": true, "hasNonFoil": true, "identifiers": {"cardsphereFoilId": "5221", "cardsphereId": "5222", "mcmId": "3152", "mcmMetaId": "2498", "mtgjsonV4Id": "15d15253-87ef-57a0-94d4-01e71504fbb4", "mtgoFoilId": "16291", "mtgoId": "16290", "multiverseId": "27662", "scryfallCardBackId": "0aeebaf5-8c7d-4636-9e82-8c27447861f7", "scryfallId": "f8f76edc-6067-43bd-9582-1d59caf91597", "scryfallIllustrationId": "519f2864-5fa7-4d53-9b9a-99875e3820fe", "scryfallOracleId": "42c5c1aa-10a4-4cd5-b1f8-a393ed553f99", "tcgplayerProductId": "7964"}, "isFoil": false, "language": "English", "layout": "normal", "legalities": {"commander": "Legal", "duel": "Legal", "legacy": "Legal", "oathbreaker": "Legal", "paupercommander": "Restricted", "penny": "Legal", "predh": "Legal", "premodern": "Legal", "vintage": "Legal"}, "manaCost": "{3}{B}", "manaValue": 4.0, "name": "Grave Defiler", "number": "40", "originalText": "When Grave Defiler comes into play, reveal the top four cards of your library. Put all Zombie cards revealed this way into your hand and the rest on the bottom of your library.\no1o\nB: Regenerate Grave Defiler.", "originalType": "Creature - Zombie", "power": "2", "printings": ["APC"], "purchaseUrls": {"cardmarket": "https://mtgjson.com/links/fb73cb2463378b9d", "tcgplayer": "https://mtgjson.com/links/ed4b2a9a5c760cee"}, "rarity": "uncommon", "setCode": "APC", "sourceProducts": {"foil": ["8acaeb89-8781-5a08-9611-c01a6fe72c13"], "nonfoil": ["8acaeb89-8781-5a08-9611-c01a6fe72c13", "ed6ee638-cc9a-5331-9cc4-453b103fa083"]}, "subtypes": ["Zombie"], "supertypes": [], "text": "When Grave Defiler enters, reveal the top four cards of your library. Put all Zombie cards revealed this way into your hand and the rest on the bottom of your library in any order.\n{1}{B}: Regenerate Grave Defiler.", "toughness": "1", "type": "Creature — Zombie", "types": ["Creature"], "uuid": "7aa610be-b103-5c50-85d4-f9088c26d51c"}, {"artist": "Ben Thompson", "artistIds": ["f3116c88-57f4-4fd1-95f3-cfd163977661"], "availability": ["mtgo", "paper"], "boosterTypes": ["default"], "borderColor": "black", "colorIdentity": ["B", "G"], "colors": ["B", "G"], "convertedManaCost": 2.0, "count": 4, "edhrecRank": 13740, "finishes": ["nonfoil", "foil"], "flavorText": "Just as leaves fall from the branches of a living tree, so too do the dead leave the elfhame.", "foreignData": [{"flavorText": "Wie die Blätter von den Ästen der Bäume im Herbst abfallen, verlassen auch die toten Elfen Elfheim.", "identifiers": {"multiverseId": "179045", "scryfallId": "4fda73f7-3dbb-4966-87b8-8b9bee6b0e33"}, "language": "German", "multiverseId": 179045, "name": "Llanowar-Leichen", "text": "{T}: Erhöhe deinen Manavorrat um {B}.", "type": "Kreatur — Zombie, Elf"}, {"identifiers": {"scryfallId": "341b5e34-6a2d-45d5-b80c-5f92c1997923"}, "language": "Spanish", "name": "Muerta de Llanowar"}, {"flavorText": "Tout comme les feuilles quittent les branches des arbres, les morts quittèrent leur terrelfe.", "identifiers": {"multiverseId": "179193", "scryfallId": "d2441a1a-9b18-477d-b04f-aebd59dc534d"}, "language": "French", "multiverseId": 179193, "name": "Morts de Llanowar", "text": "{T} : Ajoutez {B} à votre réserve.", "type": "Créature : zombie et elfe"}, {"flavorText": "Così come dai rami di un albero vivo cadono le foglie, dal palazzo degli elfi cadono i morti.", "identifiers": {"multiverseId": "179366", "scryfallId": "513977df-28a1-4a75-b697-fe6375ac6a05"}, "language": "Italian", "multiverseId": 179366, "name": "Morti di Llanowar", "text": "{T}: Aggiungi {B} alla tua riserva di mana.", "type": "Creatura — Elfo Zombie"}, {"identifiers": {"scryfallId": "d59b7a1e-2579-450a-b636-40eaf5a26234"}, "language": "Japanese", "name": "ラノワールの死者"}, {"identifiers": {"scryfallId": "101bfa64-0eb4-410d-afbe-bea7af845962"}, "language": "Portuguese (Brazil)", "name": "Mortos de Llanowar"}], "frameVersion": "1997", "hasFoil": true, "hasNonFoil": true, "identifiers": {"cardsphereFoilId": "5263", "cardsphereId": "5264", "mcmId": "3221", "mcmMetaId": "3333", "mtgjsonV4Id": "fc5f4359-73af-5b15-ab64-18c73d9f4cfb", "mtgoFoilId": "16121", "mtgoId": "16120", "multiverseId": "26759", "scryfallCardBackId": "0aeebaf5-8c7d-4636-9e82-8c27447861f7", "scryfallId": "f271969e-1529-42d1-878b-011f80ab0f05", "scryfallIllustrationId": "8aebb685-b963-45e0-9afb-83302ce57185", "scryfallOracleId": "3a48541a-240b-4406-945c-1d0d032eca25", "tcgplayerProductId": "7987"}, "isFoil": false, "language": "English", "layout": "normal", "legalities": {"commander": "Legal", "duel": "Legal", "legacy": "Legal", "oathbreaker": "Legal", "pauper": "Legal", "paupercommander": "Legal", "predh": "Legal", "premodern": "Legal", "vintage": "Legal"}, "manaCost": "{B}{G}", "manaValue": 2.0, "name": "Llanowar Dead", "number": "109", "originalText": "oc\nT: Add o\nB to your mana pool.", "originalType": "Creature - Zombie Elf", "power": "2", "printings": ["APC"], "purchaseUrls": {"cardmarket": "https://mtgjson.com/links/46c3529cd125bce6", "tcgplayer": "https://mtgjson.com/links/1e4d0ec3d406c009"}, "rarity": "common", "setCode": "APC", "sourceProducts": {"foil": ["8acaeb89-8781-5a08-9611-c01a6fe72c13", "a0e63068-1be0-51d6-9d91-ef99dd0c6f1b"], "nonfoil": ["8acaeb89-8781-5a08-9611-c01a6fe72c13", "ed6ee638-cc9a-5331-9cc4-453b103fa083"]}, "subtypes": ["Zombie", "Elf"], "supertypes": [], "text": "{T}: Add {B}.", "toughness": "2", "type": "Creature — Zombie Elf", "types": ["Creature"], "uuid": "b20e3cb2-d4d2-5be6-bc32-f59ad717e8f2"}, {"artist": "Ron Spencer", "artistIds": ["dab52c11-0564-4207-a4a1-c1735c946a65"], "availability": ["mtgo", "paper"], "boosterTypes": ["default"], "borderColor": "black", "colorIdentity": ["B"], "colors": ["B"], "convertedManaCost": 1.0, "count": 3, "edhrecRank": 18465, "finishes": ["nonfoil", "foil"], "flavorText": "\"The mere sight of our undead allies sickens me. What unholy bargain have you struck?\"\n—Grizzlegom, to Agnate", "foreignData": [{"flavorText": "„Der bloße Anblick von untoten Verbündeten macht mich krank. Was für einen Handel bist Du diesmal eingegangen?\" —Grizzlegom, zu Agnate", "identifiers": {"multiverseId": "183119", "scryfallId": "a72758c0-ea03-40d7-bf80-6ed715fef7a2"}, "language": "German", "multiverseId": 183119, "name": "Madenwirt", "text": "Wenn der Madenwirt ins Spiel kommt, verliert jeder Spieler 1 Lebenspunkt.", "type": "Kreatur — Zombie"}, {"identifiers": {"scryfallId": "60a789cc-5872-4091-9a4c-a86caac00202"}, "language": "Spanish", "name": "Portador de larvas"}, {"flavorText": "« La seule vue de nos alliés mort-vivants me révulse. Quel maudit marché avez-vous conclu ? » — Grizzlegom, à l'Agnat.", "identifiers": {"multiverseId": "185191", "scryfallId": "934d09f5-e500-4696-bb15-f3fd22543457"}, "language": "French", "multiverseId": 185191, "name": "Propagateur de vermine", "text": "Quand le Propagateur de vermine arrive en jeu, chaque joueur perd 1 point de vie.", "type": "Créature : zombie"}, {"identifiers": {"scryfallId": "583da22c-7bab-414e-a537-428884ea05bd"}, "language": "Italian", "name": "Portatore di Larve"}, {"identifiers": {"scryfallId": "63fcf0c5-c0f6-4c7d-96c5-bf7ea6c38c1a"}, "language": "Japanese", "name": "蛆たかり"}, {"identifiers": {"scryfallId": "d574df21-058d-42aa-8e04-c3344f8f9c7f"}, "language": "Portuguese (Brazil)", "name": "Portadores de Vermes"}], "frameVersion": "1997", "hasFoil": true, "hasNonFoil": true, "identifiers": {"cardsphereFoilId": "36089", "cardsphereId": "36090", "mcmId": "3300", "mcmMetaId": "3411", "mtgjsonV4Id": "6ff0af7f-7eaa-5451-966a-781decc33c50", "mtgoFoilId": "15168", "mtgoId": "15167", "multiverseId": "26266", "scryfallCardBackId": "0aeebaf5-8c7d-4636-9e82-8c27447861f7", "scryfallId": "ab2c3dc4-bb49-4ec3-a6c8-4256d1939326", "scryfallIllustrationId": "123d556d-f879-41aa-9501-17fc01afd90e", "scryfallOracleId": "e4ad4b81-3685-4f95-84c0-755263b9d3b1", "tcgplayerProductId": "7822"}, "isFoil": false, "language": "English", "layout": "normal", "legalities": {"commander": "Legal", "duel": "Legal", "legacy": "Legal", "modern": "Legal", "oathbreaker": "Legal", "pauper": "Legal", "paupercommander": "Legal", "predh": "Legal", "premodern": "Legal", "vintage": "Legal"}, "manaCost": "{B}", "manaValue": 1.0, "name": "Maggot Carrier", "number": "45", "originalText": "When Maggot Carrier comes into play, each player loses 1 life.", "originalType": "Creature - Zombie", "power": "1", "printings": ["8ED", "PLS"], "purchaseUrls": {"cardmarket": "https://mtgjson.com/links/73378259c2e61df3", "tcgplayer": "https://mtgjson.com/links/ca8b8f7500708130"}, "rarity": "common", "setCode": "PLS", "sourceProducts": {"foil": ["c981cb60-bddd-5a80-9e4b-af2dd4d35f57"], "nonfoil": ["c981cb60-bddd-5a80-9e4b-af2dd4d35f57", "ed6ee638-cc9a-5331-9cc4-453b103fa083"]}, "subtypes": ["Zombie"], "supertypes": [], "text": "When Maggot Carrier enters, each player loses 1 life.", "toughness": "1", "type": "Creature — Zombie", "types": ["Creature"], "uuid": "5b1d5e02-6af1-5ccb-8163-c9ab9b32c0d7"}, {"artist": "John Matson", "artistIds": ["a1685587-4b55-446b-b420-c37b202ed3f1"], "availability": ["mtgo", "paper"], "boosterTypes": ["default"], "borderColor": "black", "colorIdentity": ["B", "W"], "colors": ["B"], "convertedManaCost": 3.0, "count": 2, "edhrecRank": 27117, "finishes": ["nonfoil", "foil"], "flavorText": "Treated with a powerful mix of herbs and potions, its wrappings have a remarkable preservative effect, even for the living.", "foreignData": [{"flavorText": "Seine Bandagen sind mit einer kräftigen Mischung von Kräutern und Säften getränkt und haben eine bemerkenswert berauschende Wirkung.", "identifiers": {"multiverseId": "178979", "scryfallId": "11a85eb6-6cf5-4070-989a-dac5989bd69c"}, "language": "German", "multiverseId": 178979, "name": "Trauernder Zombie", "text": "{W}, {T}: Ein Spieler deiner Wahl erhält 1 Lebenspunkt dazu.", "type": "Kreatur — Zombie"}, {"identifiers": {"scryfallId": "bda6a64f-fe5e-4a40-8a79-44aeb48a16ef"}, "language": "Spanish", "name": "Zombie lastimero"}, {"flavorText": "Traités avec un mélange d'herbes et de potions, ses bandages ont un remarquable effet de préservation, même sur les vivants.", "identifiers": {"multiverseId": "179127", "scryfallId": "09095e70-287a-4278-8c02-0d349036d251"}, "language": "French", "multiverseId": 179127, "name": "Zombie éploré", "text": "{W}, {T}: Le joueur ciblé gagne 1 point de vie.", "type": "Créature : zombie"}, {"flavorText": "Le sue bende, trattate con un miscuglio di erbe e pozioni, hanno un incredibile effetto preservante, anche per i viventi.", "identifiers": {"multiverseId": "179300", "scryfallId": "a56dde35-d74c-4541-89e4-a0d26ea92e5f"}, "language": "Italian", "multiverseId": 179300, "name": "Zombie Lamentoso", "text": "{W}, {T}: Il giocatore bersaglio guadagna 1 punto vita.", "type": "Creatura — Zombie"}, {"identifiers": {"scryfallId": "8c0dc01b-aea9-4ba8-aa94-d71ff8aa6c29"}, "language": "Japanese", "name": "哀しげなゾンビ"}, {"identifiers": {"scryfallId": "c6011284-2976-4a55-8d21-98fce0da7480"}, "language": "Portuguese (Brazil)", "name": "Zumbi Lúgubre"}], "frameVersion": "1997", "hasFoil": true, "hasNonFoil": true, "identifiers": {"cardsphereFoilId": "5279", "cardsphereId": "5280", "mcmId": "3155", "mcmMetaId": "3752", "mtgjsonV4Id": "79f47c06-1745-56cb-9813-5293bebccbc6", "mtgoFoilId": "16333", "mtgoId": "16332", "multiverseId": "26800", "scryfallCardBackId": "0aeebaf5-8c7d-4636-9e82-8c27447861f7", "scryfallId": "9ba12fb1-de8c-46c6-b33f-e0580ed2a3ee", "scryfallIllustrationId": "899ccab5-2d2c-41a8-bb7e-ccc9723804e6", "scryfallOracleId": "f0ed2cf1-7bd4-4586-a682-fd588632cb3d", "tcgplayerProductId": "7995"}, "isFoil": false, "language": "English", "layout": "normal", "legalities": {"commander": "Legal", "duel": "Legal", "legacy": "Legal", "oathbreaker": "Legal", "pauper": "Legal", "paupercommander": "Legal", "penny": "Legal", "predh": "Legal", "premodern": "Legal", "vintage": "Legal"}, "manaCost": "{2}{B}", "manaValue": 3.0, "name": "Mournful Zombie", "number": "43", "originalText": "o\nW, oc\nT: Target player gains 1 life.", "originalType": "Creature - Zombie", "power": "2", "printings": ["APC"], "purchaseUrls": {"cardmarket": "https://mtgjson.com/links/ba8b3a11d0c6176f", "tcgplayer": "https://mtgjson.com/links/61be48079d01e007"}, "rarity": "common", "setCode": "APC", "sourceProducts": {"foil": ["8acaeb89-8781-5a08-9611-c01a6fe72c13", "a0e63068-1be0-51d6-9d91-ef99dd0c6f1b"], "nonfoil": ["8acaeb89-8781-5a08-9611-c01a6fe72c13", "ed6ee638-cc9a-5331-9cc4-453b103fa083"]}, "subtypes": ["Zombie"], "supertypes": [], "text": "{W}, {T}: Target player gains 1 life.", "toughness": "1", "type": "Creature — Zombie", "types": ["Creature"], "uuid": "0dc91e96-a634-547b-b789-429939978527"}, {"artist": "Carl Critchlow", "artistIds": ["17948f16-611a-44b8-8d10-9895a0bdfff1"], "availability": ["mtgo", "paper"], "boosterTypes": ["default"], "borderColor": "black", "colorIdentity": ["B"], "colors": ["B"], "convertedManaCost": 6.0, "count": 1, "edhrecRank": 11533, "edhrecSaltiness": 0.24, "finishes": ["nonfoil", "foil"], "flavorText": "Other Phyrexians have nightmares about the gargantua.", "foreignData": [{"flavorText": "Selbst andere Phyrexianer fürchten sich vor dem Gargantua.", "identifiers": {"multiverseId": "178984", "scryfallId": "21eb43bb-c643-46ae-8df5-c7bf6c612115"}, "language": "German", "multiverseId": 178984, "name": "Phyrexianischer Gargantua", "text": "Wenn der Phyrexianische Gargantua ins Spiel kommt, ziehst du zwei Karten und verlierst 2 Lebenspunkte.", "type": "Kreatur — Schrecken"}, {"identifiers": {"scryfallId": "76f333a0-161a-45da-9906-be272bc8c84d"}, "language": "Spanish", "name": "Gargantua pirexiano"}, {"flavorText": "Le gargantua donne des cauchemars même aux autres phyrexians.", "identifiers": {"multiverseId": "179132", "scryfallId": "c837b58c-bdfc-4d96-b618-5a1d1ff742f4"}, "language": "French", "multiverseId": 179132, "name": "Gargantua phyrexian", "text": "Quand le Gargantua phyrexian arrive en jeu, vous piochez deux cartes et vous perdez 2 points de vie.", "type": "Créature : horreur"}, {"flavorText": "Gli altri abitanti di Phyrexia incontrano il gargantua nei loro peggiori incubi.", "identifiers": {"multiverseId": "179305", "scryfallId": "b2d2b8ca-b020-4f91-be46-8d3f7f048dd0"}, "language": "Italian", "multiverseId": 179305, "name": "Gargantua di Phyrexia", "text": "Quando il Gargantua di Phyrexia entra in gioco, peschi due carte e perdi 2 punti vita.", "type": "Creatura — Orrore"}, {"identifiers": {"scryfallId": "0dee1f0c-68b6-4b6f-88e7-21739fc8dd80"}, "language": "Japanese", "name": "ファイレクシアのガルガンチュア"}, {"identifiers": {"scryfallId": "6c27d7f7-32c3-4d5e-b274-829433e09ede"}, "language": "Portuguese (Brazil)", "name": "Gargantua Phyrexiano"}], "frameVersion": "1997", "hasFoil": true, "hasNonFoil": true, "identifiers": {"cardsphereFoilId": "5307", "cardsphereId": "5308", "mcmId": "3160", "mcmMetaId": "4190", "mtgjsonV4Id": "b9bdcbe7-749f-50d5-8c44-33d7fa8cf1e2", "mtgoFoilId": "16327", "mtgoId": "16326", "multiverseId": "26699", "scryfallCardBackId": "0aeebaf5-8c7d-4636-9e82-8c27447861f7", "scryfallId": "47c80cdd-4287-4ecb-992b-f265cd422098", "scryfallIllustrationId": "4f715d22-1cda-4ae2-85dd-8887c163b42a", "scryfallOracleId": "a3925dfd-62b0-44ef-8545-7bee92cad5a2", "tcgplayerProductId": "8009"}, "isFoil": false, "language": "English", "layout": "normal", "legalities": {"brawl": "Legal", "commander": "Legal", "duel": "Legal", "explorer": "Legal", "future": "Legal", "gladiator": "Legal", "historic": "Legal", "legacy": "Legal", "modern": "Legal", "oathbreaker": "Legal", "pauper": "Legal", "paupercommander": "Legal", "penny": "Legal", "pioneer": "Legal", "predh": "Legal", "premodern": "Legal", "standard": "Legal", "standardbrawl": "Legal", "timeless": "Legal", "vintage": "Legal"}, "manaCost": "{4}{B}{B}", "manaValue": 6.0, "name": "Phyrexian Gargantua", "number": "48", "originalText": "When Phyrexian Gargantua comes into play, you draw two cards and you lose 2 life.", "originalType": "Creature - Horror", "power": "4", "printings": ["9ED", "APC", "C13", "C14", "CMM", "DDE", "EMA", "JMP", "MOM", "PLST"], "purchaseUrls": {"cardmarket": "https://mtgjson.com/links/90fdd2659c2a97bc", "tcgplayer": "https://mtgjson.com/links/bad1ce7bedf44ce1"}, "rarity": "uncommon", "setCode": "APC", "sourceProducts": {"foil": ["8acaeb89-8781-5a08-9611-c01a6fe72c13"], "nonfoil": ["8acaeb89-8781-5a08-9611-c01a6fe72c13", "ed6ee638-cc9a-5331-9cc4-453b103fa083"]}, "subtypes": ["Phyrexian", "Horror"], "supertypes": [], "text": "When Phyrexian Gargantua enters, you draw two cards and you lose 2 life.", "toughness": "4", "type": "Creature — Phyrexian Horror", "types": ["Creature"], "uuid": "47a266f8-7f58-5c28-a722-445c2a828c00"}, {"artist": "Sam Wood", "artistIds": ["77cecfa2-2494-42a2-b14a-55ad40c6adbb"], "availability": ["mtgo", "paper"], "boosterTypes": ["default"], "borderColor": "black", "colorIdentity": ["B"], "colors": ["B"], "convertedManaCost": 5.0, "count": 2, "edhrecRank": 26046, "edhrecSaltiness": 0.22, "finishes": ["nonfoil", "foil"], "flavorText": "It desires only to help others shed the itchy wet skin of life.", "foreignData": [{"flavorText": "Er möchte nur anderen dabei helfen, ihre feuchte und juckende Haut abzulegen.", "identifiers": {"multiverseId": "183535", "scryfallId": "2bf78c4f-fc0a-47a2-a968-55e1d87a5759"}, "language": "German", "multiverseId": 183535, "name": "Phyrexianischer Schnitter", "text": "Immer wenn der Phyrexianische Schlächter von einer grünen Kreatur geblockt wird, zerstöre diese Kreatur. Sie kann nicht regeneriert werden.", "type": "Kreatur — Zombie"}, {"identifiers": {"scryfallId": "5a5e3609-8aa4-4a18-95c3-e73720430602"}, "language": "Spanish", "name": "Segador Phyrexiano"}, {"flavorText": "Il veut vous aider, en vous débarrassant de cette vilaine peau vivante.", "identifiers": {"multiverseId": "185409", "scryfallId": "a7e21361-5d1e-4263-84cf-3d1db2faff5d"}, "language": "French", "multiverseId": 185409, "name": "Faucheur phyrexian", "text": "À chaque fois que le Faucheur phyrexian devient bloqué par une créature verte, détruisez cette créature. Elle ne peut pas être régénérée.", "type": "Créature : zombie"}, {"identifiers": {"scryfallId": "721ace10-1778-44a4-86ca-f92eb6e1a25d"}, "language": "Italian", "name": "Mietitore di Phyrexia"}, {"identifiers": {"scryfallId": "af1ae567-4738-4e84-abe6-de02142f560b"}, "language": "Japanese", "name": "ファイレクシアの死神"}, {"identifiers": {"scryfallId": "a25b2a24-4c27-4a89-bb96-6f9e7d5d720e"}, "language": "Portuguese (Brazil)", "name": "Ceifador Phyrexiano"}], "frameVersion": "1997", "hasFoil": true, "hasNonFoil": true, "identifiers": {"cardsphereFoilId": "21606", "cardsphereId": "21607", "mcmId": "3579", "mcmMetaId": "4206", "mtgjsonV4Id": "81f5c841-3816-54ce-9378-66d33aa1da91", "mtgoFoilId": "14682", "mtgoId": "14681", "multiverseId": "23036", "scryfallCardBackId": "0aeebaf5-8c7d-4636-9e82-8c27447861f7", "scryfallId": "ccdd498b-1081-43fe-8193-518337a5a3ea", "scryfallIllustrationId": "2dc689e4-64b6-4143-9bb1-3604d320aa5d", "scryfallOracleId": "245c3681-fc47-47fe-b6e5-34c96315c135", "tcgplayerProductId": "7585"}, "isFoil": false, "language": "English", "layout": "normal", "legalities": {"commander": "Legal", "duel": "Legal", "legacy": "Legal", "oathbreaker": "Legal", "pauper": "Legal", "paupercommander": "Legal", "penny": "Legal", "predh": "Legal", "premodern": "Legal", "vintage": "Legal"}, "manaCost": "{4}{B}", "manaValue": 5.0, "name": "Phyrexian Reaper", "number": "117", "originalText": "Whenever Phyrexian Reaper becomes blocked by a green creature, destroy that creature. It can't be regenerated.", "originalType": "Creature - Zombie", "power": "3", "printings": ["INV"], "purchaseUrls": {"cardmarket": "https://mtgjson.com/links/7f21923911847c04", "tcgplayer": "https://mtgjson.com/links/2ee34588bf8db716"}, "rarity": "common", "setCode": "INV", "sourceProducts": {"foil": ["1ada4ff0-f518-5da4-83b8-db322b012329", "e634446e-4111-5781-ba46-1161cb3abb5a"], "nonfoil": ["1971eacc-6305-5c8c-914d-663ae422c379", "308d01d7-d39a-5165-a13f-46721cf60b29", "e634446e-4111-5781-ba46-1161cb3abb5a", "ed6ee638-cc9a-5331-9cc4-453b103fa083"]}, "subtypes": ["Phyrexian", "Zombie"], "supertypes": [], "text": "Whenever Phyrexian Reaper becomes blocked by a green creature, destroy that creature. It can't be regenerated.", "toughness": "3", "type": "Creature — Phyrexian Zombie", "types": ["Creature"], "uuid": "47a6a551-927f-5487-9129-9f10568c8691"}, {"artist": "Ray Lago", "artistIds": ["a72b1f7b-b72a-4e8b-bc97-d6720c0e5837"], "availability": ["arena", "mtgo", "paper"], "boosterTypes": ["default"], "borderColor": "black", "colorIdentity": ["B", "W"], "colors": ["B", "W"], "convertedManaCost": 2.0, "count": 4, "edhrecRank": 25175, "finishes": ["nonfoil", "foil"], "flavorText": "\"I do not like it,\" said Grizzlegom, \"but I will take every soldier I can get.\"", "foreignData": [{"flavorText": "„Mir gefällt das zwar nicht,\" sagte Grizzlegom, „aber ich nehme jeden Soldaten, den ich bekommen kann.\"", "identifiers": {"multiverseId": "179053", "scryfallId": "7d34bf26-dd3b-4de0-979a-cc69aa518640"}, "language": "German", "multiverseId": 179053, "name": "Verwester Krieger", "text": "Immer wenn der Verweste Krieger Schaden zufügt, bestimme eines alle Spieler verlieren 1 Lebenspunkt, oder alle Spieler erhalten 1 Lebenspunkt dazu.", "type": "Kreatur — Soldat, Zombie"}, {"identifiers": {"scryfallId": "4a35797e-d852-4b09-80a2-0d06fb8655d7"}, "language": "Spanish", "name": "Guerrero pútrido"}, {"flavorText": "« Je n'aime guère cela » dit Grizzlegom,« mais je ne refuserai aucune aide. »", "identifiers": {"multiverseId": "179201", "scryfallId": "2976c681-ac45-4d61-9b46-5738a717e956"}, "language": "French", "multiverseId": 179201, "name": "Guerrier putride", "text": "À chaque fois que le Guerrier putride inflige des blessures, choisissez l'un chaque joueur perd 1 point de vie ; ou chaque joueur gagne 1 point de vie.", "type": "Créature : soldat et zombie"}, {"flavorText": "\"Non mi piace\", disse Grizzlegom, \"ma porterò tutti i soldati che riesco a radunare\".", "identifiers": {"multiverseId": "179374", "scryfallId": "70ad9d4c-dfc2-43af-a22e-6a900322c63f"}, "language": "Italian", "multiverseId": 179374, "name": "Guerriero Putrido", "text": "Ogniqualvolta il Guerriero Putrido infligge danno, scegli una delle seguenti ogni giocatore perde 1 punto vita; oppure ogni giocatore guadagna 1 punto vita.", "type": "Creatura — Zombie Soldato"}, {"identifiers": {"scryfallId": "c2bf8869-9e86-4e55-8812-104d5de0a162"}, "language": "Japanese", "name": "腐肉戦士"}, {"identifiers": {"scryfallId": "cf75999e-831c-4eed-8985-282b731e6d83"}, "language": "Portuguese (Brazil)", "name": "Guerreiro Pútrido"}], "frameVersion": "1997", "hasFoil": true, "hasNonFoil": true, "identifiers": {"cardsphereFoilId": "5317", "cardsphereId": "5318", "mcmId": "3229", "mcmMetaId": "4404", "mtgArenaId": "16334", "mtgjsonV4Id": "9b353716-d292-5d20-8cd5-acd375429380", "mtgoFoilId": "16335", "mtgoId": "16334", "multiverseId": "26758", "scryfallCardBackId": "0aeebaf5-8c7d-4636-9e82-8c27447861f7", "scryfallId": "17fce298-3338-4f41-8156-ab6322951a76", "scryfallIllustrationId": "b73211cf-59cb-4b7a-aba3-1668f8ee901d", "scryfallOracleId": "6ec24c24-7e87-4c12-b94e-3cd5b184beb5", "tcgplayerProductId": "8014"}, "isFoil": false, "language": "English", "layout": "normal", "legalities": {"brawl": "Legal", "commander": "Legal", "duel": "Legal", "gladiator": "Legal", "historic": "Legal", "legacy": "Legal", "oathbreaker": "Legal", "pauper": "Legal", "paupercommander": "Legal", "penny": "Legal", "predh": "Legal", "premodern": "Legal", "timeless": "Legal", "vintage": "Legal"}, "manaCost": "{W}{B}", "manaValue": 2.0, "name": "Putrid Warrior", "number": "117", "originalText": "Whenever Putrid Warrior deals damage, choose one each player loses 1 life; or each player gains 1 life.", "originalType": "Creature - Soldier Zombie", "power": "2", "printings": ["APC", "PLST"], "purchaseUrls": {"cardmarket": "https://mtgjson.com/links/3606a3ce7ad33692", "tcgplayer": "https://mtgjson.com/links/6b4ea5a1821d4f07"}, "rarity": "common", "setCode": "APC", "sourceProducts": {"foil": ["8acaeb89-8781-5a08-9611-c01a6fe72c13", "a0e63068-1be0-51d6-9d91-ef99dd0c6f1b"], "nonfoil": ["8acaeb89-8781-5a08-9611-c01a6fe72c13", "ed6ee638-cc9a-5331-9cc4-453b103fa083"]}, "subtypes": ["Zombie", "Soldier", "Warrior"], "supertypes": [], "text": "Whenever Putrid Warrior deals damage, choose one —\n• Each player loses 1 life.\n• Each player gains 1 life.", "toughness": "2", "type": "Creature — Zombie Soldier Warrior", "types": ["Creature"], "uuid": "4f47321c-8730-5870-b3d9-b6a67c15c161"}, {"artist": "Dana Knutson", "artistIds": ["4eac683c-8c96-4f57-b8a4-ad7f7b7c44c7"], "availability": ["mtgo", "paper"], "boosterTypes": ["default"], "borderColor": "black", "colorIdentity": ["B", "G"], "colors": ["B"], "convertedManaCost": 3.0, "count": 2, "edhrecRank": 19373, "finishes": ["nonfoil", "foil"], "flavorText": "As the druids had devoted their lives to preserving Dominaria, so did they devote their deaths.", "foreignData": [{"flavorText": "Die Druiden widmeten ihr Leben dem Schutz Dominarias und können auch danach als Untote nicht davon ablassen.", "identifiers": {"multiverseId": "178987", "scryfallId": "28883e8a-3af2-4cd5-9db7-27499c799c68"}, "language": "German", "multiverseId": 178987, "name": "Schlammsuhlen-Druide", "text": "{G}, {T}, opfere eine Kreatur: Zerstöre eine Verzauberung deiner Wahl.", "type": "Kreatur — Zombie, Druide"}, {"identifiers": {"scryfallId": "ed2c37bb-dcf8-40a3-ab60-f2a55c32d3fd"}, "language": "Spanish", "name": "Druida del cenagal"}, {"flavorText": "Les druides avaient consacré leur vie à préserver Dominaria. Certains y consacrèrent aussi leur mort.", "identifiers": {"multiverseId": "179135", "scryfallId": "f1cad256-a5b7-463f-956d-7e4cbc3e27c1"}, "language": "French", "multiverseId": 179135, "name": "Druide des bourbiers", "text": "{G}, {T}, sacrifiez une créature : Détruisez l'enchantement ciblé.", "type": "Créature : zombie et druide"}, {"flavorText": "Così come hanno dedicato le loro vite a preservare Dominaria, i druidi hanno dedicato anche le loro morti.", "identifiers": {"multiverseId": "179308", "scryfallId": "e33b0e4d-5290-465a-9115-b5d803c08700"}, "language": "Italian", "multiverseId": 179308, "name": "Druido della Palude", "text": "{G}, {T}, Sacrifica una creatura: Distruggi un incantesimo bersaglio.", "type": "Creatura — Druido Zombie"}, {"identifiers": {"scryfallId": "651d6780-f09d-456c-ad62-647f1d26a2ed"}, "language": "Japanese", "name": "泥沼のドルイド"}, {"identifiers": {"scryfallId": "ef952295-bb4a-4c9e-8828-7e93fbb358af"}, "language": "Portuguese (Brazil)", "name": "Druida do Lamaçal"}], "frameVersion": "1997", "hasFoil": true, "hasNonFoil": true, "identifiers": {"cardsphereFoilId": "5319", "cardsphereId": "5320", "mcmId": "3163", "mcmMetaId": "4425", "mtgjsonV4Id": "41783e5d-edd9-5fce-8034-6207d7034a2e", "mtgoFoilId": "16239", "mtgoId": "16238", "multiverseId": "27188", "scryfallCardBackId": "0aeebaf5-8c7d-4636-9e82-8c27447861f7", "scryfallId": "5a75a004-d150-4fc1-a9a9-3b337a63e3e5", "scryfallIllustrationId": "dfe27884-3c81-4a38-a0b2-27056fe16edf", "scryfallOracleId": "560e1e81-6675-4d08-8e82-cdf1abd4b3d0", "tcgplayerProductId": "8015"}, "isFoil": false, "language": "English", "layout": "normal", "legalities": {"commander": "Legal", "duel": "Legal", "legacy": "Legal", "oathbreaker": "Legal", "pauper": "Legal", "paupercommander": "Legal", "penny": "Legal", "predh": "Legal", "premodern": "Legal", "vintage": "Legal"}, "manaCost": "{2}{B}", "manaValue": 3.0, "name": "Quagmire Druid", "number": "51", "originalText": "o\nG, oc\nT, Sacrifice a creature: Destroy target enchantment.", "originalType": "Creature - Zombie Druid", "power": "2", "printings": ["APC", "C13"], "purchaseUrls": {"cardmarket": "https://mtgjson.com/links/a3ce7224e8891210", "tcgplayer": "https://mtgjson.com/links/b2a7cec63549d703"}, "rarity": "common", "setCode": "APC", "sourceProducts": {"foil": ["8acaeb89-8781-5a08-9611-c01a6fe72c13", "a0e63068-1be0-51d6-9d91-ef99dd0c6f1b"], "nonfoil": ["8acaeb89-8781-5a08-9611-c01a6fe72c13", "ed6ee638-cc9a-5331-9cc4-453b103fa083"]}, "subtypes": ["Zombie", "Druid"], "supertypes": [], "text": "{G}, {T}, Sacrifice a creature: Destroy target enchantment.", "toughness": "2", "type": "Creature — Zombie Druid", "types": ["Creature"], "uuid": "a80cde27-06b0-54a4-b5bd-e5d148308f40"}, {"artist": "Greg Staples", "artistIds": ["93d65564-bf00-447b-8406-e2031f03b6b1"], "availability": ["mtgo", "paper"], "boosterTypes": ["default"], "borderColor": "black", "colorIdentity": ["B"], "colors": ["B"], "convertedManaCost": 5.0, "count": 2, "edhrecRank": 26068, "edhrecSaltiness": 0.18, "finishes": ["nonfoil", "foil"], "flavorText": "It doesn't need to feed, but still it hungers.", "foreignData": [{"flavorText": "Sie braucht sich eigentlich nicht zu ernähren, aber Hunger hat sie immer.", "identifiers": {"multiverseId": "178990", "scryfallId": "c41022e6-098c-40f5-a5fb-6b0e2c4c0cec"}, "language": "German", "multiverseId": 178990, "name": "Zombie-Boa", "text": "{1}{B}: Bestimme eine Farbe. Immer wenn in diesem Zug die Zombie-Boa von einer Kreatur dieser Farbe geblockt wird, zerstöre diese Kreatur. Spiele diese Fähigkeit nur zu einem Zeitpunkt, zu dem du auch eine Hexerei spielen könntest.", "type": "Kreatur — Zombie, Ophis"}, {"identifiers": {"scryfallId": "1b803ec0-5f1c-4740-859e-f6c4e8777373"}, "language": "Spanish", "name": "Boa Zombie"}, {"flavorText": "Il ne connaît pas la faim. Il aime simplement manger.", "identifiers": {"multiverseId": "179138", "scryfallId": "6a80ba76-0c37-47a3-9f1a-eabe987333c7"}, "language": "French", "multiverseId": 179138, "name": "Boa zombie", "text": "{1}{B}: Choisissez une couleur. À chaque fois que le Boa zombie devient bloqué ce tour-ci par une créature de cette couleur, détruisez cette créature. Ne jouez cette capacité que lorsque vous pourriez jouer un rituel.", "type": "Créature : zombie et serpent"}, {"flavorText": "Non ha bisogno di nutrirsi, ma questo non frena il suo appetito.", "identifiers": {"multiverseId": "179311", "scryfallId": "51cd6d7d-1c74-48c0-b90c-76fc040d2243"}, "language": "Italian", "multiverseId": 179311, "name": "Boa Zombie", "text": "{1}{B}: Scegli un colore. Ogniqualvolta il Boa Zombie viene bloccato da una creatura di quel colore in questo turno, distruggi quella creatura. Gioca questa abilità solo quando potresti giocare una stregoneria.", "type": "Creatura — Serpente Zombie"}, {"identifiers": {"scryfallId": "31fd19af-c414-4246-894c-76ced63ea1d7"}, "language": "Japanese", "name": "ゾンビ・ボア"}, {"identifiers": {"scryfallId": "244365e0-021d-4f38-b3d0-f1529c6a1773"}, "language": "Portuguese (Brazil)", "name": "Jibóia Zumbi"}], "frameVersion": "1997", "hasFoil": true, "hasNonFoil": true, "identifiers": {"cardsphereFoilId": "5397", "cardsphereId": "5398", "mcmId": "3166", "mcmMetaId": "6816", "mtgjsonV4Id": "3a7639b8-3df2-5c3a-a726-26fc621881bb", "mtgoFoilId": "16331", "mtgoId": "16330", "multiverseId": "26801", "scryfallCardBackId": "0aeebaf5-8c7d-4636-9e82-8c27447861f7", "scryfallId": "1fb8c277-3154-47c9-835f-327cac297a5e", "scryfallIllustrationId": "518be2cc-efc8-4234-9aa5-e664cb466e0f", "scryfallOracleId": "c4949d62-c2f9-4425-a77e-444824955ecc", "tcgplayerProductId": "8054"}, "isFoil": false, "language": "English", "layout": "normal", "legalities": {"commander": "Legal", "duel": "Legal", "legacy": "Legal", "oathbreaker": "Legal", "pauper": "Legal", "paupercommander": "Legal", "predh": "Legal", "premodern": "Legal", "vintage": "Legal"}, "manaCost": "{4}{B}", "manaValue": 5.0, "name": "Zombie Boa", "number": "54", "originalText": "o1o\nB: Choose a color. Whenever Zombie Boa becomes blocked by a creature of that color this turn, destroy that creature. Play this ability only any time you could play a sorcery.", "originalType": "Creature - Zombie Snake", "power": "3", "printings": ["APC"], "purchaseUrls": {"cardmarket": "https://mtgjson.com/links/7143c3f0a53d92cc", "tcgplayer": "https://mtgjson.com/links/d71fbf8049c16930"}, "rarity": "common", "setCode": "APC", "sourceProducts": {"foil": ["8acaeb89-8781-5a08-9611-c01a6fe72c13", "a0e63068-1be0-51d6-9d91-ef99dd0c6f1b"], "nonfoil": ["8acaeb89-8781-5a08-9611-c01a6fe72c13", "ed6ee638-cc9a-5331-9cc4-453b103fa083"]}, "subtypes": ["Zombie", "Snake"], "supertypes": [], "text": "{1}{B}: Choose a color. Whenever Zombie Boa becomes blocked by a creature of that color this turn, destroy that creature. Activate only as a sorcery.", "toughness": "3", "type": "Creature — Zombie Snake", "types": ["Creature"], "uuid": "b1b1fcac-d1fd-51ac-8980-5cdbeed31679"}, {"artist": "Ray Lago", "artistIds": ["a72b1f7b-b72a-4e8b-bc97-d6720c0e5837"], "availability": ["mtgo", "paper"], "boosterTypes": ["default"], "borderColor": "black", "colorIdentity": ["B"], "colors": ["B"], "convertedManaCost": 3.0, "count": 1, "edhrecRank": 26751, "edhrecSaltiness": 0.3, "finishes": ["nonfoil", "foil"], "flavorText": "The Phyrexians have one word that means both \"evolution\" and \"pain.\"", "foreignData": [{"flavorText": "Die Phyrexianer haben nur einen gemeinsamen Begriff für die Worte „Entwicklung\" und „Schmerz\".", "identifiers": {"multiverseId": "178975", "scryfallId": "6265d6fd-d420-480d-a037-54edfbd6628a"}, "language": "German", "multiverseId": 178975, "name": "Faule Aura", "text": "Die verzauberte Kreatur erhält -1/-1 und hat „{T}: Eine Kreatur deiner Wahl erhält -1/-1 bis zum Ende des Zuges.\"", "type": "Kreaturenverzauberung"}, {"identifiers": {"scryfallId": "bff562d2-5ab4-4234-ac67-b11a9a8e3f75"}, "language": "Spanish", "name": "Presencia fétida"}, {"flavorText": "Dans la langue phyrexiane, le même mot signifie à la fois « douleur » et « évolution ».", "identifiers": {"multiverseId": "179123", "scryfallId": "f51c26bc-0bb4-446d-99a4-4c89c2466359"}, "language": "French", "multiverseId": 179123, "name": "Présence flétrie", "text": "La créature enchantée gagne —1/—1 et a « {T}: La créature ciblée gagne —1/—1 jusqu'à la fin du tour ».", "type": "Enchanter : créature"}, {"flavorText": "I Phyrexiani hanno un'unica parola che significa sia \"evoluzione\" sia \"dolore\".", "identifiers": {"multiverseId": "179296", "scryfallId": "dc8eee87-21be-496e-ae43-e7828aec0edb"}, "language": "Italian", "multiverseId": 179296, "name": "Presenza Fetida", "text": "La creatura incantata prende -1/-1 e ha \"{T}: La creatura bersaglio prende -1/-1 fino alla fine del turno\".", "type": "Incanta Creatura"}, {"identifiers": {"scryfallId": "6e1208e4-d90e-43a6-bfd8-9a6f864126bc"}, "language": "Japanese", "name": "不潔の気配"}, {"identifiers": {"scryfallId": "8e7a37e1-839f-47fd-bc0a-94b47754112d"}, "language": "Portuguese (Brazil)", "name": "Presença Abominável"}], "frameVersion": "1997", "hasFoil": true, "hasNonFoil": true, "identifiers": {"cardsphereFoilId": "5200", "cardsphereId": "5201", "mcmId": "3151", "mcmMetaId": "2198", "mtgjsonV4Id": "b3d1a145-7c91-52ab-8a81-bc206ca70748", "mtgoFoilId": "16317", "mtgoId": "16316", "multiverseId": "28805", "scryfallCardBackId": "0aeebaf5-8c7d-4636-9e82-8c27447861f7", "scryfallId": "7c5a6fa8-d422-4e56-9e7b-2ff2fc8aecfe", "scryfallIllustrationId": "0bbf2905-adaf-4812-a27a-9c24dd743859", "scryfallOracleId": "16f3a09f-e29b-4fb5-95ed-d76ad550c2ad", "tcgplayerProductId": "7954"}, "isFoil": false, "keywords": ["Enchant"], "language": "English", "layout": "normal", "legalities": {"commander": "Legal", "duel": "Legal", "legacy": "Legal", "oathbreaker": "Legal", "penny": "Legal", "predh": "Legal", "premodern": "Legal", "vintage": "Legal"}, "manaCost": "{2}{B}", "manaValue": 3.0, "name": "Foul Presence", "number": "39", "originalText": "Enchanted creature gets -1/-1 and has \"oc\nT: Target creature gets -1/-1 until end of turn.\"", "originalType": "Enchant Creature", "printings": ["APC"], "purchaseUrls": {"cardmarket": "https://mtgjson.com/links/d9f74e686a48981c", "tcgplayer": "https://mtgjson.com/links/01dd2682f8781a40"}, "rarity": "uncommon", "setCode": "APC", "sourceProducts": {"foil": ["8acaeb89-8781-5a08-9611-c01a6fe72c13"], "nonfoil": ["8acaeb89-8781-5a08-9611-c01a6fe72c13", "ed6ee638-cc9a-5331-9cc4-453b103fa083"]}, "subtypes": ["Aura"], "supertypes": [], "text": "Enchant creature\nEnchanted creature gets -1/-1 and has \"{T}: Target creature gets -1/-1 until end of turn.\"", "type": "Enchantment — Aura", "types": ["Enchantment"], "uuid": "2b825a40-3d20-593a-96a5-48ee813580be"}, {"artist": "Pete Venters", "artistIds": ["d54c4a1a-c0c5-4834-84db-125d341f3ad8"], "availability": ["mtgo", "paper"], "boosterTypes": ["default"], "borderColor": "black", "colorIdentity": ["B"], "colors": ["B"], "convertedManaCost": 3.0, "count": 1, "edhrecRank": 109, "edhrecSaltiness": 0.28, "finishes": ["nonfoil", "foil"], "flavorText": "An audience of one with the malice of thousands.", "foreignData": [{"flavorText": "Ein einziger Zuschauer ersetzt die Boshaftigkeit von Tausenden.", "identifiers": {"multiverseId": "178983", "scryfallId": "d7072ab6-2fa3-4a21-a53b-da7859b89d1d"}, "language": "German", "multiverseId": 178983, "name": "Phyrexianische Arena", "text": "Zu Beginn deines Versorgungssegments ziehst du eine Karte und verlierst 1 Lebenspunkt.", "type": "Verzauberung"}, {"identifiers": {"scryfallId": "ac10b0fe-3140-4e70-9668-452e829c121b"}, "language": "Spanish", "name": "Arena pirexiana"}, {"flavorText": "« L'arène de la guerre a pour nous tant d'attrait. »", "identifiers": {"multiverseId": "179131", "scryfallId": "e55372b7-9f9b-45ba-98a7-750f8ba1d703"}, "language": "French", "multiverseId": 179131, "name": "Arène phyrexiane", "text": "Au début de votre entretien, vous piochez une carte et vous perdez 1 point de vie.", "type": "Enchantement"}, {"flavorText": "Un pubblico composto da uno solo con la malvagità di migliaia.", "identifiers": {"multiverseId": "179304", "scryfallId": "d7c4b66d-6fb3-4153-ae64-7707117b5aeb"}, "language": "Italian", "multiverseId": 179304, "name": "Arena di Phyrexia", "text": "All'inizio del tuo mantenimento, peschi una carta e perdi 1 punto vita.", "type": "Incantesimo"}, {"identifiers": {"scryfallId": "d5480836-d2ef-4fc0-a63c-867e00618f1b"}, "language": "Japanese", "name": "ファイレクシアの闘技場"}, {"identifiers": {"scryfallId": "af62c1b0-3116-433c-8d1c-86fac1061a10"}, "language": "Portuguese (Brazil)", "name": "Arena Phyrexiana"}], "frameVersion": "1997", "hasFoil": true, "hasNonFoil": true, "identifiers": {"cardsphereFoilId": "5305", "cardsphereId": "5306", "mcmId": "3159", "mcmMetaId": "4176", "mtgjsonV4Id": "cdc701fb-857a-5188-9a35-f7a437342d4a", "mtgoFoilId": "16325", "mtgoId": "16324", "multiverseId": "27663", "scryfallCardBackId": "0aeebaf5-8c7d-4636-9e82-8c27447861f7", "scryfallId": "84e19975-e3e1-453b-b902-a1b1fc1d8504", "scryfallIllustrationId": "a9969264-00b4-4b4d-b085-817e42343bc1", "scryfallOracleId": "ee579a32-a048-4335-b966-231ba731cdea", "tcgplayerProductId": "8008"}, "isFoil": false, "language": "English", "layout": "normal", "legalities": {"brawl": "Legal", "commander": "Legal", "duel": "Legal", "explorer": "Legal", "future": "Legal", "gladiator": "Legal", "historic": "Legal", "legacy": "Legal", "modern": "Legal", "oathbreaker": "Legal", "penny": "Legal", "pioneer": "Legal", "predh": "Legal", "premodern": "Legal", "standard": "Legal", "standardbrawl": "Legal", "timeless": "Legal", "vintage": "Legal"}, "manaCost": "{1}{B}{B}", "manaValue": 3.0, "name": "Phyrexian Arena", "number": "47", "originalText": "At the beginning of your upkeep, you draw a card and you lose 1 life.", "originalType": "Enchantment", "printings": ["8ED", "9ED", "APC", "C15", "CC2", "CN2", "DDE", "HA1", "HOP", "MKC", "ONE", "PLST", "PONE", "TD0", "WC01"], "purchaseUrls": {"cardmarket": "https://mtgjson.com/links/2ac50220c340877d", "tcgplayer": "https://mtgjson.com/links/dfaf607ba9adb2ac"}, "rarity": "rare", "setCode": "APC", "sourceProducts": {"foil": ["8acaeb89-8781-5a08-9611-c01a6fe72c13"], "nonfoil": ["8acaeb89-8781-5a08-9611-c01a6fe72c13", "ed6ee638-cc9a-5331-9cc4-453b103fa083"]}, "subtypes": [], "supertypes": [], "text": "At the beginning of your upkeep, you draw a card and you lose 1 life.", "type": "Enchantment", "types": ["Enchantment"], "uuid": "f63fdeae-9ebc-571b-a6c9-6d9c36fd265b"}, {"artist": "Jeff Easley", "artistIds": ["da17055e-693c-461a-b132-67dd88b42ca6"], "availability": ["mtgo", "paper"], "boosterTypes": ["default"], "borderColor": "black", "colorIdentity": ["B", "W"], "colors": ["B", "W"], "convertedManaCost": 3.0, "count": 1, "edhrecRank": 15492, "edhrecSaltiness": 0.08, "finishes": ["nonfoil", "foil"], "flavorText": "They danced like puppets to a tune only Yawgmoth could hear.", "foreignData": [{"flavorText": "Sie tanzten wie Marionetten nach einer Melodie, die nur Yawgmoth hören konnte.", "identifiers": {"multiverseId": "179056", "scryfallId": "b113e5ef-bdab-4eac-9a1b-c58f6990ba13"}, "language": "German", "multiverseId": 179056, "name": "Seelenverbindung", "text": "Immer wenn die verzauberte Kreatur Schaden zufügt oder ihr Schaden zugefügt wird, erhältst du genausoviele Lebenspunkte dazu.", "type": "Kreaturenverzauberung"}, {"identifiers": {"scryfallId": "0c7a3ba1-738a-4ee7-945f-efbae478c2ea"}, "language": "Spanish", "name": "Vinculo de alma"}, {"flavorText": "Ils dansaient comme des marionnettes sur un air que seul Yaugzebul pouvait entendre.", "identifiers": {"multiverseId": "179204", "scryfallId": "e343e65c-d9dc-4482-8750-a72599b7f31b"}, "language": "French", "multiverseId": 179204, "name": "Liaison des âmes", "text": "À chaque fois que la créature enchantée inflige ou se voit infliger un certain nombre de blessures, vous gagnez autant de points vie.", "type": "Enchanter : créature"}, {"flavorText": "Danzavano come pupazzi al ritmo di una musica che solo Yawgmoth poteva udire.", "identifiers": {"multiverseId": "179377", "scryfallId": "e638d4cc-c4ca-4ac3-a6c1-bf523513a6ea"}, "language": "Italian", "multiverseId": 179377, "name": "Legame dell'Anima", "text": "Ogniqualvolta la creatura incantata infligge o riceve danno, guadagni un pari ammontare di punti vita.", "type": "Incanta Creatura"}, {"identifiers": {"scryfallId": "074ca1a9-8fd1-4b9f-97a8-730e6c2c1464"}, "language": "Japanese", "name": "魂の結合"}, {"identifiers": {"scryfallId": "0a2c9451-63b6-474c-bb50-de8b9abcd5aa"}, "language": "Portuguese (Brazil)", "name": "Vínculo da Alma"}], "frameVersion": "1997", "hasFoil": true, "hasNonFoil": true, "identifiers": {"cardsphereFoilId": "5343", "cardsphereId": "5344", "mcmId": "3232", "mcmMetaId": "5414", "mtgjsonV4Id": "1c97b3fd-2ff6-5220-a0d2-8323a3041d50", "mtgoFoilId": "16097", "mtgoId": "16096", "multiverseId": "26822", "scryfallCardBackId": "0aeebaf5-8c7d-4636-9e82-8c27447861f7", "scryfallId": "425e0ca4-8592-4802-b7c4-6e3323edd78c", "scryfallIllustrationId": "8f5a7f2d-351d-4098-9890-8d1bce75ea2f", "scryfallOracleId": "bb81aa50-49db-4743-85fc-6b4d9ed29bc6", "tcgplayerProductId": "8027"}, "isFoil": false, "keywords": ["Enchant"], "language": "English", "layout": "normal", "legalities": {"commander": "Legal", "duel": "Legal", "legacy": "Legal", "oathbreaker": "Legal", "pauper": "Legal", "paupercommander": "Legal", "penny": "Legal", "predh": "Legal", "premodern": "Legal", "vintage": "Legal"}, "manaCost": "{1}{W}{B}", "manaValue": 3.0, "name": "Soul Link", "number": "120", "originalText": "Whenever enchanted creature deals or is dealt damage, you gain that much life.", "originalType": "Enchant Creature", "printings": ["APC"], "purchaseUrls": {"cardmarket": "https://mtgjson.com/links/0d594555e48b1c33", "tcgplayer": "https://mtgjson.com/links/3314620e1f090557"}, "rarity": "common", "rulings": [{"date": "2004-10-04", "text": "If the creature damages itself, both abilities trigger."}], "setCode": "APC", "sourceProducts": {"foil": ["8acaeb89-8781-5a08-9611-c01a6fe72c13", "a0e63068-1be0-51d6-9d91-ef99dd0c6f1b"], "nonfoil": ["8acaeb89-8781-5a08-9611-c01a6fe72c13", "ed6ee638-cc9a-5331-9cc4-453b103fa083"]}, "subtypes": ["Aura"], "supertypes": [], "text": "Enchant creature\nWhenever enchanted creature deals damage, you gain that much life.\nWhenever enchanted creature is dealt damage, you gain that much life.", "type": "Enchantment — Aura", "types": ["Enchantment"], "uuid": "4bb74cb6-eefb-55ab-9dd3-2a40fe9c9d5e"}, {"artist": "Kev Walker", "artistIds": ["f366a0ee-a0cd-466d-ba6a-90058c7a31a6"], "availability": ["mtgo", "paper"], "boosterTypes": ["default"], "borderColor": "black", "colorIdentity": ["B"], "colors": ["B"], "convertedManaCost": 5.0, "count": 1, "edhrecRank": 17764, "finishes": ["nonfoil", "foil"], "flavorText": "\"Whatever Yawgmoth marks, dies. There is no escape.\"\n—Tsabo Tavoc, Phyrexian general", "foreignData": [{"flavorText": "„Was immer Yawgmoth berührt, muß sterben. Es gibt kein Entrinnen.\" —Tsabo Tavoc, phyrexianischer General", "identifiers": {"multiverseId": "183512", "scryfallId": "25c1814c-ed4d-42e5-be48-51b3bae6df29"}, "language": "German", "multiverseId": 183512, "name": "Vollständige Vernichtung", "text": "Zerstöre eine nichtschwarze Kreatur Deiner Wahl. Sie kann nicht regeneriert werden.\nZiehe eine Karte.", "type": "Spontanzauber"}, {"identifiers": {"scryfallId": "f55a25ea-80d9-491a-9dc2-5cf0d2c01aab"}, "language": "Spanish", "name": "Aniquilar"}, {"flavorText": "« Tout ce qui porte la marque de Yaugzebul doit mourir. Il n'y a pas d'échappatoire. » — Tsabo Tavoc, générale des Phyrexians.", "identifiers": {"multiverseId": "185386", "scryfallId": "6ec5d6d1-ea5f-47f0-853c-b8704288e891"}, "language": "French", "multiverseId": 185386, "name": "Annihilation", "text": "Détruisez la créature non-noire ciblée. Elle ne peut pas être régénérée.\nPiochez une carte.", "type": "Éphémère"}, {"identifiers": {"scryfallId": "b3dae3ad-f080-4a83-a1d3-550f05708861"}, "language": "Italian", "name": "Annichilire"}, {"identifiers": {"scryfallId": "3adab5fb-e915-4911-9779-8b59544a390a"}, "language": "Japanese", "name": "滅殺"}, {"identifiers": {"scryfallId": "42e91c39-8923-472e-8c27-46dfe222b693"}, "language": "Portuguese (Brazil)", "name": "Aniquilar"}], "frameVersion": "1997", "hasFoil": true, "hasNonFoil": true, "identifiers": {"cardsphereFoilId": "21274", "cardsphereId": "21275", "mcmId": "3414", "mcmMetaId": "205", "mtgjsonV4Id": "2d9ac1b6-ce24-5826-b12b-121a5da26cda", "mtgoFoilId": "14502", "mtgoId": "14501", "multiverseId": "23042", "scryfallCardBackId": "0aeebaf5-8c7d-4636-9e82-8c27447861f7", "scryfallId": "4a3bf039-ecf6-477e-997c-e32c55323c01", "scryfallIllustrationId": "56ac4434-70b4-48f9-98b5-3d67033daf9a", "scryfallOracleId": "28f55673-7aa0-497e-8434-aa70df1b5e04", "tcgplayerProductId": "7418"}, "isFoil": false, "language": "English", "layout": "normal", "legalities": {"commander": "Legal", "duel": "Legal", "legacy": "Legal", "oathbreaker": "Legal", "predh": "Legal", "premodern": "Legal", "vintage": "Legal"}, "manaCost": "{3}{B}{B}", "manaValue": 5.0, "name": "Annihilate", "number": "94", "originalText": "Destroy target nonblack creature. It can't be regenerated.\nDraw a card.", "originalType": "Instant", "printings": ["C13", "C14", "EMA", "INV", "PLST"], "purchaseUrls": {"cardmarket": "https://mtgjson.com/links/b33eac9b52701c82", "tcgplayer": "https://mtgjson.com/links/aa5ae5b1de5a09f7"}, "rarity": "uncommon", "rulings": [{"date": "2016-06-08", "text": "If the targeted creature is an illegal target when Annihilate tries to resolve, the entire spell doesn’t resolve. You won’t draw a card."}], "setCode": "INV", "sourceProducts": {"foil": ["e634446e-4111-5781-ba46-1161cb3abb5a"], "nonfoil": ["1971eacc-6305-5c8c-914d-663ae422c379", "308d01d7-d39a-5165-a13f-46721cf60b29", "e634446e-4111-5781-ba46-1161cb3abb5a", "ed6ee638-cc9a-5331-9cc4-453b103fa083"]}, "subtypes": [], "supertypes": [], "text": "Destroy target nonblack creature. It can't be regenerated.\nDraw a card.", "type": "Instant", "types": ["Instant"], "uuid": "12fc2cac-1a35-5847-8f86-1249cf72894c"}, {"artist": "Adam Rex", "artistIds": ["445bd2fb-4a70-4599-87a4-83cf5979fc56"], "availability": ["mtgo", "paper"], "boosterTypes": ["default"], "borderColor": "black", "colorIdentity": ["B", "G"], "colors": ["B", "G"], "convertedManaCost": 3.0, "count": 2, "edhrecRank": 23325, "edhrecSaltiness": 0.22, "finishes": ["nonfoil", "foil"], "flavorText": "As Multani's troops invaded Urborg, the decay of the swamp became a feast for the living.", "foreignData": [{"flavorText": "Als Multanis Truppen Urborg besetzten, weideten sich die Lebenden am Moder der Sümpfe.", "identifiers": {"multiverseId": "179029", "scryfallId": "a2f66d90-9759-4f17-9812-ed641046dfc7"}, "language": "German", "multiverseId": 179029, "name": "Verzehrung der Stärke", "text": "Eine Kreatur deiner Wahl erhält +2/+2 bis zum Ende des Zuges. Eine andere Kreatur deiner Wahl erhält -2/-2 bis zum Ende des Zuges.", "type": "Spontanzauber"}, {"identifiers": {"scryfallId": "82710258-b50d-4be0-8fe5-f486e5895aea"}, "language": "Spanish", "name": "Consumir fuerza"}, {"flavorText": "Lorsque les troupes de Multani envahirent Urborg, la pourriture des marais devint un festin pour les vivants.", "identifiers": {"multiverseId": "179177", "scryfallId": "15cf6ffe-100e-4879-8304-e984a2fdbacc"}, "language": "French", "multiverseId": 179177, "name": "Absorption de la force", "text": "La créature ciblée gagne +2/+2 jusqu'à la fin du tour. Une autre créature ciblée gagne —2/—2 jusqu'à la fin du tour.", "type": "Éphémère"}, {"flavorText": "Mentre le truppe di Multani invadevano Urborg, la decomposizione della palude divenne un banchetto per i vivi.", "identifiers": {"multiverseId": "179350", "scryfallId": "28721c7d-011c-41b0-a07b-3889b30bf6f9"}, "language": "Italian", "multiverseId": 179350, "name": "Forza Bruciante", "text": "La creatura bersaglio prende +2/+2 fino alla fine del turno. Un'altra creatura bersaglio prende -2/-2 fino alla fine del turno.", "type": "Istantaneo"}, {"identifiers": {"scryfallId": "9ce4e848-5fbc-429f-917b-75be42130137"}, "language": "Japanese", "name": "力の消耗"}, {"identifiers": {"scryfallId": "4ac79d03-9e68-47f7-ba9e-9cb2ea2cb457"}, "language": "Portuguese (Brazil)", "name": "Consumir a Força"}], "frameVersion": "1997", "hasFoil": true, "hasNonFoil": true, "identifiers": {"cardsphereFoilId": "5152", "cardsphereId": "5153", "mcmId": "3205", "mcmMetaId": "1113", "mtgjsonV4Id": "c317cb98-11e6-53f7-9ebe-c7381b50495c", "mtgoFoilId": "16185", "mtgoId": "16184", "multiverseId": "19163", "scryfallCardBackId": "0aeebaf5-8c7d-4636-9e82-8c27447861f7", "scryfallId": "f005fc90-7e81-4bd4-a479-438337110979", "scryfallIllustrationId": "0633b527-2eea-4d94-80df-2633b3feb8d5", "scryfallOracleId": "53fd9fb1-c28f-4d73-bf98-94cdab418f21", "tcgplayerProductId": "7927"}, "isFoil": false, "language": "English", "layout": "normal", "legalities": {"commander": "Legal", "duel": "Legal", "legacy": "Legal", "oathbreaker": "Legal", "pauper": "Legal", "paupercommander": "Legal", "penny": "Legal", "predh": "Legal", "premodern": "Legal", "vintage": "Legal"}, "manaCost": "{1}{B}{G}", "manaValue": 3.0, "name": "Consume Strength", "number": "93", "originalText": "Target creature gets +2/+2 until end of turn. Another target creature gets -2/-2 until end of turn.", "originalType": "Instant", "printings": ["APC", "DDM"], "purchaseUrls": {"cardmarket": "https://mtgjson.com/links/32eb902da5a60856", "tcgplayer": "https://mtgjson.com/links/e29ff505706d1497"}, "rarity": "common", "setCode": "APC", "sourceProducts": {"foil": ["8acaeb89-8781-5a08-9611-c01a6fe72c13", "a0e63068-1be0-51d6-9d91-ef99dd0c6f1b"], "nonfoil": ["8acaeb89-8781-5a08-9611-c01a6fe72c13", "ed6ee638-cc9a-5331-9cc4-453b103fa083"]}, "subtypes": [], "supertypes": [], "text": "Target creature gets +2/+2 until end of turn. Another target creature gets -2/-2 until end of turn.", "type": "Instant", "types": ["Instant"], "uuid": "c39353a0-4a03-5918-adf5-40bec83a0571"}, {"artist": "John Avon", "artistIds": ["798f3932-30e0-4420-aa3f-db4d613f89ca"], "availability": ["mtgo", "paper"], "boosterTypes": ["default"], "borderColor": "black", "colorIdentity": ["B", "G"], "colors": ["G"], "convertedManaCost": 3.0, "count": 3, "edhrecRank": 25946, "edhrecSaltiness": 0.29, "finishes": ["nonfoil", "foil"], "foreignData": [{"identifiers": {"multiverseId": "179022", "scryfallId": "7c332a0e-9899-4af1-a623-1be2427ef6ec"}, "language": "German", "multiverseId": 179022, "name": "Nächtliche Stärke", "text": "Bonus {B} (Du kannst zusätzlich {B} bezahlen, sowie du diesen Zauberspruch spielst.)\nKreaturen, die du kontrollierst, erhalten +1/+1 bis zum Ende des Zuges. Falls du die Bonuskosten bezahlt hast, erhalten Zombies, die du kontrollierst, zusätz-lich +2/+2 bis zum Ende des Zuges.", "type": "Spontanzauber"}, {"identifiers": {"scryfallId": "1eecdc08-de09-4a66-957e-660ab485e7c2"}, "language": "Spanish", "name": "Fuerza de la noche"}, {"identifiers": {"multiverseId": "179170", "scryfallId": "c2dd8cbe-b44b-44ff-9687-1027f3195020"}, "language": "French", "multiverseId": 179170, "name": "Force de la nuit", "text": "Kick {B} (Vous pouvez payer {B} supplémentaire quand vous jouez ce sort.)\nLes créatures que vous contrôlez gagnent +1/+1 jusqu'à la fin du tour. Si vous avez payé le coût de kick, les zombies que vous contrôlez gagnent un +2/+2 supplémentaire jusqu'à la fin du tour.", "type": "Éphémère"}, {"identifiers": {"multiverseId": "179343", "scryfallId": "3b0e7be2-374d-40e7-9eb0-5a7e97d92518"}, "language": "Italian", "multiverseId": 179343, "name": "Forza della Notte", "text": "Potenziamento {B} (Puoi spendere {B} addizionale mentre giochi questa magia).\nLe creature che controlli prendono +1/+1 fino alla fine del turno. Se hai pagato il costo di potenziamento, gli Zombie che controlli prendono +2/+2 addizionale fino alla fine del turno.", "type": "Istantaneo"}, {"identifiers": {"scryfallId": "3893f06f-3fa7-4ff2-903f-dbfc5a9f89cc"}, "language": "Japanese", "name": "夜の力"}, {"identifiers": {"scryfallId": "f1709def-b0e2-4b96-8e30-ba4073eb3da0"}, "language": "Portuguese (Brazil)", "name": "Força da Noite"}], "frameVersion": "1997", "hasFoil": true, "hasNonFoil": true, "identifiers": {"cardsphereFoilId": "5355", "cardsphereId": "5356", "mcmId": "3198", "mcmMetaId": "5659", "mtgjsonV4Id": "b929507a-d241-51d6-8f79-48779f1a226e", "mtgoFoilId": "16125", "mtgoId": "16124", "multiverseId": "28007", "scryfallCardBackId": "0aeebaf5-8c7d-4636-9e82-8c27447861f7", "scryfallId": "87aab031-4e44-44cd-89a7-6cffc7288cd1", "scryfallIllustrationId": "3f875ad2-0e69-4a49-9182-4f5ab4d1a385", "scryfallOracleId": "0045cf16-86dd-4417-ae36-88ca63b30c26", "tcgplayerProductId": "8033"}, "isFoil": false, "keywords": ["Kicker"], "language": "English", "layout": "normal", "legalities": {"commander": "Legal", "duel": "Legal", "legacy": "Legal", "oathbreaker": "Legal", "pauper": "Legal", "paupercommander": "Legal", "penny": "Legal", "predh": "Legal", "premodern": "Legal", "vintage": "Legal"}, "manaCost": "{2}{G}", "manaValue": 3.0, "name": "Strength of Night", "number": "86", "originalText": "Kicker o\nB (You may pay an additional o\nB as you play this spell.)\nCreatures you control get +1/+1 until end of turn. If you paid the kicker cost, Zombies you control get an additional +2/+2 until end of turn.", "originalType": "Instant", "printings": ["APC", "PLST"], "purchaseUrls": {"cardmarket": "https://mtgjson.com/links/d643a7cb896be158", "tcgplayer": "https://mtgjson.com/links/dd8caa78965cb7f9"}, "rarity": "common", "setCode": "APC", "sourceProducts": {"foil": ["8acaeb89-8781-5a08-9611-c01a6fe72c13", "a0e63068-1be0-51d6-9d91-ef99dd0c6f1b"], "nonfoil": ["8acaeb89-8781-5a08-9611-c01a6fe72c13", "ed6ee638-cc9a-5331-9cc4-453b103fa083"]}, "subtypes": [], "supertypes": [], "text": "Kicker {B} (You may pay an additional {B} as you cast this spell.)\nCreatures you control get +1/+1 until end of turn. If this spell was kicked, Zombie creatures you control get an additional +2/+2 until end of turn.", "type": "Instant", "types": ["Instant"], "uuid": "aa8a7eac-a6be-554b-8e43-26ed6ada3561"}, {"artist": "Ben Thompson", "artistIds": ["f3116c88-57f4-4fd1-95f3-cfd163977661"], "availability": ["mtgo", "paper"], "boosterTypes": ["default"], "borderColor": "black", "colorIdentity": ["G", "W"], "colors": ["G"], "convertedManaCost": 2.0, "count": 1, "edhrecRank": 17523, "faceConvertedManaCost": 1.0, "faceManaValue": 1.0, "faceName": "Wax", "finishes": ["nonfoil", "foil"], "foreignData": [{"faceName": "Crecer", "identifiers": {"scryfallId": "b7e4fc4b-70f2-4d05-8725-e1bbda166659"}, "language": "Spanish", "name": "Crecer // Menguar"}, {"faceName": "Wax", "identifiers": {"scryfallId": "f4d70bd2-84e8-4258-a803-a316050d8cbd"}, "language": "French", "name": "Wax // Wane"}, {"faceName": "Riduzione", "identifiers": {"scryfallId": "14f448e7-019f-4f00-acda-7b910f0951cd"}, "language": "Italian", "name": "Riduzione // Accrescimento"}, {"faceName": "増進 // 衰退", "identifiers": {"scryfallId": "3fe64ade-3c70-4265-9906-8fd8a5f75539"}, "language": "Japanese", "name": "増進 // 衰退 // Wane"}, {"faceName": "Decrescer", "identifiers": {"scryfallId": "132137f4-0a59-42f5-b945-e21fbcf8e17d"}, "language": "Portuguese (Brazil)", "name": "Decrescer // Engrandecer"}, {"faceName": "Wax", "identifiers": {"scryfallId": "b1a81b89-f47f-4b25-9673-39458be3d728"}, "language": "Chinese Simplified", "name": "Wax // Wane"}, {"faceName": "Wax", "identifiers": {"scryfallId": "406fda74-35cf-483b-8098-369ce5d56f2f"}, "language": "Chinese Traditional", "name": "Wax // Wane"}], "frameVersion": "1997", "hasFoil": true, "hasNonFoil": true, "identifiers": {"cardsphereFoilId": "21929", "cardsphereId": "21930", "mcmId": "3739", "mcmMetaId": "6549", "mtgjsonV4Id": "42bd0a75-a01b-5dab-9c2f-4abb3e11a7ae", "mtgoId": "15031", "multiverseId": "20581", "scryfallCardBackId": "0aeebaf5-8c7d-4636-9e82-8c27447861f7", "scryfallId": "19859061-f5ec-4b7f-86a1-196f98648e0a", "scryfallIllustrationId": "7a8109cf-aa8f-43db-bafd-b300bc7cf21d", "scryfallOracleId": "4744b086-fea2-4992-bfef-68c58cdf9cf0", "tcgplayerProductId": "7748"}, "isFoil": false, "language": "English", "layout": "split", "legalities": {"commander": "Legal", "duel": "Legal", "legacy": "Legal", "oathbreaker": "Legal", "predh": "Legal", "premodern": "Legal", "vintage": "Legal"}, "manaCost": "{G}", "manaValue": 2.0, "name": "Wax // Wane", "number": "296", "originalText": "Destroy target enchantment.", "originalType": "Instant", "otherFaceIds": ["a5cca3be-220e-5bbb-a6f0-98252ed72871"], "printings": ["ARC", "DMR", "INV", "WC02"], "purchaseUrls": {"cardmarket": "https://mtgjson.com/links/c2454fe44c8fcd67", "tcgplayer": "https://mtgjson.com/links/06e3b1d9ae1a37ef"}, "rarity": "uncommon", "setCode": "INV", "side": "a", "sourceProducts": {"foil": ["e634446e-4111-5781-ba46-1161cb3abb5a"], "nonfoil": ["1971eacc-6305-5c8c-914d-663ae422c379", "2dc38c3d-97af-5900-bd36-0d5c192b0c07", "9e5b2549-5f95-5014-a1dc-4dac9a276b23", "e634446e-4111-5781-ba46-1161cb3abb5a", "ed6ee638-cc9a-5331-9cc4-453b103fa083"]}, "subtypes": [], "supertypes": [], "text": "Target creature gets +2/+2 until end of turn.", "type": "Instant", "types": ["Instant"], "uuid": "fc84f5cd-fd2f-5402-ac0f-ad92bf25e493"}, {"artist": "Greg Staples", "artistIds": ["93d65564-bf00-447b-8406-e2031f03b6b1"], "availability": ["mtgo", "paper"], "boosterTypes": ["default"], "borderColor": "black", "colorIdentity": ["B"], "colors": ["B"], "convertedManaCost": 5.0, "count": 2, "edhrecRank": 25783, "finishes": ["nonfoil", "foil"], "flavorText": "\"Beautiful, isn't it?\" crowed Crovax. \"They fought together. Now they will die together.\"", "foreignData": [{"flavorText": "„Ist es nicht schön?\" prahlte Crovax. „Sie haben zusammen gekämpft, jetzt werden sie zusammen sterben.\"", "identifiers": {"multiverseId": "178973", "scryfallId": "9addeb33-f008-43cc-98ae-a06c8a7bafa0"}, "language": "German", "multiverseId": 178973, "name": "Todesgeläute", "text": "Zerstöre zwei nichtschwarze Kreaturen deiner Wahl, falls keine eine Farbe hat, die die andere nicht hat. Sie können nicht regeneriert werden.", "type": "Hexerei"}, {"identifiers": {"scryfallId": "88208fa8-4408-4682-8b97-ee1155ac4e4c"}, "language": "Spanish", "name": "Similitud mortal"}, {"identifiers": {"multiverseId": "179121", "scryfallId": "301139b6-2ee7-49c0-a58e-b6daf78adc55"}, "language": "French", "multiverseId": 179121, "name": "Ménage mortel", "text": "Détruisez deux créatures non-noires ciblées, à moins que l'une ait une couleur que l'autre n'a pas. Elles ne peuvent pas être régénérées. (Les deux créatures doivent donc avoir exactement les mêmes couleurs, ou ne pas avoir de couleur, sinon elles ne sont pas détruites).", "type": "Rituel"}, {"flavorText": "\"Bello, vero?\" sogghignò Crovax. \"Hanno combattuto insieme. Ora moriranno insieme\".", "identifiers": {"multiverseId": "179294", "scryfallId": "4b34bbc0-a12d-4b21-ad77-585165c0baef"}, "language": "Italian", "multiverseId": 179294, "name": "Anelli Mortali", "text": "Distruggi due creature bersaglio non nere a meno che una delle due abbia almeno un colore che l'altra non ha. Non possono essere rigenerate.", "type": "Stregoneria"}, {"identifiers": {"scryfallId": "00cf7e5c-3645-4137-93da-6d272b3539c3"}, "language": "Japanese", "name": "生き写し"}, {"identifiers": {"scryfallId": "17c630c0-0228-486f-bdf8-325a16d42a7d"}, "language": "Portuguese (Brazil)", "name": "Ciranda da Morte"}], "frameVersion": "1997", "hasFoil": true, "hasNonFoil": true, "identifiers": {"cardsphereFoilId": "5156", "cardsphereId": "5157", "mcmId": "3149", "mcmMetaId": "1347", "mtgjsonV4Id": "6b95519f-43d8-5f1b-aa55-ae11eec6d2af", "mtgoFoilId": "16049", "mtgoId": "16048", "multiverseId": "26848", "scryfallCardBackId": "0aeebaf5-8c7d-4636-9e82-8c27447861f7", "scryfallId": "9b78028c-3ebd-432d-b628-e1fa284f08f3", "scryfallIllustrationId": "fce0e535-b0db-4dc5-ac0d-d44701108245", "scryfallOracleId": "fb34e487-f7a9-48ad-8f42-00295a80a160", "tcgplayerProductId": "7931"}, "isFoil": false, "language": "English", "layout": "normal", "legalities": {"commander": "Legal", "duel": "Legal", "legacy": "Legal", "oathbreaker": "Legal", "pauper": "Legal", "paupercommander": "Legal", "penny": "Legal", "predh": "Legal", "premodern": "Legal", "vintage": "Legal"}, "manaCost": "{4}{B}", "manaValue": 5.0, "name": "Dead Ringers", "number": "37", "originalText": "Destroy two target nonblack creatures unless either one is a color the other isn't. They can't be regenerated.", "originalType": "Sorcery", "printings": ["APC", "MB2"], "purchaseUrls": {"cardmarket": "https://mtgjson.com/links/bc620addce8eb793", "tcgplayer": "https://mtgjson.com/links/b97324cb6723154d"}, "rarity": "common", "rulings": [{"date": "2004-10-04", "text": "Both of the target creatures must be exactly the same color or combination of colors. Both being colorless is also okay. If they differ in any way, you can still cast the spell, but it does not do anything on resolution."}, {"date": "2004-10-04", "text": "Colors are checked on resolution."}], "setCode": "APC", "sourceProducts": {"foil": ["8acaeb89-8781-5a08-9611-c01a6fe72c13", "a0e63068-1be0-51d6-9d91-ef99dd0c6f1b"], "nonfoil": ["8acaeb89-8781-5a08-9611-c01a6fe72c13", "ed6ee638-cc9a-5331-9cc4-453b103fa083"]}, "subtypes": [], "supertypes": [], "text": "Destroy two target nonblack creatures unless either one is a color the other isn't. They can't be regenerated.", "type": "Sorcery", "types": ["Sorcery"], "uuid": "51884ace-d80d-5392-8bdd-dcc44893444a"}, {"artist": "Eric Peterson", "artistIds": ["0fc26d3b-4c0e-41d1-8eb3-286ab55a2328"], "availability": ["mtgo", "paper"], "boosterTypes": ["default"], "borderColor": "black", "colorIdentity": ["B", "W"], "colors": ["B", "W"], "convertedManaCost": 2.0, "count": 1, "edhrecRank": 11695, "edhrecSaltiness": 0.08, "finishes": ["nonfoil", "foil"], "flavorText": "Yawgmoth's greatest joy came from watching one hero defeat another.", "foreignData": [{"flavorText": "Yawgmoths größte Freude war, wenn ein Held einen anderen vernichtete.", "identifiers": {"multiverseId": "179031", "scryfallId": "d34e6ca4-de04-4159-b7e3-4a961cb0caf6"}, "language": "German", "multiverseId": 179031, "name": "Tödlicher Griff", "text": "Tödlicher Griff fügt einer Kreatur oder einem Spieler deiner Wahl X Schadenspunkte zu. Du erhältst X Lebenspunkte dazu.", "type": "Hexerei"}, {"identifiers": {"scryfallId": "497f486c-943b-4dde-9205-d776f99cc64d"}, "language": "Spanish", "name": "Apretón mortal"}, {"flavorText": "Yaugzebul exultait en voyant les deux héros s'affronter.", "identifiers": {"multiverseId": "179179", "scryfallId": "4e182b2c-13df-451d-afce-b8a5445594ae"}, "language": "French", "multiverseId": 179179, "name": "Prise mortelle", "text": "La Prise mortelle inflige X blessures à une cible, créature ou joueur. Vous gagnez X points de vie.", "type": "Rituel"}, {"flavorText": "La più grande gioia per Yawgmoth fu vedere un eroe che ne batteva un altro.", "identifiers": {"multiverseId": "179352", "scryfallId": "4cd641f4-8796-4d91-a001-fc3399335013"}, "language": "Italian", "multiverseId": 179352, "name": "Stretta Letale", "text": "La Stretta Letale infligge X danni a una creatura o a un giocatore bersaglio. Tu guadagni X punti vita.", "type": "Stregoneria"}, {"identifiers": {"scryfallId": "6cae41f3-3896-4e4c-b563-1ba6cff20934"}, "language": "Japanese", "name": "死のわしづかみ"}, {"identifiers": {"scryfallId": "b43473b0-73e7-4f8c-baaa-d5137d870e8f"}, "language": "Portuguese (Brazil)", "name": "Garras da Morte"}], "frameVersion": "1997", "hasFoil": true, "hasNonFoil": true, "identifiers": {"cardsphereFoilId": "5158", "cardsphereId": "5159", "mcmId": "3207", "mcmMetaId": "1356", "mtgjsonV4Id": "8cbb667e-11bb-5773-9870-971c921fe167", "mtgoFoilId": "16191", "mtgoId": "16190", "multiverseId": "29415", "scryfallCardBackId": "0aeebaf5-8c7d-4636-9e82-8c27447861f7", "scryfallId": "0e893dd4-8c37-496e-bc39-cd83d42b4cc4", "scryfallIllustrationId": "37281940-6bb9-4b23-8a81-cc76cc86c4f2", "scryfallOracleId": "a2335149-d2db-48c1-9699-0df8ce12d4dd", "tcgplayerProductId": "7932"}, "isFoil": false, "language": "English", "layout": "normal", "legalities": {"commander": "Legal", "duel": "Legal", "legacy": "Legal", "oathbreaker": "Legal", "penny": "Legal", "predh": "Legal", "premodern": "Legal", "vintage": "Legal"}, "manaCost": "{X}{W}{B}", "manaValue": 2.0, "name": "Death Grasp", "number": "95", "originalText": "Death Grasp deals X damage to target creature or player. You gain X life.", "originalType": "Sorcery", "printings": ["APC", "C13", "C15", "DDK", "VMA"], "purchaseUrls": {"cardmarket": "https://mtgjson.com/links/52389ff25757e5f0", "tcgplayer": "https://mtgjson.com/links/21b6bb0d81078a9d"}, "rarity": "rare", "setCode": "APC", "sourceProducts": {"foil": ["8acaeb89-8781-5a08-9611-c01a6fe72c13"], "nonfoil": ["8acaeb89-8781-5a08-9611-c01a6fe72c13", "ed6ee638-cc9a-5331-9cc4-453b103fa083"]}, "subtypes": [], "supertypes": [], "text": "Death Grasp deals X damage to any target. You gain X life.", "type": "Sorcery", "types": ["Sorcery"], "uuid": "a4695791-baa3-5979-9cc5-b774b6689122"}, {"artist": "Luca Zontini", "artistIds": ["aa57d42a-72c1-4d94-a200-3571233c4b20"], "availability": ["mtgo", "paper"], "boosterTypes": ["default"], "borderColor": "black", "colorIdentity": [], "colors": [], "convertedManaCost": 1.0, "count": 2, "edhrecRank": 4717, "edhrecSaltiness": 0.29, "finishes": ["nonfoil", "foil"], "flavorText": "\"Let insight and energy be your guides.\"\n—The Blind Seer, to Gerrard", "foreignData": [{"flavorText": "„Lasse Einsicht und Verständnis Deine Führer sein.\" —Der blinde Seher zu Gerrard", "identifiers": {"multiverseId": "183722", "scryfallId": "c628135e-8cec-4671-bc9d-ac26c1b96954"}, "language": "German", "multiverseId": 183722, "name": "Chromatische Sphäre", "text": "{1}, {T}, opfere die Chromatische Sphäre: Erhöhe Deinen Manavorrat um ein Mana einer beliebigen Farbe. Ziehe eine Karte.", "type": "Artefakt"}, {"identifiers": {"scryfallId": "0b614784-0869-4bc8-b1c1-0b16cdab67be"}, "language": "Spanish", "name": "Esfera cromática"}, {"flavorText": "« Que la sagesse et l'énergie vous guident. » — Le Voyant aveugle, à Gerrard.", "identifiers": {"multiverseId": "185596", "scryfallId": "2475de54-8b01-420f-b25e-187d920d513e"}, "language": "French", "multiverseId": 185596, "name": "Sphère chromatique", "text": "{1}, {T}, sacrifiez la Sphère chromatique : Ajoutez un mana d'une couleur de votre choix à votre réserve. Piochez une carte.", "type": "Artefact"}, {"identifiers": {"scryfallId": "d050a7f9-8fba-4a98-9606-c7fe12999272"}, "language": "Italian", "name": "Sfera Cromatica"}, {"identifiers": {"scryfallId": "f4984697-f148-4654-b101-ab6cd5a3da23"}, "language": "Japanese", "name": "彩色の宝球"}, {"identifiers": {"scryfallId": "06e69beb-cfcc-43ba-9a46-9f4be1dc6be0"}, "language": "Portuguese (Brazil)", "name": "Esfera Cromática"}], "frameVersion": "1997", "hasFoil": true, "hasNonFoil": true, "identifiers": {"cardsphereFoilId": "21343", "cardsphereId": "21344", "mcmId": "3448", "mcmMetaId": "975", "mtgjsonV4Id": "83503c90-68c2-532e-a065-a07be6d5e29a", "mtgoFoilId": "14744", "mtgoId": "14743", "multiverseId": "23230", "scryfallCardBackId": "0aeebaf5-8c7d-4636-9e82-8c27447861f7", "scryfallId": "920cd17f-9274-443e-906f-c9904f0658d5", "scryfallIllustrationId": "bb98ddb8-21b2-4238-a74e-65996be0f36b", "scryfallOracleId": "2e03e44a-9fff-4490-859f-b42e89e8563a", "tcgplayerProductId": "7453"}, "isFoil": false, "language": "English", "layout": "normal", "legalities": {"brawl": "Legal", "commander": "Legal", "duel": "Legal", "gladiator": "Legal", "historic": "Legal", "legacy": "Legal", "modern": "Legal", "oathbreaker": "Legal", "pauper": "Legal", "paupercommander": "Legal", "predh": "Legal", "premodern": "Legal", "timeless": "Legal", "vintage": "Legal"}, "manaCost": "{1}", "manaValue": 1.0, "name": "Chromatic Sphere", "number": "299", "originalText": "o1, oc\nT, Sacrifice Chromatic Sphere: Add one mana of any color to your mana pool. Draw a card.", "originalType": "Artifact", "printings": ["INV", "JMP", "MRD", "PLST"], "purchaseUrls": {"cardmarket": "https://mtgjson.com/links/4ebef6e9a82b8628", "tcgplayer": "https://mtgjson.com/links/417234bbce6c4dde"}, "rarity": "uncommon", "rulings": [{"date": "2008-08-01", "text": "This is a mana ability, which means it can be activated as part of the process of casting a spell or activating another ability. If that happens you get the mana right away, but you don’t get to look at the drawn card until you have finished casting that spell or activating that ability."}], "setCode": "INV", "sourceProducts": {"foil": ["e634446e-4111-5781-ba46-1161cb3abb5a"], "nonfoil": ["1971eacc-6305-5c8c-914d-663ae422c379", "5bc46d91-6f19-5fb9-b174-233d50cf33b4", "c9be1ff1-8107-5237-b85d-36ce36dc5148", "e634446e-4111-5781-ba46-1161cb3abb5a", "ed6ee638-cc9a-5331-9cc4-453b103fa083"]}, "subtypes": [], "supertypes": [], "text": "{1}, {T}, Sacrifice Chromatic Sphere: Add one mana of any color. Draw a card.", "type": "Artifact", "types": ["Artifact"], "uuid": "f14f94ca-8041-5a7f-9411-2308e8230d3e"}, {"artist": "Donato Giancola", "artistIds": ["90332db2-aecb-4d79-917b-95cbeb8d0cb6"], "availability": ["mtgo", "paper"], "boosterTypes": ["default"], "borderColor": "black", "colorIdentity": ["G", "W"], "colors": [], "convertedManaCost": 3.0, "count": 1, "edhrecRank": 23194, "finishes": ["nonfoil", "foil"], "flavorText": "\"An elvish adventurer unearthed this stone in Jolrael's jungle. Now it's truly fit for display in one of her palaces.\"\n—Isel, master carver", "foreignData": [{"flavorText": "„Ein elfischer Abenteurer entriß diesen Stein Jolraels Dschungel. Jetzt ist er wirklich angemessen, einen ihrer Paläste zu zieren.\" —Isel, Meisterschnitzer", "identifiers": {"multiverseId": "183737", "scryfallId": "11f68161-ebbc-436b-ac4c-ce19c5e822a2"}, "language": "German", "multiverseId": 183737, "name": "Tigeraugenbrosche", "text": "{T}: Erhöhe Deinen Manavorrat um {G} oder {W}.", "type": "Artefakt"}, {"identifiers": {"scryfallId": "8171b143-9be2-4567-8582-bb2901f2ea0c"}, "language": "Spanish", "name": "Camafeo Ojo de Tigre"}, {"flavorText": "« Un aventurier elfe a trouvé cette pierre dans la jungle de Jolrael. Elle mérite vraiment d'être exposée dans un de leurs palais. » — Iseul, maître sculpteur.", "identifiers": {"multiverseId": "185611", "scryfallId": "fbe2858a-d72e-49ee-a327-622b88f74b0c"}, "language": "French", "multiverseId": 185611, "name": "Camée d'œil-de-chat", "text": "{T}: Ajoutez {G} ou {W} à votre réserve.", "type": "Artefact"}, {"identifiers": {"scryfallId": "7519a12c-9f6e-40b4-b198-56e95b373e25"}, "language": "Italian", "name": "Occhio di Tigre Intagliato"}, {"identifiers": {"scryfallId": "cfdb8e4f-2def-4ba4-ba2d-db5447ff5765"}, "language": "Japanese", "name": "虎目石のカメオ"}, {"identifiers": {"scryfallId": "0b871039-86e9-4c2a-9a90-b123a64b485d"}, "language": "Portuguese (Brazil)", "name": "Camafeu de Olho-de-Tigre"}], "frameVersion": "1997", "hasFoil": true, "hasNonFoil": true, "identifiers": {"cardsphereFoilId": "21843", "cardsphereId": "21844", "mcmId": "3697", "mcmMetaId": "6015", "mtgjsonV4Id": "2a040c89-55d5-5691-8b49-8d057661f7f5", "mtgoFoilId": "14808", "mtgoId": "14807", "multiverseId": "23221", "scryfallCardBackId": "0aeebaf5-8c7d-4636-9e82-8c27447861f7", "scryfallId": "25976da8-338d-4f46-b8ea-78a0aa3daa35", "scryfallIllustrationId": "5595d29d-e8d4-4922-9cb0-1d657d656cc8", "scryfallOracleId": "d2be289e-e560-405d-9728-d8a4ee9cbf56", "tcgplayerProductId": "7705"}, "isFoil": false, "language": "English", "layout": "normal", "legalities": {"commander": "Legal", "duel": "Legal", "legacy": "Legal", "oathbreaker": "Legal", "predh": "Legal", "premodern": "Legal", "vintage": "Legal"}, "manaCost": "{3}", "manaValue": 3.0, "name": "Tigereye Cameo", "number": "314", "originalText": "oc\nT: Add o\nG or o\nW to your mana pool.", "originalType": "Artifact", "printings": ["INV"], "purchaseUrls": {"cardmarket": "https://mtgjson.com/links/c4170cb83199e9c2", "tcgplayer": "https://mtgjson.com/links/82c5d69907751ef9"}, "rarity": "uncommon", "setCode": "INV", "sourceProducts": {"foil": ["e634446e-4111-5781-ba46-1161cb3abb5a"], "nonfoil": ["1971eacc-6305-5c8c-914d-663ae422c379", "e634446e-4111-5781-ba46-1161cb3abb5a", "ed6ee638-cc9a-5331-9cc4-453b103fa083"]}, "subtypes": [], "supertypes": [], "text": "{T}: Add {G} or {W}.", "type": "Artifact", "types": ["Artifact"], "uuid": "084c5f0b-05a1-5b5f-8268-9b54681e5f40"}], "name": "Burial", "releaseDate": "2001-06-04", "sealedProductUuids": null, "sideBoard": [], "type": "Theme Deck"}}