{"meta": {"date": "2024-09-03", "version": "5.2.2+20240903"}, "data": {"code": "J22", "commander": [], "mainBoard": [{"artist": "Chris Rallis", "artistIds": ["a8e7b854-b15a-421a-b66d-6e68187ae285"], "availability": ["paper"], "boosterTypes": ["default"], "borderColor": "black", "colorIdentity": ["W"], "colors": ["W"], "convertedManaCost": 4.0, "count": 1, "edhrecRank": 2797, "edhrecSaltiness": 0.55, "finishes": ["nonfoil"], "foreignData": [{"identifiers": {"multiverseId": "591547", "scryfallId": "b9ba5ddf-f573-4d09-a79b-e3cd2768c6ea"}, "language": "German", "multiverseId": 591547, "name": "Ajani, Stärke des Rudels", "text": "+1: Du erhältst Lebenspunkte in Höhe der Anzahl an Kreaturen und Planeswalkern, die du kontrollierst, dazu.\n−2: Erzeuge einen 2/2 weißen Katze-Soldat-Kreaturenspielstein namens Ajanis Rudelmitglied mit „Immer wenn du Lebenspunkte dazuerhältst, lege eine +1/+1-Marke auf Ajanis Rudelmitglied.\"\n0: Falls du mindestens 15 Lebenspunkte mehr als deine Startlebenspunktezahl hast, schicke Ajani, Stärke des Rudels, und alle Artefakte und Kreaturen, die deine Gegner kontrollieren, ins Exil.", "type": "Legendärer Planeswalker — Ajani"}, {"identifiers": {"multiverseId": "591676", "scryfallId": "e2c6142d-3a29-43c1-913f-1ced7f40a840"}, "language": "Spanish", "multiverseId": 591676, "name": "Ajani, la fuerza de la manada", "text": "+1: Ganas una cantidad de vidas igual a las criaturas que controlas más los planeswalkers que controlas.\n−2: Crea una ficha de criatura Soldado Felino blanca 2/2 llamada Compañero de manada de Ajani con \"Siempre que ganes vidas, pon un contador +1/+1 sobre el Compañero de manada de Ajani\".\n0: Si tienes al menos 15 vidas más que tu total de vidas inicial, exilia a Ajani, la fuerza de la manada y cada artefacto y criatura que controlan tus oponentes.", "type": "Planeswalker legendario — Ajani"}, {"identifiers": {"multiverseId": "591805", "scryfallId": "e5868cc3-5e9d-48aa-a2f8-85328dda57b5"}, "language": "French", "multiverseId": 591805, "name": "Ajani, force de la bande", "text": "+1 : Vous gagnez un nombre de points de vie égal au nombre de créatures que vous contrôlez plus le nombre de planeswalkers que vous contrôlez.\n-2 : Créez un jeton de créature 2/2 blanche Chat et Soldat appelé Frère de bande d'Ajani avec « À chaque fois que vous gagnez des points de vie, mettez un marqueur +1/+1 sur le Frère de bande d'Ajani. »\n0 : Si vous avez au moins 15 points de vie de plus que votre total de points de vie de départ, exilez Ajani, force de la bande et chaque artefact et créature que vos adversaires contrôlent.", "type": "Planeswalker légendaire : Ajani"}, {"identifiers": {"multiverseId": "591934", "scryfallId": "934c2ce4-6719-48cc-8ea5-cdcf6ffad89e"}, "language": "Italian", "multiverseId": 591934, "name": "Ajani, Forza del Branco", "text": "+1: Guadagni punti vita pari al numero di creature che controlli più il numero di planeswalker che controlli.\n−2: Crea una pedina creatura Soldato Felino 2/2 bianca chiamata Compagno di Ajani con \"Ogniqualvolta guadagni punti vita, metti un segnalino +1/+1 sul Compagno di Ajani\".\n0: Se hai almeno 15 punti vita in più rispetto ai tuoi punti vita iniziali, esilia Ajani, Forza del Branco e ogni artefatto e creatura controllati dai tuoi avversari.", "type": "Planeswalker Leggendario — Ajani"}, {"identifiers": {"multiverseId": "592063", "scryfallId": "e70696ba-5919-4bf1-a53f-bd9d328cbe17"}, "language": "Japanese", "multiverseId": 592063, "name": "群れの力、アジャニ", "text": "+1：あなたは、あなたがコントロールしているクリーチャーの数とあなたがコントロールしているプレインズウォーカーの数の合計に等しい点数のライフを得る。\n-2：「アジャニの群れ仲間」という名前で「あなたがライフを得るたび、アジャニの群れ仲間の上に＋１/＋１カウンター１個を置く。」を持つ白の２/２の猫・兵士・クリーチャー・トークン１体を生成する。\n0：あなたのライフ総量が、あなたの初期ライフ総量よりも15点以上多いなら、群れの力、アジャニと、アーティファクトやクリーチャーのうち対戦相手がコントロールしているすべてを追放する。", "type": "伝説のプレインズウォーカー — アジャニ"}, {"identifiers": {"multiverseId": "592450", "scryfallId": "541648ff-64d5-4795-a3c7-d5ac3049c66d"}, "language": "Chinese Simplified", "multiverseId": 592450, "name": "狮群之力阿耶尼", "text": "+1：你获得若干生命，其数量等同于由你操控的生物数量与由你操控的鹏洛客数量之总和。\n−2：派出一个2/2白色，名称为阿耶尼的群伴之猫／士兵衍生生物，且具有「每当你获得生命时，在阿耶尼的群伴上放置一个+1/+1指示物。」\n0：如果你的总生命比你的起始总生命至少多15点，则放逐狮群之力阿耶尼和所有由对手操控的神器与生物。", "type": "传奇鹏洛客 ～阿耶尼"}], "frameVersion": "2015", "hasFoil": false, "hasNonFoil": true, "identifiers": {"cardsphereId": "96818", "mcmId": "686339", "mcmMetaId": "273099", "mtgjsonV4Id": "b3dbe04d-2bca-5257-951d-c1e7a52cbee9", "multiverseId": "591418", "scryfallCardBackId": "0aeebaf5-8c7d-4636-9e82-8c27447861f7", "scryfallId": "a58deb8a-1c4b-4e3d-9c00-63f615f358c0", "scryfallIllustrationId": "f10e3c2b-cb58-40fb-87b9-5e7ced8a42b1", "scryfallOracleId": "c3974ec7-7af0-4b65-baf6-4c1c4fe8a5c4", "tcgplayerProductId": "454959"}, "isFoil": false, "isReprint": true, "language": "English", "layout": "normal", "leadershipSkills": {"brawl": false, "commander": false, "oathbreaker": true}, "legalities": {"brawl": "Legal", "commander": "Legal", "duel": "Legal", "explorer": "Legal", "gladiator": "Legal", "historic": "Legal", "legacy": "Legal", "modern": "Legal", "oathbreaker": "Legal", "pioneer": "Legal", "timeless": "Legal", "vintage": "Legal"}, "loyalty": "5", "manaCost": "{2}{W}{W}", "manaValue": 4.0, "name": "Ajani, Strength of the Pride", "number": "141", "originalText": "+1: You gain life equal to the number of creatures you control plus the number of planeswalkers you control.\n−2: Create a 2/2 white Cat Soldier creature token named Ajani's Pridemate with \"Whenever you gain life, put a +1/+1 counter on Ajani's Pridemate.\"\n0: If you have at least 15 life more than your starting life total, exile Ajani, Strength of the Pride and each artifact and creature your opponents control.", "originalType": "Legendary Planeswalker — Ajani", "printings": ["J22", "M20", "PLST", "PM20"], "purchaseUrls": {"cardmarket": "https://mtgjson.com/links/8706f36233f149c7", "tcgplayer": "https://mtgjson.com/links/d292c120b9ecc60b"}, "rarity": "mythic", "rulings": [{"date": "2019-07-12", "text": "Each creature with lifelink dealing combat damage causes a separate life-gaining event. For example, if two creatures you control with lifelink deal combat damage at the same time, Ajani’s Pridemate’s ability will trigger twice. However, if a single creature you control with lifelink deals combat damage to multiple creatures, players, and/or planeswalkers at the same time (perhaps because it has trample or was blocked by more than one creature), the ability will trigger only once."}, {"date": "2019-07-12", "text": "If Ajani’s Pridemate is dealt lethal damage at the same time that you gain life, it won’t receive a counter from its ability in time to save it."}, {"date": "2019-07-12", "text": "If a planeswalker you control is also a creature (most likely because it’s Gideon), it will be counted twice as Ajani’s first ability resolves."}, {"date": "2019-07-12", "text": "In a Two-Headed Giant game, Ajani’s last ability exiles permanents as long as your team’s life total is greater than your team’s starting life total by 15 or more life."}, {"date": "2019-07-12", "text": "In a Two-Headed Giant game, life gained by your teammate won’t cause Ajani’s Pridemate’s ability to trigger, even though it will cause your team’s life total to increase."}, {"date": "2019-07-12", "text": "The ability of Ajani’s Pridemate triggers just once for each life-gaining event, whether it’s 1 life from Impassioned Orator or 4 life from Dawning Angel. If you gain an amount of life “for each” of something or “equal to the number” of something, that life is gained as one event and the ability of Ajani’s Pridemate triggers only once."}, {"date": "2019-07-12", "text": "The tokens created by Ajani’s second ability are similar to the card Ajani’s Pridemate, but they have no mana cost and their mana value is 0."}, {"date": "2019-07-12", "text": "Whether you have at least 15 life more than your starting life total is determined as Ajani’s last ability resolves."}], "securityStamp": "oval", "setCode": "J22", "sourceProducts": {"nonfoil": ["31fd15cb-48ac-52b8-8f3c-84968a601869"]}, "subtypes": ["Ajani"], "supertypes": ["Legendary"], "text": "[+1]: You gain life equal to the number of creatures you control plus the number of planeswalkers you control.\n[−2]: Create a 2/2 white Cat Soldier creature token named Ajani's Pridemate with \"Whenever you gain life, put a +1/+1 counter on Ajani's Pridemate.\"\n[0]: If you have at least 15 life more than your starting life total, exile Ajani, Strength of the Pride and each artifact and creature your opponents control.", "type": "Legendary Planeswalker — Ajani", "types": ["Planeswalker"], "uuid": "3f2d717e-3c46-5d37-a7e9-53321d192708"}, {"artist": "Eric Deschamps", "artistIds": ["37970e22-9cee-44c1-af44-5ee27cf26b76"], "availability": ["paper"], "boosterTypes": ["default"], "borderColor": "black", "colorIdentity": ["W"], "colors": ["W"], "convertedManaCost": 5.0, "count": 1, "edhrecRank": 21498, "finishes": ["nonfoil"], "flavorText": "Leonin claws were already deadly weapons of natural evolution before he improved upon them.", "foreignData": [{"flavorText": "Leoniden-Klauen waren bereits tödliche Waffen der natürlichen Evolution, bevor er sie verbesserte.", "identifiers": {"multiverseId": "589610", "scryfallId": "262f28fa-232a-495b-942d-e1e30539e06a"}, "language": "German", "multiverseId": 589610, "name": "Erfindungsreicher Leonide", "text": "{3}{W}: Lege eine +1/+1-Marke auf eine andere angreifende Kreatur deiner Wahl, die du kontrollierst. Falls jene Kreatur eine Katze ist, erhält sie Erstschlag bis zum Ende des Zuges.", "type": "Kreatur — Katze, Soldat"}, {"flavorText": "Incluso antes de mejorarlas, las garras de los leoninos ya eran armas letales gracias a la evolución.", "identifiers": {"multiverseId": "589661", "scryfallId": "1cccd615-9440-4c4c-8dce-ad2959845037"}, "language": "Spanish", "multiverseId": 589661, "name": "Leonino ingenioso", "text": "{3}{W}: Pon un contador +1/+1 sobre otra criatura atacante objetivo que controlas. Si esa criatura es un Felino, gana la habilidad de dañar primero hasta el final del turno.", "type": "Criatura — Soldado felino"}, {"flavorText": "Les griffes du léonin étaient déjà des armes mortelles d'évolution naturelle avant qu'il ne les améliore.", "identifiers": {"multiverseId": "589712", "scryfallId": "0981dfc6-c5fb-42e6-ab9e-60122b90c0ec"}, "language": "French", "multiverseId": 589712, "name": "Léonin ingénieux", "text": "{3}{W} : Mettez un marqueur +1/+1 sur une autre créature attaquante ciblée que vous contrôlez. Si cette créature est un chat, elle acquiert l'initiative jusqu'à la fin du tour.", "type": "Créature : chat et soldat"}, {"flavorText": "L'evoluzione naturale aveva già reso gli artigli dei leonid armi letali prima ancora che lui li migliorasse ulteriormente.", "identifiers": {"multiverseId": "589763", "scryfallId": "c1151d8f-939d-4c2c-a510-0daf1697212c"}, "language": "Italian", "multiverseId": 589763, "name": "Leonid Ingegnoso", "text": "{3}{W}: Metti un segnalino +1/+1 su un'altra creatura attaccante bersaglio che controlli. Se quella creatura è un Felino, ha attacco improvviso fino alla fine del turno.", "type": "Creatura — Soldato Felino"}, {"flavorText": "レオニンの爪は、さらなる改良を加える前からすでに自然進化の凶器であった。", "identifiers": {"multiverseId": "589814", "scryfallId": "6cfe80e4-e249-4f9a-b84a-4cc18b46eecb"}, "language": "Japanese", "multiverseId": 589814, "name": "巧妙なレオニン", "text": "{3}{W}：あなたがコントロールしていてこれでない攻撃クリーチャー１体を対象とする。それの上に＋１/＋１カウンター１個を置く。そのクリーチャーが猫であるなら、ターン終了時まで、それは先制攻撃を得る。", "type": "クリーチャー — 猫・兵士"}, {"flavorText": "在经他改进之前，自然进化就早已把狮族的利爪变成了致命的武器。", "identifiers": {"multiverseId": "589967", "scryfallId": "397d789c-4a73-4db5-95a0-bc27d0998580"}, "language": "Chinese Simplified", "multiverseId": 589967, "name": "狮族巧匠", "text": "{3}{W}：在另一个目标由你操控且进行攻击的生物上放置一个+1/+1指示物。如果该生物是猫，则它获得先攻异能直到回合结束。", "type": "生物 ～猫／士兵"}], "frameVersion": "2015", "hasFoil": false, "hasNonFoil": true, "identifiers": {"cardsphereId": "96812", "mcmId": "686365", "mcmMetaId": "414699", "mtgjsonV4Id": "10e251ee-a18b-5584-80b6-f07b0e7c2c99", "multiverseId": "589559", "scryfallCardBackId": "0aeebaf5-8c7d-4636-9e82-8c27447861f7", "scryfallId": "4c6fd0bf-3f02-46f3-9c9a-931eab190584", "scryfallIllustrationId": "76067b1a-a89c-46d9-8466-6a8fd3372a9d", "scryfallOracleId": "99853d2e-2223-4c05-bbd7-0a746f8f810d", "tcgplayerProductId": "454897"}, "isFoil": false, "language": "English", "layout": "normal", "legalities": {"commander": "Legal", "duel": "Legal", "legacy": "Legal", "oathbreaker": "Legal", "paupercommander": "Restricted", "vintage": "Legal"}, "manaCost": "{4}{W}", "manaValue": 5.0, "name": "Ingenious Leonin", "number": "5", "originalText": "{3}{W}: Put a +1/+1 counter on another target attacking creature you control. If that creature is a Cat, it gains first strike until end of turn.", "originalType": "Creature — Cat Soldier", "power": "4", "printings": ["FDN", "J22"], "purchaseUrls": {"cardmarket": "https://mtgjson.com/links/4608987adbd63f1d", "tcgplayer": "https://mtgjson.com/links/25b72cc7e6290662"}, "rarity": "uncommon", "setCode": "J22", "sourceProducts": {"nonfoil": ["31fd15cb-48ac-52b8-8f3c-84968a601869"]}, "subtypes": ["Cat", "Soldier"], "supertypes": [], "text": "{3}{W}: Put a +1/+1 counter on another target attacking creature you control. If that creature is a Cat, it gains first strike until end of turn.", "toughness": "4", "type": "Creature — Cat Soldier", "types": ["Creature"], "uuid": "7c997788-8162-565d-82d3-b32ce6587509"}, {"artist": "Inuchiyo Meimaru", "artistIds": ["1998c764-3598-4d23-ace9-2bc50d477128"], "availability": ["paper"], "boosterTypes": ["default"], "borderColor": "black", "colorIdentity": ["W"], "colors": ["W"], "convertedManaCost": 3.0, "count": 1, "edhrecRank": 3297, "edhrecSaltiness": 0.05, "finishes": ["nonfoil"], "flavorText": "His kind were once hunted to near-extinction. Now, under his protection, they rule the savannah.", "foreignData": [{"flavorText": "Seine Art wurde einst bis zur völligen Ausrottung gejagt. Jetzt, unter seinem Schutz, beherrschen sie die Savanne.", "identifiers": {"multiverseId": "597086", "scryfallId": "e3210153-cfd1-4e3c-9617-8b410eb5eaf7"}, "language": "German", "multiverseId": 597086, "name": "König des Rudels", "text": "Andere Katzen, die du kontrollierst, erhalten +2/+1.", "type": "Kreatur — Katze"}, {"flavorText": "Antaño, la caza estuvo a punto de aniquilar su especie, pero ahora domina la sabana bajo su protección.", "identifiers": {"multiverseId": "597132", "scryfallId": "c24b3189-ad62-432e-a084-896d0f688c1b"}, "language": "Spanish", "multiverseId": 597132, "name": "Rey de la manada", "text": "Los otros Felinos que controlas obtienen +2/+1.", "type": "Criatura — Felino"}, {"flavorText": "Les siens furent autrefois chassés, presque jusqu'à l'extinction. Désormais, sous sa protection, ils règnent sur la savane.", "identifiers": {"multiverseId": "597178", "scryfallId": "45ebf558-7f23-425b-b581-a90a920ef18e"}, "language": "French", "multiverseId": 597178, "name": "Roi de la bande", "text": "Les autres chats que vous contrôlez gagnent +2/+1.", "type": "Créature : chat"}, {"flavorText": "Un tempo la sua specie fu braccata fino a trovarsi sull'orlo dell'estinzione. Ora, sotto la sua protezione, regna sulla savana.", "identifiers": {"multiverseId": "597224", "scryfallId": "fdfaade4-49a0-4d56-a721-e84bffea6ce4"}, "language": "Italian", "multiverseId": 597224, "name": "Re del Branco", "text": "Gli altri Felini che controlli prendono +2/+1.", "type": "Creatura — Felino"}, {"flavorText": "彼の種族は一時は絶滅寸前まで狩られていた。今は彼の庇護のもと、彼らがサバンナを統治している。", "identifiers": {"multiverseId": "597270", "scryfallId": "6d9beeba-ce3b-4899-b723-91762a147871"}, "language": "Japanese", "multiverseId": 597270, "name": "群れの王", "text": "あなたがコントロールしていてこれでないすべての猫は＋２/＋１の修整を受ける。", "type": "クリーチャー — 猫"}, {"flavorText": "他的族类曾经饱受追猎，几近灭亡。如今在他庇护之下，狮群已然统治草原。", "identifiers": {"multiverseId": "597408", "scryfallId": "17c0221a-e449-4b28-9df1-aa2db9cc0f11"}, "language": "Chinese Simplified", "multiverseId": 597408, "name": "狮群之王", "text": "由你操控的其他猫得+2/+1。", "type": "生物 ～猫"}], "frameVersion": "2015", "hasFoil": false, "hasNonFoil": true, "identifiers": {"cardsphereId": "96827", "mcmId": "686367", "mcmMetaId": "271056", "mtgjsonV4Id": "17e80834-ca52-558b-b793-2898af6c486b", "multiverseId": "597040", "scryfallCardBackId": "0aeebaf5-8c7d-4636-9e82-8c27447861f7", "scryfallId": "56b8343f-0554-42b1-9e32-431dcc4b0346", "scryfallIllustrationId": "ccae776b-c50d-4264-97ff-1d5c7c041aae", "scryfallOracleId": "96d0e4dd-6cc2-4349-ac44-785b50f8dd90", "tcgplayerProductId": "454957"}, "isFoil": false, "isReprint": true, "language": "English", "layout": "normal", "legalities": {"brawl": "Legal", "commander": "Legal", "duel": "Legal", "gladiator": "Legal", "historic": "Legal", "legacy": "Legal", "modern": "Legal", "oathbreaker": "Legal", "paupercommander": "Restricted", "penny": "Legal", "timeless": "Legal", "vintage": "Legal"}, "manaCost": "{2}{W}", "manaValue": 3.0, "name": "King of the Pride", "number": "57", "originalText": "Other Cats you control get +2/+1.", "originalType": "Creature — Cat", "power": "2", "printings": ["H1R", "J21", "J22", "MH1", "PLST", "PRM"], "purchaseUrls": {"cardmarket": "https://mtgjson.com/links/10916005b40166f0", "tcgplayer": "https://mtgjson.com/links/453931c908b75996"}, "rarity": "uncommon", "setCode": "J22", "sourceProducts": {"nonfoil": ["31fd15cb-48ac-52b8-8f3c-84968a601869"]}, "subtypes": ["Cat"], "supertypes": [], "text": "Other Cats you control get +2/+1.", "toughness": "1", "type": "Creature — Cat", "types": ["Creature"], "uuid": "91b0d2ec-fd9a-57f1-902e-83490239d7e4"}, {"artist": "Svetlin Velinov", "artistIds": ["ffd063ae-c097-4f26-b2e6-b1e2137708bc"], "availability": ["paper"], "boosterTypes": ["default"], "borderColor": "black", "colorIdentity": ["W"], "colors": ["W"], "convertedManaCost": 2.0, "count": 1, "edhrecRank": 2992, "edhrecSaltiness": 0.15, "finishes": ["nonfoil"], "flavorText": "\"When one of us prospers, the pride prospers.\"\n—Jazal Goldmane", "foreignData": [{"flavorText": "„Wenn einer von uns Erfolg hat, gilt dies für das gesamte Rudel.\"\n—Jazal Goldmähne", "identifiers": {"multiverseId": "591548", "scryfallId": "c2845874-208b-4c0e-8f8b-624c9b5a12fd"}, "language": "German", "multiverseId": 591548, "name": "Ajanis Rudelmitglied", "text": "Immer wenn du Lebenspunkte dazuerhältst, lege eine +1/+1-Marke auf Ajanis Rudelmitglied.", "type": "Kreatur — Katze, Soldat"}, {"flavorText": "\"Cuando uno de nosotros mejora, la manada mejora\".\n—Jazal Melena Dorada", "identifiers": {"multiverseId": "591677", "scryfallId": "f0dcf3da-4755-4e78-b313-2c3363aac3af"}, "language": "Spanish", "multiverseId": 591677, "name": "Compañero de manada de Ajani", "text": "Siempre que ganes vidas, pon un contador +1/+1 sobre el Compañero de manada de Ajani.", "type": "Criatura — Soldado felino"}, {"flavorText": "« Quand l'un de nous prospère, c'est toute la bande qui prospère. »\n—Jazal Crinièredor", "identifiers": {"multiverseId": "591806", "scryfallId": "fc93fc6f-ecdc-4d6f-885f-a6d4c664ece9"}, "language": "French", "multiverseId": 591806, "name": "Frère de bande d'Ajani", "text": "À chaque fois que vous gagnez des points de vie, mettez un marqueur +1/+1 sur le Frère de bande d'Ajani.", "type": "Créature : chat et soldat"}, {"flavorText": "\"Quando uno di noi ha successo, l'intero branco ha successo.\"\n—Jazal Criniera D'Oro", "identifiers": {"multiverseId": "591935", "scryfallId": "52bcdffb-28e2-4b94-8dfd-1e39ac340ef3"}, "language": "Italian", "multiverseId": 591935, "name": "Compagno di Ajani", "text": "Ogniqualvolta guadagni punti vita, metti un segnalino +1/+1 sul Compagno di Ajani.", "type": "Creatura — Soldato Felino"}, {"flavorText": "「我らのうちいずれかが繁栄する時、群れも繁栄する。」\n――黄金のたてがみのジャザル", "identifiers": {"multiverseId": "592064", "scryfallId": "96eab0c2-d491-439f-adda-e39c31878a7f"}, "language": "Japanese", "multiverseId": 592064, "name": "アジャニの群れ仲間", "text": "あなたがライフを得るたび、アジャニの群れ仲間の上に＋１/＋１カウンター１個を置く。", "type": "クリーチャー — 猫・兵士"}, {"flavorText": "「只要一个享福，整群都能享福。」\n～金鬃贾佐", "identifiers": {"multiverseId": "592451", "scryfallId": "815370c0-5d64-4224-ab94-51d4886ecbd2"}, "language": "Chinese Simplified", "multiverseId": 592451, "name": "阿耶尼的群伴", "text": "每当你获得生命时，在阿耶尼的群伴上放置一个+1/+1指示物。", "type": "生物 ～猫／士兵"}], "frameVersion": "2015", "hasFoil": false, "hasNonFoil": true, "identifiers": {"cardsphereId": "96814", "mcmId": "686338", "mcmMetaId": "200373", "mtgjsonV4Id": "77cc1ad7-eedf-59c9-94f8-00e2b5766c9f", "multiverseId": "591419", "scryfallCardBackId": "0aeebaf5-8c7d-4636-9e82-8c27447861f7", "scryfallId": "6bc35481-1f63-4c04-aee9-b3fe8eb89916", "scryfallIllustrationId": "c7a2d93e-c6e0-4f13-9ea4-b06c80742b26", "scryfallOracleId": "95e94dea-5ac0-4d6f-adec-ca147aee861f", "tcgplayerProductId": "454960"}, "isFoil": false, "isReprint": true, "language": "English", "layout": "normal", "legalities": {"brawl": "Legal", "commander": "Legal", "duel": "Legal", "explorer": "Legal", "gladiator": "Legal", "historic": "Legal", "legacy": "Legal", "modern": "Legal", "oathbreaker": "Legal", "paupercommander": "Restricted", "penny": "Legal", "pioneer": "Legal", "predh": "Legal", "timeless": "Legal", "vintage": "Legal"}, "manaCost": "{1}{W}", "manaValue": 2.0, "name": "Ajani's Pridemate", "number": "142", "originalText": "Whenever you gain life, put a +1/+1 counter on Ajani's Pridemate.", "originalType": "Creature — Cat Soldier", "power": "2", "printings": ["C13", "CLU", "DDH", "IMA", "J22", "M11", "M15", "M19", "PLST", "TSR", "WAR"], "purchaseUrls": {"cardmarket": "https://mtgjson.com/links/5a238c131953b07f", "tcgplayer": "https://mtgjson.com/links/00bed8d4ef76a091"}, "rarity": "uncommon", "rulings": [{"date": "2021-03-19", "text": "Each creature with lifelink dealing combat damage causes a separate life-gaining event. For example, if two creatures you control with lifelink deal combat damage at the same time, Ajani's Pridemate's ability will trigger twice. However, if a single creature you control with lifelink deals combat damage to multiple creatures, players, and/or planeswalkers at the same time (perhaps because it has trample or was blocked by more than one creature), the ability will trigger only once."}, {"date": "2021-03-19", "text": "If Ajani's Pridemate is dealt lethal damage at the same time that you gain life, it won't receive a counter from its ability in time to save it."}, {"date": "2021-03-19", "text": "If you gain an amount of life \"for each\" of something, that life is gained as one event and the ability of Ajani's Pridemate triggers only once."}, {"date": "2021-03-19", "text": "In a Two-Headed Giant game, life gained by your teammate won't cause the ability to trigger, even though it caused your team's life total to increase."}, {"date": "2021-03-19", "text": "The ability of Ajani's Pridemate triggers just once for each life-gaining event, whether it's 1 life from Paradise Plume or 2 life from Mycologist."}], "setCode": "J22", "sourceProducts": {"nonfoil": ["31fd15cb-48ac-52b8-8f3c-84968a601869"]}, "subtypes": ["Cat", "Soldier"], "supertypes": [], "text": "Whenever you gain life, put a +1/+1 counter on Ajani's Pridemate.", "toughness": "2", "type": "Creature — Cat Soldier", "types": ["Creature"], "uuid": "5a148e45-8603-5f94-84d4-2d5a726fd614"}, {"artist": "James Ryman", "artistIds": ["3852bbc9-11c0-4fe3-8722-a06ad7e2bcc5"], "availability": ["paper"], "boosterTypes": ["default"], "borderColor": "black", "colorIdentity": ["W"], "colors": ["W"], "convertedManaCost": 1.0, "count": 1, "edhrecRank": 14202, "finishes": ["nonfoil"], "flavorText": "Some Ravnicans consider carrying a sword to be beneath them, preferring instead a tooth-and-claw escort.", "foreignData": [{"flavorText": "Manche Ravnicaner halten es für unter ihrer Würde, ein Schwert zu tragen, und ziehen stattdessen eine mit Zähnen und Klauen bewaffnete Eskorte vor.", "identifiers": {"multiverseId": "591662", "scryfallId": "42563263-b376-4364-8a67-b366ae34b891"}, "language": "German", "multiverseId": 591662, "name": "Gezähmtes Caracal", "text": "Lebensverknüpfung", "type": "Kreatur — Katze"}, {"flavorText": "Algunos habitantes de Rávnica se consideran demasiado dignos para llevar una espada, por lo que en su lugar prefieren una escolta con colmillos y dientes.", "identifiers": {"multiverseId": "591791", "scryfallId": "ed7c25f6-04fb-4d33-aaa6-c0c75725a5dc"}, "language": "Spanish", "multiverseId": 591791, "name": "Lince adiestrado", "text": "Vínculo vital.", "type": "Criatura — Felino"}, {"flavorText": "Certains Ravnicans considèrent comme infamant de porter l'épée et lui préfèrent une escorte griffue.", "identifiers": {"multiverseId": "591920", "scryfallId": "50575f3c-5662-44f8-afca-365e179f2932"}, "language": "French", "multiverseId": 591920, "name": "Caracal dressé", "text": "Lien de vie", "type": "Créature : chat"}, {"flavorText": "Certi abitanti di Ravnica considerano umiliante portare la spada e preferiscono una scorta fornita di denti e artigli.", "identifiers": {"multiverseId": "592049", "scryfallId": "1ff8cac6-6861-4fda-be16-063939446a94"}, "language": "Italian", "multiverseId": 592049, "name": "Lince Addestrata", "text": "Legame vitale", "type": "Creatura — Felino"}, {"flavorText": "一部のラヴニカ人は、剣を佩くのは品位に欠けると考えており、牙と爪をもった従者のほうを好んでいる。", "identifiers": {"multiverseId": "592178", "scryfallId": "2fec84c3-c2f9-4cf2-9f23-4a38db787fb2"}, "language": "Japanese", "multiverseId": 592178, "name": "訓練されたカラカル", "text": "絆魂", "type": "クリーチャー — 猫"}, {"flavorText": "有些拉尼卡的子民认为配剑有失身份，宁愿带着獠牙利爪的护卫。", "identifiers": {"multiverseId": "592565", "scryfallId": "525dea1a-2dac-43fa-9375-cbf6c54aee73"}, "language": "Chinese Simplified", "multiverseId": 592565, "name": "驯良狞猫", "text": "系命", "type": "生物 ～猫"}], "frameVersion": "2015", "hasFoil": false, "hasNonFoil": true, "identifiers": {"cardsphereId": "97296", "mcmId": "686579", "mcmMetaId": "206534", "mtgjsonV4Id": "82457689-0a26-5dd7-95a5-4f97b90d5b61", "multiverseId": "591533", "scryfallCardBackId": "0aeebaf5-8c7d-4636-9e82-8c27447861f7", "scryfallId": "c299243b-5ccf-44e8-82f7-fce496f237d1", "scryfallIllustrationId": "7b197153-424f-46a4-9f1c-48262014522c", "scryfallOracleId": "a939f01b-afce-4d92-a897-1a6dc3d788c6", "tcgplayerProductId": "455160"}, "isFoil": false, "isReprint": true, "keywords": ["Lifelink"], "language": "English", "layout": "normal", "legalities": {"commander": "Legal", "duel": "Legal", "legacy": "Legal", "modern": "Legal", "oathbreaker": "Legal", "pauper": "Legal", "paupercommander": "Legal", "penny": "Legal", "pioneer": "Legal", "vintage": "Legal"}, "manaCost": "{W}", "manaValue": 1.0, "name": "Trained Caracal", "number": "256", "originalText": "Lifelink", "originalType": "Creature — Cat", "power": "1", "printings": ["J22", "RTR"], "purchaseUrls": {"cardmarket": "https://mtgjson.com/links/62fcf10ae7800cf3", "tcgplayer": "https://mtgjson.com/links/c158b3a0f29cb6f0"}, "rarity": "common", "setCode": "J22", "sourceProducts": {"nonfoil": ["31fd15cb-48ac-52b8-8f3c-84968a601869"]}, "subtypes": ["Cat"], "supertypes": [], "text": "Lifelink (Damage dealt by this creature also causes you to gain that much life.)", "toughness": "1", "type": "Creature — Cat", "types": ["Creature"], "uuid": "d6e1b5fe-3096-5286-9f3f-9affb3033bc5"}, {"artist": "Kev Walker", "artistIds": ["f366a0ee-a0cd-466d-ba6a-90058c7a31a6"], "availability": ["paper"], "boosterTypes": ["default"], "borderColor": "black", "colorIdentity": ["W"], "colors": ["W"], "convertedManaCost": 2.0, "count": 1, "edhrecRank": 20703, "finishes": ["nonfoil"], "flavorText": "Formerly oppressed by the polis of Meletis, leonin occasionally \"mistake\" their old enemies for game.", "foreignData": [{"flavorText": "Ehemals unterdrückt durch die Meletiner neigen Leoniden dazu, ihre alten Feinde gelegentlich mit Jagdbeute zu „verwechseln\".", "identifiers": {"multiverseId": "591613", "scryfallId": "775829b8-d9d0-4faa-aa65-be4626302315"}, "language": "German", "multiverseId": 591613, "name": "Leoniden-Schlingenwerfer", "text": "Wenn der Leoniden-Schlingenwerfer ins Spiel kommt, kannst du eine Kreatur deiner Wahl tappen.", "type": "Kreatur — Katze, Soldat"}, {"flavorText": "Antaño oprimidos por la polis de Meletis, los leoninos en ocasiones \"confunden\" a sus antiguos enemigos con presas de caza.", "identifiers": {"multiverseId": "591742", "scryfallId": "8036d1a2-aea0-4457-921c-b46e290ab057"}, "language": "Spanish", "multiverseId": 591742, "name": "Trampero leonino", "text": "Cuando el Trampero leonino entre al campo de batalla, puedes girar la criatura objetivo.", "type": "Criatura — Soldado felino"}, {"flavorText": "Naguère opprimés par la polis de Mélétis, les léonins « confondent » parfois leurs anciens ennemis avec le gibier.", "identifiers": {"multiverseId": "591871", "scryfallId": "27637a28-e29e-4af4-84d5-b4f1cf31c5dd"}, "language": "French", "multiverseId": 591871, "name": "Braconnier léonin", "text": "Quand le Braconnier léonin arrive sur le champ de bataille, vous pouvez engager une créature ciblée.", "type": "Créature : chat et soldat"}, {"flavorText": "In precedenza oppressi dalla polis di Meletis, i leonid ogni tanto \"scambiano\" i loro vecchi nemici per prede.", "identifiers": {"multiverseId": "592000", "scryfallId": "701c6c5d-87ba-40ae-a28e-34cf1cf3b57a"}, "language": "Italian", "multiverseId": 592000, "name": "Scagliatrappole Leonid", "text": "Quando lo Scagliatrappole Leonid entra nel campo di battaglia, puoi TAPpare una creatura bersaglio.", "type": "Creatura — Soldato Felino"}, {"flavorText": "かつて都市国家メレティスによって抑圧されてきたせいか、レオニンは時に旧敵を獲物と「勘違い」する時がある。", "identifiers": {"multiverseId": "592129", "scryfallId": "4969fc82-dcd2-4c49-90cc-3eb1c9891000"}, "language": "Japanese", "multiverseId": 592129, "name": "レオニンの投網使い", "text": "レオニンの投網使いが戦場に出たとき、クリーチャー１体を対象とする。あなたはそれをタップしてもよい。", "type": "クリーチャー — 猫・兵士"}, {"flavorText": "狮族以前曾受迈勒提斯城邦压迫；他们现在偶尔还会「不小心」把昔日死敌当作猎物。", "identifiers": {"multiverseId": "592516", "scryfallId": "954babd0-271c-4330-91b2-f5cee5910d1a"}, "language": "Chinese Simplified", "multiverseId": 592516, "name": "狮族布陷手", "text": "当狮族布陷手进战场时，你可以横置目标生物。", "type": "生物 ～猫／士兵"}], "frameVersion": "2015", "hasFoil": false, "hasNonFoil": true, "identifiers": {"cardsphereId": "97273", "mcmId": "686629", "mcmMetaId": "208729", "mtgjsonV4Id": "da2eb6a9-a4ad-5c16-b8ea-3f83b5a75068", "multiverseId": "591484", "scryfallCardBackId": "0aeebaf5-8c7d-4636-9e82-8c27447861f7", "scryfallId": "708124d5-8447-4c22-a3c9-268ccece7854", "scryfallIllustrationId": "dcd020dc-ca10-4ea2-9012-8ca673222dc4", "scryfallOracleId": "75f269df-ee49-44db-b256-4d005e3022fb", "tcgplayerProductId": "455206"}, "isFoil": false, "isReprint": true, "language": "English", "layout": "normal", "legalities": {"commander": "Legal", "duel": "Legal", "legacy": "Legal", "modern": "Legal", "oathbreaker": "Legal", "pauper": "Legal", "paupercommander": "Legal", "penny": "Legal", "pioneer": "Legal", "vintage": "Legal"}, "manaCost": "{1}{W}", "manaValue": 2.0, "name": "Leonin Snarecaster", "number": "207", "originalText": "When Leonin Snarecaster enters the battlefield, you may tap target creature.", "originalType": "Creature — Cat Soldier", "power": "2", "printings": ["DDN", "J22", "THS"], "purchaseUrls": {"cardmarket": "https://mtgjson.com/links/b67ffd15e95fb5f3", "tcgplayer": "https://mtgjson.com/links/491f6c96f09a9ac7"}, "rarity": "common", "setCode": "J22", "sourceProducts": {"nonfoil": ["31fd15cb-48ac-52b8-8f3c-84968a601869"]}, "subtypes": ["Cat", "Soldier"], "supertypes": [], "text": "When Leonin Snarecaster enters, you may tap target creature.", "toughness": "1", "type": "Creature — Cat Soldier", "types": ["Creature"], "uuid": "115cac8d-061d-5717-9547-46eebe0eee04"}, {"artist": "Bayard Wu", "artistIds": ["b089963c-610a-4d50-9206-d64b7caedef1"], "availability": ["paper"], "boosterTypes": ["default"], "borderColor": "black", "colorIdentity": ["W"], "colors": ["W"], "convertedManaCost": 2.0, "count": 1, "edhrecRank": 22786, "finishes": ["nonfoil"], "flavorText": "\"Now is not the time for your light to fade.\"", "foreignData": [{"flavorText": "„Dein Licht darf noch nicht verlöschen.\"", "identifiers": {"multiverseId": "591644", "scryfallId": "fd4905ae-6f2b-4ca3-a74c-b952a80955ff"}, "language": "German", "multiverseId": 591644, "name": "Weiser der Savanne", "text": "Wenn der Weise der Savanne ins Spiel kommt, erhältst du 2 Lebenspunkte dazu.", "type": "Kreatur — Katze, Kleriker"}, {"flavorText": "\"Aún no es el momento de que tu luz se apague\".", "identifiers": {"multiverseId": "591773", "scryfallId": "9edb76d3-d766-4129-b2f1-90ddd07bffe9"}, "language": "Spanish", "multiverseId": 591773, "name": "Sabio de la sabana", "text": "Cuando el Sabio de la sabana entre al campo de batalla, ganas 2 vidas.", "type": "Criatura — Clérigo felino"}, {"flavorText": "« Ce n'est pas le moment pour votre lumière de disparaître. »", "identifiers": {"multiverseId": "591902", "scryfallId": "58c6be59-4cd1-43e8-a8c1-3cca4adf196c"}, "language": "French", "multiverseId": 591902, "name": "Sage des savanes", "text": "Quand le Sage des savanes arrive sur le champ de bataille, vous gagnez 2 points de vie.", "type": "Créature : chat et clerc"}, {"flavorText": "\"La tua luce non può affievolirsi adesso.\"", "identifiers": {"multiverseId": "592031", "scryfallId": "51485b70-1f6d-4de2-a328-86b6b45e9539"}, "language": "Italian", "multiverseId": 592031, "name": "Saggio della Savana", "text": "Quando il Saggio della Savana entra nel campo di battaglia, guadagni 2 punti vita.", "type": "Creatura — Chierico Felino"}, {"flavorText": "「今、君の光を消す訳にはいかない。」", "identifiers": {"multiverseId": "592160", "scryfallId": "5a067381-6d1a-4ab4-b948-222555b03a8c"}, "language": "Japanese", "multiverseId": 592160, "name": "サバンナの賢者", "text": "サバンナの賢者が戦場に出たとき、あなたは２点のライフを得る。", "type": "クリーチャー — 猫・クレリック"}, {"flavorText": "「现在还不是你的光辉消逝之时。」", "identifiers": {"multiverseId": "592547", "scryfallId": "070116af-cf11-41e5-8d11-2a5e12a6d951"}, "language": "Chinese Simplified", "multiverseId": 592547, "name": "草原智者", "text": "当草原智者进战场时，你获得2点生命。", "type": "生物 ～猫／僧侣"}], "frameVersion": "2015", "hasFoil": false, "hasNonFoil": true, "identifiers": {"cardsphereId": "97304", "mcmId": "686453", "mcmMetaId": "273636", "mtgjsonV4Id": "ef91bf81-009b-5679-9ce5-17f985e77bfd", "multiverseId": "591515", "scryfallCardBackId": "0aeebaf5-8c7d-4636-9e82-8c27447861f7", "scryfallId": "a9edf976-bf2e-4528-9001-0c70bdc94762", "scryfallIllustrationId": "776b4258-29d2-4212-bfe6-dc746837acbc", "scryfallOracleId": "7e6cfec7-3b54-43db-853a-27c164776a5f", "tcgplayerProductId": "455043"}, "isFoil": false, "isReprint": true, "language": "English", "layout": "normal", "legalities": {"brawl": "Legal", "commander": "Legal", "duel": "Legal", "explorer": "Legal", "gladiator": "Legal", "historic": "Legal", "legacy": "Legal", "modern": "Legal", "oathbreaker": "Legal", "pauper": "Legal", "paupercommander": "Legal", "pioneer": "Legal", "timeless": "Legal", "vintage": "Legal"}, "manaCost": "{1}{W}", "manaValue": 2.0, "name": "Savannah Sage", "number": "238", "originalText": "When Savannah Sage enters the battlefield, you gain 2 life.", "originalType": "Creature — Cat Cleric", "power": "2", "printings": ["J22", "M20"], "purchaseUrls": {"cardmarket": "https://mtgjson.com/links/de3561d24a296de5", "tcgplayer": "https://mtgjson.com/links/b768fcdca02b5c5e"}, "rarity": "common", "setCode": "J22", "sourceProducts": {"nonfoil": ["31fd15cb-48ac-52b8-8f3c-84968a601869"]}, "subtypes": ["Cat", "Cleric"], "supertypes": [], "text": "When Savannah Sage enters, you gain 2 life.", "toughness": "2", "type": "Creature — Cat Cleric", "types": ["Creature"], "uuid": "e8eca721-2f5e-5e90-bf32-6e52ea191336"}, {"artist": "Leesha Hannigan", "artistIds": ["0c5d1acd-714b-4e7a-b7bf-e3450b305337"], "availability": ["paper"], "boosterTypes": ["default"], "borderColor": "black", "colorIdentity": ["W"], "colors": ["W"], "convertedManaCost": 4.0, "count": 1, "edhrecRank": 12507, "finishes": ["nonfoil"], "flavorText": "Basri carries on his god's legacy, spreading her teachings throughout the Multiverse.", "foreignData": [{"flavorText": "Basri führt das Vermächtnis seiner Göttin fort und verbreitet ihre Lehren im gesamten Multiversum.", "identifiers": {"multiverseId": "591560", "scryfallId": "5338ba16-0928-47dc-ac59-a816531dbe31"}, "language": "German", "multiverseId": 591560, "name": "Basris Anhängerin", "text": "Lebensverknüpfung\nWenn Basris Anhängerin ins Spiel kommt, lege je eine +1/+1-Marke auf bis zu zwei andere Kreaturen deiner Wahl, die du kontrollierst.", "type": "Kreatur — Katze, Kleriker"}, {"flavorText": "Basri prosigue el legado de su diosa y difunde sus enseñanzas por todo el Multiverso.", "identifiers": {"multiverseId": "591689", "scryfallId": "975bc5c6-b569-4334-9463-dd8411382f11"}, "language": "Spanish", "multiverseId": 591689, "name": "Acólita de Basri", "text": "Vínculo vital.\nCuando la Acólita de Basri entre al campo de batalla, pon un contador +1/+1 sobre cada una de hasta otras dos criaturas objetivo que controlas.", "type": "Criatura — Clérigo felino"}, {"flavorText": "Basri poursuit l'œuvre de sa déesse et transmet ses enseignements d'un bout à l'autre du Multivers.", "identifiers": {"multiverseId": "591818", "scryfallId": "a6329a67-4df1-46b8-a677-399b79dfcdec"}, "language": "French", "multiverseId": 591818, "name": "Acolyte de Basri", "text": "Lien de vie\nQuand l'Acolyte de Basri arrive sur le champ de bataille, ciblez jusqu'à deux autres créatures que vous contrôlez. Mettez un marqueur +1/+1 sur chacune d'elles.", "type": "Créature : chat et clerc"}, {"flavorText": "Basri diffonde la parola della sua dea, tramandandone gli insegnamenti in ogni angolo del Multiverso.", "identifiers": {"multiverseId": "591947", "scryfallId": "84a1653b-015f-4c8a-b2e4-52d3ca557dbc"}, "language": "Italian", "multiverseId": 591947, "name": "Accolita di Basri", "text": "Legame vitale\nQuando l'Accolita di Basri entra nel campo di battaglia, scegli fino a due altre creature bersaglio che controlli e metti un segnalino +1/+1 su ciascuna.", "type": "Creatura — Chierico Felino"}, {"flavorText": "バスリは神の遺産を継承しており、多元宇宙に教えを広めている。", "identifiers": {"multiverseId": "592076", "scryfallId": "9da09c85-1a6f-42cc-90f8-7becbc1f2a73"}, "language": "Japanese", "multiverseId": 592076, "name": "バスリの侍祭", "text": "絆魂\nバスリの侍祭が戦場に出たとき、あなたがコントロールしていてこれでないクリーチャー最大２体を対象とする。それらの上にそれぞれ＋１/＋１カウンター１個を置く。", "type": "クリーチャー — 猫・クレリック"}, {"flavorText": "巴席利继承他的神明遗志，继续在多重宇宙中传扬其教诲。", "identifiers": {"multiverseId": "592463", "scryfallId": "f2a4812f-787d-4140-a74c-80c91bd054b0"}, "language": "Chinese Simplified", "multiverseId": 592463, "name": "巴席利的侍僧", "text": "系命\n当巴席利的侍僧进战场时，在至多两个其他目标由你操控的生物上各放置一个+1/+1指示物。", "type": "生物 ～猫／僧侣"}], "frameVersion": "2015", "hasFoil": false, "hasNonFoil": true, "identifiers": {"cardsphereId": "97159", "mcmId": "686657", "mcmMetaId": "307034", "mtgjsonV4Id": "cf4a1752-43ab-577f-9009-ab60a87478c7", "multiverseId": "591431", "scryfallCardBackId": "0aeebaf5-8c7d-4636-9e82-8c27447861f7", "scryfallId": "98c9c3ac-4ffe-4f83-a3d2-fa2e834f8e29", "scryfallIllustrationId": "78957806-0bae-4309-9080-52b4cbb443d0", "scryfallOracleId": "92c824da-2351-43bd-9fa0-d09709ad8205", "tcgplayerProductId": "455230"}, "isFoil": false, "isReprint": true, "keywords": ["Lifelink"], "language": "English", "layout": "normal", "legalities": {"brawl": "Legal", "commander": "Legal", "duel": "Legal", "explorer": "Legal", "gladiator": "Legal", "historic": "Legal", "legacy": "Legal", "modern": "Legal", "oathbreaker": "Legal", "pauper": "Legal", "paupercommander": "Legal", "penny": "Legal", "pioneer": "Legal", "timeless": "Legal", "vintage": "Legal"}, "manaCost": "{2}{W}{W}", "manaValue": 4.0, "name": "Basri's Acolyte", "number": "154", "originalText": "Lifelink\nWhen Basri's Acolyte enters the battlefield, put a +1/+1 counter on each of up to two other target creatures you control.", "originalType": "Creature — Cat Cleric", "power": "2", "printings": ["J22", "M21", "PLST"], "purchaseUrls": {"cardmarket": "https://mtgjson.com/links/31c0179f615681fa", "tcgplayer": "https://mtgjson.com/links/545de0b33a614b3d"}, "rarity": "common", "rulings": [{"date": "2020-06-23", "text": "You can't target the same creature twice with the triggered ability of Basri's Acolyte to give it two +1/+1 counters."}], "setCode": "J22", "sourceProducts": {"nonfoil": ["31fd15cb-48ac-52b8-8f3c-84968a601869"]}, "subtypes": ["Cat", "Cleric"], "supertypes": [], "text": "Lifelink (Damage dealt by this creature also causes you to gain that much life.)\nWhen Basri's Acolyte enters, put a +1/+1 counter on each of up to two other target creatures you control.", "toughness": "3", "type": "Creature — Cat Cleric", "types": ["Creature"], "uuid": "7527ebe6-1063-5c41-b822-e846dcb75f61"}, {"artist": "Magali Villeneuve", "artistIds": ["9e6a55ae-be4d-4c23-a2a5-135737ffd879"], "availability": ["paper"], "boosterTypes": ["default"], "borderColor": "black", "colorIdentity": ["W"], "colors": ["W"], "convertedManaCost": 3.0, "count": 1, "edhrecRank": 2666, "edhrecSaltiness": 0.14, "finishes": ["nonfoil"], "flavorText": "For a moment they stood tall, all fear forgotten.", "foreignData": [{"flavorText": "In diesem Augenblick vergaßen sie jede Furcht.", "identifiers": {"multiverseId": "591617", "scryfallId": "ebb1d1b2-8a6b-4e3a-96df-d6101f6f0fb4"}, "language": "German", "multiverseId": 591617, "name": "Widerstand leisten", "text": "Kreaturen, die du kontrollierst, erhalten +1/+0 und Unzerstörbarkeit bis zum Ende des Zuges. (Schaden und Effekte, die „zerstören\", zerstören sie nicht.)", "type": "Spontanzauber"}, {"flavorText": "Por un instante olvidaron todo miedo e hicieron frente al enemigo.", "identifiers": {"multiverseId": "591746", "scryfallId": "0c071ae2-89a5-410c-9783-6eacbde08778"}, "language": "Spanish", "multiverseId": 591746, "name": "Resistir", "text": "Las criaturas que controlas obtienen +1/+0 y ganan la habilidad de indestructible hasta el final del turno. (El daño y los efectos que dicen \"destruir\" no las destruyen.)", "type": "Instantáneo"}, {"flavorText": "Pendant un instant, ils se sont redressés, la tête haute, oubliant leur peur.", "identifiers": {"multiverseId": "591875", "scryfallId": "eae303ae-b76e-4a8c-ab46-44e9c83ca2cb"}, "language": "French", "multiverseId": 591875, "name": "Prise de position", "text": "Les créatures que vous contrôlez gagnent +1/+0 et acquièrent l'indestructible jusqu'à la fin du tour. (Les blessures et les effets qui disent « détruisez » ne les détruisent pas.)", "type": "Éphémère"}, {"flavorText": "Per un istante restarono a testa alta, dimenticando ogni timore.", "identifiers": {"multiverseId": "592004", "scryfallId": "4ed21505-634d-4d24-b809-07ffa227217a"}, "language": "Italian", "multiverseId": 592004, "name": "Opporre Resistenza", "text": "Le creature che controlli prendono +1/+0 e hanno indistruttibile fino alla fine del turno. (Il danno e gli effetti che dicono \"distruggi\" non le distruggono.)", "type": "Istantaneo"}, {"flavorText": "その瞬間、みなが堂々となり恐れは消えた。", "identifiers": {"multiverseId": "592133", "scryfallId": "34754ea3-db7e-4b6e-8746-0c5a769c19e8"}, "language": "Japanese", "multiverseId": 592133, "name": "抗戦", "text": "ターン終了時まで、あなたがコントロールしているすべてのクリーチャーは＋１/＋０の修整を受け破壊不能を得る。（ダメージや「破壊」と書かれた効果では、それらは破壊されない。）", "type": "インスタント"}, {"flavorText": "他们在那一刻忘却所有恐惧，奋勇抗敌。", "identifiers": {"multiverseId": "592520", "scryfallId": "7ebd8fbe-8041-4397-b9a1-3bea7042c742"}, "language": "Chinese Simplified", "multiverseId": 592520, "name": "奋勇抗敌", "text": "直到回合结束，由你操控的生物得+1/+0且获得不灭异能。（伤害与注明「消灭」的效应不会将它们消灭。）", "type": "瞬间"}], "frameVersion": "2015", "hasFoil": false, "hasNonFoil": true, "identifiers": {"cardsphereId": "97274", "mcmId": "686463", "mcmMetaId": "221468", "mtgjsonV4Id": "d46b1be5-6537-58a5-ad20-9ee044a017a9", "multiverseId": "591488", "scryfallCardBackId": "0aeebaf5-8c7d-4636-9e82-8c27447861f7", "scryfallId": "38d0d4a3-7ce9-4881-a94b-bac5cbbf4dc0", "scryfallIllustrationId": "6c25d400-f54a-46aa-9de7-926eb6f5491a", "scryfallOracleId": "531f78d5-5004-4b02-99c7-b390cb342fd9", "tcgplayerProductId": "455059"}, "isFoil": false, "isReprint": true, "language": "English", "layout": "normal", "legalities": {"brawl": "Legal", "commander": "Legal", "duel": "Legal", "explorer": "Legal", "gladiator": "Legal", "historic": "Legal", "legacy": "Legal", "modern": "Legal", "oathbreaker": "Legal", "pioneer": "Legal", "timeless": "Legal", "vintage": "Legal"}, "manaCost": "{2}{W}", "manaValue": 3.0, "name": "Make a Stand", "number": "211", "originalText": "Creatures you control get +1/+0 and gain indestructible until end of turn. (Damage and effects that say \"destroy\" don't destroy them.)", "originalType": "Instant", "printings": ["CMR", "J22", "M19", "OGW", "PLST"], "purchaseUrls": {"cardmarket": "https://mtgjson.com/links/03956cc1b21d684d", "tcgplayer": "https://mtgjson.com/links/0b8db8c499d8e46a"}, "rarity": "uncommon", "setCode": "J22", "sourceProducts": {"nonfoil": ["31fd15cb-48ac-52b8-8f3c-84968a601869"]}, "subtypes": [], "supertypes": [], "text": "Creatures you control get +1/+0 and gain indestructible until end of turn. (Damage and effects that say \"destroy\" don't destroy them.)", "type": "Instant", "types": ["Instant"], "uuid": "4cbf7953-c2be-59f5-a2fb-af23bb380042"}, {"artist": "Chris Rallis", "artistIds": ["a8e7b854-b15a-421a-b66d-6e68187ae285"], "availability": ["paper"], "boosterTypes": ["default"], "borderColor": "black", "colorIdentity": ["W"], "colors": ["W"], "convertedManaCost": 2.0, "count": 1, "edhrecRank": 21965, "finishes": ["nonfoil"], "flavorText": "When Baral constructed his trap for Chandra, he did not account for the arrival of an enormous leonin wielding a twin-headed axe.", "foreignData": [{"flavorText": "Als Baral seine Falle für Chandra konstruierte, berücksichtigte er nicht die Ankunft eines riesigen, Doppelaxt schwingenden Leoniden.", "identifiers": {"multiverseId": "591601", "scryfallId": "7340e5a9-c653-476e-8cea-cc0a011cf489"}, "language": "German", "multiverseId": 591601, "name": "Perfektes Timing", "text": "Perfektes Timing fügt einer angreifenden oder blockenden Kreatur deiner Wahl 3 Schadenspunkte zu.", "type": "Spontanzauber"}, {"flavorText": "Cuando Baral construyó su trampa para Chandra, no previó la llegada de un leonino enorme con un hacha de dos cabezas.", "identifiers": {"multiverseId": "591730", "scryfallId": "1d4203ee-bbd0-4f91-97bf-386c460dd4ce"}, "language": "Spanish", "multiverseId": 591730, "name": "Llegada oportuna", "text": "La Llegada oportuna hace 3 puntos de daño a la criatura atacante o bloqueadora objetivo.", "type": "Instantáneo"}, {"flavorText": "Quand Baral tendit un piège à Chandra, ce fut sans compter sur l'arrivée d'un énorme léonin maniant une hache à double tranchant.", "identifiers": {"multiverseId": "591859", "scryfallId": "ac0be39e-b0e1-46e2-9542-8b2b3648f0ae"}, "language": "French", "multiverseId": 591859, "name": "Moment opportun", "text": "Le Moment opportun inflige 3 blessures à une créature attaquante ou bloqueuse ciblée.", "type": "Éphémère"}, {"flavorText": "Durante la progettazione della trappola per Chandra, Baral non considerò l'eventuale intervento di un leonid gigantesco armato di ascia bipenne.", "identifiers": {"multiverseId": "591988", "scryfallId": "87bbf79c-adb1-407f-b26f-5e7b4b7286f1"}, "language": "Italian", "multiverseId": 591988, "name": "Tempismo Impeccabile", "text": "Il Tempismo Impeccabile infligge 3 danni a una creatura attaccante o bloccante bersaglio.", "type": "Istantaneo"}, {"flavorText": "バラルがチャンドラを捕らえる罠を準備したときには、双頭の斧を持った巨大なレオニンの登場など、想定していなかった。", "identifiers": {"multiverseId": "592117", "scryfallId": "94c919f0-5bda-4cae-aa3a-554dd4fa7ad9"}, "language": "Japanese", "multiverseId": 592117, "name": "絶妙なタイミング", "text": "攻撃クリーチャーやブロック・クリーチャーのうち１体を対象とする。絶妙なタイミングはそれに３点のダメージを与える。", "type": "インスタント"}, {"flavorText": "巴罗在架设捕捉茜卓的陷阱时，未曾料想会有魁梧狮族挥舞着双头斧杀到。", "identifiers": {"multiverseId": "592504", "scryfallId": "5e3b0d74-9b1d-40d8-be83-5a33b58555dc"}, "language": "Chinese Simplified", "multiverseId": 592504, "name": "完美时机", "text": "完美时机对目标进行攻击或阻挡的生物造成3点伤害。", "type": "瞬间"}], "frameVersion": "2015", "hasFoil": false, "hasNonFoil": true, "identifiers": {"cardsphereId": "97229", "mcmId": "686673", "mcmMetaId": "223751", "mtgjsonV4Id": "e058e4de-be15-5f97-b724-97af77f58ba0", "multiverseId": "591472", "scryfallCardBackId": "0aeebaf5-8c7d-4636-9e82-8c27447861f7", "scryfallId": "f4202dc3-3299-4bf3-a37e-78588e07bb1e", "scryfallIllustrationId": "44f0405d-788a-47f0-bedf-c741039b5b38", "scryfallOracleId": "102bbedf-9f84-433a-bd01-e1a4c05fbedb", "tcgplayerProductId": "455245"}, "isFoil": false, "isReprint": true, "language": "English", "layout": "normal", "legalities": {"brawl": "Legal", "commander": "Legal", "duel": "Legal", "explorer": "Legal", "gladiator": "Legal", "historic": "Legal", "legacy": "Legal", "modern": "Legal", "oathbreaker": "Legal", "pauper": "Legal", "paupercommander": "Legal", "penny": "Legal", "pioneer": "Legal", "timeless": "Legal", "vintage": "Legal"}, "manaCost": "{1}{W}", "manaValue": 2.0, "name": "Impeccable Timing", "number": "195", "originalText": "Impeccable Timing deals 3 damage to target attacking or blocking creature.", "originalType": "Instant", "printings": ["AKH", "AKR", "J22", "KLD", "KLR"], "purchaseUrls": {"cardmarket": "https://mtgjson.com/links/1e44e1f46b99fbae", "tcgplayer": "https://mtgjson.com/links/809a79f6c6fbe3a7"}, "rarity": "common", "setCode": "J22", "sourceProducts": {"nonfoil": ["31fd15cb-48ac-52b8-8f3c-84968a601869"]}, "subtypes": [], "supertypes": [], "text": "Impeccable Timing deals 3 damage to target attacking or blocking creature.", "type": "Instant", "types": ["Instant"], "uuid": "597bd00e-fd85-51ee-a525-477781814794"}, {"artist": "Heather Hudson", "artistIds": ["4441fe52-9e41-40c1-9b74-8510426279ab"], "availability": ["paper"], "boosterTypes": ["default"], "borderColor": "black", "colorIdentity": ["W"], "colors": ["W"], "convertedManaCost": 2.0, "count": 1, "edhrecRank": 19911, "finishes": ["nonfoil"], "flavorText": "Sometimes the weight of the world on your shoulders is a literal one.", "foreignData": [{"flavorText": "Manchmal ist es wörtlich zu nehmen, wenn das Gewicht der Welt einem auf den Schultern lastet.", "identifiers": {"multiverseId": "591671", "scryfallId": "23ce409c-8cfb-4bbe-8ade-c08a9c9eb21d"}, "language": "German", "multiverseId": 591671, "name": "Gewicht des Gewissens", "text": "Verzaubert eine Kreatur\nDie verzauberte Kreatur kann nicht angreifen.\nTappe zwei ungetappte Kreaturen, die du kontrollierst und die einen Kreaturentyp gemeinsam haben: Schicke die verzauberte Kreatur ins Exil.", "type": "Verzauberung — Aura"}, {"flavorText": "A veces \"el peso del mundo sobre tus hombros\" es literal.", "identifiers": {"multiverseId": "591800", "scryfallId": "a2a4f85c-14a4-440c-afc6-bd27e4a3e6d0"}, "language": "Spanish", "multiverseId": 591800, "name": "Peso de la conciencia", "text": "Encantar criatura.\nLa criatura encantada no puede atacar.\nGirar dos criaturas enderezadas que controlas que compartan un tipo de criatura: Exilia la criatura encantada.", "type": "Encantamiento — Aura"}, {"flavorText": "Parfois, avoir le poids du monde sur vos épaules n'est pas qu'un sentiment.", "identifiers": {"multiverseId": "591929", "scryfallId": "421f7b6f-e4e6-48db-b580-0d98edd5bb46"}, "language": "French", "multiverseId": 591929, "name": "Poids de la conscience", "text": "Enchanter : créature\nLa créature enchantée ne peut pas attaquer.\nEngagez deux créatures dégagées que vous contrôlez qui partagent un type de créature : Exilez la créature enchantée.", "type": "Enchantement : aura"}, {"flavorText": "A volte avere il peso del mondo sulle tue spalle non è solo una metafora.", "identifiers": {"multiverseId": "592058", "scryfallId": "7478faad-467b-4b93-9d0a-986ef381cc20"}, "language": "Italian", "multiverseId": 592058, "name": "Peso della Coscienza", "text": "Incanta creatura\nLa creatura incantata non può attaccare.\nTAPpa due creature STAPpate che controlli e che condividono un tipo di creatura: Esilia la creatura incantata.", "type": "Incantesimo — Aura"}, {"flavorText": "時には、肩にかかる責任の重さが文字通りの意味になることもある。", "identifiers": {"multiverseId": "592187", "scryfallId": "a6023f20-d993-4ddc-9547-69a0da57a4be"}, "language": "Japanese", "multiverseId": 592187, "name": "良心の呵責", "text": "エンチャント（クリーチャー）\nエンチャントしているクリーチャーでは攻撃できない。\nあなたがコントロールしているアンタップ状態のクリーチャー２体を共通のクリーチャー・タイプ１つを持つように選んでタップする：エンチャントしているクリーチャーを追放する。", "type": "エンチャント — オーラ"}, {"flavorText": "有时「双肩如荷世界之重」不只是夸饰法。", "identifiers": {"multiverseId": "592574", "scryfallId": "c2aec4fd-7cdf-406f-ad41-cbd2a56a6633"}, "language": "Chinese Simplified", "multiverseId": 592574, "name": "良知重荷", "text": "结附于生物\n所结附的生物不能攻击。\n横置两个由你操控且具共通生物类别的未横置生物：放逐所结附的生物。", "type": "结界 ～灵气"}], "frameVersion": "2015", "hasFoil": false, "hasNonFoil": true, "identifiers": {"cardsphereId": "97302", "mcmId": "686683", "mcmMetaId": "9445", "mtgjsonV4Id": "3f1e1b60-94fb-502b-984c-0fa0f0d790eb", "multiverseId": "591542", "scryfallCardBackId": "0aeebaf5-8c7d-4636-9e82-8c27447861f7", "scryfallId": "51406b6f-7402-4641-9e0b-7b4a59ffaa52", "scryfallIllustrationId": "b997fe55-cbb5-4084-ba28-72e9073a6db5", "scryfallOracleId": "42989c6d-75d9-4ddd-bb9f-f18c0eb005fe", "tcgplayerProductId": "455255"}, "isFoil": false, "isReprint": true, "keywords": ["Enchant"], "language": "English", "layout": "normal", "legalities": {"commander": "Legal", "duel": "Legal", "legacy": "Legal", "modern": "Legal", "oathbreaker": "Legal", "pauper": "Legal", "paupercommander": "Legal", "penny": "Legal", "predh": "Legal", "vintage": "Legal"}, "manaCost": "{1}{W}", "manaValue": 2.0, "name": "Weight of Conscience", "number": "265", "originalText": "Enchant creature\nEnchanted creature can't attack.\nTap two untapped creatures you control that share a creature type: Exile enchanted creature.", "originalType": "Enchantment — Aura", "printings": ["J22", "MOR"], "purchaseUrls": {"cardmarket": "https://mtgjson.com/links/fadac3ff8b15c32e", "tcgplayer": "https://mtgjson.com/links/b4c6ac22283dfc97"}, "rarity": "common", "rulings": [{"date": "2008-04-01", "text": "Since the activated ability doesn’t have a tap symbol in its cost, you can tap creatures that haven’t been under your control since your most recent turn began to pay the cost."}, {"date": "2008-04-01", "text": "The ability exile the enchanted creature, but Weight of Conscience remains on the battlefield. The Aura will then be put into your graveyard as a state-based action."}], "setCode": "J22", "sourceProducts": {"nonfoil": ["31fd15cb-48ac-52b8-8f3c-84968a601869"]}, "subtypes": ["Aura"], "supertypes": [], "text": "Enchant creature\nEnchanted creature can't attack.\nTap two untapped creatures you control that share a creature type: Exile enchanted creature.", "type": "Enchantment — Aura", "types": ["Enchantment"], "uuid": "7f74afc0-0d32-55a1-9067-b3d2950a0ee5"}, {"artist": "Doug Chaffee", "artistIds": ["dd587b27-dca3-4219-aa55-b285a7a77030"], "availability": ["paper"], "boosterTypes": ["default"], "borderColor": "black", "colorIdentity": [], "colors": [], "convertedManaCost": 1.0, "count": 1, "edhrecRank": 16820, "finishes": ["nonfoil"], "flavorText": "\"Every scratch tells a story, and every notch has a name. Four generations have held this blade. You shall not disappoint them.\"\n—Initiation of Laena, skyhunter", "foreignData": [{"flavorText": "„Jeder Kratzer erzählt eine Geschichte, jede Scharte hat einen Namen. Vier Generationen haben diese Klinge getragen. Enttäusche sie nicht.\"\n—Kriegerweihe von Laena, Himmeljägerin", "identifiers": {"multiverseId": "596286", "scryfallId": "ef3be128-efbc-436b-b8e4-4b71a047d1fd"}, "language": "German", "multiverseId": 596286, "name": "Leonidenkrummsäbel", "text": "Die ausgerüstete Kreatur erhält +1/+1.\nAusrüsten {1} ({1}: Lege diese Karte an eine Kreatur deiner Wahl an, die du kontrollierst. Spiele Ausrüsten wie eine Hexerei.)", "type": "Artefakt — Ausrüstung"}, {"flavorText": "\"Cada rasguño cuenta una historia, y cada mella tiene un nombre. Cuatro generaciones han usado esta espada. No las decepcionarás\".\n—Iniciación de Laena, cazacielos", "identifiers": {"multiverseId": "596373", "scryfallId": "30eabbdf-fb58-4a18-8613-70a79d77ca46"}, "language": "Spanish", "multiverseId": 596373, "name": "Cimitarra leonina", "text": "La criatura equipada obtiene +1/+1.\nEquipar {1}. ({1}: Anexa este Equipo a la criatura objetivo que controlas. Activa la habilidad de equipar como un conjuro.)", "type": "Artefacto — Equipo"}, {"flavorText": "« Chaque rayure raconte une histoire, et chaque marque a un nom. Cette lame a servi quatre générations. Tu ne les décevras pas. »\n—Initiation de Laena, chasseciel", "identifiers": {"multiverseId": "596460", "scryfallId": "816aa0f5-b16f-46f4-af37-e608b5744c4f"}, "language": "French", "multiverseId": 596460, "name": "Cimeterre léonin", "text": "La créature équipée gagne +1/+1.\nÉquipement {1} ({1} : Attachez à une créature ciblée que vous contrôlez. N'attachez l'équipement que lorsque vous pourriez lancer un rituel.)", "type": "Artefact : équipement"}, {"flavorText": "\"Ogni graffio racconta una storia e ogni tacca ha un nome. Quattro generazioni hanno impugnato questa lama. Tu non le deluderai.\"\n—Iniziazione di Laena, solcacielo", "identifiers": {"multiverseId": "596547", "scryfallId": "89f74da1-ea82-45bf-b208-72ab7f6901f3"}, "language": "Italian", "multiverseId": 596547, "name": "Scimitarra Leonid", "text": "La creatura equipaggiata prende +1/+1.\nEquipaggiare {1} ({1}: Assegna a una creatura bersaglio che controlli. Equipaggia solo come una stregoneria.)", "type": "Artefatto — Equipaggiamento"}, {"flavorText": "「すべての傷に物語があり、すべての欠けにその名がある。この剣は四世代に渡って用いられた。かつての持ち主を落胆させてはならぬ。」\n――空騎士リーナの伝授", "identifiers": {"multiverseId": "596634", "scryfallId": "26ea1f0c-d701-4b6b-965f-bfacf38fbff4"}, "language": "Japanese", "multiverseId": 596634, "name": "レオニンの円月刀", "text": "装備しているクリーチャーは＋１/＋１の修整を受ける。\n装備{1}（{1}：あなたがコントロールしているクリーチャー１体を対象とする。これをそれにつける。装備はソーサリーとしてのみ行う。）", "type": "アーティファクト — 装備品"}, {"flavorText": "「每条刮痕都有故事，每处缺口都有名字。此刀传承四代。勿让先祖蒙羞。」\n～空猎者雷娜的仪式誓辞", "identifiers": {"multiverseId": "596895", "scryfallId": "8391bfa8-ac2d-4c66-ba7d-1368595c534c"}, "language": "Chinese Simplified", "multiverseId": 596895, "name": "狮族弯刀", "text": "佩带此武具的生物得+1/+1。\n佩带{1}（{1}：贴附在目标由你操控的生物上。只能于法术时机佩带。）", "type": "神器 ～武具"}], "frameVersion": "2015", "hasFoil": false, "hasNonFoil": true, "identifiers": {"cardsphereId": "96964", "mcmId": "686529", "mcmMetaId": "3247", "mtgjsonV4Id": "1e5f70c5-efa2-5782-8287-9fd0f3811e2f", "multiverseId": "596199", "scryfallCardBackId": "0aeebaf5-8c7d-4636-9e82-8c27447861f7", "scryfallId": "7f30adfa-2581-47ca-946f-d1a193523be3", "scryfallIllustrationId": "8545f9b0-cb29-458f-9741-cd213c977348", "scryfallOracleId": "cde26d69-f3e7-4dd0-a53b-cd0ec812d717", "tcgplayerProductId": "455117"}, "isFoil": false, "isReprint": true, "keywords": ["Equip"], "language": "English", "layout": "normal", "legalities": {"commander": "Legal", "duel": "Legal", "legacy": "Legal", "modern": "Legal", "oathbreaker": "Legal", "pauper": "Legal", "paupercommander": "Legal", "penny": "Legal", "predh": "Legal", "vintage": "Legal"}, "manaCost": "{1}", "manaValue": 1.0, "name": "Leonin Scimitar", "number": "782", "originalText": "Equipped creature gets +1/+1.\nEquip {1} ({1}: Attach to target creature you control. Equip only as a sorcery.)", "originalType": "Artifact — Equipment", "printings": ["10E", "J22", "MRD", "PS11"], "purchaseUrls": {"cardmarket": "https://mtgjson.com/links/a231c4dee42f5c85", "tcgplayer": "https://mtgjson.com/links/1fd154095744a994"}, "rarity": "common", "setCode": "J22", "sourceProducts": {"nonfoil": ["31fd15cb-48ac-52b8-8f3c-84968a601869"]}, "subtypes": ["Equipment"], "supertypes": [], "text": "Equipped creature gets +1/+1.\nEquip {1} ({1}: Attach to target creature you control. Equip only as a sorcery.)", "type": "Artifact — Equipment", "types": ["Artifact"], "uuid": "2274ea99-ffba-5fa0-a679-40ecddee64e3"}, {"artist": "Alayna Danner", "artistIds": ["bb677b1a-ce51-4888-83d6-5a94de461ff9"], "availability": ["paper"], "boosterTypes": ["default"], "borderColor": "black", "colorIdentity": ["W"], "colors": [], "convertedManaCost": 0.0, "count": 1, "edhrecRank": 1293, "edhrecSaltiness": 0.02, "finishes": ["nonfoil"], "flavorText": "Wildflowers here bloom not with the season but with the ebb and flow of magic.", "foreignData": [{"flavorText": "Die Blüte der Wildblumen richtet sich hier nicht nach den Jahreszeiten, sondern nach den Gezeiten der Magie.", "identifiers": {"multiverseId": "596328", "scryfallId": "08f3970a-2643-409e-bf95-6e55f2e5b41d"}, "language": "German", "multiverseId": 596328, "name": "Gedeihende Heide", "text": "Die Gedeihende Heide kommt getappt ins Spiel.\nSowie die Gedeihende Heide ins Spiel kommt, bestimme eine Farbe außer Weiß.\n{T}: Erzeuge {W} oder ein Mana der bestimmten Farbe.", "type": "Land"}, {"flavorText": "Las flores salvajes de aquí no florecen según las estaciones, sino según los altibajos y el flujo de la magia.", "identifiers": {"multiverseId": "596415", "scryfallId": "22a7f352-acab-4326-bf4c-1251b689e12d"}, "language": "Spanish", "multiverseId": 596415, "name": "Brezal floreciente", "text": "El Brezal floreciente entra al campo de batalla girado.\nEn cuanto el Brezal floreciente entre al campo de batalla, elige un color que no sea blanco.\n{T}: Agrega {W} o un maná del color elegido.", "type": "Tierra"}, {"flavorText": "Ici, les fleurs sauvages s'épanouissent non pas au gré des saisons mais au gré des flux de magie.", "identifiers": {"multiverseId": "596502", "scryfallId": "a9ccbe15-1362-4a6c-b452-a4afc5940af9"}, "language": "French", "multiverseId": 596502, "name": "Prairie prospère", "text": "La Prairie prospère arrive sur le champ de bataille engagée.\nAu moment où la Prairie prospère arrive sur le champ de bataille, choisissez une couleur autre que le blanc.\n{T} : Ajoutez {W} ou un mana de la couleur choisie.", "type": "Terrain"}, {"flavorText": "I fiori selvatici qui non sbocciano in base alle stagioni, ma seguendo il fluire della magia.", "identifiers": {"multiverseId": "596589", "scryfallId": "2da38f37-174d-4361-ada9-a36bf95f208a"}, "language": "Italian", "multiverseId": 596589, "name": "Brughiera Florida", "text": "La Brughiera Florida entra nel campo di battaglia TAPpata.\nMentre la Brughiera Florida entra nel campo di battaglia, scegli un colore diverso dal bianco.\n{T}: Aggiungi {W} o un mana del colore scelto.", "type": "Terra"}, {"flavorText": "季節ではなく魔法の干満に従って野生の花が咲く。", "identifiers": {"multiverseId": "596676", "scryfallId": "d185fa85-2a01-4df0-9d1f-0336c0ec805e"}, "language": "Japanese", "multiverseId": 596676, "name": "興隆する荒野", "text": "興隆する荒野はタップ状態で戦場に出る。\n興隆する荒野が戦場に出るに際し、白でない色１色を選ぶ。\n{T}：{W}か、その選ばれた色のマナ１点を加える。", "type": "土地"}, {"flavorText": "驱使这片野花绽放的，并非季节更替，而是魔力起伏。", "identifiers": {"multiverseId": "596937", "scryfallId": "475e4f69-7145-45f7-819a-a06e9bc95e6b"}, "language": "Chinese Simplified", "multiverseId": 596937, "name": "兴旺荒地", "text": "兴旺荒地须横置进战场。\n于兴旺荒地进战场时，选择一种白色以外的颜色。\n{T}：加{W}或一点所选颜色的法术力。", "type": "地"}], "frameVersion": "2015", "hasFoil": false, "hasNonFoil": true, "identifiers": {"cardsphereId": "96894", "mcmId": "687386", "mcmMetaId": "308454", "mtgjsonV4Id": "d6b4e444-816e-530a-96f8-49445b559262", "multiverseId": "596241", "scryfallCardBackId": "0aeebaf5-8c7d-4636-9e82-8c27447861f7", "scryfallId": "ffa01378-4d7f-4700-9303-f0535468dc62", "scryfallIllustrationId": "a1053374-9774-4ca6-bb77-1f55ca3c079b", "scryfallOracleId": "d1946630-e224-40db-8f0d-388b09622288", "tcgplayerProductId": "455123"}, "isFoil": false, "isReprint": true, "language": "English", "layout": "normal", "legalities": {"brawl": "Legal", "commander": "Legal", "duel": "Legal", "gladiator": "Legal", "historic": "Legal", "legacy": "Legal", "oathbreaker": "Legal", "pauper": "Legal", "paupercommander": "Legal", "timeless": "Legal", "vintage": "Legal"}, "manaValue": 0.0, "name": "Thriving Heath", "number": "824", "originalText": "Thriving Heath enters the battlefield tapped.\nAs Thriving Heath enters the battlefield, choose a color other than white.\n{T}: Add {W} or one mana of the chosen color.", "originalType": "Land", "printings": ["AFC", "BLC", "CLU", "CMM", "J22", "JMP", "LCC", "MOC", "NCC", "WHO"], "purchaseUrls": {"cardmarket": "https://mtgjson.com/links/c8bfa7e4faf5e22f", "tcgplayer": "https://mtgjson.com/links/03d0b84424c2330b"}, "rarity": "common", "setCode": "J22", "sourceProducts": {"nonfoil": ["31fd15cb-48ac-52b8-8f3c-84968a601869"]}, "subtypes": [], "supertypes": [], "text": "Thriving Heath enters tapped. As it enters, choose a color other than white.\n{T}: Add {W} or one mana of the chosen color.", "type": "Land", "types": ["Land"], "uuid": "a04e9563-a925-5006-9eff-d8d21379a5f0"}, {"artist": "John Avon", "artistIds": ["798f3932-30e0-4420-aa3f-db4d613f89ca"], "availability": ["paper"], "boosterTypes": ["default"], "borderColor": "black", "colorIdentity": ["W"], "colors": [], "convertedManaCost": 0.0, "count": 7, "edhrecSaltiness": 0.28, "finishes": ["nonfoil"], "foreignData": [{"identifiers": {"multiverseId": "597760", "scryfallId": "fddf58f4-5581-4143-8b97-879bf79cd090"}, "language": "German", "multiverseId": 597760, "name": "Ebene", "type": "Standardland — Ebene"}, {"identifiers": {"multiverseId": "597775", "scryfallId": "ec593f16-cbc5-4315-8248-293e1451f9d8"}, "language": "Spanish", "multiverseId": 597775, "name": "Llanura", "type": "Tierra básica — Llanura"}, {"identifiers": {"multiverseId": "597790", "scryfallId": "b7a43dd2-3bc7-4806-b8a8-178297dbb17d"}, "language": "French", "multiverseId": 597790, "name": "Plaine", "type": "Terrain de base : plaine"}, {"identifiers": {"multiverseId": "597805", "scryfallId": "874ae837-5ef5-4cc7-bffc-226992d646a4"}, "language": "Italian", "multiverseId": 597805, "name": "Pianura", "type": "Terra Base — Pianura"}, {"identifiers": {"multiverseId": "597820", "scryfallId": "976f23b2-74cd-4251-8d63-5d74a30e25b2"}, "language": "Japanese", "multiverseId": 597820, "name": "平地", "type": "基本土地 — 平地"}, {"identifiers": {"multiverseId": "597865", "scryfallId": "75e91988-b7a7-4a9f-9f64-6f78a7411ed3"}, "language": "Chinese Simplified", "multiverseId": 597865, "name": "平原", "type": "基本地 ～平原"}], "frameVersion": "2015", "hasFoil": false, "hasNonFoil": true, "identifiers": {"cardsphereId": "97087", "mtgjsonV4Id": "edc1ce30-9de6-5930-a4c1-6b2823beced6", "multiverseId": "597745", "scryfallCardBackId": "0aeebaf5-8c7d-4636-9e82-8c27447861f7", "scryfallId": "0a479838-b6b1-4d83-9104-0a79f3b934c7", "scryfallIllustrationId": "4e796899-39a3-4ba0-b300-5ae650de1483", "scryfallOracleId": "bc71ebf6-2056-41f7-be35-b2e5c34afa99", "tcgplayerProductId": "455242"}, "isFoil": false, "isReprint": true, "language": "English", "layout": "normal", "legalities": {"alchemy": "Legal", "brawl": "Legal", "commander": "Legal", "duel": "Legal", "explorer": "Legal", "future": "Legal", "gladiator": "Legal", "historic": "Legal", "legacy": "Legal", "modern": "Legal", "oathbreaker": "Legal", "pauper": "Legal", "paupercommander": "Legal", "penny": "Legal", "pioneer": "Legal", "predh": "Legal", "premodern": "Legal", "standard": "Legal", "standardbrawl": "Legal", "timeless": "Legal", "vintage": "Legal"}, "manaValue": 0.0, "name": "Plains", "number": "98", "originalType": "Basic Land — Plains", "printings": ["10E", "2ED", "2XM", "30A", "3ED", "40K", "4BB", "4ED", "5ED", "6ED", "7ED", "8ED", "9ED", "ACR", "AFR", "AKH", "AKR", "ALA", "ANA", "ANB", "ARC", "ATH", "AVR", "BBD", "BFZ", "BLB", "BRB", "BRC", "BRO", "C13", "C14", "C15", "C16", "C17", "C18", "C19", "CED", "CEI", "CHK", "CLB", "CLU", "CM2", "CMA", "CMD", "CMM", "CMR", "CST", "DDC", "DDE", "DDF", "DDG", "DDH", "DDI", "DDK", "DDL", "DDN", "DDO", "DDP", "DDQ", "DMR", "DMU", "DOM", "DSK", "DTK", "DVD", "E01", "ELD", "FBB", "FDN", "FRF", "G17", "GK1", "GK2", "GN2", "GN3", "GNT", "GRN", "GS1", "H09", "HBG", "HOP", "HOU", "ICE", "IKO", "INV", "ISD", "ITP", "J14", "J22", "JMP", "KHM", "KLD", "KLR", "KTK", "LCI", "LEA", "LEB", "LRW", "LTR", "M10", "M11", "M12", "M13", "M14", "M15", "M19", "M20", "M21", "MBS", "MD1", "ME1", "ME3", "MH2", "MH3", "MID", "MIR", "MKM", "MMQ", "MOM", "MRD", "NEO", "NPH", "ODY", "OLEP", "ONE", "ONS", "ORI", "OTJ", "P02", "P23", "PAL00", "PAL01", "PAL03", "PAL04", "PAL05", "PAL06", "PAL99", "PALP", "PANA", "PARL", "PC2", "PCA", "PDGM", "PELP", "PF19", "PF20", "PGPX", "PGRU", "PIP", "PLST", "PMPS", "PMPS06", "PMPS07", "PMPS08", "PMPS09", "PMPS10", "PMPS11", "POR", "PPP1", "PRM", "PRW2", "PRWK", "PS11", "PSAL", "PSS2", "PSS3", "PSS4", "PTC", "PTK", "PZ2", "RAV", "REX", "RIX", "RNA", "ROE", "RQS", "RTR", "S99", "SCD", "SHM", "SIR", "SLD", "SLP", "SNC", "SOI", "SOM", "STX", "SUM", "TD0", "TD2", "THB", "THS", "TMP", "TPR", "TSP", "UGL", "UND", "UNF", "UNH", "USG", "UST", "VOW", "WAR", "WC00", "WC02", "WC03", "WC04", "WC97", "WC98", "WHO", "WOE", "XANA", "XLN", "ZEN", "ZNR"], "purchaseUrls": {"tcgplayer": "https://mtgjson.com/links/6ef067641b299bdf"}, "rarity": "common", "setCode": "J22", "sourceProducts": {"nonfoil": ["31fd15cb-48ac-52b8-8f3c-84968a601869"]}, "subtypes": ["Plains"], "supertypes": ["Basic"], "text": "({T}: Add {W}.)", "type": "Basic Land — Plains", "types": ["Land"], "uuid": "8d85452d-cbb7-56ab-af92-737a8dade8d8", "variations": ["3a5e8b25-5db5-5de4-ade0-9131700eb16f", "1feb83ee-4542-576a-9f09-5a08d3c7d0ac"]}], "name": "Cats 3", "releaseDate": "2022-12-02", "sealedProductUuids": null, "sideBoard": [], "type": "Jumpstart"}}