{"meta": {"date": "2024-09-03", "version": "5.2.2+20240903"}, "data": {"code": "JVC", "commander": [], "mainBoard": [{"artist": "Kev Walker", "artistIds": ["f366a0ee-a0cd-466d-ba6a-90058c7a31a6"], "availability": ["paper"], "borderColor": "black", "colorIdentity": ["R"], "colors": ["R"], "convertedManaCost": 5.0, "count": 1, "edhrecRank": 11086, "edhrecSaltiness": 0.1, "finishes": ["foil"], "foreignData": [], "frameVersion": "2015", "hasFoil": true, "hasNonFoil": false, "identifiers": {"cardsphereFoilId": "14206", "mcmId": "269929", "mtgjsonV4Id": "0334028c-d214-54fa-b1b9-4844fe1c7f63", "multiverseId": "393821", "scryfallCardBackId": "0aeebaf5-8c7d-4636-9e82-8c27447861f7", "scryfallId": "44108e96-1fb5-41e0-a391-0c111e0f4f11", "scryfallIllustrationId": "d6fd7e7e-be80-439c-897b-c72c953b1b11", "scryfallOracleId": "f4da7a43-e9d5-47ea-b2f0-3cf55a156f4a", "tcgplayerProductId": "93768"}, "isFoil": true, "isReprint": true, "isStarter": true, "language": "English", "layout": "normal", "leadershipSkills": {"brawl": false, "commander": false, "oathbreaker": true}, "legalities": {"commander": "Legal", "duel": "Legal", "legacy": "Legal", "modern": "Legal", "oathbreaker": "Legal", "penny": "Legal", "predh": "Legal", "vintage": "Legal"}, "loyalty": "6", "manaCost": "{3}{R}{R}", "manaValue": 5.0, "name": "Chandra Nalaar", "number": "34", "originalText": "+1: Chandra Nalaar deals 1 damage to target player.\n–\nX: Chandra Nalaar deals X damage to target creature.\n–8: Chandra Nalaar deals 10 damage to target player and each creature he or she controls.", "originalType": "Planeswalker — Chandra", "printings": ["DD2", "JVC", "LRW", "M10", "M11", "PLST", "SLD"], "purchaseUrls": {"tcgplayer": "https://mtgjson.com/links/372d5daa996f1ba9"}, "rarity": "mythic", "rulings": [{"date": "2007-10-01", "text": "To activate the second ability, you choose a value of X equal to or less than the number of loyalty counters on Chandra Nalaar. You may choose 0. You can’t choose a negative number."}], "securityStamp": "oval", "setCode": "JVC", "sourceProducts": {"foil": ["981854cc-a51c-5d50-91e1-42f87a33a559"]}, "subtypes": ["Chandra"], "supertypes": ["Legendary"], "text": "[+1]: Chandra Nalaar deals 1 damage to target player or planeswalker.\n[−X]: Chandra Nalaar deals X damage to target creature.\n[−8]: Chandra Nalaar deals 10 damage to target player or planeswalker and each creature that player or that planeswalker's controller controls.", "type": "Legendary Planeswalker — Chandra", "types": ["Planeswalker"], "uuid": "90933a9a-4f61-5e73-8159-089185b01c0b"}, {"artist": "Tony Szczudlo", "artistIds": ["1952c90b-a5a7-4328-9f7c-e11064f59daf"], "availability": ["paper"], "borderColor": "black", "colorIdentity": ["R"], "colors": ["R"], "convertedManaCost": 6.0, "count": 1, "edhrecRank": 18263, "edhrecSaltiness": 0.14, "finishes": ["nonfoil"], "foreignData": [], "frameVersion": "2015", "hasFoil": false, "hasNonFoil": true, "identifiers": {"cardsphereId": "14208", "mcmId": "269931", "mtgjsonV4Id": "f102a801-ea7d-56ca-a404-123c147ad921", "multiverseId": "393822", "scryfallCardBackId": "0aeebaf5-8c7d-4636-9e82-8c27447861f7", "scryfallId": "d1aff81b-9c70-4447-b391-5de982e84cce", "scryfallIllustrationId": "6a212609-2add-41fd-9ec5-172f640ba8f9", "scryfallOracleId": "717152c3-2082-49aa-9274-a1a6abe54b65", "tcgplayerProductId": "93769"}, "isFoil": false, "isReprint": true, "isStarter": true, "keywords": ["Cycling", "Mountaincycling"], "language": "English", "layout": "normal", "legalities": {"commander": "Legal", "duel": "Legal", "legacy": "Legal", "oathbreaker": "Legal", "pauper": "Legal", "paupercommander": "Legal", "penny": "Legal", "predh": "Legal", "premodern": "Legal", "vintage": "Legal"}, "manaCost": "{5}{R}", "manaValue": 6.0, "name": "Chartooth Cougar", "number": "47", "originalText": "{R}: Chartooth Cougar gets +1/+0 until end of turn.\nMountaincycling {2} ({2}, Discard this card: Search your library for a Mountain card, reveal it, and put it into your hand. Then shuffle your library.)", "originalType": "Creature — Cat Beast", "power": "4", "printings": ["A25", "CMD", "CNS", "DD2", "DDI", "JVC", "PLST", "SCG", "TD0", "VMA"], "purchaseUrls": {"tcgplayer": "https://mtgjson.com/links/7bc1f27526094de8"}, "rarity": "common", "rulings": [{"date": "2009-02-01", "text": "Mountaincycling is a form of cycling. Any ability that triggers on a card being cycled also triggers on Mountaincycling this card. Any ability that stops a cycling ability from being activated also stops Mountaincycling from being activated."}, {"date": "2009-02-01", "text": "Mountaincycling is an activated ability. Effects that interact with activated abilities (such as Stifle or Rings of Brighthearth) will interact with Mountaincycling. Effects that interact with spells (such as Remove Soul or Faerie Tauntings) will not."}, {"date": "2009-02-01", "text": "Unlike the normal cycling ability, Mountaincycling doesn't allow you to draw a card. Instead, it lets you search your library for a Mountain card. After you find a Mountain card in your library, you reveal it, put it into your hand, then shuffle your library."}, {"date": "2009-02-01", "text": "You can choose to find any card with the Mountain land type, including nonbasic lands. You can also choose not to find a card, even if there is a Mountain card in your library."}], "setCode": "JVC", "sourceProducts": {"nonfoil": ["981854cc-a51c-5d50-91e1-42f87a33a559"]}, "subtypes": ["Cat", "Beast"], "supertypes": [], "text": "{R}: Chartooth Cougar gets +1/+0 until end of turn.\nMountaincycling {2} ({2}, Discard this card: Search your library for a Mountain card, reveal it, put it into your hand, then shuffle.)", "toughness": "4", "type": "Creature — Cat Beast", "types": ["Creature"], "uuid": "20d2a1d5-4a37-5c39-869c-2373c0e003d3"}, {"artist": "Jeff Reitz", "artistIds": ["dfe5a30b-0a32-412f-87ca-bd31ef402b6b"], "availability": ["paper"], "borderColor": "black", "colorIdentity": ["R"], "colors": ["R"], "convertedManaCost": 2.0, "count": 1, "edhrecRank": 13330, "finishes": ["nonfoil"], "flavorText": "\"Remember the moral of the fireslinger fable: with power comes isolation.\"\n—Karn, silver golem", "foreignData": [], "frameVersion": "2015", "hasFoil": false, "hasNonFoil": true, "identifiers": {"cardsphereId": "14250", "mcmId": "269973", "mtgjsonV4Id": "887e2730-4396-59bc-b977-73d8260e9d9c", "multiverseId": "393834", "scryfallCardBackId": "0aeebaf5-8c7d-4636-9e82-8c27447861f7", "scryfallId": "87f8a822-5f41-4742-81e1-c78dc437b3d0", "scryfallIllustrationId": "62441e67-8dc6-45dc-a8a2-3b43052d0580", "scryfallOracleId": "0e5a5cee-d068-42cf-bf58-8e1360720be0", "tcgplayerProductId": "93782"}, "isFoil": false, "isReprint": true, "isStarter": true, "language": "English", "layout": "normal", "legalities": {"commander": "Legal", "duel": "Legal", "legacy": "Legal", "oathbreaker": "Legal", "pauper": "Legal", "paupercommander": "Legal", "predh": "Legal", "premodern": "Legal", "vintage": "Legal"}, "manaCost": "{1}{R}", "manaValue": 2.0, "name": "Fireslinger", "number": "36", "originalText": "{T}: Fireslinger deals 1 damage to target creature or player and 1 damage to you.", "originalType": "Creature — Human Wizard", "power": "1", "printings": ["DD2", "F02", "J22", "JVC", "PLST", "PRM", "TMP", "WC99"], "purchaseUrls": {"tcgplayer": "https://mtgjson.com/links/d3191eb795191715"}, "rarity": "common", "setCode": "JVC", "sourceProducts": {"nonfoil": ["981854cc-a51c-5d50-91e1-42f87a33a559"]}, "subtypes": ["Human", "Wizard"], "supertypes": [], "text": "{T}: Fireslinger deals 1 damage to any target and 1 damage to you.", "toughness": "1", "type": "Creature — Human Wizard", "types": ["Creature"], "uuid": "0802069d-baa5-5de5-bf10-9353a957867c"}, {"artist": "Daren Bader", "artistIds": ["7da1a585-c875-45e4-b322-5da9e8e1f651"], "availability": ["paper"], "borderColor": "black", "colorIdentity": ["R"], "colors": ["R"], "convertedManaCost": 1.0, "count": 2, "edhrecRank": 24239, "edhrecSaltiness": 0.11, "finishes": ["nonfoil"], "flavorText": "When he hits people, they stay hit.", "foreignData": [], "frameVersion": "2015", "hasFoil": false, "hasNonFoil": true, "identifiers": {"cardsphereId": "14252", "mcmId": "269975", "mtgjsonV4Id": "8935caca-c833-57b8-8f17-1c79323952cc", "multiverseId": "393836", "scryfallCardBackId": "0aeebaf5-8c7d-4636-9e82-8c27447861f7", "scryfallId": "42da4ec7-9d30-4c4e-9220-db0f4172bf9c", "scryfallIllustrationId": "4b9f4dfa-2b05-47fd-8fb8-d03df49bcfae", "scryfallOracleId": "9e3dd85c-ba19-4d22-9f90-252676f3cffa", "tcgplayerProductId": "93784"}, "isFoil": false, "isReprint": true, "isStarter": true, "language": "English", "layout": "normal", "legalities": {"commander": "Legal", "duel": "Legal", "legacy": "Legal", "modern": "Legal", "oathbreaker": "Legal", "pauper": "Legal", "paupercommander": "Legal", "penny": "Legal", "predh": "Legal", "vintage": "Legal"}, "manaCost": "{R}", "manaValue": 1.0, "name": "Flamekin Brawler", "number": "35", "originalText": "{R}: Flamekin Brawler gets +1/+0 until end of turn.", "originalType": "Creature — Elemental Warrior", "power": "0", "printings": ["DD2", "JVC", "LRW", "PS11"], "purchaseUrls": {"tcgplayer": "https://mtgjson.com/links/90679745fa8b5671"}, "rarity": "common", "setCode": "JVC", "sourceProducts": {"nonfoil": ["981854cc-a51c-5d50-91e1-42f87a33a559"]}, "subtypes": ["Elemental", "Warrior"], "supertypes": [], "text": "{R}: Flamekin Brawler gets +1/+0 until end of turn.", "toughness": "2", "type": "Creature — Elemental Warrior", "types": ["Creature"], "uuid": "38ec192c-625f-5bab-9fef-27d68c559d53"}, {"artist": "Pete Venters", "artistIds": ["d54c4a1a-c0c5-4834-84db-125d341f3ad8"], "availability": ["paper"], "borderColor": "black", "colorIdentity": ["R"], "colors": ["R"], "convertedManaCost": 4.0, "count": 1, "edhrecRank": 10536, "edhrecSaltiness": 0.71, "finishes": ["nonfoil"], "flavorText": "\"For dim-witted, thick-skulled genetic mutants, they have pretty good aim.\"\n—Sisay, captain of the *Weatherlight*", "foreignData": [], "frameVersion": "2015", "hasFoil": false, "hasNonFoil": true, "identifiers": {"cardsphereId": "14253", "mcmId": "269976", "mtgjsonV4Id": "fa77db95-1e4c-5f4b-a286-df377ec93e23", "multiverseId": "393837", "scryfallCardBackId": "0aeebaf5-8c7d-4636-9e82-8c27447861f7", "scryfallId": "d2ec1557-4fe3-4d9b-8cc1-e5fbf1e52d70", "scryfallIllustrationId": "0f2212ad-6d9c-47d3-a458-484e85fb062e", "scryfallOracleId": "b215196a-3716-451f-bdbd-d16c05ace5b4", "tcgplayerProductId": "93785"}, "isFoil": false, "isReprint": true, "isStarter": true, "language": "English", "layout": "normal", "legalities": {"commander": "Legal", "duel": "Legal", "legacy": "Legal", "oathbreaker": "Legal", "paupercommander": "Restricted", "penny": "Legal", "predh": "Legal", "premodern": "Legal", "vintage": "Legal"}, "manaCost": "{3}{R}", "manaValue": 4.0, "name": "Flametongue Kavu", "number": "42", "originalText": "When Flametongue Kavu enters the battlefield, it deals 4 damage to target creature.", "originalType": "Creature — Kavu", "power": "4", "printings": ["C14", "CM2", "CMD", "DD2", "DMR", "E01", "F05", "GN3", "HOP", "JMP", "JVC", "PLS", "PLST", "PRM", "PZ1", "TD0", "VMA", "WC01", "WC02"], "purchaseUrls": {"tcgplayer": "https://mtgjson.com/links/74f85c6fac3ecf9e"}, "rarity": "uncommon", "rulings": [{"date": "2022-12-08", "text": "Flametongue Kavu’s ability can target itself. If it’s the only creature on the battlefield as its ability triggers, its ability must target itself."}], "setCode": "JVC", "sourceProducts": {"nonfoil": ["981854cc-a51c-5d50-91e1-42f87a33a559"]}, "subtypes": ["Kavu"], "supertypes": [], "text": "When Flametongue Kavu enters, it deals 4 damage to target creature.", "toughness": "2", "type": "Creature — Kavu", "types": ["Creature"], "uuid": "c7b923db-59f2-532e-b607-df1c6acbcdad"}, {"artist": "Dave Dorman", "artistIds": ["9235458b-ce92-45bd-a430-a72ecd8e6176"], "availability": ["paper"], "borderColor": "black", "colorIdentity": ["R"], "colors": ["R"], "convertedManaCost": 3.0, "count": 1, "edhrecRank": 12572, "edhrecSaltiness": 0.15, "finishes": ["nonfoil"], "flavorText": "Inside even the humblest goblin lurks the potential for far greater things—and far worse.", "foreignData": [], "frameVersion": "2015", "hasFoil": false, "hasNonFoil": true, "identifiers": {"cardsphereId": "14255", "mcmId": "269977", "mtgjsonV4Id": "4bd321f5-d0c9-570e-9227-969ee141f897", "multiverseId": "393838", "scryfallCardBackId": "0aeebaf5-8c7d-4636-9e82-8c27447861f7", "scryfallId": "bdd4a223-ed72-4d0b-bf1e-34f62c6b2c80", "scryfallIllustrationId": "cac3bcde-32c1-458f-a0a5-83d92d20102e", "scryfallOracleId": "ee17706a-edc0-4301-8330-1da539679c7a", "tcgplayerProductId": "93786"}, "isFoil": false, "isReprint": true, "isStarter": true, "language": "English", "layout": "normal", "legalities": {"commander": "Legal", "duel": "Legal", "legacy": "Legal", "modern": "Legal", "oathbreaker": "Legal", "pauper": "Legal", "paupercommander": "Legal", "penny": "Legal", "predh": "Legal", "premodern": "Legal", "vintage": "Legal"}, "manaCost": "{2}{R}", "manaValue": 3.0, "name": "Flamewave Invoker", "number": "40", "originalText": "{7}{R}: Flamewave Invoker deals 5 damage to target player.", "originalType": "Creature — Goblin Mutant", "power": "2", "printings": ["10E", "BBD", "DD1", "DD2", "EVG", "JVC", "LGN", "PLST"], "purchaseUrls": {"tcgplayer": "https://mtgjson.com/links/83a7b753e63a7220"}, "rarity": "uncommon", "setCode": "JVC", "sourceProducts": {"nonfoil": ["981854cc-a51c-5d50-91e1-42f87a33a559"]}, "subtypes": ["Goblin", "Mutant"], "supertypes": [], "text": "{7}{R}: Flamewave Invoker deals 5 damage to target player or planeswalker.", "toughness": "2", "type": "Creature — Goblin Mutant", "types": ["Creature"], "uuid": "12420bff-ce07-5ce1-8f72-03af7df3f1ef"}, {"artist": "Matt Cavotta", "artistIds": ["2e6a0611-9411-4ba4-98e3-c0e18cbf9f83"], "availability": ["paper"], "borderColor": "black", "colorIdentity": ["R"], "colors": ["R"], "convertedManaCost": 4.0, "count": 2, "edhrecRank": 15320, "edhrecSaltiness": 0.08, "finishes": ["nonfoil"], "flavorText": "Baby dragons can't figure out humans—if they didn't want to be killed, why were they made of meat and treasure?", "foreignData": [], "frameVersion": "2015", "hasFoil": false, "hasNonFoil": true, "identifiers": {"cardsphereId": "14268", "mcmId": "269991", "mtgjsonV4Id": "4b97d9b6-79d3-5f05-a1fa-f830c5c80d1b", "multiverseId": "393840", "scryfallCardBackId": "0aeebaf5-8c7d-4636-9e82-8c27447861f7", "scryfallId": "b4b6a111-90fe-492a-8548-d7749d60e30e", "scryfallIllustrationId": "f9a19619-afe2-41ba-88f3-3106859fdb2e", "scryfallOracleId": "8422f1e0-00ca-4ffb-a6b2-e2c9f96d7f23", "tcgplayerProductId": "93788"}, "isFoil": false, "isReprint": true, "isStarter": true, "keywords": ["Flying"], "language": "English", "layout": "normal", "legalities": {"brawl": "Legal", "commander": "Legal", "duel": "Legal", "explorer": "Legal", "gladiator": "Legal", "historic": "Legal", "legacy": "Legal", "modern": "Legal", "oathbreaker": "Legal", "pauper": "Legal", "paupercommander": "Legal", "penny": "Legal", "pioneer": "Legal", "predh": "Legal", "timeless": "Legal", "vintage": "Legal"}, "manaCost": "{2}{R}{R}", "manaValue": 4.0, "name": "Furnace Whelp", "number": "43", "originalText": "Flying\n{R}: Furnace Whelp gets +1/+0 until end of turn.", "originalType": "Creature — Dragon", "power": "2", "printings": ["10E", "5DN", "ARC", "CMA", "CMD", "DD2", "GN3", "IMA", "J22", "JMP", "JVC", "M13", "M15", "PLST", "PS11", "SCD"], "purchaseUrls": {"tcgplayer": "https://mtgjson.com/links/4d452a86f2fc9f98"}, "rarity": "uncommon", "setCode": "JVC", "sourceProducts": {"nonfoil": ["981854cc-a51c-5d50-91e1-42f87a33a559"]}, "subtypes": ["Dragon"], "supertypes": [], "text": "Flying\n{R}: Furnace Whelp gets +1/+0 until end of turn.", "toughness": "2", "type": "Creature — Dragon", "types": ["Creature"], "uuid": "d294b539-71a4-5f2f-b643-797ad5c415a1"}, {"artist": "Omar Rayyan", "artistIds": ["256b61a2-b9af-4ff5-b485-47a61818f818"], "availability": ["paper"], "borderColor": "black", "colorIdentity": ["R"], "colors": ["R"], "convertedManaCost": 6.0, "count": 1, "edhrecRank": 17006, "edhrecSaltiness": 0.12, "finishes": ["nonfoil"], "foreignData": [], "frameVersion": "2015", "hasFoil": false, "hasNonFoil": true, "identifiers": {"cardsphereId": "14291", "mcmId": "270014", "mtgjsonV4Id": "8a3fbb37-8fa5-58cc-b316-d274b4a322d7", "multiverseId": "393843", "scryfallCardBackId": "0aeebaf5-8c7d-4636-9e82-8c27447861f7", "scryfallId": "f065797a-2aef-4753-a3a1-058807c138f0", "scryfallIllustrationId": "8096ae04-f429-4ba3-bb5d-3bf9f8dafc46", "scryfallOracleId": "be16e9d8-aa73-448b-919c-7d02e2e15911", "tcgplayerProductId": "93791"}, "isFoil": false, "isReprint": true, "isStarter": true, "keywords": ["Haste"], "language": "English", "layout": "normal", "legalities": {"commander": "Legal", "duel": "Legal", "legacy": "Legal", "modern": "Legal", "oathbreaker": "Legal", "penny": "Legal", "predh": "Legal", "vintage": "Legal"}, "manaCost": "{3}{R}{R}{R}", "manaValue": 6.0, "name": "Hostility", "number": "48", "originalText": "Haste\nIf a spell you control would deal damage to an opponent, prevent that damage. Put a 3/1 red Elemental Shaman creature token with haste onto the battlefield for each 1 damage prevented this way.\nWhen Hostility is put into a graveyard from anywhere, shuffle it into its owner's library.", "originalType": "Creature — Elemental Incarnation", "power": "6", "printings": ["C15", "CM2", "DD2", "JVC", "LRW"], "purchaseUrls": {"tcgplayer": "https://mtgjson.com/links/a62bf864b4575904"}, "rarity": "rare", "rulings": [{"date": "2007-10-01", "text": "Although this ability triggers when the Incarnation is put into a graveyard from the battlefield, it doesn’t *specifically* trigger on leaving the battlefield, so it doesn’t behave like other leaves-the-battlefield abilities. The ability will trigger from the graveyard."}, {"date": "2007-10-01", "text": "If the Incarnation had lost this ability while on the battlefield (due to Lignify, for example) and then was destroyed, the ability would still trigger and it would get shuffled into its owner’s library. However, if the Incarnation lost this ability when it was put into the graveyard (due to Yixlid Jailer, for example), the ability wouldn’t trigger and the Incarnation would remain in the graveyard."}, {"date": "2007-10-01", "text": "If the Incarnation is removed from the graveyard after the ability triggers but before it resolves, it will remain in its new zone when its owner shuffles their library. Similarly, if a replacement effect has the Incarnation move to a different zone instead of being put into the graveyard, the ability won’t trigger at all."}, {"date": "2007-10-01", "text": "The last ability triggers when the Incarnation is put into its owner’s graveyard from any zone, not just from on the battlefield."}], "securityStamp": "oval", "setCode": "JVC", "sourceProducts": {"nonfoil": ["981854cc-a51c-5d50-91e1-42f87a33a559"]}, "subtypes": ["Elemental", "Incarnation"], "supertypes": [], "text": "Haste\nIf a spell you control would deal damage to an opponent, prevent that damage. Create a 3/1 red Elemental Shaman creature token with haste for each 1 damage prevented this way.\nWhen Hostility is put into a graveyard from anywhere, shuffle it into its owner's library.", "toughness": "6", "type": "Creature — Elemental Incarnation", "types": ["Creature"], "uuid": "5c968b0a-9b67-580c-89ac-a4e887062b28"}, {"artist": "Kev Walker", "artistIds": ["f366a0ee-a0cd-466d-ba6a-90058c7a31a6"], "availability": ["paper"], "borderColor": "black", "colorIdentity": ["R"], "colors": ["R"], "convertedManaCost": 5.0, "count": 1, "edhrecRank": 5895, "edhrecSaltiness": 0.08, "finishes": ["nonfoil"], "flavorText": "Elementals are ideas given form. This one is the idea of \"smashitude.\"", "foreignData": [], "frameVersion": "2015", "hasFoil": false, "hasNonFoil": true, "identifiers": {"cardsphereId": "14299", "mcmId": "270022", "mtgjsonV4Id": "e0274607-83b2-505a-9675-be332c6b3917", "multiverseId": "393845", "scryfallCardBackId": "0aeebaf5-8c7d-4636-9e82-8c27447861f7", "scryfallId": "7130e801-f66c-4c65-8a53-985738c55192", "scryfallIllustrationId": "123d778c-a30a-480d-b67c-3398700006cc", "scryfallOracleId": "127795e6-3f0e-4318-95ad-ccb1912580ac", "tcgplayerProductId": "93793"}, "isFoil": false, "isReprint": true, "isStarter": true, "keywords": ["Evoke"], "language": "English", "layout": "normal", "legalities": {"commander": "Legal", "duel": "Legal", "legacy": "Legal", "modern": "Legal", "oathbreaker": "Legal", "pauper": "Legal", "paupercommander": "Legal", "predh": "Legal", "vintage": "Legal"}, "manaCost": "{4}{R}", "manaValue": 5.0, "name": "Ingot Chewer", "number": "45", "originalText": "When Ingot Chewer enters the battlefield, destroy target artifact.\nEvoke {R} (You may cast this spell for its evoke cost. If you do, it's sacrificed when it enters the battlefield.)", "originalType": "Creature — Elemental", "power": "3", "printings": ["C14", "CM2", "DD2", "JVC", "LRW", "PLST", "UMA"], "purchaseUrls": {"tcgplayer": "https://mtgjson.com/links/322bdd1ef5e02182"}, "rarity": "common", "rulings": [{"date": "2013-04-15", "text": "If you cast this card for its evoke cost, you may put the sacrifice trigger and the regular enters-the-battlefield trigger on the stack in either order. The one put on the stack last will resolve first."}], "setCode": "JVC", "sourceProducts": {"nonfoil": ["981854cc-a51c-5d50-91e1-42f87a33a559"]}, "subtypes": ["Elemental"], "supertypes": [], "text": "When Ingot Chewer enters, destroy target artifact.\nEvoke {R} (You may cast this spell for its evoke cost. If you do, it's sacrificed when it enters.)", "toughness": "3", "type": "Creature — Elemental", "types": ["Creature"], "uuid": "2d5f9553-2bc9-5261-8079-3e42157496f6"}, {"artist": "Ron Spears", "artistIds": ["fce9030b-86bd-4439-b06a-920a1eeb184c"], "availability": ["paper"], "borderColor": "black", "colorIdentity": ["R"], "colors": ["R"], "convertedManaCost": 3.0, "count": 2, "edhrecRank": 21851, "edhrecSaltiness": 0.17, "finishes": ["nonfoil"], "foreignData": [], "frameVersion": "2015", "hasFoil": false, "hasNonFoil": true, "identifiers": {"cardsphereId": "14300", "mcmId": "270023", "mtgjsonV4Id": "55e74a65-f97e-5e6a-afa4-3b207567c937", "multiverseId": "393846", "scryfallCardBackId": "0aeebaf5-8c7d-4636-9e82-8c27447861f7", "scryfallId": "70ec84e5-2a49-4738-9594-f51c76387d33", "scryfallIllustrationId": "66097acf-2a90-4ed0-a990-fdf5c9eb28e9", "scryfallOracleId": "699812af-4dba-49dc-987d-67e472a68971", "tcgplayerProductId": "93794"}, "isFoil": false, "isReprint": true, "isStarter": true, "keywords": ["Evoke"], "language": "English", "layout": "normal", "legalities": {"commander": "Legal", "duel": "Legal", "legacy": "Legal", "modern": "Legal", "oathbreaker": "Legal", "pauper": "Legal", "paupercommander": "Legal", "penny": "Legal", "predh": "Legal", "vintage": "Legal"}, "manaCost": "{1}{R}{R}", "manaValue": 3.0, "name": "Inner-Flame Acolyte", "number": "41", "originalText": "When Inner-Flame Acolyte enters the battlefield, target creature gets +2/+0 and gains haste until end of turn.\nEvoke {R} (You may cast this spell for its evoke cost. If you do, it's sacrificed when it enters the battlefield.)", "originalType": "Creature — Elemental Shaman", "power": "2", "printings": ["DD2", "JVC", "LRW"], "purchaseUrls": {"tcgplayer": "https://mtgjson.com/links/612f43cb70ebb728"}, "rarity": "common", "rulings": [{"date": "2013-04-15", "text": "If you cast this card for its evoke cost, you may put the sacrifice trigger and the regular enters-the-battlefield trigger on the stack in either order. The one put on the stack last will resolve first."}], "setCode": "JVC", "sourceProducts": {"nonfoil": ["981854cc-a51c-5d50-91e1-42f87a33a559"]}, "subtypes": ["Elemental", "Shaman"], "supertypes": [], "text": "When Inner-Flame Acolyte enters, target creature gets +2/+0 and gains haste until end of turn.\nEvoke {R} (You may cast this spell for its evoke cost. If you do, it's sacrificed when it enters.)", "toughness": "2", "type": "Creature — Elemental Shaman", "types": ["Creature"], "uuid": "9c60fa50-64f4-56c7-adae-c0153dc0b1f6"}, {"artist": "Greg Staples", "artistIds": ["93d65564-bf00-447b-8406-e2031f03b6b1"], "availability": ["paper"], "borderColor": "black", "colorIdentity": [], "colors": [], "convertedManaCost": 6.0, "count": 2, "edhrecRank": 15230, "finishes": ["nonfoil"], "flavorText": "The longer it patrols the smoldering crags of the Oxidda Chain, the more it adopts their fiery temper.", "foreignData": [], "frameVersion": "2015", "hasFoil": false, "hasNonFoil": true, "identifiers": {"cardsphereId": "14342", "mcmId": "270066", "mtgjsonV4Id": "a838f5bf-3265-55c6-ba5d-5ca83c1599fb", "multiverseId": "393863", "scryfallCardBackId": "0aeebaf5-8c7d-4636-9e82-8c27447861f7", "scryfallId": "3a5994a9-dc0c-486d-a622-0e2a68699073", "scryfallIllustrationId": "67e0f871-ad57-4982-887c-1bfc7e95e86f", "scryfallOracleId": "9c51d843-d155-44ed-ab1f-dfa2ff848f53", "tcgplayerProductId": "93805"}, "isFoil": false, "isReprint": true, "isStarter": true, "keywords": ["Affinity", "Haste"], "language": "English", "layout": "normal", "legalities": {"commander": "Legal", "duel": "Legal", "legacy": "Legal", "modern": "Legal", "oathbreaker": "Legal", "pauper": "Legal", "paupercommander": "Legal", "penny": "Legal", "predh": "Legal", "vintage": "Legal"}, "manaCost": "{6}", "manaValue": 6.0, "name": "Oxidda Golem", "number": "46", "originalText": "Affinity for Mountains (This spell costs {1} less to cast for each Mountain you control.)\nHaste", "originalType": "Artifact Creature — Golem", "power": "3", "printings": ["DD2", "DST", "JVC"], "purchaseUrls": {"tcgplayer": "https://mtgjson.com/links/8814ed44febbe441"}, "rarity": "common", "setCode": "JVC", "sourceProducts": {"nonfoil": ["981854cc-a51c-5d50-91e1-42f87a33a559"]}, "subtypes": ["Golem"], "supertypes": [], "text": "Affinity for Mountains (This spell costs {1} less to cast for each Mountain you control.)\nHaste", "toughness": "2", "type": "Artifact Creature — Golem", "types": ["Artifact", "Creature"], "uuid": "28c253b6-a9c7-5fbf-8e62-6ba323f8e84a"}, {"artist": "Mark Zug", "artistIds": ["48e2b98c-5467-4671-bd42-4c3746115117"], "availability": ["paper"], "borderColor": "black", "colorIdentity": ["R"], "colors": ["R"], "convertedManaCost": 2.0, "count": 1, "edhrecRank": 25635, "edhrecSaltiness": 0.17, "finishes": ["nonfoil"], "flavorText": "His blade was forged over coals of moaning treefolk, curved at the optimum angle for severing heads, and heated to volcanic temperatures by his touch.", "foreignData": [], "frameVersion": "2015", "hasFoil": false, "hasNonFoil": true, "identifiers": {"cardsphereId": "14352", "mcmId": "270076", "mtgjsonV4Id": "e77a1699-8c74-5c4f-b91d-786b2c4a1536", "multiverseId": "393864", "scryfallCardBackId": "0aeebaf5-8c7d-4636-9e82-8c27447861f7", "scryfallId": "4998ac4f-b461-4ab8-9680-81c396df371a", "scryfallIllustrationId": "e3da6d16-70a6-4889-901c-42340c9eb037", "scryfallOracleId": "50bc464e-1c8d-455c-a870-ddbbc4618343", "tcgplayerProductId": "93806"}, "isFoil": false, "isReprint": true, "isStarter": true, "keywords": ["Haste"], "language": "English", "layout": "normal", "legalities": {"commander": "Legal", "duel": "Legal", "legacy": "Legal", "modern": "Legal", "oathbreaker": "Legal", "paupercommander": "Restricted", "penny": "Legal", "predh": "Legal", "vintage": "Legal"}, "manaCost": "{R}{R}", "manaValue": 2.0, "name": "Pyre Charger", "number": "38", "originalText": "Haste\n{R}: Pyre Charger gets +1/+0 until end of turn.", "originalType": "Creature — Elemental Warrior", "power": "1", "printings": ["DD2", "JVC", "SHM"], "purchaseUrls": {"tcgplayer": "https://mtgjson.com/links/3c20e32f88f1b8d0"}, "rarity": "uncommon", "setCode": "JVC", "sourceProducts": {"nonfoil": ["981854cc-a51c-5d50-91e1-42f87a33a559"]}, "subtypes": ["Elemental", "Warrior"], "supertypes": [], "text": "Haste\n{R}: Pyre Charger gets +1/+0 until end of turn.", "toughness": "1", "type": "Creature — Elemental Warrior", "types": ["Creature"], "uuid": "d98bbe13-6ca7-5c16-9c5b-360dbd5b762c"}, {"artist": "Kev Walker", "artistIds": ["f366a0ee-a0cd-466d-ba6a-90058c7a31a6"], "availability": ["paper"], "borderColor": "black", "colorIdentity": ["R"], "colors": ["R"], "convertedManaCost": 4.0, "count": 1, "edhrecRank": 19506, "finishes": ["nonfoil"], "foreignData": [], "frameVersion": "2015", "hasFoil": false, "hasNonFoil": true, "identifiers": {"cardsphereId": "14355", "mcmId": "270079", "mtgjsonV4Id": "c7a85b21-5448-5113-afb5-b01c706d99f0", "multiverseId": "393866", "scryfallCardBackId": "0aeebaf5-8c7d-4636-9e82-8c27447861f7", "scryfallId": "bff6c92f-e7c5-43d2-999c-d48b1ad2492a", "scryfallIllustrationId": "4a526291-9f4c-4448-85c3-8849dd51b5d8", "scryfallOracleId": "63dd611e-1c36-4e5d-ba45-87c7f629cd54", "tcgplayerProductId": "93808"}, "isFoil": false, "isReprint": true, "isStarter": true, "keywords": ["Hellbent"], "language": "English", "layout": "normal", "legalities": {"commander": "Legal", "duel": "Legal", "legacy": "Legal", "modern": "Legal", "oathbreaker": "Legal", "paupercommander": "Restricted", "penny": "Legal", "predh": "Legal", "vintage": "Legal"}, "manaCost": "{2}{R}{R}", "manaValue": 4.0, "name": "Rakdos Pit Dragon", "number": "44", "originalText": "{R}{R}: Rakdos Pit Dragon gains flying until end of turn.\n{R}: Rakdos Pit Dragon gets +1/+0 until end of turn.\nHellbent — Rakdos Pit Dragon has double strike as long as you have no cards in hand.", "originalType": "Creature — Dragon", "power": "3", "printings": ["DD2", "DIS", "GK2", "JVC", "RVR"], "purchaseUrls": {"tcgplayer": "https://mtgjson.com/links/ce8febfc55f2d688"}, "rarity": "rare", "rulings": [{"date": "2006-05-01", "text": "If Rakdos Pit Dragon loses double strike after first strike combat damage has been dealt, it won’t deal damage during the normal combat damage step."}], "securityStamp": "oval", "setCode": "JVC", "sourceProducts": {"nonfoil": ["981854cc-a51c-5d50-91e1-42f87a33a559"]}, "subtypes": ["Dragon"], "supertypes": [], "text": "{R}{R}: Rakdos Pit Dragon gains flying until end of turn.\n{R}: Rakdos Pit Dragon gets +1/+0 until end of turn.\nHellbent — Rakdos Pit Dragon has double strike as long as you have no cards in hand.", "toughness": "3", "type": "Creature — Dragon", "types": ["Creature"], "uuid": "a3eaecf9-3ea4-5570-b8ce-8f48b4b669bb"}, {"artist": "Justin Sweet", "artistIds": ["bb15780e-8f96-4823-b258-a7a9fd79b02c"], "availability": ["paper"], "borderColor": "black", "colorIdentity": ["R"], "colors": ["R"], "convertedManaCost": 2.0, "count": 2, "edhrecRank": 23610, "edhrecSaltiness": 0.06, "finishes": ["nonfoil"], "flavorText": "The slith incubate in the Great Furnace's heat, emerging on Mirrodin's surface only when the four suns have aligned overhead.", "foreignData": [], "frameVersion": "2015", "hasFoil": false, "hasNonFoil": true, "identifiers": {"cardsphereId": "14383", "mcmId": "270107", "mtgjsonV4Id": "a8fd50b9-5ffd-5cb6-aa6a-4689bbf373a8", "multiverseId": "393870", "scryfallCardBackId": "0aeebaf5-8c7d-4636-9e82-8c27447861f7", "scryfallId": "9ee6c9a1-5e3c-4a3e-8f48-7054c1626bb1", "scryfallIllustrationId": "a0d1b033-43ee-45b1-a3da-2809d8b68002", "scryfallOracleId": "ea1af948-686d-4b40-ad4e-cb48a0258269", "tcgplayerProductId": "93812"}, "isFoil": false, "isReprint": true, "isStarter": true, "keywords": ["Haste"], "language": "English", "layout": "normal", "legalities": {"commander": "Legal", "duel": "Legal", "legacy": "Legal", "modern": "Legal", "oathbreaker": "Legal", "paupercommander": "Restricted", "predh": "Legal", "vintage": "Legal"}, "manaCost": "{R}{R}", "manaValue": 2.0, "name": "Slith Firewalker", "number": "39", "originalText": "Haste\nWhenever Slith Firewalker deals combat damage to a player, put a +1/+1 counter on it.", "originalType": "Creature — Slith", "power": "1", "printings": ["DD2", "JVC", "MRD", "PJJT", "PJSE", "PRM", "PSUS"], "purchaseUrls": {"tcgplayer": "https://mtgjson.com/links/18dd297bc9d3a410"}, "rarity": "uncommon", "setCode": "JVC", "sourceProducts": {"nonfoil": ["981854cc-a51c-5d50-91e1-42f87a33a559"]}, "subtypes": ["Slith"], "supertypes": [], "text": "Haste\nWhenever Slith Firewalker deals combat damage to a player, put a +1/+1 counter on it.", "toughness": "1", "type": "Creature — Slith", "types": ["Creature"], "uuid": "17173374-7a97-5ce2-aa32-05db2a26305c"}, {"artist": "Kev Walker", "artistIds": ["f366a0ee-a0cd-466d-ba6a-90058c7a31a6"], "availability": ["paper"], "borderColor": "black", "colorIdentity": ["R"], "colors": ["R"], "convertedManaCost": 2.0, "count": 2, "edhrecRank": 6509, "edhrecSaltiness": 0.46, "finishes": ["nonfoil"], "flavorText": "When provoked, a flamekin's inner fire burns far hotter than any giant's forge.", "foreignData": [], "frameVersion": "2015", "hasFoil": false, "hasNonFoil": true, "identifiers": {"cardsphereId": "14386", "mcmId": "270110", "mtgjsonV4Id": "7c099858-0f71-5941-9af2-f8cae9455fea", "multiverseId": "393871", "scryfallCardBackId": "0aeebaf5-8c7d-4636-9e82-8c27447861f7", "scryfallId": "118c1dfc-0551-4320-8fa6-f75c0afd9931", "scryfallIllustrationId": "3790be9e-b3c9-486e-a2ed-a7313bd97018", "scryfallOracleId": "7ea8426a-3b66-4fd0-9863-2b68d379671f", "tcgplayerProductId": "93813"}, "isFoil": false, "isReprint": true, "isStarter": true, "language": "English", "layout": "normal", "legalities": {"commander": "Legal", "duel": "Legal", "legacy": "Legal", "modern": "Legal", "oathbreaker": "Legal", "pauper": "Legal", "paupercommander": "Legal", "penny": "Legal", "predh": "Legal", "vintage": "Legal"}, "manaCost": "{1}{R}", "manaValue": 2.0, "name": "Soulbright Flamekin", "number": "37", "originalText": "{2}: Target creature gains trample until end of turn. If this is the third time this ability has resolved this turn, you may add {R}{R}{R}{R}{R}{R}{R}{R} to your mana pool.", "originalType": "Creature — Elemental Shaman", "power": "2", "printings": ["A25", "DD2", "JVC", "LRW", "MM2"], "purchaseUrls": {"tcgplayer": "https://mtgjson.com/links/a13a0cf633eb73c1"}, "rarity": "common", "rulings": [{"date": "2018-03-16", "text": "Soulbright Flamekin's ability uses the stack and can be responded to. Because it has a target, it's not a mana ability, even if you know that it will produce mana."}, {"date": "2018-03-16", "text": "When Soulbright Flamekin's ability resolves, it counts the number of times that same ability from that same creature has already resolved that turn. A copy of this ability (created by Rings of Brighthearth, for example) will count toward the total. Abilities from other creatures with the same name don't count towards the total. Neither does an ability that didn't resolve because its target was illegal."}, {"date": "2018-03-16", "text": "You add eight red mana only the third time Soulbright Flamekin's ability resolves in a turn. You won't get the bonus the fourth, fifth, sixth, or any subsequent times in that same turn."}], "setCode": "JVC", "sourceProducts": {"nonfoil": ["981854cc-a51c-5d50-91e1-42f87a33a559"]}, "subtypes": ["Elemental", "Shaman"], "supertypes": [], "text": "{2}: Target creature gains trample until end of turn. If this is the third time this ability has resolved this turn, you may add {R}{R}{R}{R}{R}{R}{R}{R}.", "toughness": "1", "type": "Creature — Elemental Shaman", "types": ["Creature"], "uuid": "f113a027-2a04-54c3-9b4a-0508b3fc61f0"}, {"artist": "Chippy", "artistIds": ["a36f01a0-e51a-48b2-a556-b9b3bc73f969"], "availability": ["paper"], "borderColor": "black", "colorIdentity": ["R"], "colors": ["R"], "convertedManaCost": 5.0, "count": 1, "edhrecRank": 20107, "edhrecSaltiness": 0.08, "finishes": ["nonfoil"], "foreignData": [], "frameVersion": "2015", "hasFoil": false, "hasNonFoil": true, "identifiers": {"cardsphereId": "14211", "mcmId": "269934", "mtgjsonV4Id": "2c4d0dd7-8ba5-5a1f-b769-213ecadff105", "multiverseId": "393824", "scryfallCardBackId": "0aeebaf5-8c7d-4636-9e82-8c27447861f7", "scryfallId": "b0174452-08c3-4095-9dee-46736cc9a7c5", "scryfallIllustrationId": "74fe0162-9c70-4c85-819c-3822e5b5ddb2", "scryfallOracleId": "62879f3d-ed6d-4004-8196-f3fd7f614695", "tcgplayerProductId": "93771"}, "isFoil": false, "isReprint": true, "isStarter": true, "language": "English", "layout": "normal", "legalities": {"commander": "Legal", "duel": "Legal", "legacy": "Legal", "modern": "Legal", "oathbreaker": "Legal", "penny": "Legal", "pioneer": "Legal", "predh": "Legal", "premodern": "Legal", "vintage": "Legal"}, "manaCost": "{3}{R}{R}", "manaValue": 5.0, "name": "Cone of Flame", "number": "54", "originalText": "Cone of Flame deals 1 damage to target creature or player, 2 damage to another target creature or player, and 3 damage to a third target creature or player.", "originalType": "Sorcery", "printings": ["10E", "DD2", "DDG", "HOP", "J22", "JVC", "M15", "PLST", "W16", "WTH"], "purchaseUrls": {"tcgplayer": "https://mtgjson.com/links/277a07925379b8b1"}, "rarity": "uncommon", "rulings": [{"date": "2014-07-18", "text": "Each of the three targets must be different. If there aren’t three different legal targets available, you can’t cast the spell."}, {"date": "2014-07-18", "text": "If one or two of Cone of Flame’s targets are illegal when it resolves, you can’t change how much damage will be dealt to the remaining legal targets."}], "setCode": "JVC", "sourceProducts": {"nonfoil": ["981854cc-a51c-5d50-91e1-42f87a33a559"]}, "subtypes": [], "supertypes": [], "text": "Cone of Flame deals 1 damage to any target, 2 damage to another target, and 3 damage to a third target.", "type": "Sorcery", "types": ["Sorcery"], "uuid": "d903c6fb-1801-5029-b590-bfe67b8f7f11"}, {"artist": "Greg Staples", "artistIds": ["93d65564-bf00-447b-8406-e2031f03b6b1"], "availability": ["paper"], "borderColor": "black", "colorIdentity": ["R"], "colors": ["R"], "convertedManaCost": 1.0, "count": 1, "edhrecRank": 13415, "edhrecSaltiness": 0.21, "finishes": ["nonfoil"], "foreignData": [], "frameVersion": "2015", "hasFoil": false, "hasNonFoil": true, "identifiers": {"cardsphereId": "14225", "mcmId": "269948", "mtgjsonV4Id": "f71ab2ce-ddd9-5ad0-95d2-784921b738d8", "multiverseId": "393827", "scryfallCardBackId": "0aeebaf5-8c7d-4636-9e82-8c27447861f7", "scryfallId": "4de10b65-2079-46a4-9966-fdb30359810a", "scryfallIllustrationId": "15adadb2-29ff-4393-b647-ee234697e94b", "scryfallOracleId": "314a5c76-1a68-433b-a383-1834400254a8", "tcgplayerProductId": "93774"}, "isFoil": false, "isReprint": true, "isStarter": true, "keywords": ["Hellbent"], "language": "English", "layout": "normal", "legalities": {"commander": "Legal", "duel": "Legal", "legacy": "Legal", "modern": "Legal", "oathbreaker": "Legal", "penny": "Legal", "predh": "Legal", "vintage": "Legal"}, "manaCost": "{X}{R}", "manaValue": 1.0, "name": "Demonfire", "number": "57", "originalText": "Demonfire deals X damage to target creature or player. If a creature dealt damage this way would die this turn, exile it instead.\nHellbent — If you have no cards in hand, Demonfire can't be countered by spells or abilities and the damage can't be prevented.", "originalType": "Sorcery", "printings": ["DD2", "DIS", "GK2", "JVC", "RVR"], "purchaseUrls": {"tcgplayer": "https://mtgjson.com/links/66bb58c713cc2b26"}, "rarity": "rare", "securityStamp": "oval", "setCode": "JVC", "sourceProducts": {"nonfoil": ["981854cc-a51c-5d50-91e1-42f87a33a559"]}, "subtypes": [], "supertypes": [], "text": "Demonfire deals X damage to any target. If a creature dealt damage this way would die this turn, exile it instead.\nHellbent — If you have no cards in hand, this spell can't be countered and the damage can't be prevented.", "type": "Sorcery", "types": ["Sorcery"], "uuid": "24941eec-0d1b-5f11-8350-515d1028ff91"}, {"artist": "Dave Dorman", "artistIds": ["9235458b-ce92-45bd-a430-a72ecd8e6176"], "availability": ["paper"], "borderColor": "black", "colorIdentity": ["R"], "colors": ["R"], "convertedManaCost": 1.0, "count": 2, "edhrecRank": 3683, "edhrecSaltiness": 0.14, "finishes": ["nonfoil"], "flavorText": "The spell fell upon the crowd like a dragon, ancient and full of death.", "foreignData": [], "frameVersion": "2015", "hasFoil": false, "hasNonFoil": true, "identifiers": {"cardsphereId": "14247", "mcmId": "269970", "mtgjsonV4Id": "5f346e71-0bb0-52ad-9b5b-25300585b95e", "multiverseId": "393831", "scryfallCardBackId": "0aeebaf5-8c7d-4636-9e82-8c27447861f7", "scryfallId": "dcbdc3be-f187-4fb2-9506-06d5abc37785", "scryfallIllustrationId": "bae72844-d1ea-457b-aa1a-195193f1436d", "scryfallOracleId": "aa7714b0-2bfb-458a-8ebf-37ec2c53383e", "tcgplayerProductId": "93779"}, "isFoil": false, "isReprint": true, "isStarter": true, "language": "English", "layout": "normal", "legalities": {"commander": "Legal", "duel": "Legal", "legacy": "Legal", "modern": "Legal", "oathbreaker": "Legal", "pauper": "Legal", "paupercommander": "Legal", "penny": "Legal", "predh": "Legal", "premodern": "Legal", "vintage": "Legal"}, "manaCost": "{X}{R}", "manaValue": 1.0, "name": "Fireball", "number": "56", "originalText": "Fireball deals X damage divided evenly, rounded down, among any number of target creatures and/or players.\nFireball costs {1} more to cast for each target beyond the first.", "originalType": "Sorcery", "printings": ["2ED", "30A", "3ED", "4BB", "4ED", "5ED", "ARC", "ATH", "BTD", "C13", "CED", "CEI", "CLB", "DD2", "DST", "FBB", "IMA", "ITP", "JVC", "LEA", "LEB", "M10", "M11", "M12", "ME4", "OLEP", "P05", "PARL", "PD2", "PLST", "PMEI", "PRM", "PTC", "RQS", "SUM", "WC04"], "purchaseUrls": {"tcgplayer": "https://mtgjson.com/links/85c15143709c56a8"}, "rarity": "uncommon", "rulings": [{"date": "2017-11-17", "text": "Fireball's damage is divided as Fireball resolves, not as it's cast, because there are no choices involved. The division involves only targets that are still legal as Fireball resolves."}, {"date": "2017-11-17", "text": "For example, if X is 5 and you choose three target creatures, Fireball has a total cost of {7}{R} (even though its mana cost is just {5}{R} and its mana value is 6). If those creatures are all still legal targets as Fireball resolves, it deals 1 damage to each of them."}, {"date": "2017-11-17", "text": "You can target more than X creatures. However, if the number of legal targets at the time Fireball resolves is greater than X, none of them will be dealt any damage."}, {"date": "2017-11-17", "text": "You may cast Fireball with zero targets, regardless of the value chosen for X. If you do so, it will not be a targeted spell, and no damage will actually be dealt when it resolves."}], "setCode": "JVC", "sourceProducts": {"nonfoil": ["981854cc-a51c-5d50-91e1-42f87a33a559"]}, "subtypes": [], "supertypes": [], "text": "This spell costs {1} more to cast for each target beyond the first.\nFireball deals X damage divided evenly, rounded down, among any number of targets.", "type": "Sorcery", "types": ["Sorcery"], "uuid": "63e242a2-3392-5ddc-ac09-b5921b40e393"}, {"artist": "Ron Spencer", "artistIds": ["dab52c11-0564-4207-a4a1-c1735c946a65"], "availability": ["paper"], "borderColor": "black", "colorIdentity": ["R"], "colors": ["R"], "convertedManaCost": 1.0, "count": 2, "edhrecRank": 13413, "edhrecSaltiness": 0.18, "finishes": ["nonfoil"], "flavorText": "Reach out and torch someone.", "foreignData": [], "frameVersion": "2015", "hasFoil": false, "hasNonFoil": true, "identifiers": {"cardsphereId": "14249", "mcmId": "269972", "mtgjsonV4Id": "d4a475fb-ae79-5135-9693-b413d6d58ba2", "multiverseId": "393833", "scryfallCardBackId": "0aeebaf5-8c7d-4636-9e82-8c27447861f7", "scryfallId": "5ea4db47-77ae-4362-83f2-4bf5e205a1b7", "scryfallIllustrationId": "d6ad6bdd-9fd2-46c8-86d8-2d6af455aa1a", "scryfallOracleId": "7aa31280-12c3-479d-a6dd-f1c669043083", "tcgplayerProductId": "93781"}, "isFoil": false, "isReprint": true, "isStarter": true, "keywords": ["Flashback"], "language": "English", "layout": "normal", "legalities": {"commander": "Legal", "duel": "Legal", "legacy": "Legal", "modern": "Legal", "oathbreaker": "Legal", "pauper": "Legal", "paupercommander": "Legal", "predh": "Legal", "premodern": "Legal", "vintage": "Legal"}, "manaCost": "{R}", "manaValue": 1.0, "name": "Firebolt", "number": "49", "originalText": "Firebolt deals 2 damage to target creature or player.\nFlashback {4}{R} (You may cast this card from your graveyard for its flashback cost. Then exile it.)", "originalType": "Sorcery", "printings": ["DD2", "DDS", "EMA", "F07", "J22", "JVC", "MH1", "ODY", "PLST", "PRM"], "purchaseUrls": {"tcgplayer": "https://mtgjson.com/links/20ec2d800686cf8a"}, "rarity": "common", "rulings": [{"date": "2021-03-19", "text": "A spell cast using flashback will always be exiled afterward, whether it resolves, is countered, or leaves the stack in some other way."}, {"date": "2021-03-19", "text": "If a card with flashback is put into your graveyard during your turn, you can cast it if it’s legal to do so before any other player can take any actions."}, {"date": "2021-03-19", "text": "To determine the total cost of a spell, start with the mana cost or alternative cost (such as a flashback cost) you’re paying, add any cost increases, then apply any cost reductions. The mana value of the spell is determined only by its mana cost, no matter what the total cost to cast the spell was."}, {"date": "2021-03-19", "text": "You can cast a spell using flashback even if it was somehow put into your graveyard without having been cast."}, {"date": "2021-03-19", "text": "You must still follow any timing restrictions and permissions, including those based on the card’s type. For instance, you can cast a sorcery using flashback only when you could normally cast a sorcery."}, {"date": "2021-03-19", "text": "“Flashback [cost]” means “You may cast this card from your graveyard by paying [cost] rather than paying its mana cost” and “If the flashback cost was paid, exile this card instead of putting it anywhere else any time it would leave the stack.”"}], "setCode": "JVC", "sourceProducts": {"nonfoil": ["981854cc-a51c-5d50-91e1-42f87a33a559"]}, "subtypes": [], "supertypes": [], "text": "Firebolt deals 2 damage to any target.\nFlashback {4}{R} (You may cast this card from your graveyard for its flashback cost. Then exile it.)", "type": "Sorcery", "types": ["Sorcery"], "uuid": "c42846dc-d1f7-5b9e-b0bb-143c4f949134"}, {"artist": "Michael Danza", "artistIds": ["e4a116a8-650e-4dba-bd2c-e94f2abc17ef"], "availability": ["paper"], "borderColor": "black", "colorIdentity": ["R"], "colors": ["R"], "convertedManaCost": 6.0, "count": 2, "edhrecRank": 14281, "edhrecSaltiness": 0.2, "finishes": ["nonfoil"], "flavorText": "Embermages aren't well known for their diplomatic skills.", "foreignData": [], "frameVersion": "2015", "hasFoil": false, "hasNonFoil": true, "identifiers": {"cardsphereId": "14248", "mcmId": "269971", "mtgjsonV4Id": "2b60d267-3120-5bbe-8df6-4ab6c4666d9e", "multiverseId": "393832", "scryfallCardBackId": "0aeebaf5-8c7d-4636-9e82-8c27447861f7", "scryfallId": "51e839d8-2c62-46df-a6ca-3964f43b7e54", "scryfallIllustrationId": "f001571b-d24f-4ac1-8a1a-8182584e19f6", "scryfallOracleId": "9dd7f27a-e862-47d7-9158-034cf4d353b8", "tcgplayerProductId": "93780"}, "isFoil": false, "isReprint": true, "isStarter": true, "language": "English", "layout": "normal", "legalities": {"commander": "Legal", "duel": "Legal", "legacy": "Legal", "oathbreaker": "Legal", "pauper": "Legal", "paupercommander": "Legal", "predh": "Legal", "premodern": "Legal", "vintage": "Legal"}, "manaCost": "{4}{R}{R}", "manaValue": 6.0, "name": "Fireblast", "number": "55", "originalText": "You may sacrifice two Mountains rather than pay Fireblast's mana cost.\nFireblast deals 4 damage to target creature or player.", "originalType": "Instant", "printings": ["DD2", "DMR", "F01", "JVC", "PD2", "PLST", "PRM", "TD0", "VIS", "VMA", "WC98"], "purchaseUrls": {"tcgplayer": "https://mtgjson.com/links/684e586630ebd304"}, "rarity": "common", "setCode": "JVC", "sourceProducts": {"nonfoil": ["981854cc-a51c-5d50-91e1-42f87a33a559"]}, "subtypes": [], "supertypes": [], "text": "You may sacrifice two Mountains rather than pay this spell's mana cost.\nFireblast deals 4 damage to any target.", "type": "Instant", "types": ["Instant"], "uuid": "7b0f3e44-e61a-5048-aa4b-fdb71da3cd39"}, {"artist": "Trevor Hairsine", "artistIds": ["7c1d7b59-dbf1-4ca8-9975-8e01c593da6e"], "availability": ["paper"], "borderColor": "black", "colorIdentity": ["R"], "colors": ["R"], "convertedManaCost": 6.0, "count": 1, "edhrecRank": 18711, "edhrecSaltiness": 0.26, "finishes": ["nonfoil"], "flavorText": "Gyara Spearhurler would have been renowned for her deadly accuracy, if it weren't for her deadly accuracy.", "foreignData": [], "frameVersion": "2015", "hasFoil": false, "hasNonFoil": true, "identifiers": {"cardsphereId": "14251", "mcmId": "269974", "mtgjsonV4Id": "25fb91a5-a614-531a-bbee-141ac4a1fe24", "multiverseId": "393835", "scryfallCardBackId": "0aeebaf5-8c7d-4636-9e82-8c27447861f7", "scryfallId": "47ff534c-a8eb-4303-95bb-00b3df0c5da6", "scryfallIllustrationId": "c83d8fd8-b12d-4145-8b79-8eaa992cbf0d", "scryfallOracleId": "58363090-bf89-4174-bbb2-636afc1c7a06", "tcgplayerProductId": "93783"}, "isFoil": false, "isReprint": true, "isStarter": true, "language": "English", "layout": "normal", "legalities": {"commander": "Legal", "duel": "Legal", "legacy": "Legal", "modern": "Legal", "oathbreaker": "Legal", "penny": "Legal", "predh": "Legal", "vintage": "Legal"}, "manaCost": "{2/R}{2/R}{2/R}", "manaValue": 6.0, "name": "Flame Javelin", "number": "53", "originalText": "({2\nR} can be paid with any two mana or with {R}. This card's converted mana cost is 6.)\nFlame Javelin deals 4 damage to target creature or player.", "originalType": "Instant", "printings": ["DD2", "DDK", "JVC", "P09", "PLST", "PRM", "SHM"], "purchaseUrls": {"tcgplayer": "https://mtgjson.com/links/53cd9c994dad8c4c"}, "rarity": "uncommon", "rulings": [{"date": "2008-05-01", "text": "A card with a monocolored hybrid mana symbol in its mana cost is each of the colors that appears in its mana cost, regardless of what mana was spent to cast it. Thus, Flame Javelin is red even if you spend six green mana to cast it."}, {"date": "2008-05-01", "text": "A card with monocolored hybrid mana symbols in its mana cost has a mana value equal to the highest possible cost it could be cast for. Its mana value never changes. Thus, Flame Javelin has a mana value of 6, even if you spend {R}{R}{R} to cast it."}, {"date": "2008-05-01", "text": "If a cost includes more than one monocolored hybrid mana symbol, you can choose a different way to pay for each symbol. For example, you can pay for Flame Javelin by spending {R}{R}{R}, {2}{R}{R}, {4}{R}, or {6}."}, {"date": "2008-05-01", "text": "If an effect reduces the cost to cast a spell by an amount of generic mana, it applies to a monocolored hybrid spell only if you've chosen a method of paying for it that includes generic mana."}], "setCode": "JVC", "sourceProducts": {"nonfoil": ["981854cc-a51c-5d50-91e1-42f87a33a559"]}, "subtypes": [], "supertypes": [], "text": "({2/R} can be paid with any two mana or with {R}. This card's mana value is 6.)\nFlame Javelin deals 4 damage to any target.", "type": "Instant", "types": ["Instant"], "uuid": "b0f16f1e-d8d5-5508-9399-79ef5469539f"}, {"artist": "Steve Prescott", "artistIds": ["a1139fb8-41f5-4a9e-9a74-f662e1a23b35"], "availability": ["paper"], "borderColor": "black", "colorIdentity": ["R"], "colors": ["R"], "convertedManaCost": 2.0, "count": 2, "edhrecRank": 11809, "edhrecSaltiness": 0.18, "finishes": ["nonfoil"], "flavorText": "\"Who said there are no assurances in life? I assure you this is going to hurt.\"", "foreignData": [], "frameVersion": "2015", "hasFoil": false, "hasNonFoil": true, "identifiers": {"cardsphereId": "14297", "mcmId": "270020", "mtgjsonV4Id": "9af97a61-e3b2-5345-b863-5d75dac955d4", "multiverseId": "393844", "scryfallCardBackId": "0aeebaf5-8c7d-4636-9e82-8c27447861f7", "scryfallId": "f23dff46-e040-4cba-890a-97c2899701f2", "scryfallIllustrationId": "3a79ae96-128f-4ece-a9af-aefe2f83099d", "scryfallOracleId": "d8fd7a34-8418-4e98-b79b-119c4348c667", "tcgplayerProductId": "93792"}, "isFoil": false, "isReprint": true, "isStarter": true, "language": "English", "layout": "normal", "legalities": {"commander": "Legal", "duel": "Legal", "legacy": "Legal", "modern": "Legal", "oathbreaker": "Legal", "pauper": "Legal", "paupercommander": "Legal", "penny": "Legal", "predh": "Legal", "premodern": "Legal", "vintage": "Legal"}, "manaCost": "{1}{R}", "manaValue": 2.0, "name": "Incinerate", "number": "51", "originalText": "Incinerate deals 3 damage to target creature or player. A creature dealt damage this way can't be regenerated this turn.", "originalType": "Instant", "printings": ["10E", "5ED", "CST", "DD2", "DKM", "DPA", "ICE", "JVC", "M12", "ME2", "MIR", "OLEP", "P08", "PLGM", "PLST", "PRM", "PS11", "PTC", "WC97", "WC98"], "purchaseUrls": {"tcgplayer": "https://mtgjson.com/links/1d5678d1a921d34e"}, "rarity": "common", "rulings": [{"date": "2007-07-15", "text": "Regeneration abilities that would affect that creature can still be activated; they just won’t do anything. The creature can’t be regenerated for any reason, even if an effect other than Incinerate would deal lethal damage to it or otherwise destroy it."}], "setCode": "JVC", "sourceProducts": {"nonfoil": ["981854cc-a51c-5d50-91e1-42f87a33a559"]}, "subtypes": [], "supertypes": [], "text": "Incinerate deals 3 damage to any target. A creature dealt damage this way can't be regenerated this turn.", "type": "Instant", "types": ["Instant"], "uuid": "3d137f05-7d07-5de6-8367-30164d6c9179"}, {"artist": "Justin Sweet", "artistIds": ["bb15780e-8f96-4823-b258-a7a9fd79b02c"], "availability": ["paper"], "borderColor": "black", "colorIdentity": ["R"], "colors": ["R"], "convertedManaCost": 2.0, "count": 1, "edhrecRank": 12539, "finishes": ["nonfoil"], "foreignData": [], "frameVersion": "2015", "hasFoil": false, "hasNonFoil": true, "identifiers": {"cardsphereId": "14317", "mcmId": "270041", "mtgjsonV4Id": "4c692cbb-04cd-5d05-a7b9-f7a3584b95ef", "multiverseId": "393853", "scryfallCardBackId": "0aeebaf5-8c7d-4636-9e82-8c27447861f7", "scryfallId": "1dffd252-9eda-4da8-aa7e-7f478c5dbf97", "scryfallIllustrationId": "c2beb1df-451e-440b-9c53-a49b6c80604e", "scryfallOracleId": "2f292253-64d3-4cf2-881f-a3eea4fda388", "tcgplayerProductId": "93798"}, "isFoil": false, "isReprint": true, "isStarter": true, "keywords": ["Scry"], "language": "English", "layout": "normal", "legalities": {"brawl": "Legal", "commander": "Legal", "duel": "Legal", "explorer": "Legal", "gladiator": "Legal", "historic": "Legal", "legacy": "Legal", "modern": "Legal", "oathbreaker": "Legal", "pauper": "Legal", "paupercommander": "Legal", "penny": "Legal", "pioneer": "Legal", "predh": "Legal", "timeless": "Legal", "vintage": "Legal"}, "manaCost": "{1}{R}", "manaValue": 2.0, "name": "Magma Jet", "number": "52", "originalText": "Magma Jet deals 2 damage to target creature or player. Scry 2. (Look at the top two cards of your library, then put any number of them on the bottom of your library and the rest on top in any order.)", "originalType": "Instant", "printings": ["5DN", "DD2", "DDL", "F09", "JMP", "JVC", "MM3", "PRM", "TD0", "THS"], "purchaseUrls": {"tcgplayer": "https://mtgjson.com/links/f7cf08a894940408"}, "rarity": "uncommon", "rulings": [{"date": "2013-09-15", "text": "Scry appears on some spells and abilities with one or more targets. If all of the spell or ability's targets are illegal when it tries to resolve, it won't resolve and none of its effects will happen. You won't scry."}, {"date": "2013-09-15", "text": "When you scry, you may put all the cards you look at back on top of your library, you may put all of those cards on the bottom of your library, or you may put some of those cards on top and the rest of them on the bottom."}, {"date": "2013-09-15", "text": "You choose how to order cards returned to your library after scrying no matter where you put them."}, {"date": "2013-09-15", "text": "You perform the actions stated on a card in sequence. For some spells and abilities, that means you'll scry last. For others, that means you'll scry and then perform other actions."}], "setCode": "JVC", "sourceProducts": {"nonfoil": ["981854cc-a51c-5d50-91e1-42f87a33a559"]}, "subtypes": [], "supertypes": [], "text": "Magma Jet deals 2 damage to any target. Scry 2.", "type": "Instant", "types": ["Instant"], "uuid": "02663d47-b7d4-5574-95c8-441b4c7b02c2"}, {"artist": "Christopher Moeller", "artistIds": ["21e10012-06ae-44f2-b38d-3824dd2e73d4"], "availability": ["paper"], "borderColor": "black", "colorIdentity": ["R"], "colors": ["R"], "convertedManaCost": 1.0, "count": 2, "edhrecRank": 15672, "finishes": ["nonfoil"], "flavorText": "After the fourth time Chandra left a place engulfed in flames, she decided to just go ahead and make it her thing.", "foreignData": [], "frameVersion": "2015", "hasFoil": false, "hasNonFoil": true, "identifiers": {"cardsphereId": "14367", "mcmId": "270091", "mtgjsonV4Id": "34acb972-a258-54b4-bb1d-f7e490195192", "multiverseId": "393869", "scryfallCardBackId": "0aeebaf5-8c7d-4636-9e82-8c27447861f7", "scryfallId": "210f4f5a-4a36-4f2f-8821-d04f3f52c8db", "scryfallIllustrationId": "6bd3115a-2511-4213-811c-edbd07d98d26", "scryfallOracleId": "348a345e-4639-41ca-b015-a5d43459eb64", "tcgplayerProductId": "93811"}, "isFoil": false, "isReprint": true, "isStarter": true, "language": "English", "layout": "normal", "legalities": {"commander": "Legal", "duel": "Legal", "legacy": "Legal", "modern": "Legal", "oathbreaker": "Legal", "pauper": "Legal", "paupercommander": "Legal", "predh": "Legal", "premodern": "Legal", "vintage": "Legal"}, "manaCost": "{R}", "manaValue": 1.0, "name": "Seal of Fire", "number": "50", "originalText": "Sacrifice Seal of Fire: Seal of Fire deals 2 damage to target creature or player.", "originalType": "Enchantment", "printings": ["DD2", "DIS", "JVC", "NEM", "PLST"], "purchaseUrls": {"tcgplayer": "https://mtgjson.com/links/916b05cb386a0888"}, "rarity": "common", "setCode": "JVC", "sourceProducts": {"nonfoil": ["981854cc-a51c-5d50-91e1-42f87a33a559"]}, "subtypes": [], "supertypes": [], "text": "Sacrifice Seal of Fire: It deals 2 damage to any target.", "type": "Enchantment", "types": ["Enchantment"], "uuid": "00180cfd-1d1d-55e2-988c-4e921e581eef"}, {"artist": "Philip Straub", "artistIds": ["43cdce85-e4bc-424e-ac95-fd0886b66ff3"], "availability": ["paper"], "borderColor": "black", "colorIdentity": ["R"], "colors": [], "convertedManaCost": 0.0, "count": 1, "edhrecRank": 14576, "edhrecSaltiness": 0.09, "finishes": ["nonfoil"], "foreignData": [], "frameVersion": "2015", "hasFoil": false, "hasNonFoil": true, "identifiers": {"cardsphereId": "14308", "mcmId": "270032", "mtgjsonV4Id": "2c14ad10-28e4-5bfc-b3c1-4b2cbf969ef6", "multiverseId": "393852", "scryfallCardBackId": "0aeebaf5-8c7d-4636-9e82-8c27447861f7", "scryfallId": "da7c4600-1dc3-4a9d-a112-1b70abcb8951", "scryfallIllustrationId": "c2301508-0f31-480d-b7cf-a7c0faffb1fd", "scryfallOracleId": "ec0ea7f7-52ce-40d1-b34c-e36dd4b26120", "tcgplayerProductId": "93797"}, "isFoil": false, "isReprint": true, "isStarter": true, "keywords": ["Hellbent"], "language": "English", "layout": "normal", "legalities": {"commander": "Legal", "duel": "Legal", "legacy": "Legal", "modern": "Legal", "oathbreaker": "Legal", "predh": "Legal", "vintage": "Legal"}, "manaValue": 0.0, "name": "Keldon Megaliths", "number": "58", "originalText": "Keldon Megaliths enters the battlefield tapped.\n{T}: Add {R} to your mana pool.\nHellbent — {1}{R}, {T}: Keldon Megaliths deals 1 damage to target creature or player. Activate this ability only if you have no cards in hand.", "originalType": "Land", "printings": ["DD2", "FUT", "JVC"], "purchaseUrls": {"tcgplayer": "https://mtgjson.com/links/55cdebb5f2280a31"}, "rarity": "uncommon", "rulings": [{"date": "2007-05-01", "text": "It doesn’t matter how many cards you have in your hand when the ability resolves."}], "setCode": "JVC", "sourceProducts": {"nonfoil": ["981854cc-a51c-5d50-91e1-42f87a33a559"]}, "subtypes": [], "supertypes": [], "text": "Keldon Megaliths enters tapped.\n{T}: Add {R}.\nHellbent — {1}{R}, {T}: Keldon Megaliths deals 1 damage to any target. Activate only if you have no cards in hand.", "type": "Land", "types": ["Land"], "uuid": "45defb1c-0c8a-59e6-88c3-f510dc05bde3"}, {"artist": "Rob Alexander", "artistIds": ["35906871-6c78-4ab2-9ed1-e6792c8efb74"], "availability": ["paper"], "borderColor": "black", "colorIdentity": ["R"], "colors": [], "convertedManaCost": 0.0, "count": 24, "edhrecSaltiness": 0.35, "finishes": ["nonfoil"], "foreignData": [], "frameVersion": "2015", "hasFoil": false, "hasNonFoil": true, "identifiers": {"cardsphereId": "14326", "mcmId": "270055", "mtgjsonV4Id": "ac9625d1-1ad5-5c50-ad69-3dbf13c4356e", "multiverseId": "393857", "scryfallCardBackId": "0aeebaf5-8c7d-4636-9e82-8c27447861f7", "scryfallId": "8fbd06f1-3427-4168-9a34-82f43a514146", "scryfallIllustrationId": "35c811ec-b429-4fc2-bba1-94125e91e8a1", "scryfallOracleId": "a3fb7228-e76b-4e96-a40e-20b5fed75685", "tcgplayerProductId": "93823"}, "isFoil": false, "isReprint": true, "isStarter": true, "language": "English", "layout": "normal", "legalities": {"alchemy": "Legal", "brawl": "Legal", "commander": "Legal", "duel": "Legal", "explorer": "Legal", "future": "Legal", "gladiator": "Legal", "historic": "Legal", "legacy": "Legal", "modern": "Legal", "oathbreaker": "Legal", "pauper": "Legal", "paupercommander": "Legal", "penny": "Legal", "pioneer": "Legal", "predh": "Legal", "premodern": "Legal", "standard": "Legal", "standardbrawl": "Legal", "timeless": "Legal", "vintage": "Legal"}, "manaValue": 0.0, "name": "Mountain", "number": "59", "originalText": "R", "originalType": "Basic Land — Mountain", "printings": ["10E", "2ED", "2XM", "30A", "3ED", "40K", "4BB", "4ED", "5ED", "6ED", "7ED", "8ED", "9ED", "ACR", "AFR", "AKH", "AKR", "ALA", "ANA", "ANB", "ARC", "ARN", "ATH", "AVR", "BBD", "BFZ", "BLB", "BRB", "BRC", "BRO", "BTD", "C13", "C14", "C15", "C16", "C17", "C18", "C19", "CED", "CEI", "CHK", "CLB", "CLU", "CM2", "CMA", "CMD", "CMM", "CMR", "CST", "DD1", "DD2", "DDE", "DDG", "DDH", "DDI", "DDJ", "DDK", "DDL", "DDN", "DDP", "DDS", "DDT", "DDU", "DKM", "DMR", "DMU", "DOM", "DPA", "DSK", "DTK", "E01", "ELD", "EVG", "FBB", "FRF", "G17", "GK1", "GK2", "GN2", "GN3", "GNT", "GRN", "GS1", "H09", "HBG", "HOP", "HOU", "ICE", "IKO", "INV", "ISD", "ITP", "J14", "J22", "JMP", "JVC", "KHM", "KLD", "KLR", "KTK", "LCI", "LEA", "LEB", "LRW", "LTR", "M10", "M11", "M12", "M13", "M14", "M15", "M19", "M20", "M21", "MBS", "ME1", "ME3", "MH2", "MH3", "MID", "MIR", "MKM", "MMQ", "MOM", "MRD", "NEO", "NPH", "ODY", "OLEP", "ONE", "ONS", "ORI", "OTJ", "P02", "P23", "PAL00", "PAL01", "PAL03", "PAL04", "PAL05", "PAL06", "PAL99", "PALP", "PANA", "PARL", "PC2", "PCA", "PD2", "PELP", "PF19", "PF20", "PGPX", "PGRU", "PIP", "PL24", "PLST", "PMPS", "PMPS06", "PMPS07", "PMPS08", "PMPS09", "PMPS10", "PMPS11", "POR", "PPP1", "PRM", "PRW2", "PRWK", "PS11", "PSAL", "PSS2", "PSS3", "PSS4", "PTC", "PTK", "PZ2", "RAV", "REX", "RIX", "RNA", "ROE", "RQS", "RTR", "S99", "SCD", "SHM", "SIR", "SLD", "SNC", "SOI", "SOM", "STX", "SUM", "TD0", "THB", "THS", "TMP", "TPR", "TSP", "UGL", "UND", "UNF", "UNH", "USG", "UST", "VOW", "WAR", "WC00", "WC01", "WC02", "WC03", "WC97", "WC98", "WC99", "WHO", "WOE", "XANA", "XLN", "ZEN", "ZNR"], "purchaseUrls": {"tcgplayer": "https://mtgjson.com/links/2394210d11f8099d"}, "rarity": "common", "setCode": "JVC", "sourceProducts": {"nonfoil": ["981854cc-a51c-5d50-91e1-42f87a33a559"]}, "subtypes": ["Mountain"], "supertypes": ["Basic"], "text": "({T}: Add {R}.)", "type": "Basic Land — Mountain", "types": ["Land"], "uuid": "246ae167-79cb-517f-b591-37979b546151", "variations": ["36b65997-0058-53df-bdeb-dc0314e5e249", "de60f757-b7bb-5070-a40a-7f4500c34a6e", "80c5418d-d82e-5ee2-98ff-add255efd3a7"]}], "name": "Chandra", "releaseDate": "2014-12-05", "sealedProductUuids": null, "sideBoard": [], "type": "Duel Deck"}}