{"meta": {"date": "2024-09-03", "version": "5.2.2+20240903"}, "data": {"code": "BRB", "commander": [], "mainBoard": [{"artist": "John Matson", "artistIds": ["a1685587-4b55-446b-b420-c37b202ed3f1"], "availability": ["paper"], "borderColor": "white", "colorIdentity": ["G"], "colors": ["G"], "convertedManaCost": 3.0, "count": 1, "edhrecRank": 16216, "edhrecSaltiness": 0.08, "finishes": ["nonfoil"], "flavorText": "They were formidable even before they learned the use of weapons.", "foreignData": [], "frameVersion": "1997", "hasFoil": false, "hasNonFoil": true, "identifiers": {"cardsphereId": "6262", "mcmId": "14637", "mtgjsonV4Id": "9ebb8734-8d6f-5d45-80cd-80c9d421abd2", "multiverseId": "21205", "scryfallCardBackId": "0aeebaf5-8c7d-4636-9e82-8c27447861f7", "scryfallId": "cacd84b9-43ad-4a52-a438-b6c2e8d125d4", "scryfallIllustrationId": "a4c92c9f-4439-46f1-be3e-7115d62bdb21", "scryfallOracleId": "c0e6ae0f-6cf7-48ca-acb8-73d4c38b9005", "tcgplayerProductId": "37571"}, "isFoil": false, "isReprint": true, "isStarter": true, "language": "English", "layout": "normal", "legalities": {"commander": "Legal", "duel": "Legal", "legacy": "Legal", "oathbreaker": "Legal", "pauper": "Legal", "paupercommander": "Legal", "penny": "Legal", "predh": "Legal", "premodern": "Legal", "vintage": "Legal"}, "manaCost": "{2}{G}", "manaValue": 3.0, "name": "Gorilla Warrior", "number": "30", "originalType": "Creature - Ape", "power": "3", "printings": ["BRB", "POR", "S99", "USG"], "purchaseUrls": {"tcgplayer": "https://mtgjson.com/links/f7025326b8ad7abd"}, "rarity": "common", "setCode": "BRB", "sourceProducts": {"nonfoil": ["976e880f-6f2f-589c-9956-d23000160b8b"]}, "subtypes": ["Ape", "Warrior"], "supertypes": [], "toughness": "2", "type": "Creature — Ape Warrior", "types": ["Creature"], "uuid": "02d99623-9516-55e6-a241-944ceb19c2af"}, {"artist": "Pete Venters", "artistIds": ["d54c4a1a-c0c5-4834-84db-125d341f3ad8"], "availability": ["paper"], "borderColor": "white", "colorIdentity": ["G"], "colors": ["G"], "convertedManaCost": 4.0, "count": 1, "edhrecRank": 8360, "edhrecSaltiness": 0.21, "finishes": ["nonfoil"], "flavorText": "\"Ach! Hans, run! It's the lhurgoyf!\"\n—Saffi Eriksdotter, last words", "foreignData": [], "frameVersion": "1997", "hasFoil": false, "hasNonFoil": true, "identifiers": {"cardsphereId": "6273", "mcmId": "14643", "mtgjsonV4Id": "9141ce39-bad4-55ee-b88b-a6d5c2712557", "multiverseId": "11380", "scryfallCardBackId": "0aeebaf5-8c7d-4636-9e82-8c27447861f7", "scryfallId": "770afb99-e80e-4214-9422-27c94d688af9", "scryfallIllustrationId": "0f4b8df6-12fc-4e0a-aad8-04879e62fc1d", "scryfallOracleId": "0fe76004-b2f4-4b11-abce-75fd76f68b4d", "tcgplayerProductId": "37578"}, "isFoil": false, "isReprint": true, "isStarter": true, "language": "English", "layout": "normal", "legalities": {"commander": "Legal", "duel": "Legal", "legacy": "Legal", "modern": "Legal", "oathbreaker": "Legal", "penny": "Legal", "predh": "Legal", "premodern": "Legal", "vintage": "Legal"}, "manaCost": "{2}{G}{G}", "manaValue": 4.0, "name": "Lhurgoyf", "number": "36", "originalText": "Lhurgoyf's power is equal to the number of creature cards in all graveyards and its toughness is equal to that number plus 1.", "originalType": "Creature - Lhurgoyf", "power": "*", "printings": ["5ED", "8ED", "BRB", "CM2", "CMD", "DKM", "ICE", "M3C", "OLEP", "WC97"], "purchaseUrls": {"tcgplayer": "https://mtgjson.com/links/4e7c1cb703f9543a"}, "rarity": "rare", "setCode": "BRB", "sourceProducts": {"nonfoil": ["976e880f-6f2f-589c-9956-d23000160b8b"]}, "subtypes": ["Lhurgoyf"], "supertypes": [], "text": "Lhurgoyf's power is equal to the number of creature cards in all graveyards and its toughness is equal to that number plus 1.", "toughness": "1+*", "type": "Creature — Lhurgoyf", "types": ["Creature"], "uuid": "14a74ea5-0cc0-5256-bc39-1ec49469bc02"}, {"artist": "Anson Maddocks", "artistIds": ["634430a7-b5c3-4e4a-b2ac-164e084e47c9"], "availability": ["paper"], "borderColor": "white", "colorIdentity": ["G"], "colors": ["G"], "convertedManaCost": 1.0, "count": 1, "edhrecRank": 62, "edhrecSaltiness": 0.14, "finishes": ["nonfoil"], "flavorText": "One bone broken for every twig snapped underfoot.\n—Llanowar penalty for trespassing", "foreignData": [], "frameVersion": "1997", "hasFoil": false, "hasNonFoil": true, "identifiers": {"cardsphereId": "6276", "mcmId": "14646", "mtgjsonV4Id": "826662bf-00f7-52e1-b236-1175d302bb45", "multiverseId": "21107", "scryfallCardBackId": "0aeebaf5-8c7d-4636-9e82-8c27447861f7", "scryfallId": "f177ba7a-fcca-4bbc-9420-387745590498", "scryfallIllustrationId": "0593112b-9ba0-4524-a853-52f954cd60f1", "scryfallOracleId": "68954295-54e3-4303-a6bc-fc4547a4e3a3", "tcgplayerProductId": "37581"}, "isFoil": false, "isReprint": true, "isStarter": true, "language": "English", "layout": "normal", "legalities": {"brawl": "Legal", "commander": "Legal", "duel": "Legal", "explorer": "Legal", "gladiator": "Legal", "historic": "Legal", "legacy": "Legal", "modern": "Legal", "oathbreaker": "Legal", "oldschool": "Legal", "pauper": "Legal", "paupercommander": "Legal", "pioneer": "Legal", "predh": "Legal", "premodern": "Legal", "timeless": "Legal", "vintage": "Legal"}, "manaCost": "{G}", "manaValue": 1.0, "name": "Llanowar Elves", "number": "39", "originalText": "oc\nT: Add o\nG to your mana pool.", "originalType": "Creature - Elf", "power": "1", "printings": ["10E", "2ED", "30A", "3ED", "4BB", "4ED", "5ED", "6ED", "7ED", "9ED", "ATH", "BRB", "BTD", "C14", "CED", "CEI", "CMA", "DD1", "DOM", "EMA", "EVG", "FBB", "FDN", "FNM", "GN3", "GNT", "LEA", "LEB", "M10", "M11", "M12", "M19", "P30H", "PANA", "PDCI", "PDOM", "PLST", "PRES", "PRM", "PTC", "SLD", "SUM", "WC00", "WC01", "WC02", "WC99"], "purchaseUrls": {"tcgplayer": "https://mtgjson.com/links/899c4f7b184ffc80"}, "rarity": "common", "setCode": "BRB", "sourceProducts": {"nonfoil": ["976e880f-6f2f-589c-9956-d23000160b8b"]}, "subtypes": ["Elf", "Druid"], "supertypes": [], "text": "{T}: Add {G}.", "toughness": "1", "type": "Creature — Elf Druid", "types": ["Creature"], "uuid": "d15023ee-bd73-53aa-8db0-34e0e5c8c7d9"}, {"artist": "Stephen Daniele", "artistIds": ["a267f9bb-072b-410a-a704-50f4d19020d8"], "availability": ["paper"], "borderColor": "white", "colorIdentity": ["G"], "colors": ["G"], "convertedManaCost": 3.0, "count": 1, "edhrecRank": 24418, "edhrecSaltiness": 0.11, "finishes": ["nonfoil"], "flavorText": "\"No fair! Since when does a bug get ta munch on *me*?\"\n—Squee, goblin cabin hand", "foreignData": [], "frameVersion": "1997", "hasFoil": false, "hasNonFoil": true, "identifiers": {"cardsphereId": "6297", "mcmId": "14658", "mtgjsonV4Id": "933aae97-cabf-5982-b2b0-5b23cd80b7df", "multiverseId": "21110", "scryfallCardBackId": "0aeebaf5-8c7d-4636-9e82-8c27447861f7", "scryfallId": "74bf9529-43de-4e94-87f4-75546c138b2c", "scryfallIllustrationId": "ea80365d-2b7e-42f1-bb25-f0cfa9e53dfe", "scryfallOracleId": "0fae1c73-fd34-433e-8989-fbd80e3b1c70", "tcgplayerProductId": "37594"}, "isFoil": false, "isReprint": true, "isStarter": true, "keywords": ["Shroud"], "language": "English", "layout": "normal", "legalities": {"commander": "Legal", "duel": "Legal", "legacy": "Legal", "modern": "Legal", "oathbreaker": "Legal", "pauper": "Legal", "paupercommander": "Legal", "penny": "Legal", "predh": "Legal", "premodern": "Legal", "vintage": "Legal"}, "manaCost": "{2}{G}", "manaValue": 3.0, "name": "Pincher Beetles", "number": "51", "originalText": "Pincher Beetles can't be the target of spells or abilities.", "originalType": "Creature - Insect", "power": "3", "printings": ["10E", "BRB", "TMP"], "purchaseUrls": {"tcgplayer": "https://mtgjson.com/links/107e669187c1adec"}, "rarity": "common", "setCode": "BRB", "sourceProducts": {"nonfoil": ["976e880f-6f2f-589c-9956-d23000160b8b"]}, "subtypes": ["Insect"], "supertypes": [], "text": "Shroud (This creature can't be the target of spells or abilities.)", "toughness": "1", "type": "Creature — Insect", "types": ["Creature"], "uuid": "398f4d3a-9bfa-57ba-989c-568e7e089d64"}, {"artist": "Randy Elliott", "artistIds": ["b0ffcdc0-0af0-4d2d-bcb7-a926043695b4"], "availability": ["paper"], "borderColor": "white", "colorIdentity": ["G"], "colors": ["G"], "convertedManaCost": 5.0, "count": 1, "edhrecRank": 27315, "finishes": ["nonfoil"], "flavorText": "\" . . . And the third little boar built his house out of rootwalla plates . . . .\"\n—Skyshroud children's story", "foreignData": [], "frameVersion": "1997", "hasFoil": false, "hasNonFoil": true, "identifiers": {"cardsphereId": "6307", "mcmId": "14659", "mtgjsonV4Id": "9230d3b9-f0ef-50a6-af5f-1825ab02a579", "multiverseId": "21116", "scryfallCardBackId": "0aeebaf5-8c7d-4636-9e82-8c27447861f7", "scryfallId": "6f5e2cc1-3f16-4984-b1a3-db21c9a38408", "scryfallIllustrationId": "c01f73d5-68db-4bef-9f9f-7b2b91419818", "scryfallOracleId": "e20b80f2-9913-4886-a61b-04f3fd27c2ad", "tcgplayerProductId": "37596"}, "isFoil": false, "isReprint": true, "isStarter": true, "language": "English", "layout": "normal", "legalities": {"commander": "Legal", "duel": "Legal", "legacy": "Legal", "oathbreaker": "Legal", "pauper": "Legal", "paupercommander": "Legal", "penny": "Legal", "predh": "Legal", "premodern": "Legal", "vintage": "Legal"}, "manaCost": "{4}{G}", "manaValue": 5.0, "name": "Plated Rootwalla", "number": "52", "originalText": "o2oo\nG Plated Rootwalla gets +3/+3 until end of turn. Play this ability only once each turn.", "originalType": "Creature - Lizard", "power": "3", "printings": ["BRB", "EXO"], "purchaseUrls": {"tcgplayer": "https://mtgjson.com/links/05f26e2523651da9"}, "rarity": "common", "rulings": [{"date": "2006-02-01", "text": "If this card’s ability is activated by one player, then another player takes control of it on the same turn, the second player can’t activate its ability that turn."}], "setCode": "BRB", "sourceProducts": {"nonfoil": ["976e880f-6f2f-589c-9956-d23000160b8b"]}, "subtypes": ["Lizard"], "supertypes": [], "text": "{2}{G}: Plated Rootwalla gets +3/+3 until end of turn. Activate only once each turn.", "toughness": "3", "type": "Creature — Lizard", "types": ["Creature"], "uuid": "13d25949-85fa-5108-9da4-db71ee1fffcb"}, {"artist": "Jeff Miracola", "artistIds": ["9b465bde-3656-4495-ace4-af4ce29999ed"], "availability": ["paper"], "borderColor": "white", "colorIdentity": ["R"], "colors": ["R"], "convertedManaCost": 1.0, "count": 1, "edhrecRank": 14286, "finishes": ["nonfoil"], "flavorText": "He raged at the world, at his family, at his life. But mostly he just raged.", "foreignData": [], "frameVersion": "1997", "hasFoil": false, "hasNonFoil": true, "identifiers": {"cardsphereId": "6310", "mcmId": "14662", "mtgjsonV4Id": "b5c8b9b7-8917-54df-a88a-ba513ae250a8", "multiverseId": "21162", "scryfallCardBackId": "0aeebaf5-8c7d-4636-9e82-8c27447861f7", "scryfallId": "ab3bbe29-7cfc-4174-aea2-235a6e230836", "scryfallIllustrationId": "3f27a894-9e5c-46a7-a433-94f0f3029541", "scryfallOracleId": "30997b43-fc13-41d3-8064-1ccc2cb6fd2b", "tcgplayerProductId": "37599"}, "isFoil": false, "isReprint": true, "isStarter": true, "keywords": ["Haste"], "language": "English", "layout": "normal", "legalities": {"alchemy": "Legal", "brawl": "Legal", "commander": "Legal", "duel": "Legal", "gladiator": "Legal", "historic": "Legal", "legacy": "Legal", "modern": "Legal", "oathbreaker": "Legal", "pauper": "Legal", "paupercommander": "Legal", "penny": "Legal", "predh": "Legal", "premodern": "Legal", "timeless": "Legal", "vintage": "Legal"}, "manaCost": "{R}", "manaValue": 1.0, "name": "Raging Goblin", "number": "55", "originalText": "Haste (This creature may attack and oc\nT the turn it comes under your control.)", "originalType": "Creature - Goblin", "power": "1", "printings": ["10E", "6ED", "7ED", "8ED", "9ED", "ANB", "ATH", "BRB", "BTD", "DD1", "EVG", "EXO", "M10", "OANA", "P02", "POR", "PSAL", "S99"], "purchaseUrls": {"tcgplayer": "https://mtgjson.com/links/81fce2371676d09a"}, "rarity": "common", "setCode": "BRB", "sourceProducts": {"nonfoil": ["976e880f-6f2f-589c-9956-d23000160b8b"]}, "subtypes": ["Goblin", "Berserker"], "supertypes": [], "text": "Haste (This creature can attack and {T} as soon as it comes under your control.)", "toughness": "1", "type": "Creature — Goblin Berserker", "types": ["Creature"], "uuid": "ec09d8d9-174d-584c-80b8-cfb89f1118d2"}, {"artist": "Steve White", "artistIds": ["674a172f-e11a-458b-a681-964726a0c320"], "availability": ["paper"], "borderColor": "white", "colorIdentity": ["G"], "colors": ["G"], "convertedManaCost": 2.0, "count": 1, "edhrecRank": 15266, "edhrecSaltiness": 0.18, "finishes": ["nonfoil"], "flavorText": "\"But no one heard the snake's gentle hiss for peace over the elephant's trumpeting of war.\"\n—Afari, *Tales*", "foreignData": [], "frameVersion": "1997", "hasFoil": false, "hasNonFoil": true, "identifiers": {"cardsphereId": "6314", "mcmId": "14666", "mtgjsonV4Id": "92f11087-22d5-5aa8-8a30-470671421bf8", "multiverseId": "21109", "scryfallCardBackId": "0aeebaf5-8c7d-4636-9e82-8c27447861f7", "scryfallId": "8f9f6f42-65cc-4d26-8bf9-75ffca9ebd53", "scryfallIllustrationId": "d41f9827-e2c5-49db-8ad5-9533fda38f68", "scryfallOracleId": "86187aed-77ce-4b2d-aab0-0a8f807a9451", "tcgplayerProductId": "37603"}, "isFoil": false, "isReprint": true, "isStarter": true, "keywords": ["Islandwalk", "Landwalk"], "language": "English", "layout": "normal", "legalities": {"commander": "Legal", "duel": "Legal", "legacy": "Legal", "modern": "Legal", "oathbreaker": "Legal", "pauper": "Legal", "paupercommander": "Legal", "predh": "Legal", "premodern": "Legal", "vintage": "Legal"}, "manaCost": "{1}{G}", "manaValue": 2.0, "name": "River Boa", "number": "59", "originalText": "Islandwalk (This creature is unblockable as long as defending player controls an island.)\noo\nG Regenerate River Boa.", "originalType": "Creature - Snake", "power": "2", "printings": ["6ED", "BRB", "DDM", "DPA", "FNM", "PLST", "PRM", "PS11", "VIS", "WC97", "WC99", "ZEN"], "purchaseUrls": {"tcgplayer": "https://mtgjson.com/links/ad5391d26a161414"}, "rarity": "uncommon", "setCode": "BRB", "sourceProducts": {"nonfoil": ["976e880f-6f2f-589c-9956-d23000160b8b"]}, "subtypes": ["Snake"], "supertypes": [], "text": "Islandwalk (This creature can't be blocked as long as defending player controls an Island.)\n{G}: Regenerate River Boa.", "toughness": "1", "type": "Creature — Snake", "types": ["Creature"], "uuid": "edc679ad-2348-5257-83f7-7b1b793cfbc8"}, {"artist": "Amy Weber", "artistIds": ["c1160787-e72e-4f89-b361-c6864f7a4e3a"], "availability": ["paper"], "borderColor": "white", "colorIdentity": ["G"], "colors": ["G"], "convertedManaCost": 1.0, "count": 1, "edhrecRank": 15858, "edhrecSaltiness": 0.1, "finishes": ["nonfoil"], "flavorText": "The only sound was the gentle clicking of the faeries' wings. Then those intruders who were still standing turned and fled. One thing was certain: they didn't think the Scryb were very funny anymore.", "foreignData": [], "frameVersion": "1997", "hasFoil": false, "hasNonFoil": true, "identifiers": {"cardsphereId": "6321", "mcmId": "14673", "mtgjsonV4Id": "826c2a7e-8834-5539-8df2-fc404a50f8a7", "multiverseId": "21105", "scryfallCardBackId": "0aeebaf5-8c7d-4636-9e82-8c27447861f7", "scryfallId": "5b532522-88ff-426f-b4a4-0d15d18b57f5", "scryfallIllustrationId": "c0050f7c-26f0-4466-aa48-24373f6a3dc9", "scryfallOracleId": "a1f20695-6f08-4d5c-9fba-b0018bee298e", "tcgplayerProductId": "37610"}, "isFoil": false, "isReprint": true, "isStarter": true, "keywords": ["Flying"], "language": "English", "layout": "normal", "legalities": {"commander": "Legal", "duel": "Legal", "legacy": "Legal", "oathbreaker": "Legal", "oldschool": "Legal", "pauper": "Legal", "paupercommander": "Legal", "predh": "Legal", "premodern": "Legal", "vintage": "Legal"}, "manaCost": "{G}", "manaValue": 1.0, "name": "Scryb Sprites", "number": "66", "originalText": "Flying", "originalType": "Creature - Faerie", "power": "1", "printings": ["2ED", "30A", "3ED", "4BB", "4ED", "5ED", "BRB", "CED", "CEI", "FBB", "ITP", "LEA", "LEB", "ME1", "ME3", "PRM", "RQS", "SUM"], "purchaseUrls": {"tcgplayer": "https://mtgjson.com/links/af800d45e72886a3"}, "rarity": "common", "setCode": "BRB", "sourceProducts": {"nonfoil": ["976e880f-6f2f-589c-9956-d23000160b8b"]}, "subtypes": ["Faerie"], "supertypes": [], "text": "Flying", "toughness": "1", "type": "Creature — Faerie", "types": ["Creature"], "uuid": "150ebcad-e684-5ba8-8c77-61f04ae19ac6"}, {"artist": "Daren Bader", "artistIds": ["7da1a585-c875-45e4-b322-5da9e8e1f651"], "availability": ["paper"], "borderColor": "white", "colorIdentity": ["G"], "colors": ["G"], "convertedManaCost": 2.0, "count": 1, "edhrecRank": 3081, "edhrecSaltiness": 0.17, "finishes": ["nonfoil"], "flavorText": "\"We shun them not for their dream but for their refusal to let such a noble dream die a noble death.\"\n—Eladamri, Lord of Leaves", "foreignData": [], "frameVersion": "1997", "hasFoil": false, "hasNonFoil": true, "identifiers": {"cardsphereId": "6323", "mcmId": "14675", "mtgjsonV4Id": "25d4aacd-6c80-5e77-bb0e-47df62de8c3f", "multiverseId": "21108", "scryfallCardBackId": "0aeebaf5-8c7d-4636-9e82-8c27447861f7", "scryfallId": "d27b91fb-c2b5-4bc2-b245-40ed87e8ebac", "scryfallIllustrationId": "81013d9d-6f3d-4efd-ad5c-1bcc5610e24c", "scryfallOracleId": "704723f3-0490-4d96-930a-aacc6d19ba8d", "tcgplayerProductId": "37612"}, "isFoil": false, "isReprint": true, "isStarter": true, "language": "English", "layout": "normal", "legalities": {"commander": "Legal", "duel": "Legal", "legacy": "Legal", "oathbreaker": "Legal", "pauper": "Legal", "paupercommander": "Legal", "predh": "Legal", "premodern": "Legal", "vintage": "Legal"}, "manaCost": "{1}{G}", "manaValue": 2.0, "name": "Seeker of Skybreak", "number": "68", "originalText": "oc\nT: Untap target creature.", "originalType": "Creature - Elf", "power": "2", "printings": ["7ED", "BRB", "MB2", "PSAL", "TMP"], "purchaseUrls": {"tcgplayer": "https://mtgjson.com/links/785d16e58b43f0d0"}, "rarity": "common", "rulings": [{"date": "2004-10-04", "text": "It can use its tap ability to untap itself."}], "setCode": "BRB", "sourceProducts": {"nonfoil": ["976e880f-6f2f-589c-9956-d23000160b8b"]}, "subtypes": ["Elf"], "supertypes": [], "text": "{T}: Untap target creature.", "toughness": "1", "type": "Creature — Elf", "types": ["Creature"], "uuid": "9bc5f0ad-e089-5266-84b7-b0f9842fd8fb"}, {"artist": "Paolo Parente", "artistIds": ["d48dd097-720d-476a-8722-6a02854ae28b"], "availability": ["paper"], "borderColor": "white", "colorIdentity": ["G"], "colors": ["G"], "convertedManaCost": 1.0, "count": 1, "edhrecRank": 23574, "edhrecSaltiness": 0.21, "finishes": ["nonfoil"], "flavorText": "\"Civilization is a conspiracy to disguise the mutilation of nature.\"\n—Skyshroud elite creed", "foreignData": [], "frameVersion": "1997", "hasFoil": false, "hasNonFoil": true, "identifiers": {"cardsphereId": "6327", "mcmId": "14679", "mtgjsonV4Id": "209c8f90-4cb9-5b43-9d51-06f796a0acc8", "multiverseId": "21106", "scryfallCardBackId": "0aeebaf5-8c7d-4636-9e82-8c27447861f7", "scryfallId": "cbc1c8e7-8712-498e-b1e7-220c70276c5d", "scryfallIllustrationId": "2641dc0f-4047-45a8-a73e-15fd4b36eeac", "scryfallOracleId": "bd9f2c84-0589-4ffe-9bff-ea74be4f77a4", "tcgplayerProductId": "37616"}, "isFoil": false, "isReprint": true, "isStarter": true, "language": "English", "layout": "normal", "legalities": {"commander": "Legal", "duel": "Legal", "legacy": "Legal", "oathbreaker": "Legal", "paupercommander": "Restricted", "predh": "Legal", "premodern": "Legal", "vintage": "Legal"}, "manaCost": "{G}", "manaValue": 1.0, "name": "Skyshroud Elite", "number": "72", "originalText": "Skyshroud Elite gets +1/+2 as long as an opponent controls a nonbasic land.", "originalType": "Creature - Elf", "power": "1", "printings": ["BRB", "EXO", "PLST"], "purchaseUrls": {"tcgplayer": "https://mtgjson.com/links/90a668e9fee9395f"}, "rarity": "uncommon", "setCode": "BRB", "sourceProducts": {"nonfoil": ["976e880f-6f2f-589c-9956-d23000160b8b"]}, "subtypes": ["Elf"], "supertypes": [], "text": "Skyshroud Elite gets +1/+2 as long as an opponent controls a nonbasic land.", "toughness": "1", "type": "Creature — Elf", "types": ["Creature"], "uuid": "17ae15d8-f0ce-550e-8dd8-b8898a0fc3ae"}, {"artist": "Heather Hudson", "artistIds": ["4441fe52-9e41-40c1-9b74-8510426279ab"], "availability": ["paper"], "borderColor": "white", "colorIdentity": ["G"], "colors": ["G"], "convertedManaCost": 3.0, "count": 1, "edhrecRank": 7292, "edhrecSaltiness": 0.53, "finishes": ["nonfoil"], "foreignData": [], "frameVersion": "1997", "hasFoil": false, "hasNonFoil": true, "identifiers": {"cardsphereId": "6333", "mcmId": "14685", "mtgjsonV4Id": "b8c62b7e-e06a-5753-9224-9064f4755378", "multiverseId": "21113", "scryfallCardBackId": "0aeebaf5-8c7d-4636-9e82-8c27447861f7", "scryfallId": "399de003-fb6f-41ff-88ee-458165d067b2", "scryfallIllustrationId": "c0a120c7-1f42-4b4c-a69d-a3b4c0b55d47", "scryfallOracleId": "5b147eab-39dd-4c2a-8f59-d778037788aa", "tcgplayerProductId": "37622"}, "isFoil": false, "isReprint": true, "isStarter": true, "language": "English", "layout": "normal", "legalities": {"commander": "Legal", "duel": "Legal", "legacy": "Legal", "modern": "Legal", "oathbreaker": "Legal", "paupercommander": "Restricted", "predh": "Legal", "premodern": "Legal", "vintage": "Legal"}, "manaCost": "{1}{G}{G}", "manaValue": 3.0, "name": "Spike Feeder", "number": "78", "originalText": "Spike Feeder comes into play with two +1/+1 counters on it.\no2, Remove a +1/+1 counter from Spike Feeder: Put a +1/+1 counter on target creature.\nRemove a +1/+1 counter from Spike Feeder: You gain 2 life.", "originalType": "Creature - Spike", "power": "0", "printings": ["BRB", "CMD", "F02", "PLST", "PRM", "STH", "TPR", "TSB", "WC98"], "purchaseUrls": {"tcgplayer": "https://mtgjson.com/links/93b0af6093802ad4"}, "rarity": "uncommon", "setCode": "BRB", "sourceProducts": {"nonfoil": ["976e880f-6f2f-589c-9956-d23000160b8b"]}, "subtypes": ["Spike"], "supertypes": [], "text": "Spike Feeder enters with two +1/+1 counters on it.\n{2}, Remove a +1/+1 counter from Spike Feeder: Put a +1/+1 counter on target creature.\nRemove a +1/+1 counter from Spike Feeder: You gain 2 life.", "toughness": "0", "type": "Creature — Spike", "types": ["Creature"], "uuid": "af04c73e-9ccf-59e0-8fe9-c0fb135227f5"}, {"artist": "Mike Raabe", "artistIds": ["d29cd67f-30a7-4fb9-a081-36c3d5982442"], "availability": ["paper"], "borderColor": "white", "colorIdentity": ["G"], "colors": ["G"], "convertedManaCost": 4.0, "count": 1, "edhrecRank": 8774, "edhrecSaltiness": 0.09, "finishes": ["nonfoil"], "foreignData": [], "frameVersion": "1997", "hasFoil": false, "hasNonFoil": true, "identifiers": {"cardsphereId": "6334", "mcmId": "14686", "mtgjsonV4Id": "bcce3f31-134b-5ebc-9521-fd7fd074af3a", "multiverseId": "21179", "scryfallCardBackId": "0aeebaf5-8c7d-4636-9e82-8c27447861f7", "scryfallId": "d2e4e143-b8f4-47f2-959b-fa21d9e78162", "scryfallIllustrationId": "ff7307d9-a3a1-4516-9ee1-6593ef528f0e", "scryfallOracleId": "7776b2dd-5795-458d-81da-54fed22d5ee2", "tcgplayerProductId": "37623"}, "isFoil": false, "isReprint": true, "isStarter": true, "language": "English", "layout": "normal", "legalities": {"commander": "Legal", "duel": "Legal", "legacy": "Legal", "oathbreaker": "Legal", "predh": "Legal", "premodern": "Legal", "vintage": "Legal"}, "manaCost": "{2}{G}{G}", "manaValue": 4.0, "name": "Spike Weaver", "number": "79", "originalText": "Spike Weaver comes into play with three +1/+1 counters on it.\no2, Remove a +1/+1 counter from Spike Weaver: Put a +1/+1 counter on target creature.\no1, Remove a +1/+1 counter from Spike Weaver: Prevent all combat damage that would be dealt this turn.", "originalType": "Creature - Spike", "power": "0", "printings": ["BRB", "EXO", "MB2", "PLST", "WC98"], "purchaseUrls": {"tcgplayer": "https://mtgjson.com/links/a629a2c83f4a5c4e"}, "rarity": "rare", "rulings": [{"date": "2004-10-04", "text": "The second ability includes your own creatures as well."}], "setCode": "BRB", "sourceProducts": {"nonfoil": ["976e880f-6f2f-589c-9956-d23000160b8b"]}, "subtypes": ["Spike"], "supertypes": [], "text": "Spike Weaver enters with three +1/+1 counters on it.\n{2}, Remove a +1/+1 counter from Spike Weaver: Put a +1/+1 counter on target creature.\n{1}, Remove a +1/+1 counter from Spike Weaver: Prevent all combat damage that would be dealt this turn.", "toughness": "0", "type": "Creature — Spike", "types": ["Creature"], "uuid": "12ed88a0-b2e0-5c03-aa62-65eba5669616"}, {"artist": "Gary Leach", "artistIds": ["fb608209-fd37-435a-b2fb-a158aeb3f927"], "availability": ["paper"], "borderColor": "white", "colorIdentity": ["G"], "colors": ["G"], "convertedManaCost": 4.0, "count": 1, "edhrecRank": 25398, "finishes": ["nonfoil"], "flavorText": "These are its last days. But it will not go quietly.", "foreignData": [], "frameVersion": "1997", "hasFoil": false, "hasNonFoil": true, "identifiers": {"cardsphereId": "6349", "mcmId": "14697", "mtgjsonV4Id": "ebab1bab-dde8-59a7-ad88-85316d832c92", "multiverseId": "21114", "scryfallCardBackId": "0aeebaf5-8c7d-4636-9e82-8c27447861f7", "scryfallId": "a03f07e0-514f-4698-98b2-90f1613c03b6", "scryfallIllustrationId": "8f3832a1-19a2-4429-a539-d1dd62904cd4", "scryfallOracleId": "7fc3c2a5-2754-4237-8a37-cb3166c20c3c", "tcgplayerProductId": "37635"}, "isFoil": false, "isReprint": true, "isStarter": true, "language": "English", "layout": "normal", "legalities": {"commander": "Legal", "duel": "Legal", "legacy": "Legal", "oathbreaker": "Legal", "paupercommander": "Restricted", "penny": "Legal", "predh": "Legal", "premodern": "Legal", "vintage": "Legal"}, "manaCost": "{3}{G}", "manaValue": 4.0, "name": "Trumpeting Armodon", "number": "90", "originalText": "o1oo\nG Target creature blocks Trumpeting Armodon this turn if able.", "originalType": "Creature - Elephant", "power": "3", "printings": ["BRB", "TMP"], "purchaseUrls": {"tcgplayer": "https://mtgjson.com/links/402367bba059dd12"}, "rarity": "uncommon", "setCode": "BRB", "sourceProducts": {"nonfoil": ["976e880f-6f2f-589c-9956-d23000160b8b"]}, "subtypes": ["Elephant"], "supertypes": [], "text": "{1}{G}: Target creature blocks Trumpeting Armodon this turn if able.", "toughness": "3", "type": "Creature — Elephant", "types": ["Creature"], "uuid": "30dfd985-7c5a-5f21-bd21-9de778899328"}, {"artist": "Douglas Shuler", "artistIds": ["a9ddb513-51c7-455c-ab8f-5b90aae9f75b"], "availability": ["paper"], "borderColor": "white", "colorIdentity": ["R"], "colors": ["R"], "convertedManaCost": 3.0, "count": 1, "edhrecRank": 25758, "finishes": ["nonfoil"], "flavorText": "\"Oi oi oi, me gotta hurt in 'ere,\nOi oi oi, me smell a ting is near,\nGonna bosh 'n gonna nosh\n'n da hurt'll disappear.\"\n—Troll chant", "foreignData": [], "frameVersion": "1997", "hasFoil": false, "hasNonFoil": true, "identifiers": {"cardsphereId": "6351", "mcmId": "14699", "mtgjsonV4Id": "8ab8b733-82e7-5dd1-893c-e49519a414e5", "multiverseId": "21112", "scryfallCardBackId": "0aeebaf5-8c7d-4636-9e82-8c27447861f7", "scryfallId": "9f6feedf-92f3-40de-bac3-7aee54cc2be7", "scryfallIllustrationId": "d3bc01f5-73f4-4e88-8d6b-12e67ed66798", "scryfallOracleId": "d6329dcc-b450-482a-8ee3-45449f7a4b3d", "tcgplayerProductId": "37637"}, "isFoil": false, "isReprint": true, "isStarter": true, "language": "English", "layout": "normal", "legalities": {"commander": "Legal", "duel": "Legal", "legacy": "Legal", "modern": "Legal", "oathbreaker": "Legal", "oldschool": "Legal", "paupercommander": "Restricted", "penny": "Legal", "predh": "Legal", "premodern": "Legal", "vintage": "Legal"}, "manaCost": "{2}{R}", "manaValue": 3.0, "name": "Uthden Troll", "number": "92", "originalText": "oo\nR Regenerate Uthden Troll.", "originalType": "Creature - Troll", "power": "2", "printings": ["2ED", "30A", "3ED", "4BB", "4ED", "ATH", "BRB", "CED", "CEI", "FBB", "LEA", "LEB", "SUM", "TSB"], "purchaseUrls": {"tcgplayer": "https://mtgjson.com/links/398e43c190de6bfe"}, "rarity": "uncommon", "setCode": "BRB", "sourceProducts": {"nonfoil": ["976e880f-6f2f-589c-9956-d23000160b8b"]}, "subtypes": ["Troll"], "supertypes": [], "text": "{R}: Regenerate Uthden Troll.", "toughness": "2", "type": "Creature — Troll", "types": ["Creature"], "uuid": "849abb25-edd7-5ffd-b0da-201dd92b0c7e"}, {"artist": "Donato Giancola", "artistIds": ["90332db2-aecb-4d79-917b-95cbeb8d0cb6"], "availability": ["paper"], "borderColor": "white", "colorIdentity": ["G"], "colors": ["G"], "convertedManaCost": 1.0, "count": 1, "edhrecRank": 20092, "edhrecSaltiness": 0.06, "finishes": ["nonfoil"], "foreignData": [], "frameVersion": "1997", "hasFoil": false, "hasNonFoil": true, "identifiers": {"cardsphereId": "6353", "mcmId": "14701", "mtgjsonV4Id": "da07cef4-33a7-558a-9797-22b08af1d4b2", "multiverseId": "21098", "scryfallCardBackId": "0aeebaf5-8c7d-4636-9e82-8c27447861f7", "scryfallId": "2933516f-e078-4589-8941-227a797172e1", "scryfallIllustrationId": "d80b74db-5242-4b7b-be47-82fcc1173293", "scryfallOracleId": "adea6cb4-1e74-4137-9c80-1dde004a6b26", "tcgplayerProductId": "37639"}, "isFoil": false, "isReprint": true, "isStarter": true, "language": "English", "layout": "normal", "legalities": {"commander": "Legal", "duel": "Legal", "legacy": "Legal", "oathbreaker": "Legal", "pauper": "Legal", "paupercommander": "Legal", "penny": "Legal", "predh": "Legal", "premodern": "Legal", "vintage": "Legal"}, "manaCost": "{G}", "manaValue": 1.0, "name": "Village Elder", "number": "94", "originalText": "o\nG, oc\nT, Sacrifice a forest: Regenerate target creature.", "originalType": "Creature - Druid", "power": "1", "printings": ["BRB", "MIR"], "purchaseUrls": {"tcgplayer": "https://mtgjson.com/links/2de9c3ba4e78460b"}, "rarity": "common", "setCode": "BRB", "sourceProducts": {"nonfoil": ["976e880f-6f2f-589c-9956-d23000160b8b"]}, "subtypes": ["Human", "Druid"], "supertypes": [], "text": "{G}, {T}, Sacrifice a Forest: Regenerate target creature.", "toughness": "1", "type": "Creature — Human Druid", "types": ["Creature"], "uuid": "9894ab72-9e50-503d-9ca5-cfd201cbc1e0"}, {"artist": "Richard Kane Ferguson", "artistIds": ["191620ed-2361-444e-96a6-1fe7ce32ef3b"], "availability": ["paper"], "borderColor": "white", "colorIdentity": ["R"], "colors": ["R"], "convertedManaCost": 4.0, "count": 1, "edhrecRank": 27232, "edhrecSaltiness": 0.12, "finishes": ["nonfoil"], "flavorText": "\"The efreet is a striding storm with a voice that crackles like fire.\"\n—Qhattib, vizier of Amiqat", "foreignData": [], "frameVersion": "1997", "hasFoil": false, "hasNonFoil": true, "identifiers": {"cardsphereId": "6356", "mcmId": "14704", "mtgjsonV4Id": "887dc7b4-86f4-5561-b899-42c39d897c22", "multiverseId": "21115", "scryfallCardBackId": "0aeebaf5-8c7d-4636-9e82-8c27447861f7", "scryfallId": "d7b902ca-55c2-4d0e-8dbe-e48ba3360566", "scryfallIllustrationId": "da496e80-60be-4129-949b-2072b8e62d13", "scryfallOracleId": "8fb44b03-017f-4cf3-a79b-8f6cc33570ca", "tcgplayerProductId": "37642"}, "isFoil": false, "isReprint": true, "isStarter": true, "keywords": ["Protection"], "language": "English", "layout": "normal", "legalities": {"commander": "Legal", "duel": "Legal", "legacy": "Legal", "modern": "Legal", "oathbreaker": "Legal", "pauper": "Legal", "paupercommander": "Legal", "penny": "Legal", "predh": "Legal", "premodern": "Legal", "vintage": "Legal"}, "manaCost": "{3}{R}", "manaValue": 4.0, "name": "Wildfire Emissary", "number": "97", "originalText": "Protection from white\no1oo\nR Wildfire Emissary gets +1/+0 until end of turn.", "originalType": "Creature - Efreet", "power": "2", "printings": ["BRB", "EMA", "MIR", "PLST", "TSB", "WC97"], "purchaseUrls": {"tcgplayer": "https://mtgjson.com/links/eada470f4be7a10b"}, "rarity": "uncommon", "setCode": "BRB", "sourceProducts": {"nonfoil": ["976e880f-6f2f-589c-9956-d23000160b8b"]}, "subtypes": ["Efreet"], "supertypes": [], "text": "Protection from white\n{1}{R}: Wildfire Emissary gets +1/+0 until end of turn.", "toughness": "4", "type": "Creature — Efreet", "types": ["Creature"], "uuid": "f5b3f738-cc8a-5012-94a2-e7743ba14723"}, {"artist": "Andrew Goldhawk", "artistIds": ["f4a65a04-9e2e-4541-8d0e-f34e9517f092"], "availability": ["paper"], "borderColor": "white", "colorIdentity": ["R"], "colors": ["R"], "convertedManaCost": 3.0, "count": 1, "edhrecRank": 13893, "edhrecSaltiness": 0.12, "finishes": ["nonfoil"], "flavorText": "Rainclouds don't last long in Shiv, but that doesn't stop the lightning.", "foreignData": [], "frameVersion": "1997", "hasFoil": false, "hasNonFoil": true, "identifiers": {"cardsphereId": "6228", "mcmId": "14612", "mtgjsonV4Id": "44daf86d-c5ec-53b4-9cc5-a25ebb65507f", "multiverseId": "21102", "scryfallCardBackId": "0aeebaf5-8c7d-4636-9e82-8c27447861f7", "scryfallId": "f03573c4-e682-4252-abcb-7d2d42894801", "scryfallIllustrationId": "fa16bad9-228f-4896-a219-1d108ba47b8c", "scryfallOracleId": "5acc8b39-3c3e-4012-8cfd-ac3c2c4ca982", "tcgplayerProductId": "37545"}, "isFoil": false, "isReprint": true, "isStarter": true, "language": "English", "layout": "normal", "legalities": {"brawl": "Legal", "commander": "Legal", "duel": "Legal", "explorer": "Legal", "gladiator": "Legal", "historic": "Legal", "legacy": "Legal", "modern": "Legal", "oathbreaker": "Legal", "pauper": "Legal", "paupercommander": "Legal", "penny": "Legal", "pioneer": "Legal", "predh": "Legal", "premodern": "Legal", "timeless": "Legal", "vintage": "Legal"}, "manaCost": "{2}{R}", "manaValue": 3.0, "name": "Arc Lightning", "number": "5", "originalText": "Arc Lightning deals 3 damage divided as you choose among any number of target creatures and/or players.", "originalType": "Sorcery", "printings": ["BRB", "HOP", "KTK", "PAL02", "PLST", "PRM", "UGIN", "USG", "WC00", "WC99"], "purchaseUrls": {"tcgplayer": "https://mtgjson.com/links/8fdddb112ec06193"}, "rarity": "common", "rulings": [{"date": "2014-09-20", "text": "If some of the creatures are illegal targets as Arc Lightning tries to resolve, the original division of damage still applies but no damage is dealt to the illegal targets. If all targets are illegal, Arc Lightning doesn’t resolve."}, {"date": "2014-09-20", "text": "You choose how many targets Arc Lightning has and how the damage is divided as you cast the spell. Each target must receive at least 1 damage."}], "setCode": "BRB", "sourceProducts": {"nonfoil": ["976e880f-6f2f-589c-9956-d23000160b8b"]}, "subtypes": [], "supertypes": [], "text": "Arc Lightning deals 3 damage divided as you choose among one, two, or three targets.", "type": "Sorcery", "types": ["Sorcery"], "uuid": "1ce65f0b-fffe-52a9-96c0-8154054e9e04"}, {"artist": "Mike Raabe", "artistIds": ["d29cd67f-30a7-4fb9-a081-36c3d5982442"], "availability": ["paper"], "borderColor": "white", "colorIdentity": ["R"], "colors": ["R"], "convertedManaCost": 3.0, "count": 1, "edhrecRank": 20665, "edhrecSaltiness": 0.15, "finishes": ["nonfoil"], "flavorText": "The viashino knew of the cracked pipes but deliberately left them unmended to bolster the rig's defenses.", "foreignData": [], "frameVersion": "1997", "hasFoil": false, "hasNonFoil": true, "identifiers": {"cardsphereId": "6336", "mcmId": "14688", "mtgjsonV4Id": "7f749787-83d7-5414-acee-a852a4d974bf", "multiverseId": "21204", "scryfallCardBackId": "0aeebaf5-8c7d-4636-9e82-8c27447861f7", "scryfallId": "c5ee0888-7c60-44a7-a279-12f08a867d36", "scryfallIllustrationId": "9a04d5d2-17eb-4bb2-a39a-ab5622cf5884", "scryfallOracleId": "92f4bdfd-1c84-4541-bc46-2a65c39de717", "tcgplayerProductId": "37625"}, "isFoil": false, "isReprint": true, "isStarter": true, "language": "English", "layout": "normal", "legalities": {"commander": "Legal", "duel": "Legal", "legacy": "Legal", "oathbreaker": "Legal", "penny": "Legal", "predh": "Legal", "premodern": "Legal", "vintage": "Legal"}, "manaCost": "{2}{R}", "manaValue": 3.0, "name": "Steam Blast", "number": "81", "originalText": "Steam Blast deals 2 damage to each creature and each player.", "originalType": "Sorcery", "printings": ["BRB", "USG"], "purchaseUrls": {"tcgplayer": "https://mtgjson.com/links/2f75080a485802fc"}, "rarity": "uncommon", "setCode": "BRB", "sourceProducts": {"nonfoil": ["976e880f-6f2f-589c-9956-d23000160b8b"]}, "subtypes": [], "supertypes": [], "text": "Steam Blast deals 2 damage to each creature and each player.", "type": "Sorcery", "types": ["Sorcery"], "uuid": "00ee5577-8283-5e83-9c6a-7e13e0215de9"}, {"artist": "Douglas Shuler", "artistIds": ["a9ddb513-51c7-455c-ab8f-5b90aae9f75b"], "availability": ["paper"], "borderColor": "white", "colorIdentity": ["G"], "colors": ["G"], "convertedManaCost": 3.0, "count": 1, "edhrecRank": 15199, "edhrecSaltiness": 0.44, "finishes": ["nonfoil"], "foreignData": [], "frameVersion": "1997", "hasFoil": false, "hasNonFoil": true, "identifiers": {"cardsphereId": "6348", "mcmId": "14696", "mtgjsonV4Id": "cdd03a73-ed90-53a9-9ba7-12229c3a111f", "multiverseId": "21100", "scryfallCardBackId": "0aeebaf5-8c7d-4636-9e82-8c27447861f7", "scryfallId": "393ebf58-47ad-4394-9902-ff82a4b79464", "scryfallIllustrationId": "71afb81d-3e5b-400d-b2ac-825e4dcf1976", "scryfallOracleId": "f671e3c3-cd59-4d06-a1af-5d04892cf74d", "tcgplayerProductId": "37634"}, "isFoil": false, "isReprint": true, "isStarter": true, "language": "English", "layout": "normal", "legalities": {"commander": "Legal", "duel": "Legal", "legacy": "Legal", "oathbreaker": "Legal", "oldschool": "Legal", "pauper": "Legal", "paupercommander": "Legal", "predh": "Legal", "premodern": "Legal", "vintage": "Legal"}, "manaCost": "{2}{G}", "manaValue": 3.0, "name": "Tranquility", "number": "89", "originalText": "Destroy all enchantments.", "originalType": "Sorcery", "printings": ["2ED", "30A", "3ED", "4BB", "4ED", "5ED", "6ED", "7ED", "BRB", "CED", "CEI", "FBB", "INV", "LEA", "LEB", "MMQ", "PTC", "SUM", "TMP", "TPR"], "purchaseUrls": {"tcgplayer": "https://mtgjson.com/links/0d7ef2d8b923ce4a"}, "rarity": "common", "setCode": "BRB", "sourceProducts": {"nonfoil": ["976e880f-6f2f-589c-9956-d23000160b8b"]}, "subtypes": [], "supertypes": [], "text": "Destroy all enchantments.", "type": "Sorcery", "types": ["Sorcery"], "uuid": "37853751-c03c-5f22-8d02-3b6356155b09"}, {"artist": "Christopher Moeller", "artistIds": ["21e10012-06ae-44f2-b38d-3824dd2e73d4"], "availability": ["paper"], "borderColor": "white", "colorIdentity": ["R"], "colors": ["R"], "convertedManaCost": 1.0, "count": 1, "edhrecRank": 11134, "finishes": ["nonfoil"], "flavorText": "The viashino had learned how to operate the rig through trial and error—mostly error.", "foreignData": [], "frameVersion": "1997", "hasFoil": false, "hasNonFoil": true, "identifiers": {"cardsphereId": "6326", "mcmId": "14678", "mtgjsonV4Id": "b92c98f3-2630-5b3d-9881-8fe0150f4371", "multiverseId": "21104", "scryfallCardBackId": "0aeebaf5-8c7d-4636-9e82-8c27447861f7", "scryfallId": "490827a4-c2bc-44b3-b48e-993996d04d5c", "scryfallIllustrationId": "7945604b-16fa-443d-a310-540175b6d3e8", "scryfallOracleId": "a43500ed-4aa6-49de-8a6e-a1781301b108", "tcgplayerProductId": "37615"}, "isFoil": false, "isReprint": true, "isStarter": true, "language": "English", "layout": "normal", "legalities": {"commander": "Legal", "duel": "Legal", "legacy": "Legal", "oathbreaker": "Legal", "pauper": "Legal", "paupercommander": "Legal", "predh": "Legal", "premodern": "Legal", "vintage": "Legal"}, "manaCost": "{R}", "manaValue": 1.0, "name": "Shower of Sparks", "number": "71", "originalText": "Shower of Sparks deals 1 damage to target creature and 1 damage to target player.", "originalType": "Instant", "printings": ["BRB", "DDL", "USG"], "purchaseUrls": {"tcgplayer": "https://mtgjson.com/links/7e69c6608dc22fa5"}, "rarity": "common", "rulings": [{"date": "2004-10-04", "text": "If the creature leaves the battlefield before this resolves, it still damages the player."}], "setCode": "BRB", "sourceProducts": {"nonfoil": ["976e880f-6f2f-589c-9956-d23000160b8b"]}, "subtypes": [], "supertypes": [], "text": "Shower of Sparks deals 1 damage to target creature and 1 damage to target player or planeswalker.", "type": "Instant", "types": ["Instant"], "uuid": "23245830-bd62-5bae-9768-c1a35ea1e33d"}, {"artist": "Jeff Miracola", "artistIds": ["9b465bde-3656-4495-ace4-af4ce29999ed"], "availability": ["paper"], "borderColor": "white", "colorIdentity": ["G"], "colors": ["G"], "convertedManaCost": 2.0, "count": 1, "edhrecRank": 25996, "edhrecSaltiness": 0.29, "finishes": ["nonfoil"], "flavorText": "Although the elves of Argoth always considered them a nuisance, the pixies made fine allies during the war against the machines.", "foreignData": [], "frameVersion": "1997", "hasFoil": false, "hasNonFoil": true, "identifiers": {"cardsphereId": "6344", "mcmId": "14692", "mtgjsonV4Id": "d8c02b78-707d-5571-8480-661a128dd2a6", "multiverseId": "21101", "scryfallCardBackId": "0aeebaf5-8c7d-4636-9e82-8c27447861f7", "scryfallId": "ffc15aa3-a0cd-43bc-a4e5-89c55766e4da", "scryfallIllustrationId": "c5b07d49-6d29-43aa-a64d-efa956c577ac", "scryfallOracleId": "787b494b-731b-4e99-8e46-157bc86f6eea", "tcgplayerProductId": "37630"}, "isFoil": false, "isReprint": true, "isStarter": true, "language": "English", "layout": "normal", "legalities": {"commander": "Legal", "duel": "Legal", "legacy": "Legal", "oathbreaker": "Legal", "pauper": "Legal", "paupercommander": "Legal", "penny": "Legal", "predh": "Legal", "premodern": "Legal", "vintage": "Legal"}, "manaCost": "{1}{G}", "manaValue": 2.0, "name": "Symbiosis", "number": "85", "originalText": "Two target creatures each get +2/+2 until end of turn.", "originalType": "Instant", "printings": ["BRB", "PLST", "USG"], "purchaseUrls": {"tcgplayer": "https://mtgjson.com/links/b260a48f856c995d"}, "rarity": "common", "setCode": "BRB", "sourceProducts": {"nonfoil": ["976e880f-6f2f-589c-9956-d23000160b8b"]}, "subtypes": [], "supertypes": [], "text": "Two target creatures each get +2/+2 until end of turn.", "type": "Instant", "types": ["Instant"], "uuid": "4e66a249-39a3-51f7-900a-c0a62e4bce53"}, {"artist": "Zina Saunders", "artistIds": ["eff6a2bb-7ca1-432e-8af9-aa85ee2359a2"], "availability": ["paper"], "borderColor": "white", "colorIdentity": ["G"], "colors": ["G"], "convertedManaCost": 3.0, "count": 1, "edhrecRank": 14956, "edhrecSaltiness": 0.06, "finishes": ["nonfoil"], "flavorText": "\"I think I used up all my good luck and all my bad luck in the same fall.\"\n—Gerrard of the *Weatherlight*", "foreignData": [], "frameVersion": "1997", "hasFoil": false, "hasNonFoil": true, "identifiers": {"cardsphereId": "6233", "mcmId": "14617", "mtgjsonV4Id": "5b9dba43-b717-546d-950e-ac9d1c5cef25", "multiverseId": "21099", "scryfallCardBackId": "0aeebaf5-8c7d-4636-9e82-8c27447861f7", "scryfallId": "5e0d799a-457b-46a3-a112-719ec2e4fffa", "scryfallIllustrationId": "74643307-6aac-4711-be81-580f76bf4595", "scryfallOracleId": "79791c7f-dd33-406a-8c2e-6b722abd5161", "tcgplayerProductId": "37550"}, "isFoil": false, "isReprint": true, "isStarter": true, "language": "English", "layout": "normal", "legalities": {"commander": "Legal", "duel": "Legal", "legacy": "Legal", "oathbreaker": "Legal", "pauper": "Legal", "paupercommander": "Legal", "predh": "Legal", "premodern": "Legal", "vintage": "Legal"}, "manaCost": "{2}{G}", "manaValue": 3.0, "name": "Broken Fall", "number": "10", "originalText": "Return Broken Fall to its owner's hand: Regenerate target creature.", "originalType": "Enchantment", "printings": ["BRB", "TMP"], "purchaseUrls": {"tcgplayer": "https://mtgjson.com/links/ab975f047b725c02"}, "rarity": "common", "setCode": "BRB", "sourceProducts": {"nonfoil": ["976e880f-6f2f-589c-9956-d23000160b8b"]}, "subtypes": [], "supertypes": [], "text": "Return Broken Fall to its owner's hand: Regenerate target creature.", "type": "Enchantment", "types": ["Enchantment"], "uuid": "6650edb1-b6d6-5421-9e4e-c1934c6a6e51"}, {"artist": "Pete Venters", "artistIds": ["d54c4a1a-c0c5-4834-84db-125d341f3ad8"], "availability": ["paper"], "borderColor": "white", "colorIdentity": ["R"], "colors": ["R"], "convertedManaCost": 2.0, "count": 1, "edhrecRank": 20288, "finishes": ["nonfoil"], "flavorText": "Only by sacrificing any semblance of defense could Gerrard best Greven.", "foreignData": [], "frameVersion": "1997", "hasFoil": false, "hasNonFoil": true, "identifiers": {"cardsphereId": "6279", "mcmId": "14649", "mtgjsonV4Id": "450be5eb-5fcb-554f-a1f5-7e974f205d2b", "multiverseId": "21097", "scryfallCardBackId": "0aeebaf5-8c7d-4636-9e82-8c27447861f7", "scryfallId": "8c92200e-6f9a-4602-acbb-b04cb9bd294a", "scryfallIllustrationId": "ac06604d-593d-4729-bd0b-6d413c08699c", "scryfallOracleId": "b5dbb212-0399-475b-a831-921f7c76cdc4", "tcgplayerProductId": "37583"}, "isFoil": false, "isReprint": true, "isStarter": true, "keywords": ["Enchant"], "language": "English", "layout": "normal", "legalities": {"alchemy": "Legal", "brawl": "Legal", "commander": "Legal", "duel": "Legal", "explorer": "Legal", "gladiator": "Legal", "historic": "Legal", "legacy": "Legal", "modern": "Legal", "oathbreaker": "Legal", "pauper": "Legal", "paupercommander": "Legal", "penny": "Legal", "pioneer": "Legal", "predh": "Legal", "premodern": "Legal", "timeless": "Legal", "vintage": "Legal"}, "manaCost": "{1}{R}", "manaValue": 2.0, "name": "Maniacal Rage", "number": "42", "originalText": "Enchanted creature gets +2/+2 and can't block.", "originalType": "Enchant Creature", "printings": ["ANB", "BRB", "CON", "EXO", "GRN", "INV", "M20", "TPR"], "purchaseUrls": {"tcgplayer": "https://mtgjson.com/links/1ace9f9415e24de1"}, "rarity": "common", "setCode": "BRB", "sourceProducts": {"nonfoil": ["976e880f-6f2f-589c-9956-d23000160b8b"]}, "subtypes": ["Aura"], "supertypes": [], "text": "Enchant creature\nEnchanted creature gets +2/+2 and can't block.", "type": "Enchantment — Aura", "types": ["Enchantment"], "uuid": "0be9da1d-b72a-570c-961c-a4335a59972a"}, {"artist": "David O'Connor", "artistIds": ["bd8dcf6f-4ab3-4854-bfb0-f2e21610fc16"], "availability": ["paper"], "borderColor": "white", "colorIdentity": ["G"], "colors": [], "convertedManaCost": 0.0, "count": 9, "edhrecSaltiness": 0.35, "finishes": ["nonfoil"], "foreignData": [], "frameVersion": "1997", "hasFoil": false, "hasNonFoil": true, "identifiers": {"cardsphereId": "6257", "mcmId": "14708", "mtgjsonV4Id": "334e1060-01bb-5480-b011-358e728e90dd", "multiverseId": "21119", "scryfallCardBackId": "0aeebaf5-8c7d-4636-9e82-8c27447861f7", "scryfallId": "e11690e9-a2b7-4c34-adc7-e58b1f52a211", "scryfallIllustrationId": "34b3c997-f4c7-45d3-b737-a45e58802098", "scryfallOracleId": "b34bb2dc-c1af-4d77-b0b3-a0fb342a5fc6", "tcgplayerProductId": "80177"}, "isFoil": false, "isReprint": true, "isStarter": true, "language": "English", "layout": "normal", "legalities": {"alchemy": "Legal", "brawl": "Legal", "commander": "Legal", "duel": "Legal", "explorer": "Legal", "future": "Legal", "gladiator": "Legal", "historic": "Legal", "legacy": "Legal", "modern": "Legal", "oathbreaker": "Legal", "pauper": "Legal", "paupercommander": "Legal", "penny": "Legal", "pioneer": "Legal", "predh": "Legal", "premodern": "Legal", "standard": "Legal", "standardbrawl": "Legal", "timeless": "Legal", "vintage": "Legal"}, "manaValue": 0.0, "name": "Forest", "number": "101", "originalText": "G", "originalType": "Land", "printings": ["10E", "2ED", "2XM", "30A", "3ED", "40K", "4BB", "4ED", "5ED", "6ED", "7ED", "8ED", "9ED", "ACR", "AFR", "AKH", "AKR", "ALA", "ANA", "ANB", "ARC", "ATH", "AVR", "BBD", "BFZ", "BLB", "BRB", "BRO", "BTD", "C13", "C14", "C15", "C16", "C17", "C18", "C19", "CED", "CEI", "CHK", "CLB", "CLU", "CM2", "CMA", "CMD", "CMM", "CMR", "CST", "DD1", "DDD", "DDE", "DDG", "DDH", "DDJ", "DDL", "DDM", "DDO", "DDP", "DDR", "DDS", "DDU", "DKM", "DMR", "DMU", "DOM", "DPA", "DSK", "DTK", "E01", "ELD", "EVG", "FBB", "FRF", "G17", "GK1", "GK2", "GN2", "GN3", "GNT", "GRN", "GS1", "GVL", "H09", "HBG", "HOP", "HOU", "ICE", "IKO", "INV", "ISD", "ITP", "J14", "J22", "JMP", "KHM", "KLD", "KLR", "KTK", "LCI", "LEA", "LEB", "LRW", "LTR", "M10", "M11", "M12", "M13", "M14", "M15", "M19", "M20", "M21", "MBS", "ME1", "ME3", "MH2", "MH3", "MID", "MIR", "MKM", "MMQ", "MOM", "MRD", "NEO", "NPH", "ODY", "OLEP", "ONE", "ONS", "ORI", "OTJ", "P02", "P23", "PAL00", "PAL01", "PAL03", "PAL04", "PAL05", "PAL06", "PAL99", "PALP", "PANA", "PARL", "PC2", "PCA", "PELP", "PF19", "PF20", "PGPX", "PGRU", "PIP", "PLST", "PMPS", "PMPS06", "PMPS07", "PMPS08", "PMPS09", "PMPS10", "PMPS11", "POR", "PPP1", "PRM", "PRW2", "PRWK", "PS11", "PSAL", "PSS2", "PSS3", "PSS4", "PTC", "PTK", "PZ2", "RAV", "REX", "RIX", "RNA", "ROE", "RQS", "RTR", "S99", "SCD", "SHM", "SIR", "SLD", "SNC", "SOI", "SOM", "STX", "SUM", "TD0", "TD2", "THB", "THS", "TMP", "TPR", "TSP", "UGL", "UND", "UNF", "UNH", "USG", "UST", "VOW", "WAR", "WC00", "WC01", "WC02", "WC03", "WC04", "WC97", "WC98", "WC99", "WHO", "WOE", "XANA", "XLN", "ZEN", "ZNR"], "purchaseUrls": {"tcgplayer": "https://mtgjson.com/links/dab5ffd16db73fe3"}, "rarity": "common", "setCode": "BRB", "sourceProducts": {"nonfoil": ["7e74e34d-f8a1-50f4-b3f2-477e41d02857", "976e880f-6f2f-589c-9956-d23000160b8b"]}, "subtypes": ["Forest"], "supertypes": ["Basic"], "text": "({T}: Add {G}.)", "type": "Basic Land — Forest", "types": ["Land"], "uuid": "d0fbb33b-cd41-5fb7-8518-382dd07860d1", "variations": ["7a93ba4d-2c04-5918-b615-79f3352e11f6", "99a80905-49fd-5b63-bcbf-2c066cf6b29f", "e70aced0-54af-5b7e-9b55-4f0d62286595", "5276a932-0c90-5e10-8a76-1473237b7f75", "93b66126-9e7d-5e91-8448-1a76a948a5bf", "9b2bc0dd-61df-5737-9a11-2d8f28cc2b28", "fd7330b4-c646-5d27-a1bb-090d3b86c5d8", "c22feec5-75a3-50f3-986e-fbe5513ffa41"]}, {"artist": "Jeff Laubenstein", "artistIds": ["7c5b6391-2a5a-4b78-b19d-2b181149cb0f"], "availability": ["paper"], "borderColor": "white", "colorIdentity": ["G", "R"], "colors": [], "convertedManaCost": 0.0, "count": 1, "edhrecRank": 21272, "edhrecSaltiness": 0.06, "finishes": ["nonfoil"], "foreignData": [], "frameVersion": "1997", "hasFoil": false, "hasNonFoil": true, "identifiers": {"cardsphereId": "6282", "mcmId": "14652", "mtgjsonV4Id": "3cd5d845-da4d-565a-be80-a33b9d7b186d", "multiverseId": "21117", "scryfallCardBackId": "0aeebaf5-8c7d-4636-9e82-8c27447861f7", "scryfallId": "7f37fd84-257d-4339-b1e1-1726dc66aaee", "scryfallIllustrationId": "22eb50ca-9bb1-4d87-8098-8fde09052482", "scryfallOracleId": "1745fd57-467c-45f9-a46e-b9a2af87ec87", "tcgplayerProductId": "37587"}, "isFoil": false, "isReprint": true, "isStarter": true, "language": "English", "layout": "normal", "legalities": {"commander": "Legal", "duel": "Legal", "legacy": "Legal", "oathbreaker": "Legal", "predh": "Legal", "premodern": "Legal", "vintage": "Legal"}, "manaValue": 0.0, "name": "Mogg Hollows", "number": "45", "originalText": "oc\nT: Add one colorless mana to your mana pool.\noc\nT: Add o\nR or o\nG to your mana pool. Mogg Hollows doesn't untap during your next untap phase.", "originalType": "Land", "printings": ["BRB", "TMP", "TPR"], "purchaseUrls": {"tcgplayer": "https://mtgjson.com/links/22b21315baafd679"}, "rarity": "uncommon", "setCode": "BRB", "sourceProducts": {"nonfoil": ["976e880f-6f2f-589c-9956-d23000160b8b"]}, "subtypes": [], "supertypes": [], "text": "{T}: Add {C}.\n{T}: Add {R} or {G}. Mogg Hollows doesn't untap during your next untap step.", "type": "Land", "types": ["Land"], "uuid": "bac5fa61-5db3-5cf7-bc29-84c52ed6b8cb"}, {"artist": "John Avon", "artistIds": ["798f3932-30e0-4420-aa3f-db4d613f89ca"], "availability": ["paper"], "borderColor": "white", "colorIdentity": ["R"], "colors": [], "convertedManaCost": 0.0, "count": 6, "edhrecSaltiness": 0.35, "finishes": ["nonfoil"], "foreignData": [], "frameVersion": "1997", "hasFoil": false, "hasNonFoil": true, "identifiers": {"cardsphereId": "6285", "mcmId": "14722", "mtgjsonV4Id": "aedfdcf2-fa63-5c11-ba2a-84489bd5338e", "multiverseId": "22344", "scryfallCardBackId": "0aeebaf5-8c7d-4636-9e82-8c27447861f7", "scryfallId": "6c36dfec-3f86-463c-85b3-2b6bca042aaa", "scryfallIllustrationId": "2475e50f-9b7d-4b38-aea6-c3aa30553199", "scryfallOracleId": "a3fb7228-e76b-4e96-a40e-20b5fed75685", "tcgplayerProductId": "80189"}, "isFoil": false, "isReprint": true, "isStarter": true, "language": "English", "layout": "normal", "legalities": {"alchemy": "Legal", "brawl": "Legal", "commander": "Legal", "duel": "Legal", "explorer": "Legal", "future": "Legal", "gladiator": "Legal", "historic": "Legal", "legacy": "Legal", "modern": "Legal", "oathbreaker": "Legal", "pauper": "Legal", "paupercommander": "Legal", "penny": "Legal", "pioneer": "Legal", "predh": "Legal", "premodern": "Legal", "standard": "Legal", "standardbrawl": "Legal", "timeless": "Legal", "vintage": "Legal"}, "manaValue": 0.0, "name": "Mountain", "number": "115", "originalText": "R", "originalType": "Land", "printings": ["10E", "2ED", "2XM", "30A", "3ED", "40K", "4BB", "4ED", "5ED", "6ED", "7ED", "8ED", "9ED", "ACR", "AFR", "AKH", "AKR", "ALA", "ANA", "ANB", "ARC", "ARN", "ATH", "AVR", "BBD", "BFZ", "BLB", "BRB", "BRC", "BRO", "BTD", "C13", "C14", "C15", "C16", "C17", "C18", "C19", "CED", "CEI", "CHK", "CLB", "CLU", "CM2", "CMA", "CMD", "CMM", "CMR", "CST", "DD1", "DD2", "DDE", "DDG", "DDH", "DDI", "DDJ", "DDK", "DDL", "DDN", "DDP", "DDS", "DDT", "DDU", "DKM", "DMR", "DMU", "DOM", "DPA", "DSK", "DTK", "E01", "ELD", "EVG", "FBB", "FRF", "G17", "GK1", "GK2", "GN2", "GN3", "GNT", "GRN", "GS1", "H09", "HBG", "HOP", "HOU", "ICE", "IKO", "INV", "ISD", "ITP", "J14", "J22", "JMP", "JVC", "KHM", "KLD", "KLR", "KTK", "LCI", "LEA", "LEB", "LRW", "LTR", "M10", "M11", "M12", "M13", "M14", "M15", "M19", "M20", "M21", "MBS", "ME1", "ME3", "MH2", "MH3", "MID", "MIR", "MKM", "MMQ", "MOM", "MRD", "NEO", "NPH", "ODY", "OLEP", "ONE", "ONS", "ORI", "OTJ", "P02", "P23", "PAL00", "PAL01", "PAL03", "PAL04", "PAL05", "PAL06", "PAL99", "PALP", "PANA", "PARL", "PC2", "PCA", "PD2", "PELP", "PF19", "PF20", "PGPX", "PGRU", "PIP", "PL24", "PLST", "PMPS", "PMPS06", "PMPS07", "PMPS08", "PMPS09", "PMPS10", "PMPS11", "POR", "PPP1", "PRM", "PRW2", "PRWK", "PS11", "PSAL", "PSS2", "PSS3", "PSS4", "PTC", "PTK", "PZ2", "RAV", "REX", "RIX", "RNA", "ROE", "RQS", "RTR", "S99", "SCD", "SHM", "SIR", "SLD", "SNC", "SOI", "SOM", "STX", "SUM", "TD0", "THB", "THS", "TMP", "TPR", "TSP", "UGL", "UND", "UNF", "UNH", "USG", "UST", "VOW", "WAR", "WC00", "WC01", "WC02", "WC03", "WC97", "WC98", "WC99", "WHO", "WOE", "XANA", "XLN", "ZEN", "ZNR"], "purchaseUrls": {"tcgplayer": "https://mtgjson.com/links/f3e4fdea2928bc84"}, "rarity": "common", "setCode": "BRB", "sourceProducts": {"nonfoil": ["33280afb-f33d-522d-83cd-2c47bc115263", "976e880f-6f2f-589c-9956-d23000160b8b"]}, "subtypes": ["Mountain"], "supertypes": ["Basic"], "text": "({T}: Add {R}.)", "type": "Basic Land — Mountain", "types": ["Land"], "uuid": "6bb7189a-ccc2-5e8e-9bfc-3ad871cd6675", "variations": ["b6ef228a-011a-5896-ab72-fad2234027a7", "8800ef93-7a9a-5c02-a481-a894fdc3a15f", "83cfaec9-8834-53f8-b19e-be31ededd238", "eb7f6616-aa24-5146-862b-fdc1ae7109b7", "9f38dafc-d41e-5757-8456-fccead707d1e", "6171de51-7abd-5f1b-94ca-9cd2b106d93b", "ae27bde2-1d3d-544c-ade2-634ad399b751", "8e7b6b28-510c-5224-876a-32eec37d66a5"]}, {"artist": "Stephen Daniele", "artistIds": ["a267f9bb-072b-410a-a704-50f4d19020d8"], "availability": ["paper"], "borderColor": "white", "colorIdentity": ["G"], "colors": [], "convertedManaCost": 0.0, "count": 1, "edhrecRank": 3808, "edhrecSaltiness": 0.05, "finishes": ["nonfoil"], "foreignData": [], "frameVersion": "1997", "hasFoil": false, "hasNonFoil": true, "identifiers": {"cardsphereId": "6328", "mcmId": "14680", "mtgjsonV4Id": "b7979f89-7201-5624-a28c-90fb8961d8c6", "multiverseId": "21199", "scryfallCardBackId": "0aeebaf5-8c7d-4636-9e82-8c27447861f7", "scryfallId": "6c151ff8-4bc3-4855-acc3-efe698078d93", "scryfallIllustrationId": "0368ba96-efa8-4bde-847d-f9ad9288567c", "scryfallOracleId": "58bfd9a1-67ce-41d0-be38-f05addd1dd9e", "tcgplayerProductId": "37617"}, "isFoil": false, "isReprint": true, "isStarter": true, "keywords": ["Cycling"], "language": "English", "layout": "normal", "legalities": {"commander": "Legal", "duel": "Legal", "legacy": "Legal", "oathbreaker": "Legal", "pauper": "Legal", "paupercommander": "Legal", "predh": "Legal", "premodern": "Legal", "vintage": "Legal"}, "manaValue": 0.0, "name": "Slippery Karst", "number": "73", "originalText": "Cycling o2 (You may pay o2 and discard this card from your hand to draw a card. Play this ability any time you could play an instant.)\nSlippery Karst comes into play tapped.\noc\nT: Add o\nG to your mana pool.", "originalType": "Land", "printings": ["ATH", "BRB", "BTD", "C13", "C14", "C15", "CMA", "DDD", "DMR", "GVL", "USG"], "purchaseUrls": {"tcgplayer": "https://mtgjson.com/links/728e229fbe07d37f"}, "rarity": "common", "setCode": "BRB", "sourceProducts": {"nonfoil": ["976e880f-6f2f-589c-9956-d23000160b8b"]}, "subtypes": [], "supertypes": [], "text": "Slippery Karst enters tapped.\n{T}: Add {G}.\nCycling {2} ({2}, Discard this card: Draw a card.)", "type": "Land", "types": ["Land"], "uuid": "32678ea4-9741-5c67-a279-671d4db8c8c0"}], "name": "Chargoyf", "releaseDate": "1999-11-12", "sealedProductUuids": null, "sideBoard": [], "type": "Theme Deck"}}