{"meta": {"date": "2024-09-03", "version": "5.2.2+20240903"}, "data": {"code": "ULG", "commander": [], "mainBoard": [{"artist": "Anthony S. Waters", "artistIds": ["f009de11-3c8d-4663-b996-ca0c3e997fad"], "availability": ["mtgo", "paper"], "boosterTypes": ["default"], "borderColor": "black", "colorIdentity": ["G"], "colors": [], "convertedManaCost": 0.0, "count": 17, "edhrecSaltiness": 0.35, "finishes": ["nonfoil"], "foreignData": [{"identifiers": {"scryfallId": "9e17985c-bb98-42c1-860c-a632999723a1"}, "language": "German", "name": "Wald"}, {"identifiers": {"scryfallId": "2e75ba11-d64c-45fb-8f14-29d60de7fc0e"}, "language": "Spanish", "name": "Bosque"}, {"identifiers": {"scryfallId": "f0d44187-d2d5-4417-a34e-9f27f3cb41b9"}, "language": "French", "name": "Forêt"}, {"identifiers": {"scryfallId": "2e49f438-6cb7-4f14-89e8-7b7e974d5c89"}, "language": "Italian", "name": "Foresta"}, {"identifiers": {"scryfallId": "40c7cb9c-22a6-43f5-a09b-bfb611f5f844"}, "language": "Japanese", "name": "森"}, {"identifiers": {"scryfallId": "bc71a65d-24a2-41f3-9c36-c5cafc8f9d6c"}, "language": "Portuguese (Brazil)", "name": "Floresta"}], "frameVersion": "1997", "hasFoil": false, "hasNonFoil": true, "identifiers": {"cardsphereId": "46583", "mcmId": "10554", "mtgjsonV4Id": "e9297276-1d42-575b-9670-ff8b9496c74b", "mtgoFoilId": "12428", "mtgoId": "12427", "multiverseId": "8338", "scryfallCardBackId": "0aeebaf5-8c7d-4636-9e82-8c27447861f7", "scryfallId": "b38c68a5-86eb-4fb2-8a43-4a7d63195462", "scryfallIllustrationId": "5b876ba8-65b3-469d-b24a-396c15519744", "scryfallOracleId": "b34bb2dc-c1af-4d77-b0b3-a0fb342a5fc6", "tcgplayerProductId": "18529"}, "isFoil": false, "isReprint": true, "language": "English", "layout": "normal", "legalities": {"alchemy": "Legal", "brawl": "Legal", "commander": "Legal", "duel": "Legal", "explorer": "Legal", "future": "Legal", "gladiator": "Legal", "historic": "Legal", "legacy": "Legal", "modern": "Legal", "oathbreaker": "Legal", "pauper": "Legal", "paupercommander": "Legal", "penny": "Legal", "pioneer": "Legal", "predh": "Legal", "premodern": "Legal", "standard": "Legal", "standardbrawl": "Legal", "timeless": "Legal", "vintage": "Legal"}, "manaValue": 0.0, "name": "Forest", "number": "347", "originalText": "oc\nT: Add o\nG to your mana pool.", "originalType": "Land", "printings": ["10E", "2ED", "2XM", "30A", "3ED", "40K", "4BB", "4ED", "5ED", "6ED", "7ED", "8ED", "9ED", "ACR", "AFR", "AKH", "AKR", "ALA", "ANA", "ANB", "ARC", "ATH", "AVR", "BBD", "BFZ", "BLB", "BRB", "BRO", "BTD", "C13", "C14", "C15", "C16", "C17", "C18", "C19", "CED", "CEI", "CHK", "CLB", "CLU", "CM2", "CMA", "CMD", "CMM", "CMR", "CST", "DD1", "DDD", "DDE", "DDG", "DDH", "DDJ", "DDL", "DDM", "DDO", "DDP", "DDR", "DDS", "DDU", "DKM", "DMR", "DMU", "DOM", "DPA", "DSK", "DTK", "E01", "ELD", "EVG", "FBB", "FRF", "G17", "GK1", "GK2", "GN2", "GN3", "GNT", "GRN", "GS1", "GVL", "H09", "HBG", "HOP", "HOU", "ICE", "IKO", "INV", "ISD", "ITP", "J14", "J22", "JMP", "KHM", "KLD", "KLR", "KTK", "LCI", "LEA", "LEB", "LRW", "LTR", "M10", "M11", "M12", "M13", "M14", "M15", "M19", "M20", "M21", "MBS", "ME1", "ME3", "MH2", "MH3", "MID", "MIR", "MKM", "MMQ", "MOM", "MRD", "NEO", "NPH", "ODY", "OLEP", "ONE", "ONS", "ORI", "OTJ", "P02", "P23", "PAL00", "PAL01", "PAL03", "PAL04", "PAL05", "PAL06", "PAL99", "PALP", "PANA", "PARL", "PC2", "PCA", "PELP", "PF19", "PF20", "PGPX", "PGRU", "PIP", "PLST", "PMPS", "PMPS06", "PMPS07", "PMPS08", "PMPS09", "PMPS10", "PMPS11", "POR", "PPP1", "PRM", "PRW2", "PRWK", "PS11", "PSAL", "PSS2", "PSS3", "PSS4", "PTC", "PTK", "PZ2", "RAV", "REX", "RIX", "RNA", "ROE", "RQS", "RTR", "S99", "SCD", "SHM", "SIR", "SLD", "SNC", "SOI", "SOM", "STX", "SUM", "TD0", "TD2", "THB", "THS", "TMP", "TPR", "TSP", "UGL", "UND", "UNF", "UNH", "USG", "UST", "VOW", "WAR", "WC00", "WC01", "WC02", "WC03", "WC04", "WC97", "WC98", "WC99", "WHO", "WOE", "XANA", "XLN", "ZEN", "ZNR"], "purchaseUrls": {"tcgplayer": "https://mtgjson.com/links/a35de74f946256be"}, "rarity": "common", "setCode": "USG", "sourceProducts": {"nonfoil": ["24c34c41-34ac-55ba-a4ff-ac9ee44f0366", "287ee793-65db-5cb8-b9e5-7422e7eecdd9", "354f7dd5-ba02-5cb9-92d5-762754bbc748", "96772e6d-0aba-5362-ab10-d5f3f6d23634", "ade128d4-3feb-5e55-8240-b4366cee9b42"]}, "subtypes": ["Forest"], "supertypes": ["Basic"], "text": "({T}: Add {G}.)", "type": "Basic Land — Forest", "types": ["Land"], "uuid": "facd71a4-bd47-5062-9bb4-ecf7b020cd70", "variations": ["dfbc3eca-eab8-5025-a8d7-d79510256346", "85413a85-8717-567f-9136-84a4c5d1c148", "4366df09-610d-5509-bb9d-93fb2d06cbe5"]}, {"artist": "Rob Alexander", "artistIds": ["35906871-6c78-4ab2-9ed1-e6792c8efb74"], "availability": ["mtgo", "paper"], "boosterTypes": ["default"], "borderColor": "black", "colorIdentity": ["W"], "colors": [], "convertedManaCost": 0.0, "count": 4, "edhrecSaltiness": 0.28, "finishes": ["nonfoil"], "foreignData": [{"identifiers": {"scryfallId": "da42bbff-4a82-4982-9899-7994f342b211"}, "language": "German", "name": "Ebene"}, {"identifiers": {"scryfallId": "a9622060-63cd-451d-8232-f323d5c7e189"}, "language": "Spanish", "name": "Llanura"}, {"identifiers": {"scryfallId": "15f8eaae-a44b-4907-94b2-b34b4d5af98a"}, "language": "French", "name": "Plaine"}, {"identifiers": {"scryfallId": "d9bdf0d8-75b8-4c2b-8da7-67e776c47f3b"}, "language": "Italian", "name": "Pianura"}, {"identifiers": {"scryfallId": "da5d5252-8314-436b-ad65-70142ca7c041"}, "language": "Japanese", "name": "平地"}, {"identifiers": {"scryfallId": "47d34ae7-219c-46e1-a17e-c8ce67dfc09a"}, "language": "Portuguese (Brazil)", "name": "Planície"}], "frameVersion": "1997", "hasFoil": false, "hasNonFoil": true, "identifiers": {"cardsphereId": "46684", "mcmId": "10538", "mtgjsonV4Id": "4495a3ee-c5d1-5183-a56a-864fa4583e6d", "mtgoFoilId": "11862", "mtgoId": "11861", "multiverseId": "8322", "scryfallCardBackId": "0aeebaf5-8c7d-4636-9e82-8c27447861f7", "scryfallId": "b9e35567-05df-4a3f-8c29-d8327abc2e8d", "scryfallIllustrationId": "09cc434a-b0da-42d3-866c-11dccf658628", "scryfallOracleId": "bc71ebf6-2056-41f7-be35-b2e5c34afa99", "tcgplayerProductId": "18517"}, "isFoil": false, "isReprint": true, "language": "English", "layout": "normal", "legalities": {"alchemy": "Legal", "brawl": "Legal", "commander": "Legal", "duel": "Legal", "explorer": "Legal", "future": "Legal", "gladiator": "Legal", "historic": "Legal", "legacy": "Legal", "modern": "Legal", "oathbreaker": "Legal", "pauper": "Legal", "paupercommander": "Legal", "penny": "Legal", "pioneer": "Legal", "predh": "Legal", "premodern": "Legal", "standard": "Legal", "standardbrawl": "Legal", "timeless": "Legal", "vintage": "Legal"}, "manaValue": 0.0, "name": "Plains", "number": "331", "originalText": "oc\nT: Add o\nW to your mana pool.", "originalType": "Land", "printings": ["10E", "2ED", "2XM", "30A", "3ED", "40K", "4BB", "4ED", "5ED", "6ED", "7ED", "8ED", "9ED", "ACR", "AFR", "AKH", "AKR", "ALA", "ANA", "ANB", "ARC", "ATH", "AVR", "BBD", "BFZ", "BLB", "BRB", "BRC", "BRO", "C13", "C14", "C15", "C16", "C17", "C18", "C19", "CED", "CEI", "CHK", "CLB", "CLU", "CM2", "CMA", "CMD", "CMM", "CMR", "CST", "DDC", "DDE", "DDF", "DDG", "DDH", "DDI", "DDK", "DDL", "DDN", "DDO", "DDP", "DDQ", "DMR", "DMU", "DOM", "DSK", "DTK", "DVD", "E01", "ELD", "FBB", "FDN", "FRF", "G17", "GK1", "GK2", "GN2", "GN3", "GNT", "GRN", "GS1", "H09", "HBG", "HOP", "HOU", "ICE", "IKO", "INV", "ISD", "ITP", "J14", "J22", "JMP", "KHM", "KLD", "KLR", "KTK", "LCI", "LEA", "LEB", "LRW", "LTR", "M10", "M11", "M12", "M13", "M14", "M15", "M19", "M20", "M21", "MBS", "MD1", "ME1", "ME3", "MH2", "MH3", "MID", "MIR", "MKM", "MMQ", "MOM", "MRD", "NEO", "NPH", "ODY", "OLEP", "ONE", "ONS", "ORI", "OTJ", "P02", "P23", "PAL00", "PAL01", "PAL03", "PAL04", "PAL05", "PAL06", "PAL99", "PALP", "PANA", "PARL", "PC2", "PCA", "PDGM", "PELP", "PF19", "PF20", "PGPX", "PGRU", "PIP", "PLST", "PMPS", "PMPS06", "PMPS07", "PMPS08", "PMPS09", "PMPS10", "PMPS11", "POR", "PPP1", "PRM", "PRW2", "PRWK", "PS11", "PSAL", "PSS2", "PSS3", "PSS4", "PTC", "PTK", "PZ2", "RAV", "REX", "RIX", "RNA", "ROE", "RQS", "RTR", "S99", "SCD", "SHM", "SIR", "SLD", "SLP", "SNC", "SOI", "SOM", "STX", "SUM", "TD0", "TD2", "THB", "THS", "TMP", "TPR", "TSP", "UGL", "UND", "UNF", "UNH", "USG", "UST", "VOW", "WAR", "WC00", "WC02", "WC03", "WC04", "WC97", "WC98", "WHO", "WOE", "XANA", "XLN", "ZEN", "ZNR"], "purchaseUrls": {"tcgplayer": "https://mtgjson.com/links/a24795b107704dbe"}, "rarity": "common", "setCode": "USG", "sourceProducts": {"nonfoil": ["13e34096-9752-5d9f-9658-0ecd712e60cc", "287ee793-65db-5cb8-b9e5-7422e7eecdd9", "4656cb47-34b8-5dff-93bd-577f0e7e01f7", "6684a38d-ad2b-5c65-9f73-266921d16597", "96772e6d-0aba-5362-ab10-d5f3f6d23634", "c7fb49ad-09ce-50bc-b8f6-552e0a96b994", "ffc34058-2090-5835-b29b-f3fb8f6f85aa"]}, "subtypes": ["Plains"], "supertypes": ["Basic"], "text": "({T}: Add {W}.)", "type": "Basic Land — Plains", "types": ["Land"], "uuid": "566fb554-5412-50b2-8563-20e3b88a3443", "variations": ["57bd34f7-317e-517c-8143-51c9cd3b3cde", "8b1cdc8a-763a-59ed-9443-cdf2ebd270cb", "51ed2a66-b091-5e69-a513-8574bad7d25d"]}, {"artist": "Bob Eggleton", "artistIds": ["fc0fb0e9-aa30-4143-a43e-d20b4aa9d8ed"], "availability": ["mtgo", "paper"], "boosterTypes": ["default"], "borderColor": "black", "colorIdentity": ["W"], "colors": [], "convertedManaCost": 0.0, "count": 3, "edhrecRank": 3562, "edhrecSaltiness": 0.04, "finishes": ["nonfoil"], "foreignData": [{"identifiers": {"scryfallId": "211dd719-8628-4325-a260-71439c5f7632"}, "language": "German", "name": "Schwebende Wiesen", "text": "Die Schwebenden Wiesen kommen getappt ins Spiel.\n{T}:Erhöhe deinen Manavorrat um W.\nUmwandlung 2", "type": "Land"}, {"identifiers": {"scryfallId": "d9b3c544-03fb-42f3-9b66-de0dd398d0a8"}, "language": "Spanish", "name": "Pradera a la deriva"}, {"identifiers": {"scryfallId": "468e0f78-2f12-416a-9ece-bcf047d074da"}, "language": "French", "name": "Prairie dérivante"}, {"identifiers": {"scryfallId": "65935797-cdc3-412b-836c-1c43c61d1677"}, "language": "Italian", "name": "Prateria Sospesa"}, {"identifiers": {"scryfallId": "f050da25-dfb0-4bf3-8bcc-3ae95113495c"}, "language": "Japanese", "name": "漂う牧草地"}, {"identifiers": {"scryfallId": "97ce97ed-d089-4d5e-bdb0-ed5a92b114d6"}, "language": "Portuguese (Brazil)", "name": "Campina Flutuante"}], "frameVersion": "1997", "hasFoil": false, "hasNonFoil": true, "identifiers": {"cardsphereId": "46557", "mcmId": "10527", "mcmMetaId": "1613", "mtgjsonV4Id": "eb8023cf-dfd6-517b-8851-772e1ed26f59", "mtgoFoilId": "11974", "mtgoId": "11973", "multiverseId": "5805", "scryfallCardBackId": "0aeebaf5-8c7d-4636-9e82-8c27447861f7", "scryfallId": "a8f669f7-0b36-4c82-8e32-15314ec0c0c4", "scryfallIllustrationId": "0d17fee0-e748-49be-9151-1f5e9602f4f3", "scryfallOracleId": "c6eb2814-0021-4308-ad44-6c8cc59b0d1c", "tcgplayerProductId": "6851"}, "isFoil": false, "keywords": ["Cycling"], "language": "English", "layout": "normal", "legalities": {"commander": "Legal", "duel": "Legal", "legacy": "Legal", "oathbreaker": "Legal", "pauper": "Legal", "paupercommander": "Legal", "predh": "Legal", "premodern": "Legal", "vintage": "Legal"}, "manaValue": 0.0, "name": "Drifting Meadow", "number": "320", "originalText": "Drifting Meadow comes into play tapped.\noc\nT: Add o\nW to your mana pool.\nCycling o2 (You may pay o2 and discard this card from your hand to draw a card. Play this ability as an instant.)", "originalType": "Land", "printings": ["ATH", "BRB", "C13", "C14", "C15", "C20", "CM2", "DMR", "USG"], "purchaseUrls": {"cardmarket": "https://mtgjson.com/links/d74d62bb1e3291be", "tcgplayer": "https://mtgjson.com/links/6f86919438b1060c"}, "rarity": "common", "setCode": "USG", "sourceProducts": {"nonfoil": ["13e34096-9752-5d9f-9658-0ecd712e60cc", "287ee793-65db-5cb8-b9e5-7422e7eecdd9", "4656cb47-34b8-5dff-93bd-577f0e7e01f7", "6684a38d-ad2b-5c65-9f73-266921d16597", "96772e6d-0aba-5362-ab10-d5f3f6d23634", "c7fb49ad-09ce-50bc-b8f6-552e0a96b994", "c901ab11-9d40-5fc1-a603-470b42f4b48b", "ffc34058-2090-5835-b29b-f3fb8f6f85aa"]}, "subtypes": [], "supertypes": [], "text": "Drifting Meadow enters tapped.\n{T}: Add {W}.\nCycling {2} ({2}, Discard this card: Draw a card.)", "type": "Land", "types": ["Land"], "uuid": "7cded439-dfb5-523f-be91-10c6ac3ce48f"}, {"artist": "Anthony S. Waters", "artistIds": ["f009de11-3c8d-4663-b996-ca0c3e997fad"], "availability": ["mtgo", "paper"], "boosterTypes": ["default"], "borderColor": "black", "colorIdentity": ["G"], "colors": [], "convertedManaCost": 0.0, "count": 1, "edhrecRank": 4778, "edhrecSaltiness": 0.06, "finishes": ["nonfoil", "foil"], "foreignData": [{"identifiers": {"scryfallId": "6fad9445-a4e5-4d9a-ba1a-c5091932d3d3"}, "language": "German", "name": "Baumwipfeldorf", "text": "Das Baumwipfeldorf kommt getappt ins Spiel.\n{T}: Erhöhe Deinen Manavorrat um ein grünes Mana.\n{1}{G}: Das Baumwipfeldorf wird bis zum Ende des Zuges zu einer 3/3 grünen Kreatur, die Trampelschaden verursacht. Diese Kreatur zählt immer noch als Land.", "type": "Land"}, {"identifiers": {"scryfallId": "5a074fe3-b63e-4961-a702-eb9f38bfebe6"}, "language": "Spanish", "name": "Aldea en las copas"}, {"identifiers": {"scryfallId": "5403c371-ec4b-4eb3-a910-0e39ffc7391d"}, "language": "French", "name": "Village arboricole"}, {"identifiers": {"scryfallId": "2479b610-b1da-4e80-9bd9-33080c8faabc"}, "language": "Italian", "name": "Villaggio Arboricolo"}, {"identifiers": {"scryfallId": "91b55e28-e9cd-4468-83ef-d697b716ed4b"}, "language": "Japanese", "name": "樹上の村"}, {"identifiers": {"scryfallId": "07397914-18f1-4a32-9f08-2185b757f0d9"}, "language": "Portuguese (Brazil)", "name": "Aldeia nas Copas"}], "frameVersion": "1997", "hasFoil": true, "hasNonFoil": true, "identifiers": {"cardsphereFoilId": "46443", "cardsphereId": "46444", "mcmId": "10700", "mcmMetaId": "6141", "mtgjsonV4Id": "97e14709-89e5-5bfb-8b02-6d2f016d3e13", "mtgoFoilId": "12502", "mtgoId": "12501", "multiverseId": "12498", "scryfallCardBackId": "0aeebaf5-8c7d-4636-9e82-8c27447861f7", "scryfallId": "02212bd8-0c0f-4e8e-99f1-a8477476c03a", "scryfallIllustrationId": "a69cacc5-33c1-42c7-907f-042e4fa74172", "scryfallOracleId": "b53f216d-1592-4eee-b204-502a805fbc8c", "tcgplayerProductId": "6404"}, "isFoil": false, "language": "English", "layout": "normal", "legalities": {"commander": "Legal", "duel": "Legal", "legacy": "Legal", "modern": "Legal", "oathbreaker": "Legal", "predh": "Legal", "premodern": "Legal", "vintage": "Legal"}, "manaValue": 0.0, "name": "Treetop Village", "number": "143", "originalText": "Treetop Village comes into play tapped.\noc\nT: Add one green mana to your mana pool.\no1oo\nG Treetop Village becomes a 3/3 green creature with trample until end of turn. This creature still counts as a land.", "originalType": "Land", "printings": ["10E", "DDD", "DDG", "DDR", "DDU", "F04", "GVL", "J22", "P10E", "PLST", "PRM", "ULG", "WC99"], "purchaseUrls": {"cardmarket": "https://mtgjson.com/links/9476c401d6ff2cbe", "tcgplayer": "https://mtgjson.com/links/ad319086a809ef71"}, "rarity": "uncommon", "rulings": [{"date": "2008-08-01", "text": "A noncreature permanent that turns into a creature can attack, and its {T} abilities can be activated, only if its controller has continuously controlled that permanent since the beginning of their most recent turn. It doesn’t matter how long the permanent has been a creature."}, {"date": "2009-10-01", "text": "Activating the ability that turns it into a creature while it’s already a creature will override any effects that set its power and/or toughness to a specific number. However, any effect that raises or lowers power and/or toughness (such as the effect created by Giant Growth, Glorious Anthem, or a +1/+1 counter) will continue to apply."}], "setCode": "ULG", "sourceProducts": {"foil": ["c7edd411-b36c-5fd3-8c1d-0424c020bf3c"], "nonfoil": ["287ee793-65db-5cb8-b9e5-7422e7eecdd9", "ade128d4-3feb-5e55-8240-b4366cee9b42", "c7edd411-b36c-5fd3-8c1d-0424c020bf3c"]}, "subtypes": [], "supertypes": [], "text": "Treetop Village enters tapped.\n{T}: Add {G}.\n{1}{G}: Treetop Village becomes a 3/3 green Ape creature with trample until end of turn. It's still a land. (It can deal excess combat damage to the player or planeswalker it's attacking.)", "type": "Land", "types": ["Land"], "uuid": "001f424c-6ae7-55f8-8a47-b396d77bc59d"}, {"artist": "Randy Elliott", "artistIds": ["b0ffcdc0-0af0-4d2d-bcb7-a926043695b4"], "availability": ["mtgo", "paper"], "boosterTypes": ["default"], "borderColor": "black", "colorIdentity": ["G"], "colors": ["G"], "convertedManaCost": 4.0, "count": 1, "edhrecRank": 25683, "edhrecSaltiness": 0.07, "finishes": ["nonfoil"], "flavorText": "In Argoth, the shortest path between two points is the one the swine make.", "foreignData": [{"identifiers": {"scryfallId": "95aecad7-6a9b-474b-8c8a-762cbc00e124"}, "language": "German", "name": "Argothisches Wildschwein", "text": "Verursacht Trampelschaden", "type": "Beschwörung von Wildschweinen"}, {"identifiers": {"scryfallId": "67e5ad6e-46f3-42e4-b05d-644800a68e69"}, "language": "Spanish", "name": "Puercos argotianos"}, {"identifiers": {"scryfallId": "bd842598-100d-43dd-a697-906f26d0a88e"}, "language": "French", "name": "Cochon sauvage d'Argoth"}, {"identifiers": {"scryfallId": "f5b0107c-5948-4a60-ad3f-82763b70c10d"}, "language": "Italian", "name": "Suino Argothiano"}, {"identifiers": {"scryfallId": "cfe532e0-4f6d-4652-a195-54cb7a703842"}, "language": "Japanese", "name": "アルゴスの猪"}, {"identifiers": {"scryfallId": "6dc63fd5-69bb-49f0-bfbe-cc6f7e1f6873"}, "language": "Portuguese (Brazil)", "name": "Suínos Argothianos"}], "frameVersion": "1997", "hasFoil": false, "hasNonFoil": true, "identifiers": {"cardsphereId": "46494", "mcmId": "10442", "mcmMetaId": "278", "mtgjsonV4Id": "d6376f4d-34e8-5ffc-b188-5e275af77a67", "mtgoFoilId": "11986", "mtgoId": "11985", "multiverseId": "5862", "scryfallCardBackId": "0aeebaf5-8c7d-4636-9e82-8c27447861f7", "scryfallId": "afe5e4ec-9c0e-4b1a-b3c6-e9631cf214eb", "scryfallIllustrationId": "39ad2b51-6960-4d2c-9e3a-a97e9e926cab", "scryfallOracleId": "80e08ee2-4272-4783-9a0d-90079600b594", "tcgplayerProductId": "6788"}, "isFoil": false, "keywords": ["Trample"], "language": "English", "layout": "normal", "legalities": {"commander": "Legal", "duel": "Legal", "legacy": "Legal", "oathbreaker": "Legal", "pauper": "Legal", "paupercommander": "Legal", "penny": "Legal", "predh": "Legal", "premodern": "Legal", "vintage": "Legal"}, "manaCost": "{3}{G}", "manaValue": 4.0, "name": "Argothian Swine", "number": "235", "originalText": "Trample", "originalType": "Summon - Boars", "power": "3", "printings": ["USG"], "purchaseUrls": {"cardmarket": "https://mtgjson.com/links/2d24538994489d6a", "tcgplayer": "https://mtgjson.com/links/81f2a5227c1efdcb"}, "rarity": "common", "setCode": "USG", "sourceProducts": {"nonfoil": ["287ee793-65db-5cb8-b9e5-7422e7eecdd9", "96772e6d-0aba-5362-ab10-d5f3f6d23634", "c901ab11-9d40-5fc1-a603-470b42f4b48b"]}, "subtypes": ["Boar"], "supertypes": [], "text": "Trample", "toughness": "3", "type": "Creature — Boar", "types": ["Creature"], "uuid": "381b8004-aae1-56d8-9366-0b7a82827110"}, {"artist": "Mark Zug", "artistIds": ["48e2b98c-5467-4671-bd42-4c3746115117"], "availability": ["mtgo", "paper"], "boosterTypes": ["default"], "borderColor": "black", "colorIdentity": ["G"], "colors": ["G"], "convertedManaCost": 3.0, "count": 1, "edhrecRank": 25968, "edhrecSaltiness": 0.12, "finishes": ["nonfoil"], "flavorText": "Mother, sleep / Dream our lives Our roots your soul / Our leaves your bed.", "foreignData": [{"identifiers": {"scryfallId": "9a357e31-1921-42cf-8154-76c6f7a2d2ad"}, "language": "German", "name": "Wiegenwächter", "text": "Verursacht Trampelschaden, Echo", "type": "Beschwörung von Baumhirten"}, {"identifiers": {"scryfallId": "b0364685-51e8-4838-9d18-e55da0dc8966"}, "language": "Spanish", "name": "Guardia de la cuna"}, {"identifiers": {"scryfallId": "82f45082-10f4-4695-adef-cea165ae8fa9"}, "language": "French", "name": "Garde du berceau"}, {"identifiers": {"scryfallId": "2f54127a-3ed4-4134-b6fb-0144864a113a"}, "language": "Italian", "name": "Guardia della Culla"}, {"identifiers": {"scryfallId": "a45486ef-4acb-4611-b01f-c0349b261725"}, "language": "Japanese", "name": "子守り"}, {"identifiers": {"scryfallId": "7eaa5abb-491f-422f-af4e-2476708b3a4c"}, "language": "Portuguese (Brazil)", "name": "Guarda do Berço"}], "frameVersion": "1997", "hasFoil": false, "hasNonFoil": true, "identifiers": {"cardsphereId": "46535", "mcmId": "10452", "mcmMetaId": "1165", "mtgjsonV4Id": "e9b87efe-554a-5701-981c-b37dd174dbb8", "mtgoFoilId": "12452", "mtgoId": "12451", "multiverseId": "5665", "scryfallCardBackId": "0aeebaf5-8c7d-4636-9e82-8c27447861f7", "scryfallId": "8b659c1c-cc0b-40f0-87b4-aeddb44dfac5", "scryfallIllustrationId": "1758353c-db53-421d-9850-e0a85a9348a0", "scryfallOracleId": "846c0867-6f0e-4e44-8f45-8f9720b62065", "tcgplayerProductId": "6829"}, "isFoil": false, "keywords": ["Echo", "Trample"], "language": "English", "layout": "normal", "legalities": {"commander": "Legal", "duel": "Legal", "legacy": "Legal", "oathbreaker": "Legal", "paupercommander": "Restricted", "predh": "Legal", "premodern": "Legal", "vintage": "Legal"}, "manaCost": "{1}{G}{G}", "manaValue": 3.0, "name": "Cradle Guard", "number": "245", "originalText": "Trample; echo (During your next upkeep after this permanent comes under your control, pay its casting cost or sacrifice it.)", "originalType": "Summon - Treefolk", "power": "4", "printings": ["PLST", "USG"], "purchaseUrls": {"cardmarket": "https://mtgjson.com/links/36fb528637699d2b", "tcgplayer": "https://mtgjson.com/links/f26248856f9f0ec8"}, "rarity": "uncommon", "setCode": "USG", "sourceProducts": {"nonfoil": ["24c34c41-34ac-55ba-a4ff-ac9ee44f0366", "287ee793-65db-5cb8-b9e5-7422e7eecdd9", "354f7dd5-ba02-5cb9-92d5-762754bbc748", "96772e6d-0aba-5362-ab10-d5f3f6d23634", "c901ab11-9d40-5fc1-a603-470b42f4b48b"]}, "subtypes": ["Treefolk"], "supertypes": [], "text": "Trample\nEcho {1}{G}{G} (At the beginning of your upkeep, if this came under your control since the beginning of your last upkeep, sacrifice it unless you pay its echo cost.)", "toughness": "4", "type": "Creature — Treefolk", "types": ["Creature"], "uuid": "49f86319-a5ab-5f4f-a158-1e409c44cd83"}, {"artist": "Tom Fleming", "artistIds": ["e220996f-9956-4049-9485-8599b61ce8a9"], "availability": ["mtgo", "paper"], "boosterTypes": ["default"], "borderColor": "black", "colorIdentity": ["G"], "colors": ["G"], "convertedManaCost": 1.0, "count": 1, "edhrecRank": 12912, "edhrecSaltiness": 0.08, "finishes": ["nonfoil"], "flavorText": "Before Urza and Mishra came to Argoth, the herders prevented their creatures from stampeding. During the war, they encouraged it.", "foreignData": [{"identifiers": {"scryfallId": "bd5d1510-0e54-48a7-ae85-4406b472b480"}, "language": "German", "name": "Elfenhirte", "text": "{G}: Eine Kreatur Deiner Wahl erhält Trampeln bis zum Ende des Zuges.", "type": "Beschwörung eines Elfen"}, {"identifiers": {"scryfallId": "8dd6e1e4-b4d3-4b9d-99b7-9f39cd092935"}, "language": "Spanish", "name": "Pastor élfico"}, {"identifiers": {"scryfallId": "8a0a184a-30df-44e9-b577-5832e36b8c23"}, "language": "French", "name": "Berger elfe"}, {"identifiers": {"scryfallId": "2d3ac364-5bed-4555-8a5b-88fa50241f6a"}, "language": "Italian", "name": "Allevatore Elfico"}, {"identifiers": {"scryfallId": "5777e955-6527-4bc8-9336-3510461d95a1"}, "language": "Japanese", "name": "エルフの牧人"}, {"identifiers": {"scryfallId": "1bd07ec2-dc8e-43dc-86c4-74760ef48e1a"}, "language": "Portuguese (Brazil)", "name": "Elfo Boiadeiro"}], "frameVersion": "1997", "hasFoil": false, "hasNonFoil": true, "identifiers": {"cardsphereId": "46563", "mcmId": "10454", "mcmMetaId": "1759", "mtgjsonV4Id": "3da1d781-c82d-5cb0-9c79-994b59daacc0", "mtgoFoilId": "12022", "mtgoId": "12021", "multiverseId": "5738", "scryfallCardBackId": "0aeebaf5-8c7d-4636-9e82-8c27447861f7", "scryfallId": "3cb2b07e-3d50-4b85-be2a-c99e9c8ebf25", "scryfallIllustrationId": "ae0d85cb-8e14-47be-9f8b-6f8e7551344a", "scryfallOracleId": "7832b90a-23b9-448c-9019-8ee2e8dfab31", "tcgplayerProductId": "6857"}, "isFoil": false, "language": "English", "layout": "normal", "legalities": {"commander": "Legal", "duel": "Legal", "legacy": "Legal", "oathbreaker": "Legal", "pauper": "Legal", "paupercommander": "Legal", "predh": "Legal", "premodern": "Legal", "vintage": "Legal"}, "manaCost": "{G}", "manaValue": 1.0, "name": "Elvish Herder", "number": "247", "originalText": "oo\nG Target creature gains trample until end of turn.", "originalType": "Summon - Elf", "power": "1", "printings": ["USG"], "purchaseUrls": {"cardmarket": "https://mtgjson.com/links/5012301d33333f13", "tcgplayer": "https://mtgjson.com/links/1bd29e9b1b7275dd"}, "rarity": "common", "setCode": "USG", "sourceProducts": {"nonfoil": ["287ee793-65db-5cb8-b9e5-7422e7eecdd9", "96772e6d-0aba-5362-ab10-d5f3f6d23634", "c901ab11-9d40-5fc1-a603-470b42f4b48b"]}, "subtypes": ["Elf"], "supertypes": [], "text": "{G}: Target creature gains trample until end of turn.", "toughness": "1", "type": "Creature — Elf", "types": ["Creature"], "uuid": "1aefc8da-4126-50b0-b4fd-5e8fb4edc174"}, {"artist": "Una Fricker", "artistIds": ["0471a371-1bf8-49f2-8e76-cbe3a0bfa7e8"], "availability": ["mtgo", "paper"], "boosterTypes": ["default"], "borderColor": "black", "colorIdentity": ["G"], "colors": ["G"], "convertedManaCost": 6.0, "count": 1, "edhrecRank": 23206, "finishes": ["nonfoil", "foil"], "flavorText": "The elk is Gaea's favorite, who wears the forest on its brow.", "foreignData": [{"identifiers": {"scryfallId": "a8e7ede9-7572-4363-9e9a-dd1e17e1667f"}, "language": "German", "name": "Rotwildherde", "text": "Immer wenn sie von einer Kreatur geblockt wird, erhält die Rotwildherde +2/+2 bis zum Ende des Zuges.", "type": "Beschwörung von Rotwild"}, {"identifiers": {"scryfallId": "7d40b1cb-4981-4c57-81ce-c521bc6c54f1"}, "language": "Spanish", "name": "Manada de alces"}, {"identifiers": {"scryfallId": "aa87476e-8d35-4741-80e3-3ed8de6e9bc9"}, "language": "French", "name": "Groupe de wapitis"}, {"identifiers": {"scryfallId": "8a3110d6-08de-428c-bd55-5375038d2b9c"}, "language": "Italian", "name": "Branco di Alci"}, {"identifiers": {"scryfallId": "53838891-da33-4b6e-9caf-3c7d11ad0f4d"}, "language": "Japanese", "name": "大鹿の一団"}, {"identifiers": {"scryfallId": "8bc1ac7b-d9a7-401c-a75d-9fa21b8aee69"}, "language": "Portuguese (Brazil)", "name": "Manada de Alces"}], "frameVersion": "1997", "hasFoil": true, "hasNonFoil": true, "identifiers": {"cardsphereFoilId": "46263", "cardsphereId": "46264", "mcmId": "10659", "mcmMetaId": "2273", "mtgjsonV4Id": "fab5be04-4863-5003-9fb8-65c7fbee808e", "mtgoFoilId": "12574", "mtgoId": "12573", "multiverseId": "12950", "scryfallCardBackId": "0aeebaf5-8c7d-4636-9e82-8c27447861f7", "scryfallId": "5a84177f-43a3-4d14-9a4c-2ca931cfe092", "scryfallIllustrationId": "714e84eb-3b75-47a0-828d-d89d3759d9a3", "scryfallOracleId": "b99d6d51-3ead-4b81-8e0c-f458619ebb24", "tcgplayerProductId": "6314"}, "isFoil": false, "language": "English", "layout": "normal", "legalities": {"commander": "Legal", "duel": "Legal", "legacy": "Legal", "oathbreaker": "Legal", "paupercommander": "Restricted", "predh": "Legal", "premodern": "Legal", "vintage": "Legal"}, "manaCost": "{5}{G}", "manaValue": 6.0, "name": "Gang of Elk", "number": "102", "originalText": "Whenever a creature blocks it, Gang of Elk gets +2/+2 until end of turn.", "originalType": "Summon - Beasts", "power": "5", "printings": ["7ED", "ULG"], "purchaseUrls": {"cardmarket": "https://mtgjson.com/links/9ecfc64e83c10fe5", "tcgplayer": "https://mtgjson.com/links/4e0ebcb5a8258536"}, "rarity": "uncommon", "rulings": [{"date": "2004-10-04", "text": "Gang of Elk gets the bonus once for each blocker."}], "setCode": "ULG", "sourceProducts": {"foil": ["c7edd411-b36c-5fd3-8c1d-0424c020bf3c"], "nonfoil": ["287ee793-65db-5cb8-b9e5-7422e7eecdd9", "c7edd411-b36c-5fd3-8c1d-0424c020bf3c"]}, "subtypes": ["Elk", "Beast"], "supertypes": [], "text": "Whenever Gang of Elk becomes blocked, it gets +2/+2 until end of turn for each creature blocking it.", "toughness": "4", "type": "Creature — Elk Beast", "types": ["Creature"], "uuid": "e3b7149a-4906-5cee-a6e2-ba11722bf87e"}, {"artist": "Una Fricker", "artistIds": ["0471a371-1bf8-49f2-8e76-cbe3a0bfa7e8"], "availability": ["mtgo", "paper"], "boosterTypes": ["default"], "borderColor": "black", "colorIdentity": ["G"], "colors": ["G"], "convertedManaCost": 3.0, "count": 1, "edhrecRank": 16799, "finishes": ["nonfoil", "foil"], "flavorText": "A wolf without a pack is either a survivor or a brute.", "foreignData": [{"identifiers": {"scryfallId": "613b34b2-e251-4855-b750-6bac3ea6c5af"}, "language": "German", "name": "Einsamer Wolf", "text": "Du kannst entscheiden, ob der Einsame Wolf seinen Kampfschaden direkt dem verteidigenden Spieler anstatt den ihn blockenden Kreaturen zufügt.", "type": "Beschwörung eines Wolfs"}, {"identifiers": {"scryfallId": "41161fee-587a-4886-914d-031be94abd9e"}, "language": "Spanish", "name": "Lobo solitario"}, {"identifiers": {"scryfallId": "5b284318-7d94-4704-9a5a-de0f3a16c8ad"}, "language": "French", "name": "Loup solitaire"}, {"identifiers": {"scryfallId": "9a8a2bb1-b43e-4dde-bd0d-49652bdafe7d"}, "language": "Italian", "name": "Lupo Solitario"}, {"identifiers": {"scryfallId": "bd982152-9f9e-4d5b-ae94-1dfc309b77fe"}, "language": "Japanese", "name": "一匹狼"}, {"identifiers": {"scryfallId": "e6f303c2-d3d5-4061-85a8-07cb5688aead"}, "language": "Portuguese (Brazil)", "name": "Lobo Solitário"}], "frameVersion": "1997", "hasFoil": true, "hasNonFoil": true, "identifiers": {"cardsphereFoilId": "46311", "cardsphereId": "46312", "mcmId": "10662", "mcmMetaId": "3347", "mtgjsonV4Id": "cae7c734-bc52-5664-9d4c-8f9ee6dd1509", "mtgoFoilId": "12566", "mtgoId": "12565", "multiverseId": "12436", "scryfallCardBackId": "0aeebaf5-8c7d-4636-9e82-8c27447861f7", "scryfallId": "e70ae8e9-852e-4e47-b48d-d1847666fc50", "scryfallIllustrationId": "dae93717-6382-47ae-9171-abd1a07ccf92", "scryfallOracleId": "f77dfcb6-72b0-4d50-8177-6f6c57a034b9", "tcgplayerProductId": "6338"}, "isFoil": false, "isReprint": true, "language": "English", "layout": "normal", "legalities": {"commander": "Legal", "duel": "Legal", "legacy": "Legal", "modern": "Legal", "oathbreaker": "Legal", "pauper": "Legal", "paupercommander": "Legal", "penny": "Legal", "predh": "Legal", "premodern": "Legal", "vintage": "Legal"}, "manaCost": "{2}{G}", "manaValue": 3.0, "name": "Lone Wolf", "number": "105", "originalText": "You may have Lone Wolf deal combat damage to defending player instead of to creatures blocking it.", "originalType": "Summon - Wolf", "power": "2", "printings": ["7ED", "8ED", "P02", "PTK", "S99", "ULG"], "purchaseUrls": {"cardmarket": "https://mtgjson.com/links/fcd4123b48820aba", "tcgplayer": "https://mtgjson.com/links/65fc70078416e9c2"}, "rarity": "uncommon", "rulings": [{"date": "2018-04-27", "text": "If blocked by a creature with banding, the defending player decides whether or not the damage is assigned “as though it weren’t blocked”."}, {"date": "2018-04-27", "text": "When assigning combat damage, you choose whether you want to assign all damage to blocking creatures, or if you want to assign all of it to the player or planeswalker this creature is attacking. You can’t split the damage assignment between them."}, {"date": "2018-04-27", "text": "You can decide to assign damage to the defending player or planeswalker even if the blocking creature has protection from green or damage preventing effects on it."}], "setCode": "ULG", "sourceProducts": {"foil": ["c7edd411-b36c-5fd3-8c1d-0424c020bf3c"], "nonfoil": ["287ee793-65db-5cb8-b9e5-7422e7eecdd9", "c7edd411-b36c-5fd3-8c1d-0424c020bf3c"]}, "subtypes": ["Wolf"], "supertypes": [], "text": "You may have Lone Wolf assign its combat damage as though it weren't blocked.", "toughness": "2", "type": "Creature — Wolf", "types": ["Creature"], "uuid": "5839e309-1880-5123-9e4c-8d5d60106ae2"}, {"artist": "Scott M. Fischer", "artistIds": ["23b0cf43-3e43-44c6-8329-96446eca5bce"], "availability": ["mtgo", "paper"], "boosterTypes": ["default"], "borderColor": "black", "colorIdentity": ["W"], "colors": ["W"], "convertedManaCost": 1.0, "count": 2, "edhrecRank": 386, "edhrecSaltiness": 0.69, "finishes": ["nonfoil", "foil"], "flavorText": "\"My family protects all families.\"", "foreignData": [{"identifiers": {"scryfallId": "853a587e-4f70-4abc-95f1-62ca88e407db"}, "language": "German", "name": "Mutter der Runen", "text": "{T}: Eine Kreatur Deiner Wahl, die Du kontrollierst, erhält Schutz vor einer Farbe Deiner Wahl bis zum Ende des Zuges.", "type": "Beschwörung einer Klerikerin"}, {"identifiers": {"scryfallId": "6e0b68fc-0883-43f4-96f3-b30c82632375"}, "language": "Spanish", "name": "Madre de las runas"}, {"identifiers": {"scryfallId": "19ea6b02-40b0-4d27-99e5-acc612569b23"}, "language": "French", "name": "Mère des runes"}, {"identifiers": {"scryfallId": "f1c01527-9d4e-4e9b-a94c-ddfddf705d5e"}, "language": "Italian", "name": "Madre delle Rune"}, {"identifiers": {"scryfallId": "197c4990-b69d-499d-953c-a6d76b6de1be"}, "language": "Japanese", "name": "ルーンの母"}, {"identifiers": {"scryfallId": "5ba6625c-b23f-4d77-832f-62af9e8f2288"}, "language": "Portuguese (Brazil)", "name": "Madre das Runas"}], "frameVersion": "1997", "hasFoil": true, "hasNonFoil": true, "identifiers": {"cardsphereFoilId": "46325", "cardsphereId": "46326", "mcmId": "10571", "mcmMetaId": "3742", "mtgjsonV4Id": "82dbd672-4b99-5f1e-85e2-6316bc6307d9", "mtgoFoilId": "12554", "mtgoId": "12553", "multiverseId": "5704", "scryfallCardBackId": "0aeebaf5-8c7d-4636-9e82-8c27447861f7", "scryfallId": "0b1a46ab-95cb-4c24-924f-fc2afd4fcac7", "scryfallIllustrationId": "59f603b3-c842-4ba1-aede-25947f8831ee", "scryfallOracleId": "60433b48-d27f-413c-905c-43839b1943f1", "tcgplayerProductId": "6345"}, "isFoil": false, "language": "English", "layout": "normal", "legalities": {"commander": "Legal", "duel": "Legal", "legacy": "Legal", "oathbreaker": "Legal", "paupercommander": "Restricted", "predh": "Legal", "premodern": "Legal", "vintage": "Legal"}, "manaCost": "{W}", "manaValue": 1.0, "name": "Mother of Runes", "number": "14", "originalText": "oc\nT: Target creature you control gains protection from a color of your choice until end of turn.", "originalType": "Summon - Cleric", "power": "1", "printings": ["CLB", "CMA", "CMD", "DDO", "EMA", "F04", "PLST", "PRM", "SLD", "ULG"], "purchaseUrls": {"cardmarket": "https://mtgjson.com/links/74cf4a132acfd387", "tcgplayer": "https://mtgjson.com/links/f83404846a351e2f"}, "rarity": "uncommon", "setCode": "ULG", "sourceProducts": {"foil": ["c7edd411-b36c-5fd3-8c1d-0424c020bf3c"], "nonfoil": ["287ee793-65db-5cb8-b9e5-7422e7eecdd9", "6684a38d-ad2b-5c65-9f73-266921d16597", "c7edd411-b36c-5fd3-8c1d-0424c020bf3c", "ffc34058-2090-5835-b29b-f3fb8f6f85aa"]}, "subtypes": ["Human", "Cleric"], "supertypes": [], "text": "{T}: Target creature you control gains protection from the color of your choice until end of turn.", "toughness": "1", "type": "Creature — Human Cleric", "types": ["Creature"], "uuid": "2d9077d1-de7c-5515-b6e2-d4034747a220"}, {"artist": "Pete Venters", "artistIds": ["d54c4a1a-c0c5-4834-84db-125d341f3ad8"], "availability": ["mtgo", "paper"], "boosterTypes": ["default"], "borderColor": "black", "colorIdentity": ["G"], "colors": ["G"], "convertedManaCost": 3.0, "count": 3, "edhrecRank": 17346, "finishes": ["nonfoil", "foil"], "flavorText": "These monkeys mean business.", "foreignData": [{"identifiers": {"scryfallId": "0577748b-b37b-434a-9503-e2742af05bbe"}, "language": "German", "name": "Randalierende Affen", "text": "Echo\nDu kannst die Randalierenden Affen immer dann spielen, wenn Du einen Spontanzauber spielen kannst.", "type": "Beschwörung von Menschenaffen"}, {"identifiers": {"scryfallId": "8e67b114-8c3c-4b9d-b40c-28115441fbfb"}, "language": "Spanish", "name": "Soldados simiescos"}, {"identifiers": {"scryfallId": "bdd5ebbb-798e-4f1d-a9b9-e09068e0a86a"}, "language": "French", "name": "Grognards simiesques"}, {"identifiers": {"scryfallId": "216c6f18-24b0-459a-9a3d-4e86311cfe91"}, "language": "Italian", "name": "Energumeni di Simia"}, {"identifiers": {"scryfallId": "af61e1a3-562d-4ca5-ab2a-32cd4142fa86"}, "language": "Japanese", "name": "うなる類人猿"}, {"identifiers": {"scryfallId": "d9f1d74b-3e4a-4209-b59e-4e7e04781bc9"}, "language": "Portuguese (Brazil)", "name": "Recrutas Símios"}], "frameVersion": "1997", "hasFoil": true, "hasNonFoil": true, "identifiers": {"cardsphereFoilId": "46405", "cardsphereId": "46406", "mcmId": "10670", "mcmMetaId": "5216", "mtgjsonV4Id": "85a84747-97a9-5aa3-b993-45213f32cc25", "mtgoFoilId": "12672", "mtgoId": "12671", "multiverseId": "12428", "scryfallCardBackId": "0aeebaf5-8c7d-4636-9e82-8c27447861f7", "scryfallId": "a0aaea3e-a67a-4d9c-9059-e6beb05f97b1", "scryfallIllustrationId": "8cf0181b-fb92-4511-8723-f0944675b96b", "scryfallOracleId": "158f4e87-60f1-43c1-b03d-9bbe4b824b39", "tcgplayerProductId": "6385"}, "isFoil": false, "keywords": ["Echo", "Flash"], "language": "English", "layout": "normal", "legalities": {"commander": "Legal", "duel": "Legal", "legacy": "Legal", "oathbreaker": "Legal", "pauper": "Legal", "paupercommander": "Legal", "penny": "Legal", "predh": "Legal", "premodern": "Legal", "vintage": "Legal"}, "manaCost": "{2}{G}", "manaValue": 3.0, "name": "Simian Grunts", "number": "113", "originalText": "Echo (During your next upkeep after this permanent comes under your control, pay its casting cost or sacrifice it.)\nYou may play Simian Grunts any time you could play an instant.", "originalType": "Summon - Apes", "power": "3", "printings": ["ULG", "VMA"], "purchaseUrls": {"cardmarket": "https://mtgjson.com/links/0618eaa0496c7068", "tcgplayer": "https://mtgjson.com/links/237fdc7da75c15f8"}, "rarity": "common", "rulings": [{"date": "2004-10-04", "text": "This card is always a creature spell and is never an instant spell, no matter when you cast it."}], "setCode": "ULG", "sourceProducts": {"foil": ["c7edd411-b36c-5fd3-8c1d-0424c020bf3c"], "nonfoil": ["287ee793-65db-5cb8-b9e5-7422e7eecdd9", "ade128d4-3feb-5e55-8240-b4366cee9b42", "c7edd411-b36c-5fd3-8c1d-0424c020bf3c"]}, "subtypes": ["Ape"], "supertypes": [], "text": "Flash\nEcho {2}{G} (At the beginning of your upkeep, if this came under your control since the beginning of your last upkeep, sacrifice it unless you pay its echo cost.)", "toughness": "4", "type": "Creature — Ape", "types": ["Creature"], "uuid": "65cd2130-1cae-54f4-be10-442beb720b42"}, {"artist": "Henry Van Der Linde", "artistIds": ["85767099-afb2-47ee-a251-ddfe6fe8a03e"], "availability": ["mtgo", "paper"], "boosterTypes": ["default"], "borderColor": "black", "colorIdentity": [], "colors": [], "convertedManaCost": 3.0, "count": 1, "edhrecRank": 24963, "edhrecSaltiness": 0.31, "finishes": ["nonfoil", "foil"], "foreignData": [{"identifiers": {"scryfallId": "880f49c1-17fd-4bad-b5ae-24be92e96b54"}, "language": "German", "name": "Tickende Gnome", "text": "Echo\nOpfere die Tickenden Gnome: die Tickenden Gnome fügen einer Kreatur oder einem Spieler Deiner Wahl 1 Schadenspunkt zu.", "type": "Artefaktkreatur"}, {"identifiers": {"scryfallId": "053d20b9-6c2f-4a58-865f-a946c3be3dc2"}, "language": "Spanish", "name": "Nomos palpitantes"}, {"identifiers": {"scryfallId": "dac8ecc0-49f1-4533-b8be-30bf58239685"}, "language": "French", "name": "Gnomes tic-tac"}, {"identifiers": {"scryfallId": "ccca7fea-2f89-4628-8881-5f96d3470bdb"}, "language": "Italian", "name": "Gnomi a Orologeria"}, {"identifiers": {"scryfallId": "85f21125-94f7-4ede-a218-a180fc320868"}, "language": "Japanese", "name": "チクタク・ノーム"}, {"identifiers": {"scryfallId": "6fc2c805-d341-48da-a49b-5a1a73d1bc5d"}, "language": "Portuguese (Brazil)", "name": "Gnomos do Relógio"}], "frameVersion": "1997", "hasFoil": true, "hasNonFoil": true, "identifiers": {"cardsphereFoilId": "46433", "cardsphereId": "46434", "mcmId": "10693", "mcmMetaId": "6002", "mtgjsonV4Id": "0c8f6f06-992a-55ae-bec5-91246d1370f4", "mtgoFoilId": "12690", "mtgoId": "12689", "multiverseId": "12647", "scryfallCardBackId": "0aeebaf5-8c7d-4636-9e82-8c27447861f7", "scryfallId": "6241755c-ff3d-44db-a99d-960bea54633e", "scryfallIllustrationId": "273af3c3-aacf-44ae-a685-894c2f233556", "scryfallOracleId": "963de959-848d-48df-90fa-88a6d988b9fe", "tcgplayerProductId": "6399"}, "isFoil": false, "keywords": ["Echo"], "language": "English", "layout": "normal", "legalities": {"commander": "Legal", "duel": "Legal", "legacy": "Legal", "oathbreaker": "Legal", "paupercommander": "Restricted", "penny": "Legal", "predh": "Legal", "premodern": "Legal", "vintage": "Legal"}, "manaCost": "{3}", "manaValue": 3.0, "name": "Ticking Gnomes", "number": "136", "originalText": "Echo (During your next upkeep after this permanent comes under your control, pay its casting cost or sacrifice it.)\nSacrifice Ticking Gnomes: Ticking Gnomes deals 1 damage to target creature or player.", "originalType": "Artifact Creature", "power": "3", "printings": ["EMA", "ULG", "WC99"], "purchaseUrls": {"cardmarket": "https://mtgjson.com/links/ecc91e605b137fab", "tcgplayer": "https://mtgjson.com/links/89a0aa87161288b3"}, "rarity": "uncommon", "setCode": "ULG", "sourceProducts": {"foil": ["c7edd411-b36c-5fd3-8c1d-0424c020bf3c"], "nonfoil": ["287ee793-65db-5cb8-b9e5-7422e7eecdd9", "c7edd411-b36c-5fd3-8c1d-0424c020bf3c", "ffc34058-2090-5835-b29b-f3fb8f6f85aa"]}, "subtypes": ["Gnome"], "supertypes": [], "text": "Echo {3} (At the beginning of your upkeep, if this came under your control since the beginning of your last upkeep, sacrifice it unless you pay its echo cost.)\nSacrifice Ticking Gnomes: It deals 1 damage to any target.", "toughness": "3", "type": "Artifact Creature — Gnome", "types": ["Artifact", "Creature"], "uuid": "8a94ad84-6833-5720-bd4b-8ec429ece93a"}, {"artist": "Heather Hudson", "artistIds": ["4441fe52-9e41-40c1-9b74-8510426279ab"], "availability": ["mtgo", "paper"], "boosterTypes": ["default"], "borderColor": "black", "colorIdentity": ["G"], "colors": ["G"], "convertedManaCost": 5.0, "count": 1, "edhrecRank": 18179, "edhrecSaltiness": 0.2, "finishes": ["nonfoil", "foil"], "foreignData": [{"identifiers": {"scryfallId": "e60ceaab-6222-49af-ae86-72d0fedea6c8"}, "language": "German", "name": "Baumvolk des Wetterkerns", "text": "Verursacht Trampelschaden\nWenn das Baumvolk des Wetterkerns aus dem Spiel auf dem Friedhof landet, bringe es auf die Hand seines Besitzers zurück.", "type": "Beschwörung von Baumhirten"}, {"identifiers": {"scryfallId": "c3e949c0-a6cc-439c-8490-ef4cd878c0fb"}, "language": "Spanish", "name": "Pueblo arbóreo Semillaclimática"}, {"identifiers": {"scryfallId": "81873898-7d65-4854-8367-a6aa4343e2f6"}, "language": "French", "name": "Sylvin de Brisengraine"}, {"identifiers": {"scryfallId": "06a0b0c2-e22b-49a3-90ee-f0002b61cd4a"}, "language": "Italian", "name": "Silvantropo Seme del Vento"}, {"identifiers": {"scryfallId": "502567c1-8eac-49dd-a314-9b646b88d4d9"}, "language": "Japanese", "name": "ウェザーシード・ツリーフォーク"}, {"identifiers": {"scryfallId": "c5564bec-b0fd-4c1b-8542-42a2cb851090"}, "language": "Portuguese (Brazil)", "name": "Ents da Semente dos Ventos"}], "frameVersion": "1997", "hasFoil": true, "hasNonFoil": true, "identifiers": {"cardsphereFoilId": "46465", "cardsphereId": "46466", "mcmId": "10673", "mcmMetaId": "6560", "mtgjsonV4Id": "ed2e01f7-bec1-59f1-b18c-d35a2a81989d", "mtgoFoilId": "12476", "mtgoId": "12475", "multiverseId": "12438", "scryfallCardBackId": "0aeebaf5-8c7d-4636-9e82-8c27447861f7", "scryfallId": "f42cce45-3b6a-43e2-8329-68c30135c5c1", "scryfallIllustrationId": "444d99bb-984f-4eea-9ae1-fdfc7292813d", "scryfallOracleId": "4e9b878b-80a2-433b-941b-92d854e83d58", "tcgplayerProductId": "6415"}, "isFoil": false, "isReserved": true, "keywords": ["Trample"], "language": "English", "layout": "normal", "legalities": {"commander": "Legal", "duel": "Legal", "legacy": "Legal", "oathbreaker": "Legal", "penny": "Legal", "predh": "Legal", "premodern": "Legal", "vintage": "Legal"}, "manaCost": "{2}{G}{G}{G}", "manaValue": 5.0, "name": "Weatherseed Treefolk", "number": "116", "originalText": "Trample\nWhen Weatherseed Treefolk is put into a graveyard from play, return Weatherseed Treefolk to owner's hand.", "originalType": "Summon - Treefolk", "power": "5", "printings": ["ULG", "WC99"], "purchaseUrls": {"cardmarket": "https://mtgjson.com/links/0a1c1e1a6803fe7b", "tcgplayer": "https://mtgjson.com/links/029db87b61c5a70d"}, "rarity": "rare", "setCode": "ULG", "sourceProducts": {"foil": ["c7edd411-b36c-5fd3-8c1d-0424c020bf3c"], "nonfoil": ["287ee793-65db-5cb8-b9e5-7422e7eecdd9", "c7edd411-b36c-5fd3-8c1d-0424c020bf3c"]}, "subtypes": ["Treefolk"], "supertypes": [], "text": "Trample\nWhen Weatherseed Treefolk dies, return it to its owner's hand.", "toughness": "3", "type": "Creature — Treefolk", "types": ["Creature"], "uuid": "7db49e3a-8db8-572c-8908-8a13bbff3cb4"}, {"artist": "DiTerlizzi", "artistIds": ["ed44dce4-30cf-4c2c-b2e1-a19ba2295690"], "availability": ["mtgo", "paper"], "boosterTypes": ["default"], "borderColor": "black", "colorIdentity": ["G"], "colors": ["G"], "convertedManaCost": 5.0, "count": 2, "edhrecRank": 25332, "edhrecSaltiness": 0.25, "finishes": ["nonfoil", "foil"], "flavorText": "Each time the saw blade bit, the tree spat it out.", "foreignData": [{"identifiers": {"scryfallId": "4c928a69-6b82-4180-a696-40f3b2a5ce4c"}, "language": "German", "name": "Yavimayaweiser", "text": "Schutz vor Artefakten", "type": "Beschwörung von Baumhirten"}, {"identifiers": {"scryfallId": "2a8a61a7-2f38-403e-a96c-8b1e124bf1ae"}, "language": "Spanish", "name": "Retoño de Yavimaya"}, {"identifiers": {"scryfallId": "027ed12e-bce1-4b35-b222-7f3f2339bf88"}, "language": "French", "name": "Scion de la Yavimaya"}, {"identifiers": {"scryfallId": "5fc09765-e24c-4c3f-bc48-ddfef0b59ad8"}, "language": "Italian", "name": "Erede di Yavimaya"}, {"identifiers": {"scryfallId": "5e0b199a-27e6-43f1-897f-6c9a90fe1b4c"}, "language": "Japanese", "name": "ヤヴィマヤの接ぎ穂"}, {"identifiers": {"scryfallId": "8558751a-ed09-44d8-a96f-04b5dc05d2fe"}, "language": "Portuguese (Brazil)", "name": "Rebento de Yavimaya"}], "frameVersion": "1997", "hasFoil": true, "hasNonFoil": true, "identifiers": {"cardsphereFoilId": "46473", "cardsphereId": "46474", "mcmId": "10676", "mcmMetaId": "6766", "mtgjsonV4Id": "8d74521b-bd8c-5b81-81a8-9609feb1df78", "mtgoFoilId": "12546", "mtgoId": "12545", "multiverseId": "12429", "scryfallCardBackId": "0aeebaf5-8c7d-4636-9e82-8c27447861f7", "scryfallId": "a2f80036-1058-4513-8549-0557df9b5d61", "scryfallIllustrationId": "9f3db3c6-86c9-46c0-b73b-52b3e0ac2347", "scryfallOracleId": "6e06b5cc-444c-49c9-b08a-81ef8d97c9ab", "tcgplayerProductId": "6419"}, "isFoil": false, "keywords": ["Protection"], "language": "English", "layout": "normal", "legalities": {"commander": "Legal", "duel": "Legal", "legacy": "Legal", "oathbreaker": "Legal", "pauper": "Legal", "paupercommander": "Legal", "penny": "Legal", "predh": "Legal", "premodern": "Legal", "vintage": "Legal"}, "manaCost": "{4}{G}", "manaValue": 5.0, "name": "Yavimaya Scion", "number": "119", "originalText": "Protection from artifacts", "originalType": "Summon - Treefolk", "power": "4", "printings": ["PLST", "ULG"], "purchaseUrls": {"cardmarket": "https://mtgjson.com/links/81c3144587edabfc", "tcgplayer": "https://mtgjson.com/links/552710888aea4059"}, "rarity": "common", "setCode": "ULG", "sourceProducts": {"foil": ["c7edd411-b36c-5fd3-8c1d-0424c020bf3c"], "nonfoil": ["287ee793-65db-5cb8-b9e5-7422e7eecdd9", "c7edd411-b36c-5fd3-8c1d-0424c020bf3c"]}, "subtypes": ["Treefolk"], "supertypes": [], "text": "Protection from artifacts", "toughness": "4", "type": "Creature — Treefolk", "types": ["Creature"], "uuid": "2a22f96e-74e5-5f41-ab12-f4b187a52844"}, {"artist": "Henry Van Der Linde", "artistIds": ["85767099-afb2-47ee-a251-ddfe6fe8a03e"], "availability": ["mtgo", "paper"], "boosterTypes": ["default"], "borderColor": "black", "colorIdentity": ["G"], "colors": ["G"], "convertedManaCost": 3.0, "count": 2, "edhrecRank": 11485, "finishes": ["nonfoil", "foil"], "foreignData": [{"identifiers": {"scryfallId": "b41799c3-0c20-44cb-948e-d8f54ce865a5"}, "language": "German", "name": "Yavimayasammler", "text": "Echo\nWenn der Yavimayasammler ins Spiel kommt, kannst Du Deine Bibliothek nach einem Standard-Land durchsuchen und dieses getappt ins Spiel bringen. Mische Deine Bibliothek danach.", "type": "Beschwörung eines Elfen"}, {"identifiers": {"scryfallId": "6a084153-53c3-45ce-8eeb-bd041d8b4776"}, "language": "Spanish", "name": "Grajero de Yavimaya"}, {"identifiers": {"scryfallId": "438e4146-98c1-45db-b51a-21bdd91a9a12"}, "language": "French", "name": "Régisseur de la Yavimaya"}, {"identifiers": {"scryfallId": "6930374a-671c-43c7-b74f-a9fe29169b42"}, "language": "Italian", "name": "Contadino di Yavimaya"}, {"identifiers": {"scryfallId": "2ea8ad6a-984b-426d-b6ab-ad8b4294baa5"}, "language": "Japanese", "name": "ヤヴィマヤの農夫"}, {"identifiers": {"scryfallId": "be7a03bf-c179-4b60-a354-fb97ea1c9c19"}, "language": "Portuguese (Brazil)", "name": "Fazendeiro de Yavimaya"}], "frameVersion": "1997", "hasFoil": true, "hasNonFoil": true, "identifiers": {"cardsphereFoilId": "46471", "cardsphereId": "46472", "mcmId": "10675", "mcmMetaId": "6763", "mtgjsonV4Id": "d10914c2-4b6c-5009-8709-3e257279cebf", "mtgoFoilId": "12694", "mtgoId": "12693", "multiverseId": "12656", "scryfallCardBackId": "0aeebaf5-8c7d-4636-9e82-8c27447861f7", "scryfallId": "05414a41-b50c-49b6-9c27-f3170017d9b0", "scryfallIllustrationId": "27411863-0146-4fc8-a55f-15a61a1b6b8e", "scryfallOracleId": "fac9ff8d-8342-4099-b224-d48a044bcc9a", "tcgplayerProductId": "6418"}, "isFoil": false, "keywords": ["Echo"], "language": "English", "layout": "normal", "legalities": {"commander": "Legal", "duel": "Legal", "legacy": "Legal", "oathbreaker": "Legal", "pauper": "Legal", "paupercommander": "Legal", "penny": "Legal", "predh": "Legal", "premodern": "Legal", "vintage": "Legal"}, "manaCost": "{2}{G}", "manaValue": 3.0, "name": "Yavimaya Granger", "number": "118", "originalText": "Echo (During your next upkeep after this permanent comes under your control, pay its casting cost or sacrifice it.)\nWhen Yavimaya Granger comes into play, you may search your library for a basic land card and put that land into play tapped. Shuffle your library afterward.", "originalType": "Summon - Elf", "power": "2", "printings": ["PLST", "ULG"], "purchaseUrls": {"cardmarket": "https://mtgjson.com/links/2f9fd15589003209", "tcgplayer": "https://mtgjson.com/links/125ace2347b94132"}, "rarity": "common", "rulings": [{"date": "2004-10-04", "text": "Because the “search” requires you to find a card with certain characteristics, you don’t have to find the card if you don’t want to."}], "setCode": "ULG", "sourceProducts": {"foil": ["c7edd411-b36c-5fd3-8c1d-0424c020bf3c"], "nonfoil": ["287ee793-65db-5cb8-b9e5-7422e7eecdd9", "c7edd411-b36c-5fd3-8c1d-0424c020bf3c"]}, "subtypes": ["Elf"], "supertypes": [], "text": "Echo {2}{G} (At the beginning of your upkeep, if this came under your control since the beginning of your last upkeep, sacrifice it unless you pay its echo cost.)\nWhen Yavimaya Granger enters, you may search your library for a basic land card, put that card onto the battlefield tapped, then shuffle.", "toughness": "2", "type": "Creature — Elf", "types": ["Creature"], "uuid": "5b18bd48-be7b-5860-bff0-c50caae466ba"}, {"artist": "Melissa A. Benson", "artistIds": ["9ade7727-1436-4828-9a1d-487c3d2ad1d9"], "availability": ["mtgo", "paper"], "boosterTypes": ["default"], "borderColor": "black", "colorIdentity": ["G"], "colors": ["G"], "convertedManaCost": 6.0, "count": 3, "edhrecRank": 20833, "edhrecSaltiness": 0.13, "finishes": ["nonfoil", "foil"], "flavorText": "When the gorilla playfully grabbed the wurm's tail, the wurm doubled back and playfully ate the gorilla's head.", "foreignData": [{"identifiers": {"scryfallId": "68ec1ee5-4040-4e4b-a6b6-b3ac1e21541f"}, "language": "German", "name": "Yavimayawurm", "text": "Verursacht Trampelschaden", "type": "Beschwörung eines Wurms"}, {"identifiers": {"scryfallId": "85a58f6c-5901-48ca-9d99-b3492e5e6df1"}, "language": "Spanish", "name": "Sierpe de Yavimaya"}, {"identifiers": {"scryfallId": "19061a3b-0802-4c4f-9e90-c9d7956af2d9"}, "language": "French", "name": "Guivre de la Yavimaya"}, {"identifiers": {"scryfallId": "f7378c68-eced-47e5-8795-e0e9a8398387"}, "language": "Italian", "name": "Wurm di Yavimaya"}, {"identifiers": {"scryfallId": "675b972d-a882-47ab-91a0-c780faa862d4"}, "language": "Japanese", "name": "ヤヴィマヤのワーム"}, {"identifiers": {"scryfallId": "6e30ef3e-2499-4a98-8e51-ae1e41c3277a"}, "language": "Portuguese (Brazil)", "name": "Vorme de Yavimaya"}], "frameVersion": "1997", "hasFoil": true, "hasNonFoil": true, "identifiers": {"cardsphereFoilId": "46475", "cardsphereId": "46476", "mcmId": "10677", "mcmMetaId": "6767", "mtgjsonV4Id": "4d956a9b-15d9-5e20-a14d-bf7e48779828", "mtgoFoilId": "12526", "mtgoId": "12525", "multiverseId": "5571", "scryfallCardBackId": "0aeebaf5-8c7d-4636-9e82-8c27447861f7", "scryfallId": "dde16069-7176-42dc-88d8-fb37b7894007", "scryfallIllustrationId": "38b0bb55-dbb0-4a96-83ad-3f980419747f", "scryfallOracleId": "93514874-41e8-49e7-8935-d06e852dd1e3", "tcgplayerProductId": "6420"}, "isFoil": false, "keywords": ["Trample"], "language": "English", "layout": "normal", "legalities": {"commander": "Legal", "duel": "Legal", "legacy": "Legal", "modern": "Legal", "oathbreaker": "Legal", "pauper": "Legal", "paupercommander": "Legal", "penny": "Legal", "predh": "Legal", "premodern": "Legal", "vintage": "Legal"}, "manaCost": "{4}{G}{G}", "manaValue": 6.0, "name": "Yavimaya Wurm", "number": "120", "originalText": "Trample", "originalType": "Summon - Wurm", "power": "6", "printings": ["BTD", "M11", "ULG"], "purchaseUrls": {"cardmarket": "https://mtgjson.com/links/8f86f2dafd40682d", "tcgplayer": "https://mtgjson.com/links/a3032e1c5df1fa0f"}, "rarity": "common", "setCode": "ULG", "sourceProducts": {"foil": ["c7edd411-b36c-5fd3-8c1d-0424c020bf3c"], "nonfoil": ["287ee793-65db-5cb8-b9e5-7422e7eecdd9", "c7edd411-b36c-5fd3-8c1d-0424c020bf3c"]}, "subtypes": ["Wurm"], "supertypes": [], "text": "Trample (This creature can deal excess combat damage to the player or planeswalker it's attacking.)", "toughness": "4", "type": "Creature — Wurm", "types": ["Creature"], "uuid": "fc701eaa-6d6a-51df-b71e-7e86c9617b19"}, {"artist": "Donato Giancola", "artistIds": ["90332db2-aecb-4d79-917b-95cbeb8d0cb6"], "availability": ["mtgo", "paper"], "boosterTypes": ["default"], "borderColor": "black", "colorIdentity": ["W"], "colors": ["W"], "convertedManaCost": 2.0, "count": 2, "edhrecRank": 853, "edhrecSaltiness": 0.14, "finishes": ["nonfoil"], "flavorText": "\"Let Phyrexia breed evil in the darkness; my holy light will reveal its taint.\"\n—Serra", "foreignData": [{"identifiers": {"scryfallId": "cb22b311-e20a-4ce2-9ace-e979cddff356"}, "language": "German", "name": "Entzauberung", "text": "Zerstöre ein Artefakt oder eine Verzauberung Deiner Wahl.", "type": "Spontanzauber"}, {"identifiers": {"scryfallId": "0d183360-77b3-43e0-b97f-11b60c74a280"}, "language": "Spanish", "name": "Desencantar"}, {"identifiers": {"scryfallId": "48cdeb1e-525c-4437-a238-f0e0560e8555"}, "language": "French", "name": "Désenchantement"}, {"identifiers": {"scryfallId": "160114a5-fd1e-46b4-bf84-f728fdea3b15"}, "language": "Italian", "name": "Disincantare"}, {"identifiers": {"scryfallId": "bd1e4491-b800-4bc8-8362-91eccc8b00c7"}, "language": "Japanese", "name": "解呪"}, {"identifiers": {"scryfallId": "3ab88be3-cc4b-4311-9a46-e339fd362f64"}, "language": "Portuguese (Brazil)", "name": "Desencantar"}], "frameVersion": "1997", "hasFoil": false, "hasNonFoil": true, "identifiers": {"cardsphereId": "46551", "mcmId": "10219", "mcmMetaId": "1512", "mtgjsonV4Id": "9098f597-363f-571c-b217-17fdd33840e0", "mtgoFoilId": "12046", "mtgoId": "12045", "multiverseId": "5630", "scryfallCardBackId": "0aeebaf5-8c7d-4636-9e82-8c27447861f7", "scryfallId": "1da67d77-1cbd-4f0e-a109-87fb4c84bcca", "scryfallIllustrationId": "2d5e2c05-396b-4d56-8121-cb90f866c5e9", "scryfallOracleId": "a7e97fa9-4b72-4548-b854-5be5f18a6f1a", "tcgplayerProductId": "6845"}, "isFoil": false, "isReprint": true, "language": "English", "layout": "normal", "legalities": {"brawl": "Legal", "commander": "Legal", "duel": "Legal", "explorer": "Legal", "future": "Legal", "gladiator": "Legal", "historic": "Legal", "legacy": "Legal", "modern": "Legal", "oathbreaker": "Legal", "pauper": "Legal", "paupercommander": "Legal", "pioneer": "Legal", "predh": "Legal", "premodern": "Legal", "standard": "Legal", "standardbrawl": "Legal", "timeless": "Legal", "vintage": "Legal"}, "manaCost": "{1}{W}", "manaValue": 2.0, "name": "Disenchant", "number": "12", "originalText": "Destroy target artifact or enchantment.", "originalType": "Instant", "printings": ["2ED", "30A", "3ED", "4BB", "4ED", "5ED", "6ED", "7ED", "A25", "ATH", "BRB", "BRO", "CED", "CEI", "CMR", "CN2", "CST", "F03", "FBB", "ICE", "IMA", "LEA", "LEB", "M20", "ME2", "ME3", "MIR", "MMQ", "OLEP", "P07", "PARL", "PLST", "PMEI", "PRM", "PTC", "SCD", "SUM", "TMP", "TPR", "TSB", "USG", "WC97", "WC98", "ZNR"], "purchaseUrls": {"cardmarket": "https://mtgjson.com/links/fa05683e5ea5549d", "tcgplayer": "https://mtgjson.com/links/44186b7a3296b335"}, "rarity": "common", "rulings": [{"date": "2004-10-04", "text": "This is not modal. If the target changes from an artifact to an enchantment or vice versa, this still destroys it."}], "setCode": "USG", "sourceProducts": {"nonfoil": ["13e34096-9752-5d9f-9658-0ecd712e60cc", "287ee793-65db-5cb8-b9e5-7422e7eecdd9", "4656cb47-34b8-5dff-93bd-577f0e7e01f7", "6684a38d-ad2b-5c65-9f73-266921d16597", "96772e6d-0aba-5362-ab10-d5f3f6d23634", "c7fb49ad-09ce-50bc-b8f6-552e0a96b994", "c901ab11-9d40-5fc1-a603-470b42f4b48b", "ffc34058-2090-5835-b29b-f3fb8f6f85aa"]}, "subtypes": [], "supertypes": [], "text": "Destroy target artifact or enchantment.", "type": "Instant", "types": ["Instant"], "uuid": "7818642c-3c98-58ce-8f6a-891ad9e6ef31"}, {"artist": "Ron Spears", "artistIds": ["fce9030b-86bd-4439-b06a-920a1eeb184c"], "availability": ["mtgo", "paper"], "boosterTypes": ["default"], "borderColor": "black", "colorIdentity": ["W"], "colors": ["W"], "convertedManaCost": 1.0, "count": 1, "edhrecRank": 12155, "finishes": ["nonfoil", "foil"], "flavorText": "Perception is more pleasing than truth.", "foreignData": [{"identifiers": {"scryfallId": "d2592116-e26c-4f87-b2e3-ab8bab82176e"}, "language": "German", "name": "Auslöschung"}, {"identifiers": {"scryfallId": "d39eea12-0fad-4377-93aa-e10934787f5b"}, "language": "Spanish", "name": "Borrar"}, {"identifiers": {"scryfallId": "56c23a4e-1ded-4348-a597-aca91acab490"}, "language": "French", "name": "Effacement"}, {"identifiers": {"scryfallId": "acd7f338-a8fe-449b-b036-13e26bb8c750"}, "language": "Italian", "name": "Cancellare"}, {"identifiers": {"scryfallId": "ec3498d2-5965-48ce-862d-619ea79ad02b"}, "language": "Japanese", "name": "消去"}, {"identifiers": {"scryfallId": "9c1d301d-421c-4f83-a234-7c128856418f"}, "language": "Portuguese (Brazil)", "name": "Apagar"}], "frameVersion": "1997", "hasFoil": true, "hasNonFoil": true, "identifiers": {"cardsphereFoilId": "46247", "cardsphereId": "46248", "mcmId": "10564", "mcmMetaId": "1845", "mtgjsonV4Id": "d7bd3378-6201-57ef-87d4-1b8c00e69bd9", "mtgoFoilId": "12634", "mtgoId": "12633", "multiverseId": "12941", "scryfallCardBackId": "0aeebaf5-8c7d-4636-9e82-8c27447861f7", "scryfallId": "05c89d61-3c2e-4d70-86d6-f70eba3d327f", "scryfallIllustrationId": "0d69dfe0-3748-468a-8b23-6597fafcf59a", "scryfallOracleId": "c2ceb15c-5d02-4cf4-a7c9-c1a40b7ca667", "tcgplayerProductId": "6306"}, "isFoil": false, "language": "English", "layout": "normal", "legalities": {"brawl": "Legal", "commander": "Legal", "duel": "Legal", "explorer": "Legal", "gladiator": "Legal", "historic": "Legal", "legacy": "Legal", "modern": "Legal", "oathbreaker": "Legal", "pauper": "Legal", "paupercommander": "Legal", "penny": "Legal", "pioneer": "Legal", "predh": "Legal", "premodern": "Legal", "timeless": "Legal", "vintage": "Legal"}, "manaCost": "{W}", "manaValue": 1.0, "name": "Erase", "number": "7", "originalText": "Remove target enchantment from the game.", "originalType": "Instant", "printings": ["KTK", "M13", "ULG", "WC00"], "purchaseUrls": {"cardmarket": "https://mtgjson.com/links/6998c754036fb946", "tcgplayer": "https://mtgjson.com/links/30e2a31162d62c7a"}, "rarity": "common", "rulings": [{"date": "2004-10-04", "text": "The card does not go to the graveyard first."}], "setCode": "ULG", "sourceProducts": {"foil": ["c7edd411-b36c-5fd3-8c1d-0424c020bf3c"], "nonfoil": ["287ee793-65db-5cb8-b9e5-7422e7eecdd9", "c7edd411-b36c-5fd3-8c1d-0424c020bf3c", "ffc34058-2090-5835-b29b-f3fb8f6f85aa"]}, "subtypes": [], "supertypes": [], "text": "Exile target enchantment.", "type": "Instant", "types": ["Instant"], "uuid": "9490d240-7066-5d0d-a69e-09d842c0417d"}, {"artist": "Val Mayerik", "artistIds": ["289e552e-3b58-484f-a939-64a01426e84d"], "availability": ["mtgo", "paper"], "boosterTypes": ["default"], "borderColor": "black", "colorIdentity": ["W"], "colors": ["W"], "convertedManaCost": 2.0, "count": 2, "edhrecRank": 18294, "edhrecSaltiness": 0.25, "finishes": ["nonfoil"], "flavorText": "\"It is not your place to rule, Radiant. It may not even be mine.\"\n—Serra", "foreignData": [{"identifiers": {"scryfallId": "33aac90e-7c66-4fbb-a7e3-5d0d3d9e51da"}, "language": "German", "name": "Bescheidenheit", "text": "Eine Kreatur Deiner Wahl verliert alle ihre Fähigkeiten und wird zu einer 0/1 Kreatur bis zum Ende des Zuges.", "type": "Spontanzauber"}, {"identifiers": {"scryfallId": "e05aeafa-3a45-4b14-9476-4c78b48b1c32"}, "language": "Spanish", "name": "Humillar"}, {"identifiers": {"scryfallId": "0d7d1d65-4814-459f-9ef7-7f7fab787486"}, "language": "French", "name": "Humiliation"}, {"identifiers": {"scryfallId": "f9df2990-9513-4a98-9852-d511c97e0482"}, "language": "Italian", "name": "Umiliare"}, {"identifiers": {"scryfallId": "fa87cb1d-4f3b-4de9-b51b-820c725a15f1"}, "language": "Japanese", "name": "お粗末"}, {"identifiers": {"scryfallId": "4f22119e-f99f-4dd1-882a-e57813b2dedb"}, "language": "Portuguese (Brazil)", "name": "Modéstia"}], "frameVersion": "1997", "hasFoil": false, "hasNonFoil": true, "identifiers": {"cardsphereId": "46624", "mcmId": "10225", "mcmMetaId": "2756", "mtgjsonV4Id": "aca9490d-40a3-5972-bdec-846916339991", "mtgoFoilId": "12220", "mtgoId": "12219", "multiverseId": "5702", "scryfallCardBackId": "0aeebaf5-8c7d-4636-9e82-8c27447861f7", "scryfallId": "01383c7f-685f-4e77-a143-8418fe1fe436", "scryfallIllustrationId": "8c6de4f0-ec84-44c7-9a82-447376824d52", "scryfallOracleId": "d2d41f12-18d8-473b-9308-3f02d7d791f0", "tcgplayerProductId": "6918"}, "isFoil": false, "language": "English", "layout": "normal", "legalities": {"commander": "Legal", "duel": "Legal", "legacy": "Legal", "oathbreaker": "Legal", "pauper": "Legal", "paupercommander": "Legal", "penny": "Legal", "predh": "Legal", "premodern": "Legal", "vintage": "Legal"}, "manaCost": "{1}{W}", "manaValue": 2.0, "name": "Humble", "number": "18", "originalText": "Target creature loses all abilities and is a 0/1 creature until end of turn.", "originalType": "Instant", "printings": ["EMA", "PLST", "USG"], "purchaseUrls": {"cardmarket": "https://mtgjson.com/links/d460493dc6b06df5", "tcgplayer": "https://mtgjson.com/links/7e941e03abf2f2e3"}, "rarity": "uncommon", "rulings": [{"date": "2016-06-08", "text": "Effects that modify a creature’s power and/or toughness, such as the effect of Seal of Strength, will apply to the creature no matter when they started to take effect. The same is true for any counters that change its power and/or toughness and effects that switch its power and toughness."}, {"date": "2016-06-08", "text": "Humble doesn’t counter abilities that have already triggered or been activated. In particular, casting this spell won’t stop a creature’s ability that says “At the beginning of your upkeep,” “When this creature enters the battlefield,” or similar from triggering."}, {"date": "2016-06-08", "text": "Humble overwrites all previous effects that set the creature’s base power and toughness to specific values. Any power- or toughness-setting effects that start to apply after Humble resolves will overwrite this effect."}, {"date": "2016-06-08", "text": "If the affected creature gains an ability after Humble resolves, it will keep that ability."}], "setCode": "USG", "sourceProducts": {"nonfoil": ["13e34096-9752-5d9f-9658-0ecd712e60cc", "287ee793-65db-5cb8-b9e5-7422e7eecdd9", "4656cb47-34b8-5dff-93bd-577f0e7e01f7", "6684a38d-ad2b-5c65-9f73-266921d16597", "96772e6d-0aba-5362-ab10-d5f3f6d23634", "c7fb49ad-09ce-50bc-b8f6-552e0a96b994", "c901ab11-9d40-5fc1-a603-470b42f4b48b"]}, "subtypes": [], "supertypes": [], "text": "Until end of turn, target creature loses all abilities and has base power and toughness 0/1.", "type": "Instant", "types": ["Instant"], "uuid": "9c685cbb-7c94-58d1-b7d5-3413a3970561"}, {"artist": "Greg Staples", "artistIds": ["93d65564-bf00-447b-8406-e2031f03b6b1"], "availability": ["mtgo", "paper"], "boosterTypes": ["default"], "borderColor": "black", "colorIdentity": ["W"], "colors": ["W"], "convertedManaCost": 3.0, "count": 1, "edhrecRank": 11512, "edhrecSaltiness": 0.25, "finishes": ["nonfoil", "foil"], "foreignData": [{"identifiers": {"scryfallId": "3a689bc5-5cfc-4e2d-a342-1c9fa7c95d28"}, "language": "German", "name": "Sonnenstrahls Richtspruch", "text": "Zerstöre eine Kreatur Deiner Wahl mit Stärke 4 oder höher.\nUmwandlung 2", "type": "Spontanzauber"}, {"identifiers": {"scryfallId": "6b144d43-245f-4f8a-a57b-d22923e15239"}, "language": "Spanish", "name": "Juicio de Radiant"}, {"identifiers": {"scryfallId": "96f525d5-4436-4ae5-b18f-124256e101c3"}, "language": "French", "name": "Jugement selon Radieuse"}, {"identifiers": {"scryfallId": "10519c1c-d23d-4395-9bb2-1a8a10e39d01"}, "language": "Italian", "name": "Giudizio di Radiant"}, {"identifiers": {"scryfallId": "be57018a-9a72-4fc8-85ae-387cba74023f"}, "language": "Japanese", "name": "レイディアントの審判"}, {"identifiers": {"scryfallId": "35fb4b73-1ab2-4ef9-8d61-1aa7e9af9622"}, "language": "Portuguese (Brazil)", "name": "Julgamento de Radiante"}], "frameVersion": "1997", "hasFoil": true, "hasNonFoil": true, "identifiers": {"cardsphereFoilId": "46377", "cardsphereId": "46378", "mcmId": "10579", "mcmMetaId": "4459", "mtgjsonV4Id": "b7f14a6b-af3b-5526-a404-503721cfd796", "mtgoFoilId": "12650", "mtgoId": "12649", "multiverseId": "12360", "scryfallCardBackId": "0aeebaf5-8c7d-4636-9e82-8c27447861f7", "scryfallId": "28d2718e-c6fc-4961-b094-11f25f1177ff", "scryfallIllustrationId": "37340f61-f5d7-41c6-b430-a72a050dcf9a", "scryfallOracleId": "85fd04e9-b39c-4ce0-97a1-58f9670a298f", "tcgplayerProductId": "6372"}, "isFoil": false, "keywords": ["Cycling"], "language": "English", "layout": "normal", "legalities": {"brawl": "Legal", "commander": "Legal", "duel": "Legal", "gladiator": "Legal", "historic": "Legal", "legacy": "Legal", "oathbreaker": "Legal", "pauper": "Legal", "paupercommander": "Legal", "penny": "Legal", "predh": "Legal", "premodern": "Legal", "timeless": "Legal", "vintage": "Legal"}, "manaCost": "{2}{W}", "manaValue": 3.0, "name": "Radiant's Judgment", "number": "22", "originalText": "Destroy target creature with power 4 or greater.\nCycling o2 (You may pay o2 and discard this card from your hand to draw a card. Play this ability as an instant.)", "originalType": "Instant", "printings": ["DMR", "J21", "J22", "PLST", "ULG", "VMA"], "purchaseUrls": {"cardmarket": "https://mtgjson.com/links/fe20aeee99e2e654", "tcgplayer": "https://mtgjson.com/links/312f6aeb7496d756"}, "rarity": "common", "setCode": "ULG", "sourceProducts": {"foil": ["c7edd411-b36c-5fd3-8c1d-0424c020bf3c"], "nonfoil": ["287ee793-65db-5cb8-b9e5-7422e7eecdd9", "6684a38d-ad2b-5c65-9f73-266921d16597", "c7edd411-b36c-5fd3-8c1d-0424c020bf3c", "ffc34058-2090-5835-b29b-f3fb8f6f85aa"]}, "subtypes": [], "supertypes": [], "text": "Destroy target creature with power 4 or greater.\nCycling {2} ({2}, Discard this card: Draw a card.)", "type": "Instant", "types": ["Instant"], "uuid": "4573a62b-b39c-5514-badd-88cf0b65ef3d"}, {"artist": "Rob Alexander", "artistIds": ["35906871-6c78-4ab2-9ed1-e6792c8efb74"], "availability": ["mtgo", "paper"], "boosterTypes": ["default"], "borderColor": "black", "colorIdentity": ["G"], "colors": ["G"], "convertedManaCost": 1.0, "count": 1, "edhrecRank": 27147, "edhrecSaltiness": 0.07, "finishes": ["nonfoil", "foil"], "flavorText": "Sometimes it's possible to pull a meal out of thin air.", "foreignData": [{"identifiers": {"scryfallId": "6943b0a4-0ce0-4844-8499-b1d76b4d118e"}, "language": "German", "name": "Seidengespinst", "text": "Bis zum Ende des Zuges kann eine Kreatur Deiner Wahl fliegende Kreaturen blocken und erhält +1/+1.", "type": "Spontanzauber"}, {"identifiers": {"scryfallId": "a41311b4-5ffb-4d3a-81ce-aea93c150ca4"}, "language": "Spanish", "name": "Red de seda"}, {"identifiers": {"scryfallId": "aabc219f-f2e9-4bbc-96e9-c3fa7aaae880"}, "language": "French", "name": "Filet de soie"}, {"identifiers": {"scryfallId": "3790f822-59d2-4407-8da0-ff9c60b0e85d"}, "language": "Italian", "name": "Rete di Seta"}, {"identifiers": {"scryfallId": "b9e14168-4449-491d-9974-47daa7506f4c"}, "language": "Japanese", "name": "絹の網"}, {"identifiers": {"scryfallId": "c635af04-71d4-43e6-ba44-9bdacbb6c0c7"}, "language": "Portuguese (Brazil)", "name": "Rede de Seda"}], "frameVersion": "1997", "hasFoil": true, "hasNonFoil": true, "identifiers": {"cardsphereFoilId": "46403", "cardsphereId": "46404", "mcmId": "10669", "mcmMetaId": "5200", "mtgjsonV4Id": "03d07282-960c-571c-9007-53cc3aeecdfa", "mtgoFoilId": "12508", "mtgoId": "12507", "multiverseId": "12949", "scryfallCardBackId": "0aeebaf5-8c7d-4636-9e82-8c27447861f7", "scryfallId": "9498a97a-0e32-4eb8-9cb4-0698ff3a7ded", "scryfallIllustrationId": "c420f583-3018-4dac-9ad9-fb96ca963c84", "scryfallOracleId": "58511cb8-348d-409e-8fd6-772be20e57cd", "tcgplayerProductId": "6384"}, "isFoil": false, "language": "English", "layout": "normal", "legalities": {"commander": "Legal", "duel": "Legal", "legacy": "Legal", "oathbreaker": "Legal", "pauper": "Legal", "paupercommander": "Legal", "penny": "Legal", "predh": "Legal", "premodern": "Legal", "vintage": "Legal"}, "manaCost": "{G}", "manaValue": 1.0, "name": "Silk Net", "number": "112", "originalText": "Target creature gets +1/+1 and can block creatures with flying until end of turn.", "originalType": "Instant", "printings": ["ULG"], "purchaseUrls": {"cardmarket": "https://mtgjson.com/links/6ca1b5041a9b02bb", "tcgplayer": "https://mtgjson.com/links/5b145845c2ce06d6"}, "rarity": "common", "rulings": [{"date": "2004-10-04", "text": "Both the +1/+1 and reach only last until end of turn."}, {"date": "2008-04-01", "text": "This card now uses the Reach keyword ability to enable the blocking of flying creatures. This works because a creature with flying can only be blocked by creatures with flying or reach."}], "setCode": "ULG", "sourceProducts": {"foil": ["c7edd411-b36c-5fd3-8c1d-0424c020bf3c"], "nonfoil": ["287ee793-65db-5cb8-b9e5-7422e7eecdd9", "c7edd411-b36c-5fd3-8c1d-0424c020bf3c"]}, "subtypes": [], "supertypes": [], "text": "Target creature gets +1/+1 and gains reach until end of turn. (It can block creatures with flying.)", "type": "Instant", "types": ["Instant"], "uuid": "e9d46d46-0265-5d30-9bf8-54e71c72a3c8"}, {"artist": "Jeff Miracola", "artistIds": ["9b465bde-3656-4495-ace4-af4ce29999ed"], "availability": ["mtgo", "paper"], "boosterTypes": ["default"], "borderColor": "black", "colorIdentity": ["G"], "colors": ["G"], "convertedManaCost": 2.0, "count": 1, "edhrecRank": 26019, "edhrecSaltiness": 0.29, "finishes": ["nonfoil"], "flavorText": "Although the elves of Argoth always considered them a nuisance, the pixies made fine allies during the war against the machines.", "foreignData": [{"identifiers": {"scryfallId": "acc05dcd-3b86-4236-b99d-9f9f518ae3a7"}, "language": "German", "name": "Symbiose", "text": "Zwei Kreaturen Deiner Wahl erhalten +2/+2 bis zum Ende des Zuges.", "type": "Spontanzauber"}, {"identifiers": {"scryfallId": "89048203-1fa8-48d5-addc-823c9e7fe4b9"}, "language": "Spanish", "name": "Simbiosis"}, {"identifiers": {"scryfallId": "2c8b180f-e1b9-45d0-bf8b-5a9b11292922"}, "language": "French", "name": "Symbiose"}, {"identifiers": {"scryfallId": "52f70d6b-6d40-442b-9e58-a8af2c8d4366"}, "language": "Italian", "name": "Simbiosi"}, {"identifiers": {"scryfallId": "a3e051a0-8247-4a3a-93f5-0cc2b400d6a3"}, "language": "Japanese", "name": "共生"}, {"identifiers": {"scryfallId": "8b7f88e2-bd2e-427b-bcc0-6a4763ad8ef5"}, "language": "Portuguese (Brazil)", "name": "Simbiose"}], "frameVersion": "1997", "hasFoil": false, "hasNonFoil": true, "identifiers": {"cardsphereId": "46769", "mcmId": "10482", "mcmMetaId": "5766", "mtgjsonV4Id": "ed537857-a686-5e26-ab0d-b0dfbcaa8a4e", "mtgoFoilId": "12180", "mtgoId": "12179", "multiverseId": "5632", "scryfallCardBackId": "0aeebaf5-8c7d-4636-9e82-8c27447861f7", "scryfallId": "5d35e2c5-1871-4749-aefa-4a7a69645c03", "scryfallIllustrationId": "c5b07d49-6d29-43aa-a64d-efa956c577ac", "scryfallOracleId": "787b494b-731b-4e99-8e46-157bc86f6eea", "tcgplayerProductId": "7063"}, "isFoil": false, "language": "English", "layout": "normal", "legalities": {"commander": "Legal", "duel": "Legal", "legacy": "Legal", "oathbreaker": "Legal", "pauper": "Legal", "paupercommander": "Legal", "penny": "Legal", "predh": "Legal", "premodern": "Legal", "vintage": "Legal"}, "manaCost": "{1}{G}", "manaValue": 2.0, "name": "Symbiosis", "number": "275", "originalText": "Two target creatures each get +2/+2 until end of turn.", "originalType": "Instant", "printings": ["BRB", "PLST", "USG"], "purchaseUrls": {"cardmarket": "https://mtgjson.com/links/9a4a2e404afe282f", "tcgplayer": "https://mtgjson.com/links/fca75202b23338b2"}, "rarity": "common", "setCode": "USG", "sourceProducts": {"nonfoil": ["24c34c41-34ac-55ba-a4ff-ac9ee44f0366", "287ee793-65db-5cb8-b9e5-7422e7eecdd9", "354f7dd5-ba02-5cb9-92d5-762754bbc748", "96772e6d-0aba-5362-ab10-d5f3f6d23634", "c901ab11-9d40-5fc1-a603-470b42f4b48b"]}, "subtypes": [], "supertypes": [], "text": "Two target creatures each get +2/+2 until end of turn.", "type": "Instant", "types": ["Instant"], "uuid": "72f94d6b-b3dd-5360-a25f-e4cfc996ddda"}, {"artist": "Stephen Daniele", "artistIds": ["a267f9bb-072b-410a-a704-50f4d19020d8"], "availability": ["mtgo", "paper"], "boosterTypes": ["default"], "borderColor": "black", "colorIdentity": ["G"], "colors": ["G"], "convertedManaCost": 3.0, "count": 1, "edhrecRank": 14858, "edhrecSaltiness": 0.58, "finishes": ["nonfoil"], "flavorText": "The forest grew back so quickly that lumbering machines were suspended in the treetops.", "foreignData": [{"identifiers": {"scryfallId": "0b87c326-45e0-4fd7-a7b1-d29384164f3b"}, "language": "German", "name": "Gaeas Beute", "text": "Durchsuche deine Bibliothek nach bis zu zwei Waldkarten, zeige diese Karten allen Spielern und nimm diese auf deine Hand. Mische deine Bibliothek danach neu.", "type": "Hexerei"}, {"identifiers": {"scryfallId": "4f49c85f-a496-4010-b86b-3f5880c46233"}, "language": "Spanish", "name": "Regalo de Gaia"}, {"identifiers": {"scryfallId": "3f1f1fc0-06f4-4fa4-918f-c4ebad99c1a1"}, "language": "French", "name": "Don de Gaia"}, {"identifiers": {"scryfallId": "3bf62db9-19e4-460f-b133-4bf7911a18e2"}, "language": "Italian", "name": "Munificenza di Gea"}, {"identifiers": {"scryfallId": "1b3a22df-99e1-4f82-bfa4-4453634384f8"}, "language": "Japanese", "name": "ガイアの恵み"}, {"identifiers": {"scryfallId": "a29c0f7b-a0ee-4144-8a04-6425b7c1c207"}, "language": "Portuguese (Brazil)", "name": "Prêmio de Géia"}], "frameVersion": "1997", "hasFoil": false, "hasNonFoil": true, "identifiers": {"cardsphereId": "46588", "mcmId": "10461", "mcmMetaId": "2256", "mtgjsonV4Id": "5c4ec3fd-6dd1-5cf2-a02f-d75f102de6f9", "mtgoFoilId": "12304", "mtgoId": "12303", "multiverseId": "5710", "scryfallCardBackId": "0aeebaf5-8c7d-4636-9e82-8c27447861f7", "scryfallId": "66b55e37-fcad-4d50-89d4-5d88269fee66", "scryfallIllustrationId": "7fced891-97ca-4705-b967-4bd16bd8da72", "scryfallOracleId": "c5a61e61-d5fe-41ef-afd6-ba5e0399b986", "tcgplayerProductId": "6882"}, "isFoil": false, "language": "English", "layout": "normal", "legalities": {"commander": "Legal", "duel": "Legal", "legacy": "Legal", "oathbreaker": "Legal", "pauper": "Legal", "paupercommander": "Legal", "penny": "Legal", "predh": "Legal", "premodern": "Legal", "vintage": "Legal"}, "manaCost": "{2}{G}", "manaValue": 3.0, "name": "Gaea's Bounty", "number": "254", "originalText": "Search your library for up to two forest cards, reveal them, and put them into your hand. Shuffle your library afterward.", "originalType": "Sorcery", "printings": ["USG"], "purchaseUrls": {"cardmarket": "https://mtgjson.com/links/34c1a9529810c599", "tcgplayer": "https://mtgjson.com/links/562d3a312d9ca7b8"}, "rarity": "common", "rulings": [{"date": "2004-10-04", "text": "Because the “search” requires you to find a card with certain characteristics, you don’t have to find the card if you don’t want to."}], "setCode": "USG", "sourceProducts": {"nonfoil": ["287ee793-65db-5cb8-b9e5-7422e7eecdd9", "96772e6d-0aba-5362-ab10-d5f3f6d23634", "c901ab11-9d40-5fc1-a603-470b42f4b48b"]}, "subtypes": [], "supertypes": [], "text": "Search your library for up to two Forest cards, reveal those cards, put them into your hand, then shuffle.", "type": "Sorcery", "types": ["Sorcery"], "uuid": "08ac289e-06f1-5529-8361-4817a8b7f3e7"}, {"artist": "Henry Van Der Linde", "artistIds": ["85767099-afb2-47ee-a251-ddfe6fe8a03e"], "availability": ["mtgo", "paper"], "boosterTypes": ["default"], "borderColor": "black", "colorIdentity": ["G"], "colors": ["G"], "convertedManaCost": 3.0, "count": 1, "edhrecRank": 25433, "finishes": ["nonfoil", "foil"], "flavorText": "\"Argoth's doom rained from a clear sky. Yavimaya will not share that fate.\"\n—Multani, maro-sorcerer", "foreignData": [{"identifiers": {"scryfallId": "b7f3661e-d18e-40cf-87b5-83d350397234"}, "language": "German", "name": "Flügelschlinge", "text": "Zerstöre eine fliegende Kreatur Deiner Wahl.", "type": "Hexerei"}, {"identifiers": {"scryfallId": "ce8ecc7c-5d9c-4577-9a1f-b684ba1a70f4"}, "language": "Spanish", "name": "Trampa de alas"}, {"identifiers": {"scryfallId": "9fafce4a-3d39-44b1-8f18-220c6ce2d966"}, "language": "French", "name": "Collet aérien"}, {"identifiers": {"scryfallId": "6d4d9930-2a8f-4e5a-934c-e84edbcb15a5"}, "language": "Italian", "name": "Trappola per Alati"}, {"identifiers": {"scryfallId": "c30c3ff6-3199-46ac-b405-f3b7aaca46da"}, "language": "Japanese", "name": "翼わな"}, {"identifiers": {"scryfallId": "ec54b317-525a-4185-bef6-4b2a8852edef"}, "language": "Portuguese (Brazil)", "name": "Armadilha Aérea"}], "frameVersion": "1997", "hasFoil": true, "hasNonFoil": true, "identifiers": {"cardsphereFoilId": "46469", "cardsphereId": "46470", "mcmId": "10674", "mcmMetaId": "6655", "mtgjsonV4Id": "3adb81a1-34bc-5071-9e5e-08bfe64d9eb7", "mtgoFoilId": "12688", "mtgoId": "12687", "multiverseId": "5675", "scryfallCardBackId": "0aeebaf5-8c7d-4636-9e82-8c27447861f7", "scryfallId": "19116d5d-8f2d-4e85-849d-1fbaa67e8cfd", "scryfallIllustrationId": "54007a75-15ca-4a56-a3b3-352b0b06a45d", "scryfallOracleId": "61ce6ec1-79d8-4dc9-ab2d-1623ed1459c1", "tcgplayerProductId": "6417"}, "isFoil": false, "language": "English", "layout": "normal", "legalities": {"commander": "Legal", "duel": "Legal", "legacy": "Legal", "modern": "Legal", "oathbreaker": "Legal", "penny": "Legal", "pioneer": "Legal", "predh": "Legal", "premodern": "Legal", "vintage": "Legal"}, "manaCost": "{2}{G}", "manaValue": 3.0, "name": "Wing Snare", "number": "117", "originalText": "Destroy target creature with flying.", "originalType": "Sorcery", "printings": ["7ED", "8ED", "ULG", "W17"], "purchaseUrls": {"cardmarket": "https://mtgjson.com/links/f12ee3c9b1a94598", "tcgplayer": "https://mtgjson.com/links/d29d22be1ab595f3"}, "rarity": "uncommon", "setCode": "ULG", "sourceProducts": {"foil": ["c7edd411-b36c-5fd3-8c1d-0424c020bf3c"], "nonfoil": ["287ee793-65db-5cb8-b9e5-7422e7eecdd9", "c7edd411-b36c-5fd3-8c1d-0424c020bf3c"]}, "subtypes": [], "supertypes": [], "text": "Destroy target creature with flying.", "type": "Sorcery", "types": ["Sorcery"], "uuid": "3c3f4903-ab64-501f-963f-d961a8ebb3e1"}, {"artist": "Randy Elliott", "artistIds": ["b0ffcdc0-0af0-4d2d-bcb7-a926043695b4"], "availability": ["mtgo", "paper"], "boosterTypes": ["default"], "borderColor": "black", "colorIdentity": ["G"], "colors": ["G"], "convertedManaCost": 2.0, "count": 1, "edhrecRank": 26168, "edhrecSaltiness": 0.2, "finishes": ["nonfoil"], "flavorText": "Harbin's ornithopter had been trapped for two days within the currents of the storm. When the skies cleared, all he could see was a horizon of trees.", "foreignData": [{"identifiers": {"scryfallId": "a030d789-3962-4bc3-be19-7c0d6b99f821"}, "language": "German", "name": "Querwinde", "text": "Alle fliegenden Kreaturen erhalten -2/-0.", "type": "Verzauberung"}, {"identifiers": {"scryfallId": "4f2dc274-3274-4826-a3be-a448165d75d1"}, "language": "Spanish", "name": "Vientos transversales"}, {"identifiers": {"scryfallId": "51b58663-07c8-4e9a-bc4d-7c5a0e533503"}, "language": "French", "name": "Vents de travers"}, {"identifiers": {"scryfallId": "32e7bfb9-e720-4694-b8b3-fec289dd09fb"}, "language": "Italian", "name": "Venti Contrari"}, {"identifiers": {"scryfallId": "58cf3ed0-71cc-43c1-9c8a-2cfff71eaede"}, "language": "Japanese", "name": "横風"}, {"identifiers": {"scryfallId": "9bebd0f5-a5f0-46bb-8440-2b3896389070"}, "language": "Portuguese (Brazil)", "name": "Ventos Cruzados"}], "frameVersion": "1997", "hasFoil": false, "hasNonFoil": true, "identifiers": {"cardsphereId": "46538", "mcmId": "10453", "mcmMetaId": "1207", "mtgjsonV4Id": "5220a8e3-ba28-55c5-9471-059791bb162d", "mtgoFoilId": "11984", "mtgoId": "11983", "multiverseId": "5668", "scryfallCardBackId": "0aeebaf5-8c7d-4636-9e82-8c27447861f7", "scryfallId": "f182a85b-a119-46e2-8b8b-48b6758d9c39", "scryfallIllustrationId": "2302ea5b-7f31-4a4a-ab25-63360e541535", "scryfallOracleId": "68d7fafd-15f4-46fe-8233-09c3c873d1a1", "tcgplayerProductId": "6832"}, "isFoil": false, "language": "English", "layout": "normal", "legalities": {"commander": "Legal", "duel": "Legal", "legacy": "Legal", "oathbreaker": "Legal", "penny": "Legal", "predh": "Legal", "premodern": "Legal", "vintage": "Legal"}, "manaCost": "{1}{G}", "manaValue": 2.0, "name": "Crosswinds", "number": "246", "originalText": "All creatures with flying get -2/-0.", "originalType": "Enchantment", "printings": ["USG"], "purchaseUrls": {"cardmarket": "https://mtgjson.com/links/00b0113a1abdab95", "tcgplayer": "https://mtgjson.com/links/6c6d3526f1c94a0a"}, "rarity": "uncommon", "setCode": "USG", "sourceProducts": {"nonfoil": ["287ee793-65db-5cb8-b9e5-7422e7eecdd9", "96772e6d-0aba-5362-ab10-d5f3f6d23634", "c901ab11-9d40-5fc1-a603-470b42f4b48b"]}, "subtypes": [], "supertypes": [], "text": "Creatures with flying get -2/-0.", "type": "Enchantment", "types": ["Enchantment"], "uuid": "52414b56-e9a1-58fd-a31f-a6bec52b3c63"}, {"artist": "Rebecca Guay", "artistIds": ["f8f662fa-d597-46a3-afb2-91d6e13243e2"], "availability": ["mtgo", "paper"], "boosterTypes": ["default"], "borderColor": "black", "colorIdentity": ["G"], "colors": ["G"], "convertedManaCost": 4.0, "count": 1, "edhrecRank": 1351, "edhrecSaltiness": 1.07, "finishes": ["nonfoil", "foil"], "foreignData": [{"identifiers": {"scryfallId": "f0047605-56bb-43c0-952c-87db46818bf4"}, "language": "German", "name": "Verteidigung des Herzens", "text": "Wenn während Deiner Versorgungs-phase einer Deiner Gegner drei oder mehr Kreaturen kontrolliert, opfere die Verteidigung des Herzens und durchsuche Deine Bibliothek nach bis zu zwei Beschwörungs-zaubern und bringe diese Kreaturen ins Spiel.\nMische Deine Bibliothek danach.", "type": "Verzauberung"}, {"identifiers": {"scryfallId": "85a7ea67-4135-4f1d-b852-f76f309adc0c"}, "language": "Spanish", "name": "Defensa del corazón"}, {"identifiers": {"scryfallId": "e0010513-e2fa-46f9-89e6-bc4f63efe361"}, "language": "French", "name": "Défense du cOEur de la forêt"}, {"identifiers": {"scryfallId": "5911943c-dc05-49b7-b34b-96fd6217ead0"}, "language": "Italian", "name": "Difesa del Cuore"}, {"identifiers": {"scryfallId": "99010d32-2970-4762-994d-dd90989d9cb6"}, "language": "Japanese", "name": "中心部の防衛"}, {"identifiers": {"scryfallId": "dd68a315-b4d8-4e75-bef1-797f4a412a03"}, "language": "Portuguese (Brazil)", "name": "Defesa do Coração"}], "frameVersion": "1997", "hasFoil": true, "hasNonFoil": true, "identifiers": {"cardsphereFoilId": "46237", "cardsphereId": "46238", "mcmId": "10657", "mcmMetaId": "1407", "mtgjsonV4Id": "0c8ebc70-c125-5c4a-a45b-e1a8ad5d5ea6", "mtgoFoilId": "12580", "mtgoId": "12579", "multiverseId": "12442", "scryfallCardBackId": "0aeebaf5-8c7d-4636-9e82-8c27447861f7", "scryfallId": "9e93381f-627f-41b6-b1b6-45d712a44d8e", "scryfallIllustrationId": "5ae64cb8-15a7-423e-be97-1aa50754c93e", "scryfallOracleId": "e7e1b166-9267-426d-897d-24903327b48d", "tcgplayerProductId": "6301"}, "isFoil": false, "language": "English", "layout": "normal", "legalities": {"brawl": "Legal", "commander": "Legal", "duel": "Legal", "gladiator": "Legal", "historic": "Legal", "legacy": "Legal", "oathbreaker": "Legal", "predh": "Legal", "premodern": "Legal", "timeless": "Legal", "vintage": "Legal"}, "manaCost": "{3}{G}", "manaValue": 4.0, "name": "Defense of the Heart", "number": "100", "originalText": "During your upkeep, if one of your opponents controls three or more creatures, sacrifice Defense of the Heart, search your library for up to two creature cards, and put those creatures into play. Shuffle your library afterward.", "originalType": "Enchantment", "printings": ["J16", "PLST", "SLD", "ULG", "WOT"], "purchaseUrls": {"cardmarket": "https://mtgjson.com/links/3270e0131111f173", "tcgplayer": "https://mtgjson.com/links/cb204fc0d09b3aef"}, "rarity": "rare", "rulings": [{"date": "2023-09-01", "text": "Defense of the Heart's ability will check if an opponent controls three or more creatures as your upkeep begins. If none of them do, the ability won't trigger at all. If an opponent does, the ability will check again as it tries to resolve. If none of your opponents control three or more creatures at that point, the ability won't do anything. The opponent that controls three or more creatures as the ability resolves doesn't have to be the same opponent that controlled three or more creatures as it triggered."}, {"date": "2023-09-01", "text": "If Defense of the Heart leaves the battlefield while its triggered ability is on the stack, the ability will still resolve as normal."}], "setCode": "ULG", "sourceProducts": {"foil": ["c7edd411-b36c-5fd3-8c1d-0424c020bf3c"], "nonfoil": ["287ee793-65db-5cb8-b9e5-7422e7eecdd9", "c7edd411-b36c-5fd3-8c1d-0424c020bf3c"]}, "subtypes": [], "supertypes": [], "text": "At the beginning of your upkeep, if an opponent controls three or more creatures, sacrifice Defense of the Heart, search your library for up to two creature cards, put those cards onto the battlefield, then shuffle.", "type": "Enchantment", "types": ["Enchantment"], "uuid": "09bbb964-d134-59af-b967-458555e94647"}, {"artist": "Paolo Parente", "artistIds": ["d48dd097-720d-476a-8722-6a02854ae28b"], "availability": ["mtgo", "paper"], "boosterTypes": ["default"], "borderColor": "black", "colorIdentity": ["G"], "colors": ["G"], "convertedManaCost": 4.0, "count": 1, "edhrecRank": 12444, "edhrecSaltiness": 0.05, "finishes": ["nonfoil"], "flavorText": "The forest rose to the battle, not to save the people but to save itself.", "foreignData": [{"identifiers": {"scryfallId": "ab03d2bc-0418-47cb-9fe2-a24598ee19a1"}, "language": "German", "name": "Gaeas Umarmung", "text": "Die verzauberte Kreatur erhält +3/+3 und Trampeln.\n{R}: Regeneriere die verzauberte Kreatur.", "type": "Verzaubere Kreatur"}, {"identifiers": {"scryfallId": "5ae7d14c-fc59-4695-b38d-6a9d568c1978"}, "language": "Spanish", "name": "Abrazo de Gaia"}, {"identifiers": {"scryfallId": "df6a449a-43bf-4427-ae27-c0dc5c7f0df5"}, "language": "French", "name": "Etreinte de Gaia"}, {"identifiers": {"scryfallId": "db12811b-2cf7-4fc6-bb8c-f84b5dab7891"}, "language": "Italian", "name": "Abbraccio di Gea"}, {"identifiers": {"scryfallId": "27eb327f-5125-4e63-9378-880b8b93709a"}, "language": "Japanese", "name": "ガイアの抱擁"}, {"identifiers": {"scryfallId": "5554e7c0-549e-407f-9d32-3c8ef0c218fd"}, "language": "Portuguese (Brazil)", "name": "Abraço de Géia"}], "frameVersion": "1997", "hasFoil": false, "hasNonFoil": true, "identifiers": {"cardsphereId": "46590", "mcmId": "10462", "mcmMetaId": "2258", "mtgjsonV4Id": "06e9c1b5-535a-5614-8fd8-6bf4bd91c4fe", "mtgoFoilId": "12222", "mtgoId": "12221", "multiverseId": "5720", "scryfallCardBackId": "0aeebaf5-8c7d-4636-9e82-8c27447861f7", "scryfallId": "cce99456-d7cc-480f-b283-0ba063c89e0a", "scryfallIllustrationId": "90c5714c-b152-42f8-bd9a-24fc3d81099b", "scryfallOracleId": "b44e3f2e-3185-40d5-b50c-d3a1e473120c", "tcgplayerProductId": "6884"}, "isFoil": false, "keywords": ["Enchant"], "language": "English", "layout": "normal", "legalities": {"commander": "Legal", "duel": "Legal", "legacy": "Legal", "oathbreaker": "Legal", "penny": "Legal", "predh": "Legal", "premodern": "Legal", "vintage": "Legal"}, "manaCost": "{2}{G}{G}", "manaValue": 4.0, "name": "Gaea's Embrace", "number": "255", "originalText": "Enchanted creature gets +3/+3 and gains trample.\noo\nG Regenerate enchanted creature.", "originalType": "Enchant Creature", "printings": ["PLST", "USG", "VMA"], "purchaseUrls": {"cardmarket": "https://mtgjson.com/links/bdd701e6ec83673a", "tcgplayer": "https://mtgjson.com/links/2b5abbc6613d7fb9"}, "rarity": "uncommon", "setCode": "USG", "sourceProducts": {"nonfoil": ["287ee793-65db-5cb8-b9e5-7422e7eecdd9", "96772e6d-0aba-5362-ab10-d5f3f6d23634", "c901ab11-9d40-5fc1-a603-470b42f4b48b"]}, "subtypes": ["Aura"], "supertypes": [], "text": "Enchant creature\nEnchanted creature gets +3/+3 and has trample.\n{G}: Regenerate enchanted creature.", "type": "Enchantment — Aura", "types": ["Enchantment"], "uuid": "3e7ad39c-60ad-571c-8a79-ba23cd6f769f"}, {"artist": "Randy Gallegos", "artistIds": ["a5048cc7-438a-4378-98e4-da99b78e1db0"], "availability": ["mtgo", "paper"], "boosterTypes": ["default"], "borderColor": "black", "colorIdentity": ["W"], "colors": ["W"], "convertedManaCost": 2.0, "count": 2, "edhrecRank": 5131, "edhrecSaltiness": 0.41, "finishes": ["nonfoil"], "flavorText": "\"Fight? I cannot. I do not care if I live or die, so long as I can rest.\"\n—Urza, to Serra", "foreignData": [{"identifiers": {"scryfallId": "8205ac71-74b7-471b-ac4c-3a4e56fa931b"}, "language": "German", "name": "Pazifismus", "text": "Die verzauberte Kreatur kann nicht angreifen oder blocken.", "type": "Verzaubere Kreatur"}, {"identifiers": {"scryfallId": "24d87814-6551-46e0-9c04-a6095d6b927d"}, "language": "Spanish", "name": "Pacifismo"}, {"identifiers": {"scryfallId": "846d9cfd-3a65-4204-a116-e3023aa18dcc"}, "language": "French", "name": "Pacifisme"}, {"identifiers": {"scryfallId": "475fa3f2-fe41-433d-a320-0fdac2529147"}, "language": "Italian", "name": "Pacifismo"}, {"identifiers": {"scryfallId": "8450edf3-e217-4f13-ab27-f2b2ba61d646"}, "language": "Japanese", "name": "平和な心"}, {"identifiers": {"scryfallId": "1af31927-54d8-4bb5-b24d-d93a13d5c893"}, "language": "Portuguese (Brazil)", "name": "Pacifismo"}], "frameVersion": "1997", "hasFoil": false, "hasNonFoil": true, "identifiers": {"cardsphereId": "46669", "mcmId": "10234", "mcmMetaId": "4060", "mtgjsonV4Id": "576bc73e-b52c-5378-8d60-748be0f98d39", "mtgoFoilId": "12032", "mtgoId": "12031", "multiverseId": "5748", "scryfallCardBackId": "0aeebaf5-8c7d-4636-9e82-8c27447861f7", "scryfallId": "dc81638f-a74c-47fc-825a-ae778c524f66", "scryfallIllustrationId": "64b59f91-96fd-429e-a274-e2bbe6fde5da", "scryfallOracleId": "5f5e0b10-c8cf-450c-bfd3-bcb0528ec330", "tcgplayerProductId": "6963"}, "isFoil": false, "isReprint": true, "keywords": ["Enchant"], "language": "English", "layout": "normal", "legalities": {"alchemy": "Legal", "brawl": "Legal", "commander": "Legal", "duel": "Legal", "explorer": "Legal", "gladiator": "Legal", "historic": "Legal", "legacy": "Legal", "modern": "Legal", "oathbreaker": "Legal", "pauper": "Legal", "paupercommander": "Legal", "penny": "Legal", "pioneer": "Legal", "predh": "Legal", "premodern": "Legal", "timeless": "Legal", "vintage": "Legal"}, "manaCost": "{1}{W}", "manaValue": 2.0, "name": "Pacifism", "number": "27", "originalText": "Enchanted creature cannot attack or block.", "originalType": "Enchant Creature", "printings": ["10E", "6ED", "7ED", "8ED", "9ED", "A25", "ANB", "ATH", "BBD", "BRB", "DDC", "DMR", "DTK", "DVD", "EMA", "FDN", "IKO", "JMP", "M10", "M11", "M12", "M13", "M14", "M20", "MIR", "ONS", "PLST", "PS11", "PSAL", "TMP", "TPR", "USG", "WC04"], "purchaseUrls": {"cardmarket": "https://mtgjson.com/links/e43cbd3a29ba20ca", "tcgplayer": "https://mtgjson.com/links/5423c27bd0d278e8"}, "rarity": "common", "setCode": "USG", "sourceProducts": {"nonfoil": ["287ee793-65db-5cb8-b9e5-7422e7eecdd9", "4656cb47-34b8-5dff-93bd-577f0e7e01f7", "96772e6d-0aba-5362-ab10-d5f3f6d23634", "c901ab11-9d40-5fc1-a603-470b42f4b48b", "ffc34058-2090-5835-b29b-f3fb8f6f85aa"]}, "subtypes": ["Aura"], "supertypes": [], "text": "Enchant creature\nEnchanted creature can't attack or block.", "type": "Enchantment — Aura", "types": ["Enchantment"], "uuid": "a56a316f-6d97-5185-9f24-260453e70ac3"}, {"artist": "Kev Walker", "artistIds": ["f366a0ee-a0cd-466d-ba6a-90058c7a31a6"], "availability": ["mtgo", "paper"], "boosterTypes": ["default"], "borderColor": "black", "colorIdentity": ["G"], "colors": ["G"], "convertedManaCost": 1.0, "count": 1, "edhrecRank": 594, "edhrecSaltiness": 0.26, "finishes": ["nonfoil", "foil"], "flavorText": "Hatred outlives the hateful.", "foreignData": [{"identifiers": {"scryfallId": "0fb4070c-cc12-48ac-8510-d84bb604d90f"}, "language": "German", "name": "Grüner Zorn", "text": "Die verzauberte Kreatur erhält +2/+0 und verursacht Trampelschaden.\nWenn der Grüne Zorn aus dem Spiel auf dem Friedhof landet, bringe den Grünen Zorn auf die Hand seines Besitzers zurück.", "type": "Verzaubere Kreatur"}, {"identifiers": {"scryfallId": "bd38dfbc-5b47-43f6-a993-58c0f0e34868"}, "language": "Spanish", "name": "Rencor"}, {"identifiers": {"scryfallId": "96ba8029-e683-43ef-bf88-6125ca2a5b4d"}, "language": "French", "name": "RancOEur"}, {"identifiers": {"scryfallId": "3567bfad-b236-4a75-8277-2508d69efce9"}, "language": "Italian", "name": "Rancore"}, {"identifiers": {"scryfallId": "4b43691a-2813-4964-ba7e-e0e113d991b4"}, "language": "Japanese", "name": "怨恨"}, {"identifiers": {"scryfallId": "068fc302-cbe3-4090-96a6-77d462f3e7b4"}, "language": "Portuguese (Brazil)", "name": "Rancor"}], "frameVersion": "1997", "hasFoil": true, "hasNonFoil": true, "identifiers": {"cardsphereFoilId": "46381", "cardsphereId": "46382", "mcmId": "10667", "mcmMetaId": "4505", "mtgjsonV4Id": "4dd9632e-a00d-57ff-9ba0-fa0482ec9510", "mtgoFoilId": "12678", "mtgoId": "12677", "multiverseId": "12433", "scryfallCardBackId": "0aeebaf5-8c7d-4636-9e82-8c27447861f7", "scryfallId": "59e256c2-38df-4012-9308-ce17dd889e5f", "scryfallIllustrationId": "58619744-13a3-40a0-88d7-940cd556f2d2", "scryfallOracleId": "9d2d6479-531c-4ce1-b52b-00e36fa63b64", "tcgplayerProductId": "6373"}, "isFoil": false, "keywords": ["Enchant"], "language": "English", "layout": "normal", "legalities": {"commander": "Legal", "duel": "Legal", "legacy": "Legal", "modern": "Legal", "oathbreaker": "Legal", "pauper": "Legal", "paupercommander": "Legal", "predh": "Legal", "premodern": "Legal", "vintage": "Legal"}, "manaCost": "{G}", "manaValue": 1.0, "name": "Rancor", "number": "110", "originalText": "Enchanted creature gains +2/+0 and trample.\nWhen Rancor is put into a graveyard from play, return Rancor to owner's hand.", "originalType": "Enchant Creature", "printings": ["2X2", "A25", "AFC", "ARC", "DDD", "E02", "EMA", "F05", "GVL", "M13", "PC2", "PCA", "PIP", "PLST", "PRM", "PZ1", "ULG", "WC99"], "purchaseUrls": {"cardmarket": "https://mtgjson.com/links/c19c0137aa2f3386", "tcgplayer": "https://mtgjson.com/links/f5aa4881e5a83a56"}, "rarity": "common", "rulings": [{"date": "2018-03-16", "text": "If the creature this Aura would enchant is an illegal target by the time Rancor tries to resolve, the Aura spell doesn't resolve. It won't enter the battlefield, so it won't be put into a graveyard from the battlefield and its ability won't trigger."}], "setCode": "ULG", "sourceProducts": {"foil": ["c7edd411-b36c-5fd3-8c1d-0424c020bf3c"], "nonfoil": ["287ee793-65db-5cb8-b9e5-7422e7eecdd9", "354f7dd5-ba02-5cb9-92d5-762754bbc748", "c7edd411-b36c-5fd3-8c1d-0424c020bf3c"]}, "subtypes": ["Aura"], "supertypes": [], "text": "Enchant creature\nEnchanted creature gets +2/+0 and has trample.\nWhen Rancor is put into a graveyard from the battlefield, return Rancor to its owner's hand.", "type": "Enchantment — Aura", "types": ["Enchantment"], "uuid": "61d0d767-692b-556f-ace6-d0d080d5861e"}], "name": "Crusher", "releaseDate": "1999-02-15", "sealedProductUuids": null, "sideBoard": [], "type": "Theme Deck"}}