{"meta": {"date": "2024-09-03", "version": "5.2.2+20240903"}, "data": {"code": "LTR", "commander": [], "mainBoard": [{"artist": "Irina Nordsol", "artistIds": ["1e4cb52d-476e-4c68-ac87-2e620aede6d4"], "availability": ["arena", "mtgo", "paper"], "borderColor": "black", "colorIdentity": ["U"], "colors": ["U"], "convertedManaCost": 4.0, "count": 1, "edhrecRank": 15337, "finishes": ["nonfoil"], "foreignData": [], "frameVersion": "2015", "hasFoil": false, "hasNonFoil": true, "identifiers": {"mtgArenaId": "84971", "mtgjsonV4Id": "ecd9d8d4-35ef-5588-8f1d-7558f4e42688", "mtgoId": "119276", "multiverseId": "636311", "scryfallCardBackId": "0aeebaf5-8c7d-4636-9e82-8c27447861f7", "scryfallId": "9023a7eb-fe74-4e3d-9279-e69519b41fbd", "scryfallIllustrationId": "e6454802-b981-4419-afd3-7f126af9cdbe", "scryfallOracleId": "b1cc49cd-5039-4c31-a895-4ebf869fc5e4", "tcgplayerProductId": "517455"}, "isFoil": false, "language": "English", "layout": "normal", "legalities": {"brawl": "Legal", "commander": "Legal", "duel": "Legal", "gladiator": "Legal", "historic": "Legal", "legacy": "Legal", "modern": "Legal", "oathbreaker": "Legal", "penny": "Legal", "timeless": "Legal", "vintage": "Legal"}, "manaCost": "{3}{U}", "manaValue": 4.0, "name": "Minas Tirith Garrison", "number": "825", "originalReleaseDate": "2023-11-03", "power": "*", "printings": ["LTR"], "purchaseUrls": {"tcgplayer": "https://mtgjson.com/links/c86e82c09fd3e2cb"}, "rarity": "rare", "rulings": [{"date": "2023-11-03", "text": "If Minas Tirith Garrison is untapped as its last ability resolves, it can be tapped for its own last ability."}, {"date": "2023-11-03", "text": "If an attacking Human is tapped for Minas Tirith Garrison's ability (perhaps because it has vigilance or it was untapped after being declared as an attacker), that Human remains an attacking creature."}, {"date": "2023-11-03", "text": "You choose how many and which creatures to tap while Minas Tirith Garrison's last ability is resolving. No player may take any other actions between the time you make this choice and the time at which you draw cards."}], "securityStamp": "triangle", "setCode": "LTR", "sourceProducts": {"nonfoil": ["3e7d92ad-a920-5860-a95d-ae306b06b5de"]}, "subtypes": ["Human", "Soldier"], "supertypes": [], "text": "Minas Tirith Garrison's power is equal to the number of cards in your hand.\nWhenever Minas Tirith Garrison attacks, you may tap any number of untapped Humans you control. Draw a card for each Human tapped this way.", "toughness": "5", "type": "Creature — Human Soldier", "types": ["Creature"], "uuid": "d4fb6f7a-4fd4-5424-b156-6b2147ef564c", "variations": ["1bffce7b-157a-5128-82c0-c2c7231a561c"]}, {"artist": "Craig J Spearing", "artistIds": ["b0f15e74-0dd6-4156-959e-c5e30c5cdc52"], "availability": ["arena", "mtgo", "paper"], "boosterTypes": ["default"], "borderColor": "black", "colorIdentity": ["U"], "colors": ["U"], "convertedManaCost": 2.0, "count": 1, "edhrecRank": 13143, "finishes": ["nonfoil", "foil"], "flavorText": "\"The Corsairs are upon us! Back to the walls! Back to the City before all are overwhelmed!\"", "foreignData": [{"flavorText": "„Ein Überfall der Korsaren! Zurück! Zurück in die Stadt, bevor sie uns allesamt abschlachten!\"", "identifiers": {"multiverseId": "617155", "scryfallId": "dc67c81b-8dfb-4a91-afce-e6f34cc8b87f"}, "language": "German", "multiverseId": 617155, "name": "Überlebende aus Pelargir", "text": "{T}: Erzeuge ein Mana einer beliebigen Farbe. Gib dieses Mana nur aus, um einen Spontanzauber oder eine Hexerei zu wirken.\n{5}{U}, {T}: Ein Spieler deiner Wahl millt drei Karten. (Er legt die obersten drei Karten seiner Bibliothek auf seinen Friedhof.)", "type": "Kreatur — Mensch, Gesinde"}, {"flavorText": "\"¡Los corsarios están aquí! ¡Retornen a los muros! ¡Vuelvan a la ciudad antes de que arrasen con nosotros!\".", "identifiers": {"multiverseId": "617416", "scryfallId": "041ca5d0-21a2-46f0-b06e-9f9f1ed4f505"}, "language": "Spanish", "multiverseId": 617416, "name": "Superviviente de Pelargir", "text": "{T}: Agrega un maná de cualquier color. Usa este maná solo para lanzar un hechizo de instantáneo o de conjuro.\n{5}{U}, {T}: El jugador objetivo muele tres cartas. (Pone las tres primeras cartas de su biblioteca en su cementerio.)", "type": "Criatura — Plebeyo humano"}, {"flavorText": "« Les pirates sont à nos portes ! Repliez-vous dans l'enceinte ! Retournez à la cité avant qu'ils ne nous anéantissent ! »", "identifiers": {"multiverseId": "617677", "scryfallId": "78e0c560-f2f0-4f6a-a1ee-1057a9f1ed2e"}, "language": "French", "multiverseId": 617677, "name": "Survivante de Pelargir", "text": "{T} : Ajoutez un mana de la couleur de votre choix. Ne dépensez ce mana que pour lancer un sort d'éphémère ou de rituel.\n{5}{U}, {T} : Un joueur ciblé meule trois cartes. (Il met les trois cartes du dessus de sa bibliothèque dans son cimetière.)", "type": "Créature : humain et paysan"}, {"flavorText": "\"I Corsari sono vicini! Ritiratevi alle mura! Tornate in Città prima di essere sopraffatti!\"", "identifiers": {"multiverseId": "617938", "scryfallId": "4071c904-eb85-47d2-876f-ddc312647c40"}, "language": "Italian", "multiverseId": 617938, "name": "Sopravvissuta di Pelargir", "text": "{T}: Aggiungi un mana di un qualsiasi colore. Spendi questo mana solo per lanciare una magia istantaneo o stregoneria.\n{5}{U}, {T}: Un giocatore bersaglio macina tre carte. (Mette nel suo cimitero le prime tre carte del suo grimorio.)", "type": "Creatura — Popolano Umano"}, {"flavorText": "「海賊が来たぞ！壁まで引くのだ！奴らに押し潰される前に、街へ戻れ！」", "identifiers": {"multiverseId": "618199", "scryfallId": "9604fd1f-4be4-4881-b8cc-e1ea8ae34e34"}, "language": "Japanese", "multiverseId": 618199, "name": "ペラルギルの生き残り", "text": "{T}：好きな色１色のマナ１点を加える。このマナは、インスタントやソーサリーである呪文を唱えるためにしか支払えない。\n{5}{U}, {T}：プレイヤー１人を対象とする。そのプレイヤーはカード３枚を切削する。（そのプレイヤーは自分のライブラリーの一番上にあるカード３枚を自分の墓地に置く。）", "type": "クリーチャー — 人間・農民"}, {"flavorText": "\"Os Corsários chegaram! De volta para as muralhas! Para a cidade antes que tudo se perca!\"", "identifiers": {"multiverseId": "618460", "scryfallId": "f77887ee-7a53-4163-ad43-da88d14d4289"}, "language": "Portuguese (Brazil)", "multiverseId": 618460, "name": "Sobrevivente de Pelargir", "text": "{T}: Adicione um mana de qualquer cor. Gaste este mana apenas para conjurar uma mágica instantânea ou um feitiço.\n{5}{U}, {T}: O jogador alvo tritura três cards. (Ele coloca os três cards do topo do próprio grimório no próprio cemitério.)", "type": "Criatura — Humano Plebeu"}, {"flavorText": "「海盗来了！回到墙里来！在全军覆灭前回到石城里来！」", "identifiers": {"multiverseId": "618721", "scryfallId": "30d796c1-193f-4f3e-8d4d-2780581d7e72"}, "language": "Chinese Simplified", "multiverseId": 618721, "name": "佩拉基尔幸存者", "text": "{T}：加一点任意颜色的法术力。此法术力只能用来施放瞬间或法术咒语。\n{5}{U}，{T}：目标牌手磨三张牌。（他将其牌库顶的三张牌置入其坟墓场。）", "type": "生物 ～人类／平民"}], "frameVersion": "2015", "hasFoil": true, "hasNonFoil": true, "identifiers": {"cardsphereId": "104295", "mcmId": "717091", "mcmMetaId": "420518", "mtgArenaId": "84756", "mtgjsonV4Id": "6e78f189-7be7-5558-b222-9399abb8865e", "mtgoId": "112038", "multiverseId": "616894", "scryfallCardBackId": "0aeebaf5-8c7d-4636-9e82-8c27447861f7", "scryfallId": "aa59141a-4645-4316-b714-bbf2c139786e", "scryfallIllustrationId": "2b0dd8fa-9f9f-4306-bda7-c8838e429351", "scryfallOracleId": "ce0b3c22-3f77-4a6c-a126-9ed3c06b4482", "tcgplayerProductId": "499963"}, "isFoil": false, "keywords": ["Mill"], "language": "English", "layout": "normal", "legalities": {"brawl": "Legal", "commander": "Legal", "duel": "Legal", "gladiator": "Legal", "historic": "Legal", "legacy": "Legal", "modern": "Legal", "oathbreaker": "Legal", "pauper": "Legal", "paupercommander": "Legal", "timeless": "Legal", "vintage": "Legal"}, "manaCost": "{1}{U}", "manaValue": 2.0, "name": "Pelargir Survivor", "number": "64", "originalText": "{T}: Add one mana of any color. Spend this mana only to cast an instant or sorcery spell.\n{5}{U}, {T}: Target player mills three cards. (They put the top three cards of their library into their graveyard.)", "originalType": "Creature — Human Peasant", "power": "1", "printings": ["LTR"], "purchaseUrls": {"cardmarket": "https://mtgjson.com/links/a008f68a9824437a", "tcgplayer": "https://mtgjson.com/links/eebacde0609896d9"}, "rarity": "common", "securityStamp": "triangle", "setCode": "LTR", "sourceProducts": {"foil": ["266de9f8-de20-5d45-a4be-842de7a5a82d", "331d181e-ccef-5814-bf27-347a9c57a92e", "ef7a3983-cd6e-5ff3-b85c-bc67ae1edf5c"], "nonfoil": ["331d181e-ccef-5814-bf27-347a9c57a92e", "3e7d92ad-a920-5860-a95d-ae306b06b5de", "ef7a3983-cd6e-5ff3-b85c-bc67ae1edf5c", "f63def18-5714-59e7-a761-4f5b65f035fa"]}, "subtypes": ["Human", "Peasant"], "supertypes": [], "text": "{T}: Add one mana of any color. Spend this mana only to cast an instant or sorcery spell.\n{5}{U}, {T}: Target player mills three cards. (They put the top three cards of their library into their graveyard.)", "toughness": "3", "type": "Creature — Human Peasant", "types": ["Creature"], "uuid": "457b4c9c-40e9-5b59-b10c-6a8af0a0e4a8", "variations": ["3e64238b-5237-51d1-9cfe-ff50730afd7f"]}, {"artist": "Wei Guan", "artistIds": ["6bd18163-aa22-4a41-82f6-8cdb8269d3c8"], "availability": ["arena", "mtgo", "paper"], "boosterTypes": ["default"], "borderColor": "black", "colorIdentity": ["U"], "colors": ["U"], "convertedManaCost": 3.0, "count": 1, "edhrecRank": 15489, "edhrecSaltiness": 0.08, "finishes": ["nonfoil", "foil"], "flavorText": "\"There is a great fleet drawing near to the mouths of Anduin, manned by the Corsairs of Umbar in the South. They have long ceased to fear the might of Gondor.\"\n—Beregond", "foreignData": [{"flavorText": "„Im Süden nähert sich eine gewaltige Flotte der Korsaren von Umbar der Mündung des Anduin. Die Macht Gondors fürchten sie schon lange nicht mehr.\"\n—Beregond", "identifiers": {"multiverseId": "617136", "scryfallId": "b684b3fa-11aa-4273-b836-da6de5fff467"}, "language": "German", "multiverseId": 617136, "name": "Kapitänin aus Umbar", "text": "{1}, {T}: Ziehe eine Karte und wirf dann eine Karte ab.", "type": "Kreatur — Mensch, Pirat"}, {"flavorText": "\"Una gran flota se aproxima a la desembocadura del Anduin, tripulada por los corsarios de Umbar, un país sureño. Hace tiempo que dejaron de temer la fuerza de Gondor\".\n—Beregond", "identifiers": {"multiverseId": "617397", "scryfallId": "07c33279-93a3-4995-9f78-28351fad8fcd"}, "language": "Spanish", "multiverseId": 617397, "name": "Capitana de Umbar", "text": "{1}, {T}: Roba una carta, luego descarta una carta.", "type": "Criatura — Pirata humano"}, {"flavorText": "« Une grande flotte se rapproche des bouches de l'Anduin, armée des pirates d'Umbar en provenance du sud. Cela fait longtemps qu'ils ne craignent plus la puissance du Gondor. »\n—Beregond", "identifiers": {"multiverseId": "617658", "scryfallId": "dcbd3efc-a127-4dc0-a0f9-fd99a8706ac8"}, "language": "French", "multiverseId": 617658, "name": "Capitaine d'Umbar", "text": "{1}, {T} : Piochez une carte, puis défaussez-vous d'une carte.", "type": "Créature : humain et pirate"}, {"flavorText": "\"Una flotta immensa si sta avvicinando alle bocche di Anduin, capitanata dai Corsari di Umbar a sud. Da tempo non temono più il potere di Gondor.\"\n—Beregond", "identifiers": {"multiverseId": "617919", "scryfallId": "68e9e4c5-49b5-496d-8225-c276bc6a58be"}, "language": "Italian", "multiverseId": 617919, "name": "Capitana di Umbar", "text": "{1}, {T}: Pesca una carta, poi scarta una carta.", "type": "Creatura — Pirata Umano"}, {"flavorText": "「アンドゥインの河口の南に、ウンバールの海賊の大船団が集結しつつある。奴らはもはやゴンドールの力を恐れてはいない。」\n——ベレゴンド", "identifiers": {"multiverseId": "618180", "scryfallId": "dcb14751-b4c8-41b6-adc9-4bcb32a23f21"}, "language": "Japanese", "multiverseId": 618180, "name": "ウンバールの船長", "text": "{1}, {T}：カード１枚を引く。その後、カード１枚を捨てる。", "type": "クリーチャー — 人間・海賊"}, {"flavorText": "\"Há uma grande frota se aproximando do delta do Anduin, tripulada pelos Corsários de Umbar, no Sul. Há muito que já não temem o poder de Gondor.\"\n— Beregond", "identifiers": {"multiverseId": "618441", "scryfallId": "a2d85296-5cce-441b-a996-8a712eb6bddf"}, "language": "Portuguese (Brazil)", "multiverseId": 618441, "name": "Capitã de Umbar", "text": "{1}, {T}: Compre um card e depois descarte um card.", "type": "Criatura — Humano Pirata"}, {"flavorText": "「有支南方乌姆巴尔海盗麾下的强大舰队正在逼近安都因河口。他们早已不再惧怕刚铎声威。」\n～贝瑞刚德", "identifiers": {"multiverseId": "618702", "scryfallId": "88472635-6aca-4a6b-8a23-69b4940a5166"}, "language": "Chinese Simplified", "multiverseId": 618702, "name": "乌姆巴尔船长", "text": "{1}，{T}：抓一张牌，然后弃一张牌。", "type": "生物 ～人类／海盗"}], "frameVersion": "2015", "hasFoil": true, "hasNonFoil": true, "identifiers": {"cardsphereId": "104277", "mcmId": "717079", "mcmMetaId": "420506", "mtgArenaId": "84737", "mtgjsonV4Id": "d9a5e404-6d43-533d-b6c9-21b34f3e40b2", "mtgoId": "112000", "multiverseId": "616875", "scryfallCardBackId": "0aeebaf5-8c7d-4636-9e82-8c27447861f7", "scryfallId": "c222577d-a3c7-41d9-b11b-62065bdb98ef", "scryfallIllustrationId": "4db2095d-ca50-41e2-9ec0-b11964f8f6f7", "scryfallOracleId": "1941f993-41d7-49e3-8891-41b3cecd5a9d", "tcgplayerProductId": "499949"}, "isFoil": false, "language": "English", "layout": "normal", "legalities": {"brawl": "Legal", "commander": "Legal", "duel": "Legal", "gladiator": "Legal", "historic": "Legal", "legacy": "Legal", "modern": "Legal", "oathbreaker": "Legal", "pauper": "Legal", "paupercommander": "Legal", "timeless": "Legal", "vintage": "Legal"}, "manaCost": "{2}{U}", "manaValue": 3.0, "name": "Captain of Umbar", "number": "45", "originalText": "{1}, {T}: Draw a card, then discard a card.", "originalType": "Creature — Human Pirate", "power": "2", "printings": ["LTR"], "purchaseUrls": {"cardmarket": "https://mtgjson.com/links/04844ed83dee834c", "tcgplayer": "https://mtgjson.com/links/98fc23a425b0a6da"}, "rarity": "common", "securityStamp": "triangle", "setCode": "LTR", "sourceProducts": {"foil": ["266de9f8-de20-5d45-a4be-842de7a5a82d", "331d181e-ccef-5814-bf27-347a9c57a92e", "ef7a3983-cd6e-5ff3-b85c-bc67ae1edf5c"], "nonfoil": ["331d181e-ccef-5814-bf27-347a9c57a92e", "3e7d92ad-a920-5860-a95d-ae306b06b5de", "ef7a3983-cd6e-5ff3-b85c-bc67ae1edf5c", "f63def18-5714-59e7-a761-4f5b65f035fa"]}, "subtypes": ["Human", "Pirate"], "supertypes": [], "text": "{1}, {T}: Draw a card, then discard a card.", "toughness": "3", "type": "Creature — Human Pirate", "types": ["Creature"], "uuid": "928e5797-b84a-596c-9f1a-ba1e32d89ebf", "variations": ["e77b8c2d-aec0-5477-8620-ff3941e63456"]}, {"artist": "Eelis Kyttanen", "artistIds": ["699b24be-cde0-4da8-bc0f-7a3ecd60ab01"], "availability": ["arena", "mtgo", "paper"], "boosterTypes": ["default"], "borderColor": "black", "colorIdentity": ["U"], "colors": ["U"], "convertedManaCost": 4.0, "count": 1, "edhrecRank": 11366, "edhrecSaltiness": 0.1, "finishes": ["nonfoil", "foil"], "flavorText": "And so the companies came and were hailed and cheered and passed through the Gate.", "foreignData": [{"flavorText": "Und so wurden die Truppen mit viel Preis und Jubel willkommen geheißen, als sie durch das Tor ritten.", "identifiers": {"multiverseId": "617150", "scryfallId": "928b3516-e293-4eba-ba4e-e2bb62c15ccd"}, "language": "German", "multiverseId": 617150, "name": "Ritter von Dol Amroth", "text": "Immer wenn du deine zweite Karte innerhalb desselben Zuges ziehst, lege eine +1/+1-Marke auf die Ritter von Dol Amroth.", "type": "Kreatur — Mensch, Ritter"}, {"flavorText": "Así llegaron las compañías, con la bienvenida y la aclamación de la multitud, y cruzaron la puerta.", "identifiers": {"multiverseId": "617411", "scryfallId": "dfe9c1f6-3a5b-4921-b312-2ab449137f3e"}, "language": "Spanish", "multiverseId": 617411, "name": "Caballeros de Dol Amroth", "text": "Siempre que robes tu segunda carta cada turno, pon un contador +1/+1 sobre los Caballeros de Dol Amroth.", "type": "Criatura — Caballero humano"}, {"flavorText": "Et ainsi les compagnies arrivèrent, acclamées et applaudies lorsqu'elles passèrent les portes.", "identifiers": {"multiverseId": "617672", "scryfallId": "762c5ca4-ee72-4f40-a742-e9cb6a0579c2"}, "language": "French", "multiverseId": 617672, "name": "Chevaliers de Dol Amroth", "text": "À chaque fois que vous piochez votre deuxième carte à chaque tour, mettez un marqueur +1/+1 sur les Chevaliers de Dol Amroth.", "type": "Créature : humain et chevalier"}, {"flavorText": "Al loro arrivo, le compagnie attraversarono il cancello tra il giubilo e l'esultanza.", "identifiers": {"multiverseId": "617933", "scryfallId": "2ba86e63-3fcf-48f5-8bcc-6d98c575cbd2"}, "language": "Italian", "multiverseId": 617933, "name": "Cavalieri di Dol Amroth", "text": "Ogniqualvolta peschi la tua seconda carta in ogni turno, metti un segnalino +1/+1 sui Cavalieri di Dol Amroth.", "type": "Creatura — Cavaliere Umano"}, {"flavorText": "そして門を潜った兵たちは、歓声に迎えられた。", "identifiers": {"multiverseId": "618194", "scryfallId": "4ff42afc-289a-48b9-89f7-3419f740d8a9"}, "language": "Japanese", "multiverseId": 618194, "name": "ドル・アムロスの騎士", "text": "あなたが各ターン内のあなたの２枚目のカードを引くたび、ドル・アムロスの騎士の上に＋１/＋１カウンター１個を置く。", "type": "クリーチャー — 人間・騎士"}, {"flavorText": "E assim vieram as companhias, e foram saudadas e festejadas e passaram pelo portão.", "identifiers": {"multiverseId": "618455", "scryfallId": "d388d59e-ec4b-46f1-ab92-a9871eef2de1"}, "language": "Portuguese (Brazil)", "multiverseId": 618455, "name": "Cavaleiros de Dol Amroth", "text": "Toda vez que você comprar seu segundo card a cada turno, coloque um marcador +1/+1 em Cavaleiros de Dol Amroth.", "type": "Criatura — Humano Cavaleiro"}, {"flavorText": "就这样一支支队伍通过，迎着称赞与欢呼声穿过了城门。", "identifiers": {"multiverseId": "618716", "scryfallId": "0e632cb4-d497-4961-b35b-b3815aa40807"}, "language": "Chinese Simplified", "multiverseId": 618716, "name": "多阿姆洛斯骑士", "text": "每当你抓每回合中你的第二张牌时，在多阿姆洛斯骑士上放置一个+1/+1指示物。", "type": "生物 ～人类／骑士"}], "frameVersion": "2015", "hasFoil": true, "hasNonFoil": true, "identifiers": {"cardsphereId": "103899", "mcmId": "715896", "mcmMetaId": "420035", "mtgArenaId": "84751", "mtgjsonV4Id": "d23c6248-dbb7-5e0b-a2b5-6a31b1dad80c", "mtgoId": "112028", "multiverseId": "616889", "scryfallCardBackId": "0aeebaf5-8c7d-4636-9e82-8c27447861f7", "scryfallId": "661338ff-a192-4007-a144-63d00f2e9ecb", "scryfallIllustrationId": "8b33a1f9-0d65-4bc6-a2da-e82600a44c81", "scryfallOracleId": "3f8b189e-775c-41ad-839a-153a3200c708", "tcgplayerProductId": "498339"}, "isFoil": false, "language": "English", "layout": "normal", "legalities": {"brawl": "Legal", "commander": "Legal", "duel": "Legal", "gladiator": "Legal", "historic": "Legal", "legacy": "Legal", "modern": "Legal", "oathbreaker": "Legal", "pauper": "Legal", "paupercommander": "Legal", "penny": "Legal", "timeless": "Legal", "vintage": "Legal"}, "manaCost": "{3}{U}", "manaValue": 4.0, "name": "Knights of Dol Amroth", "number": "59", "originalText": "Whenever you draw your second card each turn, put a +1/+1 counter on Knights of Dol Amroth.", "originalType": "Creature — Human Knight", "power": "3", "printings": ["LTR"], "purchaseUrls": {"cardmarket": "https://mtgjson.com/links/269bc3892d0dfe79", "tcgplayer": "https://mtgjson.com/links/c6667226bc8f2e59"}, "rarity": "common", "securityStamp": "triangle", "setCode": "LTR", "sourceProducts": {"foil": ["266de9f8-de20-5d45-a4be-842de7a5a82d", "331d181e-ccef-5814-bf27-347a9c57a92e", "ef7a3983-cd6e-5ff3-b85c-bc67ae1edf5c"], "nonfoil": ["331d181e-ccef-5814-bf27-347a9c57a92e", "3e7d92ad-a920-5860-a95d-ae306b06b5de", "ef7a3983-cd6e-5ff3-b85c-bc67ae1edf5c"]}, "subtypes": ["Human", "Knight"], "supertypes": [], "text": "Whenever you draw your second card each turn, put a +1/+1 counter on Knights of Dol Amroth.", "toughness": "3", "type": "Creature — Human Knight", "types": ["Creature"], "uuid": "0fa45604-526f-5b99-ba99-5895ab258275", "variations": ["9354d7b2-b54d-5629-847d-17d7e86a1677", "cc3a1bb9-c5e4-58d8-8108-64b670ea80f5"]}, {"artist": "Wei Guan", "artistIds": ["6bd18163-aa22-4a41-82f6-8cdb8269d3c8"], "availability": ["arena", "mtgo", "paper"], "boosterTypes": ["default"], "borderColor": "black", "colorIdentity": ["U"], "colors": ["U"], "convertedManaCost": 2.0, "count": 1, "edhrecRank": 18198, "edhrecSaltiness": 0.08, "finishes": ["nonfoil", "foil"], "foreignData": [{"identifiers": {"multiverseId": "617132", "scryfallId": "a4494c56-a790-49a3-acd1-f7ff6b9ed388"}, "language": "German", "multiverseId": 617132, "name": "Verhexende Heilkunst", "text": "Verzaubert eine Kreatur\nWenn die Verhexende Heilkunst ins Spiel kommt, tappe die verzauberte Kreatur.\nDie verzauberte Kreatur hat „Falls diese Kreatur während deines Enttappsegments enttappen würde, entferne stattdessen eine +1/+1-Marke von ihr. Falls du dies tust, enttappe sie.\" (Anderenfalls enttappt sie nicht.)", "type": "Verzauberung — Aura"}, {"identifiers": {"multiverseId": "617393", "scryfallId": "8cfd2f9b-ab42-4c2d-808a-1de17e8e7a46"}, "language": "Spanish", "multiverseId": 617393, "name": "Sanguijuelas hechizantes", "text": "Encantar criatura.\nCuando las Sanguijuelas hechizantes entren al campo de batalla, gira la criatura encantada.\nLa criatura encantada tiene \"Si esta criatura fuera a enderezarse durante tu paso de enderezar, en vez de eso, remueve un contador +1/+1 de ella. Si lo haces, enderézala\". (De lo contrario, no se endereza.)", "type": "Encantamiento — Aura"}, {"identifiers": {"multiverseId": "617654", "scryfallId": "3ffb09a2-2a58-40ed-bb80-e6b761df7ff7"}, "language": "French", "multiverseId": 617654, "name": "Médecine ensorcelante", "text": "Enchanter : créature\nQuand la Médecine ensorcelante arrive sur le champ de bataille, engagez la créature enchantée.\nLa créature enchantée a « Si cette créature devait se dégager pendant votre étape de dégagement, retirez-lui un marqueur +1/+1 à la place. Si vous faites ainsi, dégagez-la. » (Sinon, elle ne se dégage pas.)", "type": "Enchantement : aura"}, {"identifiers": {"multiverseId": "617915", "scryfallId": "7b6a4f5b-cdd0-4a0a-bfe6-bcfb74a9077e"}, "language": "Italian", "multiverseId": 617915, "name": "Panacea Ammaliante", "text": "Incanta creatura\nQuando la Panacea Ammaliante entra nel campo di battaglia, TAPpa la creatura incantata.\nLa creatura incantata ha \"Se questa creatura sta per STAPpare durante il tuo STAP, rimuovi invece un segnalino +1/+1 da essa. Se lo fai, STAPpala\". (Altrimenti non STAPpa.)", "type": "Incantesimo — Aura"}, {"identifiers": {"multiverseId": "618176", "scryfallId": "1a811899-1887-4565-9c5e-52eb96f60cbf"}, "language": "Japanese", "multiverseId": 618176, "name": "たぶらかしの呪い治療", "text": "エンチャント（クリーチャー）\nたぶらかしの呪い治療が戦場に出たとき、エンチャントしているクリーチャーをタップする。\nエンチャントしているクリーチャーは「このクリーチャーがあなたのアンタップ・ステップにアンタップするなら、代わりに＋１/＋１カウンター１個を取り除く。そうしたなら、アンタップする。(そうでないなら、アンタップしない。)」を持つ。", "type": "エンチャント — オーラ"}, {"identifiers": {"multiverseId": "618437", "scryfallId": "015216c0-c410-4970-8f91-e50b1bb0016d"}, "language": "Portuguese (Brazil)", "multiverseId": 618437, "name": "Medicina Enfeitiçante", "text": "Encantar criatura\nQuando Medicina Enfeitiçante entrar no campo de batalha, vire a criatura encantada.\nA criatura encantada tem \"Se esta criatura seria desvirada durante sua etapa de desvirar, em vez disso, remova um marcador +1/+1 dela. Se fizer isso, desvire-a\". (Caso contrário, ela não será desvirada.", "type": "Encantamento — Aura"}, {"identifiers": {"multiverseId": "618698", "scryfallId": "5465200c-661b-40f4-947d-94a7a5aba445"}, "language": "Chinese Simplified", "multiverseId": 618698, "name": "庸医妖术", "text": "结附于生物\n当庸医妖术进战场时，横置所结附的生物。\n所结附的生物具有「如果此生物将在你的重置步骤中重置，则改为从其上移去一个+1/+1指示物。若你如此作，则将它重置。」（若未如此作，它便不能重置。）", "type": "结界 ～灵气"}], "frameVersion": "2015", "hasFoil": true, "hasNonFoil": true, "identifiers": {"cardsphereId": "104276", "mcmId": "717113", "mcmMetaId": "420540", "mtgArenaId": "84733", "mtgjsonV4Id": "a7f4f840-4bf6-5ed7-88ea-0381d4f77a5e", "mtgoId": "111992", "multiverseId": "616871", "scryfallCardBackId": "0aeebaf5-8c7d-4636-9e82-8c27447861f7", "scryfallId": "b612452e-b8a8-4a5a-82a8-01fd463cfc77", "scryfallIllustrationId": "dcd7575e-c064-4c8f-818b-a0f2e0ef4b61", "scryfallOracleId": "a5d803bc-7fd4-4570-8cd6-cb138727a66e", "tcgplayerProductId": "499948"}, "isFoil": false, "keywords": ["Enchant"], "language": "English", "layout": "normal", "legalities": {"brawl": "Legal", "commander": "Legal", "duel": "Legal", "gladiator": "Legal", "historic": "Legal", "legacy": "Legal", "modern": "Legal", "oathbreaker": "Legal", "pauper": "Legal", "paupercommander": "Legal", "penny": "Legal", "timeless": "Legal", "vintage": "Legal"}, "manaCost": "{1}{U}", "manaValue": 2.0, "name": "Bewitching Leechcraft", "number": "41", "originalText": "Enchant creature\nWhen Bewitching Leechcraft enters the battlefield, tap enchanted creature.\nEnchanted creature has \"If this creature would untap during your untap step, remove a +1/+1 counter from it instead. If you do, untap it.\" (Otherwise, it doesn't untap.)", "originalType": "Enchantment — Aura", "printings": ["LTR"], "purchaseUrls": {"cardmarket": "https://mtgjson.com/links/8ee24e4b6f8b61be", "tcgplayer": "https://mtgjson.com/links/de7b6cb44492b253"}, "rarity": "common", "securityStamp": "triangle", "setCode": "LTR", "sourceProducts": {"foil": ["266de9f8-de20-5d45-a4be-842de7a5a82d", "331d181e-ccef-5814-bf27-347a9c57a92e", "ef7a3983-cd6e-5ff3-b85c-bc67ae1edf5c"], "nonfoil": ["331d181e-ccef-5814-bf27-347a9c57a92e", "3e7d92ad-a920-5860-a95d-ae306b06b5de", "ef7a3983-cd6e-5ff3-b85c-bc67ae1edf5c"]}, "subtypes": ["Aura"], "supertypes": [], "text": "Enchant creature\nWhen Bewitching Leechcraft enters, tap enchanted creature.\nEnchanted creature has \"If this creature would untap during your untap step, remove a +1/+1 counter from it instead. If you do, untap it.\" (Otherwise, it doesn't untap.)", "type": "Enchantment — Aura", "types": ["Enchantment"], "uuid": "562a96d5-0032-542b-96a0-36d3d3671a82", "variations": ["06c3b311-5b38-5aa3-a7ca-1c7ef4d55089"]}, {"artist": "Erikas Perl", "artistIds": ["39cb50cf-0223-43c7-bd96-afb5f05c7e43"], "availability": ["arena", "mtgo", "paper"], "boosterTypes": ["default"], "borderColor": "black", "colorIdentity": ["U"], "colors": ["U"], "convertedManaCost": 4.0, "count": 1, "edhrecRank": 17424, "edhrecSaltiness": 0.37, "finishes": ["nonfoil", "foil"], "flavorText": "\"They took me and set me on the pinnacle of Orthanc. I stood alone on an island in the clouds; I had no chance of escape, and my days were bitter and cold.\"\n—Gandalf", "foreignData": [{"flavorText": "„Sie setzten mich auf der Spitze des Orthanc aus. Ich stand dort allein auf einer Insel in den Wolken und konnte auf keine Rettung hoffen; es waren bittere, kalte Tage.\"\n—Gandalf", "identifiers": {"multiverseId": "617148", "scryfallId": "233bf934-ffb7-4108-9c75-741c65bb6074"}, "language": "German", "multiverseId": 617148, "name": "Festnahme auf dem Orthanc", "text": "Lege eine Kreatur deiner Wahl als zweite Karte von oben in die Bibliothek ihres Besitzers.", "type": "Spontanzauber"}, {"flavorText": "\"Me encerraron en lo más alto de Orthanc. Estaba solo en una isla rodeada de nubes. Me era imposible escapar, y los días estaban repletos de amargura y frío\".\n—Gandalf", "identifiers": {"multiverseId": "617409", "scryfallId": "f8a31e61-fd1e-4489-a8bf-358d149b039c"}, "language": "Spanish", "multiverseId": 617409, "name": "Aislamiento en Orthanc", "text": "Pon la criatura objetivo en la biblioteca de su propietario en segundo lugar desde la parte superior.", "type": "Instantáneo"}, {"flavorText": "« On m'a pris et emmené sur le pinacle d'Orthanc. Je restai seul sur une île entourée de nuages. Je n'avais aucune chance de m'échapper et mes jours étaient amers et froids. »\n—Gandalf", "identifiers": {"multiverseId": "617670", "scryfallId": "0991694b-90ce-4003-a9d5-e962f6e73cc9"}, "language": "French", "multiverseId": 617670, "name": "Isolement à Orthanc", "text": "Mettez une créature ciblée dans la bibliothèque de son propriétaire en deuxième position à partir du dessus.", "type": "Éphémère"}, {"flavorText": "\"Mi presero e mi portarono sul pinnacolo di Orthanc. Lì giacevo da solo in un'isola tra le nuvole, senza speranza di fuga, e trascorrevo i miei giorni tra l'amarezza e il gelo.\"\n—Gandalf", "identifiers": {"multiverseId": "617931", "scryfallId": "e37ed6f3-8110-4223-8d4f-f15f67879e78"}, "language": "Italian", "multiverseId": 617931, "name": "Isolamento a Orthanc", "text": "Metti una creatura bersaglio nel grimorio del suo proprietario come seconda carta.", "type": "Istantaneo"}, {"flavorText": "「わしはオルサンクの頂上に連れてこられた。逃げ場所などないあの雲の上の孤島で、辛く寒い日々を過ごしたのだ。」\n――ガンダルフ", "identifiers": {"multiverseId": "618192", "scryfallId": "ffbfcb90-b250-4c12-9846-71cddd5c6779"}, "language": "Japanese", "multiverseId": 618192, "name": "オルサンクへの幽閉", "text": "クリーチャー１体を対象とする。それをオーナーのライブラリーの一番上から２枚目に置く。", "type": "インスタント"}, {"flavorText": "\"Eles me pegaram e me deixaram no pináculo de Orthanc. Fiquei sozinho numa ilha entre as nuvens; não tinha esperança de escapar e meus dias foram amargos e frios.\"\n— Gandalf", "identifiers": {"multiverseId": "618453", "scryfallId": "4284e001-e8a6-455e-92de-12c7c9c99f91"}, "language": "Portuguese (Brazil)", "multiverseId": 618453, "name": "Isolamento em Orthanc", "text": "Coloque a criatura alvo no topo do grimório do seu dono na segunda posição.", "type": "Mágica Instantânea"}, {"flavorText": "「他们把我抓起来，关在欧尔桑克尖顶上。我就独身一人站在云间孤岛上；根本没有机会逃跑，日子过得又苦又冷。」\n～甘道夫", "identifiers": {"multiverseId": "618714", "scryfallId": "6da21b6e-be1a-419c-993f-b44f1702573d"}, "language": "Chinese Simplified", "multiverseId": 618714, "name": "独囚欧尔桑克", "text": "将目标生物置于其拥有者的牌库顶数来第二张的位置。", "type": "瞬间"}], "frameVersion": "2015", "hasFoil": true, "hasNonFoil": true, "identifiers": {"cardsphereId": "104292", "mcmId": "717081", "mcmMetaId": "420508", "mtgArenaId": "84749", "mtgjsonV4Id": "f98021ec-c431-59c1-b11c-d4a40a25e5a2", "mtgoId": "112024", "multiverseId": "616887", "scryfallCardBackId": "0aeebaf5-8c7d-4636-9e82-8c27447861f7", "scryfallId": "54b9c323-ac9b-4864-bd57-81b557f44114", "scryfallIllustrationId": "d41b4714-344b-4ce3-8e8a-4053da9f7077", "scryfallOracleId": "6dc6536f-455a-4d7b-beed-a78ec63c0030", "tcgplayerProductId": "499957"}, "isFoil": false, "language": "English", "layout": "normal", "legalities": {"brawl": "Legal", "commander": "Legal", "duel": "Legal", "gladiator": "Legal", "historic": "Legal", "legacy": "Legal", "modern": "Legal", "oathbreaker": "Legal", "pauper": "Legal", "paupercommander": "Legal", "timeless": "Legal", "vintage": "Legal"}, "manaCost": "{3}{U}", "manaValue": 4.0, "name": "Isolation at Orthanc", "number": "57", "originalText": "Put target creature into its owner's library second from the top.", "originalType": "Instant", "printings": ["LTR"], "purchaseUrls": {"cardmarket": "https://mtgjson.com/links/1202aa8a86d4c690", "tcgplayer": "https://mtgjson.com/links/7a2b802f97023bc0"}, "rarity": "common", "rulings": [{"date": "2023-06-16", "text": "If the target creature's controller has zero cards left in their library when Isolation at Orthanc resolves, that creature becomes the top card of their library."}], "securityStamp": "triangle", "setCode": "LTR", "sourceProducts": {"foil": ["266de9f8-de20-5d45-a4be-842de7a5a82d", "331d181e-ccef-5814-bf27-347a9c57a92e", "ef7a3983-cd6e-5ff3-b85c-bc67ae1edf5c"], "nonfoil": ["331d181e-ccef-5814-bf27-347a9c57a92e", "3e7d92ad-a920-5860-a95d-ae306b06b5de", "ef7a3983-cd6e-5ff3-b85c-bc67ae1edf5c"]}, "subtypes": [], "supertypes": [], "text": "Put target creature into its owner's library second from the top.", "type": "Instant", "types": ["Instant"], "uuid": "4de0be3a-ce97-58f3-8c3b-e39032b6feae", "variations": ["8bca5ade-875d-58b7-8bf5-e5e85d5c6b93"]}, {"artist": "Randy Gallegos", "artistIds": ["a5048cc7-438a-4378-98e4-da99b78e1db0"], "asciiName": "Lorien Revealed", "availability": ["arena", "mtgo", "paper"], "boosterTypes": ["default"], "borderColor": "black", "colorIdentity": ["U"], "colors": ["U"], "convertedManaCost": 5.0, "count": 1, "edhrecRank": 1625, "edhrecSaltiness": 0.29, "finishes": ["nonfoil", "foil"], "flavorText": "\"Look on us now with friendly eyes! Behold the trees of the Naith of Lórien and be glad!\"\n—Haldir", "foreignData": [{"flavorText": "„Betrachtet uns nun freundlichen Auges! Erblickt die Bäume des Naith von Lórien und frohlockt!\"\n—Haldir", "identifiers": {"multiverseId": "617151", "scryfallId": "f3f17f6d-972c-4450-868d-433d49b30bb7"}, "language": "German", "multiverseId": 617151, "name": "Offenbarungen in Lórien", "text": "Ziehe drei Karten.\nInselumwandlung {1} ({1}, wirf diese Karte ab: Durchsuche deine Bibliothek nach einer Insel-Karte, zeige sie offen vor, nimm sie auf deine Hand und mische danach.)", "type": "Hexerei"}, {"flavorText": "\"¡Ya puedes mirarnos con ojos amistosos! ¡Contempla los árboles del naith de Lórien y regocíjate!\".\n—Haldir", "identifiers": {"multiverseId": "617412", "scryfallId": "ec017968-b23b-4aa6-9072-24f2b497ebed"}, "language": "Spanish", "multiverseId": 617412, "name": "Lórien revelado", "text": "Roba tres cartas.\nCiclo de isla {1}. ({1}, descartar esta carta: Busca en tu biblioteca una carta de Isla, muéstrala, ponla en tu mano y luego baraja.)", "type": "Conjuro"}, {"flavorText": "« Posez désormais sur nous un regard amical ! Admirez les arbres du Naith de Lórien et soyez heureux ! »\n—Haldir", "identifiers": {"multiverseId": "617673", "scryfallId": "ffea6587-73c1-43de-8608-34cf6224b576"}, "language": "French", "multiverseId": 617673, "name": "La Lórien révélée", "text": "Piochez trois cartes.\nRecyclage d'île {1} ({1}, défaussez-vous de cette carte : Cherchez dans votre bibliothèque une carte d'île, révélez-la, mettez-la dans votre main, puis mélangez.)", "type": "Rituel"}, {"flavorText": "\"Guardateci ora con occhi amici! Ammirate gli alberi del Naith di Lórien e allietatevi!\"\n—Haldir", "identifiers": {"multiverseId": "617934", "scryfallId": "f7fb618b-e5c6-483d-870f-9a901b3189cd"}, "language": "Italian", "multiverseId": 617934, "name": "Lórien Rivelata", "text": "Pesca tre carte.\nCicloisola {1} ({1}, Scarta questa carta: Passa in rassegna il tuo grimorio per una carta Isola, rivelala e aggiungila alla tua mano, poi rimescola.)", "type": "Stregoneria"}, {"flavorText": "「友を見る目で我らを見よ！ロリアンのナイスの木々を眺め、歓喜せよ！」\n――ハルディア", "identifiers": {"multiverseId": "618195", "scryfallId": "ade25f37-aa15-402a-b9f6-f6bb43b0c9d4"}, "language": "Japanese", "multiverseId": 618195, "name": "ロリアンの発見", "text": "カード３枚を引く。\n島サイクリング{1} （{1}, このカードを捨てる：あなたのライブラリーから島・カード１枚を探す。それを公開し、あなたの手札に加える。その後、ライブラリーを切り直す。）", "type": "ソーサリー"}, {"flavorText": "\"Agora nos olhe com olhos amistosos! Contemple as árvores do Naith de Lórien e alegre-se!\"\n— Haldir", "identifiers": {"multiverseId": "618456", "scryfallId": "2f066996-2f59-4004-993a-b4098e69d751"}, "language": "Portuguese (Brazil)", "multiverseId": 618456, "name": "Lórien Revelada", "text": "Compre três cards.\nReciclar Ilha {1} ({1}, descarte este card: Procure em seu grimório um card de Ilha, revele-o, coloque-o em sua mão e depois embaralhe.)", "type": "Feitiço"}, {"flavorText": "「现在请用友善的眼光来看待我们！敬请见证罗瑞恩耐斯森林，开心感受吧！」\n～哈尔迪尔", "identifiers": {"multiverseId": "618717", "scryfallId": "0ba5a9ff-99b5-4fda-9dca-7ca1b8fdf454"}, "language": "Chinese Simplified", "multiverseId": 618717, "name": "揭现罗瑞恩", "text": "抓三张牌。\n循环海岛{1}（{1}，弃掉此牌：从你的牌库中搜寻一张海岛牌，展示该牌，将它置于你手上，然后洗牌。）", "type": "法术"}], "frameVersion": "2015", "hasFoil": true, "hasNonFoil": true, "identifiers": {"cardsphereId": "104258", "mcmId": "717109", "mcmMetaId": "420536", "mtgArenaId": "84752", "mtgjsonV4Id": "d51785aa-2abb-52db-8825-d7829261908d", "mtgoId": "112030", "multiverseId": "616890", "scryfallCardBackId": "0aeebaf5-8c7d-4636-9e82-8c27447861f7", "scryfallId": "0ce44270-a684-4489-9077-521456e6dfaa", "scryfallIllustrationId": "87efee01-9e2d-48e7-9ded-51bc102c3639", "scryfallOracleId": "66f28905-c7fc-4ada-8fa0-199626d9bedb", "tcgplayerProductId": "499960"}, "isFoil": false, "keywords": ["Cycling", "Islandcycling", "Landcycling"], "language": "English", "layout": "normal", "legalities": {"brawl": "Legal", "commander": "Legal", "duel": "Legal", "gladiator": "Legal", "historic": "Legal", "legacy": "Legal", "modern": "Legal", "oathbreaker": "Legal", "pauper": "Legal", "paupercommander": "Legal", "timeless": "Legal", "vintage": "Legal"}, "manaCost": "{3}{U}{U}", "manaValue": 5.0, "name": "Lórien Revealed", "number": "60", "originalText": "Draw three cards.\nIslandcycling {1} ({1}, Discard this card: Search your library for an Island card, reveal it, put it into your hand, then shuffle.)", "originalType": "Sorcery", "printings": ["LTR"], "purchaseUrls": {"cardmarket": "https://mtgjson.com/links/d16afe17eadc1758", "tcgplayer": "https://mtgjson.com/links/341c5cb4fe5902be"}, "rarity": "common", "rulings": [{"date": "2023-06-16", "text": "Typecycling is a form of cycling. Any ability that triggers on a card being cycled also triggers on a card being typecycled. Any ability that stops a cycling ability from being activated also stops a typecycling ability from being activated."}, {"date": "2023-06-16", "text": "Unlike the normal cycling ability, typecycling doesn't allow you to draw a card. Rather, it lets you search your library for a card with the type or types indicated by the ability name. For example, a card with basic landcycling lets you search for a basic land card, and a card with Wizardcycling lets you search for a Wizard card."}], "securityStamp": "triangle", "setCode": "LTR", "sourceProducts": {"foil": ["266de9f8-de20-5d45-a4be-842de7a5a82d", "331d181e-ccef-5814-bf27-347a9c57a92e", "ef7a3983-cd6e-5ff3-b85c-bc67ae1edf5c"], "nonfoil": ["22f10856-fc04-54e9-91cc-8532179378e1", "331d181e-ccef-5814-bf27-347a9c57a92e", "3e7d92ad-a920-5860-a95d-ae306b06b5de", "ef7a3983-cd6e-5ff3-b85c-bc67ae1edf5c"]}, "subtypes": [], "supertypes": [], "text": "Draw three cards.\nIslandcycling {1} ({1}, Discard this card: Search your library for an Island card, reveal it, put it into your hand, then shuffle.)", "type": "Sorcery", "types": ["Sorcery"], "uuid": "74668c89-536f-51a2-802c-d96904a83eb9", "variations": ["50fb445a-ce74-5979-9f96-4e45385eeea1"]}, {"artist": "Hristo D. Chukov", "artistIds": ["e4631396-f0ce-41df-9d35-a7bd1da9d5a6"], "availability": ["arena", "mtgo", "paper"], "boosterTypes": ["default"], "borderColor": "black", "colorIdentity": ["U"], "colors": ["U"], "convertedManaCost": 2.0, "count": 1, "edhrecRank": 18962, "edhrecSaltiness": 0.36, "finishes": ["nonfoil", "foil"], "foreignData": [{"identifiers": {"multiverseId": "617133", "scryfallId": "69c59511-dbb0-4b9b-9ca5-c755b06530e5"}, "language": "German", "multiverseId": 617133, "name": "Lutz Farning, Gauner aus Bree", "text": "Immer wenn Lutz Farning, Gauner aus Bree, geblockt wird, bestimme eines —\n• Erzeuge einen Schatz-Spielstein. (Er ist ein Artefakt mit „{T}, opfere dieses Artefakt: Erzeuge ein Mana einer beliebigen Farbe.\")\n• Ein Gegner deiner Wahl übernimmt die Kontrolle über ein Pferd deiner Wahl, das du kontrollierst. Falls er dies tut, entferne Lutz Farning aus dem Kampf und erzeuge drei Schatz-Spielsteine.", "type": "Legendäre Kreatur — Mensch, Räuber"}, {"identifiers": {"multiverseId": "617394", "scryfallId": "c999169f-796d-4257-ab36-64b64ac155f0"}, "language": "Spanish", "multiverseId": 617394, "name": "Bill Helechal, estafador de Bree", "text": "Siempre que Bill Helechal, estafador de Bree sea bloqueado, elige uno:\n• Crea una ficha de Tesoro. (Es un artefacto con \"{T}, sacrificar este artefacto: Agrega un maná de cualquier color\".)\n• El oponente objetivo gana el control del Caballo objetivo que controlas. Si lo hace, remueves a Bill Helechal del combate y creas tres fichas de Tesoro.", "type": "Criatura legendaria — Bribón humano"}, {"identifiers": {"multiverseId": "617655", "scryfallId": "dcb35e23-17d0-47e2-a6ae-1945eac783f5"}, "language": "French", "multiverseId": 617655, "name": "Bill Ferny, brigand de Bree", "text": "À chaque fois que Bill Ferny, brigand de Bree devient bloqué, choisissez l'un —\n• Créez un jeton Trésor. (C'est un artefact avec « {T}, sacrifiez cet artefact : Ajoutez un mana de la couleur de votre choix. »)\n• Un adversaire ciblé acquiert le contrôle d'un cheval ciblé que vous contrôlez. S'il fait ainsi, retirez Bill Ferny du combat et créez trois jetons Trésor.", "type": "Créature légendaire : humain et gredin"}, {"identifiers": {"multiverseId": "617916", "scryfallId": "d5734bbe-4bde-47e4-80c9-80c955bc02e1"}, "language": "Italian", "multiverseId": 617916, "name": "Billy Felci, Truffatore di Bree", "text": "Ogniqualvolta Billy Felci, Truffatore di Bree viene bloccato, scegli uno —\n• Crea una pedina Tesoro. (È un artefatto con \"{T}, Sacrifica questo artefatto: Aggiungi un mana di un qualsiasi colore\".)\n• Un avversario bersaglio prende il controllo di un Cavallo bersaglio che controlli. Se lo fa, rimuovi Billy Felci dal combattimento e crea tre pedine Tesoro.", "type": "Creatura Leggendaria — Farabutto Umano"}, {"identifiers": {"multiverseId": "618177", "scryfallId": "6b68a34a-ea8f-48c7-87de-99f4e60e22ab"}, "language": "Japanese", "multiverseId": 618177, "name": "ブリー村の詐欺師、ビル・ファーニィ", "text": "ブリー村の詐欺師、ビル・ファーニィがブロックされた状態になるたび、以下から１つを選ぶ。\n・宝物・トークン１つを生成する。（それは、「{T}, このアーティファクトを生け贄に捧げる：好きな色１色のマナ１点を加える。」を持つアーティファクトである。）\n・対戦相手１人と、あなたがコントロールしている馬１体を対象とする。その前者はその後者のコントロールを得る。そうしたなら、ブリー村の詐欺師、ビル・ファーニィを戦闘から取り除き、宝物・トークン３つを生成する。", "type": "伝説のクリーチャー — 人間・ならず者"}, {"identifiers": {"multiverseId": "618438", "scryfallId": "514430de-1452-4dc6-b237-087e29855a5f"}, "language": "Portuguese (Brazil)", "multiverseId": 618438, "name": "Bill Samambaia, Vigarista de Bree", "text": "Toda vez que Bill Samambaia, Vigarista de Bree, for bloqueado, escolha um —\n• Crie uma ficha de Tesouro. (Ela é um artefato com \"{T}, sacrifique este artefato: Adicione um mana de qualquer cor\".)\n• O oponente alvo ganha o controle do Cavalo alvo que você controla. Se ele fizer isso, remova Bill Samambaia do combate e crie três fichas de Tesouro.", "type": "Criatura Lendária — Humano Ladino"}, {"identifiers": {"multiverseId": "618699", "scryfallId": "e4de6634-1da7-4208-8daf-26595168a730"}, "language": "Chinese Simplified", "multiverseId": 618699, "name": "布理骗子比尔·蕨尼", "text": "每当布理骗子比尔·蕨尼被阻挡时，选择一项～\n•派出一个珍宝衍生物。（它是具有「{T}，牺牲此神器：加一点任意颜色的法术力」的神器。）\n•目标对手获得目标由你操控的马之操控权。若其如此作，则将比尔·蕨尼移出战斗且你派出三个珍宝衍生物。", "type": "传奇生物 ～人类／浪客"}], "frameEffects": ["legendary"], "frameVersion": "2015", "hasFoil": true, "hasNonFoil": true, "identifiers": {"cardsphereId": "104044", "mcmId": "716130", "mcmMetaId": "420128", "mtgArenaId": "84734", "mtgjsonV4Id": "b43be6fe-ec86-50e5-a9e3-5851aa45cf12", "mtgoId": "111994", "multiverseId": "616872", "scryfallCardBackId": "0aeebaf5-8c7d-4636-9e82-8c27447861f7", "scryfallId": "20ac63cb-fa4d-4340-8062-1029c8bd5ec8", "scryfallIllustrationId": "3984ddef-e716-4bcb-b815-f377e67ae8de", "scryfallOracleId": "ebbe5d82-a7a4-4f4b-b038-095021d9a6a8", "tcgplayerProductId": "498619"}, "isFoil": false, "keywords": ["Treasure"], "language": "English", "layout": "normal", "leadershipSkills": {"brawl": false, "commander": true, "oathbreaker": false}, "legalities": {"brawl": "Legal", "commander": "Legal", "duel": "Legal", "gladiator": "Legal", "historic": "Legal", "legacy": "Legal", "modern": "Legal", "oathbreaker": "Legal", "paupercommander": "Restricted", "timeless": "Legal", "vintage": "Legal"}, "manaCost": "{1}{U}", "manaValue": 2.0, "name": "Bill Ferny, Bree Swindler", "number": "42", "originalText": "Whenever Bill Ferny, Bree Swindler becomes blocked, choose one —\n• Create a Treasure token. (It's an artifact with \"{T}, Sacrifice this artifact: Add one mana of any color.\")\n• Target opponent gains control of target Horse you control. If they do, remove Bill Ferny from combat and create three Treasure tokens.", "originalType": "Legendary Creature — Human Rogue", "power": "2", "printings": ["LTR"], "purchaseUrls": {"cardmarket": "https://mtgjson.com/links/549d8b1ec8b1cdbd", "tcgplayer": "https://mtgjson.com/links/30d6e575cb9c6d81"}, "rarity": "uncommon", "rulings": [{"date": "2023-06-16", "text": "If Bill Ferny, Bree Swindler is removed from combat, it remains tapped if it was tapped."}, {"date": "2023-06-16", "text": "The ability triggers only once, no matter how many creatures are blocking it."}], "securityStamp": "triangle", "setCode": "LTR", "sourceProducts": {"foil": ["266de9f8-de20-5d45-a4be-842de7a5a82d", "331d181e-ccef-5814-bf27-347a9c57a92e", "ef7a3983-cd6e-5ff3-b85c-bc67ae1edf5c"], "nonfoil": ["331d181e-ccef-5814-bf27-347a9c57a92e", "3e7d92ad-a920-5860-a95d-ae306b06b5de", "ef7a3983-cd6e-5ff3-b85c-bc67ae1edf5c"]}, "subtypes": ["Human", "Rogue"], "supertypes": ["Legendary"], "text": "Whenever Bill Ferny, Bree Swindler becomes blocked, choose one —\n• Create a Treasure token. (It's an artifact with \"{T}, Sacrifice this artifact: Add one mana of any color.\")\n• Target opponent gains control of target Horse you control. If they do, remove Bill Ferny from combat and create three Treasure tokens.", "toughness": "1", "type": "Legendary Creature — Human Rogue", "types": ["Creature"], "uuid": "c3c4ac6a-efcd-5a85-a72a-dde842c52b43", "variations": ["554160b5-45c7-5861-bb4a-e9d1b7340f98"]}, {"artist": "Ryan Yee", "artistIds": ["8955dca7-3e37-42b4-83a9-167c78a2178f"], "availability": ["arena", "mtgo", "paper"], "boosterTypes": ["default"], "borderColor": "black", "colorIdentity": ["U"], "colors": ["U"], "convertedManaCost": 3.0, "count": 1, "edhrecRank": 5303, "edhrecSaltiness": 0.17, "finishes": ["nonfoil", "foil"], "flavorText": "\"This is the hour of the Shire-folk, when they arise from their quiet fields to shake the towers and counsels of the Great. Who of all the Wise could have foreseen it?\"", "foreignData": [{"flavorText": "„Dies ist die Stunde des Auenvolks, in der es seine ruhigen Felder hinter sich lässt und die Türme und Räte der Großen zum Wanken bringt. Welcher aller Weisen hätte das vorhersehen können?\"", "identifiers": {"multiverseId": "617140", "scryfallId": "3914c3ea-77b3-4f34-b61c-88f29eda893d"}, "language": "German", "multiverseId": 617140, "name": "Elrond, Herr von Bruchtal", "text": "Immer wenn Elrond, Herr von Bruchtal, oder eine andere Kreatur unter deiner Kontrolle ins Spiel kommt, wende Hellsicht 1 an. Falls dies das zweite Mal ist, dass diese Fähigkeit in diesem Zug verrechnet wird, führt der Ring dich in Versuchung.", "type": "Legendäre Kreatur — Elf, Adliger"}, {"flavorText": "\"Es el momento de los habitantes de la Comarca, que dejan los campos sosegados para agitar las torres y los concilios de los Grandes. ¿Quién de todos los Sabios podría haberlo previsto?\".", "identifiers": {"multiverseId": "617401", "scryfallId": "42fe8739-ceab-477c-a4b9-be847c858c2b"}, "language": "Spanish", "multiverseId": 617401, "name": "Elrond, señor de Rivendel", "text": "Siempre que Elrond, señor de Rivendel u otra criatura entre al campo de batalla bajo tu control, adivina 1. Si es la segunda vez que esta habilidad se resolvió este turno, el Anillo te tienta.", "type": "Criatura legendaria — Noble elfo"}, {"flavorText": "« Voici venue l'heure où les habitants de la Comté se lèvent de leurs champs paisibles pour faire trembler les tours et les conseils des Grands. Qui entre tous les Sages aurait pu le prédire ? »", "identifiers": {"multiverseId": "617662", "scryfallId": "d6056f2f-37b2-41a9-8e72-0447a0a17835"}, "language": "French", "multiverseId": 617662, "name": "Elrond, seigneur de Fondcombe", "text": "À chaque fois qu'Elrond, seigneur de Fondcombe ou une autre créature arrive sur le champ de bataille sous votre contrôle, regard 1. Si c'est la deuxième fois que cette capacité s'est résolue ce tour-ci, l'Anneau vous tente.", "type": "Créature légendaire : elfe et noble"}, {"flavorText": "\"Questa è l'ora della Contea, le cui genti si innalzeranno dalla pace dei loro campi per far tremare le torri e i consigli dei potenti. Quale saggio avrebbe mai potuto prevederlo?\"", "identifiers": {"multiverseId": "617923", "scryfallId": "4d94629e-a52a-4115-925c-f7fba1a4b0c4"}, "language": "Italian", "multiverseId": 617923, "name": "Elrond, Signore di Gran Burrone", "text": "Ogniqualvolta Elrond, Signore di Gran Burrone o un'altra creatura entra nel campo di battaglia sotto il tuo controllo, profetizza 1. Se è la seconda volta che si è risolta questa abilità in questo turno, l'Anello ti tenta.", "type": "Creatura Leggendaria — Nobile Elfo"}, {"flavorText": "「ホビット庄民の時は来た。今こそ静かな丘より歩み出て、偉大なる会合を揺るがすのだ。このような事態を、賢き者の誰が予見できたであろう？」", "identifiers": {"multiverseId": "618184", "scryfallId": "dbb809d2-8326-493d-b8e2-0d272fbd318e"}, "language": "Japanese", "multiverseId": 618184, "name": "裂け谷の王、エルロンド", "text": "裂け谷の王、エルロンドやこれでないクリーチャー１体があなたのコントロール下で戦場に出るたび、占術１を行う。この能力がこのターン内で２回目に解決されたとき、指輪があなたを誘惑する。", "type": "伝説のクリーチャー — エルフ・貴族"}, {"flavorText": "\"Chegou a hora do povo do Condado, quando eles se levantam de seus pacatos campos para abalar as torres e concílios dos grandes. Quem de todos os sábios poderia tê-lo previsto?\"", "identifiers": {"multiverseId": "618445", "scryfallId": "7687e5ac-3fa6-42f2-be3f-e45ab0a4c344"}, "language": "Portuguese (Brazil)", "multiverseId": 618445, "name": "Elrond, Senhor de Valfenda", "text": "Toda vez que Elrond, Senhor de Valfenda, ou outra criatura entrar no campo de batalha sob seu controle, use vidência 1. Se esta for a segunda vez que esta habilidade é resolvida neste turno, o Anel tenta você.", "type": "Criatura Lendária — Elfo Nobre"}, {"flavorText": "「这一时刻属于夏尔的子民，他们从宁静田野中挺身而出，撼动伟人的高塔与议会。又有哪位智者曾预见到这一刻？」", "identifiers": {"multiverseId": "618706", "scryfallId": "cde03041-a3a4-4cf1-aed0-af7a7144cb57"}, "language": "Chinese Simplified", "multiverseId": 618706, "name": "幽谷领主埃尔隆德", "text": "每当幽谷领主埃尔隆德或另一个生物在你的操控下进战场时，占卜1。若这是此异能在本回合第二次的结算，则魔戒引诱你。", "type": "传奇生物 ～妖精／贵族"}], "frameEffects": ["legendary"], "frameVersion": "2015", "hasFoil": true, "hasNonFoil": true, "identifiers": {"cardsphereId": "104108", "mcmId": "716928", "mcmMetaId": "420442", "mtgArenaId": "84741", "mtgjsonV4Id": "e29d8e58-6914-5596-99d9-1429a36e31e0", "mtgoId": "112008", "multiverseId": "616879", "scryfallCardBackId": "0aeebaf5-8c7d-4636-9e82-8c27447861f7", "scryfallId": "a62a5e55-fa1b-4c70-9293-740dd513d52e", "scryfallIllustrationId": "a4341fe4-0a34-4e32-863e-34c2fad50e79", "scryfallOracleId": "099ae8f2-5c84-43ab-aaa1-ea69f2bba784", "tcgplayerProductId": "499197"}, "isFoil": false, "keywords": ["Scry"], "language": "English", "layout": "normal", "leadershipSkills": {"brawl": false, "commander": true, "oathbreaker": false}, "legalities": {"brawl": "Legal", "commander": "Legal", "duel": "Legal", "gladiator": "Legal", "historic": "Legal", "legacy": "Legal", "modern": "Legal", "oathbreaker": "Legal", "paupercommander": "Restricted", "timeless": "Legal", "vintage": "Legal"}, "manaCost": "{2}{U}", "manaValue": 3.0, "name": "Elrond, Lord of Rivendell", "number": "49", "originalText": "Whenever Elrond, Lord of Rivendell or another creature enters the battlefield under your control, scry 1. If this is the second time this ability has resolved this turn, the Ring tempts you.", "originalType": "Legendary Creature — Elf Noble", "power": "3", "printings": ["LTR"], "purchaseUrls": {"cardmarket": "https://mtgjson.com/links/b7baf0b1b65d68e6", "tcgplayer": "https://mtgjson.com/links/17e6879c955b41c7"}, "rarity": "uncommon", "rulings": [{"date": "2023-06-16", "text": "As the Ring tempts you, you get an emblem named The Ring if you don't have one. Then your emblem gains its next ability and you choose a creature you control to become (or remain) your Ring-bearer."}, {"date": "2023-06-16", "text": "Each player can have only one emblem named The Ring and only one Ring-bearer at a time."}, {"date": "2023-06-16", "text": "Each time the Ring tempts you, you must choose a creature if you control one."}, {"date": "2023-06-16", "text": "If the creature you choose as your Ring-bearer was already your Ring-bearer, that still counts as choosing that creature as your Ring-bearer for the purpose of abilities that trigger \"whenever you choose a creature as your Ring-bearer\" or abilities that care about which creature was chosen as your Ring-bearer."}, {"date": "2023-06-16", "text": "Some spells and abilities that cause the Ring to tempt you may require targets. If each target chosen is an illegal target as that spell or ability tries to resolve, it won't resolve. The Ring won't tempt you."}, {"date": "2023-06-16", "text": "The Ring can tempt you even if you don't control a creature. In this case, abilities that trigger \"whenever the Ring tempts you\" will still trigger."}, {"date": "2023-06-16", "text": "The Ring gains its abilities in order from top to bottom. Once it gains an ability, it has that ability for the rest of the game."}], "securityStamp": "triangle", "setCode": "LTR", "sourceProducts": {"foil": ["266de9f8-de20-5d45-a4be-842de7a5a82d", "331d181e-ccef-5814-bf27-347a9c57a92e", "ef7a3983-cd6e-5ff3-b85c-bc67ae1edf5c"], "nonfoil": ["331d181e-ccef-5814-bf27-347a9c57a92e", "3e7d92ad-a920-5860-a95d-ae306b06b5de", "ef7a3983-cd6e-5ff3-b85c-bc67ae1edf5c", "f63def18-5714-59e7-a761-4f5b65f035fa"]}, "subtypes": ["Elf", "Noble"], "supertypes": ["Legendary"], "text": "Whenever Elrond, Lord of Rivendell or another creature you control enters, scry 1. If this is the second time this ability has resolved this turn, the Ring tempts you.", "toughness": "2", "type": "Legendary Creature — Elf Noble", "types": ["Creature"], "uuid": "d668c848-9f90-5ee2-a4ef-508b596f52db", "variations": ["56707047-134f-588a-96b0-6a93f8769e1c", "f0bd4ecd-4083-54d5-8f38-17653ff7c79e", "0d2781b8-8930-5638-bb4a-b064f34f5729"]}, {"artist": "Kasia 'Kafis' Zielińska", "artistIds": ["a662cb71-4770-4b49-8b03-2cf8497049a7"], "availability": ["arena", "mtgo", "paper"], "boosterTypes": ["default"], "borderColor": "black", "colorIdentity": ["U"], "colors": ["U"], "convertedManaCost": 5.0, "count": 1, "edhrecRank": 12324, "edhrecSaltiness": 0.14, "finishes": ["nonfoil", "foil"], "flavorText": "The black horses were filled with madness, and leaping forward in terror they bore their riders into the rushing flood.", "foreignData": [{"flavorText": "Die schwarzen Rösser wurden von Wahnsinn ergriffen und sie sprangen mit ihren Reiter vorwärts in die reißenden Fluten.", "identifiers": {"multiverseId": "617146", "scryfallId": "a8c3170b-f8ff-4774-a892-230e504a857f"}, "language": "German", "multiverseId": 617146, "name": "Flut der Bruinenfurt", "text": "Bringe bis zu zwei Kreaturen deiner Wahl auf die Hand ihrer Besitzer zurück. Hellsicht 1. Der Ring führt dich in Versuchung.", "type": "Hexerei"}, {"flavorText": "Los caballos negros se volvieron locos y, dominados por el terror, saltaron hacia adelante y precipitaron a los jinetes a las aguas violentas.", "identifiers": {"multiverseId": "617407", "scryfallId": "31826692-a985-45bf-842e-bf07ece02e6b"}, "language": "Spanish", "multiverseId": 617407, "name": "Caballos del Bruinen", "text": "Regresa hasta dos criaturas objetivo a las manos de sus propietarios. Adivina 1. El Anillo te tienta.", "type": "Conjuro"}, {"flavorText": "Les chevaux noirs furent pris de folie, et précipités en avant par leur peur, ils entraînèrent leurs cavaliers dans les flots déchaînés.", "identifiers": {"multiverseId": "617668", "scryfallId": "f8dcd559-3c5b-407c-ae77-99f066d64ec4"}, "language": "French", "multiverseId": 617668, "name": "Chevaux de la Bruinen", "text": "Renvoyez jusqu'à deux créatures ciblées dans les mains de leurs propriétaires. Regard 1. L'Anneau vous tente.", "type": "Rituel"}, {"flavorText": "I cavalli neri furono colti dal terrore e, in preda alla follia, portarono i loro cavalieri dritti verso l'inondazione.", "identifiers": {"multiverseId": "617929", "scryfallId": "a926e375-9abd-4e30-be29-ebeece1bb661"}, "language": "Italian", "multiverseId": 617929, "name": "Cavalli del Bruinen", "text": "Fai tornare fino a due creature bersaglio in mano ai rispettivi proprietari. Profetizza 1. L'Anello ti tenta.", "type": "Stregoneria"}, {"flavorText": "黒き馬たちは狂気に囚われ、恐れのあまり、襲い来る洪水に騎手諸共飛び込んでいった。", "identifiers": {"multiverseId": "618190", "scryfallId": "a8c58254-150a-4bae-a060-0d0852ee65ea"}, "language": "Japanese", "multiverseId": 618190, "name": "ブルイネンの馬流し", "text": "クリーチャー最大２体を対象とする。それらをオーナーの手札に戻す。占術１を行う。指輪があなたを誘惑する。", "type": "ソーサリー"}, {"flavorText": "A loucura tomou os cavalos negros e, saltando adiante aterrorizados, eles carregaram seus cavaleiros para dentro da enxurrada.", "identifiers": {"multiverseId": "618451", "scryfallId": "e8a3b49c-684a-4590-a369-db86fbbf53d5"}, "language": "Portuguese (Brazil)", "multiverseId": 618451, "name": "Cavalos do Bruinen", "text": "Devolva até duas criaturas alvo para as mãos de seus donos. Vidência 1. O Anel tenta você.", "type": "Feitiço"}, {"flavorText": "那些黑马全都发狂起来，惊恐地大步前冲，纷纷载着骑手一头扎进滚滚洪流当中。", "identifiers": {"multiverseId": "618712", "scryfallId": "98a4f578-5f9c-4314-a999-682fa48b110f"}, "language": "Chinese Simplified", "multiverseId": 618712, "name": "布茹依能骏马", "text": "将至多两个目标生物移回其拥有者手上。占卜1。魔戒引诱你。", "type": "法术"}], "frameVersion": "2015", "hasFoil": true, "hasNonFoil": true, "identifiers": {"cardsphereId": "104152", "mcmId": "716267", "mcmMetaId": "420183", "mtgArenaId": "84747", "mtgjsonV4Id": "ad2ce682-d369-5306-ae14-129581f32c08", "mtgoId": "112020", "multiverseId": "616885", "scryfallCardBackId": "0aeebaf5-8c7d-4636-9e82-8c27447861f7", "scryfallId": "f7725dc2-2654-4ffb-b6b3-510ae64ec6af", "scryfallIllustrationId": "1139512b-b0de-467d-9022-221392d63fcc", "scryfallOracleId": "100d1c9e-15aa-4bab-9fb3-76c2cd6abc2f", "tcgplayerProductId": "499271"}, "isFoil": false, "keywords": ["Scry"], "language": "English", "layout": "normal", "legalities": {"brawl": "Legal", "commander": "Legal", "duel": "Legal", "gladiator": "Legal", "historic": "Legal", "legacy": "Legal", "modern": "Legal", "oathbreaker": "Legal", "timeless": "Legal", "vintage": "Legal"}, "manaCost": "{3}{U}{U}", "manaValue": 5.0, "name": "Horses of the Bruinen", "number": "55", "originalText": "Return up to two target creatures to their owners' hands. Scry 1. The Ring tempts you.", "originalType": "Sorcery", "printings": ["LTR"], "purchaseUrls": {"cardmarket": "https://mtgjson.com/links/0a200b4257c72201", "tcgplayer": "https://mtgjson.com/links/15b537bd88ff94c8"}, "rarity": "uncommon", "rulings": [{"date": "2023-06-16", "text": "As the Ring tempts you, you get an emblem named The Ring if you don't have one. Then your emblem gains its next ability and you choose a creature you control to become (or remain) your Ring-bearer."}, {"date": "2023-06-16", "text": "Each player can have only one emblem named The Ring and only one Ring-bearer at a time."}, {"date": "2023-06-16", "text": "Each time the Ring tempts you, you must choose a creature if you control one."}, {"date": "2023-06-16", "text": "If the creature you choose as your Ring-bearer was already your Ring-bearer, that still counts as choosing that creature as your Ring-bearer for the purpose of abilities that trigger \"whenever you choose a creature as your Ring-bearer\" or abilities that care about which creature was chosen as your Ring-bearer."}, {"date": "2023-06-16", "text": "Some spells and abilities that cause the Ring to tempt you may require targets. If each target chosen is an illegal target as that spell or ability tries to resolve, it won't resolve. The Ring won't tempt you."}, {"date": "2023-06-16", "text": "The Ring can tempt you even if you don't control a creature. In this case, abilities that trigger \"whenever the Ring tempts you\" will still trigger."}, {"date": "2023-06-16", "text": "The Ring gains its abilities in order from top to bottom. Once it gains an ability, it has that ability for the rest of the game."}], "securityStamp": "triangle", "setCode": "LTR", "sourceProducts": {"foil": ["266de9f8-de20-5d45-a4be-842de7a5a82d", "331d181e-ccef-5814-bf27-347a9c57a92e", "ef7a3983-cd6e-5ff3-b85c-bc67ae1edf5c"], "nonfoil": ["331d181e-ccef-5814-bf27-347a9c57a92e", "3e7d92ad-a920-5860-a95d-ae306b06b5de", "ef7a3983-cd6e-5ff3-b85c-bc67ae1edf5c", "f63def18-5714-59e7-a761-4f5b65f035fa"]}, "subtypes": [], "supertypes": [], "text": "Return up to two target creatures to their owners' hands. Scry 1. The Ring tempts you.", "type": "Sorcery", "types": ["Sorcery"], "uuid": "d110cfd7-0211-5f15-8b40-df17ffb582eb", "variations": ["9bc4c448-2fdd-53d3-b40f-9e30dd2962aa"]}, {"artist": "Kasia 'Kafis' Zielińska", "artistIds": ["a662cb71-4770-4b49-8b03-2cf8497049a7"], "availability": ["arena", "mtgo", "paper"], "boosterTypes": ["default"], "borderColor": "black", "colorIdentity": [], "colors": [], "convertedManaCost": 2.0, "count": 1, "edhrecRank": 5448, "edhrecSaltiness": 0.27, "finishes": ["nonfoil", "foil"], "flavorText": "\"Your Quest stands upon the edge of a knife. Stray but a little and it will fail, to the ruin of all. Yet hope remains while all the Company is true.\"", "foreignData": [{"flavorText": "„Euer Vorhaben steht auf Messers Schneide. Weicht nur ein wenig von eurem Weg ab, und ihr werdet scheitern, zum Untergang aller. Aber noch besteht Hoffnung, solange alle Gefährten reinen Herzens sind.\"", "identifiers": {"multiverseId": "617335", "scryfallId": "cc7feb5d-9741-4309-97a6-0b122d7364d5"}, "language": "German", "multiverseId": 617335, "name": "Galadriels Spiegel", "text": "{5}, {T}: Hellsicht 1, ziehe dann eine Karte. Diese Fähigkeit kostet beim Aktivieren für jede legendäre Kreatur, die du kontrollierst, {1} weniger.", "type": "Legendäres Artefakt"}, {"flavorText": "\"Tu misión avanza por el filo de un cuchillo. Un solo paso en falso y fracasará, y nos arruinará a todos. Sin embargo, hay esperanzas mientras todos los miembros de la Compañía sigan siendo fieles\".", "identifiers": {"multiverseId": "617596", "scryfallId": "91ee786b-ad32-42ac-8486-5870d86acad7"}, "language": "Spanish", "multiverseId": 617596, "name": "Espejo de Galadriel", "text": "{5}, {T}: Adivina 1, luego roba una carta. Te cuesta {1} menos activar esta habilidad por cada criatura legendaria que controlas.", "type": "Artefacto legendario"}, {"flavorText": "« Votre quête ne tient qu'à un fil. Écartez-vous-en ne serait-ce qu'un peu et elle échouera, pour la ruine de tous. Pourtant, l'espoir subsiste tant que toute la Compagnie est sincère. »", "identifiers": {"multiverseId": "617857", "scryfallId": "b6b5682c-f673-4704-97d5-1c286ab463da"}, "language": "French", "multiverseId": 617857, "name": "Miroir de Galadriel", "text": "{5}, {T} : Regard 1, puis piochez une carte. Cette capacité coûte {1} de moins à activer pour chaque créature légendaire que vous contrôlez.", "type": "Artefact légendaire"}, {"flavorText": "\"La tua Impresa si trova sul filo del rasoio. Discostati un poco e fallirai, condannando tutti. Eppure la speranza vive insieme alla Compagnia.\"", "identifiers": {"multiverseId": "618118", "scryfallId": "6da882ad-8f16-44f8-bcdd-dbca90acdd6b"}, "language": "Italian", "multiverseId": 618118, "name": "Specchio di Galadriel", "text": "{5}, {T}: Profetizza 1, poi pesca una carta. Questa abilità costa {1} in meno per essere attivata per ogni creatura leggendaria che controlli.", "type": "Artefatto Leggendario"}, {"flavorText": "「お前の旅は刃の縁を歩くが如く不安なものだ。少しでも道を逸れようものなら旅は失敗し、全ては破滅へ向かうだろう。しかし一行が共にある限り、希望は残っている。」", "identifiers": {"multiverseId": "618379", "scryfallId": "0c2625bb-a945-4119-814b-269beaddc11f"}, "language": "Japanese", "multiverseId": 618379, "name": "ガラドリエルの鏡", "text": "{5}, {T}：占術１を行う。その後、カード１枚を引く。この能力を起動するためのコストは、あなたがコントロールしている伝説のクリーチャー１体につき{1}少なくなる。", "type": "伝説のアーティファクト"}, {"flavorText": "\"Sua Demanda está no fio da navalha. Desvie-se um pouco sequer e ela fracassará, para a ruína de todos. Mesmo assim resta esperança enquanto toda a Sociedade permanecer fiel.\"", "identifiers": {"multiverseId": "618640", "scryfallId": "bd60fb33-24c9-4ee9-b1f6-edb2f0df2975"}, "language": "Portuguese (Brazil)", "multiverseId": 618640, "name": "Espelho de Galadriel", "text": "{5}, {T}: Use vidência 1, depois compre um card. Esta habilidade custa {1} a menos para ser ativada para cada criatura lendária que você controla.", "type": "Artefato Lendário"}, {"flavorText": "「你们的任务正在刀尖边缘。稍有差池便会失败，全盘尽毁。但只要远征队精诚团结，就还有希望。」", "identifiers": {"multiverseId": "618901", "scryfallId": "be369c8c-55c5-40bb-82bc-83c132733010"}, "language": "Chinese Simplified", "multiverseId": 618901, "name": "加拉德瑞尔的水镜", "text": "{5}，{T}：占卜1，然后抓一张牌。你每操控一个传奇生物，此异能便减少{1}来起动。", "type": "传奇神器"}], "frameEffects": ["legendary"], "frameVersion": "2015", "hasFoil": true, "hasNonFoil": true, "identifiers": {"cardsphereId": "104111", "mcmId": "717003", "mcmMetaId": "420476", "mtgArenaId": "84936", "mtgjsonV4Id": "2b82933e-b64e-59cf-8983-e7c9ea36efad", "mtgoId": "112398", "multiverseId": "617074", "scryfallCardBackId": "0aeebaf5-8c7d-4636-9e82-8c27447861f7", "scryfallId": "bc95036f-98f2-4ea7-93bb-542ad7064540", "scryfallIllustrationId": "abadbe4c-c854-47da-b1e8-a349126cd6fd", "scryfallOracleId": "7695ef41-fa58-4890-b3fe-de5751831d8e", "tcgplayerProductId": "499204"}, "isFoil": false, "keywords": ["Scry"], "language": "English", "layout": "normal", "legalities": {"brawl": "Legal", "commander": "Legal", "duel": "Legal", "gladiator": "Legal", "historic": "Legal", "legacy": "Legal", "modern": "Legal", "oathbreaker": "Legal", "timeless": "Legal", "vintage": "Legal"}, "manaCost": "{2}", "manaValue": 2.0, "name": "Mirror of Galadriel", "number": "244", "originalText": "{5}, {T}: Scry 1, then draw a card. This ability costs {1} less to activate for each legendary creature you control.", "originalType": "Legendary Artifact", "printings": ["LTR", "SLD"], "purchaseUrls": {"cardmarket": "https://mtgjson.com/links/9dd1deb246cd6437", "tcgplayer": "https://mtgjson.com/links/28a13fd1c3191d29"}, "rarity": "uncommon", "securityStamp": "triangle", "setCode": "LTR", "sourceProducts": {"foil": ["266de9f8-de20-5d45-a4be-842de7a5a82d", "331d181e-ccef-5814-bf27-347a9c57a92e", "ef7a3983-cd6e-5ff3-b85c-bc67ae1edf5c"], "nonfoil": ["22f10856-fc04-54e9-91cc-8532179378e1", "331d181e-ccef-5814-bf27-347a9c57a92e", "3e7d92ad-a920-5860-a95d-ae306b06b5de", "ef7a3983-cd6e-5ff3-b85c-bc67ae1edf5c"]}, "subtypes": [], "supertypes": ["Legendary"], "text": "{5}, {T}: Scry 1, then draw a card. This ability costs {1} less to activate for each legendary creature you control.", "type": "Legendary Artifact", "types": ["Artifact"], "uuid": "09abd31e-00fa-57e1-b930-dd8b8a176bcd", "variations": ["20248f8b-5dfc-5bb5-a103-ed54bb5286f7"]}, {"artist": "Tomáš Honz", "artistIds": ["b00454a0-1b04-4f2f-9f63-1ce17aee0210"], "availability": ["arena", "mtgo", "paper"], "boosterTypes": ["default"], "borderColor": "black", "colorIdentity": ["U"], "colors": [], "convertedManaCost": 0.0, "count": 8, "edhrecSaltiness": 0.76, "finishes": ["nonfoil", "foil"], "foreignData": [{"identifiers": {"multiverseId": "619011", "scryfallId": "dae1d3e2-8429-4fe9-b1ff-e5ca23dd41da"}, "language": "German", "multiverseId": 619011, "name": "Insel", "type": "Standardland — Insel"}, {"identifiers": {"multiverseId": "619021", "scryfallId": "ba875684-188a-4859-9529-660c6b4babd6"}, "language": "Spanish", "multiverseId": 619021, "name": "Isla", "type": "Tierra básica — Isla"}, {"identifiers": {"multiverseId": "619031", "scryfallId": "45da1306-33b0-4ecd-99d6-59dfc8565eb8"}, "language": "French", "multiverseId": 619031, "name": "Île", "type": "Terrain de base : île"}, {"identifiers": {"multiverseId": "619041", "scryfallId": "168509fa-28b9-4d84-8b8c-8875f8401e5e"}, "language": "Italian", "multiverseId": 619041, "name": "Isola", "type": "Terra Base — Isola"}, {"identifiers": {"multiverseId": "619051", "scryfallId": "4addc7da-f099-4077-ace7-a36160967395"}, "language": "Japanese", "multiverseId": 619051, "name": "島", "type": "基本土地 — 島"}, {"identifiers": {"multiverseId": "619061", "scryfallId": "e4fe67be-57f1-45f4-949e-0f1eba20550b"}, "language": "Portuguese (Brazil)", "multiverseId": 619061, "name": "Ilha", "type": "Terreno Básico — Ilha"}, {"identifiers": {"multiverseId": "619071", "scryfallId": "70d14028-9912-4c1a-bd04-bea1844f9d8f"}, "language": "Chinese Simplified", "multiverseId": 619071, "name": "海岛", "type": "基本地 ～海岛"}], "frameVersion": "2015", "hasFoil": true, "hasNonFoil": true, "identifiers": {"cardsphereId": "103888", "mcmId": "715974", "mtgArenaId": "87579", "mtgjsonV4Id": "518682f5-c484-5b92-92d9-ef63bf2bc4e3", "mtgoId": "112438", "multiverseId": "619001", "scryfallCardBackId": "0aeebaf5-8c7d-4636-9e82-8c27447861f7", "scryfallId": "bbeca27a-6c5b-40b9-83a4-a3a2096ff6f8", "scryfallIllustrationId": "858ead33-fb11-4224-a6fa-4b5158fd814c", "scryfallOracleId": "b2c6aa39-2d2a-459c-a555-fb48ba993373", "tcgplayerProductId": "498402"}, "isFoil": false, "isReprint": true, "language": "English", "layout": "normal", "legalities": {"alchemy": "Legal", "brawl": "Legal", "commander": "Legal", "duel": "Legal", "explorer": "Legal", "future": "Legal", "gladiator": "Legal", "historic": "Legal", "legacy": "Legal", "modern": "Legal", "oathbreaker": "Legal", "pauper": "Legal", "paupercommander": "Legal", "penny": "Legal", "pioneer": "Legal", "predh": "Legal", "premodern": "Legal", "standard": "Legal", "standardbrawl": "Legal", "timeless": "Legal", "vintage": "Legal"}, "manaValue": 0.0, "name": "Island", "number": "264", "originalType": "Basic Land — Island", "printings": ["10E", "2ED", "2XM", "30A", "3ED", "40K", "4BB", "4ED", "5ED", "6ED", "7ED", "8ED", "9ED", "ACR", "AFR", "AKH", "AKR", "ALA", "ANA", "ANB", "ARC", "AVR", "BBD", "BFZ", "BLB", "BRB", "BRC", "BRO", "BTD", "C13", "C14", "C15", "C16", "C17", "C18", "C19", "CED", "CEI", "CHK", "CLB", "CLU", "CM2", "CMA", "CMD", "CMM", "CMR", "CST", "DD2", "DDE", "DDF", "DDH", "DDI", "DDJ", "DDM", "DDN", "DDO", "DDQ", "DDS", "DDT", "DDU", "DMR", "DMU", "DOM", "DPA", "DSK", "DTK", "E01", "ELD", "FBB", "FRF", "G17", "GK1", "GK2", "GN2", "GN3", "GNT", "GRN", "GS1", "H09", "HBG", "HOP", "HOU", "ICE", "IKO", "INV", "ISD", "ITP", "J14", "J22", "JMP", "JVC", "KHM", "KLD", "KLR", "KTK", "LCI", "LEA", "LEB", "LRW", "LTR", "M10", "M11", "M12", "M13", "M14", "M15", "M19", "M20", "M21", "MBS", "ME1", "ME3", "MH2", "MH3", "MID", "MIR", "MKM", "MMQ", "MOM", "MRD", "NEO", "NPH", "ODY", "OLEP", "ONE", "ONS", "ORI", "OTJ", "P02", "P23", "PAL00", "PAL01", "PAL02", "PAL03", "PAL04", "PAL05", "PAL06", "PAL99", "PALP", "PANA", "PARL", "PC2", "PCA", "PELP", "PF19", "PF20", "PGPX", "PGRU", "PIP", "PLST", "PMPS", "PMPS06", "PMPS07", "PMPS08", "PMPS09", "PMPS10", "PMPS11", "POR", "PPP1", "PRM", "PRW2", "PRWK", "PS11", "PSAL", "PSS2", "PSS3", "PSS4", "PTC", "PTK", "PZ2", "RAV", "REX", "RIX", "RNA", "ROE", "RQS", "RTR", "S99", "SCD", "SHM", "SIR", "SLD", "SNC", "SOI", "SOM", "STX", "SUM", "TD0", "TD2", "THB", "THS", "TMP", "TPR", "TSP", "UGL", "UND", "UNF", "UNH", "USG", "UST", "VOW", "WAR", "WC00", "WC01", "WC02", "WC03", "WC04", "WC97", "WC98", "WHO", "WOE", "XANA", "XLN", "ZEN", "ZNR"], "purchaseUrls": {"tcgplayer": "https://mtgjson.com/links/dd1fa1162f516285"}, "rarity": "common", "securityStamp": "triangle", "setCode": "LTR", "sourceProducts": {"foil": ["331d181e-ccef-5814-bf27-347a9c57a92e", "ef7a3983-cd6e-5ff3-b85c-bc67ae1edf5c"], "nonfoil": ["22f10856-fc04-54e9-91cc-8532179378e1", "331d181e-ccef-5814-bf27-347a9c57a92e", "3e7d92ad-a920-5860-a95d-ae306b06b5de", "d1e69561-3966-5900-aa5c-0bb7209d5f79", "dad99af2-08f8-516e-88b6-59962c77a5de", "ef7a3983-cd6e-5ff3-b85c-bc67ae1edf5c", "f63def18-5714-59e7-a761-4f5b65f035fa"]}, "subtypes": ["Island"], "supertypes": ["Basic"], "text": "({T}: Add {U}.)", "type": "Basic Land — Island", "types": ["Land"], "uuid": "58915ced-ae13-5ffa-9034-73c7ffeab8af", "variations": ["5a126d7d-7224-5ffd-b748-127fe7ba6143", "fd4ad7c0-5271-5da6-8b87-a9b6c8fc8ed7", "dfc1cadb-f399-5273-a613-f2eda5a44e0e", "87471dc2-2b70-58ca-8226-d1a8cb56ce9f", "7c6127cf-3479-5c34-963c-d15491dfdc86"]}], "name": "Cunning 2", "releaseDate": "2023-11-03", "sealedProductUuids": null, "sideBoard": [], "type": "Jumpstart"}}