{"meta": {"date": "2024-09-03", "version": "5.2.2+20240903"}, "data": {"code": "LTR", "commander": [], "mainBoard": [{"artist": "Irina Nordsol", "artistIds": ["1e4cb52d-476e-4c68-ac87-2e620aede6d4"], "availability": ["arena", "mtgo", "paper"], "borderColor": "black", "colorIdentity": ["U"], "colors": ["U"], "convertedManaCost": 4.0, "count": 1, "edhrecRank": 15337, "finishes": ["nonfoil"], "foreignData": [], "frameVersion": "2015", "hasFoil": false, "hasNonFoil": true, "identifiers": {"mtgArenaId": "84971", "mtgjsonV4Id": "ecd9d8d4-35ef-5588-8f1d-7558f4e42688", "mtgoId": "119276", "multiverseId": "636311", "scryfallCardBackId": "0aeebaf5-8c7d-4636-9e82-8c27447861f7", "scryfallId": "9023a7eb-fe74-4e3d-9279-e69519b41fbd", "scryfallIllustrationId": "e6454802-b981-4419-afd3-7f126af9cdbe", "scryfallOracleId": "b1cc49cd-5039-4c31-a895-4ebf869fc5e4", "tcgplayerProductId": "517455"}, "isFoil": false, "language": "English", "layout": "normal", "legalities": {"brawl": "Legal", "commander": "Legal", "duel": "Legal", "gladiator": "Legal", "historic": "Legal", "legacy": "Legal", "modern": "Legal", "oathbreaker": "Legal", "penny": "Legal", "timeless": "Legal", "vintage": "Legal"}, "manaCost": "{3}{U}", "manaValue": 4.0, "name": "Minas Tirith Garrison", "number": "825", "originalReleaseDate": "2023-11-03", "power": "*", "printings": ["LTR"], "purchaseUrls": {"tcgplayer": "https://mtgjson.com/links/c86e82c09fd3e2cb"}, "rarity": "rare", "rulings": [{"date": "2023-11-03", "text": "If Minas Tirith Garrison is untapped as its last ability resolves, it can be tapped for its own last ability."}, {"date": "2023-11-03", "text": "If an attacking Human is tapped for Minas Tirith Garrison's ability (perhaps because it has vigilance or it was untapped after being declared as an attacker), that Human remains an attacking creature."}, {"date": "2023-11-03", "text": "You choose how many and which creatures to tap while Minas Tirith Garrison's last ability is resolving. No player may take any other actions between the time you make this choice and the time at which you draw cards."}], "securityStamp": "triangle", "setCode": "LTR", "sourceProducts": {"nonfoil": ["3e7d92ad-a920-5860-a95d-ae306b06b5de"]}, "subtypes": ["Human", "Soldier"], "supertypes": [], "text": "Minas Tirith Garrison's power is equal to the number of cards in your hand.\nWhenever Minas Tirith Garrison attacks, you may tap any number of untapped Humans you control. Draw a card for each Human tapped this way.", "toughness": "5", "type": "Creature — Human Soldier", "types": ["Creature"], "uuid": "d4fb6f7a-4fd4-5424-b156-6b2147ef564c", "variations": ["1bffce7b-157a-5128-82c0-c2c7231a561c"]}, {"artist": "Craig J Spearing", "artistIds": ["b0f15e74-0dd6-4156-959e-c5e30c5cdc52"], "availability": ["arena", "mtgo", "paper"], "boosterTypes": ["default"], "borderColor": "black", "colorIdentity": ["U"], "colors": ["U"], "convertedManaCost": 2.0, "count": 1, "edhrecRank": 13143, "finishes": ["nonfoil", "foil"], "flavorText": "\"The Corsairs are upon us! Back to the walls! Back to the City before all are overwhelmed!\"", "foreignData": [{"flavorText": "„Ein Überfall der Korsaren! Zurück! Zurück in die Stadt, bevor sie uns allesamt abschlachten!\"", "identifiers": {"multiverseId": "617155", "scryfallId": "dc67c81b-8dfb-4a91-afce-e6f34cc8b87f"}, "language": "German", "multiverseId": 617155, "name": "Überlebende aus Pelargir", "text": "{T}: Erzeuge ein Mana einer beliebigen Farbe. Gib dieses Mana nur aus, um einen Spontanzauber oder eine Hexerei zu wirken.\n{5}{U}, {T}: Ein Spieler deiner Wahl millt drei Karten. (Er legt die obersten drei Karten seiner Bibliothek auf seinen Friedhof.)", "type": "Kreatur — Mensch, Gesinde"}, {"flavorText": "\"¡Los corsarios están aquí! ¡Retornen a los muros! ¡Vuelvan a la ciudad antes de que arrasen con nosotros!\".", "identifiers": {"multiverseId": "617416", "scryfallId": "041ca5d0-21a2-46f0-b06e-9f9f1ed4f505"}, "language": "Spanish", "multiverseId": 617416, "name": "Superviviente de Pelargir", "text": "{T}: Agrega un maná de cualquier color. Usa este maná solo para lanzar un hechizo de instantáneo o de conjuro.\n{5}{U}, {T}: El jugador objetivo muele tres cartas. (Pone las tres primeras cartas de su biblioteca en su cementerio.)", "type": "Criatura — Plebeyo humano"}, {"flavorText": "« Les pirates sont à nos portes ! Repliez-vous dans l'enceinte ! Retournez à la cité avant qu'ils ne nous anéantissent ! »", "identifiers": {"multiverseId": "617677", "scryfallId": "78e0c560-f2f0-4f6a-a1ee-1057a9f1ed2e"}, "language": "French", "multiverseId": 617677, "name": "Survivante de Pelargir", "text": "{T} : Ajoutez un mana de la couleur de votre choix. Ne dépensez ce mana que pour lancer un sort d'éphémère ou de rituel.\n{5}{U}, {T} : Un joueur ciblé meule trois cartes. (Il met les trois cartes du dessus de sa bibliothèque dans son cimetière.)", "type": "Créature : humain et paysan"}, {"flavorText": "\"I Corsari sono vicini! Ritiratevi alle mura! Tornate in Città prima di essere sopraffatti!\"", "identifiers": {"multiverseId": "617938", "scryfallId": "4071c904-eb85-47d2-876f-ddc312647c40"}, "language": "Italian", "multiverseId": 617938, "name": "Sopravvissuta di Pelargir", "text": "{T}: Aggiungi un mana di un qualsiasi colore. Spendi questo mana solo per lanciare una magia istantaneo o stregoneria.\n{5}{U}, {T}: Un giocatore bersaglio macina tre carte. (Mette nel suo cimitero le prime tre carte del suo grimorio.)", "type": "Creatura — Popolano Umano"}, {"flavorText": "「海賊が来たぞ！壁まで引くのだ！奴らに押し潰される前に、街へ戻れ！」", "identifiers": {"multiverseId": "618199", "scryfallId": "9604fd1f-4be4-4881-b8cc-e1ea8ae34e34"}, "language": "Japanese", "multiverseId": 618199, "name": "ペラルギルの生き残り", "text": "{T}：好きな色１色のマナ１点を加える。このマナは、インスタントやソーサリーである呪文を唱えるためにしか支払えない。\n{5}{U}, {T}：プレイヤー１人を対象とする。そのプレイヤーはカード３枚を切削する。（そのプレイヤーは自分のライブラリーの一番上にあるカード３枚を自分の墓地に置く。）", "type": "クリーチャー — 人間・農民"}, {"flavorText": "\"Os Corsários chegaram! De volta para as muralhas! Para a cidade antes que tudo se perca!\"", "identifiers": {"multiverseId": "618460", "scryfallId": "f77887ee-7a53-4163-ad43-da88d14d4289"}, "language": "Portuguese (Brazil)", "multiverseId": 618460, "name": "Sobrevivente de Pelargir", "text": "{T}: Adicione um mana de qualquer cor. Gaste este mana apenas para conjurar uma mágica instantânea ou um feitiço.\n{5}{U}, {T}: O jogador alvo tritura três cards. (Ele coloca os três cards do topo do próprio grimório no próprio cemitério.)", "type": "Criatura — Humano Plebeu"}, {"flavorText": "「海盗来了！回到墙里来！在全军覆灭前回到石城里来！」", "identifiers": {"multiverseId": "618721", "scryfallId": "30d796c1-193f-4f3e-8d4d-2780581d7e72"}, "language": "Chinese Simplified", "multiverseId": 618721, "name": "佩拉基尔幸存者", "text": "{T}：加一点任意颜色的法术力。此法术力只能用来施放瞬间或法术咒语。\n{5}{U}，{T}：目标牌手磨三张牌。（他将其牌库顶的三张牌置入其坟墓场。）", "type": "生物 ～人类／平民"}], "frameVersion": "2015", "hasFoil": true, "hasNonFoil": true, "identifiers": {"cardsphereId": "104295", "mcmId": "717091", "mcmMetaId": "420518", "mtgArenaId": "84756", "mtgjsonV4Id": "6e78f189-7be7-5558-b222-9399abb8865e", "mtgoId": "112038", "multiverseId": "616894", "scryfallCardBackId": "0aeebaf5-8c7d-4636-9e82-8c27447861f7", "scryfallId": "aa59141a-4645-4316-b714-bbf2c139786e", "scryfallIllustrationId": "2b0dd8fa-9f9f-4306-bda7-c8838e429351", "scryfallOracleId": "ce0b3c22-3f77-4a6c-a126-9ed3c06b4482", "tcgplayerProductId": "499963"}, "isFoil": false, "keywords": ["Mill"], "language": "English", "layout": "normal", "legalities": {"brawl": "Legal", "commander": "Legal", "duel": "Legal", "gladiator": "Legal", "historic": "Legal", "legacy": "Legal", "modern": "Legal", "oathbreaker": "Legal", "pauper": "Legal", "paupercommander": "Legal", "timeless": "Legal", "vintage": "Legal"}, "manaCost": "{1}{U}", "manaValue": 2.0, "name": "Pelargir Survivor", "number": "64", "originalText": "{T}: Add one mana of any color. Spend this mana only to cast an instant or sorcery spell.\n{5}{U}, {T}: Target player mills three cards. (They put the top three cards of their library into their graveyard.)", "originalType": "Creature — Human Peasant", "power": "1", "printings": ["LTR"], "purchaseUrls": {"cardmarket": "https://mtgjson.com/links/a008f68a9824437a", "tcgplayer": "https://mtgjson.com/links/eebacde0609896d9"}, "rarity": "common", "securityStamp": "triangle", "setCode": "LTR", "sourceProducts": {"foil": ["266de9f8-de20-5d45-a4be-842de7a5a82d", "331d181e-ccef-5814-bf27-347a9c57a92e", "ef7a3983-cd6e-5ff3-b85c-bc67ae1edf5c"], "nonfoil": ["331d181e-ccef-5814-bf27-347a9c57a92e", "3e7d92ad-a920-5860-a95d-ae306b06b5de", "ef7a3983-cd6e-5ff3-b85c-bc67ae1edf5c", "f63def18-5714-59e7-a761-4f5b65f035fa"]}, "subtypes": ["Human", "Peasant"], "supertypes": [], "text": "{T}: Add one mana of any color. Spend this mana only to cast an instant or sorcery spell.\n{5}{U}, {T}: Target player mills three cards. (They put the top three cards of their library into their graveyard.)", "toughness": "3", "type": "Creature — Human Peasant", "types": ["Creature"], "uuid": "457b4c9c-40e9-5b59-b10c-6a8af0a0e4a8", "variations": ["3e64238b-5237-51d1-9cfe-ff50730afd7f"]}, {"artist": "Wei Guan", "artistIds": ["6bd18163-aa22-4a41-82f6-8cdb8269d3c8"], "availability": ["arena", "mtgo", "paper"], "boosterTypes": ["default"], "borderColor": "black", "colorIdentity": ["U"], "colors": ["U"], "convertedManaCost": 3.0, "count": 1, "edhrecRank": 15489, "edhrecSaltiness": 0.08, "finishes": ["nonfoil", "foil"], "flavorText": "\"There is a great fleet drawing near to the mouths of Anduin, manned by the Corsairs of Umbar in the South. They have long ceased to fear the might of Gondor.\"\n—Beregond", "foreignData": [{"flavorText": "„Im Süden nähert sich eine gewaltige Flotte der Korsaren von Umbar der Mündung des Anduin. Die Macht Gondors fürchten sie schon lange nicht mehr.\"\n—Beregond", "identifiers": {"multiverseId": "617136", "scryfallId": "b684b3fa-11aa-4273-b836-da6de5fff467"}, "language": "German", "multiverseId": 617136, "name": "Kapitänin aus Umbar", "text": "{1}, {T}: Ziehe eine Karte und wirf dann eine Karte ab.", "type": "Kreatur — Mensch, Pirat"}, {"flavorText": "\"Una gran flota se aproxima a la desembocadura del Anduin, tripulada por los corsarios de Umbar, un país sureño. Hace tiempo que dejaron de temer la fuerza de Gondor\".\n—Beregond", "identifiers": {"multiverseId": "617397", "scryfallId": "07c33279-93a3-4995-9f78-28351fad8fcd"}, "language": "Spanish", "multiverseId": 617397, "name": "Capitana de Umbar", "text": "{1}, {T}: Roba una carta, luego descarta una carta.", "type": "Criatura — Pirata humano"}, {"flavorText": "« Une grande flotte se rapproche des bouches de l'Anduin, armée des pirates d'Umbar en provenance du sud. Cela fait longtemps qu'ils ne craignent plus la puissance du Gondor. »\n—Beregond", "identifiers": {"multiverseId": "617658", "scryfallId": "dcbd3efc-a127-4dc0-a0f9-fd99a8706ac8"}, "language": "French", "multiverseId": 617658, "name": "Capitaine d'Umbar", "text": "{1}, {T} : Piochez une carte, puis défaussez-vous d'une carte.", "type": "Créature : humain et pirate"}, {"flavorText": "\"Una flotta immensa si sta avvicinando alle bocche di Anduin, capitanata dai Corsari di Umbar a sud. Da tempo non temono più il potere di Gondor.\"\n—Beregond", "identifiers": {"multiverseId": "617919", "scryfallId": "68e9e4c5-49b5-496d-8225-c276bc6a58be"}, "language": "Italian", "multiverseId": 617919, "name": "Capitana di Umbar", "text": "{1}, {T}: Pesca una carta, poi scarta una carta.", "type": "Creatura — Pirata Umano"}, {"flavorText": "「アンドゥインの河口の南に、ウンバールの海賊の大船団が集結しつつある。奴らはもはやゴンドールの力を恐れてはいない。」\n——ベレゴンド", "identifiers": {"multiverseId": "618180", "scryfallId": "dcb14751-b4c8-41b6-adc9-4bcb32a23f21"}, "language": "Japanese", "multiverseId": 618180, "name": "ウンバールの船長", "text": "{1}, {T}：カード１枚を引く。その後、カード１枚を捨てる。", "type": "クリーチャー — 人間・海賊"}, {"flavorText": "\"Há uma grande frota se aproximando do delta do Anduin, tripulada pelos Corsários de Umbar, no Sul. Há muito que já não temem o poder de Gondor.\"\n— Beregond", "identifiers": {"multiverseId": "618441", "scryfallId": "a2d85296-5cce-441b-a996-8a712eb6bddf"}, "language": "Portuguese (Brazil)", "multiverseId": 618441, "name": "Capitã de Umbar", "text": "{1}, {T}: Compre um card e depois descarte um card.", "type": "Criatura — Humano Pirata"}, {"flavorText": "「有支南方乌姆巴尔海盗麾下的强大舰队正在逼近安都因河口。他们早已不再惧怕刚铎声威。」\n～贝瑞刚德", "identifiers": {"multiverseId": "618702", "scryfallId": "88472635-6aca-4a6b-8a23-69b4940a5166"}, "language": "Chinese Simplified", "multiverseId": 618702, "name": "乌姆巴尔船长", "text": "{1}，{T}：抓一张牌，然后弃一张牌。", "type": "生物 ～人类／海盗"}], "frameVersion": "2015", "hasFoil": true, "hasNonFoil": true, "identifiers": {"cardsphereId": "104277", "mcmId": "717079", "mcmMetaId": "420506", "mtgArenaId": "84737", "mtgjsonV4Id": "d9a5e404-6d43-533d-b6c9-21b34f3e40b2", "mtgoId": "112000", "multiverseId": "616875", "scryfallCardBackId": "0aeebaf5-8c7d-4636-9e82-8c27447861f7", "scryfallId": "c222577d-a3c7-41d9-b11b-62065bdb98ef", "scryfallIllustrationId": "4db2095d-ca50-41e2-9ec0-b11964f8f6f7", "scryfallOracleId": "1941f993-41d7-49e3-8891-41b3cecd5a9d", "tcgplayerProductId": "499949"}, "isFoil": false, "language": "English", "layout": "normal", "legalities": {"brawl": "Legal", "commander": "Legal", "duel": "Legal", "gladiator": "Legal", "historic": "Legal", "legacy": "Legal", "modern": "Legal", "oathbreaker": "Legal", "pauper": "Legal", "paupercommander": "Legal", "timeless": "Legal", "vintage": "Legal"}, "manaCost": "{2}{U}", "manaValue": 3.0, "name": "Captain of Umbar", "number": "45", "originalText": "{1}, {T}: Draw a card, then discard a card.", "originalType": "Creature — Human Pirate", "power": "2", "printings": ["LTR"], "purchaseUrls": {"cardmarket": "https://mtgjson.com/links/04844ed83dee834c", "tcgplayer": "https://mtgjson.com/links/98fc23a425b0a6da"}, "rarity": "common", "securityStamp": "triangle", "setCode": "LTR", "sourceProducts": {"foil": ["266de9f8-de20-5d45-a4be-842de7a5a82d", "331d181e-ccef-5814-bf27-347a9c57a92e", "ef7a3983-cd6e-5ff3-b85c-bc67ae1edf5c"], "nonfoil": ["331d181e-ccef-5814-bf27-347a9c57a92e", "3e7d92ad-a920-5860-a95d-ae306b06b5de", "ef7a3983-cd6e-5ff3-b85c-bc67ae1edf5c", "f63def18-5714-59e7-a761-4f5b65f035fa"]}, "subtypes": ["Human", "Pirate"], "supertypes": [], "text": "{1}, {T}: Draw a card, then discard a card.", "toughness": "3", "type": "Creature — Human Pirate", "types": ["Creature"], "uuid": "928e5797-b84a-596c-9f1a-ba1e32d89ebf", "variations": ["e77b8c2d-aec0-5477-8620-ff3941e63456"]}, {"artist": "Eelis Kyttanen", "artistIds": ["699b24be-cde0-4da8-bc0f-7a3ecd60ab01"], "availability": ["arena", "mtgo", "paper"], "boosterTypes": ["default"], "borderColor": "black", "colorIdentity": ["U"], "colors": ["U"], "convertedManaCost": 4.0, "count": 1, "edhrecRank": 11366, "edhrecSaltiness": 0.1, "finishes": ["nonfoil", "foil"], "flavorText": "And so the companies came and were hailed and cheered and passed through the Gate.", "foreignData": [{"flavorText": "Und so wurden die Truppen mit viel Preis und Jubel willkommen geheißen, als sie durch das Tor ritten.", "identifiers": {"multiverseId": "617150", "scryfallId": "928b3516-e293-4eba-ba4e-e2bb62c15ccd"}, "language": "German", "multiverseId": 617150, "name": "Ritter von Dol Amroth", "text": "Immer wenn du deine zweite Karte innerhalb desselben Zuges ziehst, lege eine +1/+1-Marke auf die Ritter von Dol Amroth.", "type": "Kreatur — Mensch, Ritter"}, {"flavorText": "Así llegaron las compañías, con la bienvenida y la aclamación de la multitud, y cruzaron la puerta.", "identifiers": {"multiverseId": "617411", "scryfallId": "dfe9c1f6-3a5b-4921-b312-2ab449137f3e"}, "language": "Spanish", "multiverseId": 617411, "name": "Caballeros de Dol Amroth", "text": "Siempre que robes tu segunda carta cada turno, pon un contador +1/+1 sobre los Caballeros de Dol Amroth.", "type": "Criatura — Caballero humano"}, {"flavorText": "Et ainsi les compagnies arrivèrent, acclamées et applaudies lorsqu'elles passèrent les portes.", "identifiers": {"multiverseId": "617672", "scryfallId": "762c5ca4-ee72-4f40-a742-e9cb6a0579c2"}, "language": "French", "multiverseId": 617672, "name": "Chevaliers de Dol Amroth", "text": "À chaque fois que vous piochez votre deuxième carte à chaque tour, mettez un marqueur +1/+1 sur les Chevaliers de Dol Amroth.", "type": "Créature : humain et chevalier"}, {"flavorText": "Al loro arrivo, le compagnie attraversarono il cancello tra il giubilo e l'esultanza.", "identifiers": {"multiverseId": "617933", "scryfallId": "2ba86e63-3fcf-48f5-8bcc-6d98c575cbd2"}, "language": "Italian", "multiverseId": 617933, "name": "Cavalieri di Dol Amroth", "text": "Ogniqualvolta peschi la tua seconda carta in ogni turno, metti un segnalino +1/+1 sui Cavalieri di Dol Amroth.", "type": "Creatura — Cavaliere Umano"}, {"flavorText": "そして門を潜った兵たちは、歓声に迎えられた。", "identifiers": {"multiverseId": "618194", "scryfallId": "4ff42afc-289a-48b9-89f7-3419f740d8a9"}, "language": "Japanese", "multiverseId": 618194, "name": "ドル・アムロスの騎士", "text": "あなたが各ターン内のあなたの２枚目のカードを引くたび、ドル・アムロスの騎士の上に＋１/＋１カウンター１個を置く。", "type": "クリーチャー — 人間・騎士"}, {"flavorText": "E assim vieram as companhias, e foram saudadas e festejadas e passaram pelo portão.", "identifiers": {"multiverseId": "618455", "scryfallId": "d388d59e-ec4b-46f1-ab92-a9871eef2de1"}, "language": "Portuguese (Brazil)", "multiverseId": 618455, "name": "Cavaleiros de Dol Amroth", "text": "Toda vez que você comprar seu segundo card a cada turno, coloque um marcador +1/+1 em Cavaleiros de Dol Amroth.", "type": "Criatura — Humano Cavaleiro"}, {"flavorText": "就这样一支支队伍通过，迎着称赞与欢呼声穿过了城门。", "identifiers": {"multiverseId": "618716", "scryfallId": "0e632cb4-d497-4961-b35b-b3815aa40807"}, "language": "Chinese Simplified", "multiverseId": 618716, "name": "多阿姆洛斯骑士", "text": "每当你抓每回合中你的第二张牌时，在多阿姆洛斯骑士上放置一个+1/+1指示物。", "type": "生物 ～人类／骑士"}], "frameVersion": "2015", "hasFoil": true, "hasNonFoil": true, "identifiers": {"cardsphereId": "103899", "mcmId": "715896", "mcmMetaId": "420035", "mtgArenaId": "84751", "mtgjsonV4Id": "d23c6248-dbb7-5e0b-a2b5-6a31b1dad80c", "mtgoId": "112028", "multiverseId": "616889", "scryfallCardBackId": "0aeebaf5-8c7d-4636-9e82-8c27447861f7", "scryfallId": "661338ff-a192-4007-a144-63d00f2e9ecb", "scryfallIllustrationId": "8b33a1f9-0d65-4bc6-a2da-e82600a44c81", "scryfallOracleId": "3f8b189e-775c-41ad-839a-153a3200c708", "tcgplayerProductId": "498339"}, "isFoil": false, "language": "English", "layout": "normal", "legalities": {"brawl": "Legal", "commander": "Legal", "duel": "Legal", "gladiator": "Legal", "historic": "Legal", "legacy": "Legal", "modern": "Legal", "oathbreaker": "Legal", "pauper": "Legal", "paupercommander": "Legal", "penny": "Legal", "timeless": "Legal", "vintage": "Legal"}, "manaCost": "{3}{U}", "manaValue": 4.0, "name": "Knights of Dol Amroth", "number": "59", "originalText": "Whenever you draw your second card each turn, put a +1/+1 counter on Knights of Dol Amroth.", "originalType": "Creature — Human Knight", "power": "3", "printings": ["LTR"], "purchaseUrls": {"cardmarket": "https://mtgjson.com/links/269bc3892d0dfe79", "tcgplayer": "https://mtgjson.com/links/c6667226bc8f2e59"}, "rarity": "common", "securityStamp": "triangle", "setCode": "LTR", "sourceProducts": {"foil": ["266de9f8-de20-5d45-a4be-842de7a5a82d", "331d181e-ccef-5814-bf27-347a9c57a92e", "ef7a3983-cd6e-5ff3-b85c-bc67ae1edf5c"], "nonfoil": ["331d181e-ccef-5814-bf27-347a9c57a92e", "3e7d92ad-a920-5860-a95d-ae306b06b5de", "ef7a3983-cd6e-5ff3-b85c-bc67ae1edf5c"]}, "subtypes": ["Human", "Knight"], "supertypes": [], "text": "Whenever you draw your second card each turn, put a +1/+1 counter on Knights of Dol Amroth.", "toughness": "3", "type": "Creature — Human Knight", "types": ["Creature"], "uuid": "0fa45604-526f-5b99-ba99-5895ab258275", "variations": ["9354d7b2-b54d-5629-847d-17d7e86a1677", "cc3a1bb9-c5e4-58d8-8108-64b670ea80f5"]}, {"artist": "Wei Guan", "artistIds": ["6bd18163-aa22-4a41-82f6-8cdb8269d3c8"], "availability": ["arena", "mtgo", "paper"], "boosterTypes": ["default"], "borderColor": "black", "colorIdentity": ["U"], "colors": ["U"], "convertedManaCost": 2.0, "count": 1, "edhrecRank": 18198, "edhrecSaltiness": 0.08, "finishes": ["nonfoil", "foil"], "foreignData": [{"identifiers": {"multiverseId": "617132", "scryfallId": "a4494c56-a790-49a3-acd1-f7ff6b9ed388"}, "language": "German", "multiverseId": 617132, "name": "Verhexende Heilkunst", "text": "Verzaubert eine Kreatur\nWenn die Verhexende Heilkunst ins Spiel kommt, tappe die verzauberte Kreatur.\nDie verzauberte Kreatur hat „Falls diese Kreatur während deines Enttappsegments enttappen würde, entferne stattdessen eine +1/+1-Marke von ihr. Falls du dies tust, enttappe sie.\" (Anderenfalls enttappt sie nicht.)", "type": "Verzauberung — Aura"}, {"identifiers": {"multiverseId": "617393", "scryfallId": "8cfd2f9b-ab42-4c2d-808a-1de17e8e7a46"}, "language": "Spanish", "multiverseId": 617393, "name": "Sanguijuelas hechizantes", "text": "Encantar criatura.\nCuando las Sanguijuelas hechizantes entren al campo de batalla, gira la criatura encantada.\nLa criatura encantada tiene \"Si esta criatura fuera a enderezarse durante tu paso de enderezar, en vez de eso, remueve un contador +1/+1 de ella. Si lo haces, enderézala\". (De lo contrario, no se endereza.)", "type": "Encantamiento — Aura"}, {"identifiers": {"multiverseId": "617654", "scryfallId": "3ffb09a2-2a58-40ed-bb80-e6b761df7ff7"}, "language": "French", "multiverseId": 617654, "name": "Médecine ensorcelante", "text": "Enchanter : créature\nQuand la Médecine ensorcelante arrive sur le champ de bataille, engagez la créature enchantée.\nLa créature enchantée a « Si cette créature devait se dégager pendant votre étape de dégagement, retirez-lui un marqueur +1/+1 à la place. Si vous faites ainsi, dégagez-la. » (Sinon, elle ne se dégage pas.)", "type": "Enchantement : aura"}, {"identifiers": {"multiverseId": "617915", "scryfallId": "7b6a4f5b-cdd0-4a0a-bfe6-bcfb74a9077e"}, "language": "Italian", "multiverseId": 617915, "name": "Panacea Ammaliante", "text": "Incanta creatura\nQuando la Panacea Ammaliante entra nel campo di battaglia, TAPpa la creatura incantata.\nLa creatura incantata ha \"Se questa creatura sta per STAPpare durante il tuo STAP, rimuovi invece un segnalino +1/+1 da essa. Se lo fai, STAPpala\". (Altrimenti non STAPpa.)", "type": "Incantesimo — Aura"}, {"identifiers": {"multiverseId": "618176", "scryfallId": "1a811899-1887-4565-9c5e-52eb96f60cbf"}, "language": "Japanese", "multiverseId": 618176, "name": "たぶらかしの呪い治療", "text": "エンチャント（クリーチャー）\nたぶらかしの呪い治療が戦場に出たとき、エンチャントしているクリーチャーをタップする。\nエンチャントしているクリーチャーは「このクリーチャーがあなたのアンタップ・ステップにアンタップするなら、代わりに＋１/＋１カウンター１個を取り除く。そうしたなら、アンタップする。(そうでないなら、アンタップしない。)」を持つ。", "type": "エンチャント — オーラ"}, {"identifiers": {"multiverseId": "618437", "scryfallId": "015216c0-c410-4970-8f91-e50b1bb0016d"}, "language": "Portuguese (Brazil)", "multiverseId": 618437, "name": "Medicina Enfeitiçante", "text": "Encantar criatura\nQuando Medicina Enfeitiçante entrar no campo de batalha, vire a criatura encantada.\nA criatura encantada tem \"Se esta criatura seria desvirada durante sua etapa de desvirar, em vez disso, remova um marcador +1/+1 dela. Se fizer isso, desvire-a\". (Caso contrário, ela não será desvirada.", "type": "Encantamento — Aura"}, {"identifiers": {"multiverseId": "618698", "scryfallId": "5465200c-661b-40f4-947d-94a7a5aba445"}, "language": "Chinese Simplified", "multiverseId": 618698, "name": "庸医妖术", "text": "结附于生物\n当庸医妖术进战场时，横置所结附的生物。\n所结附的生物具有「如果此生物将在你的重置步骤中重置，则改为从其上移去一个+1/+1指示物。若你如此作，则将它重置。」（若未如此作，它便不能重置。）", "type": "结界 ～灵气"}], "frameVersion": "2015", "hasFoil": true, "hasNonFoil": true, "identifiers": {"cardsphereId": "104276", "mcmId": "717113", "mcmMetaId": "420540", "mtgArenaId": "84733", "mtgjsonV4Id": "a7f4f840-4bf6-5ed7-88ea-0381d4f77a5e", "mtgoId": "111992", "multiverseId": "616871", "scryfallCardBackId": "0aeebaf5-8c7d-4636-9e82-8c27447861f7", "scryfallId": "b612452e-b8a8-4a5a-82a8-01fd463cfc77", "scryfallIllustrationId": "dcd7575e-c064-4c8f-818b-a0f2e0ef4b61", "scryfallOracleId": "a5d803bc-7fd4-4570-8cd6-cb138727a66e", "tcgplayerProductId": "499948"}, "isFoil": false, "keywords": ["Enchant"], "language": "English", "layout": "normal", "legalities": {"brawl": "Legal", "commander": "Legal", "duel": "Legal", "gladiator": "Legal", "historic": "Legal", "legacy": "Legal", "modern": "Legal", "oathbreaker": "Legal", "pauper": "Legal", "paupercommander": "Legal", "penny": "Legal", "timeless": "Legal", "vintage": "Legal"}, "manaCost": "{1}{U}", "manaValue": 2.0, "name": "Bewitching Leechcraft", "number": "41", "originalText": "Enchant creature\nWhen Bewitching Leechcraft enters the battlefield, tap enchanted creature.\nEnchanted creature has \"If this creature would untap during your untap step, remove a +1/+1 counter from it instead. If you do, untap it.\" (Otherwise, it doesn't untap.)", "originalType": "Enchantment — Aura", "printings": ["LTR"], "purchaseUrls": {"cardmarket": "https://mtgjson.com/links/8ee24e4b6f8b61be", "tcgplayer": "https://mtgjson.com/links/de7b6cb44492b253"}, "rarity": "common", "securityStamp": "triangle", "setCode": "LTR", "sourceProducts": {"foil": ["266de9f8-de20-5d45-a4be-842de7a5a82d", "331d181e-ccef-5814-bf27-347a9c57a92e", "ef7a3983-cd6e-5ff3-b85c-bc67ae1edf5c"], "nonfoil": ["331d181e-ccef-5814-bf27-347a9c57a92e", "3e7d92ad-a920-5860-a95d-ae306b06b5de", "ef7a3983-cd6e-5ff3-b85c-bc67ae1edf5c"]}, "subtypes": ["Aura"], "supertypes": [], "text": "Enchant creature\nWhen Bewitching Leechcraft enters, tap enchanted creature.\nEnchanted creature has \"If this creature would untap during your untap step, remove a +1/+1 counter from it instead. If you do, untap it.\" (Otherwise, it doesn't untap.)", "type": "Enchantment — Aura", "types": ["Enchantment"], "uuid": "562a96d5-0032-542b-96a0-36d3d3671a82", "variations": ["06c3b311-5b38-5aa3-a7ca-1c7ef4d55089"]}, {"artist": "Ekaterina Burmak", "artistIds": ["2a9f3780-fcc8-4ec5-b403-ee1d1370d3b4"], "availability": ["arena", "mtgo", "paper"], "boosterTypes": ["default"], "borderColor": "black", "colorIdentity": ["U"], "colors": ["U"], "convertedManaCost": 2.0, "count": 1, "edhrecRank": 4927, "edhrecSaltiness": 0.25, "finishes": ["nonfoil", "foil"], "flavorText": "The Elves of Lórien took Dol Guldur. Galadriel threw down its walls and laid bare its pits, and the forest was cleansed.", "foreignData": [{"flavorText": "Die Elben Lóriens nahmen Dol Guldur ein. Galadriel riss seine Mauern ein und legte seine Gruben bloß und der Wald war gesäubert.", "identifiers": {"multiverseId": "617142", "scryfallId": "114086ae-5a52-4f70-b0bc-5f2bc8de770f"}, "language": "German", "multiverseId": 617142, "name": "Glorreiche Böe", "text": "Neutralisiere einen Kreaturenzauber deiner Wahl. Falls es ein legendärer Zauberspruch war, führt der Ring dich in Versuchung.", "type": "Spontanzauber"}, {"flavorText": "Los elfos de Lórien se hicieron con Dol Guldur, Galadriel derribó los muros y dejó al descubierto las mazmorras, y el bosque quedó limpio.", "identifiers": {"multiverseId": "617403", "scryfallId": "dcfc3c0f-b533-424f-b1f4-e788c0e1f63b"}, "language": "Spanish", "multiverseId": 617403, "name": "Ráfaga gloriosa", "text": "Contrarresta el hechizo de criatura objetivo. Si era un hechizo legendario, el Anillo te tienta.", "type": "Instantáneo"}, {"flavorText": "Les elfes de Lórien prirent Dol Guldur. Galadriel mit les murs à bas, dévoilant les fosses, et la forêt fut purifiée.", "identifiers": {"multiverseId": "617664", "scryfallId": "98b9bd2c-cd2f-4cea-8d50-2bc4af88a5f6"}, "language": "French", "multiverseId": 617664, "name": "Bourrasque glorieuse", "text": "Contrecarrez un sort de créature ciblé. Si c'était un sort légendaire, l'Anneau vous tente.", "type": "Éphémère"}, {"flavorText": "Gli Elfi di Lórien presero Dol Guldur. Galadriel ne abbattè le mura e ne spogliò le fosse, purificando la foresta.", "identifiers": {"multiverseId": "617925", "scryfallId": "e15ccd12-df1c-4685-a967-610bf8e92f54"}, "language": "Italian", "multiverseId": 617925, "name": "Ventata Gloriosa", "text": "Neutralizza una magia creatura bersaglio. Se era una magia leggendaria, l'Anello ti tenta.", "type": "Istantaneo"}, {"flavorText": "ロリアンのエルフ達はドル・グルドゥアを占領した。ガラドリエルは砦の壁を崩し、掃討し、森を払い清めた。", "identifiers": {"multiverseId": "618186", "scryfallId": "a55af3cc-e683-4d2a-9552-66bf9b5827df"}, "language": "Japanese", "multiverseId": 618186, "name": "輝かしき突風", "text": "クリーチャー・呪文１つを対象とする。それを打ち消す。それが伝説の呪文であったなら、指輪があなたを誘惑する。", "type": "インスタント"}, {"flavorText": "Os Elfos de Lórien tomaram Dol Guldur. Galadriel deitou ao chão suas muralhas e aterrou seus fossos, e a floresta foi purificada.", "identifiers": {"multiverseId": "618447", "scryfallId": "5498d544-4028-43cb-8a02-0004ba1b6d38"}, "language": "Portuguese (Brazil)", "multiverseId": 618447, "name": "Vendaval Glorioso", "text": "Anule a mágica de criatura alvo. Se ela era uma mágica lendária, o Anel tenta você.", "type": "Mágica Instantânea"}, {"flavorText": "罗瑞恩的精灵攻下了多古尔都。加拉德瑞尔推倒城墙，揭开地洞，净化森林。", "identifiers": {"multiverseId": "618708", "scryfallId": "728ee119-89ce-485d-a26c-0d31f3c9615d"}, "language": "Chinese Simplified", "multiverseId": 618708, "name": "辉煌狂风", "text": "反击目标生物咒语。如果它是传奇咒语，则魔戒引诱你。", "type": "瞬间"}], "frameVersion": "2015", "hasFoil": true, "hasNonFoil": true, "identifiers": {"cardsphereId": "104283", "mcmId": "717115", "mcmMetaId": "420542", "mtgArenaId": "84743", "mtgjsonV4Id": "22662bcc-9703-5816-b103-1e66a5e0ae57", "mtgoId": "112012", "multiverseId": "616881", "scryfallCardBackId": "0aeebaf5-8c7d-4636-9e82-8c27447861f7", "scryfallId": "6e1057de-5710-415c-9a51-1d8bd86021a3", "scryfallIllustrationId": "3c57cdda-2eac-4598-924a-42f1f9f63153", "scryfallOracleId": "858265c2-6415-4938-a6ec-734d53046100", "tcgplayerProductId": "499952"}, "isFoil": false, "language": "English", "layout": "normal", "legalities": {"brawl": "Legal", "commander": "Legal", "duel": "Legal", "gladiator": "Legal", "historic": "Legal", "legacy": "Legal", "modern": "Legal", "oathbreaker": "Legal", "pauper": "Legal", "paupercommander": "Legal", "timeless": "Legal", "vintage": "Legal"}, "manaCost": "{1}{U}", "manaValue": 2.0, "name": "Glorious Gale", "number": "51", "originalText": "Counter target creature spell. If it was a legendary spell, the Ring tempts you.", "originalType": "Instant", "printings": ["LTR"], "purchaseUrls": {"cardmarket": "https://mtgjson.com/links/3fc808126db002f6", "tcgplayer": "https://mtgjson.com/links/54dbabc17fd3bcc7"}, "rarity": "common", "rulings": [{"date": "2023-06-16", "text": "As the Ring tempts you, you get an emblem named The Ring if you don't have one. Then your emblem gains its next ability and you choose a creature you control to become (or remain) your Ring-bearer."}, {"date": "2023-06-16", "text": "Each player can have only one emblem named The Ring and only one Ring-bearer at a time."}, {"date": "2023-06-16", "text": "Each time the Ring tempts you, you must choose a creature if you control one."}, {"date": "2023-06-16", "text": "If the creature you choose as your Ring-bearer was already your Ring-bearer, that still counts as choosing that creature as your Ring-bearer for the purpose of abilities that trigger \"whenever you choose a creature as your Ring-bearer\" or abilities that care about which creature was chosen as your Ring-bearer."}, {"date": "2023-06-16", "text": "Some spells and abilities that cause the Ring to tempt you may require targets. If each target chosen is an illegal target as that spell or ability tries to resolve, it won't resolve. The Ring won't tempt you."}, {"date": "2023-06-16", "text": "The Ring can tempt you even if you don't control a creature. In this case, abilities that trigger \"whenever the Ring tempts you\" will still trigger."}, {"date": "2023-06-16", "text": "The Ring gains its abilities in order from top to bottom. Once it gains an ability, it has that ability for the rest of the game."}], "securityStamp": "triangle", "setCode": "LTR", "sourceProducts": {"foil": ["266de9f8-de20-5d45-a4be-842de7a5a82d", "331d181e-ccef-5814-bf27-347a9c57a92e", "ef7a3983-cd6e-5ff3-b85c-bc67ae1edf5c"], "nonfoil": ["331d181e-ccef-5814-bf27-347a9c57a92e", "3e7d92ad-a920-5860-a95d-ae306b06b5de", "ef7a3983-cd6e-5ff3-b85c-bc67ae1edf5c", "f63def18-5714-59e7-a761-4f5b65f035fa"]}, "subtypes": [], "supertypes": [], "text": "Counter target creature spell. If it was a legendary spell, the Ring tempts you.", "type": "Instant", "types": ["Instant"], "uuid": "53ae60b7-4e99-5dc4-8bae-7fb0399a752d", "variations": ["10b48ef4-7455-5f6e-b69c-692c2ad3c72f"]}, {"artist": "Wangjie Li", "artistIds": ["eef3629c-af13-4cc4-a5d8-3d2ae6dd4ed6"], "availability": ["arena", "mtgo", "paper"], "boosterTypes": ["default"], "borderColor": "black", "colorIdentity": ["U"], "colors": ["U"], "convertedManaCost": 4.0, "count": 1, "edhrecRank": 8240, "edhrecSaltiness": 0.21, "finishes": ["nonfoil", "foil"], "flavorText": "\"Wear this now in memory of Elfstone and Evenstar with whom your life has been woven!\"", "foreignData": [{"flavorText": "„Trage dies als Erinnerung an Elbenstein und Abendstern, mit denen dein Leben nun auf immer verwoben ist!\"", "identifiers": {"multiverseId": "617130", "scryfallId": "584c948f-e492-439f-8118-6394254057d0"}, "language": "German", "multiverseId": 617130, "name": "Arwens Gabe", "text": "Dieser Zauberspruch kostet beim Wirken {1} weniger, falls du zwei oder mehr legendäre Kreaturen kontrollierst.\nHellsicht 2, ziehe dann zwei Karten.", "type": "Hexerei"}, {"flavorText": "\"Lleva esto en recuerdo de Piedra de Elfo y Estrella de la Tarde, que formarán parte de tu vida para siempre\".", "identifiers": {"multiverseId": "617391", "scryfallId": "8ded4352-bcf1-4ba2-903a-e8da25e76344"}, "language": "Spanish", "multiverseId": 617391, "name": "Dádiva de Arwen", "text": "Te cuesta {1} menos lanzar este hechizo si controlas dos o más criaturas legendarias.\nAdivina 2, luego roba dos cartas.", "type": "Conjuro"}, {"flavorText": "« Portez ceci en mémoire de la Pierre elfique et de l'étoile du soir avec qui votre vie a été entrelacée ! »", "identifiers": {"multiverseId": "617652", "scryfallId": "22fbca9a-09df-400d-9a04-04166437f8df"}, "language": "French", "multiverseId": 617652, "name": "Cadeau d'Arwen", "text": "Ce sort coûte {1} de moins à lancer si vous contrôlez au moins deux créatures légendaires.\nRegard 2, puis piochez deux cartes.", "type": "Rituel"}, {"flavorText": "\"Indossalo in ricordo della Gemma Elfica e della Stella del Vespro, le cui vite sono intrecciate con la tua!\"", "identifiers": {"multiverseId": "617913", "scryfallId": "73ee7a18-9351-4487-800b-e097d88c5db0"}, "language": "Italian", "multiverseId": 617913, "name": "Dono di Arwen", "text": "Questa magia costa {1} in meno per essere lanciata se controlli due o più creature leggendarie.\nProfetizza 2, poi pesca due carte.", "type": "Stregoneria"}, {"flavorText": "「あなたの人生と共に紡がれた夕星とエルフの石を忘れぬよう、これを身に着けなさい。」", "identifiers": {"multiverseId": "618174", "scryfallId": "84f720f2-fefb-4eab-93e0-6b41e1a5bc52"}, "language": "Japanese", "multiverseId": 618174, "name": "アルウェンの贈り物", "text": "あなたが２体以上の伝説のクリーチャーをコントロールしているなら、この呪文を唱えるためのコストは{1}少なくなる。\n占術２を行い、その後、カード２枚を引く。", "type": "ソーサリー"}, {"flavorText": "\"Agora use isto em memória da Pedra Élfica e da Estrela Vespertina com as quais sua vida se entrelaçou!\"", "identifiers": {"multiverseId": "618435", "scryfallId": "ac89a19f-35fb-426d-94c6-aae90509b89f"}, "language": "Portuguese (Brazil)", "multiverseId": 618435, "name": "Dádiva de Arwen", "text": "Esta mágica custa {1} a menos para ser conjurada se você controla duas ou mais criaturas lendárias.\nUse vidência 2 e depois compre dois cards.", "type": "Feitiço"}, {"flavorText": "「请戴着它，以纪念织就你生命的精灵宝石和暮星！」", "identifiers": {"multiverseId": "618696", "scryfallId": "d2d4e2ad-19c9-4a04-81f3-6f1931cee96f"}, "language": "Chinese Simplified", "multiverseId": 618696, "name": "阿尔玟的赠礼", "text": "如果你操控两个或更多传奇生物，则此咒语减少{1}来施放。\n占卜2，然后抓两张牌。", "type": "法术"}], "frameVersion": "2015", "hasFoil": true, "hasNonFoil": true, "identifiers": {"cardsphereId": "103929", "mcmId": "715894", "mcmMetaId": "420033", "mtgArenaId": "84731", "mtgjsonV4Id": "c147b4a1-d914-50b8-9d0e-4c6df71553f9", "mtgoId": "111988", "multiverseId": "616869", "scryfallCardBackId": "0aeebaf5-8c7d-4636-9e82-8c27447861f7", "scryfallId": "30e1ec49-ad4f-4623-aeeb-dba07d6e6251", "scryfallIllustrationId": "192251d5-ef57-42a6-a6c7-2f85317a6778", "scryfallOracleId": "13ac12db-d04b-4211-90df-886e1c597e8f", "tcgplayerProductId": "498417"}, "isFoil": false, "keywords": ["Scry"], "language": "English", "layout": "normal", "legalities": {"brawl": "Legal", "commander": "Legal", "duel": "Legal", "gladiator": "Legal", "historic": "Legal", "legacy": "Legal", "modern": "Legal", "oathbreaker": "Legal", "pauper": "Legal", "paupercommander": "Legal", "timeless": "Legal", "vintage": "Legal"}, "manaCost": "{3}{U}", "manaValue": 4.0, "name": "Arwen's Gift", "number": "39", "originalText": "This spell costs {1} less to cast if you control two or more legendary creatures.\nScry 2, then draw two cards.", "originalType": "Sorcery", "printings": ["LTR"], "purchaseUrls": {"cardmarket": "https://mtgjson.com/links/93c40f53f8a25dc8", "tcgplayer": "https://mtgjson.com/links/fcdc53c94cfa6565"}, "rarity": "common", "securityStamp": "triangle", "setCode": "LTR", "sourceProducts": {"foil": ["266de9f8-de20-5d45-a4be-842de7a5a82d", "331d181e-ccef-5814-bf27-347a9c57a92e", "ef7a3983-cd6e-5ff3-b85c-bc67ae1edf5c"], "nonfoil": ["331d181e-ccef-5814-bf27-347a9c57a92e", "3e7d92ad-a920-5860-a95d-ae306b06b5de", "ef7a3983-cd6e-5ff3-b85c-bc67ae1edf5c", "f63def18-5714-59e7-a761-4f5b65f035fa"]}, "subtypes": [], "supertypes": [], "text": "This spell costs {1} less to cast if you control two or more legendary creatures.\nScry 2, then draw two cards.", "type": "Sorcery", "types": ["Sorcery"], "uuid": "3986a32f-44b8-52b4-8d1b-d1e60356d843", "variations": ["d0d70b52-dd9d-5336-a59d-78d3448d396b"]}, {"artist": "Wei Guan", "artistIds": ["6bd18163-aa22-4a41-82f6-8cdb8269d3c8"], "availability": ["arena", "mtgo", "paper"], "boosterTypes": ["default"], "borderColor": "black", "colorIdentity": ["U"], "colors": ["U"], "convertedManaCost": 3.0, "count": 1, "edhrecRank": 3793, "edhrecSaltiness": 0.2, "finishes": ["nonfoil", "foil"], "flavorText": "\"I have been too busy with this and that to heed all the crying and shouting. All I hope is that those murdering devils do not come to this House and trouble the sick.\"", "foreignData": [{"flavorText": "„Ich war mit allerlei Notfällen viel zu beschäftigt, um dem Weinen und Rufen Beachtung zu schenken. Ich hoffe nur, dass diese mordenden Teufel nicht in dieses Haus vordringen und die Kranken stören.\"", "identifiers": {"multiverseId": "617147", "scryfallId": "f51fbd05-bd48-465d-8105-e5204eb8f3ea"}, "language": "German", "multiverseId": 617147, "name": "Ioreth vom Haus der Heilung", "text": "{T}: Enttappe eine andere bleibende Karte deiner Wahl.\n{T}: Enttappe zwei andere legendäre Kreaturen deiner Wahl.", "type": "Legendäre Kreatur — Mensch, Kleriker"}, {"flavorText": "\"Estuve muy atareada con esto y lo otro para atender a todos los lamentos y estruendos. Solo espero que esos demonios atroces no vengan a esta casa y perturben a los enfermos\".", "identifiers": {"multiverseId": "617408", "scryfallId": "d00740d8-1e4d-424d-8dbf-078fa2e3406b"}, "language": "Spanish", "multiverseId": 617408, "name": "Ioreth de la Casa de Curación", "text": "{T}: Endereza otro permanente objetivo.\n{T}: Endereza otras dos criaturas legendarias objetivo.", "type": "Criatura legendaria — Clérigo humano"}, {"flavorText": "« J'ai été trop occupée çà et là pour faire attention à tous les pleurs et à tous les cris. J'espère seulement que ces diaboliques meurtriers ne viendront pas troubler les malades dans cette maison. »", "identifiers": {"multiverseId": "617669", "scryfallId": "288a1fa7-860d-493d-8035-aead714d6dc1"}, "language": "French", "multiverseId": 617669, "name": "Ioreth de la Maison de guérison", "text": "{T} : Dégagez un autre permanent ciblé.\n{T} : Dégagez deux autres créatures légendaires ciblées.", "type": "Créature légendaire : humain et clerc"}, {"flavorText": "\"Ho avuto troppo da fare per badare ai pianti e alle urla. Spero solo che quei diavoli assassini non invadano questa casa e disturbino i malati.\"", "identifiers": {"multiverseId": "617930", "scryfallId": "1c922fa8-13e8-4d7e-b3ca-e15a8fd79c86"}, "language": "Italian", "multiverseId": 617930, "name": "Ioreth della Casa di Guarigione", "text": "{T}: STAPpa un altro permanente bersaglio.\n{T}: STAPpa altre due creature leggendarie bersaglio.", "type": "Creatura Leggendaria — Chierico Umano"}, {"flavorText": "「あれこれと忙しいので、泣き叫ぶ声を全て聞き届ける暇などありません。あの人殺し達がここへ来て、病人を怯えさせないことを祈るばかりです。」", "identifiers": {"multiverseId": "618191", "scryfallId": "10aece85-32ff-4c8e-af97-44db8b27e095"}, "language": "Japanese", "multiverseId": 618191, "name": "療病院のヨレス", "text": "{T}：これでないパーマネント１つを対象とする。それをアンタップする。\n{T}：これでない伝説のクリーチャー２体を対象とする。それらをアンタップする。", "type": "伝説のクリーチャー — 人間・クレリック"}, {"flavorText": "\"Eu tenho estado ocupada demais para dar ouvidos a todo esse choro e gritaria. Eu só espero que aqueles diabos assassinos não venham a esta Casa para perturbar os enfermos.\"", "identifiers": {"multiverseId": "618452", "scryfallId": "1c7a7153-4f26-48a9-909a-fdb7d5236604"}, "language": "Portuguese (Brazil)", "multiverseId": 618452, "name": "Ioreth da Casa de Cura", "text": "{T}: Desvire outra permanente alvo.\n{T}: Desvire duas outras criaturas lendárias alvo.", "type": "Criatura Lendária — Humano Clérigo"}, {"flavorText": "「我都已经忙得不可开交了，根本没空理会且你大呼小叫。我只希望那些杀人魔鬼别到这院里来找伤者麻烦。」", "identifiers": {"multiverseId": "618713", "scryfallId": "9420afed-688d-40df-b79e-00054539127e"}, "language": "Chinese Simplified", "multiverseId": 618713, "name": "诊疗院的伊奥瑞丝", "text": "{T}：重置另一个目标永久物。\n{T}：重置两个其他目标传奇生物。", "type": "传奇生物 ～人类／僧侣"}], "frameEffects": ["legendary"], "frameVersion": "2015", "hasFoil": true, "hasNonFoil": true, "identifiers": {"cardsphereId": "104045", "mcmId": "716137", "mcmMetaId": "420135", "mtgArenaId": "84748", "mtgjsonV4Id": "ab34b4a5-5bae-5497-8db2-1d14cc1978b5", "mtgoId": "112022", "multiverseId": "616886", "scryfallCardBackId": "0aeebaf5-8c7d-4636-9e82-8c27447861f7", "scryfallId": "03ab74cd-978a-49eb-9d38-bc8b472b3cef", "scryfallIllustrationId": "3a48cfa5-7e07-478b-9ff8-611cdc33b5cb", "scryfallOracleId": "af6e4c3e-0276-4f72-9a70-25868fe8bba5", "tcgplayerProductId": "498609"}, "isFoil": false, "language": "English", "layout": "normal", "leadershipSkills": {"brawl": false, "commander": true, "oathbreaker": false}, "legalities": {"brawl": "Legal", "commander": "Legal", "duel": "Legal", "gladiator": "Legal", "historic": "Legal", "legacy": "Legal", "modern": "Legal", "oathbreaker": "Legal", "paupercommander": "Restricted", "timeless": "Legal", "vintage": "Legal"}, "manaCost": "{2}{U}", "manaValue": 3.0, "name": "Ioreth of the Healing House", "number": "56", "originalText": "{T}: Untap another target permanent.\n{T}: Untap two other target legendary creatures.", "originalType": "Legendary Creature — Human Cleric", "power": "1", "printings": ["LTR"], "purchaseUrls": {"cardmarket": "https://mtgjson.com/links/eda65e8f74b33545", "tcgplayer": "https://mtgjson.com/links/59e57dcb6e462e93"}, "rarity": "uncommon", "securityStamp": "triangle", "setCode": "LTR", "sourceProducts": {"foil": ["266de9f8-de20-5d45-a4be-842de7a5a82d", "331d181e-ccef-5814-bf27-347a9c57a92e", "ef7a3983-cd6e-5ff3-b85c-bc67ae1edf5c"], "nonfoil": ["331d181e-ccef-5814-bf27-347a9c57a92e", "3e7d92ad-a920-5860-a95d-ae306b06b5de", "ef7a3983-cd6e-5ff3-b85c-bc67ae1edf5c"]}, "subtypes": ["Human", "Cleric"], "supertypes": ["Legendary"], "text": "{T}: Untap another target permanent.\n{T}: Untap two other target legendary creatures.", "toughness": "4", "type": "Legendary Creature — Human Cleric", "types": ["Creature"], "uuid": "b479ff36-4d5a-5fb8-840d-06d9cc81385e", "variations": ["bc66e326-88eb-5c97-a4f4-149800c78a6f"]}, {"artist": "Axel Sauerwald", "artistIds": ["ce5cbff7-7a24-4125-b485-f835185a9fec"], "availability": ["arena", "mtgo", "paper"], "boosterTypes": ["default"], "borderColor": "black", "colorIdentity": ["U"], "colors": ["U"], "convertedManaCost": 4.0, "count": 1, "edhrecRank": 8853, "edhrecSaltiness": 0.4, "finishes": ["nonfoil", "foil"], "flavorText": "\"Then come! We have need of speed greater than any wind, outmatching the wings of the Nazgûl.\"\n—Gandalf", "foreignData": [{"flavorText": "„Dann auf! Wir müssen schneller sein als jeder Wind und die Schwingen der Nazgûl.\"\n—Gandalf", "identifiers": {"multiverseId": "617153", "scryfallId": "fc3beb96-3c43-4de3-9d2f-eab45e7d6510"}, "language": "German", "multiverseId": 617153, "name": "Meneldor, flinker Retter", "text": "Fliegend\nImmer wenn Meneldor, flinker Retter, einem Spieler Kampfschaden zufügt, schicke bis zu eine Kreatur deiner Wahl, die du besitzt, ins Exil und bringe sie dann unter deiner Kontrolle ins Spiel zurück.", "type": "Legendäre Kreatur — Vogel, Soldat"}, {"flavorText": "\"¡Vamos! Debemos volar más raudos que todos los vientos para superar las alas de los Nazgûl\".\n—Gandalf", "identifiers": {"multiverseId": "617414", "scryfallId": "76a1fa7b-f8cf-4fc2-9f34-d20aa1f32968"}, "language": "Spanish", "multiverseId": 617414, "name": "Meneldor, salvador veloz", "text": "Vuela.\nSiempre que Meneldor, salvador veloz haga daño de combate a un jugador, exilia hasta una criatura objetivo de la cual eres propietario y luego regrésala al campo de batalla bajo tu control.", "type": "Criatura legendaria — Soldado ave"}, {"flavorText": "« Alors venez ! Nous avons besoin d'aller plus vite que le vent, de rivaliser avec les ailes des Nazgûl. »\n—Gandalf", "identifiers": {"multiverseId": "617675", "scryfallId": "cf45f7ec-8c3e-455e-b22f-41d4c0201016"}, "language": "French", "multiverseId": 617675, "name": "Meneldor, sauveur rapide", "text": "Vol\nÀ chaque fois que Meneldor, sauveur rapide inflige des blessures de combat à un joueur, exilez jusqu'à une créature ciblée que vous possédez, puis renvoyez-la sur le champ de bataille sous votre contrôle.", "type": "Créature légendaire : oiseau et soldat"}, {"flavorText": "\"Vieni a noi! Dobbiamo essere più veloci del vento, più delle ali dei Nazgûl.\"\n—Gandalf", "identifiers": {"multiverseId": "617936", "scryfallId": "a51763ac-45d9-49b1-8aff-a64e1af7319c"}, "language": "Italian", "multiverseId": 617936, "name": "Meneldor, Salvatore Repentino", "text": "Volare\nOgniqualvolta Meneldor, Salvatore Repentino infligge danno da combattimento a un giocatore, esilia fino a una creatura bersaglio che possiedi, poi rimettila sul campo di battaglia sotto il tuo controllo.", "type": "Creatura Leggendaria — Soldato Uccello"}, {"flavorText": "「ならば来い！我らはナズグルの足より早く、疾風の如く駆けなければならない！」\n――ガンダルフ", "identifiers": {"multiverseId": "618197", "scryfallId": "95e7d6f6-40ac-41b4-b8a1-425164fbb6c2"}, "language": "Japanese", "multiverseId": 618197, "name": "救いの疾翼、メネルドール", "text": "飛行\n救いの疾翼、メネルドールがプレイヤー１人に戦闘ダメージを与えるたび、あなたがオーナーであるクリーチャー最大１体を対象とする。それを追放する。その後、それをあなたのコントロール下で戦場に戻す。", "type": "伝説のクリーチャー — 鳥・兵士"}, {"flavorText": "\"Então venham! Precisamos de velocidade maior que a de qualquer vento, superior às asas dos Nazgûl.\"\n— Gandalf", "identifiers": {"multiverseId": "618458", "scryfallId": "31b199ee-0cd7-4f81-966d-2e51cce15b1e"}, "language": "Portuguese (Brazil)", "multiverseId": 618458, "name": "Meneldor, Salvador Célere", "text": "Voar\nToda vez que Meneldor, Salvador Célere, causar dano de combate a um jogador, exile até uma criatura alvo que você possui e depois devolva-a ao campo de batalha sob seu controle.", "type": "Criatura Lendária — Ave Soldado"}, {"flavorText": "「那就来吧！我们需要的速度得快过疾风，能超过那兹古尔的双翼。」\n～甘道夫", "identifiers": {"multiverseId": "618719", "scryfallId": "b912b90d-fc11-49af-9dde-c545ff1a9197"}, "language": "Chinese Simplified", "multiverseId": 618719, "name": "迅捷救星美尼尔多", "text": "飞行\n每当迅捷救星美尼尔多对任一牌手造成战斗伤害时，放逐至多一个目标由你拥有的生物，然后将它在你的操控下移回战场。", "type": "传奇生物 ～鸟／士兵"}], "frameEffects": ["legendary"], "frameVersion": "2015", "hasFoil": true, "hasNonFoil": true, "identifiers": {"cardsphereId": "104074", "mcmId": "716268", "mcmMetaId": "420184", "mtgArenaId": "84754", "mtgjsonV4Id": "f59b7525-1a8e-52b1-b406-602bb1d77e5a", "mtgoId": "112034", "multiverseId": "616892", "scryfallCardBackId": "0aeebaf5-8c7d-4636-9e82-8c27447861f7", "scryfallId": "62d2ee20-abbc-4a9d-8d30-4223242123e8", "scryfallIllustrationId": "f531a405-f462-4472-95b5-1421e39ccaa1", "scryfallOracleId": "ef9a5bd1-6ce2-4570-9d42-89d997e2fc6f", "tcgplayerProductId": "498690"}, "isFoil": false, "keywords": ["Flying"], "language": "English", "layout": "normal", "leadershipSkills": {"brawl": false, "commander": true, "oathbreaker": false}, "legalities": {"brawl": "Legal", "commander": "Legal", "duel": "Legal", "gladiator": "Legal", "historic": "Legal", "legacy": "Legal", "modern": "Legal", "oathbreaker": "Legal", "paupercommander": "Restricted", "timeless": "Legal", "vintage": "Legal"}, "manaCost": "{3}{U}", "manaValue": 4.0, "name": "Meneldor, Swift Savior", "number": "62", "originalText": "Flying\nWhenever Meneldor, Swift Savior deals combat damage to a player, exile up to one target creature you own, then return it to the battlefield under your control.", "originalType": "Legendary Creature — Bird Soldier", "power": "3", "printings": ["LTR"], "purchaseUrls": {"cardmarket": "https://mtgjson.com/links/1a6e8eca796bc6d6", "tcgplayer": "https://mtgjson.com/links/9ad20ac3a1f54800"}, "rarity": "uncommon", "rulings": [{"date": "2023-06-16", "text": "If a token is exiled this way, it will cease to exist and won't return to the battlefield."}, {"date": "2023-06-16", "text": "Meneldor's second ability can target any permanent you own, including those another player controls."}, {"date": "2023-06-16", "text": "Once the exiled permanent returns, it's considered a new object with no relation to the object that it was. Auras attached to the exiled permanent will be put into their owners' graveyards. Equipment attached to the exiled permanent will become unattached and remain on the battlefield. Any counters on the exiled permanent will cease to exist."}], "securityStamp": "triangle", "setCode": "LTR", "sourceProducts": {"foil": ["266de9f8-de20-5d45-a4be-842de7a5a82d", "331d181e-ccef-5814-bf27-347a9c57a92e", "ef7a3983-cd6e-5ff3-b85c-bc67ae1edf5c"], "nonfoil": ["331d181e-ccef-5814-bf27-347a9c57a92e", "3e7d92ad-a920-5860-a95d-ae306b06b5de", "ef7a3983-cd6e-5ff3-b85c-bc67ae1edf5c", "f63def18-5714-59e7-a761-4f5b65f035fa"]}, "subtypes": ["Bird", "Soldier"], "supertypes": ["Legendary"], "text": "Flying\nWhenever Meneldor, Swift Savior deals combat damage to a player, exile up to one target creature you own, then return it to the battlefield under your control.", "toughness": "3", "type": "Legendary Creature — Bird Soldier", "types": ["Creature"], "uuid": "1fe36d78-8060-5a7e-8fc9-3bdd9cf4e2b4", "variations": ["e5a06f5c-24bc-52f7-81fe-a858b0504e0e"]}, {"artist": "Kasia 'Kafis' Zielińska", "artistIds": ["a662cb71-4770-4b49-8b03-2cf8497049a7"], "availability": ["arena", "mtgo", "paper"], "boosterTypes": ["default"], "borderColor": "black", "colorIdentity": ["U"], "colors": ["U"], "convertedManaCost": 5.0, "count": 1, "edhrecRank": 12324, "edhrecSaltiness": 0.14, "finishes": ["nonfoil", "foil"], "flavorText": "The black horses were filled with madness, and leaping forward in terror they bore their riders into the rushing flood.", "foreignData": [{"flavorText": "Die schwarzen Rösser wurden von Wahnsinn ergriffen und sie sprangen mit ihren Reiter vorwärts in die reißenden Fluten.", "identifiers": {"multiverseId": "617146", "scryfallId": "a8c3170b-f8ff-4774-a892-230e504a857f"}, "language": "German", "multiverseId": 617146, "name": "Flut der Bruinenfurt", "text": "Bringe bis zu zwei Kreaturen deiner Wahl auf die Hand ihrer Besitzer zurück. Hellsicht 1. Der Ring führt dich in Versuchung.", "type": "Hexerei"}, {"flavorText": "Los caballos negros se volvieron locos y, dominados por el terror, saltaron hacia adelante y precipitaron a los jinetes a las aguas violentas.", "identifiers": {"multiverseId": "617407", "scryfallId": "31826692-a985-45bf-842e-bf07ece02e6b"}, "language": "Spanish", "multiverseId": 617407, "name": "Caballos del Bruinen", "text": "Regresa hasta dos criaturas objetivo a las manos de sus propietarios. Adivina 1. El Anillo te tienta.", "type": "Conjuro"}, {"flavorText": "Les chevaux noirs furent pris de folie, et précipités en avant par leur peur, ils entraînèrent leurs cavaliers dans les flots déchaînés.", "identifiers": {"multiverseId": "617668", "scryfallId": "f8dcd559-3c5b-407c-ae77-99f066d64ec4"}, "language": "French", "multiverseId": 617668, "name": "Chevaux de la Bruinen", "text": "Renvoyez jusqu'à deux créatures ciblées dans les mains de leurs propriétaires. Regard 1. L'Anneau vous tente.", "type": "Rituel"}, {"flavorText": "I cavalli neri furono colti dal terrore e, in preda alla follia, portarono i loro cavalieri dritti verso l'inondazione.", "identifiers": {"multiverseId": "617929", "scryfallId": "a926e375-9abd-4e30-be29-ebeece1bb661"}, "language": "Italian", "multiverseId": 617929, "name": "Cavalli del Bruinen", "text": "Fai tornare fino a due creature bersaglio in mano ai rispettivi proprietari. Profetizza 1. L'Anello ti tenta.", "type": "Stregoneria"}, {"flavorText": "黒き馬たちは狂気に囚われ、恐れのあまり、襲い来る洪水に騎手諸共飛び込んでいった。", "identifiers": {"multiverseId": "618190", "scryfallId": "a8c58254-150a-4bae-a060-0d0852ee65ea"}, "language": "Japanese", "multiverseId": 618190, "name": "ブルイネンの馬流し", "text": "クリーチャー最大２体を対象とする。それらをオーナーの手札に戻す。占術１を行う。指輪があなたを誘惑する。", "type": "ソーサリー"}, {"flavorText": "A loucura tomou os cavalos negros e, saltando adiante aterrorizados, eles carregaram seus cavaleiros para dentro da enxurrada.", "identifiers": {"multiverseId": "618451", "scryfallId": "e8a3b49c-684a-4590-a369-db86fbbf53d5"}, "language": "Portuguese (Brazil)", "multiverseId": 618451, "name": "Cavalos do Bruinen", "text": "Devolva até duas criaturas alvo para as mãos de seus donos. Vidência 1. O Anel tenta você.", "type": "Feitiço"}, {"flavorText": "那些黑马全都发狂起来，惊恐地大步前冲，纷纷载着骑手一头扎进滚滚洪流当中。", "identifiers": {"multiverseId": "618712", "scryfallId": "98a4f578-5f9c-4314-a999-682fa48b110f"}, "language": "Chinese Simplified", "multiverseId": 618712, "name": "布茹依能骏马", "text": "将至多两个目标生物移回其拥有者手上。占卜1。魔戒引诱你。", "type": "法术"}], "frameVersion": "2015", "hasFoil": true, "hasNonFoil": true, "identifiers": {"cardsphereId": "104152", "mcmId": "716267", "mcmMetaId": "420183", "mtgArenaId": "84747", "mtgjsonV4Id": "ad2ce682-d369-5306-ae14-129581f32c08", "mtgoId": "112020", "multiverseId": "616885", "scryfallCardBackId": "0aeebaf5-8c7d-4636-9e82-8c27447861f7", "scryfallId": "f7725dc2-2654-4ffb-b6b3-510ae64ec6af", "scryfallIllustrationId": "1139512b-b0de-467d-9022-221392d63fcc", "scryfallOracleId": "100d1c9e-15aa-4bab-9fb3-76c2cd6abc2f", "tcgplayerProductId": "499271"}, "isFoil": false, "keywords": ["Scry"], "language": "English", "layout": "normal", "legalities": {"brawl": "Legal", "commander": "Legal", "duel": "Legal", "gladiator": "Legal", "historic": "Legal", "legacy": "Legal", "modern": "Legal", "oathbreaker": "Legal", "timeless": "Legal", "vintage": "Legal"}, "manaCost": "{3}{U}{U}", "manaValue": 5.0, "name": "Horses of the Bruinen", "number": "55", "originalText": "Return up to two target creatures to their owners' hands. Scry 1. The Ring tempts you.", "originalType": "Sorcery", "printings": ["LTR"], "purchaseUrls": {"cardmarket": "https://mtgjson.com/links/0a200b4257c72201", "tcgplayer": "https://mtgjson.com/links/15b537bd88ff94c8"}, "rarity": "uncommon", "rulings": [{"date": "2023-06-16", "text": "As the Ring tempts you, you get an emblem named The Ring if you don't have one. Then your emblem gains its next ability and you choose a creature you control to become (or remain) your Ring-bearer."}, {"date": "2023-06-16", "text": "Each player can have only one emblem named The Ring and only one Ring-bearer at a time."}, {"date": "2023-06-16", "text": "Each time the Ring tempts you, you must choose a creature if you control one."}, {"date": "2023-06-16", "text": "If the creature you choose as your Ring-bearer was already your Ring-bearer, that still counts as choosing that creature as your Ring-bearer for the purpose of abilities that trigger \"whenever you choose a creature as your Ring-bearer\" or abilities that care about which creature was chosen as your Ring-bearer."}, {"date": "2023-06-16", "text": "Some spells and abilities that cause the Ring to tempt you may require targets. If each target chosen is an illegal target as that spell or ability tries to resolve, it won't resolve. The Ring won't tempt you."}, {"date": "2023-06-16", "text": "The Ring can tempt you even if you don't control a creature. In this case, abilities that trigger \"whenever the Ring tempts you\" will still trigger."}, {"date": "2023-06-16", "text": "The Ring gains its abilities in order from top to bottom. Once it gains an ability, it has that ability for the rest of the game."}], "securityStamp": "triangle", "setCode": "LTR", "sourceProducts": {"foil": ["266de9f8-de20-5d45-a4be-842de7a5a82d", "331d181e-ccef-5814-bf27-347a9c57a92e", "ef7a3983-cd6e-5ff3-b85c-bc67ae1edf5c"], "nonfoil": ["331d181e-ccef-5814-bf27-347a9c57a92e", "3e7d92ad-a920-5860-a95d-ae306b06b5de", "ef7a3983-cd6e-5ff3-b85c-bc67ae1edf5c", "f63def18-5714-59e7-a761-4f5b65f035fa"]}, "subtypes": [], "supertypes": [], "text": "Return up to two target creatures to their owners' hands. Scry 1. The Ring tempts you.", "type": "Sorcery", "types": ["Sorcery"], "uuid": "d110cfd7-0211-5f15-8b40-df17ffb582eb", "variations": ["9bc4c448-2fdd-53d3-b40f-9e30dd2962aa"]}, {"artist": "JB Casacop", "artistIds": ["d857cc2b-790d-4ab0-8884-ac3234d05806"], "availability": ["arena", "mtgo", "paper"], "boosterTypes": ["default"], "borderColor": "black", "colorIdentity": ["U"], "colors": ["U"], "convertedManaCost": 4.0, "count": 1, "edhrecRank": 4347, "edhrecSaltiness": 0.47, "finishes": ["nonfoil", "foil"], "foreignData": [{"identifiers": {"multiverseId": "617131", "scryfallId": "b69a769d-1cb4-4f2f-af41-6d9a104cf7ad"}, "language": "German", "multiverseId": 617131, "name": "Das Badelied", "text": "(Je eine Sagenmarke beim Ins-Spiel-Kommen und nach deinem Ziehsegment. Opfern nach III.)\nI, II — Ziehe zwei Karten und wirf dann eine Karte ab.\nIII — Mische eine beliebige Anzahl an Karten deiner Wahl aus deinem Friedhof in deine Bibliothek. Erzeuge {U}{U}.", "type": "Verzauberung — Sage"}, {"identifiers": {"multiverseId": "617392", "scryfallId": "55c9fe1c-db83-4164-98d5-d67e95c45ee6"}, "language": "Spanish", "multiverseId": 617392, "name": "La canción de baño", "text": "(En cuanto esta Saga entre y después de tu paso de robar, agrega un contador de sabiduría. Sacrifícala después de III.)\nI, II — Roba dos cartas, luego descarta una carta.\nIII — Baraja cualquier cantidad de cartas objetivo de tu cementerio en tu biblioteca. Agrega {U}{U}.", "type": "Encantamiento — Saga"}, {"identifiers": {"multiverseId": "617653", "scryfallId": "35a10521-e8bb-4d2b-9921-ff79095d458a"}, "language": "French", "multiverseId": 617653, "name": "La chanson de bain", "text": "(Au moment où cette saga arrive sur le champ de bataille et après votre étape de pioche, ajoutez un marqueur « sapience ». Sacrifiez après III.)\nI, II — Piochez deux cartes, puis défaussez-vous d'une carte.\nIII — Mélangez n'importe quel nombre de cartes ciblées depuis votre cimetière dans votre bibliothèque. Ajoutez {U}{U}.", "type": "Enchantement : saga"}, {"identifiers": {"multiverseId": "617914", "scryfallId": "c2703f10-ec17-4350-b3c6-f2ba50dfb2dd"}, "language": "Italian", "multiverseId": 617914, "name": "La Canzone del Bagno", "text": "(Mentre questa Saga entra e dopo la tua sottofase di acquisizione, aggiungi un segnalino sapere. Sacrifica dopo III.)\nI, II — Pesca due carte, poi scarta una carta.\nIII — Rimescola nel tuo grimorio un qualsiasi numero di carte bersaglio dal tuo cimitero. Aggiungi {U}{U}.", "type": "Incantesimo — Saga"}, {"identifiers": {"multiverseId": "618175", "scryfallId": "cb779120-ce14-4630-ba32-28ecfda079f1"}, "language": "Japanese", "multiverseId": 618175, "name": "湯浴み歌", "text": "（この英雄譚が出た際とあなたのドロー・ステップの後に、伝承カウンター１個を加える。IIIの後に、生け贄に捧げる。）\nI, II — カード２枚を引く。その後、カード１枚を捨てる。\nIII — あなたの墓地にある望む枚数のカードを対象とする。それらをあなたのライブラリーに加えて切り直す。{U}{U}を加える。", "type": "エンチャント — 英雄譚"}, {"identifiers": {"multiverseId": "618436", "scryfallId": "88dc0ac7-8aec-4496-a4d7-8b6b0ad0efa5"}, "language": "Portuguese (Brazil)", "multiverseId": 618436, "name": "A Canção do Banho", "text": "(Conforme esta Saga entra e após sua etapa de compra, adicione um marcador de conhecimento. Sacrifique-a após III.)\nI, II — Compre dois cards e depois descarte um card.\nIII — Embaralhe qualquer número de cards alvo de seu cemitério em seu grimório. Adicione {U}{U}.", "type": "Encantamento — Saga"}, {"identifiers": {"multiverseId": "618697", "scryfallId": "5b0cff00-788d-425f-8a3c-3effaa9ee539"}, "language": "Chinese Simplified", "multiverseId": 618697, "name": "洗澡歌", "text": "（于此传纪进战场时及于你抓牌步骤后，加一个学问指示物。到III后牺牲之。）\nI, II — 抓两张牌，然后弃一张牌。\nIII — 将任意数量的目标牌从你的坟墓场洗入你的牌库。加{U}{U}。", "type": "结界 ～传纪"}], "frameVersion": "2015", "hasFoil": true, "hasNonFoil": true, "identifiers": {"cardsphereId": "104069", "mcmId": "716138", "mcmMetaId": "420136", "mtgArenaId": "84732", "mtgjsonV4Id": "18abb65d-0634-5248-b6a8-4d7613ab0206", "mtgoId": "111990", "multiverseId": "616870", "scryfallCardBackId": "0aeebaf5-8c7d-4636-9e82-8c27447861f7", "scryfallId": "fb11c04f-6f17-4da4-bbf6-0bd09de6e544", "scryfallIllustrationId": "1986dd9e-903e-433b-9e24-2f267d0fd3a5", "scryfallOracleId": "bc475376-54eb-4846-9cfc-5fa2e7908905", "tcgplayerProductId": "498822"}, "isFoil": false, "language": "English", "layout": "saga", "legalities": {"brawl": "Legal", "commander": "Legal", "duel": "Legal", "gladiator": "Legal", "historic": "Legal", "legacy": "Legal", "modern": "Legal", "oathbreaker": "Legal", "timeless": "Legal", "vintage": "Legal"}, "manaCost": "{3}{U}", "manaValue": 4.0, "name": "The Bath Song", "number": "40", "originalText": "(As this Saga enters and after your draw step, add a lore counter. Sacrifice after III.)\nI, II — Draw two cards, then discard a card.\nIII — Shuffle any number of target cards from your graveyard into your library. Add {U}{U}.", "originalType": "Enchantment — Saga", "printings": ["LTR"], "purchaseUrls": {"cardmarket": "https://mtgjson.com/links/3cf0040e227d8ffd", "tcgplayer": "https://mtgjson.com/links/ab323f5b39be16f0"}, "rarity": "uncommon", "rulings": [{"date": "2023-06-16", "text": "The Bath Song's final chapter ability is not a mana ability. It uses the stack and can be responded to."}, {"date": "2023-06-16", "text": "You can choose no targets for The Bath Song's final chapter ability just to add {U}{U}. However, if you do choose targets, and all of those targets are illegal at the time the ability tries to resolve, the ability won't resolve and none of its effects will happen. You won't add {U}{U}."}], "securityStamp": "triangle", "setCode": "LTR", "sourceProducts": {"foil": ["266de9f8-de20-5d45-a4be-842de7a5a82d", "331d181e-ccef-5814-bf27-347a9c57a92e", "ef7a3983-cd6e-5ff3-b85c-bc67ae1edf5c"], "nonfoil": ["331d181e-ccef-5814-bf27-347a9c57a92e", "3e7d92ad-a920-5860-a95d-ae306b06b5de", "ef7a3983-cd6e-5ff3-b85c-bc67ae1edf5c"]}, "subtypes": ["Saga"], "supertypes": [], "text": "(As this Saga enters and after your draw step, add a lore counter. Sacrifice after III.)\nI, II — Draw two cards, then discard a card.\nIII — Shuffle any number of target cards from your graveyard into your library. Add {U}{U}.", "type": "Enchantment — Saga", "types": ["Enchantment"], "uuid": "bbd3058f-54d5-5235-a579-a406aa8a6e64", "variations": ["5bfe2edf-4369-5677-b150-48c9e5788083"]}, {"artist": "Tomáš Honz", "artistIds": ["b00454a0-1b04-4f2f-9f63-1ce17aee0210"], "availability": ["arena", "mtgo", "paper"], "boosterTypes": ["default"], "borderColor": "black", "colorIdentity": ["U"], "colors": [], "convertedManaCost": 0.0, "count": 8, "edhrecSaltiness": 0.76, "finishes": ["nonfoil", "foil"], "foreignData": [{"identifiers": {"multiverseId": "619011", "scryfallId": "dae1d3e2-8429-4fe9-b1ff-e5ca23dd41da"}, "language": "German", "multiverseId": 619011, "name": "Insel", "type": "Standardland — Insel"}, {"identifiers": {"multiverseId": "619021", "scryfallId": "ba875684-188a-4859-9529-660c6b4babd6"}, "language": "Spanish", "multiverseId": 619021, "name": "Isla", "type": "Tierra básica — Isla"}, {"identifiers": {"multiverseId": "619031", "scryfallId": "45da1306-33b0-4ecd-99d6-59dfc8565eb8"}, "language": "French", "multiverseId": 619031, "name": "Île", "type": "Terrain de base : île"}, {"identifiers": {"multiverseId": "619041", "scryfallId": "168509fa-28b9-4d84-8b8c-8875f8401e5e"}, "language": "Italian", "multiverseId": 619041, "name": "Isola", "type": "Terra Base — Isola"}, {"identifiers": {"multiverseId": "619051", "scryfallId": "4addc7da-f099-4077-ace7-a36160967395"}, "language": "Japanese", "multiverseId": 619051, "name": "島", "type": "基本土地 — 島"}, {"identifiers": {"multiverseId": "619061", "scryfallId": "e4fe67be-57f1-45f4-949e-0f1eba20550b"}, "language": "Portuguese (Brazil)", "multiverseId": 619061, "name": "Ilha", "type": "Terreno Básico — Ilha"}, {"identifiers": {"multiverseId": "619071", "scryfallId": "70d14028-9912-4c1a-bd04-bea1844f9d8f"}, "language": "Chinese Simplified", "multiverseId": 619071, "name": "海岛", "type": "基本地 ～海岛"}], "frameVersion": "2015", "hasFoil": true, "hasNonFoil": true, "identifiers": {"cardsphereId": "103888", "mcmId": "715974", "mtgArenaId": "87579", "mtgjsonV4Id": "518682f5-c484-5b92-92d9-ef63bf2bc4e3", "mtgoId": "112438", "multiverseId": "619001", "scryfallCardBackId": "0aeebaf5-8c7d-4636-9e82-8c27447861f7", "scryfallId": "bbeca27a-6c5b-40b9-83a4-a3a2096ff6f8", "scryfallIllustrationId": "858ead33-fb11-4224-a6fa-4b5158fd814c", "scryfallOracleId": "b2c6aa39-2d2a-459c-a555-fb48ba993373", "tcgplayerProductId": "498402"}, "isFoil": false, "isReprint": true, "language": "English", "layout": "normal", "legalities": {"alchemy": "Legal", "brawl": "Legal", "commander": "Legal", "duel": "Legal", "explorer": "Legal", "future": "Legal", "gladiator": "Legal", "historic": "Legal", "legacy": "Legal", "modern": "Legal", "oathbreaker": "Legal", "pauper": "Legal", "paupercommander": "Legal", "penny": "Legal", "pioneer": "Legal", "predh": "Legal", "premodern": "Legal", "standard": "Legal", "standardbrawl": "Legal", "timeless": "Legal", "vintage": "Legal"}, "manaValue": 0.0, "name": "Island", "number": "264", "originalType": "Basic Land — Island", "printings": ["10E", "2ED", "2XM", "30A", "3ED", "40K", "4BB", "4ED", "5ED", "6ED", "7ED", "8ED", "9ED", "ACR", "AFR", "AKH", "AKR", "ALA", "ANA", "ANB", "ARC", "AVR", "BBD", "BFZ", "BLB", "BRB", "BRC", "BRO", "BTD", "C13", "C14", "C15", "C16", "C17", "C18", "C19", "CED", "CEI", "CHK", "CLB", "CLU", "CM2", "CMA", "CMD", "CMM", "CMR", "CST", "DD2", "DDE", "DDF", "DDH", "DDI", "DDJ", "DDM", "DDN", "DDO", "DDQ", "DDS", "DDT", "DDU", "DMR", "DMU", "DOM", "DPA", "DSK", "DTK", "E01", "ELD", "FBB", "FRF", "G17", "GK1", "GK2", "GN2", "GN3", "GNT", "GRN", "GS1", "H09", "HBG", "HOP", "HOU", "ICE", "IKO", "INV", "ISD", "ITP", "J14", "J22", "JMP", "JVC", "KHM", "KLD", "KLR", "KTK", "LCI", "LEA", "LEB", "LRW", "LTR", "M10", "M11", "M12", "M13", "M14", "M15", "M19", "M20", "M21", "MBS", "ME1", "ME3", "MH2", "MH3", "MID", "MIR", "MKM", "MMQ", "MOM", "MRD", "NEO", "NPH", "ODY", "OLEP", "ONE", "ONS", "ORI", "OTJ", "P02", "P23", "PAL00", "PAL01", "PAL02", "PAL03", "PAL04", "PAL05", "PAL06", "PAL99", "PALP", "PANA", "PARL", "PC2", "PCA", "PELP", "PF19", "PF20", "PGPX", "PGRU", "PIP", "PLST", "PMPS", "PMPS06", "PMPS07", "PMPS08", "PMPS09", "PMPS10", "PMPS11", "POR", "PPP1", "PRM", "PRW2", "PRWK", "PS11", "PSAL", "PSS2", "PSS3", "PSS4", "PTC", "PTK", "PZ2", "RAV", "REX", "RIX", "RNA", "ROE", "RQS", "RTR", "S99", "SCD", "SHM", "SIR", "SLD", "SNC", "SOI", "SOM", "STX", "SUM", "TD0", "TD2", "THB", "THS", "TMP", "TPR", "TSP", "UGL", "UND", "UNF", "UNH", "USG", "UST", "VOW", "WAR", "WC00", "WC01", "WC02", "WC03", "WC04", "WC97", "WC98", "WHO", "WOE", "XANA", "XLN", "ZEN", "ZNR"], "purchaseUrls": {"tcgplayer": "https://mtgjson.com/links/dd1fa1162f516285"}, "rarity": "common", "securityStamp": "triangle", "setCode": "LTR", "sourceProducts": {"foil": ["331d181e-ccef-5814-bf27-347a9c57a92e", "ef7a3983-cd6e-5ff3-b85c-bc67ae1edf5c"], "nonfoil": ["22f10856-fc04-54e9-91cc-8532179378e1", "331d181e-ccef-5814-bf27-347a9c57a92e", "3e7d92ad-a920-5860-a95d-ae306b06b5de", "d1e69561-3966-5900-aa5c-0bb7209d5f79", "dad99af2-08f8-516e-88b6-59962c77a5de", "ef7a3983-cd6e-5ff3-b85c-bc67ae1edf5c", "f63def18-5714-59e7-a761-4f5b65f035fa"]}, "subtypes": ["Island"], "supertypes": ["Basic"], "text": "({T}: Add {U}.)", "type": "Basic Land — Island", "types": ["Land"], "uuid": "58915ced-ae13-5ffa-9034-73c7ffeab8af", "variations": ["5a126d7d-7224-5ffd-b748-127fe7ba6143", "fd4ad7c0-5271-5da6-8b87-a9b6c8fc8ed7", "dfc1cadb-f399-5273-a613-f2eda5a44e0e", "87471dc2-2b70-58ca-8226-d1a8cb56ce9f", "7c6127cf-3479-5c34-963c-d15491dfdc86"]}], "name": "Cunning 1", "releaseDate": "2023-11-03", "sealedProductUuids": null, "sideBoard": [], "type": "Jumpstart"}}