{"meta": {"date": "2024-09-03", "version": "5.2.2+20240903"}, "data": {"code": "7ED", "commander": [], "mainBoard": [{"artist": "Heather Hudson", "artistIds": ["4441fe52-9e41-40c1-9b74-8510426279ab"], "availability": ["mtgo", "paper"], "boosterTypes": ["default"], "borderColor": "white", "colorIdentity": ["B"], "colors": ["B"], "convertedManaCost": 1.0, "count": 2, "edhrecRank": 2739, "edhrecSaltiness": 0.13, "finishes": ["nonfoil"], "flavorText": "No thrull has ever been burdened with a long life.", "foreignData": [{"flavorText": "Kein Thrull wurde je mit einem zu langen Leben belastet.", "identifiers": {"multiverseId": "182761", "scryfallId": "ed9161a8-98a7-44a6-acc1-3041a33c0334"}, "language": "German", "multiverseId": 182761, "name": "Blutiges Schoßtier", "text": "Opfere das blutige Schoßtier: Erhöhe deinen Manavorat um {B}.", "type": "Kreatur — Thrull"}, {"identifiers": {"scryfallId": "3eaa8920-1a74-4073-9253-2f2f4fc65852"}, "language": "Spanish", "name": "Mascota de sangre"}, {"flavorText": "Aucun srâne n'a jamais connu les affres de la vieillesse.", "identifiers": {"multiverseId": "184177", "scryfallId": "f057175b-40cd-49cb-9489-f9e1c4d513d9"}, "language": "French", "multiverseId": 184177, "name": "Animalcule de sang", "text": "Sacrifiez l'Animalcule de sang : Ajoutez {B} à votre réserve.", "type": "Créature : srâne"}, {"identifiers": {"scryfallId": "2f1a3c60-1d08-46bc-8d95-7e96d7c8cebc"}, "language": "Japanese", "name": "ブラッド・ペット"}, {"identifiers": {"scryfallId": "cc97b272-1b76-4a9b-b33a-20f1778cad34"}, "language": "Portuguese (Brazil)", "name": "Mascote de Sangue"}], "frameVersion": "1997", "hasFoil": false, "hasNonFoil": true, "identifiers": {"cardsphereFoilId": "2001", "cardsphereId": "2002", "mcmId": "2883", "mcmMetaId": "602", "mtgjsonV4Id": "e51d2653-d4af-5aab-a86b-1d4412457438", "mtgoFoilId": "15387", "mtgoId": "15386", "multiverseId": "25625", "scryfallCardBackId": "0aeebaf5-8c7d-4636-9e82-8c27447861f7", "scryfallId": "9ff08225-82a5-4636-be6a-d38d32f5663f", "scryfallIllustrationId": "270a2e56-d3dc-4d94-a271-a6f725b460c0", "scryfallOracleId": "e05c6c80-a91a-45e0-b991-0014fd5a6472", "tcgplayerProductId": "2835"}, "isFoil": false, "isReprint": true, "language": "English", "layout": "normal", "legalities": {"commander": "Legal", "duel": "Legal", "legacy": "Legal", "oathbreaker": "Legal", "pauper": "Legal", "paupercommander": "Legal", "predh": "Legal", "premodern": "Legal", "vintage": "Legal"}, "manaCost": "{B}", "manaValue": 1.0, "name": "Blood Pet", "number": "121", "originalText": "Sacrifice Blood Pet: Add o\nB to your mana pool.", "originalType": "Creature - Thrull", "power": "1", "printings": ["6ED", "7ED", "PLST", "TMP"], "purchaseUrls": {"cardmarket": "https://mtgjson.com/links/30b03a98ea91ba59", "tcgplayer": "https://mtgjson.com/links/9120425c8313e226"}, "rarity": "common", "rulings": [{"date": "2009-10-01", "text": "Because combat damage resolves immediately after it is assigned, you cannot sacrifice Blood Pet in between assigning and dealing combat damage. The last chance you have to sacrifice it before combat damage is dealt is during the Declare Blockers step."}], "setCode": "7ED", "sourceProducts": {"nonfoil": ["338f1f46-3973-5b8b-aafa-ddc9f478609f", "d2b19029-4765-5278-bf02-8f1ceb960b23"]}, "subtypes": ["Thrull"], "supertypes": [], "text": "Sacrifice Blood Pet: Add {B}.", "toughness": "1", "type": "Creature — Thrull", "types": ["Creature"], "uuid": "1499dea2-3264-58cb-ad23-d00fcdb114cc", "variations": ["fa904eaa-a772-518e-9131-0a39057de427"]}, {"artist": "Carl Critchlow", "artistIds": ["17948f16-611a-44b8-8d10-9895a0bdfff1"], "availability": ["mtgo", "paper"], "boosterTypes": ["default"], "borderColor": "white", "colorIdentity": ["B"], "colors": ["B"], "convertedManaCost": 2.0, "count": 1, "edhrecRank": 23838, "finishes": ["nonfoil"], "flavorText": "Think of it as a butcher knife with wings.", "foreignData": [{"flavorText": "Stell' sie dir als Fleischermesser mit Flügeln vor.", "identifiers": {"multiverseId": "182762", "scryfallId": "f2b522d6-3c26-4bff-8199-a10f2f788baf"}, "language": "German", "multiverseId": 182762, "name": "Torfbold", "text": "Fliegend", "type": "Kreatur — Bold"}, {"identifiers": {"scryfallId": "40f2b3a4-150a-4e02-92a4-ad1aa682391e"}, "language": "Spanish", "name": "Diablillo del pantano"}, {"flavorText": "Un couteau de boucher avec des ailes.", "identifiers": {"multiverseId": "184178", "scryfallId": "93b8024d-f8b8-478c-9808-6f36ca7ba5a1"}, "language": "French", "multiverseId": 184178, "name": "Diablotin des marécages", "text": "Vol", "type": "Créature : diablotin"}, {"identifiers": {"scryfallId": "e740f423-24f0-4b43-a946-e38a3f23c324"}, "language": "Japanese", "name": "沼インプ"}, {"identifiers": {"scryfallId": "e203f42b-78b0-4ef9-b25b-e256255827ef"}, "language": "Portuguese (Brazil)", "name": "Diabrete do Pântano"}], "frameVersion": "1997", "hasFoil": false, "hasNonFoil": true, "identifiers": {"cardsphereFoilId": "2005", "cardsphereId": "2006", "mcmId": "2884", "mcmMetaId": "629", "mtgjsonV4Id": "80cb4690-1917-5824-b012-572439c5f3c5", "mtgoFoilId": "15391", "mtgoId": "15390", "multiverseId": "11179", "scryfallCardBackId": "0aeebaf5-8c7d-4636-9e82-8c27447861f7", "scryfallId": "7f1e2c65-d2b0-4bf7-b302-d755e9259ce2", "scryfallIllustrationId": "88fd2b32-0aff-4c9a-a8aa-6386aa4f1690", "scryfallOracleId": "45b94e3c-a905-435b-aee5-bec9239fd24c", "tcgplayerProductId": "2837"}, "isFoil": false, "isReprint": true, "keywords": ["Flying"], "language": "English", "layout": "normal", "legalities": {"commander": "Legal", "duel": "Legal", "legacy": "Legal", "modern": "Legal", "oathbreaker": "Legal", "pauper": "Legal", "paupercommander": "Legal", "penny": "Legal", "predh": "Legal", "premodern": "Legal", "vintage": "Legal"}, "manaCost": "{1}{B}", "manaValue": 2.0, "name": "Bog Imp", "number": "122", "originalText": "Flying", "originalType": "Creature - Imp", "power": "1", "printings": ["4BB", "4ED", "5ED", "6ED", "7ED", "8ED", "9ED", "DRK", "ITP", "POR", "REN", "RQS", "S99"], "purchaseUrls": {"cardmarket": "https://mtgjson.com/links/eaae352ea42908b0", "tcgplayer": "https://mtgjson.com/links/3faa61e7536c7226"}, "rarity": "common", "setCode": "7ED", "sourceProducts": {"nonfoil": ["338f1f46-3973-5b8b-aafa-ddc9f478609f", "d2b19029-4765-5278-bf02-8f1ceb960b23"]}, "subtypes": ["Imp"], "supertypes": [], "text": "Flying (This creature can't be blocked except by creatures with flying or reach.)", "toughness": "1", "type": "Creature — Imp", "types": ["Creature"], "uuid": "75bd9baa-a7ee-53d7-8d80-cb25585e9b87", "variations": ["cc473b5f-25db-53c3-9061-b3dc48ff1bf5"]}, {"artist": "Jim Nelson", "artistIds": ["aa9f64d1-29e1-4c82-877e-44c18183f40b"], "availability": ["mtgo", "paper"], "boosterTypes": ["default"], "borderColor": "white", "colorIdentity": ["B"], "colors": ["B"], "convertedManaCost": 2.0, "count": 2, "edhrecRank": 14996, "edhrecSaltiness": 0.53, "finishes": ["nonfoil"], "flavorText": "\"The dead make good soldiers. They can't disobey orders, they never surrender, and they don't stop fighting when a random body part falls off.\"\n—Nevinyrral,\n*Necromancer's Handbook*", "foreignData": [{"flavorText": "„Die Toten geben gute Soldaten ab. Sie können keine Befehle verweigern, sie geben nie auf, und sie hören nicht auf zu kämpfen, wenn mal ein Körperteil abgeschlagen wird.\" —Nevinyrral, Handbuch für Zauberer", "identifiers": {"multiverseId": "182770", "scryfallId": "7bb76557-051e-4fa0-982e-4bfaaf8db1cf"}, "language": "German", "multiverseId": 182770, "name": "Heer der geplagten Skelette", "text": "{B}: Regeneriere das Heer der geplagten Skelette.", "type": "Kreatur — Skelett"}, {"identifiers": {"scryfallId": "894679df-5f58-4d56-b42e-67c121eddd56"}, "language": "Spanish", "name": "Esqueletos esclavos"}, {"flavorText": "« Les morts font de bons soldats. Ils ne peuvent désobéir, ils ne se rendent pas, et ils ne cessent pas le combat quand un morceau de leur corps vient à tomber. » —Nevinyrral, Le manuel du nécromancien.", "identifiers": {"multiverseId": "184186", "scryfallId": "ad01de19-68d9-41e5-83f2-94642cb5a0f9"}, "language": "French", "multiverseId": 184186, "name": "Squelettes serviles", "text": "{B}: Régénérez ces Squelettes serviles.", "type": "Créature : squelette"}, {"identifiers": {"scryfallId": "10881d75-351c-4ce3-8225-7c09d681fe63"}, "language": "Japanese", "name": "蠢く骸骨"}, {"identifiers": {"scryfallId": "35382ecf-4722-4761-9ad4-766769f35709"}, "language": "Portuguese (Brazil)", "name": "Esqueletos de Carga"}], "frameVersion": "1997", "hasFoil": false, "hasNonFoil": true, "identifiers": {"cardsphereFoilId": "2085", "cardsphereId": "2086", "mcmId": "2892", "mcmMetaId": "1631", "mtgjsonV4Id": "5f5f1036-d829-5052-b002-d0453e04b632", "mtgoFoilId": "15475", "mtgoId": "15474", "multiverseId": "11246", "scryfallCardBackId": "0aeebaf5-8c7d-4636-9e82-8c27447861f7", "scryfallId": "be76e8d0-70d3-4fc7-9320-e78ad93bd362", "scryfallIllustrationId": "3e2ce229-eced-4197-9642-9f0c4f83bbc3", "scryfallOracleId": "c180ed02-07f4-4538-9bea-8c249234a8e2", "tcgplayerProductId": "2877"}, "isFoil": false, "isReprint": true, "language": "English", "layout": "normal", "legalities": {"commander": "Legal", "duel": "Legal", "legacy": "Legal", "modern": "Legal", "oathbreaker": "Legal", "pauper": "Legal", "paupercommander": "Legal", "penny": "Legal", "predh": "Legal", "premodern": "Legal", "vintage": "Legal"}, "manaCost": "{1}{B}", "manaValue": 2.0, "name": "Drudge Skeletons", "number": "130", "originalText": "oo\nB Regenerate Drudge Skeletons.", "originalType": "Creature - Skeleton", "power": "1", "printings": ["10E", "2ED", "30A", "3ED", "4BB", "4ED", "5ED", "6ED", "7ED", "8ED", "9ED", "CED", "CEI", "DDD", "DPA", "FBB", "GVL", "LEA", "LEB", "M10", "PS11", "SUM"], "purchaseUrls": {"cardmarket": "https://mtgjson.com/links/7eb39414e9d12599", "tcgplayer": "https://mtgjson.com/links/7846e4b3f9539c94"}, "rarity": "common", "setCode": "7ED", "sourceProducts": {"nonfoil": ["338f1f46-3973-5b8b-aafa-ddc9f478609f", "d2b19029-4765-5278-bf02-8f1ceb960b23"]}, "subtypes": ["Skeleton"], "supertypes": [], "text": "{B}: Regenerate Drudge Skeletons. (The next time this creature would be destroyed this turn, it isn't. Instead tap it, remove all damage from it, and remove it from combat.)", "toughness": "1", "type": "Creature — Skeleton", "types": ["Creature"], "uuid": "5f8d6987-1f00-567b-8b91-fde23bc8b89a", "variations": ["73449d07-4a1e-5e0c-ae9c-18116a7a85ae", "800ee05c-a08c-52c7-b539-c742285c26fb", "c0faaa3b-ab51-5593-a1da-d99f612b52cf"]}, {"artist": "Kev Walker", "artistIds": ["f366a0ee-a0cd-466d-ba6a-90058c7a31a6"], "availability": ["mtgo", "paper"], "boosterTypes": ["default"], "borderColor": "white", "colorIdentity": ["B"], "colors": ["B"], "convertedManaCost": 2.0, "count": 1, "edhrecRank": 25423, "finishes": ["nonfoil"], "flavorText": "The villagers call it \"winged stench.\"", "foreignData": [{"flavorText": "Die Dorfbewohner nennen ihn den „Gestank mit Flügeln\".", "identifiers": {"multiverseId": "182776", "scryfallId": "57d3bcf4-b0ce-4c66-a68b-c68d79a9e4e8"}, "language": "German", "multiverseId": 182776, "name": "Ekelbold", "text": "Fliegend\nDu verlierst 2 Lebenspunkte, wenn der Ekelbold ins Spiel kommt.", "type": "Kreatur — Bold"}, {"identifiers": {"scryfallId": "e44b2c12-51cf-437d-9b60-76422375ef56"}, "language": "Spanish", "name": "Diablillo pestilente"}, {"flavorText": "Dans les campagnes, on l'appelle la « pestilence ailée ».", "identifiers": {"multiverseId": "184192", "scryfallId": "caa5a336-b52c-4534-a59f-90058484baf0"}, "language": "French", "multiverseId": 184192, "name": "Diablotin flétri", "text": "Vol\nQuand le Diablotin flétri arrive en jeu, vous perdez 2 points de vie.", "type": "Créature : diablotin"}, {"identifiers": {"scryfallId": "b8c2ce7c-c32d-41ab-a2a7-de7bc5a92e31"}, "language": "Japanese", "name": "悪臭のインプ"}, {"identifiers": {"scryfallId": "551a55d3-b9eb-449f-ac2e-709e4f729374"}, "language": "Portuguese (Brazil)", "name": "Diabrete Abominável"}], "frameVersion": "1997", "hasFoil": false, "hasNonFoil": true, "identifiers": {"cardsphereFoilId": "2155", "cardsphereId": "2156", "mcmId": "2898", "mcmMetaId": "2197", "mtgjsonV4Id": "c1435844-7bb9-54df-8656-b782bc6247de", "mtgoFoilId": "15541", "mtgoId": "15540", "multiverseId": "25638", "scryfallCardBackId": "0aeebaf5-8c7d-4636-9e82-8c27447861f7", "scryfallId": "d6fed5a2-807c-45c0-8692-c9781bee2da9", "scryfallIllustrationId": "c7a286e9-1a70-4dcf-9eab-c1b48de5c60c", "scryfallOracleId": "25c04be3-f2e0-4f45-a1ca-9e75ffffa9b5", "tcgplayerProductId": "2912"}, "isFoil": false, "isReprint": true, "keywords": ["Flying"], "language": "English", "layout": "normal", "legalities": {"commander": "Legal", "duel": "Legal", "legacy": "Legal", "modern": "Legal", "oathbreaker": "Legal", "pauper": "Legal", "paupercommander": "Legal", "penny": "Legal", "predh": "Legal", "premodern": "Legal", "vintage": "Legal"}, "manaCost": "{B}{B}", "manaValue": 2.0, "name": "Foul Imp", "number": "136", "originalText": "Flying\nWhen Foul Imp comes into play, you lose 2 life.", "originalType": "Creature - Imp", "power": "2", "printings": ["7ED", "9ED", "DDC", "DDR", "DVD", "STH"], "purchaseUrls": {"cardmarket": "https://mtgjson.com/links/ba6448f1fb1d211b", "tcgplayer": "https://mtgjson.com/links/fb09457bface29ba"}, "rarity": "uncommon", "rulings": [{"date": "2004-10-04", "text": "You can cast this if you have less than 2 life, since the life is lost as an effect and not a payment."}], "setCode": "7ED", "sourceProducts": {"nonfoil": ["338f1f46-3973-5b8b-aafa-ddc9f478609f", "d2b19029-4765-5278-bf02-8f1ceb960b23"]}, "subtypes": ["Imp"], "supertypes": [], "text": "Flying\nWhen Foul Imp enters, you lose 2 life.", "toughness": "2", "type": "Creature — Imp", "types": ["Creature"], "uuid": "d2c6954d-8a23-556b-8fad-74848a4e2ff8", "variations": ["df90f6e7-c29a-5f84-a4c6-ddaec23a02e1"]}, {"artist": "Matt Cavotta", "artistIds": ["2e6a0611-9411-4ba4-98e3-c0e18cbf9f83"], "availability": ["mtgo", "paper"], "boosterTypes": ["default"], "borderColor": "white", "colorIdentity": ["B"], "colors": ["B"], "convertedManaCost": 3.0, "count": 1, "edhrecRank": 4398, "edhrecSaltiness": 0.33, "finishes": ["nonfoil"], "flavorText": "Beware anything born among the dead.\n—Tolarian saying", "foreignData": [{"flavorText": "Fürchte alles, was zwischen den Toten geboren wurde. —Tolarianisches Sprichwort", "identifiers": {"multiverseId": "182765", "scryfallId": "5dfa5e56-a49d-4952-8396-ba8967ff6f11"}, "language": "German", "multiverseId": 182765, "name": "Gruftratten", "text": "{X}: Gruftratten fügen jeder Kreatur und jedem Spieler X Schadenspunkte zu. Du kannst dabei nur schwarzes Mana ausgeben.", "type": "Kreatur — Ratte"}, {"identifiers": {"scryfallId": "90b2d1b1-6e36-4c3f-9f5e-8108aac0c468"}, "language": "Spanish", "name": "Ratas de cripta"}, {"flavorText": "Méfiez-vous de tout ce qui naît d'entre les morts. — Dicton tolarian.", "identifiers": {"multiverseId": "184181", "scryfallId": "48b173c7-b6bb-4070-b280-4af99c8fb178"}, "language": "French", "multiverseId": 184181, "name": "Rats des cryptes", "text": "{X}: Ces Rats des cryptes infligent X blessures à chaque créature et à chaque joueur. Ne dépensez que du mana noir de cette manière.", "type": "Créature : rat"}, {"identifiers": {"scryfallId": "13db8f12-a1e5-433f-951d-3419136c5369"}, "language": "Japanese", "name": "墓所のネズミ"}, {"identifiers": {"scryfallId": "e842515f-985e-47c9-9c70-e8bab4cf7369"}, "language": "Portuguese (Brazil)", "name": "Ratos da Cripta"}], "frameVersion": "1997", "hasFoil": false, "hasNonFoil": true, "identifiers": {"cardsphereFoilId": "2059", "cardsphereId": "2060", "mcmId": "2887", "mcmMetaId": "1232", "mtgjsonV4Id": "9109397b-8f64-555d-87b3-a1883dde57f7", "mtgoFoilId": "15447", "mtgoId": "15446", "multiverseId": "25637", "scryfallCardBackId": "0aeebaf5-8c7d-4636-9e82-8c27447861f7", "scryfallId": "f9b2f697-01cc-4610-b4aa-cae83b38647a", "scryfallIllustrationId": "72cead64-3c4d-41f6-9e3f-3cbd8bf0e5b3", "scryfallOracleId": "104095ed-55e3-408e-bf70-4fe06bb16d2f", "tcgplayerProductId": "2864"}, "isFoil": false, "isReprint": true, "language": "English", "layout": "normal", "legalities": {"commander": "Legal", "duel": "Legal", "legacy": "Legal", "modern": "Legal", "oathbreaker": "Legal", "pauper": "Legal", "paupercommander": "Legal", "predh": "Legal", "premodern": "Legal", "vintage": "Legal"}, "manaCost": "{2}{B}", "manaValue": 3.0, "name": "Crypt Rats", "number": "125", "originalText": "oo\nX Crypt Rats deals X damage to each creature and each player. Spend only black mana this way.", "originalType": "Creature - Rat", "power": "1", "printings": ["7ED", "J22", "MH1", "PHUK", "PLST", "PSAL", "VIS"], "purchaseUrls": {"cardmarket": "https://mtgjson.com/links/46bb874f2631627c", "tcgplayer": "https://mtgjson.com/links/ee959999e68d4cfc"}, "rarity": "uncommon", "setCode": "7ED", "sourceProducts": {"nonfoil": ["338f1f46-3973-5b8b-aafa-ddc9f478609f", "d2b19029-4765-5278-bf02-8f1ceb960b23"]}, "subtypes": ["Rat"], "supertypes": [], "text": "{X}: Crypt Rats deals X damage to each creature and each player. Spend only black mana on X.", "toughness": "1", "type": "Creature — Rat", "types": ["Creature"], "uuid": "6588258f-88e7-516a-aa09-6efe71104a2e", "variations": ["d98b072b-ee39-5f6a-9839-56eea67a3ad1"]}, {"artist": "Kev Walker", "artistIds": ["f366a0ee-a0cd-466d-ba6a-90058c7a31a6"], "availability": ["mtgo", "paper"], "boosterTypes": ["default"], "borderColor": "white", "colorIdentity": ["B"], "colors": ["B"], "convertedManaCost": 3.0, "count": 1, "edhrecRank": 23548, "edhrecSaltiness": 0.4, "finishes": ["nonfoil"], "flavorText": "On darkness feeding, in nightmares breeding.", "foreignData": [{"flavorText": "Er wächst in der Dunkelheit und vermehrt sich in Albträumen.", "identifiers": {"multiverseId": "182785", "scryfallId": "6923e696-2538-4df1-b102-59223f860b99"}, "language": "German", "multiverseId": 182785, "name": "Drohender Schatten", "text": "{B}: Der Drohende Schatten erhält +1/+1 bis zum Ende des Zuges.", "type": "Kreatur — Schatten"}, {"identifiers": {"scryfallId": "9fcd1408-13a6-4740-974f-e8aa1dc3b706"}, "language": "Spanish", "name": "Sombra vaga"}, {"flavorText": "Elle naît des cauchemars et se nourrit des peurs.", "identifiers": {"multiverseId": "184201", "scryfallId": "d4360edb-0328-4e1e-bce5-7450f6d46a97"}, "language": "French", "multiverseId": 184201, "name": "Ombre surgissante", "text": "{B}: L'Ombre surgissante gagne +1/+1 jusqu'à la fin du tour.", "type": "Créature : ombre"}, {"identifiers": {"scryfallId": "21491ac1-932f-4d14-8bde-9991d8f698c0"}, "language": "Japanese", "name": "立ちはだかる影"}, {"identifiers": {"scryfallId": "37639ccb-f944-4146-b0e5-2fbab0eec8e7"}, "language": "Portuguese (Brazil)", "name": "Vulto Indistinto"}], "frameVersion": "1997", "hasFoil": false, "hasNonFoil": true, "identifiers": {"cardsphereFoilId": "2287", "cardsphereId": "2288", "mcmId": "2907", "mcmMetaId": "3353", "mtgjsonV4Id": "990057b1-b915-579b-98bb-3a9a83b03317", "mtgoFoilId": "15659", "mtgoId": "15658", "multiverseId": "13104", "scryfallCardBackId": "0aeebaf5-8c7d-4636-9e82-8c27447861f7", "scryfallId": "76c49d4b-cb89-4f63-ac94-a2075f79f628", "scryfallIllustrationId": "1252b88b-883a-4743-a620-08fa095467e4", "scryfallOracleId": "3ce8560d-dc68-4551-81c9-3a7b8d8da9a1", "tcgplayerProductId": "2978"}, "isFoil": false, "isReprint": true, "language": "English", "layout": "normal", "legalities": {"commander": "Legal", "duel": "Legal", "legacy": "Legal", "modern": "Legal", "oathbreaker": "Legal", "pauper": "Legal", "paupercommander": "Legal", "penny": "Legal", "predh": "Legal", "premodern": "Legal", "vintage": "Legal"}, "manaCost": "{2}{B}", "manaValue": 3.0, "name": "Looming Shade", "number": "145", "originalText": "oo\nB Looming Shade gets +1/+1 until end of turn.", "originalType": "Creature - Shade", "power": "1", "printings": ["10E", "7ED", "8ED", "9ED", "M10", "USG"], "purchaseUrls": {"cardmarket": "https://mtgjson.com/links/18d2b2e261cc27fb", "tcgplayer": "https://mtgjson.com/links/f2d5f72fdf667ae3"}, "rarity": "common", "setCode": "7ED", "sourceProducts": {"nonfoil": ["338f1f46-3973-5b8b-aafa-ddc9f478609f", "d2b19029-4765-5278-bf02-8f1ceb960b23"]}, "subtypes": ["Shade"], "supertypes": [], "text": "{B}: Looming Shade gets +1/+1 until end of turn.", "toughness": "1", "type": "Creature — Shade", "types": ["Creature"], "uuid": "7fceaa02-191a-57c1-99c1-d44e1c515a18", "variations": ["9edf00d1-99cc-569c-82d5-7251d2558972"]}, {"artist": "Eric Peterson", "artistIds": ["0fc26d3b-4c0e-41d1-8eb3-286ab55a2328"], "availability": ["mtgo", "paper"], "boosterTypes": ["default"], "borderColor": "white", "colorIdentity": ["B"], "colors": ["B"], "convertedManaCost": 3.0, "count": 1, "edhrecRank": 27626, "edhrecSaltiness": 0.08, "finishes": ["nonfoil"], "flavorText": "They're the fiercest of all the Western Paladin's soldiers. They're also the most fiercely loyal—but that loyalty comes at a price.", "foreignData": [{"flavorText": "Sie sind die tapfersten Soldaten des Paladins des Westens. Sie sind auch am loyalsten, aber diese Loyalität hat ihren Preis.", "identifiers": {"multiverseId": "182802", "scryfallId": "0a2bc427-52b2-440a-a38d-75fed733c56a"}, "language": "German", "multiverseId": 182802, "name": "Schlangenkrieger", "text": "Du verlierst 3 Lebenspunkte, wenn der Schlangenkrieger ins Spiel kommt.", "type": "Kreatur — Soldat"}, {"identifiers": {"scryfallId": "c09c0fdb-f9de-4854-9b19-3051ed6937bb"}, "language": "Spanish", "name": "Guerrero serpiente"}, {"flavorText": "Ce sont les plus fidèles guerriers du Paladin de l'Ouest. Mais leur loyauté à un prix.", "identifiers": {"multiverseId": "184218", "scryfallId": "69e1b852-573a-4b87-82a2-ff30d94dda92"}, "language": "French", "multiverseId": 184218, "name": "Guerrier serpentiforme", "text": "Quand le Guerrier serpentiforme arrive en jeu, vous perdez 3 points de vie.", "type": "Créature : soldat"}, {"identifiers": {"scryfallId": "8876ea90-121d-43f4-8969-d1fbfb353b98"}, "language": "Japanese", "name": "蛇人間の戦士"}, {"identifiers": {"scryfallId": "27bcac01-9443-41fe-92f9-388f723ab9e0"}, "language": "Portuguese (Brazil)", "name": "Guerreiro Serpente"}], "frameVersion": "1997", "hasFoil": false, "hasNonFoil": true, "identifiers": {"cardsphereFoilId": "2471", "cardsphereId": "2472", "mcmId": "2924", "mcmMetaId": "5062", "mtgjsonV4Id": "ec64aa9f-dee8-53d4-bf26-f5470399bbb2", "mtgoFoilId": "15827", "mtgoId": "15826", "multiverseId": "25627", "scryfallCardBackId": "0aeebaf5-8c7d-4636-9e82-8c27447861f7", "scryfallId": "4470eb5d-a968-4e08-a96a-4e92ecc6d56c", "scryfallIllustrationId": "c85012a0-71e7-4253-9b03-c911970b42db", "scryfallOracleId": "fe249f27-db6c-4826-836e-a04efb1a3eaa", "tcgplayerProductId": "3070"}, "isFoil": false, "isReprint": true, "language": "English", "layout": "normal", "legalities": {"commander": "Legal", "duel": "Legal", "legacy": "Legal", "modern": "Legal", "oathbreaker": "Legal", "pauper": "Legal", "paupercommander": "Legal", "penny": "Legal", "predh": "Legal", "premodern": "Legal", "vintage": "Legal"}, "manaCost": "{2}{B}", "manaValue": 3.0, "name": "Serpent Warrior", "number": "162", "originalText": "When Serpent Warrior comes into play, you lose 3 life.", "originalType": "Creature - Soldier", "power": "3", "printings": ["7ED", "8ED", "9ED", "POR", "S99", "STH", "TPR"], "purchaseUrls": {"cardmarket": "https://mtgjson.com/links/893fdbc2bab86d2a", "tcgplayer": "https://mtgjson.com/links/e2f4a89f6013e787"}, "rarity": "common", "rulings": [{"date": "2004-10-04", "text": "You can cast this if you have less than 3 life, since the life is lost as an effect and not a payment."}], "setCode": "7ED", "sourceProducts": {"nonfoil": ["338f1f46-3973-5b8b-aafa-ddc9f478609f", "d2b19029-4765-5278-bf02-8f1ceb960b23"]}, "subtypes": ["Snake", "Warrior"], "supertypes": [], "text": "When Serpent Warrior enters, you lose 3 life.", "toughness": "3", "type": "Creature — Snake Warrior", "types": ["Creature"], "uuid": "5862b060-f1c1-5405-b75e-60376605a8eb", "variations": ["02cadd9f-e673-5e22-964f-022fbbe239a5"]}, {"artist": "James Bernardin", "artistIds": ["9b287d6b-17a3-4e6e-8221-5057166fd608"], "availability": ["mtgo", "paper"], "boosterTypes": ["default"], "borderColor": "white", "colorIdentity": ["B"], "colors": ["B"], "convertedManaCost": 4.0, "count": 2, "edhrecRank": 7225, "finishes": ["nonfoil"], "flavorText": "A full coffin is like a full coffer—both are attractive to thieves.", "foreignData": [{"flavorText": "Ein voller Sarg ist wie ein voller Koffer — beide sind attraktiv für Diebe.", "identifiers": {"multiverseId": "182779", "scryfallId": "48bf9549-387e-4310-8908-db55921e4ca7"}, "language": "German", "multiverseId": 182779, "name": "Totengräber", "text": "Wenn der Totengräber ins Spiel kommt, kannst du eine Kreaturenkarte deiner Wahl aus deinem Friedhof auf deine Hand zurücknehmen.", "type": "Kreatur — Zombie"}, {"identifiers": {"scryfallId": "7707d331-9752-4374-8ad9-83120b2068bd"}, "language": "Spanish", "name": "Sepulturero"}, {"flavorText": "Un cercueil plein, comme un coffre plein, attire les voleurs.", "identifiers": {"multiverseId": "184195", "scryfallId": "3f646edf-fd9e-4b7a-bb01-26fdf9829e3e"}, "language": "French", "multiverseId": 184195, "name": "Fossoyeur", "text": "Quand le Fossoyeur arrive en jeu, vous pouvez renvoyer une carte de créature ciblée depuis votre cimetière dans votre main.", "type": "Créature : zombie"}, {"identifiers": {"scryfallId": "adab5579-9677-4084-b431-de6f3b77b54c"}, "language": "Japanese", "name": "グレイブディガー"}, {"identifiers": {"scryfallId": "ca2195d2-d64c-4c88-9e13-337ecf622172"}, "language": "Portuguese (Brazil)", "name": "Coveiro"}], "frameVersion": "1997", "hasFoil": false, "hasNonFoil": true, "identifiers": {"cardsphereFoilId": "2207", "cardsphereId": "2208", "mcmId": "2901", "mcmMetaId": "2505", "mtgjsonV4Id": "bf2df700-e970-5506-9164-ea01cc67d436", "mtgoFoilId": "15587", "mtgoId": "15586", "multiverseId": "13025", "scryfallCardBackId": "0aeebaf5-8c7d-4636-9e82-8c27447861f7", "scryfallId": "961dec46-b96e-486c-939f-9c11aa75bd04", "scryfallIllustrationId": "a63099dd-09f9-4f45-a506-ec8ce50fdf3e", "scryfallOracleId": "1a2030cc-d7ee-4059-b2d7-fb95ea8e267b", "tcgplayerProductId": "2938"}, "isFoil": false, "isReprint": true, "language": "English", "layout": "normal", "legalities": {"brawl": "Legal", "commander": "Legal", "duel": "Legal", "explorer": "Legal", "gladiator": "Legal", "historic": "Legal", "legacy": "Legal", "modern": "Legal", "oathbreaker": "Legal", "pauper": "Legal", "paupercommander": "Legal", "penny": "Legal", "pioneer": "Legal", "predh": "Legal", "premodern": "Legal", "timeless": "Legal", "vintage": "Legal"}, "manaCost": "{3}{B}", "manaValue": 4.0, "name": "Gravedigger", "number": "139", "originalText": "When Gravedigger comes into play, you may return target creature card from your graveyard to your hand.", "originalType": "Creature - Zombie", "power": "2", "printings": ["10E", "6ED", "7ED", "8ED", "9ED", "AKH", "AKR", "BTD", "CM2", "CMD", "EMA", "HOP", "J22", "M10", "M11", "M12", "M15", "M19", "M20", "ODY", "PDCI", "PLST", "POR", "PS11", "PSAL", "S99", "TMP", "TPR"], "purchaseUrls": {"cardmarket": "https://mtgjson.com/links/f9da7269e249a997", "tcgplayer": "https://mtgjson.com/links/6db5b2a37ae3b943"}, "rarity": "common", "rulings": [{"date": "2009-10-01", "text": "A “creature card” is any card with the type creature, even if it has other types such as artifact, enchantment, or land. Older cards of type summon are also creature cards."}], "setCode": "7ED", "sourceProducts": {"nonfoil": ["338f1f46-3973-5b8b-aafa-ddc9f478609f", "d2b19029-4765-5278-bf02-8f1ceb960b23"]}, "subtypes": ["Zombie"], "supertypes": [], "text": "When Gravedigger enters, you may return target creature card from your graveyard to your hand.", "toughness": "2", "type": "Creature — Zombie", "types": ["Creature"], "uuid": "8301f0e4-51a4-52d5-8ab8-1a36e3acc97f", "variations": ["1281d54d-9e4d-5a54-b8b5-2c9932fad87b"]}, {"artist": "Michael Sutfin", "artistIds": ["5ce7b3bd-53d2-49e6-b504-37191e8e9b17"], "availability": ["mtgo", "paper"], "boosterTypes": ["default"], "borderColor": "white", "colorIdentity": ["B"], "colors": ["B"], "convertedManaCost": 4.0, "count": 1, "edhrecRank": 14505, "edhrecSaltiness": 0.25, "finishes": ["nonfoil"], "flavorText": "To gaze under its hood is to invite death.", "foreignData": [{"flavorText": "Unter seine Kapuze zu schauen bedeutet den Tod einzuladen.", "identifiers": {"multiverseId": "182756", "scryfallId": "b8775337-b579-47f2-b36c-a2e9ed34779e"}, "language": "German", "multiverseId": 182756, "name": "Unterweltgespenst", "text": "Fliegend\nImmer wenn das Unterweltgespenst einem Spieler Schaden zufügt, wirft dieser Spieler eine Karte aus seiner Hand ab.", "type": "Kreatur — Specter"}, {"identifiers": {"scryfallId": "2f47046f-3627-48f6-98ca-a6eaa8ca3655"}, "language": "Spanish", "name": "Espectro abismal"}, {"flavorText": "« Quel est ce tourbillon spectral qui se déchaîne ? » — Leconte de Lisle, Poèmes tragiques.", "identifiers": {"multiverseId": "184172", "scryfallId": "fd4ccc1b-f836-4ba1-8762-327e50ae724b"}, "language": "French", "multiverseId": 184172, "name": "Spectre des abysses", "text": "Vol\nÀ chaque fois que le Spectre des abysses blesse un joueur, ce joueur choisit une carte de sa main et s'en défausse.", "type": "Créature : spectre"}, {"identifiers": {"scryfallId": "dfb07198-b43a-46f0-86e5-394a98444bc0"}, "language": "Japanese", "name": "深淵の死霊"}, {"identifiers": {"scryfallId": "7ddb339e-526a-4556-bb1e-f4aaf7d20e26"}, "language": "Portuguese (Brazil)", "name": "Espectro Abissal"}], "frameVersion": "1997", "hasFoil": false, "hasNonFoil": true, "identifiers": {"cardsphereFoilId": "1951", "cardsphereId": "1952", "mcmId": "2878", "mcmMetaId": "24", "mtgjsonV4Id": "1d8ff432-0fb3-5c0a-bef4-748eaaf123e5", "mtgoFoilId": "15335", "mtgoId": "15334", "multiverseId": "25636", "scryfallCardBackId": "0aeebaf5-8c7d-4636-9e82-8c27447861f7", "scryfallId": "a7e6582d-e569-4131-b212-3ef1767be107", "scryfallIllustrationId": "0c0d007f-1ed8-4a07-9c01-d2b731802f51", "scryfallOracleId": "51833cff-6519-4806-8d91-0040e9a02189", "tcgplayerProductId": "2811"}, "isFoil": false, "isReprint": true, "keywords": ["Flying"], "language": "English", "layout": "normal", "legalities": {"commander": "Legal", "duel": "Legal", "legacy": "Legal", "modern": "Legal", "oathbreaker": "Legal", "paupercommander": "Restricted", "penny": "Legal", "predh": "Legal", "premodern": "Legal", "vintage": "Legal"}, "manaCost": "{2}{B}{B}", "manaValue": 4.0, "name": "Abyssal Specter", "number": "116", "originalText": "Flying\nWhenever Abyssal Specter deals damage to a player, that player discards a card from his or her hand.", "originalType": "Creature - Specter", "power": "2", "printings": ["5ED", "6ED", "7ED", "8ED", "BRB", "DDC", "DKM", "DPA", "DVD", "ICE", "MM3", "PS11"], "purchaseUrls": {"cardmarket": "https://mtgjson.com/links/78474f4c8cbab518", "tcgplayer": "https://mtgjson.com/links/01e4db0036ec5cca"}, "rarity": "uncommon", "setCode": "7ED", "sourceProducts": {"nonfoil": ["338f1f46-3973-5b8b-aafa-ddc9f478609f", "d2b19029-4765-5278-bf02-8f1ceb960b23"]}, "subtypes": ["Specter"], "supertypes": [], "text": "Flying\nWhenever Abyssal Specter deals damage to a player, that player discards a card.", "toughness": "3", "type": "Creature — Specter", "types": ["Creature"], "uuid": "616c5add-4a91-5b0a-bc15-a3f01243f164", "variations": ["130e1923-55e1-5adb-9ad5-60a450495d8b"]}, {"artist": "Arnie Swekel", "artistIds": ["af10ecf2-eb82-4100-97b2-6c236b0fa644"], "availability": ["mtgo", "paper"], "boosterTypes": ["default"], "borderColor": "white", "colorIdentity": ["B"], "colors": ["B"], "convertedManaCost": 5.0, "count": 1, "edhrecRank": 16453, "finishes": ["nonfoil"], "flavorText": "\"Why do you weep for the dead? I rejoice, for they have died for me.\"\n—Fallen angel, to Serra", "foreignData": [{"flavorText": "„Warum weinst du um die Toten? Ich freue mich, denn sie starben für mich.\" —Gefallener Engel, zu Serra", "identifiers": {"multiverseId": "182774", "scryfallId": "e202e051-61af-4002-b492-522e34f54271"}, "language": "German", "multiverseId": 182774, "name": "Gefallener Engel", "text": "Fliegend\nOpfere eine Kreatur: Der Gefallene Engel erhält +2/+1 bis zum Ende des Zuges.", "type": "Kreatur — Engel"}, {"identifiers": {"scryfallId": "b16c4ed2-0d58-4220-a8b0-90221aabe37a"}, "language": "Spanish", "name": "Ángel caído"}, {"flavorText": "« Depuis quatre mille ans il tombait dans l'abîme. (…) Seul, et derrière lui, dans les nuits éternelles, Tombaient plus lentement les plumes de ses ailes.» — Victor Hugo,La Fin de Satan.", "identifiers": {"multiverseId": "184190", "scryfallId": "906efd0f-3696-4695-ac94-2075ce765fed"}, "language": "French", "multiverseId": 184190, "name": "Ange déchue", "text": "Vol\nSacrifiez une créature : L'Ange déchue gagne +2/+1 jusqu'à la fin du tour.", "type": "Créature : ange"}, {"identifiers": {"scryfallId": "f6f743e6-f626-4c59-a30a-3cb10b54f472"}, "language": "Japanese", "name": "堕天使"}, {"identifiers": {"scryfallId": "695114e3-67ee-4192-a682-d8b7dae9ae5e"}, "language": "Portuguese (Brazil)", "name": "Anjo Caído"}], "frameVersion": "1997", "hasFoil": false, "hasNonFoil": true, "identifiers": {"cardsphereFoilId": "2117", "cardsphereId": "2118", "mcmId": "2896", "mcmMetaId": "1936", "mtgjsonV4Id": "61f0be6d-7a50-5477-ae86-df37960e5e54", "mtgoFoilId": "15503", "mtgoId": "15502", "multiverseId": "11268", "scryfallCardBackId": "0aeebaf5-8c7d-4636-9e82-8c27447861f7", "scryfallId": "612ecb2c-e732-40cc-9e92-d18b80a26c4c", "scryfallIllustrationId": "f2eb0617-d214-43f4-8db0-3700e45c6a43", "scryfallOracleId": "1869a326-8b48-4331-b969-5ce83cf4ff8a", "tcgplayerProductId": "2893"}, "isFoil": false, "isReprint": true, "keywords": ["Flying"], "language": "English", "layout": "normal", "legalities": {"commander": "Legal", "duel": "Legal", "legacy": "Legal", "modern": "Legal", "oathbreaker": "Legal", "paupercommander": "Restricted", "penny": "Legal", "predh": "Legal", "premodern": "Legal", "vintage": "Legal"}, "manaCost": "{3}{B}{B}", "manaValue": 5.0, "name": "Fallen Angel", "number": "134", "originalText": "Flying\nSacrifice a creature: Fallen Angel gets +2/+1 until end of turn.", "originalType": "Creature - Angel", "power": "3", "printings": ["5ED", "6ED", "7ED", "8ED", "A25", "BCHR", "BTD", "CHR", "CMA", "CMD", "DDC", "DVD", "LEG", "OLEP", "PLST", "PSAL"], "purchaseUrls": {"cardmarket": "https://mtgjson.com/links/61c20c684ace92f8", "tcgplayer": "https://mtgjson.com/links/2512dc939a299183"}, "rarity": "rare", "rulings": [{"date": "2004-10-04", "text": "Can sacrifice itself."}], "setCode": "7ED", "sourceProducts": {"nonfoil": ["338f1f46-3973-5b8b-aafa-ddc9f478609f", "d2b19029-4765-5278-bf02-8f1ceb960b23"]}, "subtypes": ["Angel"], "supertypes": [], "text": "Flying\nSacrifice a creature: Fallen Angel gets +2/+1 until end of turn.", "toughness": "3", "type": "Creature — Angel", "types": ["Creature"], "uuid": "06c44555-4838-59bc-8510-5e67398d816d", "variations": ["0d7bfe3c-6f0a-5059-925a-a988d98faa34"]}, {"artist": "Luca Zontini", "artistIds": ["aa57d42a-72c1-4d94-a200-3571233c4b20"], "availability": ["mtgo", "paper"], "boosterTypes": ["default"], "borderColor": "white", "colorIdentity": ["B"], "colors": ["B"], "convertedManaCost": 6.0, "count": 1, "edhrecRank": 23321, "edhrecSaltiness": 0.13, "finishes": ["nonfoil"], "flavorText": "The darkness of his shield reflects the inky blackness of his soul.", "foreignData": [{"flavorText": "Die Dunkelheit seines Schildes spiegelt die Schwärze seiner Seele wider.", "identifiers": {"multiverseId": "182766", "scryfallId": "1d5880e3-2371-4767-b264-aa45ae1fe79a"}, "language": "German", "multiverseId": 182766, "name": "Dakmor-Lanzenträger", "text": "Zerstöre eine nichtschwarze Kreatur deiner Wahl, wenn der Dakmor-Lanzenträger ins Spiel kommt.", "type": "Kreatur — Ritter"}, {"identifiers": {"scryfallId": "a20b34f8-f40d-4ac8-af13-119474e3aa44"}, "language": "Spanish", "name": "Lancero de Dakmor"}, {"flavorText": "La couleur de son âme est à la semblance du noir de son bouclier.", "identifiers": {"multiverseId": "184182", "scryfallId": "4dbadd4e-ebf5-4047-94cc-34ac5264be75"}, "language": "French", "multiverseId": 184182, "name": "Lancier du Marennois", "text": "Quand le Lancier du Marennois arrive en jeu, détruisez la créature non-noire ciblée.", "type": "Créature : chevalier"}, {"identifiers": {"scryfallId": "a11fc008-6490-4a2d-a0aa-d3b82929845c"}, "language": "Japanese", "name": "ダクムーアの槍騎兵"}, {"identifiers": {"scryfallId": "90c821a1-23be-4b81-b770-70f3a1f8fc48"}, "language": "Portuguese (Brazil)", "name": "Lanceiro de Dakmor"}], "frameVersion": "1997", "hasFoil": false, "hasNonFoil": true, "identifiers": {"cardsphereFoilId": "2063", "cardsphereId": "2064", "mcmId": "2888", "mcmMetaId": "1270", "mtgjsonV4Id": "404084d8-f227-5beb-8672-346d5fc7c40d", "mtgoFoilId": "15451", "mtgoId": "15450", "multiverseId": "25640", "scryfallCardBackId": "0aeebaf5-8c7d-4636-9e82-8c27447861f7", "scryfallId": "660cc594-63f5-4819-a556-7a9484145f72", "scryfallIllustrationId": "e8a0a593-fd04-4cb4-a245-d4386c2afc7a", "scryfallOracleId": "00efb113-ba5a-4749-b42b-5693b980f26f", "tcgplayerProductId": "2866"}, "isFoil": false, "isReprint": true, "language": "English", "layout": "normal", "legalities": {"commander": "Legal", "duel": "Legal", "legacy": "Legal", "oathbreaker": "Legal", "paupercommander": "Restricted", "penny": "Legal", "predh": "Legal", "premodern": "Legal", "vintage": "Legal"}, "manaCost": "{4}{B}{B}", "manaValue": 6.0, "name": "Dakmor Lancer", "number": "126", "originalText": "When Dakmor Lancer comes into play, destroy target nonblack creature.", "originalType": "Creature - Knight", "power": "3", "printings": ["7ED", "S99"], "purchaseUrls": {"cardmarket": "https://mtgjson.com/links/af9eafc7a360677a", "tcgplayer": "https://mtgjson.com/links/2d93e7343b29417d"}, "rarity": "uncommon", "setCode": "7ED", "sourceProducts": {"nonfoil": ["338f1f46-3973-5b8b-aafa-ddc9f478609f", "d2b19029-4765-5278-bf02-8f1ceb960b23"]}, "subtypes": ["Human", "Knight"], "supertypes": [], "text": "When Dakmor Lancer enters, destroy target nonblack creature.", "toughness": "3", "type": "Creature — Human Knight", "types": ["Creature"], "uuid": "50f5074d-226f-5368-be88-5c500561b7e1", "variations": ["c880c3d8-2d0c-572d-94d9-28df13d1d20a"]}, {"artist": "Brian Snõddy", "artistIds": ["770b4e16-de76-49ed-949f-84e6d2e06d25"], "availability": ["mtgo", "paper"], "boosterTypes": ["default"], "borderColor": "white", "colorIdentity": [], "colors": [], "convertedManaCost": 6.0, "count": 1, "edhrecRank": 22681, "finishes": ["nonfoil"], "flavorText": "It doesn't think. It doesn't feel.\nIt doesn't laugh or cry.\nAll it does from dusk till dawn\nIs make the soldiers die.\n—Onean children's rhyme", "foreignData": [{"flavorText": "Er denkt nicht nach. Er fühlt auch nichts. Er weint nie oder lacht. Früh fängt er mit dem Töten an, Was er bis abends macht. —Oneanischer Kinderreim", "identifiers": {"multiverseId": "182952", "scryfallId": "c7002f3a-35b7-4e89-be55-481722a724b7"}, "language": "German", "multiverseId": 182952, "name": "Phyrexianischer Moloch", "type": "Artefaktkreatur"}, {"identifiers": {"scryfallId": "bc20bcc2-2e04-4208-acde-6e0a1cb9106d"}, "language": "Spanish", "name": "Titán pirexiano"}, {"flavorText": "Il ne pense pas. Il ne sent pas. Il ne pleure et ne rit pas. Tout ce qu'il fait, matin ou soir C'est de jouer l'aplatissoir. — Comptine onéane.", "identifiers": {"multiverseId": "184368", "scryfallId": "f69f5cc5-f7ff-4532-bb15-2f9d5569bc5b"}, "language": "French", "multiverseId": 184368, "name": "Carcasse phyrexiane", "type": "Créature-artefact"}, {"identifiers": {"scryfallId": "bba5173d-dc75-4ec1-a59f-0a42d46431e2"}, "language": "Japanese", "name": "ファイレクシアの大男"}, {"identifiers": {"scryfallId": "bad499ad-d39d-48b1-88da-71c23887bba0"}, "language": "Portuguese (Brazil)", "name": "Brutamontes Phyrexiano"}], "frameVersion": "1997", "hasFoil": false, "hasNonFoil": true, "identifiers": {"cardsphereFoilId": "2379", "cardsphereId": "2380", "mcmId": "3074", "mcmMetaId": "4194", "mtgjsonV4Id": "71f33b7f-1bea-5171-9139-96847fc367a5", "mtgoFoilId": "15745", "mtgoId": "15744", "multiverseId": "25656", "scryfallCardBackId": "0aeebaf5-8c7d-4636-9e82-8c27447861f7", "scryfallId": "22e59c8b-735d-4796-b37c-619ee1782f65", "scryfallIllustrationId": "777f23d2-52bf-458b-bc3e-75f1e6c88bba", "scryfallOracleId": "a16509da-ad46-4ee3-86f3-06c521c23481", "tcgplayerProductId": "3024"}, "isFoil": false, "isReprint": true, "language": "English", "layout": "normal", "legalities": {"commander": "Legal", "duel": "Legal", "legacy": "Legal", "modern": "Legal", "oathbreaker": "Legal", "pauper": "Legal", "paupercommander": "Legal", "penny": "Legal", "predh": "Legal", "premodern": "Legal", "vintage": "Legal"}, "manaCost": "{6}", "manaValue": 6.0, "name": "Phyrexian Hulk", "number": "312", "originalType": "Artifact Creature", "power": "5", "printings": ["7ED", "8ED", "9ED", "DDE", "M13", "NPH", "TMP", "TPR"], "purchaseUrls": {"cardmarket": "https://mtgjson.com/links/c3af933dfd5e16bd", "tcgplayer": "https://mtgjson.com/links/804eb7dcc80536eb"}, "rarity": "uncommon", "setCode": "7ED", "sourceProducts": {"nonfoil": ["338f1f46-3973-5b8b-aafa-ddc9f478609f", "d2b19029-4765-5278-bf02-8f1ceb960b23"]}, "subtypes": ["Phyrexian", "Golem"], "supertypes": [], "toughness": "4", "type": "Artifact Creature — Phyrexian Golem", "types": ["Artifact", "Creature"], "uuid": "eea7d506-8008-5fa0-8740-b4c583d4b7d2", "variations": ["ef9f7258-d678-52d4-ba95-7d7656c27c0a"]}, {"artist": "Pete Venters", "artistIds": ["d54c4a1a-c0c5-4834-84db-125d341f3ad8"], "availability": ["mtgo", "paper"], "boosterTypes": ["default"], "borderColor": "white", "colorIdentity": ["B"], "colors": ["B"], "convertedManaCost": 1.0, "count": 1, "edhrecRank": 3067, "edhrecSaltiness": 0.53, "finishes": ["nonfoil"], "flavorText": "\"Change your mind, or I'll change it for you.\"", "foreignData": [{"flavorText": "„Überleg' es dir anders, oder ich überlege für Dich.\"", "identifiers": {"multiverseId": "182771", "scryfallId": "51c6ec30-afb2-41e6-895b-92e070aa86f3"}, "language": "German", "multiverseId": 182771, "name": "Zwang", "text": "Ein Gegner deiner Wahl zeigt die Karten auf seiner Hand offen vor. Bestimme eine Karte davon, die weder eine Kreatur noch ein Land ist. Dieser Spieler wirft diese Karte ab.", "type": "Hexerei"}, {"identifiers": {"scryfallId": "8801e2cd-8b95-4dd7-bae3-f2bffc0a370e"}, "language": "Spanish", "name": "Coacción"}, {"flavorText": "« Contrainte d'avouer tant de forfaits diversEt des crimes peut-être inconnus aux enfers »", "identifiers": {"multiverseId": "184187", "scryfallId": "052490e2-a07f-45b7-ac48-5afee13c062e"}, "language": "French", "multiverseId": 184187, "name": "Contrainte", "text": "L'adversaire ciblé révèle sa main. Choisissez-y une carte non-créature et non-terrain. Ce joueur se défausse de cette carte.", "type": "Rituel"}, {"identifiers": {"scryfallId": "efe78511-58a0-40b6-b1f0-2931879a8e49"}, "language": "Japanese", "name": "強迫"}, {"identifiers": {"scryfallId": "a9c57c25-3cdb-454e-87e4-426ef3d4304d"}, "language": "Portuguese (Brazil)", "name": "Coergir"}], "frameVersion": "1997", "hasFoil": false, "hasNonFoil": true, "identifiers": {"cardsphereFoilId": "2087", "cardsphereId": "2088", "mcmId": "2893", "mcmMetaId": "1642", "mtgjsonV4Id": "6e4fdc76-c021-5c30-b65e-835e2a771a7b", "mtgoFoilId": "15463", "mtgoId": "15462", "multiverseId": "14557", "scryfallCardBackId": "0aeebaf5-8c7d-4636-9e82-8c27447861f7", "scryfallId": "15c8d82e-6e65-4d36-bf09-b24dde016581", "scryfallIllustrationId": "34748dd1-62a3-4064-82e4-8b37ed215ca8", "scryfallOracleId": "33d405ea-7a9a-4970-b70f-9c05d90dd6f0", "tcgplayerProductId": "2878"}, "isFoil": false, "isReprint": true, "language": "English", "layout": "normal", "legalities": {"brawl": "Legal", "commander": "Legal", "duel": "Legal", "explorer": "Legal", "future": "Legal", "gladiator": "Legal", "historic": "Legal", "legacy": "Legal", "modern": "Legal", "oathbreaker": "Legal", "pauper": "Legal", "paupercommander": "Legal", "penny": "Legal", "pioneer": "Legal", "predh": "Legal", "premodern": "Legal", "standard": "Legal", "standardbrawl": "Legal", "timeless": "Legal", "vintage": "Legal"}, "manaCost": "{B}", "manaValue": 1.0, "name": "Duress", "number": "131", "originalText": "Target opponent reveals his or her hand. Choose a noncreature, nonland card from it. That player discards that card.", "originalType": "Sorcery", "printings": ["7ED", "DBL", "DDC", "DMR", "DTK", "DVD", "EMA", "F05", "IMA", "J21", "M10", "M11", "M13", "M14", "M19", "M20", "M21", "MD1", "MID", "ONE", "PAL00", "PANA", "PD3", "PIDW", "PLST", "PMEI", "PRM", "SLD", "STA", "USG", "WC01", "WC02", "WC99", "XLN"], "purchaseUrls": {"cardmarket": "https://mtgjson.com/links/71cfb3f24d89a666", "tcgplayer": "https://mtgjson.com/links/ecfe966ed2215d4d"}, "rarity": "common", "setCode": "7ED", "sourceProducts": {"nonfoil": ["338f1f46-3973-5b8b-aafa-ddc9f478609f", "d2b19029-4765-5278-bf02-8f1ceb960b23"]}, "subtypes": [], "supertypes": [], "text": "Target opponent reveals their hand. You choose a noncreature, nonland card from it. That player discards that card.", "type": "Sorcery", "types": ["Sorcery"], "uuid": "850ac11d-2cc1-5009-bf0f-5bcfba8ede5b", "variations": ["a1d63a07-098f-5702-9c1f-782659117d19"]}, {"artist": "Hannibal King", "artistIds": ["47fa68ed-4d79-4116-a562-fc0c11096e81"], "availability": ["mtgo", "paper"], "boosterTypes": ["default"], "borderColor": "white", "colorIdentity": ["B"], "colors": ["B"], "convertedManaCost": 1.0, "count": 1, "edhrecRank": 20744, "edhrecSaltiness": 0.33, "finishes": ["nonfoil"], "flavorText": "\"You won't be needing this.\"", "foreignData": [{"flavorText": "„Das brauchst du nicht mehr.\"", "identifiers": {"multiverseId": "182793", "scryfallId": "10684730-07f5-4f7f-94bb-332b78373c83"}, "language": "German", "multiverseId": 182793, "name": "Ausschluss", "text": "Ein Gegner deiner Wahl zeigt die Karten auf seiner Hand offen vor. Bestimme eine Kreaturenkarte davon. Dieser Spieler wirft diese Karte ab.", "type": "Hexerei"}, {"identifiers": {"scryfallId": "14117d49-cba0-49d7-9b75-83fc077b7d1f"}, "language": "Spanish", "name": "Desterrar"}, {"flavorText": "« Tu n'auras pas besoin de ça. »", "identifiers": {"multiverseId": "184209", "scryfallId": "186ac9a4-3479-4561-9bf8-14a616a55314"}, "language": "French", "multiverseId": 184209, "name": "Ostracisme", "text": "L'adversaire ciblé révèle sa main. Choisissez-y une carte de créature. Ce joueur se défausse de cette carte.", "type": "Rituel"}, {"identifiers": {"scryfallId": "05f2a28b-0d22-49f4-8acd-25b87b9db3ad"}, "language": "Japanese", "name": "村八分"}, {"identifiers": {"scryfallId": "b8ddfa01-fff9-4d2b-a29d-429fc35bfc24"}, "language": "Portuguese (Brazil)", "name": "Ostracizar"}], "frameVersion": "1997", "hasFoil": false, "hasNonFoil": true, "identifiers": {"cardsphereFoilId": "2365", "cardsphereId": "2366", "mcmId": "2915", "mcmMetaId": "4036", "mtgjsonV4Id": "6e90505c-418f-5683-af03-49e7a26c4a2c", "mtgoFoilId": "15427", "mtgoId": "15426", "multiverseId": "12980", "scryfallCardBackId": "0aeebaf5-8c7d-4636-9e82-8c27447861f7", "scryfallId": "abdaffcc-59f6-4489-88bf-1061ad6b0512", "scryfallIllustrationId": "f34cbd3e-a7c1-4cc5-980f-1e288e8ea6c1", "scryfallOracleId": "43975c07-103c-4664-b7e6-55bb29d85183", "tcgplayerProductId": "3017"}, "isFoil": false, "isReprint": true, "language": "English", "layout": "normal", "legalities": {"commander": "Legal", "duel": "Legal", "legacy": "Legal", "oathbreaker": "Legal", "pauper": "Legal", "paupercommander": "Legal", "penny": "Legal", "predh": "Legal", "premodern": "Legal", "vintage": "Legal"}, "manaCost": "{B}", "manaValue": 1.0, "name": "Ostracize", "number": "153", "originalText": "Target opponent reveals his or her hand. Choose a creature card from it. That player discards that card.", "originalType": "Sorcery", "printings": ["7ED", "ULG"], "purchaseUrls": {"cardmarket": "https://mtgjson.com/links/d1dfec960dfd01c0", "tcgplayer": "https://mtgjson.com/links/b33d6d7e7fb73d2f"}, "rarity": "common", "setCode": "7ED", "sourceProducts": {"nonfoil": ["338f1f46-3973-5b8b-aafa-ddc9f478609f", "d2b19029-4765-5278-bf02-8f1ceb960b23"]}, "subtypes": [], "supertypes": [], "text": "Target opponent reveals their hand. You choose a creature card from it. That player discards that card.", "type": "Sorcery", "types": ["Sorcery"], "uuid": "1ce667c5-3b74-516d-b8b7-b27586b502ad", "variations": ["b33e9bcf-2660-5495-906c-cd729d5251fa"]}, {"artist": "Rebecca Guay", "artistIds": ["f8f662fa-d597-46a3-afb2-91d6e13243e2"], "availability": ["mtgo", "paper"], "boosterTypes": ["default"], "borderColor": "white", "colorIdentity": ["B"], "colors": ["B"], "convertedManaCost": 3.0, "count": 2, "edhrecRank": 17639, "edhrecSaltiness": 0.08, "finishes": ["nonfoil"], "flavorText": "\"Hence 'banishèd' is banished from the world, / And the world's exile is death.\"\n—William Shakespeare,\n*Romeo and Juliet*", "foreignData": [{"flavorText": "„So meint 'verbannt' — verbannt von dieser Welt, und das Exil von dieser Welt ist der Tod.\" —William Shakespeare, Romeo und Julia", "identifiers": {"multiverseId": "182767", "scryfallId": "975addf5-bd49-46db-853f-05b1dab63350"}, "language": "German", "multiverseId": 182767, "name": "Dunkle Verbannung", "text": "Zerstöre eine nichtschwarze Kreatur deiner Wahl. Sie kann nicht regeneriert werden.", "type": "Spontanzauber"}, {"identifiers": {"scryfallId": "381ba444-b86d-44fa-ad96-3424da44f727"}, "language": "Spanish", "name": "Destierro sombrío"}, {"flavorText": "« Et leur bannissement, dont j'accepte la loi, Dépend bien plus de vous, qu'il ne dépend de moi. » — Molière, Dom Garcie.", "identifiers": {"multiverseId": "184183", "scryfallId": "adb18801-cafb-4579-a100-8422c0d612d0"}, "language": "French", "multiverseId": 184183, "name": "Obscur bannissement", "text": "Détruisez la créature non-noire ciblée. Cette créature ne peut être régénérée ce tour-ci.", "type": "Éphémère"}, {"identifiers": {"scryfallId": "88dbd870-ba6f-46cd-a45c-8af197f12542"}, "language": "Japanese", "name": "闇への追放"}, {"identifiers": {"scryfallId": "49a809dc-e2e7-4c11-b4e7-08c7ef232a89"}, "language": "Portuguese (Brazil)", "name": "Banimento Sombrio"}], "frameVersion": "1997", "hasFoil": false, "hasNonFoil": true, "identifiers": {"cardsphereFoilId": "2067", "cardsphereId": "2068", "mcmId": "2889", "mcmMetaId": "1289", "mtgjsonV4Id": "fbe92d09-eb33-5845-862f-db05ba99c62a", "mtgoFoilId": "15455", "mtgoId": "15454", "multiverseId": "14754", "scryfallCardBackId": "0aeebaf5-8c7d-4636-9e82-8c27447861f7", "scryfallId": "9d03720d-b0ca-4892-9ad1-52189f4a30a1", "scryfallIllustrationId": "790d7d5f-ae1f-4eae-94e3-aa0839f6df62", "scryfallOracleId": "0df450be-9bd2-45be-ae59-fa8d19f6a391", "tcgplayerProductId": "2868"}, "isFoil": false, "isReprint": true, "language": "English", "layout": "normal", "legalities": {"commander": "Legal", "duel": "Legal", "legacy": "Legal", "modern": "Legal", "oathbreaker": "Legal", "pauper": "Legal", "paupercommander": "Legal", "penny": "Legal", "predh": "Legal", "premodern": "Legal", "vintage": "Legal"}, "manaCost": "{2}{B}", "manaValue": 3.0, "name": "Dark Banishing", "number": "127", "originalText": "Destroy target nonblack creature. It can't be regenerated.", "originalType": "Instant", "printings": ["7ED", "8ED", "9ED", "CST", "DDC", "DKM", "DVD", "ICE", "ME2", "MIR", "OLEP", "PSAL", "PTC", "TMP", "TPR", "WC03"], "purchaseUrls": {"cardmarket": "https://mtgjson.com/links/00d69962af7e3ebc", "tcgplayer": "https://mtgjson.com/links/fa20386e52e72b88"}, "rarity": "common", "setCode": "7ED", "sourceProducts": {"nonfoil": ["338f1f46-3973-5b8b-aafa-ddc9f478609f", "d2b19029-4765-5278-bf02-8f1ceb960b23"]}, "subtypes": [], "supertypes": [], "text": "Destroy target nonblack creature. It can't be regenerated.", "type": "Instant", "types": ["Instant"], "uuid": "ddb9bd32-d7d2-585d-bbb3-285ef3028a0b", "variations": ["5cddadf4-5eff-5406-825d-ef690633e55d"]}, {"artist": "Adam Rex", "artistIds": ["445bd2fb-4a70-4599-87a4-83cf5979fc56"], "availability": ["mtgo", "paper"], "boosterTypes": ["default"], "borderColor": "white", "colorIdentity": ["B"], "colors": ["B"], "convertedManaCost": 3.0, "count": 1, "edhrecRank": 11371, "edhrecSaltiness": 0.62, "finishes": ["nonfoil"], "flavorText": "What wizards fear most is losing their minds.", "foreignData": [{"flavorText": "Zauberer fürchten am meisten, ihr Gedächtnis zu verlieren.", "identifiers": {"multiverseId": "182787", "scryfallId": "e1bd6376-f1af-42e9-bdca-40b22434984d"}, "language": "German", "multiverseId": 182787, "name": "Gedankenzersetzung", "text": "Ein Spieler deiner Wahl wirft zwei Karten aus seiner Hand ab.", "type": "Hexerei"}, {"identifiers": {"scryfallId": "8069a0e5-b720-4d69-a915-3084ea62c6e4"}, "language": "Spanish", "name": "Podredumbre mental"}, {"flavorText": "Ce que les mages redoutent le plus est de perdre l'esprit.", "identifiers": {"multiverseId": "184203", "scryfallId": "058eae12-2193-4c06-a078-c0535d2d30c6"}, "language": "French", "multiverseId": 184203, "name": "Pourrissement cérébral", "text": "Le joueur ciblé se défausse de deux cartes de sa main.", "type": "Rituel"}, {"identifiers": {"scryfallId": "0bad6dc0-f72f-4ec2-8cb2-a8aa85f517c8"}, "language": "Japanese", "name": "精神腐敗"}, {"identifiers": {"scryfallId": "5af5445a-665d-41e1-b79c-e4a83ae2d2ec"}, "language": "Portuguese (Brazil)", "name": "Estiolar a Mente"}], "frameVersion": "1997", "hasFoil": false, "hasNonFoil": true, "identifiers": {"cardsphereFoilId": "2323", "cardsphereId": "2324", "mcmId": "2909", "mcmMetaId": "3598", "mtgjsonV4Id": "4bd1c69e-3297-53c8-b58b-930dfc7ab862", "mtgoFoilId": "15695", "mtgoId": "15694", "multiverseId": "15828", "scryfallCardBackId": "0aeebaf5-8c7d-4636-9e82-8c27447861f7", "scryfallId": "5681e85c-79d5-4300-bda6-4ae40bb7d5d4", "scryfallIllustrationId": "f0699a00-34c4-4013-8490-1f75dda292f2", "scryfallOracleId": "ad44cf74-b717-48fb-9fa2-77512024d76a", "tcgplayerProductId": "2996"}, "isFoil": false, "isReprint": true, "language": "English", "layout": "normal", "legalities": {"brawl": "Legal", "commander": "Legal", "duel": "Legal", "explorer": "Legal", "gladiator": "Legal", "historic": "Legal", "legacy": "Legal", "modern": "Legal", "oathbreaker": "Legal", "pauper": "Legal", "paupercommander": "Legal", "penny": "Legal", "pioneer": "Legal", "predh": "Legal", "premodern": "Legal", "timeless": "Legal", "vintage": "Legal"}, "manaCost": "{2}{B}", "manaValue": 3.0, "name": "Mind Rot", "number": "147", "originalText": "Target player discards two cards from his or her hand.", "originalType": "Sorcery", "printings": ["10E", "7ED", "8ED", "9ED", "DPA", "DTK", "KLD", "KLR", "M10", "M11", "M12", "M13", "M14", "M15", "M19", "M20", "M21", "ORI", "P02", "PLST", "POR", "PS11", "RTR", "S99", "W16"], "purchaseUrls": {"cardmarket": "https://mtgjson.com/links/b39fd63d8391b518", "tcgplayer": "https://mtgjson.com/links/3e602dbabfd0b0ac"}, "rarity": "common", "setCode": "7ED", "sourceProducts": {"nonfoil": ["338f1f46-3973-5b8b-aafa-ddc9f478609f", "d2b19029-4765-5278-bf02-8f1ceb960b23"]}, "subtypes": [], "supertypes": [], "text": "Target player discards two cards.", "type": "Sorcery", "types": ["Sorcery"], "uuid": "bace477f-ae4b-5743-8040-573006a55464", "variations": ["2266ff47-2ae8-51a9-b44d-062acff857a5"]}, {"artist": "Peter Bollinger", "artistIds": ["3168b530-3323-4ac7-b01f-50912b3a1c9c"], "availability": ["mtgo", "paper"], "boosterTypes": ["default"], "borderColor": "white", "colorIdentity": ["B"], "colors": ["B"], "convertedManaCost": 4.0, "count": 1, "edhrecRank": 1282, "edhrecSaltiness": 0.21, "finishes": ["nonfoil"], "flavorText": "An advisor once asked the Western Paladin how much gold would be enough. \"I have no need of fools who can imagine 'enough,'\" he told the advisor's corpse.", "foreignData": [{"flavorText": "Ein Berater fragte einst den Paladin des Westens, wieviel Gold denn genug sei. „Ich brauche keine Leute, die das Wort 'genug' kennen,\" antwortete dieser der Leiche des Beraters.", "identifiers": {"multiverseId": "182780", "scryfallId": "ce713bbc-576b-4b25-aef8-cedf2930ca00"}, "language": "German", "multiverseId": 182780, "name": "Habgier", "text": "{B}, bezahle 2 Lebenspunkte: Ziehe eine Karte.", "type": "Verzauberung"}, {"identifiers": {"scryfallId": "2ee6a40e-7b23-4709-900b-213662c4fc84"}, "language": "Spanish", "name": "Avaricia"}, {"flavorText": "Un conseiller demanda un jour au Paladin de l'Ouest quand il aurait assez d'or. « J'ai rayé le mot assez de mon vocabulaire », dit-il au cadavre du conseiller.", "identifiers": {"multiverseId": "184196", "scryfallId": "f958e5b9-c2f2-4ffc-84e2-c9bc17791e13"}, "language": "French", "multiverseId": 184196, "name": "Avidité", "text": "{B}, payez 2 points de vie : Piochez une carte.", "type": "Enchantement"}, {"identifiers": {"scryfallId": "d073ee15-28c5-47c9-a0e0-d3654c7d9d68"}, "language": "Japanese", "name": "強欲"}, {"identifiers": {"scryfallId": "afd31a37-8461-4702-ab20-4d24b7b171e3"}, "language": "Portuguese (Brazil)", "name": "Cobiça"}], "frameVersion": "1997", "hasFoil": false, "hasNonFoil": true, "identifiers": {"cardsphereFoilId": "2209", "cardsphereId": "2210", "mcmId": "2902", "mcmMetaId": "2521", "mtgjsonV4Id": "3420981c-3722-5df7-a37a-2cad02698777", "mtgoFoilId": "15589", "mtgoId": "15588", "multiverseId": "25642", "scryfallCardBackId": "0aeebaf5-8c7d-4636-9e82-8c27447861f7", "scryfallId": "f06db06b-0780-41c7-9b6c-a688b0f5fa2c", "scryfallIllustrationId": "b4ad1e3f-e9d0-413b-a477-1218a6a0d23a", "scryfallOracleId": "1ff62220-be95-4901-b8d8-812b9a1a1b0a", "tcgplayerProductId": "2939"}, "isFoil": false, "isReprint": true, "language": "English", "layout": "normal", "legalities": {"commander": "Legal", "duel": "Legal", "legacy": "Legal", "modern": "Legal", "oathbreaker": "Legal", "predh": "Legal", "premodern": "Legal", "vintage": "Legal"}, "manaCost": "{3}{B}", "manaValue": 4.0, "name": "Greed", "number": "140", "originalText": "o\nB, Pay 2 life: Draw a card.", "originalType": "Enchantment", "printings": ["4BB", "4ED", "6ED", "7ED", "C13", "C21", "LEG", "MH2", "REN", "SLD"], "purchaseUrls": {"cardmarket": "https://mtgjson.com/links/13d1ad1a8b2f7295", "tcgplayer": "https://mtgjson.com/links/4959e69fddd4a7ed"}, "rarity": "rare", "setCode": "7ED", "sourceProducts": {"nonfoil": ["338f1f46-3973-5b8b-aafa-ddc9f478609f", "d2b19029-4765-5278-bf02-8f1ceb960b23"]}, "subtypes": [], "supertypes": [], "text": "{B}, Pay 2 life: Draw a card.", "type": "Enchantment", "types": ["Enchantment"], "uuid": "4682b02a-cf4d-5dbf-8bd4-aa67a2244b03", "variations": ["1ea1a96f-8186-5272-aaea-c1111b04df32"]}, {"artist": "Ciruelo", "artistIds": ["1761c216-72b5-4a9b-afee-ad47a00fe1ad"], "availability": ["mtgo", "paper"], "boosterTypes": ["default"], "borderColor": "white", "colorIdentity": ["B"], "colors": ["B"], "convertedManaCost": 4.0, "count": 1, "edhrecRank": 20153, "edhrecSaltiness": 0.1, "finishes": ["nonfoil"], "flavorText": "The bog's touch means death to all but the darkest of hearts.", "foreignData": [{"flavorText": "Die Berührung Urborgs bedeutet den Tod für alle außer den schwärzesten Herzen.", "identifiers": {"multiverseId": "182758", "scryfallId": "2276d4b7-af08-4ec2-bbd6-689febecafd6"}, "language": "German", "multiverseId": 182758, "name": "Entwürdigung", "text": "Zerstöre ein Land oder eine nichtschwarze Kreatur deiner Wahl. Sie kann nicht regeneriert werden.", "type": "Hexerei"}, {"identifiers": {"scryfallId": "4dfe19ff-e46c-44fb-afca-1303f64e645d"}, "language": "Spanish", "name": "Ensuciar"}, {"flavorText": "Ce marais apportait la mort à tous ceux qui n'avait pas le cœur corrompu.", "identifiers": {"multiverseId": "184174", "scryfallId": "d2948786-4ff2-472a-b492-60aeacfdb9fb"}, "language": "French", "multiverseId": 184174, "name": "Crasse", "text": "Détruisez le terrain ciblé ou la créature non-noire ciblée. Ils ne peuvent pas être régénérés.", "type": "Rituel"}, {"identifiers": {"scryfallId": "89d339bd-ae0b-4512-abe6-db0f32ba6aea"}, "language": "Japanese", "name": "汚れ"}, {"identifiers": {"scryfallId": "a8da2b2b-d732-4624-aa72-c299d37d7e06"}, "language": "Portuguese (Brazil)", "name": "Conspurcar"}], "frameVersion": "1997", "hasFoil": false, "hasNonFoil": true, "identifiers": {"cardsphereFoilId": "1985", "cardsphereId": "1986", "mcmId": "2880", "mcmMetaId": "510", "mtgjsonV4Id": "7f7b0c67-aa69-5359-b06c-48a4ef18d6c0", "mtgoFoilId": "15371", "mtgoId": "15370", "multiverseId": "25632", "scryfallCardBackId": "0aeebaf5-8c7d-4636-9e82-8c27447861f7", "scryfallId": "7c5db137-33b9-4cea-9193-4e637d2966f1", "scryfallIllustrationId": "4dcce596-6d7f-4130-9602-1a7460ca3810", "scryfallOracleId": "c573c59a-5a79-4fe1-a6d8-5e0153b5c059", "tcgplayerProductId": "2827"}, "isFoil": false, "isReprint": true, "language": "English", "layout": "normal", "legalities": {"commander": "Legal", "duel": "Legal", "legacy": "Legal", "modern": "Legal", "oathbreaker": "Legal", "pauper": "Legal", "paupercommander": "Legal", "predh": "Legal", "premodern": "Legal", "vintage": "Legal"}, "manaCost": "{2}{B}{B}", "manaValue": 4.0, "name": "Befoul", "number": "118", "originalText": "Destroy target land or nonblack creature. It can't be regenerated.", "originalType": "Sorcery", "printings": ["7ED", "CHK", "USG"], "purchaseUrls": {"cardmarket": "https://mtgjson.com/links/08f92d695ec9bd5b", "tcgplayer": "https://mtgjson.com/links/695b06d688dae985"}, "rarity": "uncommon", "rulings": [{"date": "2004-10-04", "text": "This is not modal. You do not have to choose the target type. The target has to either be a land or non-black creature when announced and on resolution."}], "setCode": "7ED", "sourceProducts": {"nonfoil": ["338f1f46-3973-5b8b-aafa-ddc9f478609f", "d2b19029-4765-5278-bf02-8f1ceb960b23"]}, "subtypes": [], "supertypes": [], "text": "Destroy target land or nonblack creature. It can't be regenerated.", "type": "Sorcery", "types": ["Sorcery"], "uuid": "0baa852c-f346-58ac-b11e-b6e640f29245", "variations": ["1a1bdaa9-31a3-5013-8e43-fd586d3fde21"]}, {"artist": "Scott M. Fischer", "artistIds": ["23b0cf43-3e43-44c6-8329-96446eca5bce"], "availability": ["mtgo", "paper"], "boosterTypes": ["default"], "borderColor": "white", "colorIdentity": ["B"], "colors": ["B"], "convertedManaCost": 6.0, "count": 1, "edhrecRank": 7889, "edhrecSaltiness": 0.24, "finishes": ["nonfoil"], "foreignData": [{"identifiers": {"multiverseId": "182764", "scryfallId": "9586836b-b443-41f7-8582-4505a836d1ef"}, "language": "German", "multiverseId": 182764, "name": "Korruption", "text": "Korruption fügt einer Kreatur oder einem Spieler deiner Wahl Schadenspunkte in Höhe der Anzahl der Sümpfe, die du kontrollierst, zu. Du erhältst so viele Lebenspunkte dazu, wie auf diese Weise Schadenspunkte zugefügt wurden.", "type": "Hexerei"}, {"identifiers": {"scryfallId": "ad546f07-07b0-40f6-b7a3-78d1852e74ef"}, "language": "Spanish", "name": "Corromper"}, {"identifiers": {"multiverseId": "184180", "scryfallId": "2e5def3a-84e8-4a6e-9e3b-bb036c6e8d96"}, "language": "French", "multiverseId": 184180, "name": "Corruption", "text": "La Corruption inflige à une cible, créature ou joueur, autant de blessures que le nombre de marais que vous contrôlez. Vous gagnez autant de points de vie que de blessures infligées de cette manière.", "type": "Rituel"}, {"identifiers": {"scryfallId": "5a3b50ea-a0f3-492f-ad1f-0cd67cc2a852"}, "language": "Japanese", "name": "堕落"}, {"identifiers": {"scryfallId": "1f7bb148-2339-4101-b84a-c13573206f1f"}, "language": "Portuguese (Brazil)", "name": "Corromper"}], "frameVersion": "1997", "hasFoil": false, "hasNonFoil": true, "identifiers": {"cardsphereFoilId": "2049", "cardsphereId": "2050", "mcmId": "2886", "mcmMetaId": "1149", "mtgjsonV4Id": "622a005b-3bdf-5f95-98c3-594bebf48ee0", "mtgoFoilId": "15435", "mtgoId": "15434", "multiverseId": "25624", "scryfallCardBackId": "0aeebaf5-8c7d-4636-9e82-8c27447861f7", "scryfallId": "57dc4337-86fd-49b4-8331-fcf44f9e7a74", "scryfallIllustrationId": "bce67a0a-f81f-468e-9242-4221a1cb330b", "scryfallOracleId": "a88a1c53-7de3-423a-a95a-24ed5666ab96", "tcgplayerProductId": "2859"}, "isFoil": false, "isReprint": true, "language": "English", "layout": "normal", "legalities": {"brawl": "Legal", "commander": "Legal", "duel": "Legal", "explorer": "Legal", "future": "Legal", "gladiator": "Legal", "historic": "Legal", "legacy": "Legal", "modern": "Legal", "oathbreaker": "Legal", "pauper": "Legal", "paupercommander": "Legal", "penny": "Legal", "pioneer": "Legal", "predh": "Legal", "premodern": "Legal", "standard": "Legal", "standardbrawl": "Legal", "timeless": "Legal", "vintage": "Legal"}, "manaCost": "{5}{B}", "manaValue": 6.0, "name": "Corrupt", "number": "124", "originalText": "Corrupt deals damage equal to the number of swamps you control to target creature or player. You gain life equal to the damage dealt this way.", "originalType": "Sorcery", "printings": ["7ED", "BRO", "DDC", "DDD", "DVD", "GVL", "M11", "M14", "P08", "PIDW", "PLST", "PRM", "SHM", "USG"], "purchaseUrls": {"cardmarket": "https://mtgjson.com/links/b0f24dce8b102f6d", "tcgplayer": "https://mtgjson.com/links/55d3c3728bc34a0d"}, "rarity": "common", "rulings": [{"date": "2004-10-04", "text": "The swamps are counted on resolution."}, {"date": "2010-08-15", "text": "The amount of damage dealt to a creature is not bounded by its toughness, and the amount of damage dealt to a player is not bounded by that player's life total. For example, if Corrupt deals 6 damage to a 2/2 creature, you'll gain 6 life."}, {"date": "2010-08-15", "text": "The life you gain is equal to the damage dealt by Corrupt, not necessarily to the number of Swamps you control (if some or all of the damage is prevented, for example)."}, {"date": "2013-07-01", "text": "Corrupt counts any land you control with the subtype Swamp, not just ones named Swamp."}, {"date": "2022-10-14", "text": "Corrupt counts any land you control with the subtype Swamp, not just ones named Swamp."}], "setCode": "7ED", "sourceProducts": {"nonfoil": ["338f1f46-3973-5b8b-aafa-ddc9f478609f", "d2b19029-4765-5278-bf02-8f1ceb960b23"]}, "subtypes": [], "supertypes": [], "text": "Corrupt deals damage to any target equal to the number of Swamps you control. You gain life equal to the damage dealt this way.", "type": "Sorcery", "types": ["Sorcery"], "uuid": "6eff1f89-1eb6-5187-a956-7b398eaa6aaa", "variations": ["27accc75-a57b-5339-bc8f-bc9ed54e2c16"]}, {"artist": "David Martin", "artistIds": ["996ad764-4ae0-4952-8bb5-5a75c9d68275"], "availability": ["mtgo", "paper"], "boosterTypes": ["default"], "borderColor": "white", "colorIdentity": ["B"], "colors": [], "convertedManaCost": 2.0, "count": 1, "edhrecRank": 459, "edhrecSaltiness": 0.04, "finishes": ["nonfoil"], "foreignData": [{"identifiers": {"multiverseId": "182929", "scryfallId": "1937cb39-a4ca-4b88-af0b-e00110b8392d"}, "language": "German", "multiverseId": 182929, "name": "Nachtdiamant", "text": "Der Nachtdiamant kommt getappt ins Spiel.{T}: Erhöhe deinen Manavorrat um {B}.", "type": "Artefakt"}, {"identifiers": {"scryfallId": "e8e627b7-0a6a-4881-b008-a411ab4b0feb"}, "language": "Spanish", "name": "Diamante carbonífero"}, {"identifiers": {"multiverseId": "184345", "scryfallId": "0483f0ae-ad24-4e42-922b-f017bf532312"}, "language": "French", "multiverseId": 184345, "name": "Diamant du charbon", "text": "Le Diamant du charbon arrive en jeu engagé.\n{T} : Ajoutez {B} à votre réserve.", "type": "Artefact"}, {"identifiers": {"scryfallId": "20b5a1f7-409d-4891-8c7f-50587a2045e3"}, "language": "Japanese", "name": "炭色のダイアモンド"}, {"identifiers": {"scryfallId": "b68ced06-3502-4047-957b-3dcb2d20e447"}, "language": "Portuguese (Brazil)", "name": "Diamante de Carvão"}], "frameVersion": "1997", "hasFoil": false, "hasNonFoil": true, "identifiers": {"cardsphereFoilId": "2025", "cardsphereId": "2026", "mcmId": "3051", "mcmMetaId": "935", "mtgjsonV4Id": "a509f667-db88-5a9a-831c-cea03525f773", "mtgoFoilId": "15409", "mtgoId": "15408", "multiverseId": "15849", "scryfallCardBackId": "0aeebaf5-8c7d-4636-9e82-8c27447861f7", "scryfallId": "705c1d1d-e6e0-47fe-b642-b1ff0201bbf9", "scryfallIllustrationId": "57e34895-e817-480c-9a34-147012778b10", "scryfallOracleId": "1386d111-a2a7-4df1-91d7-947664126989", "tcgplayerProductId": "2847"}, "isFoil": false, "isReprint": true, "language": "English", "layout": "normal", "legalities": {"commander": "Legal", "duel": "Legal", "legacy": "Legal", "oathbreaker": "Legal", "pauper": "Legal", "paupercommander": "Legal", "predh": "Legal", "premodern": "Legal", "vintage": "Legal"}, "manaCost": "{2}", "manaValue": 2.0, "name": "Charcoal Diamond", "number": "289", "originalText": "Charcoal Diamond comes into play tapped.\noc\nT: Add o\nB to your mana pool.", "originalType": "Artifact", "printings": ["6ED", "7ED", "C14", "CLB", "CMR", "MIC", "MIR", "PLST", "VOC"], "purchaseUrls": {"cardmarket": "https://mtgjson.com/links/e0dd66f395887dcf", "tcgplayer": "https://mtgjson.com/links/64fb2ddb295a17be"}, "rarity": "uncommon", "setCode": "7ED", "sourceProducts": {"nonfoil": ["338f1f46-3973-5b8b-aafa-ddc9f478609f", "d2b19029-4765-5278-bf02-8f1ceb960b23"]}, "subtypes": [], "supertypes": [], "text": "Charcoal Diamond enters tapped.\n{T}: Add {B}.", "type": "Artifact", "types": ["Artifact"], "uuid": "0f73a0c5-b79d-592f-9c52-7d984e70ae66", "variations": ["7e423224-c4cc-584b-a870-220de5e33bd7", "8fbdf541-e8b8-5a1b-9778-24135772790d", "cf36c43e-97b5-575a-8ec2-a1d4f913671d"]}, {"artist": "D. J. Cleland-Hura", "artistIds": ["87d21070-2432-4167-8aab-5968af1c14f3"], "availability": ["mtgo", "paper"], "boosterTypes": ["default"], "borderColor": "white", "colorIdentity": ["B"], "colors": [], "convertedManaCost": 0.0, "count": 16, "edhrecSaltiness": 0.29, "finishes": ["nonfoil"], "foreignData": [{"identifiers": {"multiverseId": "182986", "scryfallId": "74839d59-22ac-4fdd-b201-be332622f60e"}, "language": "German", "multiverseId": 182986, "name": "Sumpf", "type": "Land"}, {"identifiers": {"scryfallId": "58faa065-868a-4404-ba22-fc08e09b7cde"}, "language": "Spanish", "name": "Pantano"}, {"identifiers": {"multiverseId": "184402", "scryfallId": "034a49aa-d2da-4a88-835e-c9b4e6c83995"}, "language": "French", "multiverseId": 184402, "name": "Marais", "type": "Terrain"}, {"identifiers": {"scryfallId": "729f8590-2a88-4360-888c-a47817b5e87b"}, "language": "Japanese", "name": "沼"}, {"identifiers": {"scryfallId": "80bb4ea6-5280-4403-a067-543ef2ba5e0a"}, "language": "Portuguese (Brazil)", "name": "Pântano"}], "frameVersion": "1997", "hasFoil": false, "hasNonFoil": true, "identifiers": {"cardsphereFoilId": "2547", "cardsphereId": "2548", "mcmId": "3108", "mtgjsonV4Id": "57f843bc-1684-52bd-bba8-d09566870e58", "mtgoFoilId": "15899", "mtgoId": "15898", "multiverseId": "11521", "scryfallCardBackId": "0aeebaf5-8c7d-4636-9e82-8c27447861f7", "scryfallId": "de7b6238-752d-49b7-8cdc-56587676e52d", "scryfallIllustrationId": "8455bb69-9c10-4e09-8b40-3f263ce0969f", "scryfallOracleId": "56719f6a-1a6c-4c0a-8d21-18f7d7350b68", "tcgplayerProductId": "18333"}, "isFoil": false, "isReprint": true, "language": "English", "layout": "normal", "legalities": {"alchemy": "Legal", "brawl": "Legal", "commander": "Legal", "duel": "Legal", "explorer": "Legal", "future": "Legal", "gladiator": "Legal", "historic": "Legal", "legacy": "Legal", "modern": "Legal", "oathbreaker": "Legal", "pauper": "Legal", "paupercommander": "Legal", "penny": "Legal", "pioneer": "Legal", "predh": "Legal", "premodern": "Legal", "standard": "Legal", "standardbrawl": "Legal", "timeless": "Legal", "vintage": "Legal"}, "manaValue": 0.0, "name": "Swamp", "number": "346", "originalText": "B", "originalType": "Land", "printings": ["10E", "2ED", "2XM", "30A", "3ED", "40K", "4BB", "4ED", "5ED", "6ED", "7ED", "8ED", "9ED", "ACR", "AFR", "AKH", "AKR", "ALA", "ANA", "ANB", "ARC", "ATH", "AVR", "BBD", "BFZ", "BLB", "BRB", "BRC", "BRO", "BTD", "C13", "C14", "C15", "C16", "C17", "C18", "C19", "CED", "CEI", "CHK", "CLB", "CLU", "CM2", "CMA", "CMD", "CMM", "CST", "DDC", "DDD", "DDE", "DDH", "DDJ", "DDK", "DDM", "DDN", "DDP", "DDQ", "DDR", "DKM", "DMR", "DMU", "DOM", "DPA", "DSK", "DTK", "DVD", "E01", "ELD", "FBB", "FDN", "FRF", "G17", "GK1", "GK2", "GN2", "GN3", "GNT", "GRN", "GVL", "H09", "HBG", "HOP", "HOU", "ICE", "IKO", "INV", "ISD", "ITP", "J14", "J22", "JMP", "KHM", "KLD", "KLR", "KTK", "LCI", "LEA", "LEB", "LRW", "LTR", "M10", "M11", "M12", "M13", "M14", "M15", "M19", "M20", "M21", "MBS", "MD1", "ME1", "ME3", "MH2", "MH3", "MID", "MIR", "MKM", "MMQ", "MOM", "MRD", "NEO", "NPH", "ODY", "OLEP", "ONE", "ONS", "ORI", "OTJ", "P02", "P23", "PAL00", "PAL01", "PAL03", "PAL04", "PAL05", "PAL06", "PAL99", "PALP", "PANA", "PARL", "PC2", "PCA", "PD3", "PELP", "PF19", "PF20", "PGPX", "PGRU", "PHUK", "PIP", "PLST", "PMPS", "PMPS06", "PMPS07", "PMPS08", "PMPS09", "PMPS10", "PMPS11", "POR", "PPP1", "PRM", "PRW2", "PRWK", "PS11", "PSAL", "PSS2", "PSS3", "PSS4", "PTC", "PTK", "RAV", "REX", "RIX", "RNA", "ROE", "RQS", "RTR", "S99", "SCD", "SHM", "SIR", "SLD", "SNC", "SOI", "SOM", "STX", "SUM", "TD0", "TD2", "THB", "THS", "TMP", "TPR", "TSP", "UGL", "UND", "UNF", "UNH", "USG", "UST", "VOW", "WAR", "WC01", "WC02", "WC03", "WC97", "WC98", "WC99", "WHO", "WOE", "XANA", "XLN", "ZEN", "ZNR"], "purchaseUrls": {"tcgplayer": "https://mtgjson.com/links/75bdc409645ac2e9"}, "rarity": "common", "setCode": "7ED", "sourceProducts": {"nonfoil": ["338f1f46-3973-5b8b-aafa-ddc9f478609f", "3dd7bc41-7dc5-5214-b2cd-4cc2447684f2", "d2b19029-4765-5278-bf02-8f1ceb960b23"]}, "subtypes": ["Swamp"], "supertypes": ["Basic"], "text": "({T}: Add {B}.)", "type": "Basic Land — Swamp", "types": ["Land"], "uuid": "e4e15dca-62b2-5f85-bf4b-cbcd280afdd8", "variations": ["60f84c9d-c745-51c7-8689-d2cea6783c52", "703fb90f-02d8-57d5-93f0-4fa063e96845", "0b3e0893-4955-5b0b-a2b7-e6c0f14fdd41", "53999dfd-8247-5fde-804b-0f5ae7a09df8", "60617c18-95fc-53b9-b718-efc8ca480615", "52488505-152f-50ac-abef-9a28b950478e", "39c3e8cf-9bb1-5fa6-b69a-5ad4c3bcbba4"]}], "name": "Decay", "releaseDate": "2001-04-11", "sealedProductUuids": null, "sideBoard": [], "type": "Theme Deck"}}