{"meta": {"date": "2024-09-03", "version": "5.2.2+20240903"}, "data": {"code": "6ED", "commander": [], "mainBoard": [{"artist": "Doug Chaffee", "artistIds": ["dd587b27-dca3-4219-aa55-b285a7a77030"], "availability": ["paper"], "boosterTypes": ["default"], "borderColor": "white", "colorIdentity": ["U"], "colors": ["U"], "convertedManaCost": 5.0, "count": 1, "edhrecRank": 21262, "finishes": ["nonfoil"], "flavorText": "As insubstantial, and as powerful, as the wind that carries it.", "foreignData": [{"identifiers": {"scryfallId": "572c8e03-59e1-455a-8183-a48f4c981049"}, "language": "German", "name": "Luftelementar", "text": "fliegend", "type": "Kreatur — Elementarwesen"}, {"identifiers": {"scryfallId": "1188cf81-0ee2-408d-9d80-5fc712f959e6"}, "language": "Spanish", "name": "Elemental del aire"}, {"identifiers": {"scryfallId": "553726ff-e6c0-48af-b3f2-59b6d81c3327"}, "language": "French", "name": "Elémental d'air"}, {"identifiers": {"scryfallId": "307bc9a4-6643-4991-b346-0cd0a60f21ee"}, "language": "Italian", "name": "Elementale dell'Aria"}, {"identifiers": {"scryfallId": "ca534eeb-1a39-498c-990c-efb379e05da8"}, "language": "Japanese", "name": "大気の精霊"}, {"identifiers": {"scryfallId": "2dbda696-25fe-4d7c-afc0-f80e10657e8a"}, "language": "Portuguese (Brazil)", "name": "Elemental do Ar"}], "frameVersion": "1997", "hasFoil": false, "hasNonFoil": true, "identifiers": {"cardsphereId": "1605", "mcmId": "10899", "mtgjsonV4Id": "4eb1c70a-8c69-54d0-be32-2e63eff800f3", "multiverseId": "15371", "scryfallCardBackId": "0aeebaf5-8c7d-4636-9e82-8c27447861f7", "scryfallId": "5d31dca7-df16-4a70-8f17-b78d745bac96", "scryfallIllustrationId": "a55c085a-cd1f-4bd4-b507-5cb1ee7633b1", "scryfallOracleId": "7744bae4-a8b7-44a5-9b4c-0048ad4cc448", "tcgplayerProductId": "2465"}, "isFoil": false, "isReprint": true, "keywords": ["Flying"], "language": "English", "layout": "normal", "legalities": {"alchemy": "Legal", "brawl": "Legal", "commander": "Legal", "duel": "Legal", "explorer": "Legal", "gladiator": "Legal", "historic": "Legal", "legacy": "Legal", "modern": "Legal", "oathbreaker": "Legal", "paupercommander": "Restricted", "penny": "Legal", "pioneer": "Legal", "predh": "Legal", "premodern": "Legal", "timeless": "Legal", "vintage": "Legal"}, "manaCost": "{3}{U}{U}", "manaValue": 5.0, "name": "Air Elemental", "number": "56", "originalText": "Flying", "originalType": "Creature - Elemental", "power": "4", "printings": ["10E", "2ED", "30A", "3ED", "4BB", "4ED", "5ED", "6ED", "7ED", "8ED", "9ED", "ANB", "BRB", "BTD", "CED", "CEI", "DD2", "DPA", "FBB", "GNT", "JVC", "LEA", "LEB", "M10", "M19", "M20", "ME4", "P02", "PLST", "PS11", "S99", "SUM", "W17", "XLN"], "purchaseUrls": {"tcgplayer": "https://mtgjson.com/links/3517b9aba2fcfa1d"}, "rarity": "uncommon", "setCode": "6ED", "sourceProducts": {"nonfoil": ["45c579b9-6951-59e1-8d30-f44a600f2a56", "55e22afb-ad7d-52cd-ab52-056e3a9705b0", "8b18a7df-17b2-557c-bb4d-aa66ad5afd8f"]}, "subtypes": ["Elemental"], "supertypes": [], "text": "Flying", "toughness": "4", "type": "Creature — Elemental", "types": ["Creature"], "uuid": "be132567-6735-5e7f-933a-7726b770a60a"}, {"artist": "Anson Maddocks", "artistIds": ["634430a7-b5c3-4e4a-b2ac-164e084e47c9"], "availability": ["paper"], "boosterTypes": ["default"], "borderColor": "white", "colorIdentity": ["R"], "colors": ["R"], "convertedManaCost": 4.0, "count": 1, "edhrecRank": 25225, "finishes": ["nonfoil"], "flavorText": "\"Not all minotaurs are tribal. Some are freelance.\"\n—Eron the Relentless", "foreignData": [{"identifiers": {"scryfallId": "e4298d9c-5c4d-471d-a2ee-c57e022082c6"}, "language": "German", "name": "Anaba-Leibwächter", "text": "Erstschlag", "type": "Kreatur — Minotaurus"}, {"identifiers": {"scryfallId": "04f27740-0293-4167-b457-a18b6d39c780"}, "language": "Spanish", "name": "Guardaespaldas de Anaba"}, {"identifiers": {"scryfallId": "04f14008-671c-4093-b961-406ff982066c"}, "language": "French", "name": "Garde du corps anabaan"}, {"identifiers": {"scryfallId": "0093b988-ed77-4c99-84f4-8950c1ebc5f3"}, "language": "Italian", "name": "Guardia del Corpo di Anaba"}, {"identifiers": {"scryfallId": "bf6c6408-5acd-4d9f-aece-ce847ba51803"}, "language": "Japanese", "name": "アナーバのボディガード"}, {"identifiers": {"scryfallId": "8b3de59a-efbd-4245-88ce-da28ac16614f"}, "language": "Portuguese (Brazil)", "name": "Guarda-costas de Anaba"}], "frameVersion": "1997", "hasFoil": false, "hasNonFoil": true, "identifiers": {"cardsphereId": "1608", "mcmId": "11007", "mtgjsonV4Id": "5a6f7b7a-1adf-5bbe-9f48-32b4080ee1ad", "multiverseId": "16444", "scryfallCardBackId": "0aeebaf5-8c7d-4636-9e82-8c27447861f7", "scryfallId": "13c21e32-6f43-4475-bd9e-472ca8cbd4a6", "scryfallIllustrationId": "2a89db7c-284c-4e75-aa83-b920a2f246eb", "scryfallOracleId": "8c64db66-879e-46ad-9d11-8a95b6cf5d19", "tcgplayerProductId": "2468"}, "isFoil": false, "isReprint": true, "keywords": ["First strike"], "language": "English", "layout": "normal", "legalities": {"commander": "Legal", "duel": "Legal", "legacy": "Legal", "modern": "Legal", "oathbreaker": "Legal", "pauper": "Legal", "paupercommander": "Legal", "penny": "Legal", "predh": "Legal", "premodern": "Legal", "vintage": "Legal"}, "manaCost": "{3}{R}", "manaValue": 4.0, "name": "Anaba Bodyguard", "number": "164", "originalText": "First strike", "originalType": "Creature - Minotaur", "power": "2", "printings": ["10E", "6ED", "HML"], "purchaseUrls": {"tcgplayer": "https://mtgjson.com/links/3a736c3be63a8de1"}, "rarity": "common", "setCode": "6ED", "sourceProducts": {"nonfoil": ["45c579b9-6951-59e1-8d30-f44a600f2a56", "55e22afb-ad7d-52cd-ab52-056e3a9705b0", "8b18a7df-17b2-557c-bb4d-aa66ad5afd8f"]}, "subtypes": ["Minotaur"], "supertypes": [], "text": "First strike (This creature deals combat damage before creatures without first strike.)", "toughness": "3", "type": "Creature — Minotaur", "types": ["Creature"], "uuid": "ce5cc7af-7e24-570a-b854-70ebf30bec18"}, {"artist": "Douglas Shuler", "artistIds": ["a9ddb513-51c7-455c-ab8f-5b90aae9f75b"], "availability": ["paper"], "boosterTypes": ["default"], "borderColor": "white", "colorIdentity": ["W"], "colors": ["W"], "convertedManaCost": 3.0, "count": 1, "edhrecRank": 16635, "finishes": ["nonfoil"], "flavorText": "Avenant's archers are also trained as poets, so that each arrow is guided by a fragment of verse.", "foreignData": [{"identifiers": {"scryfallId": "a6574436-8b42-4fdd-9533-032f73b35ad5"}, "language": "German", "name": "Bogenschütze aus D'Avenant", "text": "{T}:Der Bogenschütze aus D'Avenant fügt einer angreifenden oder verteidigenden Kreatur 1 Schadenspunkt zu.", "type": "Kreatur — Bogen — schütze"}, {"identifiers": {"scryfallId": "394c6fa2-bbdc-4694-94d9-0e3307f493b6"}, "language": "Spanish", "name": "Arquera D'Avenant"}, {"identifiers": {"scryfallId": "c95d013c-6551-486e-acf3-f2bd8de28016"}, "language": "French", "name": "Archère d'Avenant"}, {"identifiers": {"scryfallId": "56cd1538-192b-40aa-b576-10270a609c5b"}, "language": "Italian", "name": "Arciere di D'Avenant"}, {"identifiers": {"scryfallId": "cd58513b-6658-4e48-b939-a43e43e7f81f"}, "language": "Japanese", "name": "ダブナントの射手"}, {"identifiers": {"scryfallId": "7f8dcf27-f633-4060-842e-1b2c1a6d185d"}, "language": "Portuguese (Brazil)", "name": "Arqueiro DíAvenant"}], "frameVersion": "1997", "hasFoil": false, "hasNonFoil": true, "identifiers": {"cardsphereId": "1656", "mcmId": "10858", "mtgjsonV4Id": "ceac56ff-f97a-5439-a27b-fafa84b15164", "multiverseId": "14472", "scryfallCardBackId": "0aeebaf5-8c7d-4636-9e82-8c27447861f7", "scryfallId": "e97985bb-75ab-454e-894d-963890043caf", "scryfallIllustrationId": "db0b0789-0ba0-458e-b9b3-2fbbbfcb8ab8", "scryfallOracleId": "81bc4a5e-812f-4809-b6df-271c3c22f4fc", "tcgplayerProductId": "2536"}, "isFoil": false, "isReprint": true, "language": "English", "layout": "normal", "legalities": {"commander": "Legal", "duel": "Legal", "legacy": "Legal", "oathbreaker": "Legal", "oldschool": "Legal", "pauper": "Legal", "paupercommander": "Legal", "penny": "Legal", "predh": "Legal", "premodern": "Legal", "vintage": "Legal"}, "manaCost": "{2}{W}", "manaValue": 3.0, "name": "D'Avenant Archer", "number": "15", "originalText": "oc\nT: D'Avenant Archer deals 1 damage to target attacking or blocking creature.", "originalType": "Creature - Soldier", "power": "1", "printings": ["5ED", "6ED", "BCHR", "CHR", "LEG", "ME3"], "purchaseUrls": {"tcgplayer": "https://mtgjson.com/links/da4bd31e7fc91196"}, "rarity": "common", "setCode": "6ED", "sourceProducts": {"nonfoil": ["45c579b9-6951-59e1-8d30-f44a600f2a56", "55e22afb-ad7d-52cd-ab52-056e3a9705b0", "8b18a7df-17b2-557c-bb4d-aa66ad5afd8f"]}, "subtypes": ["Human", "Soldier", "Archer"], "supertypes": [], "text": "{T}: D'Avenant Archer deals 1 damage to target attacking or blocking creature.", "toughness": "2", "type": "Creature — Human Soldier Archer", "types": ["Creature"], "uuid": "81653e43-7cf2-5583-addd-9467aab4eac1"}, {"artist": "DiTerlizzi", "artistIds": ["ed44dce4-30cf-4c2c-b2e1-a19ba2295690"], "availability": ["paper"], "boosterTypes": ["default"], "borderColor": "white", "colorIdentity": ["U"], "colors": ["U"], "convertedManaCost": 3.0, "count": 1, "edhrecRank": 20559, "edhrecSaltiness": 0.33, "finishes": ["nonfoil"], "flavorText": "\"So like men are they: a hardened shell with fragile flesh beneath.\"\n—Selenia, dark angel", "foreignData": [{"identifiers": {"scryfallId": "bc2b2168-16ef-4eb6-a8fa-4c8e3047afe7"}, "language": "German", "name": "Hornschildkröte", "type": "Kreatur — Schildkröte"}, {"identifiers": {"scryfallId": "205513b9-502b-4c07-a3b5-a72b805b76fa"}, "language": "Spanish", "name": "Tortuga astada"}, {"identifiers": {"scryfallId": "b5a3aa6b-5a34-4aeb-b70c-9f5aac878fad"}, "language": "French", "name": "Tortue cornue"}, {"identifiers": {"scryfallId": "40a53675-93e0-4856-a35c-0552febd55ff"}, "language": "Italian", "name": "Tartaruga Cornuta"}, {"identifiers": {"scryfallId": "512e85e8-d479-44c9-90a6-bf2ae66a6542"}, "language": "Japanese", "name": "角海亀"}, {"identifiers": {"scryfallId": "408990a0-32f0-4d1a-8d46-e182c97881f0"}, "language": "Portuguese (Brazil)", "name": "Tartaruga Marinha com Chifres"}], "frameVersion": "1997", "hasFoil": false, "hasNonFoil": true, "identifiers": {"cardsphereId": "1746", "mcmId": "10917", "mtgjsonV4Id": "704d60cb-7b3e-5e2a-80ee-2d731f7195da", "multiverseId": "14524", "scryfallCardBackId": "0aeebaf5-8c7d-4636-9e82-8c27447861f7", "scryfallId": "b63e2f7d-52aa-43a1-ab86-7a510a131b4c", "scryfallIllustrationId": "e6039a6f-7fb4-45ef-a0a1-c9b6ffaceb15", "scryfallOracleId": "7a4ae76b-6241-4fa8-b239-5ec941a0e7df", "tcgplayerProductId": "2606"}, "isFoil": false, "isReprint": true, "language": "English", "layout": "normal", "legalities": {"commander": "Legal", "duel": "Legal", "legacy": "Legal", "modern": "Legal", "oathbreaker": "Legal", "pauper": "Legal", "paupercommander": "Legal", "penny": "Legal", "predh": "Legal", "premodern": "Legal", "vintage": "Legal"}, "manaCost": "{2}{U}", "manaValue": 3.0, "name": "Horned Turtle", "number": "74", "originalType": "Creature - Turtle", "power": "1", "printings": ["6ED", "7ED", "8ED", "9ED", "M10", "PLST", "POR", "TMP", "TPR"], "purchaseUrls": {"tcgplayer": "https://mtgjson.com/links/523a6e2da76936c4"}, "rarity": "common", "setCode": "6ED", "sourceProducts": {"nonfoil": ["45c579b9-6951-59e1-8d30-f44a600f2a56", "55e22afb-ad7d-52cd-ab52-056e3a9705b0", "8b18a7df-17b2-557c-bb4d-aa66ad5afd8f"]}, "subtypes": ["Turtle"], "supertypes": [], "toughness": "4", "type": "Creature — Turtle", "types": ["Creature"], "uuid": "c6642786-7753-5fd7-a9e9-64fb0291d10c"}, {"artist": "John Matson", "artistIds": ["a1685587-4b55-446b-b420-c37b202ed3f1"], "availability": ["paper"], "boosterTypes": ["default"], "borderColor": "white", "colorIdentity": ["U"], "colors": ["U"], "convertedManaCost": 3.0, "count": 1, "edhrecRank": 15454, "edhrecSaltiness": 0.33, "finishes": ["nonfoil"], "flavorText": "The phantom warrior comes from nowhere and returns there just as quickly.", "foreignData": [{"identifiers": {"scryfallId": "7418b27a-d109-4ed9-bf1f-d84ab7860869"}, "language": "German", "name": "Phantomkrieger", "text": "Der Phantomkrieger kann nicht geblockt werden.", "type": "Kreatur — Illusion"}, {"identifiers": {"scryfallId": "a206ca36-a0ee-40f6-88db-f6f8a1326a97"}, "language": "Spanish", "name": "Guerrero fantasmal"}, {"identifiers": {"scryfallId": "b4a712db-8fe8-4bd6-a798-6b7cdc07f4d4"}, "language": "French", "name": "Guerrier fantomatique"}, {"identifiers": {"scryfallId": "c0a342ed-6191-4475-984f-afd67a74ebb5"}, "language": "Italian", "name": "Guerriero Fantasma"}, {"identifiers": {"scryfallId": "613e2a17-8beb-4f97-87a7-d3db26405fbf"}, "language": "Japanese", "name": "幻影の戦士"}, {"identifiers": {"scryfallId": "b56c694a-2c4e-4540-950a-6beef4beed8e"}, "language": "Portuguese (Brazil)", "name": "Guerreiro Fantasma"}], "frameVersion": "1997", "hasFoil": false, "hasNonFoil": true, "identifiers": {"cardsphereId": "1821", "mcmId": "10928", "mtgjsonV4Id": "e39dbdfa-a952-5cef-b696-9ed0febdb709", "multiverseId": "14540", "scryfallCardBackId": "0aeebaf5-8c7d-4636-9e82-8c27447861f7", "scryfallId": "215e560f-077b-4a4f-aba3-e5c8dab912fe", "scryfallIllustrationId": "45f3a345-d84a-47e0-8545-5573c001894e", "scryfallOracleId": "23745133-e5e2-4ce3-b94a-73d0d3d8a013", "tcgplayerProductId": "2681"}, "isFoil": false, "isReprint": true, "language": "English", "layout": "normal", "legalities": {"brawl": "Legal", "commander": "Legal", "duel": "Legal", "explorer": "Legal", "gladiator": "Legal", "historic": "Legal", "legacy": "Legal", "modern": "Legal", "oathbreaker": "Legal", "pauper": "Legal", "paupercommander": "Legal", "penny": "Legal", "pioneer": "Legal", "predh": "Legal", "premodern": "Legal", "timeless": "Legal", "vintage": "Legal"}, "manaCost": "{1}{U}{U}", "manaValue": 3.0, "name": "Phantom Warrior", "number": "85", "originalText": "Phantom Warrior is unblockable.", "originalType": "Creature - Illusion", "power": "2", "printings": ["10E", "6ED", "7ED", "8ED", "9ED", "BBD", "DPA", "M10", "M14", "M20", "POR", "PS11", "S99", "WTH"], "purchaseUrls": {"tcgplayer": "https://mtgjson.com/links/205f9112906ab064"}, "rarity": "uncommon", "setCode": "6ED", "sourceProducts": {"nonfoil": ["45c579b9-6951-59e1-8d30-f44a600f2a56", "55e22afb-ad7d-52cd-ab52-056e3a9705b0", "8b18a7df-17b2-557c-bb4d-aa66ad5afd8f"]}, "subtypes": ["Illusion", "Warrior"], "supertypes": [], "text": "Phantom Warrior can't be blocked.", "toughness": "2", "type": "Creature — Illusion Warrior", "types": ["Creature"], "uuid": "b928a993-a4f5-567b-a558-bd0d830c4acd"}, {"artist": "Douglas Shuler", "artistIds": ["a9ddb513-51c7-455c-ab8f-5b90aae9f75b"], "availability": ["paper"], "boosterTypes": ["default"], "borderColor": "white", "colorIdentity": ["U"], "colors": ["U"], "convertedManaCost": 3.0, "count": 1, "edhrecRank": 7933, "finishes": ["nonfoil"], "flavorText": "Occasionally members of the Institute of Arcane Study acquire a taste for worldly pleasures. Seldom do they have trouble finding employment.", "foreignData": [{"identifiers": {"scryfallId": "0be7dad4-2412-4f27-8528-38e2f5fe6612"}, "language": "German", "name": "Abtrünniger Zauberer", "text": "{T}: Der Abtrünnige Zauberer fügt einer Kreatur oder einem Spieler Deiner Wahl 1 Schadenspunkt zu.", "type": "Kreatur — Zauberer"}, {"identifiers": {"scryfallId": "f379fbeb-bffc-4c0a-964b-28d3a1cb4fc5"}, "language": "Spanish", "name": "Hechicero pródigo"}, {"identifiers": {"scryfallId": "a35ee2c0-2f3a-447f-8d5e-c12afa599bd7"}, "language": "French", "name": "Sorcier sybarite"}, {"identifiers": {"scryfallId": "91e4abb1-08fc-4a99-b807-f92bce407434"}, "language": "Italian", "name": "Stregone Errante"}, {"identifiers": {"scryfallId": "d81fe67b-ab23-4b36-b762-c9df31fdbc1c"}, "language": "Japanese", "name": "放蕩魔術師"}, {"identifiers": {"scryfallId": "24a7bae3-e740-4442-a4fc-07c371808ccb"}, "language": "Portuguese (Brazil)", "name": "Feiticeiro Pródigo"}], "frameVersion": "1997", "hasFoil": false, "hasNonFoil": true, "identifiers": {"cardsphereId": "1832", "mcmId": "10931", "mtgjsonV4Id": "e00537bf-a885-5e7e-8aee-e7d8f58258c6", "multiverseId": "14523", "scryfallCardBackId": "0aeebaf5-8c7d-4636-9e82-8c27447861f7", "scryfallId": "9bf045ee-7923-4b3d-9bb4-f573d37cc7d8", "scryfallIllustrationId": "36cdffe3-29e6-4121-8a65-106217c4e9df", "scryfallOracleId": "5e961d15-5972-4e4b-9385-1cd7cd7c6bbe", "tcgplayerProductId": "2692"}, "isFoil": false, "isReprint": true, "language": "English", "layout": "normal", "legalities": {"commander": "Legal", "duel": "Legal", "legacy": "Legal", "modern": "Legal", "oathbreaker": "Legal", "oldschool": "Legal", "pauper": "Legal", "paupercommander": "Legal", "penny": "Legal", "predh": "Legal", "premodern": "Legal", "vintage": "Legal"}, "manaCost": "{2}{U}", "manaValue": 3.0, "name": "Prodigal Sorcerer", "number": "88", "originalText": "oc\nT: Prodigal Sorcerer deals 1 damage to target creature or player.", "originalType": "Creature - Wizard", "power": "1", "printings": ["2ED", "30A", "3ED", "4BB", "4ED", "5ED", "6ED", "7ED", "BRB", "CED", "CEI", "EMA", "FBB", "FNM", "LEA", "LEB", "ME4", "PLST", "PRM", "SLD", "SUM", "TSB", "WC01"], "purchaseUrls": {"tcgplayer": "https://mtgjson.com/links/79f20d744a425e93"}, "rarity": "common", "setCode": "6ED", "sourceProducts": {"nonfoil": ["45c579b9-6951-59e1-8d30-f44a600f2a56", "55e22afb-ad7d-52cd-ab52-056e3a9705b0", "8b18a7df-17b2-557c-bb4d-aa66ad5afd8f", "b5ad501f-0aba-503e-ae55-d66e1b27de1b"]}, "subtypes": ["Human", "Wizard"], "supertypes": [], "text": "{T}: Prodigal Sorcerer deals 1 damage to any target.", "toughness": "1", "type": "Creature — Human Wizard", "types": ["Creature"], "uuid": "ab62553a-d382-5fce-aefd-3bffc244f58b"}, {"artist": "Melissa A. Benson", "artistIds": ["9ade7727-1436-4828-9a1d-487c3d2ad1d9"], "availability": ["paper"], "boosterTypes": ["default"], "borderColor": "white", "colorIdentity": ["R"], "colors": ["R"], "convertedManaCost": 3.0, "count": 1, "edhrecRank": 26305, "finishes": ["nonfoil"], "flavorText": "\"I fear anything with teeth measured in handspans!\"\n—Norin the Wary", "foreignData": [{"identifiers": {"scryfallId": "52413226-57aa-415a-89e1-0485fc58ce40"}, "language": "German", "name": "Säbelzahntiger", "text": "Erstschlag", "type": "Kreatur — Tiger"}, {"identifiers": {"scryfallId": "224b4b96-f6fe-4dbf-9823-96813054a8e4"}, "language": "Spanish", "name": "Tigre dientes de sable"}, {"identifiers": {"scryfallId": "28427811-ef23-4fc2-872a-bf8acc785cd5"}, "language": "French", "name": "Tigre à dents de sabre"}, {"identifiers": {"scryfallId": "f053974c-aa1a-4c20-a5cf-7f5a5c7d2ac8"}, "language": "Italian", "name": "Tigre dai Denti a Sciabola"}, {"identifiers": {"scryfallId": "21cbcf45-2178-4aee-904f-eb927b0f6553"}, "language": "Japanese", "name": "剣歯虎"}, {"identifiers": {"scryfallId": "cbc09682-97c2-4e23-b4f8-8db25373722b"}, "language": "Portuguese (Brazil)", "name": "Tigre Dentes-de-Sabre"}], "frameVersion": "1997", "hasFoil": false, "hasNonFoil": true, "identifiers": {"cardsphereId": "1860", "mcmId": "11046", "mtgjsonV4Id": "f0c7609a-8b94-50c1-8097-ac7ae685fddb", "multiverseId": "11476", "scryfallCardBackId": "0aeebaf5-8c7d-4636-9e82-8c27447861f7", "scryfallId": "b4f0585f-f4ea-4b49-b090-8fdf56e5de7d", "scryfallIllustrationId": "21d17050-0826-4161-9520-b54812d23626", "scryfallOracleId": "8ea35158-1c1a-46da-b466-0eafb376e464", "tcgplayerProductId": "2720"}, "isFoil": false, "isReprint": true, "keywords": ["First strike"], "language": "English", "layout": "normal", "legalities": {"commander": "Legal", "duel": "Legal", "legacy": "Legal", "modern": "Legal", "oathbreaker": "Legal", "pauper": "Legal", "paupercommander": "Legal", "penny": "Legal", "predh": "Legal", "premodern": "Legal", "vintage": "Legal"}, "manaCost": "{2}{R}", "manaValue": 3.0, "name": "Sabretooth Tiger", "number": "203", "originalText": "First strike", "originalType": "Creature - Tiger", "power": "2", "printings": ["5ED", "6ED", "7ED", "8ED", "ICE"], "purchaseUrls": {"tcgplayer": "https://mtgjson.com/links/a2c6d993c16276df"}, "rarity": "common", "setCode": "6ED", "sourceProducts": {"nonfoil": ["45c579b9-6951-59e1-8d30-f44a600f2a56", "55e22afb-ad7d-52cd-ab52-056e3a9705b0", "8b18a7df-17b2-557c-bb4d-aa66ad5afd8f"]}, "subtypes": ["Cat"], "supertypes": [], "text": "First strike", "toughness": "1", "type": "Creature — Cat", "types": ["Creature"], "uuid": "61d83a74-5894-5340-977c-0d8b9fed9425"}, {"artist": "Ron Spencer", "artistIds": ["dab52c11-0564-4207-a4a1-c1735c946a65"], "availability": ["paper"], "boosterTypes": ["default"], "borderColor": "white", "colorIdentity": ["U"], "colors": ["U"], "convertedManaCost": 6.0, "count": 1, "edhrecRank": 27039, "edhrecSaltiness": 0.06, "finishes": ["nonfoil"], "flavorText": "She had expected death to roar, to thunder, to growl. She did not recognize it when it came hissing to her side.", "foreignData": [{"identifiers": {"scryfallId": "00770fe8-7866-4375-b00e-77a2b62e0fce"}, "language": "German", "name": "Lispelnder Geist", "text": "Fliegend\nImmer wenn der Lispelnde Geist angreift, kann der verteidigende Spieler eine Karte ziehen.", "type": "Kreatur — Geist"}, {"identifiers": {"scryfallId": "98d187e0-9174-40d0-ba68-71e16f740c60"}, "language": "Spanish", "name": "Espíritu sibilante"}, {"identifiers": {"scryfallId": "3a6e95e6-41b3-4c12-99ed-3a83adadfc87"}, "language": "French", "name": "Esprit stridulent"}, {"identifiers": {"scryfallId": "cdb25ab1-d49e-4631-953e-1bd9a06c9919"}, "language": "Italian", "name": "Spirito Sibilante"}, {"identifiers": {"scryfallId": "8bec289b-647b-4849-80f5-16843e6c8aef"}, "language": "Japanese", "name": "風鳴りの精"}, {"identifiers": {"scryfallId": "dcee67df-f2af-4ee1-969b-6c57f6c0b8a8"}, "language": "Portuguese (Brazil)", "name": "Espírito Sibilante"}], "frameVersion": "1997", "hasFoil": false, "hasNonFoil": true, "identifiers": {"cardsphereId": "1874", "mcmId": "10941", "mtgjsonV4Id": "62a30c15-8725-5f2b-8528-7ff7dd948cec", "multiverseId": "11502", "scryfallCardBackId": "0aeebaf5-8c7d-4636-9e82-8c27447861f7", "scryfallId": "fd219fee-45d2-4d68-911e-9ecdc3a6e81c", "scryfallIllustrationId": "9af78023-55c1-43e4-96b1-654fae36f49c", "scryfallOracleId": "9798d307-a44a-4f44-94c7-03e499b94962", "tcgplayerProductId": "2734"}, "isFoil": false, "isReprint": true, "keywords": ["Flying"], "language": "English", "layout": "normal", "legalities": {"commander": "Legal", "duel": "Legal", "legacy": "Legal", "oathbreaker": "Legal", "penny": "Legal", "predh": "Legal", "premodern": "Legal", "vintage": "Legal"}, "manaCost": "{5}{U}", "manaValue": 6.0, "name": "Sibilant Spirit", "number": "98", "originalText": "Flying\nWhenever Sibilant Spirit attacks, defending player may draw a card.", "originalType": "Creature - Spirit", "power": "5", "printings": ["5ED", "6ED", "ICE", "ME2", "OLEP"], "purchaseUrls": {"tcgplayer": "https://mtgjson.com/links/f3799a8d19692f5e"}, "rarity": "rare", "rulings": [{"date": "2004-10-04", "text": "Your opponent does not have to draw a card if they don’t want to."}], "setCode": "6ED", "sourceProducts": {"nonfoil": ["45c579b9-6951-59e1-8d30-f44a600f2a56", "55e22afb-ad7d-52cd-ab52-056e3a9705b0", "8b18a7df-17b2-557c-bb4d-aa66ad5afd8f"]}, "subtypes": ["Spirit"], "supertypes": [], "text": "Flying\nWhenever Sibilant Spirit attacks, defending player may draw a card.", "toughness": "6", "type": "Creature — Spirit", "types": ["Creature"], "uuid": "e74cf0ac-f2f7-5a33-8be7-99d6b21150ab"}, {"artist": "Una Fricker", "artistIds": ["0471a371-1bf8-49f2-8e76-cbe3a0bfa7e8"], "availability": ["paper"], "boosterTypes": ["default"], "borderColor": "white", "colorIdentity": ["U"], "colors": ["U"], "convertedManaCost": 2.0, "count": 1, "edhrecRank": 17314, "edhrecSaltiness": 0.73, "finishes": ["nonfoil"], "flavorText": "Storm crow descending, winter unending. Storm crow departing, summer is starting.", "foreignData": [{"identifiers": {"scryfallId": "319b97d3-5df9-4582-b4da-f0795472ab5f"}, "language": "German", "name": "Sturmkrähe", "text": "Fliegend", "type": "Kreatur — Vogel"}, {"identifiers": {"scryfallId": "5421732b-e40e-4cb4-a8ec-c5b3eaf8714c"}, "language": "Spanish", "name": "Cuervo de la tempestad"}, {"identifiers": {"scryfallId": "a6e07944-0bf0-4cf9-839c-69e89766e4a9"}, "language": "French", "name": "Corbeau de l'orage"}, {"identifiers": {"scryfallId": "b07ca970-237f-45ae-a473-0006dc67ce8c"}, "language": "Italian", "name": "Corvo delle Tempeste"}, {"identifiers": {"scryfallId": "8ab7d15b-71f5-4ad8-89d2-b54893916fa4"}, "language": "Japanese", "name": "嵐雲のカラス"}, {"identifiers": {"scryfallId": "396e7c74-d904-49cb-af32-d349a3999600"}, "language": "Portuguese (Brazil)", "name": "Corvo da Tempestade"}], "frameVersion": "1997", "hasFoil": false, "hasNonFoil": true, "identifiers": {"cardsphereId": "1889", "mcmId": "10944", "mtgjsonV4Id": "8ad1152a-9560-582c-9a07-021497102047", "multiverseId": "14753", "scryfallCardBackId": "0aeebaf5-8c7d-4636-9e82-8c27447861f7", "scryfallId": "3a1bf438-3cd8-4bd8-85f1-fc97f49b44d9", "scryfallIllustrationId": "e3afc26c-9b85-44a9-ab94-04d7a6ff4f48", "scryfallOracleId": "000d5588-5a4c-434e-988d-396632ade42c", "tcgplayerProductId": "2749"}, "isFoil": false, "isReprint": true, "keywords": ["Flying"], "language": "English", "layout": "normal", "legalities": {"commander": "Legal", "duel": "Legal", "legacy": "Legal", "modern": "Legal", "oathbreaker": "Legal", "pauper": "Legal", "paupercommander": "Legal", "penny": "Legal", "predh": "Legal", "premodern": "Legal", "vintage": "Legal"}, "manaCost": "{1}{U}", "manaValue": 2.0, "name": "Storm Crow", "number": "101", "originalText": "Flying", "originalType": "Creature - Bird", "power": "1", "printings": ["6ED", "7ED", "8ED", "9ED", "ALL", "PLST", "POR", "S99", "SLD"], "purchaseUrls": {"tcgplayer": "https://mtgjson.com/links/55a7f40154d23066"}, "rarity": "common", "setCode": "6ED", "sourceProducts": {"nonfoil": ["45c579b9-6951-59e1-8d30-f44a600f2a56", "55e22afb-ad7d-52cd-ab52-056e3a9705b0", "8b18a7df-17b2-557c-bb4d-aa66ad5afd8f"]}, "subtypes": ["Bird"], "supertypes": [], "text": "Flying (This creature can't be blocked except by creatures with flying or reach.)", "toughness": "2", "type": "Creature — Bird", "types": ["Creature"], "uuid": "9a78cca7-dc6a-54c2-8fc6-078691a06732"}, {"artist": "D. Alexander Gregory", "artistIds": ["38433e15-f0f5-4223-a985-2d13c4aa0922"], "availability": ["paper"], "boosterTypes": ["default"], "borderColor": "white", "colorIdentity": ["W"], "colors": ["W"], "convertedManaCost": 3.0, "count": 1, "edhrecRank": 23927, "finishes": ["nonfoil"], "flavorText": "His presence brings not only a strong arm but also renewed hope.", "foreignData": [{"identifiers": {"scryfallId": "e63de54b-f333-4a4d-bbde-b9613e18ebf3"}, "language": "German", "name": "Ehrwürdiger Mönch", "text": "Wenn der Ehrwürdige Mönch ins Spiel kommt, erhältst Du 2 Lebenspunkte dazu.", "type": "Kreatur — Kleriker"}, {"identifiers": {"scryfallId": "e1e2d923-8141-4197-9623-90d02b26a759"}, "language": "Spanish", "name": "Monje venerable"}, {"identifiers": {"scryfallId": "1c8b1f91-ee2e-46ca-b6ec-df88ba89cc8b"}, "language": "French", "name": "Moine vénérable"}, {"identifiers": {"scryfallId": "b8006372-fb81-47aa-81d7-5633a4ac13c3"}, "language": "Italian", "name": "Monaco Venerabile"}, {"identifiers": {"scryfallId": "3c5afbb4-ee56-46dc-a169-a9e5f90b6e04"}, "language": "Japanese", "name": "ありがたい老修道士"}, {"identifiers": {"scryfallId": "f1c55c7d-6816-4932-92b9-fdc4e74e3433"}, "language": "Portuguese (Brazil)", "name": "Monge Venerável"}], "frameVersion": "1997", "hasFoil": false, "hasNonFoil": true, "identifiers": {"cardsphereId": "1924", "mcmId": "10893", "mtgjsonV4Id": "9e41ef16-9cca-593c-a7c5-a880761bdf30", "multiverseId": "14454", "scryfallCardBackId": "0aeebaf5-8c7d-4636-9e82-8c27447861f7", "scryfallId": "777fdd5d-2ed0-42d9-a1b5-34f1d61b668b", "scryfallIllustrationId": "82e48d71-581f-4f4b-a006-910de15f1171", "scryfallOracleId": "5c5cfa6d-857f-44a9-80f7-46f016ef71e4", "tcgplayerProductId": "2784"}, "isFoil": false, "isReprint": true, "language": "English", "layout": "normal", "legalities": {"commander": "Legal", "duel": "Legal", "legacy": "Legal", "modern": "Legal", "oathbreaker": "Legal", "pauper": "Legal", "paupercommander": "Legal", "penny": "Legal", "predh": "Legal", "premodern": "Legal", "vintage": "Legal"}, "manaCost": "{2}{W}", "manaValue": 3.0, "name": "Venerable Monk", "number": "50", "originalText": "When Venerable Monk comes into play, you gain 2 life.", "originalType": "Creature - Cleric", "power": "2", "printings": ["10E", "6ED", "7ED", "8ED", "9ED", "DDC", "DVD", "POR", "PS11", "S99", "STH"], "purchaseUrls": {"tcgplayer": "https://mtgjson.com/links/01fd6d87a25e336a"}, "rarity": "common", "setCode": "6ED", "sourceProducts": {"nonfoil": ["45c579b9-6951-59e1-8d30-f44a600f2a56", "55e22afb-ad7d-52cd-ab52-056e3a9705b0", "8b18a7df-17b2-557c-bb4d-aa66ad5afd8f", "b5ad501f-0aba-503e-ae55-d66e1b27de1b"]}, "subtypes": ["Human", "Monk", "Cleric"], "supertypes": [], "text": "When Venerable Monk enters, you gain 2 life.", "toughness": "2", "type": "Creature — Human Monk Cleric", "types": ["Creature"], "uuid": "b23f6746-8837-5c82-895b-c9dfa58a525b"}, {"artist": "Richard Thomas", "artistIds": ["596b3aac-b331-4e1e-ae41-9ec2d3b653e1"], "availability": ["paper"], "boosterTypes": ["default"], "borderColor": "white", "colorIdentity": ["R"], "colors": ["R"], "convertedManaCost": 3.0, "count": 1, "edhrecRank": 20121, "edhrecSaltiness": 0.11, "finishes": ["nonfoil"], "flavorText": "\"Struggle, and you will only fan the flames.\"\n—Talibah, embermage", "foreignData": [{"identifiers": {"scryfallId": "8531f05f-4320-4418-a54b-984924f2a8aa"}, "language": "German", "name": "Feuerwand", "text": "{R}: Die Feuerwand erhält +1/+0 bis zum Ende des Zuges.", "type": "Kreatur — Mauer"}, {"identifiers": {"scryfallId": "063a2173-f141-452b-996f-e220e88b732b"}, "language": "Spanish", "name": "Muro de fuego"}, {"identifiers": {"scryfallId": "0c0080e9-4648-4283-92d0-8eda85ca6deb"}, "language": "French", "name": "Mur de feu"}, {"identifiers": {"scryfallId": "9ef94f32-7ba3-4dcf-a9c1-7e6d2efa5d7f"}, "language": "Italian", "name": "Muro di Fuoco"}, {"identifiers": {"scryfallId": "88f8bd50-7027-4ae4-8bff-ba05355f2cfa"}, "language": "Japanese", "name": "炎の壁"}, {"identifiers": {"scryfallId": "920b2bba-e5d4-4785-ab20-739c020e52bb"}, "language": "Portuguese (Brazil)", "name": "Barreira de Fogo"}], "frameVersion": "1997", "hasFoil": false, "hasNonFoil": true, "identifiers": {"cardsphereId": "1934", "mcmId": "11059", "mtgjsonV4Id": "295a5c22-5adf-5ed2-b4e7-f45f44b17b74", "multiverseId": "14639", "scryfallCardBackId": "0aeebaf5-8c7d-4636-9e82-8c27447861f7", "scryfallId": "a5da58c5-51a9-4d4b-8b68-a21b6981602d", "scryfallIllustrationId": "8f3cf6ce-17c2-439a-b368-f99b007c23ed", "scryfallOracleId": "f38c8b47-e8e0-4d2f-b1da-d8d986805a48", "tcgplayerProductId": "2794"}, "isFoil": false, "isReprint": true, "keywords": ["Defender"], "language": "English", "layout": "normal", "legalities": {"commander": "Legal", "duel": "Legal", "legacy": "Legal", "modern": "Legal", "oathbreaker": "Legal", "oldschool": "Legal", "pauper": "Legal", "paupercommander": "Legal", "penny": "Legal", "pioneer": "Legal", "predh": "Legal", "premodern": "Legal", "vintage": "Legal"}, "manaCost": "{1}{R}{R}", "manaValue": 3.0, "name": "Wall of Fire", "number": "216", "originalText": "(Walls can't attack.)\noo\nR Wall of Fire gets +1/+0 until end of turn.", "originalType": "Creature - Wall", "power": "0", "printings": ["10E", "2ED", "30A", "3ED", "4BB", "4ED", "5ED", "6ED", "7ED", "CED", "CEI", "FBB", "LEA", "LEB", "M10", "M13", "M15", "PLST", "SUM"], "purchaseUrls": {"tcgplayer": "https://mtgjson.com/links/08704435f7b22f7d"}, "rarity": "uncommon", "setCode": "6ED", "sourceProducts": {"nonfoil": ["45c579b9-6951-59e1-8d30-f44a600f2a56", "55e22afb-ad7d-52cd-ab52-056e3a9705b0", "8b18a7df-17b2-557c-bb4d-aa66ad5afd8f"]}, "subtypes": ["Wall"], "supertypes": [], "text": "Defender (This creature can't attack.)\n{R}: Wall of Fire gets +1/+0 until end of turn.", "toughness": "5", "type": "Creature — Wall", "types": ["Creature"], "uuid": "77db1f33-ec77-51f2-8f82-90f3a80a4306"}, {"artist": "Zina Saunders", "artistIds": ["eff6a2bb-7ca1-432e-8af9-aa85ee2359a2"], "availability": ["paper"], "boosterTypes": ["default"], "borderColor": "white", "colorIdentity": ["U"], "colors": ["U"], "convertedManaCost": 3.0, "count": 1, "edhrecRank": 22952, "edhrecSaltiness": 0.07, "finishes": ["nonfoil"], "flavorText": "\"No bird soars too high, if he soars with his own wings.\"\n—William Blake, *The Marriage of Heaven and Hell*", "foreignData": [{"identifiers": {"scryfallId": "a4f413d7-c19f-4bfa-99c3-1dfb3b18a275"}, "language": "German", "name": "Windsceada", "text": "fliegend", "type": "Kreatur — Sceada"}, {"identifiers": {"scryfallId": "98f6c5a0-094a-44c6-9075-384ee27357c6"}, "language": "Spanish", "name": "Draco del viento"}, {"identifiers": {"scryfallId": "fa9aea9d-1db8-428f-9aaa-74da31000740"}, "language": "French", "name": "Drakôn des vents"}, {"identifiers": {"scryfallId": "55f509af-d0f1-4b98-b8b4-0508a9c358c7"}, "language": "Italian", "name": "Draghetto del Vento"}, {"identifiers": {"scryfallId": "aec6c1f2-e11c-4344-bb56-18139455fe7c"}, "language": "Japanese", "name": "風のドレイク"}, {"identifiers": {"scryfallId": "23342b4c-656f-46bc-ab0c-17f9a3811124"}, "language": "Portuguese (Brazil)", "name": "Dragonete do Vento"}], "frameVersion": "1997", "hasFoil": false, "hasNonFoil": true, "identifiers": {"cardsphereId": "1941", "mcmId": "10949", "mtgjsonV4Id": "6553aefd-5312-593a-a04f-dc350bc433db", "multiverseId": "14521", "scryfallCardBackId": "0aeebaf5-8c7d-4636-9e82-8c27447861f7", "scryfallId": "91ca5eed-53a3-4da5-b7fc-f08e6cc93946", "scryfallIllustrationId": "08bc6317-34e8-4958-8ec3-8a3013185346", "scryfallOracleId": "d6ffdaf0-ac08-4de9-bbce-2eab2f86bcca", "tcgplayerProductId": "2801"}, "isFoil": false, "isReprint": true, "keywords": ["Flying"], "language": "English", "layout": "normal", "legalities": {"commander": "Legal", "duel": "Legal", "legacy": "Legal", "modern": "Legal", "oathbreaker": "Legal", "pauper": "Legal", "paupercommander": "Legal", "penny": "Legal", "pioneer": "Legal", "predh": "Legal", "premodern": "Legal", "vintage": "Legal"}, "manaCost": "{2}{U}", "manaValue": 3.0, "name": "Wind Drake", "number": "106", "originalText": "Flying", "originalType": "Creature - Drake", "power": "2", "printings": ["6ED", "7ED", "8ED", "9ED", "BRB", "DGM", "KLD", "M10", "M13", "PLST", "POR", "S99", "TMP", "TPR"], "purchaseUrls": {"tcgplayer": "https://mtgjson.com/links/f3d9605b74056dc0"}, "rarity": "common", "setCode": "6ED", "sourceProducts": {"nonfoil": ["45c579b9-6951-59e1-8d30-f44a600f2a56", "55e22afb-ad7d-52cd-ab52-056e3a9705b0", "8b18a7df-17b2-557c-bb4d-aa66ad5afd8f", "b5ad501f-0aba-503e-ae55-d66e1b27de1b"]}, "subtypes": ["Drake"], "supertypes": [], "text": "Flying", "toughness": "2", "type": "Creature — Drake", "types": ["Creature"], "uuid": "8b37b7de-70e2-5d1b-8fb8-b348f8c94ca9"}, {"artist": "Dameon Willich", "artistIds": ["606a37b0-9d2d-477b-b679-100bc30b46b3"], "availability": ["paper"], "boosterTypes": ["default"], "borderColor": "white", "colorIdentity": ["W"], "colors": ["W"], "convertedManaCost": 4.0, "count": 1, "edhrecRank": 16617, "finishes": ["nonfoil"], "flavorText": "\"Hang out our banners on the outward walls; / The cry is still, 'They come'; our castle's strength / Will laugh a siege to scorn.\"\n—William Shakespeare, *Macbeth*", "foreignData": [{"identifiers": {"scryfallId": "a56ff0cf-38ee-4861-bd8c-7212017ab05c"}, "language": "German", "name": "Burg", "text": "Alle ungetappten Kreaturen, die Du kontrollierst, erhalten +0/+2.", "type": "Verzauberung"}, {"identifiers": {"scryfallId": "6fa89962-b678-417f-af12-4cdeeb4c219b"}, "language": "Spanish", "name": "Castillo"}, {"identifiers": {"scryfallId": "cbecc05d-d7db-41f4-aab0-18cee3cf5031"}, "language": "French", "name": "Château fort"}, {"identifiers": {"scryfallId": "19a11ffb-0acb-4c4c-8491-5309cee7e23f"}, "language": "Italian", "name": "Castello"}, {"identifiers": {"scryfallId": "94f21ba1-0aed-4782-8761-f430d741d14c"}, "language": "Japanese", "name": "城壁"}, {"identifiers": {"scryfallId": "468f2da1-21e4-4a0e-8faf-750856a2e8c3"}, "language": "Portuguese (Brazil)", "name": "Castelo"}], "frameVersion": "1997", "hasFoil": false, "hasNonFoil": true, "identifiers": {"cardsphereId": "1636", "mcmId": "10849", "mtgjsonV4Id": "1cf22e90-ef41-5f96-8191-e2404ebaee11", "multiverseId": "14478", "scryfallCardBackId": "0aeebaf5-8c7d-4636-9e82-8c27447861f7", "scryfallId": "6a77e784-d7a8-4b92-8765-375ad70b929e", "scryfallIllustrationId": "bdc5099a-b1d6-46ec-aff5-86e3878ae897", "scryfallOracleId": "f3179c3c-7e53-44d2-b579-b9e677efe9d9", "tcgplayerProductId": "2496"}, "isFoil": false, "isReprint": true, "language": "English", "layout": "normal", "legalities": {"commander": "Legal", "duel": "Legal", "legacy": "Legal", "oathbreaker": "Legal", "oldschool": "Legal", "predh": "Legal", "premodern": "Legal", "vintage": "Legal"}, "manaCost": "{3}{W}", "manaValue": 4.0, "name": "Castle", "number": "6", "originalText": "Untapped creatures you control get +0/+2.", "originalType": "Enchantment", "printings": ["2ED", "30A", "3ED", "4BB", "4ED", "5ED", "6ED", "7ED", "CED", "CEI", "FBB", "LEA", "LEB", "SUM"], "purchaseUrls": {"tcgplayer": "https://mtgjson.com/links/24bc7157263c868c"}, "rarity": "uncommon", "setCode": "6ED", "sourceProducts": {"nonfoil": ["45c579b9-6951-59e1-8d30-f44a600f2a56", "55e22afb-ad7d-52cd-ab52-056e3a9705b0", "8b18a7df-17b2-557c-bb4d-aa66ad5afd8f"]}, "subtypes": [], "supertypes": [], "text": "Untapped creatures you control get +0/+2.", "type": "Enchantment", "types": ["Enchantment"], "uuid": "a13a2e22-f577-507c-a901-0f96ca141c11"}, {"artist": "Pete Venters", "artistIds": ["d54c4a1a-c0c5-4834-84db-125d341f3ad8"], "availability": ["paper"], "boosterTypes": ["default"], "borderColor": "white", "colorIdentity": ["W"], "colors": ["W"], "convertedManaCost": 2.0, "count": 1, "edhrecRank": 19854, "edhrecSaltiness": 0.08, "finishes": ["nonfoil"], "flavorText": "\"Destiny, chance, fate, fortune—they're all just ways of claiming your successes without claiming your failures.\"\n—Gerrard of the *Weatherlight*", "foreignData": [{"identifiers": {"scryfallId": "848d2f54-ebc6-4fb9-9de3-6845e5645270"}, "language": "German", "name": "Heldendasein", "text": "Die verzauberte Kreatur erhält +1/+5.", "type": "Kreaturenverzauberung"}, {"identifiers": {"scryfallId": "a2316ac5-0fbb-4fac-ae77-37268b296d32"}, "language": "Spanish", "name": "La decisión del héroe"}, {"identifiers": {"scryfallId": "b0011206-9faa-420b-beb7-83e36e2d1931"}, "language": "French", "name": "Résolution héroïque"}, {"identifiers": {"scryfallId": "33b1f27d-b45a-40f6-a88d-6dcfdfd75656"}, "language": "Italian", "name": "Risolutezza dell'Eroe"}, {"identifiers": {"scryfallId": "b0727b66-50d7-427d-a5c8-e4b85fa1c77b"}, "language": "Japanese", "name": "勇士の決意"}, {"identifiers": {"scryfallId": "33e0e244-efd9-4d1f-86df-633fe4dbca64"}, "language": "Portuguese (Brazil)", "name": "Resolução de Herói"}], "frameVersion": "1997", "hasFoil": false, "hasNonFoil": true, "identifiers": {"cardsphereId": "1744", "mcmId": "10867", "mtgjsonV4Id": "1afc5425-4b50-56e4-adc9-ddd034bbabc7", "multiverseId": "16426", "scryfallCardBackId": "0aeebaf5-8c7d-4636-9e82-8c27447861f7", "scryfallId": "71a0f233-895e-4072-8339-c9448110d3e8", "scryfallIllustrationId": "28464f6c-ad68-4d26-8323-14017b11e922", "scryfallOracleId": "1854a99d-f8c7-45b3-83a2-98ae1c5b5b09", "tcgplayerProductId": "2604"}, "isFoil": false, "isReprint": true, "keywords": ["Enchant"], "language": "English", "layout": "normal", "legalities": {"commander": "Legal", "duel": "Legal", "legacy": "Legal", "oathbreaker": "Legal", "pauper": "Legal", "paupercommander": "Legal", "predh": "Legal", "premodern": "Legal", "vintage": "Legal"}, "manaCost": "{1}{W}", "manaValue": 2.0, "name": "Hero's Resolve", "number": "24", "originalText": "Enchanted creature gets +1/+5.", "originalType": "Enchant Creature", "printings": ["6ED", "TMP"], "purchaseUrls": {"tcgplayer": "https://mtgjson.com/links/409a648092d3ab97"}, "rarity": "common", "setCode": "6ED", "sourceProducts": {"nonfoil": ["45c579b9-6951-59e1-8d30-f44a600f2a56", "55e22afb-ad7d-52cd-ab52-056e3a9705b0", "8b18a7df-17b2-557c-bb4d-aa66ad5afd8f", "b5ad501f-0aba-503e-ae55-d66e1b27de1b"]}, "subtypes": ["Aura"], "supertypes": [], "text": "Enchant creature\nEnchanted creature gets +1/+5.", "type": "Enchantment — Aura", "types": ["Enchantment"], "uuid": "f68c5391-315d-51e4-aa87-48abc1b17033"}, {"artist": "Richard Kane Ferguson", "artistIds": ["191620ed-2361-444e-96a6-1fe7ce32ef3b"], "availability": ["paper"], "boosterTypes": ["default"], "borderColor": "white", "colorIdentity": ["U"], "colors": ["U"], "convertedManaCost": 2.0, "count": 1, "edhrecRank": 8542, "edhrecSaltiness": 0.07, "finishes": ["nonfoil"], "flavorText": "A lie always returns; be careful how you catch it.", "foreignData": [{"identifiers": {"scryfallId": "edad47bb-fa32-4c1e-85af-63a98c0ee418"}, "language": "German", "name": "Bumerang", "text": "Bringe eine bleibende Karte deiner Wahl auf die Hand ihres Besitzers zurück.", "type": "Spontanzauber"}, {"identifiers": {"scryfallId": "328c585a-a628-4486-b64f-7493bf7e8374"}, "language": "Spanish", "name": "Bumerang"}, {"identifiers": {"scryfallId": "e0426abc-ef55-43eb-baeb-92e9ea53df62"}, "language": "French", "name": "Boomerang"}, {"identifiers": {"scryfallId": "d2bb8635-f69e-48a0-b6d9-5dc9b2d78556"}, "language": "Italian", "name": "Boomerang"}, {"identifiers": {"scryfallId": "0a8eea18-6e0a-4046-96a0-19cecafd1040"}, "language": "Japanese", "name": "ブーメラン"}, {"identifiers": {"scryfallId": "23d95d18-e8f8-411f-81f8-7a53a4babbd7"}, "language": "Portuguese (Brazil)", "name": "Bumerangue"}], "frameVersion": "1997", "hasFoil": false, "hasNonFoil": true, "identifiers": {"cardsphereId": "1630", "mcmId": "10901", "mtgjsonV4Id": "f87877b6-101d-54de-9172-ea84b16e927b", "multiverseId": "14513", "scryfallCardBackId": "0aeebaf5-8c7d-4636-9e82-8c27447861f7", "scryfallId": "ef3c7465-6534-4fa9-a772-8859b7210fdf", "scryfallIllustrationId": "8ec91878-3c95-4dcc-9225-d1c266660780", "scryfallOracleId": "dc4a4996-108a-4aac-850f-2d9f76403446", "tcgplayerProductId": "2490"}, "isFoil": false, "isReprint": true, "language": "English", "layout": "normal", "legalities": {"commander": "Legal", "duel": "Legal", "legacy": "Legal", "modern": "Legal", "oathbreaker": "Legal", "pauper": "Legal", "paupercommander": "Legal", "predh": "Legal", "premodern": "Legal", "vintage": "Legal"}, "manaCost": "{U}{U}", "manaValue": 2.0, "name": "Boomerang", "number": "58", "originalText": "Return target permanent to its owner's hand.", "originalType": "Instant", "printings": ["10E", "5ED", "6ED", "7ED", "8ED", "9ED", "BCHR", "CHR", "DPA", "LEG", "ME3", "MIR", "PDCI", "PLST", "PRM", "PS11", "PSAL"], "purchaseUrls": {"tcgplayer": "https://mtgjson.com/links/ad111ea6dae5e5d4"}, "rarity": "common", "setCode": "6ED", "sourceProducts": {"nonfoil": ["45c579b9-6951-59e1-8d30-f44a600f2a56", "55e22afb-ad7d-52cd-ab52-056e3a9705b0", "8b18a7df-17b2-557c-bb4d-aa66ad5afd8f"]}, "subtypes": [], "supertypes": [], "text": "Return target permanent to its owner's hand.", "type": "Instant", "types": ["Instant"], "uuid": "77eea01b-2e7c-5b73-a42a-fa47093ecd9b"}, {"artist": "Hannibal King", "artistIds": ["47fa68ed-4d79-4116-a562-fc0c11096e81"], "availability": ["paper"], "boosterTypes": ["default"], "borderColor": "white", "colorIdentity": ["U"], "colors": ["U"], "convertedManaCost": 2.0, "count": 1, "edhrecRank": 16, "edhrecSaltiness": 0.79, "finishes": ["nonfoil"], "foreignData": [{"identifiers": {"scryfallId": "05caafb2-7914-402a-a608-f684d1fc1d09"}, "language": "German", "name": "Gegenzauber", "text": "Neutralisiere einen Zauberspruch Deiner Wahl.", "type": "Spontanzauber"}, {"identifiers": {"scryfallId": "c6c8b0bb-33ea-4c31-b86d-893ad1f51494"}, "language": "Spanish", "name": "Contrahechizo"}, {"identifiers": {"scryfallId": "e2f49843-5f95-4643-b968-bba14e314c9f"}, "language": "French", "name": "Contresort"}, {"identifiers": {"scryfallId": "48c510d3-30c9-4668-94f4-d63d9efdd538"}, "language": "Italian", "name": "Contromagia"}, {"identifiers": {"scryfallId": "c6c29c53-d417-42d2-b450-ad96f8f65bf1"}, "language": "Japanese", "name": "対抗呪文"}, {"identifiers": {"scryfallId": "9ba8abe3-f509-491a-9d93-0f15bced90fb"}, "language": "Portuguese (Brazil)", "name": "Contramágica"}], "frameVersion": "1997", "hasFoil": false, "hasNonFoil": true, "identifiers": {"cardsphereId": "1649", "mcmId": "10904", "mtgjsonV4Id": "2673010f-cf19-53da-ad0e-eb710694b21b", "multiverseId": "14511", "scryfallCardBackId": "0aeebaf5-8c7d-4636-9e82-8c27447861f7", "scryfallId": "ee0d3f5f-7790-4772-bead-5d7114a23e94", "scryfallIllustrationId": "717edff6-c8e9-4dfd-9cc1-1128aee55915", "scryfallOracleId": "cc187110-1148-4090-bbb8-e205694a39f5", "tcgplayerProductId": "2509"}, "isFoil": false, "isReprint": true, "language": "English", "layout": "normal", "legalities": {"brawl": "Legal", "commander": "Legal", "duel": "Legal", "gladiator": "Legal", "historic": "Banned", "legacy": "Legal", "modern": "Legal", "oathbreaker": "Legal", "pauper": "Legal", "paupercommander": "Legal", "predh": "Legal", "premodern": "Legal", "timeless": "Legal", "vintage": "Legal"}, "manaCost": "{U}{U}", "manaValue": 2.0, "name": "Counterspell", "number": "61", "originalText": "Counter target spell.", "originalType": "Instant", "printings": ["2ED", "30A", "3ED", "4BB", "4ED", "5ED", "6ED", "7ED", "A25", "BRB", "BTD", "CED", "CEI", "CMM", "CMR", "DD2", "DMR", "EMA", "F05", "FBB", "G00", "GN3", "ICE", "JVC", "LEA", "LEB", "MB2", "ME2", "ME4", "MH2", "MMQ", "MP2", "PF24", "PLGM", "PLST", "PMEI", "PRM", "PTC", "S99", "SCD", "SLD", "SS1", "STA", "SUM", "TMP", "TPR", "VMA", "WC00", "WC01", "WC02", "WC97", "WC98"], "purchaseUrls": {"tcgplayer": "https://mtgjson.com/links/e1539f15c4e96b26"}, "rarity": "common", "setCode": "6ED", "sourceProducts": {"nonfoil": ["45c579b9-6951-59e1-8d30-f44a600f2a56", "55e22afb-ad7d-52cd-ab52-056e3a9705b0", "8b18a7df-17b2-557c-bb4d-aa66ad5afd8f", "b5ad501f-0aba-503e-ae55-d66e1b27de1b"]}, "subtypes": [], "supertypes": [], "text": "Counter target spell.", "type": "Instant", "types": ["Instant"], "uuid": "7a264584-27b5-5ba0-b1ee-1a4671ec2d3b"}, {"artist": "Brian Snõddy", "artistIds": ["770b4e16-de76-49ed-949f-84e6d2e06d25"], "availability": ["paper"], "boosterTypes": ["default"], "borderColor": "white", "colorIdentity": ["W"], "colors": ["W"], "convertedManaCost": 2.0, "count": 1, "edhrecRank": 853, "edhrecSaltiness": 0.14, "finishes": ["nonfoil"], "foreignData": [{"identifiers": {"scryfallId": "39218a7d-5a53-48fe-b541-818995d64873"}, "language": "German", "name": "Entzauberung", "text": "Zerstöre ein Artefakt oder eine Verzauberung Deiner Wahl.", "type": "Spontanzauber"}, {"identifiers": {"scryfallId": "4b6a175c-6d64-46fc-944c-b3ff12525052"}, "language": "Spanish", "name": "Desencantar"}, {"identifiers": {"scryfallId": "259f5571-c732-47d5-a4f0-b702b825a31a"}, "language": "French", "name": "Désenchantement"}, {"identifiers": {"scryfallId": "6919ecc9-7091-4bf5-a384-09407748037c"}, "language": "Italian", "name": "Disincantare"}, {"identifiers": {"scryfallId": "e8f5ddbb-2ee0-4ab5-a46d-349f39d249ec"}, "language": "Japanese", "name": "解呪"}, {"identifiers": {"scryfallId": "5f355121-6858-46e3-914d-4a08a59df358"}, "language": "Portuguese (Brazil)", "name": "Desencantar"}], "frameVersion": "1997", "hasFoil": false, "hasNonFoil": true, "identifiers": {"cardsphereId": "1666", "mcmId": "10859", "mtgjsonV4Id": "c548930d-fa4a-5403-b739-2b6d834e13bf", "multiverseId": "14463", "scryfallCardBackId": "0aeebaf5-8c7d-4636-9e82-8c27447861f7", "scryfallId": "47578ce0-dbaa-4a15-b46c-2fd2cb352be9", "scryfallIllustrationId": "e6efd54e-9205-4870-b509-435cdc435439", "scryfallOracleId": "a7e97fa9-4b72-4548-b854-5be5f18a6f1a", "tcgplayerProductId": "2525"}, "isFoil": false, "isReprint": true, "language": "English", "layout": "normal", "legalities": {"brawl": "Legal", "commander": "Legal", "duel": "Legal", "explorer": "Legal", "future": "Legal", "gladiator": "Legal", "historic": "Legal", "legacy": "Legal", "modern": "Legal", "oathbreaker": "Legal", "pauper": "Legal", "paupercommander": "Legal", "pioneer": "Legal", "predh": "Legal", "premodern": "Legal", "standard": "Legal", "standardbrawl": "Legal", "timeless": "Legal", "vintage": "Legal"}, "manaCost": "{1}{W}", "manaValue": 2.0, "name": "Disenchant", "number": "16", "originalText": "Destroy target artifact or enchantment.", "originalType": "Instant", "printings": ["2ED", "30A", "3ED", "4BB", "4ED", "5ED", "6ED", "7ED", "A25", "ATH", "BRB", "BRO", "CED", "CEI", "CMR", "CN2", "CST", "F03", "FBB", "ICE", "IMA", "LEA", "LEB", "M20", "ME2", "ME3", "MIR", "MMQ", "OLEP", "P07", "PARL", "PLST", "PMEI", "PRM", "PTC", "SCD", "SUM", "TMP", "TPR", "TSB", "USG", "WC97", "WC98", "ZNR"], "purchaseUrls": {"tcgplayer": "https://mtgjson.com/links/f1bedbb96103c370"}, "rarity": "common", "rulings": [{"date": "2004-10-04", "text": "This is not modal. If the target changes from an artifact to an enchantment or vice versa, this still destroys it."}], "setCode": "6ED", "sourceProducts": {"nonfoil": ["45c579b9-6951-59e1-8d30-f44a600f2a56", "55e22afb-ad7d-52cd-ab52-056e3a9705b0", "8b18a7df-17b2-557c-bb4d-aa66ad5afd8f", "b5ad501f-0aba-503e-ae55-d66e1b27de1b"]}, "subtypes": [], "supertypes": [], "text": "Destroy target artifact or enchantment.", "type": "Instant", "types": ["Instant"], "uuid": "751d31cd-ff3e-5872-9253-dabb5e6b7e56"}, {"artist": "Richard Thomas", "artistIds": ["596b3aac-b331-4e1e-ae41-9ec2d3b653e1"], "availability": ["paper"], "boosterTypes": ["default"], "borderColor": "white", "colorIdentity": ["R"], "colors": ["R"], "convertedManaCost": 4.0, "count": 1, "edhrecRank": 20553, "finishes": ["nonfoil"], "flavorText": "\"Those who fear the darkness have never seen what the light can do.\"\n—Selenia, dark angel", "foreignData": [{"identifiers": {"scryfallId": "a8c2f0b4-3c5f-4811-832f-f433bdd3ba39"}, "language": "German", "name": "Blitzstrahl", "text": "Der Blitzstrahl fügt einer Kreatur oder einem Spieler Deiner Wahl 4 Schadenspunkte zu.", "type": "Spontanzauber"}, {"identifiers": {"scryfallId": "b8b254a7-28d7-416d-95ef-eb4f9fef4c29"}, "language": "Spanish", "name": "Ráfaga de rayos"}, {"identifiers": {"scryfallId": "64c2a38b-f0cf-42e9-b60d-c05f72e8d25e"}, "language": "French", "name": "Salve d'éclair"}, {"identifiers": {"scryfallId": "2171a5d5-768c-475e-ace1-d929e2123f71"}, "language": "Italian", "name": "Fulmine Esplosivo"}, {"identifiers": {"scryfallId": "6eaa7036-8e1b-4080-a1f4-e6339cf513d6"}, "language": "Japanese", "name": "電撃破"}, {"identifiers": {"scryfallId": "ed18f64c-6f58-4dae-b3c8-346aee99c2d6"}, "language": "Portuguese (Brazil)", "name": "Explosão do Relâmpago"}], "frameVersion": "1997", "hasFoil": false, "hasNonFoil": true, "identifiers": {"cardsphereId": "1777", "mcmId": "11036", "mtgjsonV4Id": "627cf41c-2ca3-5589-b0eb-a822fc22efc2", "multiverseId": "14610", "scryfallCardBackId": "0aeebaf5-8c7d-4636-9e82-8c27447861f7", "scryfallId": "59c92e4a-34d2-4947-9c5f-2ceb8e5ae53d", "scryfallIllustrationId": "e26debb5-7ddf-440f-aa66-91fb6ba8fa20", "scryfallOracleId": "91fd731c-e076-4f2d-9f22-872880c3cc3d", "tcgplayerProductId": "2637"}, "isFoil": false, "isReprint": true, "language": "English", "layout": "normal", "legalities": {"commander": "Legal", "duel": "Legal", "legacy": "Legal", "modern": "Legal", "oathbreaker": "Legal", "pauper": "Legal", "paupercommander": "Legal", "penny": "Legal", "predh": "Legal", "premodern": "Legal", "vintage": "Legal"}, "manaCost": "{3}{R}", "manaValue": 4.0, "name": "Lightning Blast", "number": "193", "originalText": "Lightning Blast deals 4 damage to target creature or player.", "originalType": "Instant", "printings": ["6ED", "7ED", "8ED", "TMP", "TPR"], "purchaseUrls": {"tcgplayer": "https://mtgjson.com/links/b38ec8217373145e"}, "rarity": "common", "setCode": "6ED", "sourceProducts": {"nonfoil": ["45c579b9-6951-59e1-8d30-f44a600f2a56", "55e22afb-ad7d-52cd-ab52-056e3a9705b0", "8b18a7df-17b2-557c-bb4d-aa66ad5afd8f"]}, "subtypes": [], "supertypes": [], "text": "Lightning Blast deals 4 damage to any target.", "type": "Instant", "types": ["Instant"], "uuid": "a9717f9b-5817-5b40-bcd2-b0582f4dd755"}, {"artist": "Gerry Grace", "artistIds": ["09922e8b-c57f-4374-97e4-c0b86b66ef4b"], "availability": ["paper"], "boosterTypes": ["default"], "borderColor": "white", "colorIdentity": ["R"], "colors": ["R"], "convertedManaCost": 1.0, "count": 1, "edhrecRank": 10433, "edhrecSaltiness": 0.56, "finishes": ["nonfoil"], "flavorText": "Fire never dies alone.", "foreignData": [{"identifiers": {"scryfallId": "e734a2b7-d582-4581-b34b-effd91430635"}, "language": "German", "name": "Heiße Glut", "text": "Die Heiße Glut fügt einer Kreatur oder einem Spieler Deiner Wahl X Schadenspunkte zu.", "type": "Hexerei"}, {"identifiers": {"scryfallId": "a209311d-469f-4144-85bd-1f1fd081e31d"}, "language": "Spanish", "name": "Llamarada"}, {"identifiers": {"scryfallId": "31d1a183-c7b3-4fff-adfb-2a06bcdd259a"}, "language": "French", "name": "Brasier"}, {"identifiers": {"scryfallId": "2c6f04e6-2be4-41ce-9669-844c3250064c"}, "language": "Italian", "name": "Fiammata"}, {"identifiers": {"scryfallId": "0c3e0f70-0f14-4921-9f1b-d57f90e281b9"}, "language": "Japanese", "name": "猛火"}, {"identifiers": {"scryfallId": "d0201fd6-2bc2-41fc-8c75-6594164dbafb"}, "language": "Portuguese (Brazil)", "name": "Labareda"}], "frameVersion": "1997", "hasFoil": false, "hasNonFoil": true, "identifiers": {"cardsphereId": "1622", "mcmId": "11011", "mtgjsonV4Id": "af17918b-0d1b-505e-9af2-f89231ce6df5", "multiverseId": "14628", "scryfallCardBackId": "0aeebaf5-8c7d-4636-9e82-8c27447861f7", "scryfallId": "9f09111a-e714-4f8f-8a48-61c102e45123", "scryfallIllustrationId": "63b88d5b-5b9b-41c0-bab8-397a3db71891", "scryfallOracleId": "0596920f-9946-42f4-a03b-24aab67f9f1b", "tcgplayerProductId": "2482"}, "isFoil": false, "isReprint": true, "language": "English", "layout": "normal", "legalities": {"commander": "Legal", "duel": "Legal", "legacy": "Legal", "modern": "Legal", "oathbreaker": "Legal", "predh": "Legal", "premodern": "Legal", "vintage": "Legal"}, "manaCost": "{X}{R}", "manaValue": 1.0, "name": "Blaze", "number": "168", "originalText": "Blaze deals X damage to target creature or player.", "originalType": "Sorcery", "printings": ["10E", "6ED", "7ED", "8ED", "9ED", "BBD", "DPA", "GN3", "HOP", "J22", "P02", "PLST", "POR", "PS11", "PTK", "WC00"], "purchaseUrls": {"tcgplayer": "https://mtgjson.com/links/1db6955803776a98"}, "rarity": "uncommon", "setCode": "6ED", "sourceProducts": {"nonfoil": ["45c579b9-6951-59e1-8d30-f44a600f2a56", "55e22afb-ad7d-52cd-ab52-056e3a9705b0", "8b18a7df-17b2-557c-bb4d-aa66ad5afd8f"]}, "subtypes": [], "supertypes": [], "text": "Blaze deals X damage to any target.", "type": "Sorcery", "types": ["Sorcery"], "uuid": "86a59a3a-5568-54a3-960a-5b0a1697fb0b"}, {"artist": "Douglas Shuler", "artistIds": ["a9ddb513-51c7-455c-ab8f-5b90aae9f75b"], "availability": ["paper"], "boosterTypes": ["default"], "borderColor": "white", "colorIdentity": ["R"], "colors": ["R"], "convertedManaCost": 2.0, "count": 1, "edhrecRank": 21536, "finishes": ["nonfoil"], "flavorText": "\"Anger is fleeting; remorse is eternal.\"\n—Karn, silver golem", "foreignData": [{"identifiers": {"scryfallId": "b12f5f42-4077-4c6d-b1fd-1d67453c6c0a"}, "language": "German", "name": "Wutanfall", "text": "Eine Kreatur Deiner Wahl erhält +3/+3 und Erstschlag bis zum Ende des Zuges.", "type": "Hexerei"}, {"identifiers": {"scryfallId": "b700e5bb-ffb7-4dbb-b4a4-24368e96f5f8"}, "language": "Spanish", "name": "Acceso de cólera"}, {"identifiers": {"scryfallId": "14ff94a1-7d56-48b2-af41-4a0259eb7642"}, "language": "French", "name": "Accès de rage"}, {"identifiers": {"scryfallId": "45d57b93-ee89-4cf4-95f5-1bb0b89ef47e"}, "language": "Italian", "name": "Accesso d'Ira"}, {"identifiers": {"scryfallId": "93d7bb70-5efc-4585-9d88-36bc1bbcb553"}, "language": "Japanese", "name": "激昂"}, {"identifiers": {"scryfallId": "1ca41398-0aa8-4694-b442-76e385a084a9"}, "language": "Portuguese (Brazil)", "name": "Acesso de Raiva"}], "frameVersion": "1997", "hasFoil": false, "hasNonFoil": true, "identifiers": {"cardsphereId": "1703", "mcmId": "11021", "mtgjsonV4Id": "1588ef88-f721-56c9-a6ec-b5179695c1f4", "multiverseId": "16622", "scryfallCardBackId": "0aeebaf5-8c7d-4636-9e82-8c27447861f7", "scryfallId": "b79c17d2-dcf1-4464-ae58-5ea5117ae531", "scryfallIllustrationId": "8d0b8510-71eb-4783-ac19-84dd9f185122", "scryfallOracleId": "69d08521-74e1-4215-9ed4-3f12137332a4", "tcgplayerProductId": "2563"}, "isFoil": false, "isReprint": true, "language": "English", "layout": "normal", "legalities": {"commander": "Legal", "duel": "Legal", "legacy": "Legal", "oathbreaker": "Legal", "pauper": "Legal", "paupercommander": "Legal", "predh": "Legal", "premodern": "Legal", "vintage": "Legal"}, "manaCost": "{1}{R}", "manaValue": 2.0, "name": "Fit of Rage", "number": "178", "originalText": "Target creature gets +3/+3 and gains first strike until end of turn.", "originalType": "Sorcery", "printings": ["6ED", "WTH"], "purchaseUrls": {"tcgplayer": "https://mtgjson.com/links/fb5ddccb40cccbc9"}, "rarity": "common", "rulings": [{"date": "2004-10-04", "text": "The +3/+3 is also only until end of turn."}], "setCode": "6ED", "sourceProducts": {"nonfoil": ["45c579b9-6951-59e1-8d30-f44a600f2a56", "55e22afb-ad7d-52cd-ab52-056e3a9705b0", "8b18a7df-17b2-557c-bb4d-aa66ad5afd8f"]}, "subtypes": [], "supertypes": [], "text": "Target creature gets +3/+3 and gains first strike until end of turn.", "type": "Sorcery", "types": ["Sorcery"], "uuid": "7e89a663-bf8a-56bf-84f1-90629eefb6e9"}, {"artist": "Anson Maddocks", "artistIds": ["634430a7-b5c3-4e4a-b2ac-164e084e47c9"], "availability": ["paper"], "boosterTypes": ["default"], "borderColor": "white", "colorIdentity": ["R"], "colors": ["R"], "convertedManaCost": 5.0, "count": 1, "edhrecRank": 21819, "edhrecSaltiness": 0.14, "finishes": ["nonfoil"], "flavorText": "\"Hi!ni!ya! Behold the man of flint, that's me! / Four lightnings zigzag from me, strike and return.\"\n—Navajo war chant", "foreignData": [{"identifiers": {"scryfallId": "1d26b9e8-a3f7-4431-9738-45c6e998caf5"}, "language": "German", "name": "Pyrotechnik", "text": "Pyrotechnik fügt 4 Schadenspunkte zu, die Du beliebig auf Spieler und Kreaturen Deiner Wahl aufteilen kannst.", "type": "Hexerei"}, {"identifiers": {"scryfallId": "20050474-56c6-4e47-8e5e-44efdc7215c2"}, "language": "Spanish", "name": "Pirotecnia"}, {"identifiers": {"scryfallId": "6d40791f-b03c-4325-bbb5-435cf2fb97f5"}, "language": "French", "name": "Pyrotechnie"}, {"identifiers": {"scryfallId": "d95ccd11-471b-447b-8d0d-5f153468c715"}, "language": "Italian", "name": "Fuochi d'Artificio"}, {"identifiers": {"scryfallId": "ff619061-f258-4649-89ef-44a8406c95db"}, "language": "Japanese", "name": "発火"}, {"identifiers": {"scryfallId": "0d0b6739-feef-4183-a06b-52218d18b55f"}, "language": "Portuguese (Brazil)", "name": "Pirotécnica"}], "frameVersion": "1997", "hasFoil": false, "hasNonFoil": true, "identifiers": {"cardsphereId": "1836", "mcmId": "11042", "mtgjsonV4Id": "e3ff37f1-0558-50bd-91c7-c6402c21622a", "multiverseId": "14611", "scryfallCardBackId": "0aeebaf5-8c7d-4636-9e82-8c27447861f7", "scryfallId": "76b4cb5f-a9f0-41a1-b9a8-ea483e12633f", "scryfallIllustrationId": "002b67d0-7614-4333-ac97-0df04816620d", "scryfallOracleId": "794b9ddf-1660-441f-9cc2-a0f5d4d0cf22", "tcgplayerProductId": "2696"}, "isFoil": false, "isReprint": true, "language": "English", "layout": "normal", "legalities": {"commander": "Legal", "duel": "Legal", "legacy": "Legal", "modern": "Legal", "oathbreaker": "Legal", "oldschool": "Legal", "pauper": "Legal", "paupercommander": "Legal", "pioneer": "Legal", "predh": "Legal", "premodern": "Legal", "vintage": "Legal"}, "manaCost": "{4}{R}", "manaValue": 5.0, "name": "Pyrotechnics", "number": "199", "originalText": "Pyrotechnics deals 4 damage divided any way you choose among any number of target creatures and/or players.", "originalType": "Sorcery", "printings": ["4BB", "4ED", "5ED", "6ED", "7ED", "8ED", "ATH", "FRF", "HOP", "ITP", "LEG", "PLST", "REN", "RQS"], "purchaseUrls": {"tcgplayer": "https://mtgjson.com/links/e6cde52e59562622"}, "rarity": "common", "rulings": [{"date": "2014-11-24", "text": "If an effect creates a copy of Pyrotechnics, the number of targets and division of damage can’t be changed. The effect that creates the copy may allow you to change the targets, however."}, {"date": "2014-11-24", "text": "If some but not all of Pyrotechnics’s targets become illegal, you can’t change the division of damage. Damage that would have been dealt to illegal targets simply isn’t dealt."}, {"date": "2014-11-24", "text": "You choose how the damage is divided as you cast the spell, not as it resolves. Each target must be assigned at least 1 damage."}], "setCode": "6ED", "sourceProducts": {"nonfoil": ["45c579b9-6951-59e1-8d30-f44a600f2a56", "55e22afb-ad7d-52cd-ab52-056e3a9705b0", "8b18a7df-17b2-557c-bb4d-aa66ad5afd8f"]}, "subtypes": [], "supertypes": [], "text": "Pyrotechnics deals 4 damage divided as you choose among any number of targets.", "type": "Sorcery", "types": ["Sorcery"], "uuid": "b8fd502a-904e-52c1-aaba-1feae43ebc92"}, {"artist": "Pete Venters", "artistIds": ["d54c4a1a-c0c5-4834-84db-125d341f3ad8"], "availability": ["paper"], "boosterTypes": ["default"], "borderColor": "white", "colorIdentity": ["R"], "colors": ["R"], "convertedManaCost": 1.0, "count": 1, "edhrecRank": 18730, "finishes": ["nonfoil"], "flavorText": "\"Where do you run when the earth becomes your enemy?\"\n—Naimag, Femeref philosopher", "foreignData": [{"identifiers": {"scryfallId": "bef37676-7db1-4dc0-81bc-2f6665dba950"}, "language": "German", "name": "Erdstoß", "text": "Der Erdstoß fügt allen nichtfliegenden Kreaturen 1 Schadenspunkt zu.", "type": "Hexerei"}, {"identifiers": {"scryfallId": "b3c3a749-af53-42fb-b343-e2df591edab7"}, "language": "Spanish", "name": "Temblor"}, {"identifiers": {"scryfallId": "36c19a0f-eb6e-4548-8beb-a90be4429f3a"}, "language": "French", "name": "Tremblement"}, {"identifiers": {"scryfallId": "e82aa604-2770-4491-9f44-30d5002dd1d9"}, "language": "Italian", "name": "Tremore"}, {"identifiers": {"scryfallId": "bd9774ae-a02b-491c-93e2-fdc6be9a734e"}, "language": "Japanese", "name": "微震"}, {"identifiers": {"scryfallId": "489fa4f2-e5ec-4e44-ac55-e507c09396d1"}, "language": "Portuguese (Brazil)", "name": "Tremor"}], "frameVersion": "1997", "hasFoil": false, "hasNonFoil": true, "identifiers": {"cardsphereId": "1914", "mcmId": "11054", "mtgjsonV4Id": "7e5278f5-13bd-5fe5-a492-368d669ee846", "multiverseId": "14613", "scryfallCardBackId": "0aeebaf5-8c7d-4636-9e82-8c27447861f7", "scryfallId": "1f143421-a770-4df1-a593-af24025bdb2f", "scryfallIllustrationId": "19f6306c-07a0-4ecf-a74f-b6d90db1f2c7", "scryfallOracleId": "4281a153-665b-44cf-bcff-9cf88c14c2b5", "tcgplayerProductId": "2774"}, "isFoil": false, "isReprint": true, "language": "English", "layout": "normal", "legalities": {"commander": "Legal", "duel": "Legal", "legacy": "Legal", "modern": "Legal", "oathbreaker": "Legal", "pauper": "Legal", "paupercommander": "Legal", "penny": "Legal", "predh": "Legal", "premodern": "Legal", "vintage": "Legal"}, "manaCost": "{R}", "manaValue": 1.0, "name": "Tremor", "number": "211", "originalText": "Tremor deals 1 damage to each creature without flying.", "originalType": "Sorcery", "printings": ["6ED", "7ED", "8ED", "MMQ", "P02", "S99", "VIS"], "purchaseUrls": {"tcgplayer": "https://mtgjson.com/links/f03c7739505826bb"}, "rarity": "common", "setCode": "6ED", "sourceProducts": {"nonfoil": ["45c579b9-6951-59e1-8d30-f44a600f2a56", "55e22afb-ad7d-52cd-ab52-056e3a9705b0", "8b18a7df-17b2-557c-bb4d-aa66ad5afd8f"]}, "subtypes": [], "supertypes": [], "text": "Tremor deals 1 damage to each creature without flying.", "type": "Sorcery", "types": ["Sorcery"], "uuid": "ae5b91a1-e3b3-5ab9-9d76-d70163962171"}, {"artist": "Margaret Organ-Kean", "artistIds": ["95951caa-bec8-4720-b836-471f7e7740cb"], "availability": ["paper"], "boosterTypes": ["default"], "borderColor": "white", "colorIdentity": [], "colors": [], "convertedManaCost": 3.0, "count": 1, "edhrecRank": 21235, "finishes": ["nonfoil"], "foreignData": [{"identifiers": {"scryfallId": "8211cf52-4bae-44b8-88ed-9c75659c405e"}, "language": "German", "name": "Manaprisma", "text": "{T}: Erhöhe Deinen Manavorrat um ein farbloses Mana.\n1, {T}: Erhöhe Deinen Manavorrat um ein Mana einer beliebigen Farbe.", "type": "Artefakt"}, {"identifiers": {"scryfallId": "c038e547-07e5-4be7-8778-53cec72fcb0e"}, "language": "Spanish", "name": "Prisma de maná"}, {"identifiers": {"scryfallId": "c356c5fe-d01f-4afb-a91d-a3a401af522b"}, "language": "French", "name": "Prisme de mana"}, {"identifiers": {"scryfallId": "5856973f-2ed1-4efd-b09b-87344831e286"}, "language": "Italian", "name": "Prisma del Mana"}, {"identifiers": {"scryfallId": "345a1e0c-aa8e-425e-b184-cc24b33f7b91"}, "language": "Japanese", "name": "マナ・プリズム"}, {"identifiers": {"scryfallId": "b71e2475-4307-4140-89f5-79d158c75e3d"}, "language": "Portuguese (Brazil)", "name": "Prisma de Mana"}], "frameVersion": "1997", "hasFoil": false, "hasNonFoil": true, "identifiers": {"cardsphereId": "1784", "mcmId": "11140", "mtgjsonV4Id": "a3792ff4-2eb4-5975-b271-189900c23a28", "multiverseId": "15439", "scryfallCardBackId": "0aeebaf5-8c7d-4636-9e82-8c27447861f7", "scryfallId": "10f77654-7e37-4c0d-9dd2-fb79e968bd15", "scryfallIllustrationId": "83633c34-3fb8-4801-b65a-3dd0b47973b4", "scryfallOracleId": "f4669822-716b-45c7-a7f2-040062509fe9", "tcgplayerProductId": "2644"}, "isFoil": false, "isReprint": true, "language": "English", "layout": "normal", "legalities": {"commander": "Legal", "duel": "Legal", "legacy": "Legal", "oathbreaker": "Legal", "pauper": "Legal", "paupercommander": "Legal", "penny": "Legal", "predh": "Legal", "premodern": "Legal", "vintage": "Legal"}, "manaCost": "{3}", "manaValue": 3.0, "name": "Mana Prism", "number": "297", "originalText": "oc\nT: Add one colorless mana to your mana pool.\no1, oc\nT: Add one mana of a color of your choice to your mana pool.", "originalType": "Artifact", "printings": ["6ED", "MIR", "VMA"], "purchaseUrls": {"tcgplayer": "https://mtgjson.com/links/3b3427b087a85389"}, "rarity": "uncommon", "setCode": "6ED", "sourceProducts": {"nonfoil": ["45c579b9-6951-59e1-8d30-f44a600f2a56", "55e22afb-ad7d-52cd-ab52-056e3a9705b0", "8b18a7df-17b2-557c-bb4d-aa66ad5afd8f"]}, "subtypes": [], "supertypes": [], "text": "{T}: Add {C}.\n{1}, {T}: Add one mana of any color.", "type": "Artifact", "types": ["Artifact"], "uuid": "a997ee26-0720-5665-a019-c5926a14e307"}, {"artist": "Douglas Shuler", "artistIds": ["a9ddb513-51c7-455c-ab8f-5b90aae9f75b"], "availability": ["paper"], "boosterTypes": ["default"], "borderColor": "white", "colorIdentity": ["U"], "colors": [], "convertedManaCost": 0.0, "count": 6, "edhrecSaltiness": 0.76, "finishes": ["nonfoil"], "foreignData": [{"identifiers": {"scryfallId": "fa95fca0-a11e-4da2-8bc3-a1023baae5fc"}, "language": "German", "name": "Insel"}, {"identifiers": {"scryfallId": "c52eb852-071c-4faa-8415-4fbd0ae11304"}, "language": "Spanish", "name": "Isla"}, {"identifiers": {"scryfallId": "edda2d45-ff4e-42a4-93c3-ec0c1436a72d"}, "language": "French", "name": "Ile"}, {"identifiers": {"scryfallId": "aea62678-6d16-4768-a8fd-076e9e6f9757"}, "language": "Italian", "name": "Isola"}, {"identifiers": {"scryfallId": "1dbb0c02-19e2-41ad-b995-84c52319b863"}, "language": "Japanese", "name": "島"}, {"identifiers": {"scryfallId": "029709f1-b26f-4a62-b765-b9fc3736cde7"}, "language": "Portuguese (Brazil)", "name": "Ilha"}], "frameVersion": "1997", "hasFoil": false, "hasNonFoil": true, "identifiers": {"cardsphereId": "1759", "mcmId": "11178", "mtgjsonV4Id": "36f7ab06-7eab-5a2a-98ec-e85c9f38c5cd", "multiverseId": "14737", "scryfallCardBackId": "0aeebaf5-8c7d-4636-9e82-8c27447861f7", "scryfallId": "b3f9ffc8-8115-4858-bd71-deaca9889f72", "scryfallIllustrationId": "71ddbe98-ac5f-490f-bc89-26a4b6b80830", "scryfallOracleId": "b2c6aa39-2d2a-459c-a555-fb48ba993373", "tcgplayerProductId": "2619"}, "isFoil": false, "isReprint": true, "language": "English", "layout": "normal", "legalities": {"alchemy": "Legal", "brawl": "Legal", "commander": "Legal", "duel": "Legal", "explorer": "Legal", "future": "Legal", "gladiator": "Legal", "historic": "Legal", "legacy": "Legal", "modern": "Legal", "oathbreaker": "Legal", "pauper": "Legal", "paupercommander": "Legal", "penny": "Legal", "pioneer": "Legal", "predh": "Legal", "premodern": "Legal", "standard": "Legal", "standardbrawl": "Legal", "timeless": "Legal", "vintage": "Legal"}, "manaValue": 0.0, "name": "Island", "number": "335", "originalText": "U", "originalType": "Land", "printings": ["10E", "2ED", "2XM", "30A", "3ED", "40K", "4BB", "4ED", "5ED", "6ED", "7ED", "8ED", "9ED", "ACR", "AFR", "AKH", "AKR", "ALA", "ANA", "ANB", "ARC", "AVR", "BBD", "BFZ", "BLB", "BRB", "BRC", "BRO", "BTD", "C13", "C14", "C15", "C16", "C17", "C18", "C19", "CED", "CEI", "CHK", "CLB", "CLU", "CM2", "CMA", "CMD", "CMM", "CMR", "CST", "DD2", "DDE", "DDF", "DDH", "DDI", "DDJ", "DDM", "DDN", "DDO", "DDQ", "DDS", "DDT", "DDU", "DMR", "DMU", "DOM", "DPA", "DSK", "DTK", "E01", "ELD", "FBB", "FRF", "G17", "GK1", "GK2", "GN2", "GN3", "GNT", "GRN", "GS1", "H09", "HBG", "HOP", "HOU", "ICE", "IKO", "INV", "ISD", "ITP", "J14", "J22", "JMP", "JVC", "KHM", "KLD", "KLR", "KTK", "LCI", "LEA", "LEB", "LRW", "LTR", "M10", "M11", "M12", "M13", "M14", "M15", "M19", "M20", "M21", "MBS", "ME1", "ME3", "MH2", "MH3", "MID", "MIR", "MKM", "MMQ", "MOM", "MRD", "NEO", "NPH", "ODY", "OLEP", "ONE", "ONS", "ORI", "OTJ", "P02", "P23", "PAL00", "PAL01", "PAL02", "PAL03", "PAL04", "PAL05", "PAL06", "PAL99", "PALP", "PANA", "PARL", "PC2", "PCA", "PELP", "PF19", "PF20", "PGPX", "PGRU", "PIP", "PLST", "PMPS", "PMPS06", "PMPS07", "PMPS08", "PMPS09", "PMPS10", "PMPS11", "POR", "PPP1", "PRM", "PRW2", "PRWK", "PS11", "PSAL", "PSS2", "PSS3", "PSS4", "PTC", "PTK", "PZ2", "RAV", "REX", "RIX", "RNA", "ROE", "RQS", "RTR", "S99", "SCD", "SHM", "SIR", "SLD", "SNC", "SOI", "SOM", "STX", "SUM", "TD0", "TD2", "THB", "THS", "TMP", "TPR", "TSP", "UGL", "UND", "UNF", "UNH", "USG", "UST", "VOW", "WAR", "WC00", "WC01", "WC02", "WC03", "WC04", "WC97", "WC98", "WHO", "WOE", "XANA", "XLN", "ZEN", "ZNR"], "purchaseUrls": {"tcgplayer": "https://mtgjson.com/links/52bf34ff856e2af2"}, "rarity": "common", "setCode": "6ED", "sourceProducts": {"nonfoil": ["312b9d82-3a53-53d7-84cc-c05534547d86", "55e22afb-ad7d-52cd-ab52-056e3a9705b0", "8b18a7df-17b2-557c-bb4d-aa66ad5afd8f", "b5ad501f-0aba-503e-ae55-d66e1b27de1b"]}, "subtypes": ["Island"], "supertypes": ["Basic"], "text": "({T}: Add {U}.)", "type": "Basic Land — Island", "types": ["Land"], "uuid": "bb1aa770-47eb-5daf-a089-e37ad44dfa5f", "variations": ["a16d4088-e362-5c17-9b1c-4033c13834b7", "094ab429-388b-52e0-93a6-5855781e744f", "bc879be8-0856-5688-b4d0-9bb0f2747eae"]}, {"artist": "John Avon", "artistIds": ["798f3932-30e0-4420-aa3f-db4d613f89ca"], "availability": ["paper"], "boosterTypes": ["default"], "borderColor": "white", "colorIdentity": ["R"], "colors": [], "convertedManaCost": 0.0, "count": 6, "edhrecSaltiness": 0.35, "finishes": ["nonfoil"], "foreignData": [{"identifiers": {"scryfallId": "aa7be418-4542-435e-a2ac-b8b3c2e2a4ba"}, "language": "German", "name": "Gebirge"}, {"identifiers": {"scryfallId": "874ebfc7-bfe6-48e5-8b05-d5e5b7d2f09f"}, "language": "Spanish", "name": "Montaña"}, {"identifiers": {"scryfallId": "fae7a84c-fa63-4aba-8461-d7cce676b44e"}, "language": "French", "name": "Montagne"}, {"identifiers": {"scryfallId": "ca832fab-6e00-4de9-a4a1-3146e3b9f122"}, "language": "Italian", "name": "Montagna"}, {"identifiers": {"scryfallId": "bd59b4b1-4401-4f0b-a842-5ee36a24ad68"}, "language": "Japanese", "name": "山"}, {"identifiers": {"scryfallId": "78636822-08bd-4275-b2f7-03dd38b6e7e6"}, "language": "Portuguese (Brazil)", "name": "Montanha"}], "frameVersion": "1997", "hasFoil": false, "hasNonFoil": true, "identifiers": {"cardsphereId": "1797", "mcmId": "11186", "mtgjsonV4Id": "31f34d3d-ea24-5e07-abc3-b16ebb120504", "multiverseId": "14745", "scryfallCardBackId": "0aeebaf5-8c7d-4636-9e82-8c27447861f7", "scryfallId": "f2e450ae-3ed8-424f-b974-7d9a8e8ac7e4", "scryfallIllustrationId": "2475e50f-9b7d-4b38-aea6-c3aa30553199", "scryfallOracleId": "a3fb7228-e76b-4e96-a40e-20b5fed75685", "tcgplayerProductId": "2657"}, "isFoil": false, "isReprint": true, "language": "English", "layout": "normal", "legalities": {"alchemy": "Legal", "brawl": "Legal", "commander": "Legal", "duel": "Legal", "explorer": "Legal", "future": "Legal", "gladiator": "Legal", "historic": "Legal", "legacy": "Legal", "modern": "Legal", "oathbreaker": "Legal", "pauper": "Legal", "paupercommander": "Legal", "penny": "Legal", "pioneer": "Legal", "predh": "Legal", "premodern": "Legal", "standard": "Legal", "standardbrawl": "Legal", "timeless": "Legal", "vintage": "Legal"}, "manaValue": 0.0, "name": "Mountain", "number": "343", "originalText": "R", "originalType": "Land", "printings": ["10E", "2ED", "2XM", "30A", "3ED", "40K", "4BB", "4ED", "5ED", "6ED", "7ED", "8ED", "9ED", "ACR", "AFR", "AKH", "AKR", "ALA", "ANA", "ANB", "ARC", "ARN", "ATH", "AVR", "BBD", "BFZ", "BLB", "BRB", "BRC", "BRO", "BTD", "C13", "C14", "C15", "C16", "C17", "C18", "C19", "CED", "CEI", "CHK", "CLB", "CLU", "CM2", "CMA", "CMD", "CMM", "CMR", "CST", "DD1", "DD2", "DDE", "DDG", "DDH", "DDI", "DDJ", "DDK", "DDL", "DDN", "DDP", "DDS", "DDT", "DDU", "DKM", "DMR", "DMU", "DOM", "DPA", "DSK", "DTK", "E01", "ELD", "EVG", "FBB", "FRF", "G17", "GK1", "GK2", "GN2", "GN3", "GNT", "GRN", "GS1", "H09", "HBG", "HOP", "HOU", "ICE", "IKO", "INV", "ISD", "ITP", "J14", "J22", "JMP", "JVC", "KHM", "KLD", "KLR", "KTK", "LCI", "LEA", "LEB", "LRW", "LTR", "M10", "M11", "M12", "M13", "M14", "M15", "M19", "M20", "M21", "MBS", "ME1", "ME3", "MH2", "MH3", "MID", "MIR", "MKM", "MMQ", "MOM", "MRD", "NEO", "NPH", "ODY", "OLEP", "ONE", "ONS", "ORI", "OTJ", "P02", "P23", "PAL00", "PAL01", "PAL03", "PAL04", "PAL05", "PAL06", "PAL99", "PALP", "PANA", "PARL", "PC2", "PCA", "PD2", "PELP", "PF19", "PF20", "PGPX", "PGRU", "PIP", "PL24", "PLST", "PMPS", "PMPS06", "PMPS07", "PMPS08", "PMPS09", "PMPS10", "PMPS11", "POR", "PPP1", "PRM", "PRW2", "PRWK", "PS11", "PSAL", "PSS2", "PSS3", "PSS4", "PTC", "PTK", "PZ2", "RAV", "REX", "RIX", "RNA", "ROE", "RQS", "RTR", "S99", "SCD", "SHM", "SIR", "SLD", "SNC", "SOI", "SOM", "STX", "SUM", "TD0", "THB", "THS", "TMP", "TPR", "TSP", "UGL", "UND", "UNF", "UNH", "USG", "UST", "VOW", "WAR", "WC00", "WC01", "WC02", "WC03", "WC97", "WC98", "WC99", "WHO", "WOE", "XANA", "XLN", "ZEN", "ZNR"], "purchaseUrls": {"tcgplayer": "https://mtgjson.com/links/cd4d2d53c8630a96"}, "rarity": "common", "setCode": "6ED", "sourceProducts": {"nonfoil": ["312b9d82-3a53-53d7-84cc-c05534547d86", "55e22afb-ad7d-52cd-ab52-056e3a9705b0", "8b18a7df-17b2-557c-bb4d-aa66ad5afd8f", "b5ad501f-0aba-503e-ae55-d66e1b27de1b"]}, "subtypes": ["Mountain"], "supertypes": ["Basic"], "text": "({T}: Add {R}.)", "type": "Basic Land — Mountain", "types": ["Land"], "uuid": "cea0db39-b74c-5f20-9334-aabb6c192f61", "variations": ["aefce677-f215-565c-8db4-10bbfb2c9d73", "d824822e-0943-5a46-bfd9-e4a134c74c97", "a9dc2754-2a14-574d-ab28-fd34958e6126"]}, {"artist": "Tom Wänerstrand", "artistIds": ["c4e0aa7c-a008-4d71-80ce-d5a1ca0b251b"], "availability": ["paper"], "boosterTypes": ["default"], "borderColor": "white", "colorIdentity": ["W"], "colors": [], "convertedManaCost": 0.0, "count": 5, "edhrecSaltiness": 0.28, "finishes": ["nonfoil"], "foreignData": [{"identifiers": {"scryfallId": "24fb5b2f-49d6-4e0d-bd81-b3ea929cbbf7"}, "language": "German", "name": "Ebene"}, {"identifiers": {"scryfallId": "b4bef34a-4675-4e04-ac12-9abd55c545ca"}, "language": "Spanish", "name": "Llanura"}, {"identifiers": {"scryfallId": "9d9ee538-96b5-47ae-83d4-45f5f50dc988"}, "language": "French", "name": "Plaine"}, {"identifiers": {"scryfallId": "10214194-aa19-4194-9dba-40e9d6a89b34"}, "language": "Italian", "name": "Pianura"}, {"identifiers": {"scryfallId": "6d34608c-9c57-44e1-9414-840046dc379b"}, "language": "Japanese", "name": "平地"}, {"identifiers": {"scryfallId": "a2e76521-f17d-40fd-8824-ef4c20f879a1"}, "language": "Portuguese (Brazil)", "name": "Planície"}], "frameVersion": "1997", "hasFoil": false, "hasNonFoil": true, "identifiers": {"cardsphereId": "1824", "mcmId": "11174", "mtgjsonV4Id": "bfe0eefb-304f-5062-b5ac-8352aab64626", "multiverseId": "14733", "scryfallCardBackId": "0aeebaf5-8c7d-4636-9e82-8c27447861f7", "scryfallId": "d3c1ab59-3771-484c-8a79-2bb36655b6dd", "scryfallIllustrationId": "af142818-eed3-4aa1-8c4a-c41bfbabbca4", "scryfallOracleId": "bc71ebf6-2056-41f7-be35-b2e5c34afa99", "tcgplayerProductId": "2684"}, "isFoil": false, "isReprint": true, "language": "English", "layout": "normal", "legalities": {"alchemy": "Legal", "brawl": "Legal", "commander": "Legal", "duel": "Legal", "explorer": "Legal", "future": "Legal", "gladiator": "Legal", "historic": "Legal", "legacy": "Legal", "modern": "Legal", "oathbreaker": "Legal", "pauper": "Legal", "paupercommander": "Legal", "penny": "Legal", "pioneer": "Legal", "predh": "Legal", "premodern": "Legal", "standard": "Legal", "standardbrawl": "Legal", "timeless": "Legal", "vintage": "Legal"}, "manaValue": 0.0, "name": "Plains", "number": "331", "originalText": "W", "originalType": "Land", "printings": ["10E", "2ED", "2XM", "30A", "3ED", "40K", "4BB", "4ED", "5ED", "6ED", "7ED", "8ED", "9ED", "ACR", "AFR", "AKH", "AKR", "ALA", "ANA", "ANB", "ARC", "ATH", "AVR", "BBD", "BFZ", "BLB", "BRB", "BRC", "BRO", "C13", "C14", "C15", "C16", "C17", "C18", "C19", "CED", "CEI", "CHK", "CLB", "CLU", "CM2", "CMA", "CMD", "CMM", "CMR", "CST", "DDC", "DDE", "DDF", "DDG", "DDH", "DDI", "DDK", "DDL", "DDN", "DDO", "DDP", "DDQ", "DMR", "DMU", "DOM", "DSK", "DTK", "DVD", "E01", "ELD", "FBB", "FDN", "FRF", "G17", "GK1", "GK2", "GN2", "GN3", "GNT", "GRN", "GS1", "H09", "HBG", "HOP", "HOU", "ICE", "IKO", "INV", "ISD", "ITP", "J14", "J22", "JMP", "KHM", "KLD", "KLR", "KTK", "LCI", "LEA", "LEB", "LRW", "LTR", "M10", "M11", "M12", "M13", "M14", "M15", "M19", "M20", "M21", "MBS", "MD1", "ME1", "ME3", "MH2", "MH3", "MID", "MIR", "MKM", "MMQ", "MOM", "MRD", "NEO", "NPH", "ODY", "OLEP", "ONE", "ONS", "ORI", "OTJ", "P02", "P23", "PAL00", "PAL01", "PAL03", "PAL04", "PAL05", "PAL06", "PAL99", "PALP", "PANA", "PARL", "PC2", "PCA", "PDGM", "PELP", "PF19", "PF20", "PGPX", "PGRU", "PIP", "PLST", "PMPS", "PMPS06", "PMPS07", "PMPS08", "PMPS09", "PMPS10", "PMPS11", "POR", "PPP1", "PRM", "PRW2", "PRWK", "PS11", "PSAL", "PSS2", "PSS3", "PSS4", "PTC", "PTK", "PZ2", "RAV", "REX", "RIX", "RNA", "ROE", "RQS", "RTR", "S99", "SCD", "SHM", "SIR", "SLD", "SLP", "SNC", "SOI", "SOM", "STX", "SUM", "TD0", "TD2", "THB", "THS", "TMP", "TPR", "TSP", "UGL", "UND", "UNF", "UNH", "USG", "UST", "VOW", "WAR", "WC00", "WC02", "WC03", "WC04", "WC97", "WC98", "WHO", "WOE", "XANA", "XLN", "ZEN", "ZNR"], "purchaseUrls": {"tcgplayer": "https://mtgjson.com/links/21a28b75257665d7"}, "rarity": "common", "setCode": "6ED", "sourceProducts": {"nonfoil": ["312b9d82-3a53-53d7-84cc-c05534547d86", "55e22afb-ad7d-52cd-ab52-056e3a9705b0", "8b18a7df-17b2-557c-bb4d-aa66ad5afd8f", "b5ad501f-0aba-503e-ae55-d66e1b27de1b"]}, "subtypes": ["Plains"], "supertypes": ["Basic"], "text": "({T}: Add {W}.)", "type": "Basic Land — Plains", "types": ["Land"], "uuid": "22ee9de2-7951-56cd-9048-b9418a2c842e", "variations": ["f86dec0f-e26d-531b-807a-93d4f7259ac5", "4cf91220-6c0a-57aa-84fc-4659adb0c8b2", "7d721cd4-0444-5c87-babf-7118a1d3066b"]}], "name": "Deck B", "releaseDate": "1999-04-21", "sealedProductUuids": null, "sideBoard": [], "type": "Starter Deck"}}