{"meta": {"date": "2024-09-03", "version": "5.2.2+20240903"}, "data": {"code": "DDC", "commander": [], "mainBoard": [{"artist": "Mark Tedin", "artistIds": ["9ee9a9cc-c09e-486f-918b-69f80cbc4188"], "availability": ["mtgo", "paper"], "borderColor": "black", "colorIdentity": ["B"], "colors": ["B"], "convertedManaCost": 2.0, "count": 1, "duelDeck": "b", "edhrecRank": 9350, "edhrecSaltiness": 0.77, "finishes": ["nonfoil"], "flavorText": "\"There are two ways for me to pass this gate. One involves you remaining conscious.\"\n—Gerrard of the *Weatherlight*", "foreignData": [], "frameVersion": "2003", "hasFoil": false, "hasNonFoil": true, "identifiers": {"cardsphereId": "14516", "mcmId": "20843", "mcmMetaId": "20", "mtgjsonV4Id": "d2fabada-b2c3-5281-9164-74d18b90b154", "mtgoFoilId": "32135", "mtgoId": "32043", "multiverseId": "197037", "scryfallCardBackId": "0aeebaf5-8c7d-4636-9e82-8c27447861f7", "scryfallId": "506ae06e-cf80-4efa-8c54-022b65b2495f", "scryfallIllustrationId": "87e64a03-77de-4d26-8258-749b438ac395", "scryfallOracleId": "4954181c-cb46-4cac-adc3-2c8b7693a211", "tcgplayerProductId": "36786"}, "isFoil": false, "isReprint": true, "isStarter": true, "language": "English", "layout": "normal", "legalities": {"commander": "Legal", "duel": "Legal", "legacy": "Legal", "oathbreaker": "Legal", "pauper": "Legal", "paupercommander": "Legal", "predh": "Legal", "premodern": "Legal", "vintage": "Legal"}, "manaCost": "{1}{B}", "manaValue": 2.0, "name": "Abyssal Gatekeeper", "number": "31", "originalText": "When Abyssal Gatekeeper is put into a graveyard from play, each player sacrifices a creature.", "originalType": "Creature — Horror", "power": "1", "printings": ["DDC", "DVD", "TD0", "WTH"], "purchaseUrls": {"cardmarket": "https://mtgjson.com/links/09259842f51a1a1d", "tcgplayer": "https://mtgjson.com/links/1f081e81aeb19e50"}, "rarity": "common", "rulings": [{"date": "2004-10-04", "text": "The \"sacrifice a creature\" effect is not targeted. It can affect creatures with protection from black, for example."}, {"date": "2008-04-01", "text": "The player whose turn it is chooses a creature to sacrifice, then each other player in turn order chooses a creature to sacrifice, then all chosen creatures are sacrificed at the same time."}], "setCode": "DDC", "sourceProducts": {"nonfoil": ["de6885b7-c9cf-5525-9f11-3f38897fee51"]}, "subtypes": ["Horror"], "supertypes": [], "text": "When Abyssal Gatekeeper dies, each player sacrifices a creature.", "toughness": "1", "type": "Creature — Horror", "types": ["Creature"], "uuid": "500d69dc-370c-59d6-8b4e-a69a74539998"}, {"artist": "Michael Sutfin", "artistIds": ["5ce7b3bd-53d2-49e6-b504-37191e8e9b17"], "availability": ["mtgo", "paper"], "borderColor": "black", "colorIdentity": ["B"], "colors": ["B"], "convertedManaCost": 4.0, "count": 1, "duelDeck": "b", "edhrecRank": 14505, "edhrecSaltiness": 0.25, "finishes": ["nonfoil"], "flavorText": "To gaze under its hood is to invite death.", "foreignData": [], "frameVersion": "2003", "hasFoil": false, "hasNonFoil": true, "identifiers": {"cardsphereId": "14517", "mcmId": "20844", "mcmMetaId": "24", "mtgjsonV4Id": "11a61a6b-84b9-58a0-8d3e-0f380eca8eb9", "mtgoFoilId": "32161", "mtgoId": "32069", "multiverseId": "197008", "scryfallCardBackId": "0aeebaf5-8c7d-4636-9e82-8c27447861f7", "scryfallId": "478240fd-864f-451d-9583-1f46f98f7f2e", "scryfallIllustrationId": "0c0d007f-1ed8-4a07-9c01-d2b731802f51", "scryfallOracleId": "51833cff-6519-4806-8d91-0040e9a02189", "tcgplayerProductId": "36787"}, "isFoil": false, "isReprint": true, "isStarter": true, "keywords": ["Flying"], "language": "English", "layout": "normal", "legalities": {"commander": "Legal", "duel": "Legal", "legacy": "Legal", "modern": "Legal", "oathbreaker": "Legal", "paupercommander": "Restricted", "penny": "Legal", "predh": "Legal", "premodern": "Legal", "vintage": "Legal"}, "manaCost": "{2}{B}{B}", "manaValue": 4.0, "name": "Abyssal Specter", "number": "40", "originalText": "Flying\nWhenever Abyssal Specter deals damage to a player, that player discards a card.", "originalType": "Creature — Specter", "power": "2", "printings": ["5ED", "6ED", "7ED", "8ED", "BRB", "DDC", "DKM", "DPA", "DVD", "ICE", "MM3", "PS11"], "purchaseUrls": {"cardmarket": "https://mtgjson.com/links/5b33c46db869906d", "tcgplayer": "https://mtgjson.com/links/f548bad071762925"}, "rarity": "uncommon", "setCode": "DDC", "sourceProducts": {"nonfoil": ["de6885b7-c9cf-5525-9f11-3f38897fee51"]}, "subtypes": ["Specter"], "supertypes": [], "text": "Flying\nWhenever Abyssal Specter deals damage to a player, that player discards a card.", "toughness": "3", "type": "Creature — Specter", "types": ["Creature"], "uuid": "53755dc7-51bb-5ecd-9980-83bbc122c938"}, {"artist": "Matt Thompson", "artistIds": ["469f170d-e056-4cfd-893a-458ef021ab73"], "availability": ["mtgo", "paper"], "borderColor": "black", "colorIdentity": ["B"], "colors": ["B"], "convertedManaCost": 4.0, "count": 1, "duelDeck": "b", "edhrecRank": 23717, "edhrecSaltiness": 0.08, "finishes": ["nonfoil"], "flavorText": "Its laughter drives needles through your mind.", "foreignData": [], "frameVersion": "2003", "hasFoil": false, "hasNonFoil": true, "identifiers": {"cardsphereId": "14528", "mcmId": "20845", "mcmMetaId": "779", "mtgjsonV4Id": "6efe8974-59ff-57bf-b8be-d8ae3fd500ba", "mtgoFoilId": "32180", "mtgoId": "32091", "multiverseId": "197003", "scryfallCardBackId": "0aeebaf5-8c7d-4636-9e82-8c27447861f7", "scryfallId": "ecae92e2-e2d0-4f32-b90b-3762e7c0e11d", "scryfallIllustrationId": "fd943cfb-ea6a-4c7a-b0bc-92dff361004e", "scryfallOracleId": "adc8c55c-8fbe-4e07-b1be-8cb796db3d8a", "tcgplayerProductId": "36798"}, "isFoil": false, "isReprint": true, "isStarter": true, "keywords": ["Flying"], "language": "English", "layout": "normal", "legalities": {"commander": "Legal", "duel": "Legal", "legacy": "Legal", "modern": "Legal", "oathbreaker": "Legal", "pauper": "Legal", "paupercommander": "Legal", "penny": "Legal", "predh": "Legal", "vintage": "Legal"}, "manaCost": "{2}{B}{B}", "manaValue": 4.0, "name": "Cackling Imp", "number": "41", "originalText": "Flying\n{T}: Target player loses 1 life.", "originalType": "Creature — Imp", "power": "2", "printings": ["5DN", "DDC", "DVD", "PLST"], "purchaseUrls": {"cardmarket": "https://mtgjson.com/links/5384c4da163ab8c9", "tcgplayer": "https://mtgjson.com/links/1a1032d84bc11e10"}, "rarity": "common", "setCode": "DDC", "sourceProducts": {"nonfoil": ["de6885b7-c9cf-5525-9f11-3f38897fee51"]}, "subtypes": ["Imp"], "supertypes": [], "text": "Flying\n{T}: Target player loses 1 life.", "toughness": "2", "type": "Creature — Imp", "types": ["Creature"], "uuid": "000cd141-db23-50ee-9729-74b6818347d2"}, {"artist": "Pete Venters", "artistIds": ["d54c4a1a-c0c5-4834-84db-125d341f3ad8"], "availability": ["mtgo", "paper"], "borderColor": "black", "colorIdentity": ["B"], "colors": ["B"], "convertedManaCost": 3.0, "count": 1, "duelDeck": "b", "edhrecRank": 25914, "finishes": ["nonfoil"], "flavorText": "The Simic use the claws as scalpels, while the Rakdos use them for tattooing and torture. The Gruul use them to pick their teeth after lunching on the rest of the carcass.", "foreignData": [], "frameVersion": "2003", "hasFoil": false, "hasNonFoil": true, "identifiers": {"cardsphereId": "14533", "mcmId": "20846", "mcmMetaId": "7736", "mtgjsonV4Id": "a2bb6d7f-c113-5a57-a429-f09e9d725c15", "mtgoFoilId": "32186", "mtgoId": "32097", "multiverseId": "197022", "scryfallCardBackId": "0aeebaf5-8c7d-4636-9e82-8c27447861f7", "scryfallId": "b3212559-0af0-4d07-9be1-badabfc5231f", "scryfallIllustrationId": "e52c6c7f-4c9b-4bd3-af92-a3c70b88b586", "scryfallOracleId": "689c5a47-24ec-4cbf-bc93-ebb492732cad", "tcgplayerProductId": "36803"}, "isFoil": false, "isReprint": true, "isStarter": true, "keywords": ["Flying"], "language": "English", "layout": "normal", "legalities": {"commander": "Legal", "duel": "Legal", "legacy": "Legal", "modern": "Legal", "oathbreaker": "Legal", "paupercommander": "Restricted", "penny": "Legal", "predh": "Legal", "vintage": "Legal"}, "manaCost": "{2}{B}", "manaValue": 3.0, "name": "Daggerclaw Imp", "number": "33", "originalText": "Flying\nDaggerclaw Imp can't block.", "originalType": "Creature — Imp", "power": "3", "printings": ["CLU", "DDC", "DVD", "GPT", "MM2"], "purchaseUrls": {"cardmarket": "https://mtgjson.com/links/67280a0744092701", "tcgplayer": "https://mtgjson.com/links/2f97f9aeb655e429"}, "rarity": "uncommon", "setCode": "DDC", "sourceProducts": {"nonfoil": ["de6885b7-c9cf-5525-9f11-3f38897fee51"]}, "subtypes": ["Imp"], "supertypes": [], "text": "Flying\nDaggerclaw Imp can't block.", "toughness": "1", "type": "Creature — Imp", "types": ["Creature"], "uuid": "1220b6f1-9ad4-512b-84b9-b676537c9ad0"}, {"artist": "Pete Venters", "artistIds": ["d54c4a1a-c0c5-4834-84db-125d341f3ad8"], "availability": ["mtgo", "paper"], "borderColor": "black", "colorIdentity": ["B"], "colors": ["B"], "convertedManaCost": 4.0, "count": 2, "duelDeck": "b", "edhrecRank": 25921, "finishes": ["nonfoil"], "flavorText": "They knock 'em dead, with or without the punch line.", "foreignData": [], "frameVersion": "2003", "hasFoil": false, "hasNonFoil": true, "identifiers": {"cardsphereId": "14538", "mcmId": "20847", "mcmMetaId": "7571", "mtgjsonV4Id": "3c0f375c-69c3-5da7-b712-af0b66622880", "mtgoFoilId": "32187", "mtgoId": "32098", "multiverseId": "197018", "scryfallCardBackId": "0aeebaf5-8c7d-4636-9e82-8c27447861f7", "scryfallId": "e18c76f6-5fca-4910-a9db-8a0ba72cf28b", "scryfallIllustrationId": "29aa913b-8e06-49d3-a129-eeda16d5a969", "scryfallOracleId": "da67c329-ca12-45fc-a9cd-8fb6f27501a9", "tcgplayerProductId": "36809"}, "isFoil": false, "isReprint": true, "isStarter": true, "keywords": ["Flying", "Hellbent"], "language": "English", "layout": "normal", "legalities": {"commander": "Legal", "duel": "Legal", "legacy": "Legal", "modern": "Legal", "oathbreaker": "Legal", "pauper": "Legal", "paupercommander": "Legal", "penny": "Legal", "predh": "Legal", "vintage": "Legal"}, "manaCost": "{3}{B}", "manaValue": 4.0, "name": "Demon's Jester", "number": "38", "originalText": "Flying\nHellbent — Demon's Jester gets +2/+1 as long as you have no cards in hand.", "originalType": "Creature — Imp", "power": "2", "printings": ["DDC", "DIS", "DVD"], "purchaseUrls": {"cardmarket": "https://mtgjson.com/links/389d3cf505942db0", "tcgplayer": "https://mtgjson.com/links/c042a869c6f9ddbc"}, "rarity": "common", "setCode": "DDC", "sourceProducts": {"nonfoil": ["de6885b7-c9cf-5525-9f11-3f38897fee51"]}, "subtypes": ["Imp"], "supertypes": [], "text": "Flying\nHellbent — Demon's Jester gets +2/+1 as long as you have no cards in hand.", "toughness": "2", "type": "Creature — Imp", "types": ["Creature"], "uuid": "3ba5e8e6-9149-5add-815a-a3b5d34128a6"}, {"artist": "Pete Venters", "artistIds": ["d54c4a1a-c0c5-4834-84db-125d341f3ad8"], "availability": ["mtgo", "paper"], "borderColor": "black", "colorIdentity": ["B"], "colors": ["B"], "convertedManaCost": 3.0, "count": 2, "duelDeck": "b", "edhrecRank": 26404, "finishes": ["nonfoil"], "flavorText": "Imps are just intelligent enough to have an understanding of cruelty.", "foreignData": [], "frameVersion": "2003", "hasFoil": false, "hasNonFoil": true, "identifiers": {"cardsphereId": "14541", "mcmId": "20848", "mcmMetaId": "1644", "mtgjsonV4Id": "d55282ce-f6b0-5553-8bf9-e4a8b89ab60f", "mtgoFoilId": "32139", "mtgoId": "32047", "multiverseId": "196995", "scryfallCardBackId": "0aeebaf5-8c7d-4636-9e82-8c27447861f7", "scryfallId": "337fb10f-ecea-4c4e-a0bc-55b821cae4b3", "scryfallIllustrationId": "1c6e0ee5-bccf-4dba-bf53-251f23413865", "scryfallOracleId": "1389ae4a-c3a5-4678-9012-937a3cbaf7f7", "tcgplayerProductId": "36811"}, "isFoil": false, "isReprint": true, "isStarter": true, "keywords": ["Flying"], "language": "English", "layout": "normal", "legalities": {"commander": "Legal", "duel": "Legal", "legacy": "Legal", "modern": "Legal", "oathbreaker": "Legal", "pauper": "Legal", "paupercommander": "Legal", "penny": "Legal", "predh": "Legal", "premodern": "Legal", "vintage": "Legal"}, "manaCost": "{2}{B}", "manaValue": 3.0, "name": "Dusk Imp", "number": "34", "originalText": "Flying", "originalType": "Creature — Imp", "power": "2", "printings": ["10E", "8ED", "DDC", "DPA", "DVD", "ODY", "PS11"], "purchaseUrls": {"cardmarket": "https://mtgjson.com/links/ea4f70b8476fa424", "tcgplayer": "https://mtgjson.com/links/a4ec55a5f0077cdc"}, "rarity": "common", "setCode": "DDC", "sourceProducts": {"nonfoil": ["de6885b7-c9cf-5525-9f11-3f38897fee51"]}, "subtypes": ["Imp"], "supertypes": [], "text": "Flying", "toughness": "1", "type": "Creature — Imp", "types": ["Creature"], "uuid": "5a5480b3-1534-5d87-906c-8e226319b314"}, {"artist": "Matthew D. Wilson", "artistIds": ["4fbafd13-0cf9-42a1-870d-7f8ea276f140"], "availability": ["mtgo", "paper"], "borderColor": "black", "colorIdentity": ["B"], "colors": ["B"], "convertedManaCost": 5.0, "count": 1, "duelDeck": "b", "edhrecRank": 16453, "finishes": ["nonfoil"], "flavorText": "\"Why do you weep for the dead? I rejoice, for they have died for me.\"", "foreignData": [], "frameVersion": "2003", "hasFoil": false, "hasNonFoil": true, "identifiers": {"cardsphereId": "14543", "mcmId": "20849", "mcmMetaId": "1936", "mtgjsonV4Id": "4510e304-de7e-5bde-9348-0e65f5b94fe8", "mtgoFoilId": "32176", "mtgoId": "32084", "multiverseId": "197010", "scryfallCardBackId": "0aeebaf5-8c7d-4636-9e82-8c27447861f7", "scryfallId": "a0987469-20dd-4c42-9047-4ff0a7e1761f", "scryfallIllustrationId": "8c1d750c-745d-4d2a-a877-33d2a2cc5a43", "scryfallOracleId": "1869a326-8b48-4331-b969-5ce83cf4ff8a", "tcgplayerProductId": "36813"}, "isFoil": false, "isReprint": true, "isStarter": true, "keywords": ["Flying"], "language": "English", "layout": "normal", "legalities": {"commander": "Legal", "duel": "Legal", "legacy": "Legal", "modern": "Legal", "oathbreaker": "Legal", "paupercommander": "Restricted", "penny": "Legal", "predh": "Legal", "premodern": "Legal", "vintage": "Legal"}, "manaCost": "{3}{B}{B}", "manaValue": 5.0, "name": "Fallen Angel", "number": "42", "originalText": "Flying\nSacrifice a creature: Fallen Angel gets +2/+1 until end of turn.", "originalType": "Creature — Angel", "power": "3", "printings": ["5ED", "6ED", "7ED", "8ED", "A25", "BCHR", "BTD", "CHR", "CMA", "CMD", "DDC", "DVD", "LEG", "OLEP", "PLST", "PSAL"], "purchaseUrls": {"cardmarket": "https://mtgjson.com/links/266010c0caee2137", "tcgplayer": "https://mtgjson.com/links/8e0e54a586399826"}, "rarity": "rare", "rulings": [{"date": "2004-10-04", "text": "Can sacrifice itself."}], "setCode": "DDC", "sourceProducts": {"nonfoil": ["de6885b7-c9cf-5525-9f11-3f38897fee51"]}, "subtypes": ["Angel"], "supertypes": [], "text": "Flying\nSacrifice a creature: Fallen Angel gets +2/+1 until end of turn.", "toughness": "3", "type": "Creature — Angel", "types": ["Creature"], "uuid": "360eafc9-a408-57bb-ab95-1c54f4a9bee9"}, {"artist": "Kev Walker", "artistIds": ["f366a0ee-a0cd-466d-ba6a-90058c7a31a6"], "availability": ["mtgo", "paper"], "borderColor": "black", "colorIdentity": ["B"], "colors": ["B"], "convertedManaCost": 2.0, "count": 1, "duelDeck": "b", "edhrecRank": 25423, "finishes": ["nonfoil"], "flavorText": "The imp, unaware of its own odor, paused to catch its breath . . . and promptly died.", "foreignData": [], "frameVersion": "2003", "hasFoil": false, "hasNonFoil": true, "identifiers": {"cardsphereId": "14544", "mcmId": "20850", "mcmMetaId": "2197", "mtgjsonV4Id": "7290d28e-ab71-5dfb-aa0c-c046c354ceb2", "mtgoFoilId": "32163", "mtgoId": "32071", "multiverseId": "197012", "scryfallCardBackId": "0aeebaf5-8c7d-4636-9e82-8c27447861f7", "scryfallId": "ece67927-02db-44da-b074-243f2e053bb7", "scryfallIllustrationId": "c7a286e9-1a70-4dcf-9eab-c1b48de5c60c", "scryfallOracleId": "25c04be3-f2e0-4f45-a1ca-9e75ffffa9b5", "tcgplayerProductId": "36814"}, "isFoil": false, "isReprint": true, "isStarter": true, "keywords": ["Flying"], "language": "English", "layout": "normal", "legalities": {"commander": "Legal", "duel": "Legal", "legacy": "Legal", "modern": "Legal", "oathbreaker": "Legal", "pauper": "Legal", "paupercommander": "Legal", "penny": "Legal", "predh": "Legal", "premodern": "Legal", "vintage": "Legal"}, "manaCost": "{B}{B}", "manaValue": 2.0, "name": "Foul Imp", "number": "32", "originalText": "Flying\nWhen Foul Imp comes into play, you lose 2 life.", "originalType": "Creature — Imp", "power": "2", "printings": ["7ED", "9ED", "DDC", "DDR", "DVD", "STH"], "purchaseUrls": {"cardmarket": "https://mtgjson.com/links/615564659635d438", "tcgplayer": "https://mtgjson.com/links/5056e0cb12e4e75d"}, "rarity": "common", "rulings": [{"date": "2004-10-04", "text": "You can cast this if you have less than 2 life, since the life is lost as an effect and not a payment."}], "setCode": "DDC", "sourceProducts": {"nonfoil": ["de6885b7-c9cf-5525-9f11-3f38897fee51"]}, "subtypes": ["Imp"], "supertypes": [], "text": "Flying\nWhen Foul Imp enters, you lose 2 life.", "toughness": "2", "type": "Creature — Imp", "types": ["Creature"], "uuid": "77d9ece2-136f-553d-8a6e-7b690c3680fb"}, {"artist": "Jon Foster", "artistIds": ["be1fa767-c905-49b1-afcf-77a8e9ebbd31"], "availability": ["mtgo", "paper"], "borderColor": "black", "colorIdentity": ["B"], "colors": ["B"], "convertedManaCost": 9.0, "count": 1, "duelDeck": "b", "edhrecRank": 15391, "edhrecSaltiness": 0.21, "finishes": ["nonfoil"], "foreignData": [], "frameVersion": "2003", "hasFoil": false, "hasNonFoil": true, "identifiers": {"cardsphereId": "14547", "mcmId": "20851", "mcmMetaId": "7068", "mtgjsonV4Id": "6ad1dd83-347a-55f8-b97d-2ae033fa174b", "mtgoFoilId": "32183", "mtgoId": "32094", "multiverseId": "197015", "scryfallCardBackId": "0aeebaf5-8c7d-4636-9e82-8c27447861f7", "scryfallId": "69436458-c449-43ab-9ff7-5109b5695a6d", "scryfallIllustrationId": "5c9d2373-dc8d-4207-850f-3114ec31648d", "scryfallOracleId": "c80a7d22-076a-4fd7-bcf4-4769143647f0", "tcgplayerProductId": "36817"}, "isFoil": false, "isReprint": true, "isStarter": true, "language": "English", "layout": "normal", "leadershipSkills": {"brawl": false, "commander": true, "oathbreaker": false}, "legalities": {"commander": "Legal", "duel": "Legal", "legacy": "Legal", "modern": "Legal", "oathbreaker": "Legal", "penny": "Legal", "predh": "Legal", "vintage": "Legal"}, "manaCost": "{6}{B}{B}{B}", "manaValue": 9.0, "name": "Kuro, Pitlord", "number": "44", "originalText": "At the beginning of your upkeep, sacrifice Kuro, Pitlord unless you pay {B}{B}{B}{B}.\nPay 1 life: Target creature gets -1/-1 until end of turn.", "originalType": "Legendary Creature — Demon Spirit", "power": "9", "printings": ["CHK", "DDC", "DVD"], "purchaseUrls": {"cardmarket": "https://mtgjson.com/links/0ebcb9aae8823543", "tcgplayer": "https://mtgjson.com/links/641320f167ce84c1"}, "rarity": "rare", "setCode": "DDC", "sourceProducts": {"nonfoil": ["de6885b7-c9cf-5525-9f11-3f38897fee51"]}, "subtypes": ["Demon", "Spirit"], "supertypes": ["Legendary"], "text": "At the beginning of your upkeep, sacrifice Kuro, Pitlord unless you pay {B}{B}{B}{B}.\nPay 1 life: Target creature gets -1/-1 until end of turn.", "toughness": "9", "type": "Legendary Creature — Demon Spirit", "types": ["Creature"], "uuid": "f9874a36-70b1-54c5-99c0-e326d7ea1e55"}, {"artist": "Chippy", "artistIds": ["a36f01a0-e51a-48b2-a556-b9b3bc73f969"], "availability": ["mtgo", "paper"], "borderColor": "black", "colorIdentity": ["B"], "colors": ["B"], "convertedManaCost": 7.0, "count": 1, "duelDeck": "b", "edhrecRank": 10719, "edhrecSaltiness": 0.5, "finishes": ["foil"], "flavorText": "\"My summoning begins your debt, planeswalker.\"", "foreignData": [], "frameVersion": "2003", "hasFoil": true, "hasNonFoil": false, "identifiers": {"cardsphereFoilId": "14548", "mcmId": "20852", "mcmMetaId": "3356", "mtgjsonV4Id": "80305db7-95ca-5ca0-8758-815673559c6d", "mtgoFoilId": "32155", "mtgoId": "32063", "multiverseId": "193868", "scryfallCardBackId": "0aeebaf5-8c7d-4636-9e82-8c27447861f7", "scryfallId": "b53cde03-6f3b-443c-9f55-1f8de24c1722", "scryfallIllustrationId": "abb3897c-1fef-4f4b-a8b9-9accc6521d61", "scryfallOracleId": "ea152809-85a2-4fde-8251-3b1f267e4443", "tcgplayerProductId": "36818"}, "isFoil": true, "isReprint": true, "isStarter": true, "keywords": ["Flying", "Trample"], "language": "English", "layout": "normal", "legalities": {"commander": "Legal", "duel": "Legal", "legacy": "Legal", "modern": "Legal", "oathbreaker": "Legal", "penny": "Legal", "predh": "Legal", "premodern": "Legal", "vintage": "Legal"}, "manaCost": "{4}{B}{B}{B}", "manaValue": 7.0, "name": "Lord of the Pit", "number": "30", "originalText": "Flying, trample\nAt the beginning of your upkeep, sacrifice a creature other than Lord of the Pit. If you can't, Lord of the Pit deals 7 damage to you.", "originalType": "Creature — Demon", "power": "7", "printings": ["10E", "2ED", "30A", "3ED", "4BB", "4ED", "5ED", "CED", "CEI", "DDC", "DVD", "FBB", "IMA", "LEA", "LEB", "SLD", "SUM"], "purchaseUrls": {"cardmarket": "https://mtgjson.com/links/9a19065222d386b9", "tcgplayer": "https://mtgjson.com/links/bd29326d89a065d4"}, "rarity": "mythic", "rulings": [{"date": "2017-11-17", "text": "If Lord of the Pit has gained lifelink, being dealt 7 damage by it doesn’t cause your life total to change, even though you gain and lose life. If your life total is less than 7, you won’t lose the game."}, {"date": "2017-11-17", "text": "If you control any other creatures as Lord of the Pit’s triggered ability resolves, you must sacrifice one. You can’t choose to be dealt 7 damage instead."}, {"date": "2017-11-17", "text": "If you have two Lords of the Pit, you can sacrifice them to each other."}], "setCode": "DDC", "sourceProducts": {"foil": ["de6885b7-c9cf-5525-9f11-3f38897fee51"]}, "subtypes": ["Demon"], "supertypes": [], "text": "Flying, trample\nAt the beginning of your upkeep, sacrifice a creature other than Lord of the Pit. If you can't, Lord of the Pit deals 7 damage to you.", "toughness": "7", "type": "Creature — Demon", "types": ["Creature"], "uuid": "0418888a-a6b5-581b-8bd4-b1f20273fcdd"}, {"artist": "Ray Lago", "artistIds": ["a72b1f7b-b72a-4e8b-bc97-d6720c0e5837"], "availability": ["mtgo", "paper"], "borderColor": "black", "colorIdentity": ["B"], "colors": ["B"], "convertedManaCost": 3.0, "count": 2, "duelDeck": "b", "edhrecRank": 12415, "edhrecSaltiness": 0.1, "finishes": ["nonfoil"], "flavorText": "Slow and steady may not always win the race, but at least it doesn't end up splattered on the walls.", "foreignData": [], "frameVersion": "2003", "hasFoil": false, "hasNonFoil": true, "identifiers": {"cardsphereId": "14553", "mcmId": "20853", "mcmMetaId": "4044", "mtgjsonV4Id": "5d4d534c-4ff7-5a26-a02a-79cef2a8cd49", "mtgoFoilId": "32168", "mtgoId": "32076", "multiverseId": "197028", "scryfallCardBackId": "0aeebaf5-8c7d-4636-9e82-8c27447861f7", "scryfallId": "e6b8ec5d-cc73-41be-bdea-51474c3a9fa6", "scryfallIllustrationId": "945a707a-60b3-4751-b12a-703a8e84c58f", "scryfallOracleId": "3ea71eed-e1ae-4e28-a4f5-44ff115949f4", "tcgplayerProductId": "36823"}, "isFoil": false, "isReprint": true, "isStarter": true, "language": "English", "layout": "normal", "legalities": {"commander": "Legal", "duel": "Legal", "legacy": "Legal", "oathbreaker": "Legal", "pauper": "Legal", "paupercommander": "Legal", "penny": "Legal", "predh": "Legal", "premodern": "Legal", "vintage": "Legal"}, "manaCost": "{2}{B}", "manaValue": 3.0, "name": "Overeager Apprentice", "number": "35", "originalText": "Discard a card, Sacrifice Overeager Apprentice: Add {B}{B}{B} to your mana pool.", "originalType": "Creature — Human Minion", "power": "1", "printings": ["DDC", "DVD", "ODY"], "purchaseUrls": {"cardmarket": "https://mtgjson.com/links/82be6a50ed7fbfb1", "tcgplayer": "https://mtgjson.com/links/5bfb87c3bf81bcab"}, "rarity": "common", "setCode": "DDC", "sourceProducts": {"nonfoil": ["de6885b7-c9cf-5525-9f11-3f38897fee51"]}, "subtypes": ["Human", "Minion"], "supertypes": [], "text": "Discard a card, Sacrifice Overeager Apprentice: Add {B}{B}{B}.", "toughness": "2", "type": "Creature — Human Minion", "types": ["Creature"], "uuid": "f0307e25-f3c7-5811-b116-78cd3b539054"}, {"artist": "Brom", "artistIds": ["bd79c951-2552-45dd-aae7-a333c2b7c1ef"], "availability": ["mtgo", "paper"], "borderColor": "black", "colorIdentity": ["B"], "colors": ["B"], "convertedManaCost": 8.0, "count": 1, "duelDeck": "b", "edhrecRank": 7810, "edhrecSaltiness": 0.71, "finishes": ["nonfoil"], "foreignData": [], "frameVersion": "2003", "hasFoil": false, "hasNonFoil": true, "identifiers": {"cardsphereId": "14560", "mcmId": "20854", "mcmMetaId": "4608", "mtgjsonV4Id": "b2ec4230-8b2e-5373-88df-afc47b4b3b46", "mtgoFoilId": "32173", "mtgoId": "32081", "multiverseId": "197027", "scryfallCardBackId": "0aeebaf5-8c7d-4636-9e82-8c27447861f7", "scryfallId": "c8a2f9f9-52d5-4cd4-894f-bcb86c5c085b", "scryfallIllustrationId": "70b60b0a-2999-4bbd-b12b-de606b53acd4", "scryfallOracleId": "7dcb95a9-c114-4333-8b45-4380f92d9695", "tcgplayerProductId": "36827"}, "isFoil": false, "isReprint": true, "isStarter": true, "keywords": ["Flying"], "language": "English", "layout": "normal", "legalities": {"commander": "Legal", "duel": "Legal", "legacy": "Legal", "modern": "Legal", "oathbreaker": "Legal", "penny": "Legal", "predh": "Legal", "vintage": "Legal"}, "manaCost": "{4}{B}{B}{B}{B}", "manaValue": 8.0, "name": "Reiver Demon", "number": "43", "originalText": "Flying\nWhen Reiver Demon comes into play, if you played it from your hand, destroy all nonartifact, nonblack creatures. They can't be regenerated.", "originalType": "Creature — Demon", "power": "6", "printings": ["CMA", "CMD", "DDC", "DVD", "MRD"], "purchaseUrls": {"cardmarket": "https://mtgjson.com/links/81a3b41dc2a7cb50", "tcgplayer": "https://mtgjson.com/links/48ea568d8d0d7fb9"}, "rarity": "rare", "rulings": [{"date": "2013-09-20", "text": "If a creature (such as Clone) enters the battlefield as a copy of this creature, the copy’s “enters-the-battlefield” ability will still trigger as long as you cast that creature spell from your hand."}], "setCode": "DDC", "sourceProducts": {"nonfoil": ["de6885b7-c9cf-5525-9f11-3f38897fee51"]}, "subtypes": ["Demon"], "supertypes": [], "text": "Flying\nWhen Reiver Demon enters, if you cast it from your hand, destroy all nonartifact, nonblack creatures. They can't be regenerated.", "toughness": "6", "type": "Creature — Demon", "types": ["Creature"], "uuid": "8dbed1a2-80a1-54f0-b6b0-3c58f824b23c"}, {"artist": "Jesper Ejsing", "artistIds": ["a5f8354a-8b51-4e59-96b2-0e3aeae4fa1d"], "availability": ["mtgo", "paper"], "borderColor": "black", "colorIdentity": ["B"], "colors": ["B"], "convertedManaCost": 3.0, "count": 1, "duelDeck": "b", "edhrecRank": 12340, "edhrecSaltiness": 0.45, "finishes": ["nonfoil"], "flavorText": "\"If one gets in your chimney, you're going to need a long wick and a barrel of bangstuff to get it out.\"\n—Hob Heddil", "foreignData": [], "frameVersion": "2003", "hasFoil": false, "hasNonFoil": true, "identifiers": {"cardsphereId": "14568", "mcmId": "20855", "mcmMetaId": "9894", "mtgjsonV4Id": "8a1122d4-3c65-5432-b8bc-d327cc36abc4", "mtgoFoilId": "32149", "mtgoId": "32057", "multiverseId": "197020", "scryfallCardBackId": "0aeebaf5-8c7d-4636-9e82-8c27447861f7", "scryfallId": "a06f73a0-e08f-48e6-9234-28d89bd53273", "scryfallIllustrationId": "c6ff966d-927c-4bc4-81f8-3f97b8381d5e", "scryfallOracleId": "c867e31a-90ea-4d20-80db-3977ec68b16b", "tcgplayerProductId": "36835"}, "isFoil": false, "isReprint": true, "isStarter": true, "keywords": ["Flying"], "language": "English", "layout": "normal", "legalities": {"commander": "Legal", "duel": "Legal", "legacy": "Legal", "modern": "Legal", "oathbreaker": "Legal", "paupercommander": "Restricted", "predh": "Legal", "vintage": "Legal"}, "manaCost": "{1}{B}{B}", "manaValue": 3.0, "name": "Soot Imp", "number": "37", "originalText": "Flying\nWhenever a player plays a nonblack spell, that player loses 1 life.", "originalType": "Creature — Imp", "power": "1", "printings": ["DDC", "DVD", "EVE"], "purchaseUrls": {"cardmarket": "https://mtgjson.com/links/ac1cf15c0741540a", "tcgplayer": "https://mtgjson.com/links/4f786df10b5959e5"}, "rarity": "uncommon", "rulings": [{"date": "2008-08-01", "text": "A hybrid spell that’s black and another color is *not* a nonblack spell. Since it’s black, it can’t be nonblack!"}, {"date": "2008-08-01", "text": "This ability affects all players, including you."}], "setCode": "DDC", "sourceProducts": {"nonfoil": ["de6885b7-c9cf-5525-9f11-3f38897fee51"]}, "subtypes": ["Imp"], "supertypes": [], "text": "Flying\nWhenever a player casts a nonblack spell, that player loses 1 life.", "toughness": "2", "type": "Creature — Imp", "types": ["Creature"], "uuid": "f46aa7f5-3174-55c2-a596-1957bca69b49"}, {"artist": "Dermot Power", "artistIds": ["4162c8c0-8ded-497c-b29e-131e43dfae5e"], "availability": ["mtgo", "paper"], "borderColor": "black", "colorIdentity": ["B"], "colors": ["B"], "convertedManaCost": 4.0, "count": 1, "duelDeck": "b", "edhrecRank": 14510, "edhrecSaltiness": 0.7, "finishes": ["nonfoil"], "flavorText": "Don't drink and thrive.", "foreignData": [], "frameVersion": "2003", "hasFoil": false, "hasNonFoil": true, "identifiers": {"cardsphereId": "14569", "mcmId": "20856", "mcmMetaId": "5426", "mtgjsonV4Id": "b365cf15-d24b-5441-84b1-931ac8973778", "mtgoFoilId": "32136", "mtgoId": "32044", "multiverseId": "197036", "scryfallCardBackId": "0aeebaf5-8c7d-4636-9e82-8c27447861f7", "scryfallId": "dd2c9b9c-552b-41a9-85a4-83c0a48f3bfa", "scryfallIllustrationId": "7e19b133-ab49-4c4f-af72-7e175fcd46a1", "scryfallOracleId": "624d4bda-448f-43d1-92b6-53a77afe2374", "tcgplayerProductId": "36836"}, "isFoil": false, "isReprint": true, "isStarter": true, "language": "English", "layout": "normal", "legalities": {"commander": "Legal", "duel": "Legal", "legacy": "Legal", "oathbreaker": "Legal", "paupercommander": "Restricted", "predh": "Legal", "premodern": "Legal", "vintage": "Legal"}, "manaCost": "{3}{B}", "manaValue": 4.0, "name": "Souldrinker", "number": "39", "originalText": "Pay 3 life: Put a +1/+1 counter on Souldrinker.", "originalType": "Creature — Spirit", "power": "2", "printings": ["DDC", "DVD", "PLST", "TMP"], "purchaseUrls": {"cardmarket": "https://mtgjson.com/links/4ad17ec5ed1ed265", "tcgplayer": "https://mtgjson.com/links/84b86f41f73190e2"}, "rarity": "uncommon", "setCode": "DDC", "sourceProducts": {"nonfoil": ["de6885b7-c9cf-5525-9f11-3f38897fee51"]}, "subtypes": ["Spirit"], "supertypes": [], "text": "Pay 3 life: Put a +1/+1 counter on Souldrinker.", "toughness": "2", "type": "Creature — Spirit", "types": ["Creature"], "uuid": "a33f7215-d36b-5336-89cb-fe5d5f3ac23c"}, {"artist": "Nils Hamm", "artistIds": ["c540d1fc-1500-457f-93cf-d6069ee66546"], "availability": ["mtgo", "paper"], "borderColor": "black", "colorIdentity": ["B"], "colors": ["B"], "convertedManaCost": 3.0, "count": 1, "duelDeck": "b", "edhrecRank": 2313, "edhrecSaltiness": 0.3, "finishes": ["nonfoil"], "foreignData": [], "frameVersion": "2003", "hasFoil": false, "hasNonFoil": true, "identifiers": {"cardsphereId": "14571", "mcmId": "20857", "mcmMetaId": "8100", "mtgjsonV4Id": "6b75f8ea-5bca-59fe-bb13-dd96f408f9b9", "mtgoFoilId": "32157", "mtgoId": "32065", "multiverseId": "193870", "scryfallCardBackId": "0aeebaf5-8c7d-4636-9e82-8c27447861f7", "scryfallId": "79c0efd5-4140-4710-9e02-87d5394aa902", "scryfallIllustrationId": "160cb7dc-5689-4973-a6cb-f6b8fa064218", "scryfallOracleId": "e005bc76-4985-4ec6-b9f6-cf6d0d9f5df4", "tcgplayerProductId": "36838"}, "isFoil": false, "isReprint": true, "isStarter": true, "keywords": ["Dredge", "Flying", "Mill"], "language": "English", "layout": "normal", "legalities": {"commander": "Legal", "duel": "Legal", "legacy": "Legal", "modern": "Legal", "oathbreaker": "Legal", "pauper": "Legal", "paupercommander": "Legal", "predh": "Legal", "vintage": "Legal"}, "manaCost": "{2}{B}", "manaValue": 3.0, "name": "Stinkweed Imp", "number": "36", "originalText": "Flying\nWhenever Stinkweed Imp deals combat damage to a creature, destroy that creature.\nDredge 5 (If you would draw a card, instead you may put exactly five cards from the top of your library into your graveyard. If you do, return this card from your graveyard to your hand. Otherwise, draw a card.)", "originalType": "Creature — Imp", "power": "1", "printings": ["DDC", "DDJ", "DVD", "GK1", "MMA", "PLST", "RAV", "TD0", "TSR"], "purchaseUrls": {"cardmarket": "https://mtgjson.com/links/7b5c18500eb9e006", "tcgplayer": "https://mtgjson.com/links/f49c09ffc9633aca"}, "rarity": "common", "rulings": [{"date": "2021-03-19", "text": "Notably, Stinkweed Imp's ability isn't deathtouch. It's a triggered ability that triggers only on combat damage."}, {"date": "2024-01-12", "text": "Dredge can replace any card draw, not only the one during your draw step."}, {"date": "2024-01-12", "text": "If an effect puts a card into your hand without specifically using the word \"draw,\" you're not drawing a card. Dredge can't replace this event."}, {"date": "2024-01-12", "text": "If you're drawing multiple cards, each draw is performed one at a time. For example, if you're instructed to draw two cards and you replace the first draw with a dredge ability, another card with a dredge ability (including one that was milled by the first dredge ability) may be used to replace the second draw."}, {"date": "2024-01-12", "text": "Once you've announced that you're applying a card's dredge ability to replace a draw, players can't take any actions until you've put that card into your hand and milled cards."}, {"date": "2024-01-12", "text": "One card draw can't be replaced by multiple dredge abilities."}, {"date": "2024-01-12", "text": "You can't attempt to use a dredge ability if you don't have enough cards in your library."}], "setCode": "DDC", "sourceProducts": {"nonfoil": ["de6885b7-c9cf-5525-9f11-3f38897fee51"]}, "subtypes": ["Imp"], "supertypes": [], "text": "Flying\nWhenever Stinkweed Imp deals combat damage to a creature, destroy that creature.\nDredge 5 (If you would draw a card, you may mill five cards instead. If you do, return this card from your graveyard to your hand.)", "toughness": "2", "type": "Creature — Imp", "types": ["Creature"], "uuid": "3d73ba02-a778-53ff-8e27-bbbd18d0364d"}, {"artist": "Paolo Parente", "artistIds": ["d48dd097-720d-476a-8722-6a02854ae28b"], "availability": ["mtgo", "paper"], "borderColor": "black", "colorIdentity": ["B"], "colors": ["B"], "convertedManaCost": 4.0, "count": 1, "duelDeck": "b", "edhrecRank": 10580, "edhrecSaltiness": 0.25, "finishes": ["nonfoil"], "flavorText": "\"In the game of conquest, who cares about the pawns if the king yet reigns?\"\n—Geth, keeper of the Vault", "foreignData": [], "frameVersion": "2003", "hasFoil": false, "hasNonFoil": true, "identifiers": {"cardsphereId": "14526", "mcmId": "20858", "mcmMetaId": "467", "mtgjsonV4Id": "902c78a8-5244-5204-989f-81d1e256b488", "mtgoFoilId": "32177", "mtgoId": "32085", "multiverseId": "197025", "scryfallCardBackId": "0aeebaf5-8c7d-4636-9e82-8c27447861f7", "scryfallId": "5195dfe0-9821-4df9-accb-d2858927a646", "scryfallIllustrationId": "702fad60-6286-4bb4-8175-d0324c1fed50", "scryfallOracleId": "9167998d-5cac-47d7-99f2-f38122f7b8e7", "tcgplayerProductId": "36796"}, "isFoil": false, "isReprint": true, "isStarter": true, "language": "English", "layout": "normal", "legalities": {"brawl": "Legal", "commander": "Legal", "duel": "Legal", "gladiator": "Legal", "historic": "Legal", "legacy": "Legal", "modern": "Legal", "oathbreaker": "Legal", "penny": "Legal", "predh": "Legal", "timeless": "Legal", "vintage": "Legal"}, "manaCost": "{2}{B}{B}", "manaValue": 4.0, "name": "Barter in Blood", "number": "52", "originalText": "Each player sacrifices two creatures.", "originalType": "Sorcery", "printings": ["AVR", "C15", "CMA", "DDC", "DDQ", "DVD", "JMP", "MRD", "PLST", "SIS", "TD2"], "purchaseUrls": {"cardmarket": "https://mtgjson.com/links/cf792c1c5e6c297f", "tcgplayer": "https://mtgjson.com/links/2e4e559cc14dffa6"}, "rarity": "uncommon", "rulings": [{"date": "2012-05-01", "text": "Barter in Blood doesn’t target any creatures and may be cast even if a player controls fewer than two creatures."}, {"date": "2012-05-01", "text": "If a player controls only one creature, that creature is sacrificed."}, {"date": "2012-05-01", "text": "The active player chooses which creatures will be sacrificed first, then each other player in turn order does the same. Then all creatures are sacrificed simultaneously."}], "setCode": "DDC", "sourceProducts": {"nonfoil": ["de6885b7-c9cf-5525-9f11-3f38897fee51"]}, "subtypes": [], "supertypes": [], "text": "Each player sacrifices two creatures.", "type": "Sorcery", "types": ["Sorcery"], "uuid": "b1bbe7a8-bbfe-5216-84ca-c6a8c7510cd4"}, {"artist": "Matt Thompson", "artistIds": ["469f170d-e056-4cfd-893a-458ef021ab73"], "availability": ["mtgo", "paper"], "borderColor": "black", "colorIdentity": ["B"], "colors": ["B"], "convertedManaCost": 2.0, "count": 1, "duelDeck": "b", "edhrecRank": 10567, "finishes": ["nonfoil"], "flavorText": "\"Your blood, your marrow, your spirit—all are mine.\"\n—Mayvar, minion of Geth", "foreignData": [], "frameVersion": "2003", "hasFoil": false, "hasNonFoil": true, "identifiers": {"cardsphereId": "14530", "mcmId": "20860", "mcmMetaId": "1112", "mtgjsonV4Id": "01a7fabb-46f4-5d97-a5c2-4569b1367a68", "mtgoFoilId": "32174", "mtgoId": "32082", "multiverseId": "196992", "scryfallCardBackId": "0aeebaf5-8c7d-4636-9e82-8c27447861f7", "scryfallId": "253c1d49-9ebf-4970-a1b5-0c960d9bf71c", "scryfallIllustrationId": "fc8e60f0-6d09-4f1e-af71-262f3d2c0096", "scryfallOracleId": "861fa80d-99e0-4332-a2b8-5aa959fd41a4", "tcgplayerProductId": "36800"}, "isFoil": false, "isReprint": true, "isStarter": true, "language": "English", "layout": "normal", "legalities": {"commander": "Legal", "duel": "Legal", "legacy": "Legal", "modern": "Legal", "oathbreaker": "Legal", "pauper": "Legal", "paupercommander": "Legal", "penny": "Legal", "predh": "Legal", "vintage": "Legal"}, "manaCost": "{X}{1}{B}", "manaValue": 2.0, "name": "Consume Spirit", "number": "56", "originalText": "Spend only black mana on X.\nConsume Spirit deals X damage to target creature or player and you gain X life.", "originalType": "Sorcery", "printings": ["10E", "9ED", "DDC", "DPA", "DVD", "HOP", "M10", "M12", "MRD", "PIDW", "PLST", "PS11"], "purchaseUrls": {"cardmarket": "https://mtgjson.com/links/7dd95addc97e4193", "tcgplayer": "https://mtgjson.com/links/c460e78474de9d8c"}, "rarity": "uncommon", "rulings": [{"date": "2009-10-01", "text": "If the targeted permanent or player is an illegal target by the time Consume Spirit would resolve, the entire spell doesn’t resolve. You won’t gain any life."}, {"date": "2009-10-01", "text": "The amount of life you gain is equal to the number chosen for X, not the amount of damage Consume Spirit deals (in case some of it is prevented)."}], "setCode": "DDC", "sourceProducts": {"nonfoil": ["de6885b7-c9cf-5525-9f11-3f38897fee51"]}, "subtypes": [], "supertypes": [], "text": "Spend only black mana on X.\nConsume Spirit deals X damage to any target and you gain X life.", "type": "Sorcery", "types": ["Sorcery"], "uuid": "8f417edc-6d1e-5ba0-9a9b-bf89cf5e6ea8"}, {"artist": "Dave Allsop", "artistIds": ["99b8310a-4fd6-4ded-8ab7-3b5185821cbe"], "availability": ["mtgo", "paper"], "borderColor": "black", "colorIdentity": ["B"], "colors": ["B"], "convertedManaCost": 6.0, "count": 1, "duelDeck": "b", "edhrecRank": 7889, "edhrecSaltiness": 0.24, "finishes": ["nonfoil"], "flavorText": "There are things beneath the murk for whom the bog is a stew, a thin broth in need of meat.", "foreignData": [], "frameVersion": "2003", "hasFoil": false, "hasNonFoil": true, "identifiers": {"cardsphereId": "14531", "mcmId": "20861", "mcmMetaId": "1149", "mtgjsonV4Id": "fb65ddf8-eff4-58cb-9c7f-243bd56a41f6", "mtgoFoilId": "32147", "mtgoId": "32055", "multiverseId": "197033", "scryfallCardBackId": "0aeebaf5-8c7d-4636-9e82-8c27447861f7", "scryfallId": "5a8f58d6-aebb-4472-a854-134710c9fadb", "scryfallIllustrationId": "799f9ee6-e26b-4eef-8922-6d3a6b2c9686", "scryfallOracleId": "a88a1c53-7de3-423a-a95a-24ed5666ab96", "tcgplayerProductId": "36801"}, "isFoil": false, "isReprint": true, "isStarter": true, "language": "English", "layout": "normal", "legalities": {"brawl": "Legal", "commander": "Legal", "duel": "Legal", "explorer": "Legal", "future": "Legal", "gladiator": "Legal", "historic": "Legal", "legacy": "Legal", "modern": "Legal", "oathbreaker": "Legal", "pauper": "Legal", "paupercommander": "Legal", "penny": "Legal", "pioneer": "Legal", "predh": "Legal", "premodern": "Legal", "standard": "Legal", "standardbrawl": "Legal", "timeless": "Legal", "vintage": "Legal"}, "manaCost": "{5}{B}", "manaValue": 6.0, "name": "Corrupt", "number": "55", "originalText": "Corrupt deals damage equal to the number of Swamps you control to target creature or player. You gain life equal to the damage dealt this way.", "originalType": "Sorcery", "printings": ["7ED", "BRO", "DDC", "DDD", "DVD", "GVL", "M11", "M14", "P08", "PIDW", "PLST", "PRM", "SHM", "USG"], "purchaseUrls": {"cardmarket": "https://mtgjson.com/links/22d4de76097f8874", "tcgplayer": "https://mtgjson.com/links/e2e32cbbff44dbe1"}, "rarity": "uncommon", "rulings": [{"date": "2004-10-04", "text": "The swamps are counted on resolution."}, {"date": "2010-08-15", "text": "The amount of damage dealt to a creature is not bounded by its toughness, and the amount of damage dealt to a player is not bounded by that player's life total. For example, if Corrupt deals 6 damage to a 2/2 creature, you'll gain 6 life."}, {"date": "2010-08-15", "text": "The life you gain is equal to the damage dealt by Corrupt, not necessarily to the number of Swamps you control (if some or all of the damage is prevented, for example)."}, {"date": "2013-07-01", "text": "Corrupt counts any land you control with the subtype Swamp, not just ones named Swamp."}, {"date": "2022-10-14", "text": "Corrupt counts any land you control with the subtype Swamp, not just ones named Swamp."}], "setCode": "DDC", "sourceProducts": {"nonfoil": ["de6885b7-c9cf-5525-9f11-3f38897fee51"]}, "subtypes": [], "supertypes": [], "text": "Corrupt deals damage to any target equal to the number of Swamps you control. You gain life equal to the damage dealt this way.", "type": "Sorcery", "types": ["Sorcery"], "uuid": "eed62457-4ae6-5edc-a8d1-bc1d024377ab"}, {"artist": "Michael Sutfin", "artistIds": ["5ce7b3bd-53d2-49e6-b504-37191e8e9b17"], "availability": ["mtgo", "paper"], "borderColor": "black", "colorIdentity": ["B"], "colors": ["B"], "convertedManaCost": 2.0, "count": 1, "duelDeck": "b", "edhrecRank": 17784, "edhrecSaltiness": 0.09, "finishes": ["nonfoil"], "flavorText": "\"Choose your next words carefully. They will be your last.\"\n—Phage the Untouchable", "foreignData": [], "frameVersion": "2003", "hasFoil": false, "hasNonFoil": true, "identifiers": {"cardsphereId": "14532", "mcmId": "20862", "mcmMetaId": "1220", "mtgjsonV4Id": "5980f24b-2da6-58d8-8ca1-c4de44f93a77", "mtgoFoilId": "32185", "mtgoId": "32096", "multiverseId": "196993", "scryfallCardBackId": "0aeebaf5-8c7d-4636-9e82-8c27447861f7", "scryfallId": "19ac44d0-f648-4a84-ac70-f840fe3cf82c", "scryfallIllustrationId": "059f15e7-3926-40f3-8d81-2be8d81e1eb0", "scryfallOracleId": "10c585c4-bf5b-4d8f-94a9-e9a5036a688f", "tcgplayerProductId": "36802"}, "isFoil": false, "isReprint": true, "isStarter": true, "language": "English", "layout": "normal", "legalities": {"commander": "Legal", "duel": "Legal", "legacy": "Legal", "modern": "Legal", "oathbreaker": "Legal", "pauper": "Legal", "paupercommander": "Legal", "predh": "Legal", "vintage": "Legal"}, "manaCost": "{1}{B}", "manaValue": 2.0, "name": "Cruel Edict", "number": "48", "originalText": "Target opponent sacrifices a creature.", "originalType": "Sorcery", "printings": ["10E", "9ED", "DDC", "DVD", "P02", "P07", "PRM"], "purchaseUrls": {"cardmarket": "https://mtgjson.com/links/689f755aba4f4718", "tcgplayer": "https://mtgjson.com/links/bdebe9a0154e19e3"}, "rarity": "uncommon", "setCode": "DDC", "sourceProducts": {"nonfoil": ["de6885b7-c9cf-5525-9f11-3f38897fee51"]}, "subtypes": [], "supertypes": [], "text": "Target opponent sacrifices a creature.", "type": "Sorcery", "types": ["Sorcery"], "uuid": "af8d114f-cba4-5ba4-863d-05ca122e2054"}, {"artist": "Scott Chou", "artistIds": ["9e048547-f9c3-4958-9c2c-91e45df7c6ae"], "availability": ["mtgo", "paper"], "borderColor": "black", "colorIdentity": ["B"], "colors": ["B"], "convertedManaCost": 2.0, "count": 1, "duelDeck": "b", "edhrecRank": 42, "edhrecSaltiness": 1.37, "finishes": ["nonfoil"], "flavorText": "Liliana learned the secrets she sought, but at a price that was etched on her fate.", "foreignData": [], "frameVersion": "2003", "hasFoil": false, "hasNonFoil": true, "identifiers": {"cardsphereId": "14539", "mcmId": "20865", "mcmMetaId": "1436", "mtgjsonV4Id": "1b76f0d8-2da0-5b5e-9ba3-0f410082cc14", "mtgoFoilId": "32154", "mtgoId": "32062", "multiverseId": "193867", "scryfallCardBackId": "0aeebaf5-8c7d-4636-9e82-8c27447861f7", "scryfallId": "c1e5fbc6-d129-4843-96a5-ee4406b2700f", "scryfallIllustrationId": "e9bc7ac9-f3ea-432f-96a1-bfdfee96fcc1", "scryfallOracleId": "82004860-e589-4e38-8d61-8c0210e4ea39", "tcgplayerProductId": "36807"}, "isFoil": false, "isReprint": true, "isStarter": true, "language": "English", "layout": "normal", "legalities": {"brawl": "Banned", "commander": "Legal", "duel": "Legal", "gladiator": "Banned", "historic": "Banned", "legacy": "Banned", "oathbreaker": "Legal", "predh": "Legal", "timeless": "Restricted", "vintage": "Restricted"}, "manaCost": "{1}{B}", "manaValue": 2.0, "name": "Demonic Tutor", "number": "49", "originalText": "Search your library for a card and put that card into your hand. Then shuffle your library.", "originalType": "Sorcery", "printings": ["2ED", "30A", "3ED", "CED", "CEI", "CMM", "DDC", "DVD", "FBB", "G08", "J20", "LEA", "LEB", "ME4", "PLST", "PRM", "PUMA", "STA", "SUM", "UMA", "VMA"], "purchaseUrls": {"cardmarket": "https://mtgjson.com/links/a9e4fb1cf3a17074", "tcgplayer": "https://mtgjson.com/links/ab7e54fa5a756125"}, "rarity": "uncommon", "rulings": [{"date": "2004-10-04", "text": "This card is put directly into your hand. It is not drawn."}, {"date": "2004-10-04", "text": "You don't reveal the card to your opponent."}, {"date": "2004-10-04", "text": "You pick a card on resolution."}], "setCode": "DDC", "sourceProducts": {"nonfoil": ["de6885b7-c9cf-5525-9f11-3f38897fee51"]}, "subtypes": [], "supertypes": [], "text": "Search your library for a card, put that card into your hand, then shuffle.", "type": "Sorcery", "types": ["Sorcery"], "uuid": "2fd0e94d-f518-5115-b111-62b70f87766a"}, {"artist": "Steven Belledin", "artistIds": ["f07d73b9-52a0-4fe5-858b-61f7b42174a5"], "availability": ["mtgo", "paper"], "borderColor": "black", "colorIdentity": ["B"], "colors": ["B"], "convertedManaCost": 1.0, "count": 1, "duelDeck": "b", "edhrecRank": 3067, "edhrecSaltiness": 0.53, "finishes": ["nonfoil"], "flavorText": "\"Don't worry. I'm not going to deprive you of all your secrets. Just your most precious one.\"\n—Liliana Vess", "foreignData": [], "frameVersion": "2003", "hasFoil": false, "hasNonFoil": true, "identifiers": {"cardsphereId": "14540", "mcmId": "20867", "mcmMetaId": "1642", "mtgjsonV4Id": "dce3e8a4-7e99-57c2-87cb-2084684cae61", "mtgoFoilId": "32160", "mtgoId": "32068", "multiverseId": "197004", "scryfallCardBackId": "0aeebaf5-8c7d-4636-9e82-8c27447861f7", "scryfallId": "c9f72fea-b4f9-4963-997e-e9ef2aca498a", "scryfallIllustrationId": "61881168-c895-4d75-b811-71c3d2858b70", "scryfallOracleId": "33d405ea-7a9a-4970-b70f-9c05d90dd6f0", "tcgplayerProductId": "36810"}, "isFoil": false, "isReprint": true, "isStarter": true, "language": "English", "layout": "normal", "legalities": {"brawl": "Legal", "commander": "Legal", "duel": "Legal", "explorer": "Legal", "future": "Legal", "gladiator": "Legal", "historic": "Legal", "legacy": "Legal", "modern": "Legal", "oathbreaker": "Legal", "pauper": "Legal", "paupercommander": "Legal", "penny": "Legal", "pioneer": "Legal", "predh": "Legal", "premodern": "Legal", "standard": "Legal", "standardbrawl": "Legal", "timeless": "Legal", "vintage": "Legal"}, "manaCost": "{B}", "manaValue": 1.0, "name": "Duress", "number": "46", "originalText": "Target opponent reveals his or her hand. You choose a noncreature, nonland card from it. That player discards that card.", "originalType": "Sorcery", "printings": ["7ED", "DBL", "DDC", "DMR", "DTK", "DVD", "EMA", "F05", "IMA", "J21", "M10", "M11", "M13", "M14", "M19", "M20", "M21", "MD1", "MID", "ONE", "PAL00", "PANA", "PD3", "PIDW", "PLST", "PMEI", "PRM", "SLD", "STA", "USG", "WC01", "WC02", "WC99", "XLN"], "purchaseUrls": {"cardmarket": "https://mtgjson.com/links/b1064748dd871225", "tcgplayer": "https://mtgjson.com/links/c0ec609563f62776"}, "rarity": "common", "setCode": "DDC", "sourceProducts": {"nonfoil": ["de6885b7-c9cf-5525-9f11-3f38897fee51"]}, "subtypes": [], "supertypes": [], "text": "Target opponent reveals their hand. You choose a noncreature, nonland card from it. That player discards that card.", "type": "Sorcery", "types": ["Sorcery"], "uuid": "f9bc22f2-91dc-50f1-ace2-1ec741c5c38d"}, {"artist": "Kev Walker", "artistIds": ["f366a0ee-a0cd-466d-ba6a-90058c7a31a6"], "availability": ["mtgo", "paper"], "borderColor": "black", "colorIdentity": ["B"], "colors": ["B"], "convertedManaCost": 5.0, "count": 1, "duelDeck": "b", "edhrecRank": 8448, "edhrecSaltiness": 0.06, "finishes": ["nonfoil"], "foreignData": [], "frameVersion": "2003", "hasFoil": false, "hasNonFoil": true, "identifiers": {"cardsphereId": "14559", "mcmId": "20869", "mcmMetaId": "4351", "mtgjsonV4Id": "bc9b864f-4ce8-56fd-9ea5-ff1b97910b1b", "mtgoFoilId": "32175", "mtgoId": "32083", "multiverseId": "197026", "scryfallCardBackId": "0aeebaf5-8c7d-4636-9e82-8c27447861f7", "scryfallId": "8be2edf8-4461-404e-902a-d5d398670221", "scryfallIllustrationId": "2983ccb8-eb13-4e63-b039-974c09cee580", "scryfallOracleId": "fde459b2-f45f-40d2-b328-58f65440f494", "tcgplayerProductId": "36826"}, "isFoil": false, "isReprint": true, "isStarter": true, "keywords": ["Entwine"], "language": "English", "layout": "normal", "legalities": {"commander": "Legal", "duel": "Legal", "legacy": "Legal", "modern": "Legal", "oathbreaker": "Legal", "penny": "Legal", "predh": "Legal", "vintage": "Legal"}, "manaCost": "{2}{B}{B}{B}", "manaValue": 5.0, "name": "Promise of Power", "number": "54", "originalText": "Choose one — You draw five cards and you lose 5 life; or put a black Demon creature token with flying into play with power and toughness each equal to the number of cards in your hand as the token comes into play.\nEntwine {4} (Choose both if you pay the entwine cost.)", "originalType": "Sorcery", "printings": ["C14", "DDC", "DVD", "MRD", "PLST"], "purchaseUrls": {"cardmarket": "https://mtgjson.com/links/4d71683b69cc2dc1", "tcgplayer": "https://mtgjson.com/links/c9de23c7da404a3f"}, "rarity": "rare", "rulings": [{"date": "2004-10-04", "text": "The power/toughness of the token is set when this spell resolves."}, {"date": "2004-12-01", "text": "If you pay the entwine cost, you draw five cards, then lose five life, then put the Demon token onto the battlefield. The five cards you draw count toward the Demon’s power and toughness."}, {"date": "2004-12-01", "text": "The power and toughness of the Demon token are set when Promise of Power resolves. They’re unaffected if the number of cards in your hand changes later."}], "setCode": "DDC", "sourceProducts": {"nonfoil": ["de6885b7-c9cf-5525-9f11-3f38897fee51"]}, "subtypes": [], "supertypes": [], "text": "Choose one —\n• You draw five cards and you lose 5 life.\n• Create an X/X black Demon creature token with flying, where X is the number of cards in your hand.\nEntwine {4} (Choose both if you pay the entwine cost.)", "type": "Sorcery", "types": ["Sorcery"], "uuid": "0d2bb1f7-ed1e-53b8-9945-03325856a4e7"}, {"artist": "Dermot Power", "artistIds": ["4162c8c0-8ded-497c-b29e-131e43dfae5e"], "availability": ["mtgo", "paper"], "borderColor": "black", "colorIdentity": ["B"], "colors": ["B"], "convertedManaCost": 3.0, "count": 1, "duelDeck": "b", "edhrecRank": 17639, "edhrecSaltiness": 0.08, "finishes": ["nonfoil"], "flavorText": "\"Ha, banishment? Be merciful, say 'death,'\nFor exile hath more terror in his look,\nMuch more than death.\"\n—William Shakespeare, *Romeo and Juliet*", "foreignData": [], "frameVersion": "2003", "hasFoil": false, "hasNonFoil": true, "identifiers": {"cardsphereId": "14534", "mcmId": "20863", "mcmMetaId": "1289", "mtgjsonV4Id": "1f2722f8-ed2b-59ff-b2bf-049a8df97d80", "mtgoFoilId": "32132", "mtgoId": "32040", "multiverseId": "197023", "scryfallCardBackId": "0aeebaf5-8c7d-4636-9e82-8c27447861f7", "scryfallId": "7c1d966b-7527-4620-9ce4-7e6a0864f93a", "scryfallIllustrationId": "756353cf-c31f-4d30-a579-e6278a4fb3c1", "scryfallOracleId": "0df450be-9bd2-45be-ae59-fa8d19f6a391", "tcgplayerProductId": "36804"}, "isFoil": false, "isReprint": true, "isStarter": true, "language": "English", "layout": "normal", "legalities": {"commander": "Legal", "duel": "Legal", "legacy": "Legal", "modern": "Legal", "oathbreaker": "Legal", "pauper": "Legal", "paupercommander": "Legal", "penny": "Legal", "predh": "Legal", "premodern": "Legal", "vintage": "Legal"}, "manaCost": "{2}{B}", "manaValue": 3.0, "name": "Dark Banishing", "number": "50", "originalText": "Destroy target nonblack creature. It can't be regenerated.", "originalType": "Instant", "printings": ["7ED", "8ED", "9ED", "CST", "DDC", "DKM", "DVD", "ICE", "ME2", "MIR", "OLEP", "PSAL", "PTC", "TMP", "TPR", "WC03"], "purchaseUrls": {"cardmarket": "https://mtgjson.com/links/affcbc8136438b40", "tcgplayer": "https://mtgjson.com/links/c02a1549e02c4930"}, "rarity": "common", "setCode": "DDC", "sourceProducts": {"nonfoil": ["de6885b7-c9cf-5525-9f11-3f38897fee51"]}, "subtypes": [], "supertypes": [], "text": "Destroy target nonblack creature. It can't be regenerated.", "type": "Instant", "types": ["Instant"], "uuid": "9369f5a9-66e2-573b-8e24-4bbfca30d4c3"}, {"artist": "Clint Langley", "artistIds": ["0f670587-9f7b-47b3-89cc-8dca80df4cdf"], "availability": ["mtgo", "paper"], "borderColor": "black", "colorIdentity": ["B"], "colors": ["B"], "convertedManaCost": 1.0, "count": 2, "duelDeck": "b", "edhrecRank": 48, "edhrecSaltiness": 0.55, "finishes": ["nonfoil"], "flavorText": "\"Leshrac, my liege, grant me the power I am due.\"\n—Lim-Dûl, the Necromancer", "foreignData": [], "frameVersion": "2003", "hasFoil": false, "hasNonFoil": true, "identifiers": {"cardsphereId": "14535", "mcmId": "20864", "mcmMetaId": "1295", "mtgjsonV4Id": "37ea9c90-fa38-58af-b87d-eab175f6b801", "mtgoFoilId": "32134", "mtgoId": "32042", "multiverseId": "197019", "scryfallCardBackId": "0aeebaf5-8c7d-4636-9e82-8c27447861f7", "scryfallId": "c825f254-6f22-4610-85be-4d04275e6601", "scryfallIllustrationId": "d2b19b06-705f-40e4-aace-072885238f4c", "scryfallOracleId": "53f7c868-b03e-4fc2-8dcf-a75bbfa3272b", "tcgplayerProductId": "36805"}, "isFoil": false, "isReprint": true, "isStarter": true, "language": "English", "layout": "normal", "legalities": {"brawl": "Legal", "commander": "Legal", "duel": "Legal", "gladiator": "Legal", "historic": "Banned", "legacy": "Legal", "oathbreaker": "Banned", "pauper": "Legal", "paupercommander": "Legal", "penny": "Legal", "predh": "Legal", "premodern": "Legal", "timeless": "Legal", "vintage": "Legal"}, "manaCost": "{B}", "manaValue": 1.0, "name": "Dark Ritual", "number": "45", "originalText": "Add {B}{B}{B} to your mana pool.", "originalType": "Instant", "printings": ["2ED", "30A", "3ED", "40K", "4BB", "4ED", "5ED", "A25", "BRB", "BTD", "CED", "CEI", "CST", "DDC", "DDE", "DKM", "DVD", "FBB", "G09", "HOP", "ICE", "ITP", "J21", "LEA", "LEB", "MB2", "ME4", "MIR", "MMQ", "MP2", "PLST", "PMEI", "PRM", "PTC", "RQS", "SLD", "SLP", "STA", "SUM", "TMP", "TPR", "USG", "V13", "VMA", "WC01", "WC99"], "purchaseUrls": {"cardmarket": "https://mtgjson.com/links/a31ffda23cf59b56", "tcgplayer": "https://mtgjson.com/links/58dea02fc373fff4"}, "rarity": "common", "setCode": "DDC", "sourceProducts": {"nonfoil": ["de6885b7-c9cf-5525-9f11-3f38897fee51"]}, "subtypes": [], "supertypes": [], "text": "Add {B}{B}{B}.", "type": "Instant", "types": ["Instant"], "uuid": "1ffa9ceb-e009-57aa-be80-bb06de9a3f00"}, {"artist": "Alan Pollack", "artistIds": ["70c20ea3-5ad6-4082-a337-6e994ae5828e"], "availability": ["mtgo", "paper"], "borderColor": "black", "colorIdentity": [], "colors": [], "convertedManaCost": 2.0, "count": 1, "duelDeck": "b", "edhrecRank": 5900, "edhrecSaltiness": 0.3, "finishes": ["nonfoil"], "flavorText": "Its curve mimics the twists of life and death.", "foreignData": [], "frameVersion": "2003", "hasFoil": false, "hasNonFoil": true, "identifiers": {"cardsphereId": "14537", "mcmId": "20866", "mcmMetaId": "1437", "mtgjsonV4Id": "c7a0f54f-8986-5001-acbf-a228702092cc", "mtgoFoilId": "32178", "mtgoId": "32089", "multiverseId": "196994", "scryfallCardBackId": "0aeebaf5-8c7d-4636-9e82-8c27447861f7", "scryfallId": "19725dbe-1d23-439a-aa94-a8ec5c593a28", "scryfallIllustrationId": "2f405558-101e-4d1f-a13a-3e4516572665", "scryfallOracleId": "ee38377f-8d3a-402e-a5d7-a01cfe3a5322", "tcgplayerProductId": "36808"}, "isFoil": false, "isReprint": true, "isStarter": true, "language": "English", "layout": "normal", "legalities": {"commander": "Legal", "duel": "Legal", "legacy": "Legal", "modern": "Legal", "oathbreaker": "Legal", "penny": "Legal", "predh": "Legal", "vintage": "Legal"}, "manaCost": "{2}", "manaValue": 2.0, "name": "Demon's Horn", "number": "57", "originalText": "Whenever a player plays a black spell, you may gain 1 life.", "originalType": "Artifact", "printings": ["10E", "9ED", "DDC", "DPA", "DST", "DVD", "M10", "M11", "M12", "PS11"], "purchaseUrls": {"cardmarket": "https://mtgjson.com/links/c8249fa1e5e85a7a", "tcgplayer": "https://mtgjson.com/links/61df800d22ae897f"}, "rarity": "uncommon", "rulings": [{"date": "2009-10-01", "text": "If a player casts a black spell, Demon’s Horn’s ability triggers and is put on the stack on top of that spell. Demon’s Horn’s ability will resolve (causing you to gain 1 life) before the spell does."}, {"date": "2009-10-01", "text": "The ability triggers whenever any player, not just you, casts a black spell."}], "setCode": "DDC", "sourceProducts": {"nonfoil": ["de6885b7-c9cf-5525-9f11-3f38897fee51"]}, "subtypes": [], "supertypes": [], "text": "Whenever a player casts a black spell, you may gain 1 life.", "type": "Artifact", "types": ["Artifact"], "uuid": "d1dd00cf-9fef-5314-9ad1-aabc97148c4c"}, {"artist": "Adrian Smith", "artistIds": ["be42f6f3-66d4-4957-9f1e-0591f8b95364"], "availability": ["mtgo", "paper"], "borderColor": "black", "colorIdentity": ["B"], "colors": ["B"], "convertedManaCost": 4.0, "count": 2, "duelDeck": "b", "edhrecRank": 18725, "edhrecSaltiness": 0.1, "finishes": ["nonfoil"], "flavorText": "The thrulls bred at a terrifying pace. In the end, they overwhelmed the Order of the Ebon Hand.", "foreignData": [], "frameVersion": "2003", "hasFoil": false, "hasNonFoil": true, "identifiers": {"cardsphereId": "14527", "mcmId": "20859", "mcmMetaId": "702", "mtgjsonV4Id": "30360cd0-10ef-5bac-aac6-e5a6491eced8", "mtgoFoilId": "32133", "mtgoId": "32041", "multiverseId": "197024", "scryfallCardBackId": "0aeebaf5-8c7d-4636-9e82-8c27447861f7", "scryfallId": "61f3353c-8894-4410-8ccb-76b3061fc91d", "scryfallIllustrationId": "25992008-f2d2-4315-a5fa-13ed2530f05d", "scryfallOracleId": "ddc83b35-cf7c-495b-bd30-e409b622e299", "tcgplayerProductId": "36797"}, "isFoil": false, "isReprint": true, "isStarter": true, "language": "English", "layout": "normal", "legalities": {"commander": "Legal", "duel": "Legal", "legacy": "Legal", "oathbreaker": "Legal", "predh": "Legal", "premodern": "Legal", "vintage": "Legal"}, "manaCost": "{3}{B}", "manaValue": 4.0, "name": "Breeding Pit", "number": "53", "originalText": "At the beginning of your upkeep, sacrifice Breeding Pit unless you pay {B}{B}.\nAt the end of your turn, put a 0/1 black Thrull creature token into play.", "originalType": "Enchantment", "printings": ["5ED", "DDC", "DVD", "FEM", "ME1", "PLST"], "purchaseUrls": {"cardmarket": "https://mtgjson.com/links/ebc72a057170d2c2", "tcgplayer": "https://mtgjson.com/links/2147ec661bed9622"}, "rarity": "uncommon", "rulings": [{"date": "2004-10-04", "text": "Breeding Pit must actually be on the battlefield at the beginning of the endstep in order for you to get a Thrull. The getting of the Thrull is not part of paying the upkeep, it is part of having the card on the battlefield."}], "setCode": "DDC", "sourceProducts": {"nonfoil": ["de6885b7-c9cf-5525-9f11-3f38897fee51"]}, "subtypes": [], "supertypes": [], "text": "At the beginning of your upkeep, sacrifice Breeding Pit unless you pay {B}{B}.\nAt the beginning of your end step, create a 0/1 black Thrull creature token.", "type": "Enchantment", "types": ["Enchantment"], "uuid": "50d5c9a8-91cb-5b72-a56d-3902b4ab0b25"}, {"artist": "Aleksi Briclot", "artistIds": ["5e470014-31cb-41b0-b054-e23374484449"], "availability": ["mtgo", "paper"], "borderColor": "black", "colorIdentity": ["B"], "colors": ["B"], "convertedManaCost": 3.0, "count": 1, "duelDeck": "b", "edhrecRank": 23615, "edhrecSaltiness": 0.08, "finishes": ["nonfoil"], "foreignData": [], "frameVersion": "2003", "hasFoil": false, "hasNonFoil": true, "identifiers": {"cardsphereId": "14551", "mcmId": "20868", "mcmMetaId": "7106", "mtgjsonV4Id": "5570c23f-956e-5c2d-ab0a-d90990e7915d", "mtgoFoilId": "32182", "mtgoId": "32093", "multiverseId": "197016", "scryfallCardBackId": "0aeebaf5-8c7d-4636-9e82-8c27447861f7", "scryfallId": "1e91bd19-e9b0-45df-98da-a2e93239222f", "scryfallIllustrationId": "93d917ac-662e-4bc3-8940-4f191bae80ff", "scryfallOracleId": "df059974-2cf4-471e-a1e6-17d053113062", "tcgplayerProductId": "36821"}, "isFoil": false, "isReprint": true, "isStarter": true, "keywords": ["Enchant"], "language": "English", "layout": "normal", "legalities": {"commander": "Legal", "duel": "Legal", "legacy": "Legal", "modern": "Legal", "oathbreaker": "Legal", "penny": "Legal", "predh": "Legal", "vintage": "Legal"}, "manaCost": "{2}{B}", "manaValue": 3.0, "name": "Oni Possession", "number": "51", "originalText": "Enchant creature\nAt the beginning of your upkeep, sacrifice a creature.\nEnchanted creature gets +3/+3 and has trample.\nEnchanted creature is a Demon Spirit.", "originalType": "Enchantment — Aura", "printings": ["CHK", "DDC", "DVD"], "purchaseUrls": {"cardmarket": "https://mtgjson.com/links/137a9196ef1e09e7", "tcgplayer": "https://mtgjson.com/links/f49f0024bc0d90b6"}, "rarity": "uncommon", "setCode": "DDC", "sourceProducts": {"nonfoil": ["de6885b7-c9cf-5525-9f11-3f38897fee51"]}, "subtypes": ["Aura"], "supertypes": [], "text": "Enchant creature\nAt the beginning of your upkeep, sacrifice a creature.\nEnchanted creature gets +3/+3 and has trample.\nEnchanted creature is a Demon Spirit.", "type": "Enchantment — Aura", "types": ["Enchantment"], "uuid": "310f6024-932b-5a62-89f3-a022728701be"}, {"artist": "Terese Nielsen", "artistIds": ["eb55171c-2342-45f4-a503-2d5a75baf752"], "availability": ["mtgo", "paper"], "borderColor": "black", "colorIdentity": ["B"], "colors": ["B"], "convertedManaCost": 1.0, "count": 2, "duelDeck": "b", "edhrecRank": 17447, "edhrecSaltiness": 0.38, "finishes": ["nonfoil"], "flavorText": "Such power grows the body as it shrinks the soul.", "foreignData": [], "frameVersion": "2003", "hasFoil": false, "hasNonFoil": true, "identifiers": {"cardsphereId": "14579", "mcmId": "20870", "mcmMetaId": "6226", "mtgjsonV4Id": "adae2ee5-a95c-537f-ab57-f8b9a712dc20", "mtgoFoilId": "32140", "mtgoId": "32048", "multiverseId": "197001", "scryfallCardBackId": "0aeebaf5-8c7d-4636-9e82-8c27447861f7", "scryfallId": "47c22b98-70f9-43e6-a26b-53fb81b1c548", "scryfallIllustrationId": "2cea51b1-fdd2-47bd-a73d-af61a30f077f", "scryfallOracleId": "090d88a9-7f2d-4bd1-a30a-7c48d05068be", "tcgplayerProductId": "36843"}, "isFoil": false, "isReprint": true, "isStarter": true, "keywords": ["Enchant"], "language": "English", "layout": "normal", "legalities": {"commander": "Legal", "duel": "Legal", "legacy": "Legal", "modern": "Legal", "oathbreaker": "Legal", "pauper": "Legal", "paupercommander": "Legal", "penny": "Legal", "predh": "Legal", "premodern": "Legal", "vintage": "Legal"}, "manaCost": "{B}", "manaValue": 1.0, "name": "Unholy Strength", "number": "47", "originalText": "Enchant creature\nEnchanted creature gets +2/+1.", "originalType": "Enchantment — Aura", "printings": ["10E", "2ED", "30A", "3ED", "4BB", "4ED", "5ED", "7ED", "8ED", "9ED", "ATH", "CED", "CEI", "DDC", "DPA", "DVD", "FBB", "LEA", "LEB", "M10", "M11", "PS11", "SUM"], "purchaseUrls": {"cardmarket": "https://mtgjson.com/links/465ba4cee27c8bf9", "tcgplayer": "https://mtgjson.com/links/8eb95c7df487f1a1"}, "rarity": "common", "setCode": "DDC", "sourceProducts": {"nonfoil": ["de6885b7-c9cf-5525-9f11-3f38897fee51"]}, "subtypes": ["Aura"], "supertypes": [], "text": "Enchant creature\nEnchanted creature gets +2/+1.", "type": "Enchantment — Aura", "types": ["Enchantment"], "uuid": "de498ae4-7c09-56c6-babb-56e6f4598d2f"}, {"artist": "Heather Hudson", "artistIds": ["4441fe52-9e41-40c1-9b74-8510426279ab"], "availability": ["mtgo", "paper"], "borderColor": "black", "colorIdentity": ["B"], "colors": [], "convertedManaCost": 0.0, "count": 2, "duelDeck": "b", "edhrecRank": 718, "edhrecSaltiness": 0.07, "finishes": ["nonfoil"], "foreignData": [], "frameVersion": "2003", "hasFoil": false, "hasNonFoil": true, "identifiers": {"cardsphereId": "14525", "mcmId": "20838", "mcmMetaId": "460", "mtgjsonV4Id": "0fbfa5f9-91ed-5feb-bbdb-f0e22ca5f1ed", "mtgoFoilId": "32172", "mtgoId": "32080", "multiverseId": "197029", "scryfallCardBackId": "0aeebaf5-8c7d-4636-9e82-8c27447861f7", "scryfallId": "0afb57ba-9698-4978-992b-0afa12982af4", "scryfallIllustrationId": "2e8f6c5d-4d43-4b1e-9442-9106fe3dad7e", "scryfallOracleId": "326ba371-124c-4949-a048-3a0c8962e567", "tcgplayerProductId": "36795"}, "isFoil": false, "isReprint": true, "isStarter": true, "keywords": ["Cycling"], "language": "English", "layout": "normal", "legalities": {"brawl": "Legal", "commander": "Legal", "duel": "Legal", "gladiator": "Legal", "historic": "Legal", "legacy": "Legal", "modern": "Legal", "oathbreaker": "Legal", "pauper": "Legal", "paupercommander": "Legal", "predh": "Legal", "premodern": "Legal", "timeless": "Legal", "vintage": "Legal"}, "manaValue": 0.0, "name": "Barren Moor", "number": "58", "originalText": "Barren Moor comes into play tapped.\n{T}: Add {B} to your mana pool.\nCycling {B} ({B}, Discard this card: Draw a card.)", "originalType": "Land", "printings": ["40K", "ARC", "BLC", "C13", "C14", "C15", "C18", "C19", "C21", "CM2", "CMA", "CMD", "DDC", "DDJ", "DVD", "HA2", "MH1", "ONS", "TD0", "VMA", "WC03"], "purchaseUrls": {"cardmarket": "https://mtgjson.com/links/a7ac373cfa32f9d2", "tcgplayer": "https://mtgjson.com/links/b596d10a9caf06e7"}, "rarity": "common", "rulings": [{"date": "2008-10-01", "text": "Cycling is an activated ability. Effects that interact with activated abilities (such as Stifle or Rings of Brighthearth) will interact with cycling. Effects that interact with spells (such as Remove Soul or Faerie Tauntings) will not."}], "setCode": "DDC", "sourceProducts": {"nonfoil": ["de6885b7-c9cf-5525-9f11-3f38897fee51"]}, "subtypes": [], "supertypes": [], "text": "Barren Moor enters tapped.\n{T}: Add {B}.\nCycling {B} ({B}, Discard this card: Draw a card.)", "type": "Land", "types": ["Land"], "uuid": "c0f34bf0-3bc0-5d81-880a-7260e9016c1a"}, {"artist": "Mark Tedin", "artistIds": ["9ee9a9cc-c09e-486f-918b-69f80cbc4188"], "availability": ["mtgo", "paper"], "borderColor": "black", "colorIdentity": ["B"], "colors": [], "convertedManaCost": 0.0, "count": 24, "duelDeck": "b", "edhrecSaltiness": 0.29, "finishes": ["nonfoil"], "foreignData": [], "frameVersion": "2003", "hasFoil": false, "hasNonFoil": true, "identifiers": {"cardsphereId": "14573", "mcmId": "20839", "mtgjsonV4Id": "1ab76488-b062-5dbf-9c2c-c25f16b25f06", "mtgoFoilId": "32152", "mtgoId": "32060", "multiverseId": "197257", "scryfallCardBackId": "0aeebaf5-8c7d-4636-9e82-8c27447861f7", "scryfallId": "f097d952-b3c5-4cce-8ca3-36c1ab0cf538", "scryfallIllustrationId": "6149612b-32cf-4344-bcbf-8d7569d6db67", "scryfallOracleId": "56719f6a-1a6c-4c0a-8d21-18f7d7350b68", "tcgplayerProductId": "83132"}, "isFoil": false, "isReprint": true, "isStarter": true, "language": "English", "layout": "normal", "legalities": {"alchemy": "Legal", "brawl": "Legal", "commander": "Legal", "duel": "Legal", "explorer": "Legal", "future": "Legal", "gladiator": "Legal", "historic": "Legal", "legacy": "Legal", "modern": "Legal", "oathbreaker": "Legal", "pauper": "Legal", "paupercommander": "Legal", "penny": "Legal", "pioneer": "Legal", "predh": "Legal", "premodern": "Legal", "standard": "Legal", "standardbrawl": "Legal", "timeless": "Legal", "vintage": "Legal"}, "manaValue": 0.0, "name": "Swamp", "number": "59", "originalText": "B", "originalType": "Basic Land — Swamp", "printings": ["10E", "2ED", "2XM", "30A", "3ED", "40K", "4BB", "4ED", "5ED", "6ED", "7ED", "8ED", "9ED", "ACR", "AFR", "AKH", "AKR", "ALA", "ANA", "ANB", "ARC", "ATH", "AVR", "BBD", "BFZ", "BLB", "BRB", "BRC", "BRO", "BTD", "C13", "C14", "C15", "C16", "C17", "C18", "C19", "CED", "CEI", "CHK", "CLB", "CLU", "CM2", "CMA", "CMD", "CMM", "CST", "DDC", "DDD", "DDE", "DDH", "DDJ", "DDK", "DDM", "DDN", "DDP", "DDQ", "DDR", "DKM", "DMR", "DMU", "DOM", "DPA", "DSK", "DTK", "DVD", "E01", "ELD", "FBB", "FDN", "FRF", "G17", "GK1", "GK2", "GN2", "GN3", "GNT", "GRN", "GVL", "H09", "HBG", "HOP", "HOU", "ICE", "IKO", "INV", "ISD", "ITP", "J14", "J22", "JMP", "KHM", "KLD", "KLR", "KTK", "LCI", "LEA", "LEB", "LRW", "LTR", "M10", "M11", "M12", "M13", "M14", "M15", "M19", "M20", "M21", "MBS", "MD1", "ME1", "ME3", "MH2", "MH3", "MID", "MIR", "MKM", "MMQ", "MOM", "MRD", "NEO", "NPH", "ODY", "OLEP", "ONE", "ONS", "ORI", "OTJ", "P02", "P23", "PAL00", "PAL01", "PAL03", "PAL04", "PAL05", "PAL06", "PAL99", "PALP", "PANA", "PARL", "PC2", "PCA", "PD3", "PELP", "PF19", "PF20", "PGPX", "PGRU", "PHUK", "PIP", "PLST", "PMPS", "PMPS06", "PMPS07", "PMPS08", "PMPS09", "PMPS10", "PMPS11", "POR", "PPP1", "PRM", "PRW2", "PRWK", "PS11", "PSAL", "PSS2", "PSS3", "PSS4", "PTC", "PTK", "RAV", "REX", "RIX", "RNA", "ROE", "RQS", "RTR", "S99", "SCD", "SHM", "SIR", "SLD", "SNC", "SOI", "SOM", "STX", "SUM", "TD0", "TD2", "THB", "THS", "TMP", "TPR", "TSP", "UGL", "UND", "UNF", "UNH", "USG", "UST", "VOW", "WAR", "WC01", "WC02", "WC03", "WC97", "WC98", "WC99", "WHO", "WOE", "XANA", "XLN", "ZEN", "ZNR"], "purchaseUrls": {"tcgplayer": "https://mtgjson.com/links/2f8e296290643177"}, "rarity": "common", "setCode": "DDC", "sourceProducts": {"nonfoil": ["de6885b7-c9cf-5525-9f11-3f38897fee51"]}, "subtypes": ["Swamp"], "supertypes": ["Basic"], "text": "({T}: Add {B}.)", "type": "Basic Land — Swamp", "types": ["Land"], "uuid": "50a7a728-c623-5135-b261-8653e2a846a2", "variations": ["b77c8b86-9d57-5f4b-a078-ab2cea1c51b7", "cc74f6f5-84da-5211-ae1e-53129ae71222", "ae947633-8b48-507a-9696-4a77268fc51b"]}], "name": "Demonic", "releaseDate": "2009-04-10", "sealedProductUuids": null, "sideBoard": [], "type": "Duel Deck"}}