{"meta": {"date": "2024-09-03", "version": "5.2.2+20240903"}, "data": {"code": "J22", "commander": [], "mainBoard": [{"artist": "Stephan Martiniere", "artistIds": ["018799f5-76d7-4849-9375-f1b9030977e6"], "availability": ["paper"], "boosterTypes": ["default"], "borderColor": "black", "colorIdentity": [], "colors": [], "convertedManaCost": 5.0, "count": 1, "edhrecRank": 484, "edhrecSaltiness": 0.48, "finishes": ["nonfoil"], "flavorText": "\"If that brain can't figure out the secret of the serum, then add more brains.\"\n—Rhmir, Hand of the Augur", "foreignData": [{"flavorText": "„Falls dieses Gehirn nicht das Geheimnis des Serums entschlüsseln kann, dann füge noch mehr Gehirn dazu.\"\n—Rhmir, Hand des Augurs", "identifiers": {"multiverseId": "596296", "scryfallId": "676ceb47-f0db-4e76-9416-c6aefeb4e778"}, "language": "German", "multiverseId": 596296, "name": "Psychosenkrabbler", "text": "Stärke und Widerstandskraft des Psychosenkrabblers sind gleich der Anzahl an Karten auf deiner Hand.\nImmer wenn du eine Karte ziehst, verliert jeder Gegner 1 Lebenspunkt.", "type": "Artefaktkreatur — Phyrexianer, Schrecken"}, {"flavorText": "\"Si ese cerebro no puede descubrir el secreto del suero, entonces agreguen más cerebros\".\n—Rhmir, Mano de los presagios", "identifiers": {"multiverseId": "596383", "scryfallId": "22accacd-e777-41d3-8062-b8618d834870"}, "language": "Spanish", "multiverseId": 596383, "name": "Rondador de psicosis", "text": "Tanto la fuerza como la resistencia del Rondador de psicosis son iguales a la cantidad de cartas en tu mano.\nSiempre que robes una carta, cada oponente pierde 1 vida.", "type": "Criatura artefacto — Horror pirexiano"}, {"flavorText": "« Si ce cerveau est incapable de découvrir le secret du sérum, ajoutez-en quelques-uns de plus. »\n—Rhmir, Main de l'Augure", "identifiers": {"multiverseId": "596470", "scryfallId": "5bb25de0-7bd3-47f9-83a0-66d02c560e33"}, "language": "French", "multiverseId": 596470, "name": "Rampeur psychotique", "text": "La force et l'endurance du Rampeur psychotique sont chacune égales au nombre de cartes dans votre main.\nÀ chaque fois que vous piochez une carte, chaque adversaire perd 1 point de vie.", "type": "Créature-artefact : phyrexian et horreur"}, {"flavorText": "\"Se quel cervello non riesce a capire il segreto del siero, allora aggiungi altro cervello.\"\n—Rhmir, Mano dell'Augure", "identifiers": {"multiverseId": "596557", "scryfallId": "a67742f8-c58b-4a88-8433-71f6ec3459bf"}, "language": "Italian", "multiverseId": 596557, "name": "Psicosi Strisciante", "text": "La forza e la costituzione della Psicosi Strisciante sono pari al numero di carte nella tua mano.\nOgniqualvolta peschi una carta, ogni avversario perde 1 punto vita.", "type": "Creatura Artefatto — Orrore Phyrexiano"}, {"flavorText": "「その脳で血清の秘密が探れぬなら、もっと脳を足してやれ。」\n――卜占の手、ルミーア", "identifiers": {"multiverseId": "596644", "scryfallId": "debe34fe-db5f-409a-8980-19c958591cef"}, "language": "Japanese", "multiverseId": 596644, "name": "精神の病を這うもの", "text": "精神の病を這うもののパワーとタフネスは、それぞれあなたの手札にあるカードの枚数に等しい。\nあなたがカード１枚を引くたび、各対戦相手はそれぞれ１点のライフを失う。", "type": "アーティファクト・クリーチャー — ファイレクシアン・ホラー"}, {"flavorText": "「如果那脑子无法理解浆液的秘密，就多加几个脑子。」\n～卜算手信众卢米", "identifiers": {"multiverseId": "596905", "scryfallId": "6cf50733-df6e-44d1-b3e6-a82a12bebad3"}, "language": "Chinese Simplified", "multiverseId": 596905, "name": "变态爬虫", "text": "变态爬虫的力量和防御力各等同于你的手牌数量。\n每当你抓一张牌时，每位对手各失去1点生命。", "type": "神器生物 ～非瑞人／惊惧兽"}], "frameVersion": "2015", "hasFoil": false, "hasNonFoil": true, "identifiers": {"cardsphereId": "96959", "mcmId": "686556", "mcmMetaId": "202439", "mtgjsonV4Id": "5a432048-c236-5d69-a96a-eb706be9651b", "multiverseId": "596209", "scryfallCardBackId": "0aeebaf5-8c7d-4636-9e82-8c27447861f7", "scryfallId": "f94609a6-ae39-4770-9ff1-9e483102a8df", "scryfallIllustrationId": "f923abf8-fb80-44d6-b43d-b6b70f5099bb", "scryfallOracleId": "2876e74f-a242-4995-9702-0b737a1ab67a", "tcgplayerProductId": "455139"}, "isFoil": false, "isReprint": true, "language": "English", "layout": "normal", "legalities": {"brawl": "Legal", "commander": "Legal", "duel": "Legal", "gladiator": "Legal", "historic": "Legal", "legacy": "Legal", "modern": "Legal", "oathbreaker": "Legal", "penny": "Legal", "predh": "Legal", "timeless": "Legal", "vintage": "Legal"}, "manaCost": "{5}", "manaValue": 5.0, "name": "Psychosis Crawler", "number": "792", "originalText": "Psychosis Crawler's power and toughness are each equal to the number of cards in your hand.\nWhenever you draw a card, each opponent loses 1 life.", "originalType": "Artifact Creature — Phyrexian Horror", "power": "*", "printings": ["BLC", "BRR", "C15", "C16", "C18", "C20", "CLB", "CN2", "J22", "MBS", "MKC", "MOC", "PW22"], "purchaseUrls": {"cardmarket": "https://mtgjson.com/links/cd00a26b780c44cf", "tcgplayer": "https://mtgjson.com/links/dcb7633173182c57"}, "rarity": "rare", "rulings": [{"date": "2011-06-01", "text": "If an effect causes you to draw multiple cards, Psychosis Crawler will trigger that many times."}], "securityStamp": "oval", "setCode": "J22", "sourceProducts": {"nonfoil": ["31fd15cb-48ac-52b8-8f3c-84968a601869"]}, "subtypes": ["Phyrexian", "Horror"], "supertypes": [], "text": "Psychosis Crawler's power and toughness are each equal to the number of cards in your hand.\nWhenever you draw a card, each opponent loses 1 life.", "toughness": "*", "type": "Artifact Creature — Phyrexian Horror", "types": ["Artifact", "Creature"], "uuid": "3783a8d1-96df-5550-b2a1-2411307bbaa6"}, {"artist": "Willian Murai", "artistIds": ["5a553c8e-e3b9-40e0-bde5-1db621c53939"], "availability": ["paper"], "boosterTypes": ["default"], "borderColor": "black", "colorIdentity": ["U"], "colors": ["U"], "convertedManaCost": 3.0, "count": 1, "edhrecRank": 24404, "edhrecSaltiness": 0.14, "finishes": ["nonfoil"], "flavorText": "\"All tinkerers have their heads in the clouds. I don't intend to stop there.\"", "foreignData": [{"flavorText": "„Alle Tüftler stecken mit dem Kopf in den Wolken. Damit gebe ich mich nicht zufrieden.\"", "identifiers": {"multiverseId": "595194", "scryfallId": "b68fb75a-eeef-4753-811b-81106c0298a1"}, "language": "German", "multiverseId": 595194, "name": "Luftfahrender Tüftler", "text": "Der Luftfahrende Tüftler hat Flugfähigkeit, solange du ein Artefakt kontrollierst.", "type": "Kreatur — Mensch, Handwerker"}, {"flavorText": "\"Todos los reparadores tienen la cabeza en las nubes. Mi intención es llegar aún más lejos\".", "identifiers": {"multiverseId": "595302", "scryfallId": "cf2a2507-a462-435f-966e-b0a0e9196e92"}, "language": "Spanish", "multiverseId": 595302, "name": "Reparador de aeronaves", "text": "El Reparador de aeronaves tiene la habilidad de volar mientras controles un artefacto.", "type": "Criatura — Artífice humano"}, {"flavorText": "« Tous les bricoleurs ont la tête dans les nuages. Je ne compte pas m'arrêter là. »", "identifiers": {"multiverseId": "595410", "scryfallId": "ea2e3be5-47be-49e0-a826-aff53ea17ebc"}, "language": "French", "multiverseId": 595410, "name": "Aéronaute bricoleur", "text": "L'Aéronaute bricoleur a le vol tant que vous contrôlez un artefact.", "type": "Créature : humain et artificier"}, {"flavorText": "\"Tutti gli inventori hanno la testa fra le nuvole. Io voglio spingermi più in alto.\"", "identifiers": {"multiverseId": "595518", "scryfallId": "ebbde373-23bd-4187-a023-93004ac9a2ed"}, "language": "Italian", "multiverseId": 595518, "name": "Aeronauta Sperimentatore", "text": "L'Aeronauta Sperimentatore ha volare fintanto che controlli un artefatto.", "type": "Creatura — Artefice Umano"}, {"flavorText": "「修繕屋はどいつもこいつも頼りない奴ばかりだ。俺はどんどん上を目指すつもりだ。」", "identifiers": {"multiverseId": "595626", "scryfallId": "3dfbfe2d-b73b-4f6e-92de-66e61ac18fc0"}, "language": "Japanese", "multiverseId": 595626, "name": "飛空士の修繕屋", "text": "あなたがアーティファクトをコントロールしているかぎり、飛空士の修繕屋は飛行を持つ。", "type": "クリーチャー — 人間・工匠"}, {"flavorText": "「所有的修补匠都在异想天开。可我不想只能开天。」", "identifiers": {"multiverseId": "595950", "scryfallId": "a121361b-37df-4b20-b4d6-d3fff50d56b8"}, "language": "Chinese Simplified", "multiverseId": 595950, "name": "空行修补匠", "text": "只要你操控神器，空行修补匠便具有飞行异能。", "type": "生物 ～人类／神器师"}], "frameVersion": "2015", "hasFoil": false, "hasNonFoil": true, "identifiers": {"cardsphereId": "96918", "mcmId": "686461", "mcmMetaId": "209995", "mtgjsonV4Id": "354671d1-f733-5873-bf35-eb0a91476ad4", "multiverseId": "595086", "scryfallCardBackId": "0aeebaf5-8c7d-4636-9e82-8c27447861f7", "scryfallId": "86920134-b45d-4690-af61-c9c1488d70e0", "scryfallIllustrationId": "ca750f77-24a4-4d14-9b4e-c66618c6ea9c", "scryfallOracleId": "a15bb807-ea31-4bff-b573-c249c4c78dd6", "tcgplayerProductId": "455055"}, "isFoil": false, "isReprint": true, "language": "English", "layout": "normal", "legalities": {"commander": "Legal", "duel": "Legal", "legacy": "Legal", "modern": "Legal", "oathbreaker": "Legal", "pauper": "Legal", "paupercommander": "Legal", "penny": "Legal", "pioneer": "Legal", "vintage": "Legal"}, "manaCost": "{2}{U}", "manaValue": 3.0, "name": "Aeronaut Tinkerer", "number": "268", "originalText": "Aeronaut Tinkerer has flying as long as you control an artifact.", "originalType": "Creature — Human Artificer", "power": "2", "printings": ["J22", "M15", "PURL"], "purchaseUrls": {"cardmarket": "https://mtgjson.com/links/ce9bb06c1f35580f", "tcgplayer": "https://mtgjson.com/links/55edd70edabf9b8c"}, "rarity": "common", "setCode": "J22", "sourceProducts": {"nonfoil": ["31fd15cb-48ac-52b8-8f3c-84968a601869"]}, "subtypes": ["Human", "Artificer"], "supertypes": [], "text": "Aeronaut Tinkerer has flying as long as you control an artifact. (It can't be blocked except by creatures with flying or reach.)", "toughness": "3", "type": "Creature — Human Artificer", "types": ["Creature"], "uuid": "e2dbb8ba-2136-5329-873f-b770f3c3a8c2"}, {"artist": "Anthony Palumbo", "artistIds": ["afd2d541-4140-41ae-a28f-862436458fcb"], "availability": ["paper"], "boosterTypes": ["default"], "borderColor": "black", "colorIdentity": ["U"], "colors": ["U"], "convertedManaCost": 4.0, "count": 1, "edhrecRank": 19383, "edhrecSaltiness": 0.06, "finishes": ["nonfoil"], "flavorText": "\"Angels and inquisitors terrorize villages, but no one seems to notice the stirring out at sea.\"", "foreignData": [{"flavorText": "„Engel und Inquisitoren terrorisieren die Dörfer, doch niemand scheint der turbulenten See seine Aufmerksamkeit zu schenken.\"", "identifiers": {"multiverseId": "595215", "scryfallId": "e4bc1214-02fb-4cff-9537-738cdef67e10"}, "language": "German", "multiverseId": 595215, "name": "Unterwassergrab-Erforscher", "text": "Wenn die Unterwassergrab-Erforscher ins Spiel kommen, stelle Nachforschungen an. (Erzeuge einen Hinweis-Spielstein. Er ist ein Artefakt mit „{2}, opfere dieses Artefakt: Ziehe eine Karte.\")", "type": "Kreatur — Mensch, Zauberer"}, {"flavorText": "\"Ángeles e inquisidores aterrorizan las aldeas, pero nadie parece apreciar la agitación del mar\".", "identifiers": {"multiverseId": "595323", "scryfallId": "349df598-7d44-4863-8dec-a38e30590e67"}, "language": "Spanish", "multiverseId": 595323, "name": "Exploradores del cementerio marino", "text": "Cuando los Exploradores del cementerio marino entren al campo de batalla, investiga. (Crea una ficha de Pista. Es un artefacto con \"{2}, sacrificar este artefacto: Roba una carta\".)", "type": "Criatura — Hechicero humano"}, {"flavorText": "« Les anges et les inquisiteurs terrorisent les villages, mais personne ne semble remarquer l'agitation de la mer. »", "identifiers": {"multiverseId": "595431", "scryfallId": "a9e2b089-1f13-42d1-a437-9cede273dcc9"}, "language": "French", "multiverseId": 595431, "name": "Explorateurs du cimetière marin", "text": "Quand les Explorateurs du cimetière marin arrivent sur le champ de bataille, enquêtez. (Créez un jeton Indice. C'est un artefact avec « {2}, sacrifiez cet artefact : Piochez une carte. »)", "type": "Créature : humain et sorcier"}, {"flavorText": "\"Mentre angeli e inquisitori terrorizzano i villaggi, nessuno sembra notare le acque agitate del mare.\"", "identifiers": {"multiverseId": "595539", "scryfallId": "04f700ef-e2de-4494-b78e-2de10e2cfa9a"}, "language": "Italian", "multiverseId": 595539, "name": "Esploratori della Relittopoli", "text": "Quando gli Esploratori della Relittopoli entrano nel campo di battaglia, indaga. (Crea una pedina Indizio. È un artefatto con \"{2}, Sacrifica questo artefatto: Pesca una carta\".)", "type": "Creatura — Mago Umano"}, {"flavorText": "「天使と審問官が村を恐怖に陥れているが、海での不穏には誰も気づいていないようだ。」", "identifiers": {"multiverseId": "595647", "scryfallId": "2a686487-6228-41ca-be15-769f70630cab"}, "language": "Japanese", "multiverseId": 595647, "name": "溺墓の探検者", "text": "溺墓の探検者が戦場に出たとき、調査を行う。（手掛かり・トークン１つを生成する。それは、「{2},このアーティファクトを生け贄に捧げる：カード１枚を引く。」を持つアーティファクトである。）", "type": "クリーチャー — 人間・ウィザード"}, {"flavorText": "「村庄被天使和审判官弄得人心惶惶，但似乎没有人注意到海中异动。」", "identifiers": {"multiverseId": "595971", "scryfallId": "4b124bec-b445-4aeb-b0ec-47e490282527"}, "language": "Chinese Simplified", "multiverseId": 595971, "name": "沉船地探险家", "text": "当沉船地探险家进战场时，探查。（派出一个线索衍生物。它是具有「{2}，牺牲此神器：抓一张牌」的神器。）", "type": "生物 ～人类／法术师"}], "frameVersion": "2015", "hasFoil": false, "hasNonFoil": true, "identifiers": {"cardsphereId": "97278", "mcmId": "686511", "mcmMetaId": "222284", "mtgjsonV4Id": "f2bbc1b5-c39c-5233-addc-877de44baec2", "multiverseId": "595107", "scryfallCardBackId": "0aeebaf5-8c7d-4636-9e82-8c27447861f7", "scryfallId": "aa7a4792-0d24-47d7-a1df-818d97d40904", "scryfallIllustrationId": "8bd5623b-31ca-449e-9845-d3c25eff11e8", "scryfallOracleId": "c1ebbe89-8976-4ed7-a68a-8b08aac4616c", "tcgplayerProductId": "455102"}, "isFoil": false, "isReprint": true, "keywords": ["Investigate"], "language": "English", "layout": "normal", "legalities": {"brawl": "Legal", "commander": "Legal", "duel": "Legal", "explorer": "Legal", "gladiator": "Legal", "historic": "Legal", "legacy": "Legal", "modern": "Legal", "oathbreaker": "Legal", "pauper": "Legal", "paupercommander": "Legal", "penny": "Legal", "pioneer": "Legal", "timeless": "Legal", "vintage": "Legal"}, "manaCost": "{3}{U}", "manaValue": 4.0, "name": "Drownyard Explorers", "number": "289", "originalText": "When Drownyard Explorers enters the battlefield, investigate. (Create a Clue token. It's an artifact with \"{2}, Sacrifice this artifact: Draw a card.\")", "originalType": "Creature — Human Wizard", "power": "2", "printings": ["J22", "SIR", "SOI"], "purchaseUrls": {"cardmarket": "https://mtgjson.com/links/130228e55e387307", "tcgplayer": "https://mtgjson.com/links/4afa04f0d8efcf68"}, "rarity": "common", "rulings": [{"date": "2016-04-08", "text": "If you sacrifice a Clue for another card's cost or effect, such as that of Angelic Purge or Tamiyo's Journal, you can't also pay {2} and sacrifice it to draw a card."}, {"date": "2016-04-08", "text": "The token is named Clue Token and has the artifact subtype Clue. Clue isn't a creature type."}, {"date": "2016-04-08", "text": "The tokens are normal artifacts. For example, they can be sacrificed to cast Angelic Purge or targeted by Root Out."}], "setCode": "J22", "sourceProducts": {"nonfoil": ["31fd15cb-48ac-52b8-8f3c-84968a601869"]}, "subtypes": ["Human", "Wizard"], "supertypes": [], "text": "When Drownyard Explorers enters, investigate. (Create a Clue token. It's an artifact with \"{2}, Sacrifice this artifact: Draw a card.\")", "toughness": "4", "type": "Creature — Human Wizard", "types": ["Creature"], "uuid": "6c044e55-3c67-59da-a8e6-5513d0bdfa80"}, {"artist": "Lius Lasahido", "artistIds": ["0a0e9093-ce44-4a69-93a7-09b63e7c330d"], "availability": ["paper"], "boosterTypes": ["default"], "borderColor": "black", "colorIdentity": ["U"], "colors": ["U"], "convertedManaCost": 1.0, "count": 1, "edhrecRank": 10463, "finishes": ["nonfoil"], "flavorText": "The thief doubled back twice, doused herself with perfume, crossed the ocean, and still woke up with her pursuer close on her heels.", "foreignData": [{"flavorText": "Die Diebin wechselte mehrmals die Richtung, übergoss sich mit Parfüm, überquerte den Ozean und erwachte dennoch mit ihrem Verfolger dicht auf ihren Fersen.", "identifiers": {"multiverseId": "595226", "scryfallId": "9ea0125b-097a-41e3-9504-12758ee0f2bc"}, "language": "German", "multiverseId": 595226, "name": "Fluthund", "text": "{3}, {T}: Stelle Nachforschungen an. (Erzeuge einen Hinweis-Spielstein. Er ist ein Artefakt mit „{2}, opfere dieses Artefakt: Ziehe eine Karte.\")", "type": "Kreatur — Elementarwesen, Hund"}, {"flavorText": "La ladrona volvió sobre sus pasos dos veces, se impregnó de perfume, cruzó el océano... Pero su perseguidor aún le pisaba los talones.", "identifiers": {"multiverseId": "595334", "scryfallId": "c83b0f62-2e97-4959-a6ab-5302d546b68d"}, "language": "Spanish", "multiverseId": 595334, "name": "Hidrobueso", "text": "{3}, {T}: Investiga. (Crea una ficha de Pista. Es un artefacto con \"{2}, sacrificar este artefacto: Roba una carta\".)", "type": "Criatura — Perro elemental"}, {"flavorText": "La voleuse fit demi-tour deux fois, s'aspergea de parfum, traversa l'océan et se réveilla quand même avec le pisteur à ses trousses.", "identifiers": {"multiverseId": "595442", "scryfallId": "feac56ea-bfa7-45ff-8acf-42376df2bcf1"}, "language": "French", "multiverseId": 595442, "name": "Flolimier", "text": "{3}, {T} : Enquêtez. (Créez un jeton Indice. C'est un artefact avec « {2}, sacrifiez cet artefact : Piochez une carte. »)", "type": "Créature : élémental et chien"}, {"flavorText": "La ladra tornò sui propri passi due volte, si innaffiò di profumo, attraversò l'oceano, ma al suo risveglio aveva ancora il suo inseguitore alle calcagna.", "identifiers": {"multiverseId": "595550", "scryfallId": "fb64b456-9d57-42ee-8350-bbb6cfaa30c7"}, "language": "Italian", "multiverseId": 595550, "name": "Segugio della Marea", "text": "{3}, {T}: Indaga. (Crea una pedina Indizio. È un artefatto con \"{2}, Sacrifica questo artefatto: Pesca una carta\".)", "type": "Creatura — Canide Elementale"}, {"flavorText": "泥棒は二度折り返して逃げ切ろうとした。全身に香水を浴びて、海を横切って。それでも目を覚ますとすぐそばまで追っ手が来ていた。", "identifiers": {"multiverseId": "595658", "scryfallId": "44bb6f19-a9f1-4479-9c3b-db2d6a7c7382"}, "language": "Japanese", "multiverseId": 595658, "name": "氾濫犬", "text": "{3},{T}：調査を行う。（手掛かり・トークン１つを生成する。それは、「{2},このアーティファクトを生け贄に捧げる：カード１枚を引く。」を持つアーティファクトである。）", "type": "クリーチャー — エレメンタル・犬"}, {"flavorText": "小偷两度折返迂回，香水洒满身，还横渡海洋，但醒来时追踪者依然紧随她身后。", "identifiers": {"multiverseId": "595982", "scryfallId": "8343a328-e58e-46ea-a4ff-fb833fa3c0e0"}, "language": "Chinese Simplified", "multiverseId": 595982, "name": "寻水猎犬", "text": "{3}，{T}：探查。（派出一个线索衍生物。它是具有「{2}，牺牲此神器：抓一张牌」的神器。）", "type": "生物 ～元素／狗"}], "frameVersion": "2015", "hasFoil": false, "hasNonFoil": true, "identifiers": {"cardsphereId": "97270", "mcmId": "686507", "mcmMetaId": "341800", "mtgjsonV4Id": "84d98a0f-6756-5868-8a3d-6b13373ed52b", "multiverseId": "595118", "scryfallCardBackId": "0aeebaf5-8c7d-4636-9e82-8c27447861f7", "scryfallId": "c0ca694c-f0ee-4994-92a2-be2a840c7e07", "scryfallIllustrationId": "f2ceb3a7-be8c-4762-af60-e517b6f4680e", "scryfallOracleId": "6dd8ba09-f117-4514-9e09-f9f9f5fb5025", "tcgplayerProductId": "455099"}, "isFoil": false, "isReprint": true, "keywords": ["Investigate"], "language": "English", "layout": "normal", "legalities": {"brawl": "Legal", "commander": "Legal", "duel": "Legal", "gladiator": "Legal", "historic": "Legal", "legacy": "Legal", "modern": "Legal", "oathbreaker": "Legal", "pauper": "Legal", "paupercommander": "Legal", "timeless": "Legal", "vintage": "Legal"}, "manaCost": "{U}", "manaValue": 1.0, "name": "Floodhound", "number": "300", "originalText": "{3}, {T}: Investigate. (Create a Clue token. It's an artifact with \"{2}, Sacrifice this artifact: Draw a card.\")", "originalType": "Creature — Elemental Dog", "power": "1", "printings": ["J21", "J22", "MH2", "PLST"], "purchaseUrls": {"cardmarket": "https://mtgjson.com/links/448a068c500efb75", "tcgplayer": "https://mtgjson.com/links/14c55a44f227954f"}, "rarity": "common", "rulings": [{"date": "2021-06-18", "text": "The token is named Clue Token and has the artifact subtype Clue. Clue isn't a creature type."}, {"date": "2021-06-18", "text": "You can't sacrifice a Clue to activate its own ability and also to activate another ability that requires sacrificing a Clue (or any artifact) as a cost, such as that of Lonis, Cryptozoologist."}], "setCode": "J22", "sourceProducts": {"nonfoil": ["31fd15cb-48ac-52b8-8f3c-84968a601869"]}, "subtypes": ["Elemental", "Dog"], "supertypes": [], "text": "{3}, {T}: Investigate. (Create a Clue token. It's an artifact with \"{2}, Sacrifice this artifact: Draw a card.\")", "toughness": "2", "type": "Creature — Elemental Dog", "types": ["Creature"], "uuid": "517b7167-628e-5cef-aed2-28f6d424d199"}, {"artist": "Martina Pilcerova", "artistIds": ["30fead7c-da53-4c1b-b514-4be6e5ce487c"], "availability": ["paper"], "boosterTypes": ["default"], "borderColor": "black", "colorIdentity": ["U"], "colors": ["U"], "convertedManaCost": 4.0, "count": 1, "edhrecRank": 6046, "edhrecSaltiness": 0.07, "finishes": ["nonfoil"], "flavorText": "It manifests at wizard academies to siphon inspiration from young prodigies.", "foreignData": [{"flavorText": "Er manifestiert sich in magischen Akademien, um die Inspiration junger Talente abzusaugen.", "identifiers": {"multiverseId": "595257", "scryfallId": "6e01deb4-2454-4aab-89ee-7fc48f45f295"}, "language": "German", "multiverseId": 595257, "name": "Oneirophage", "text": "Fliegend\nImmer wenn du eine Karte ziehst, lege eine +1/+1-Marke auf den Oneirophagen.", "type": "Kreatur — Kalmar, Illusion"}, {"flavorText": "Se manifiesta en las academias de hechicería para fagocitar la inspiración de los jóvenes prodigios.", "identifiers": {"multiverseId": "595365", "scryfallId": "92701117-6365-4785-9fdc-ce84c70e6e70"}, "language": "Spanish", "multiverseId": 595365, "name": "Onirófago", "text": "Vuela.\nSiempre que robes una carta, pon un contador +1/+1 sobre el Onirófago.", "type": "Criatura — Ilusión calamar"}, {"flavorText": "Il se manifeste dans les académies de sorciers pour siphonner l'inspiration des jeunes prodiges.", "identifiers": {"multiverseId": "595473", "scryfallId": "78f85949-911a-4700-b411-9570ce388461"}, "language": "French", "multiverseId": 595473, "name": "Onirophage", "text": "Vol\nÀ chaque fois que vous piochez une carte, mettez un marqueur +1/+1 sur l'Onirophage.", "type": "Créature : calamar et illusion"}, {"flavorText": "Si manifesta nelle accademie di maghi per assorbire l'ispirazione dai giovani prodigi.", "identifiers": {"multiverseId": "595581", "scryfallId": "e06ee986-9e60-4535-a63d-7aacb852e7de"}, "language": "Italian", "multiverseId": 595581, "name": "Onirofago", "text": "Volare\nOgniqualvolta peschi una carta, metti un segnalino +1/+1 sull'Onirofago.", "type": "Creatura — Illusione Calamaro"}, {"flavorText": "魔法学院に現れて、若い天才から発想を吸い上げる。", "identifiers": {"multiverseId": "595689", "scryfallId": "4029c3a3-64d8-4bc1-ac3e-ce3d5a2da741"}, "language": "Japanese", "multiverseId": 595689, "name": "夢吸いイカ", "text": "飛行\nあなたがカード１枚を引くたび、夢吸いイカの上に＋１/＋１カウンター１個を置く。", "type": "クリーチャー — イカ・イリュージョン"}, {"flavorText": "它常常现身法师学院，汲取青年逸才脑中灵感。", "identifiers": {"multiverseId": "596013", "scryfallId": "4af410d4-4ba8-48c5-b739-90395881823d"}, "language": "Chinese Simplified", "multiverseId": 596013, "name": "噬梦蛸", "text": "飞行\n每当你抓一张牌时，在噬梦蛸上放置一个+1/+1指示物。", "type": "生物 ～乌贼／虚影"}], "frameVersion": "2015", "hasFoil": false, "hasNonFoil": true, "identifiers": {"cardsphereId": "97151", "mcmId": "686586", "mcmMetaId": "271596", "mtgjsonV4Id": "474d1b1e-b00f-56a0-8f26-1833bd81b4b5", "multiverseId": "595149", "scryfallCardBackId": "0aeebaf5-8c7d-4636-9e82-8c27447861f7", "scryfallId": "67084738-bfda-4996-906e-5a0b0bae5de3", "scryfallIllustrationId": "74b0e1ea-a773-4c3e-967c-ba868dd25043", "scryfallOracleId": "48c97aeb-6591-4175-a24b-d3488bf3ab0b", "tcgplayerProductId": "455168"}, "isFoil": false, "isReprint": true, "keywords": ["Flying"], "language": "English", "layout": "normal", "legalities": {"brawl": "Legal", "commander": "Legal", "duel": "Legal", "gladiator": "Legal", "historic": "Legal", "legacy": "Legal", "modern": "Legal", "oathbreaker": "Legal", "paupercommander": "Restricted", "penny": "Legal", "timeless": "Legal", "vintage": "Legal"}, "manaCost": "{3}{U}", "manaValue": 4.0, "name": "Oneirophage", "number": "331", "originalText": "Flying\nWhenever you draw a card, put a +1/+1 counter on Oneirophage.", "originalType": "Creature — Squid Illusion", "power": "1", "printings": ["J22", "JMP", "MH1", "PLST"], "purchaseUrls": {"cardmarket": "https://mtgjson.com/links/0542f960cc501e46", "tcgplayer": "https://mtgjson.com/links/ce0953c9fa204703"}, "rarity": "uncommon", "rulings": [{"date": "2019-06-14", "text": "If a spell or ability causes you to put cards into your hand without specifically using the word “draw,” Oneirophage’s ability won’t trigger."}], "setCode": "J22", "sourceProducts": {"nonfoil": ["31fd15cb-48ac-52b8-8f3c-84968a601869"]}, "subtypes": ["Squid", "Illusion"], "supertypes": [], "text": "Flying\nWhenever you draw a card, put a +1/+1 counter on Oneirophage.", "toughness": "2", "type": "Creature — Squid Illusion", "types": ["Creature"], "uuid": "c634c8bf-0eb3-5006-b4ae-7d4a846fc6c4"}, {"artist": "Svetlin Velinov", "artistIds": ["ffd063ae-c097-4f26-b2e6-b1e2137708bc"], "availability": ["paper"], "boosterTypes": ["default"], "borderColor": "black", "colorIdentity": ["U"], "colors": ["U"], "convertedManaCost": 6.0, "count": 1, "edhrecRank": 7232, "edhrecSaltiness": 0.17, "finishes": ["nonfoil"], "flavorText": "\"It's contemplative, resourceful, and original. Everything else aside, it's the perfect student.\"\n—Naban, dean of iteration", "foreignData": [{"flavorText": "„Er ist nachdenklich, erfindungsreich und originell. Abgesehen von seinen anderen Eigenschaften ist er der perfekte Schüler.\"\n—Naban, Dekan der Iteration", "identifiers": {"multiverseId": "595288", "scryfallId": "5dbcfb12-6e6c-4b95-9f54-5064f1d01e78"}, "language": "German", "multiverseId": 595288, "name": "Tolarianischer Krake", "text": "Immer wenn du eine Karte ziehst, kannst du {1} bezahlen. Wenn du dies tust, kannst du eine Kreatur deiner Wahl tappen oder enttappen.", "type": "Kreatur — Krake"}, {"flavorText": "\"Es contemplativo, ingenioso y original. Si no tenemos en consideración el resto, es el estudiante perfecto\".\n—Naban, decano de la iteración", "identifiers": {"multiverseId": "595396", "scryfallId": "1c336416-e4e8-4f6a-b021-620b6f47a756"}, "language": "Spanish", "multiverseId": 595396, "name": "Kraken tolariano", "text": "Siempre que robes una carta, puedes pagar {1}. Cuando lo hagas, puedes girar o enderezar la criatura objetivo.", "type": "Criatura — Kraken"}, {"flavorText": "« Il est pensif, ingénieux et original. Sans tenir compte du reste, c'est l'élève parfait. »\n—Naban, doyen de l'itération", "identifiers": {"multiverseId": "595504", "scryfallId": "8081d78a-af60-426c-92ce-b3d33d8f407f"}, "language": "French", "multiverseId": 595504, "name": "Kraken de Tolaria", "text": "À chaque fois que vous piochez une carte, vous pouvez payer {1}. Quand vous faites ainsi, vous pouvez engager ou dégager une créature ciblée.", "type": "Créature : kraken"}, {"flavorText": "\"È riflessivo, pieno di risorse e originale. Tralasciando tutto il resto, è lo studente perfetto.\"\n—Naban, decano dell'iterazione", "identifiers": {"multiverseId": "595612", "scryfallId": "3b523bbf-05d2-43e1-9ccf-744d1d5e09e0"}, "language": "Italian", "multiverseId": 595612, "name": "Kraken di Tolaria", "text": "Ogniqualvolta peschi una carta, puoi pagare {1}. Quando lo fai, puoi TAPpare o STAPpare una creatura bersaglio.", "type": "Creatura — Kraken"}, {"flavorText": "「思索好きで、才気に富み、独創性がある。他のことはともかく、理想的な学生だ。」\n――反復の学部長、ナバン", "identifiers": {"multiverseId": "595720", "scryfallId": "112ba2a6-59b7-4fe6-b1f3-29c7cfdd94fa"}, "language": "Japanese", "multiverseId": 595720, "name": "トレイリアのクラーケン", "text": "あなたがカード１枚を引くたび、あなたは{1}を支払ってもよい。そうしたとき、クリーチャー１体を対象とする。あなたはそれをタップまたはアンタップしてもよい。", "type": "クリーチャー — クラーケン"}, {"flavorText": "「它沉着冷静，思维敏捷，做法独到。不考虑其他因素的话，最好的学生就该像它这样。」\n～迭演院长奈班", "identifiers": {"multiverseId": "596044", "scryfallId": "f1f89815-6651-43fa-81e5-15debeab9395"}, "language": "Chinese Simplified", "multiverseId": 596044, "name": "陶拉里亚巨海兽", "text": "每当你抓一张牌时，你可以支付{1}。当你如此作时，你可以横置或重置目标生物。", "type": "生物 ～巨海兽"}], "frameVersion": "2015", "hasFoil": false, "hasNonFoil": true, "identifiers": {"cardsphereId": "97136", "mcmId": "686441", "mcmMetaId": "307854", "mtgjsonV4Id": "fa70cc5d-d583-5fd3-8af4-86e1aca8bb8c", "multiverseId": "595180", "scryfallCardBackId": "0aeebaf5-8c7d-4636-9e82-8c27447861f7", "scryfallId": "cc11641f-a3bd-4282-8c86-fafa63d2d6ab", "scryfallIllustrationId": "085e2e01-c3fe-425e-aa4c-36d401d5279f", "scryfallOracleId": "846887e4-744f-44ce-9110-d09680b11e95", "tcgplayerProductId": "455030"}, "isFoil": false, "isReprint": true, "language": "English", "layout": "normal", "legalities": {"brawl": "Legal", "commander": "Legal", "duel": "Legal", "explorer": "Legal", "gladiator": "Legal", "historic": "Legal", "legacy": "Legal", "modern": "Legal", "oathbreaker": "Legal", "paupercommander": "Restricted", "penny": "Legal", "pioneer": "Legal", "timeless": "Legal", "vintage": "Legal"}, "manaCost": "{4}{U}{U}", "manaValue": 6.0, "name": "Tolarian Kraken", "number": "362", "originalText": "Whenever you draw a card, you may pay {1}. When you do, you may tap or untap target creature.", "originalType": "Creature — Kraken", "power": "4", "printings": ["J22", "M21", "PLST"], "purchaseUrls": {"cardmarket": "https://mtgjson.com/links/a245ba7666270042", "tcgplayer": "https://mtgjson.com/links/2926b50b76ba6c1c"}, "rarity": "uncommon", "rulings": [{"date": "2020-06-23", "text": "If a spell or ability causes you to put a card into your hand without specifically using the word “draw,” it's not a card drawn."}, {"date": "2020-06-23", "text": "While resolving Tolarian Kraken's ability, you can't pay more than {1} to tap or untap more than one creature."}], "setCode": "J22", "sourceProducts": {"nonfoil": ["31fd15cb-48ac-52b8-8f3c-84968a601869"]}, "subtypes": ["Kraken"], "supertypes": [], "text": "Whenever you draw a card, you may pay {1}. When you do, you may tap or untap target creature.", "toughness": "6", "type": "Creature — Kraken", "types": ["Creature"], "uuid": "9d98a293-7e65-509b-8cc9-8b933a314f61"}, {"artist": "Lars Grant-West", "artistIds": ["21ed6499-c4d3-4965-ab02-6c7228275bec"], "availability": ["paper"], "boosterTypes": ["default"], "borderColor": "black", "colorIdentity": ["U"], "colors": ["U"], "convertedManaCost": 2.0, "count": 1, "edhrecRank": 4390, "edhrecSaltiness": 0.15, "finishes": ["nonfoil"], "flavorText": "Art is unknown to the vedalken—for them, all creations must serve a purpose.", "foreignData": [{"flavorText": "Die Vedalken kennen keine Kunst — für sie muss alles einen Zweck und Sinn haben.", "identifiers": {"multiverseId": "595293", "scryfallId": "6f6eee78-e475-4aa1-ad9e-634d22e04a8f"}, "language": "German", "multiverseId": 595293, "name": "Vedalken-Ingenieur", "text": "{T}: Erzeuge zwei Mana genau einer beliebigen Farbe. Gib dieses Mana nur aus, um Artefaktzauber zu wirken oder Fähigkeiten von Artefakten zu aktivieren.", "type": "Kreatur — Vedalken, Handwerker"}, {"flavorText": "Los vedalken no conocen el arte. Para ellos, todas las creaciones deben ser útiles.", "identifiers": {"multiverseId": "595401", "scryfallId": "502fb811-206b-40bc-a302-9105c8067f94"}, "language": "Spanish", "multiverseId": 595401, "name": "Ingeniero vedalken", "text": "{T}: Agrega dos manás de un color cualquiera. Usa este maná solo para lanzar hechizos de artefacto o activar habilidades de artefactos.", "type": "Criatura — Artífice vedalken"}, {"flavorText": "L'art est un concept étranger aux vedalkens ; pour eux, toute création doit servir un but.", "identifiers": {"multiverseId": "595509", "scryfallId": "7de4a505-df5d-4751-be90-0477488d9f4b"}, "language": "French", "multiverseId": 595509, "name": "Ingénieur vedalken", "text": "{T} : Ajoutez deux manas d'une seule couleur de votre choix. Ne dépensez ce mana que pour lancer des sorts d'artefact ou activer des capacités d'artefact.", "type": "Créature : vedalken et artificier"}, {"flavorText": "Il concetto di arte è ignoto ai vedalken: per loro ogni creazione deve avere uno scopo.", "identifiers": {"multiverseId": "595617", "scryfallId": "4bbebbae-2724-440c-a2d2-de47dac3b967"}, "language": "Italian", "multiverseId": 595617, "name": "Ingegnere Vedalken", "text": "{T}: Aggiungi due mana di un qualsiasi colore. Spendi questo mana solo per lanciare magie artefatto o attivare abilità di artefatti.", "type": "Creatura — Artefice Vedalken"}, {"flavorText": "ヴィダルケンは芸術を理解しない。彼らにとって、すべての物には目的が必要なのだ。", "identifiers": {"multiverseId": "595725", "scryfallId": "2219755f-1a0e-460e-ba79-70c98bb093dd"}, "language": "Japanese", "multiverseId": 595725, "name": "ヴィダルケンの技術者", "text": "{T}：好きな色１色のマナ２点を加える。このマナは、アーティファクト・呪文を唱えるためか、アーティファクトの能力を起動するためにしか支払えない。", "type": "クリーチャー — ヴィダルケン・工匠"}, {"flavorText": "维多肯族不懂艺术～对他们来说，万物均各有创造目的。", "identifiers": {"multiverseId": "596049", "scryfallId": "c4f3c848-87b0-4812-a778-0a8df147c999"}, "language": "Chinese Simplified", "multiverseId": 596049, "name": "维多肯工程师", "text": "{T}：加两点任意颜色的单色法术力。此法术力只能用来施放神器咒语，或是起动神器的异能。", "type": "生物 ～维多肯／神器师"}], "frameVersion": "2015", "hasFoil": false, "hasNonFoil": true, "identifiers": {"cardsphereId": "97134", "mcmId": "686458", "mcmMetaId": "6298", "mtgjsonV4Id": "c4308036-7623-5c48-96d0-8c7be8b601e5", "multiverseId": "595185", "scryfallCardBackId": "0aeebaf5-8c7d-4636-9e82-8c27447861f7", "scryfallId": "b46f0f64-4c1d-4a65-af67-a675c34119f1", "scryfallIllustrationId": "e38e325a-7ca9-4375-ad62-1cc7038f213a", "scryfallOracleId": "b36accb4-cde6-4b1d-b549-8c975cfa999d", "tcgplayerProductId": "455050"}, "isFoil": false, "isReprint": true, "language": "English", "layout": "normal", "legalities": {"commander": "Legal", "duel": "Legal", "legacy": "Legal", "modern": "Legal", "oathbreaker": "Legal", "pauper": "Legal", "paupercommander": "Legal", "predh": "Legal", "vintage": "Legal"}, "manaCost": "{1}{U}", "manaValue": 2.0, "name": "Vedalken Engineer", "number": "367", "originalText": "{T}: Add two mana of any one color. Spend this mana only to cast artifact spells or activate abilities of artifacts.", "originalType": "Creature — Vedalken Artificer", "power": "1", "printings": ["C16", "DST", "HOP", "J22", "NEC"], "purchaseUrls": {"cardmarket": "https://mtgjson.com/links/abe37f4ff2a5a937", "tcgplayer": "https://mtgjson.com/links/ccc44899ffc638ec"}, "rarity": "common", "setCode": "J22", "sourceProducts": {"nonfoil": ["31fd15cb-48ac-52b8-8f3c-84968a601869"]}, "subtypes": ["Vedalken", "Artificer"], "supertypes": [], "text": "{T}: Add two mana of any one color. Spend this mana only to cast artifact spells or activate abilities of artifacts.", "toughness": "1", "type": "Creature — Vedalken Artificer", "types": ["Creature"], "uuid": "c78c5f8d-55bc-5d63-ba1b-e2308ac5127d"}, {"artist": "Steve Prescott", "artistIds": ["a1139fb8-41f5-4a9e-9a74-f662e1a23b35"], "availability": ["paper"], "boosterTypes": ["default"], "borderColor": "black", "colorIdentity": ["U"], "colors": ["U"], "convertedManaCost": 2.0, "count": 1, "edhrecRank": 15353, "edhrecSaltiness": 0.15, "finishes": ["nonfoil"], "foreignData": [{"identifiers": {"multiverseId": "595263", "scryfallId": "dbe57651-8380-421b-a6bf-7fc182d73ad7"}, "language": "German", "multiverseId": 595263, "name": "Auf Antworten drängen", "text": "Tappe eine Kreatur deiner Wahl. Sie enttappt nicht während des nächsten Enttappsegments ihres Beherrschers.\nStelle Nachforschungen an. (Erzeuge einen Hinweis-Spielstein. Er ist ein Artefakt mit „{2}, opfere dieses Artefakt: Ziehe eine Karte.\")", "type": "Hexerei"}, {"identifiers": {"multiverseId": "595371", "scryfallId": "b17cbe2a-8f17-42f5-9335-581115ecae12"}, "language": "Spanish", "multiverseId": 595371, "name": "Exigir respuestas", "text": "Gira la criatura objetivo. No se endereza durante el próximo paso de enderezar de su controlador.\nInvestiga. (Crea una ficha de Pista. Es un artefacto con \"{2}, sacrificar este artefacto: Roba una carta\".)", "type": "Conjuro"}, {"identifiers": {"multiverseId": "595479", "scryfallId": "a3db5248-e43c-4188-bdd4-aa633104748e"}, "language": "French", "multiverseId": 595479, "name": "Exhortation inquisitoire", "text": "Engagez une créature ciblée. Elle ne se dégage pas pendant la prochaine étape de dégagement de son contrôleur.\nEnquêtez. (Créez un jeton Indice. C'est un artefact avec « {2}, sacrifiez cet artefact : Piochez une carte. »)", "type": "Rituel"}, {"identifiers": {"multiverseId": "595587", "scryfallId": "fd961046-dc53-4b8a-8694-8f2bcc228ccf"}, "language": "Italian", "multiverseId": 595587, "name": "Esigere le Risposte", "text": "TAPpa una creatura bersaglio. Quella creatura non STAPpa durante il prossimo STAP del suo controllore.\nIndaga. (Crea una pedina Indizio. È un artefatto con \"{2}, Sacrifica questo artefatto: Pesca una carta\".)", "type": "Stregoneria"}, {"identifiers": {"multiverseId": "595695", "scryfallId": "32c71660-fc29-4d25-afb0-48ebd90a9fa6"}, "language": "Japanese", "multiverseId": 595695, "name": "回答の強要", "text": "クリーチャー１体を対象とする。それをタップする。それは次のそれのコントローラーのアンタップ・ステップにアンタップしない。\n調査を行う。（手掛かり・トークン１つを生成する。それは、「{2},このアーティファクトを生け贄に捧げる：カード１枚を引く。」を持つアーティファクトである。）", "type": "ソーサリー"}, {"identifiers": {"multiverseId": "596019", "scryfallId": "01a25220-f67f-441b-9828-61a1966d5a38"}, "language": "Chinese Simplified", "multiverseId": 596019, "name": "强求解答", "text": "横置目标生物。它于其操控者的下一个重置步骤中不能重置。\n探查。（派出一个线索衍生物。它是具有「{2}，牺牲此神器：抓一张牌」的神器。）", "type": "法术"}], "frameVersion": "2015", "hasFoil": false, "hasNonFoil": true, "identifiers": {"cardsphereId": "97165", "mcmId": "686520", "mcmMetaId": "222291", "mtgjsonV4Id": "72404ccc-361e-5c29-ba18-d5e01afe9f1e", "multiverseId": "595155", "scryfallCardBackId": "0aeebaf5-8c7d-4636-9e82-8c27447861f7", "scryfallId": "e7854c3f-8c89-4ac6-8cfe-3b5b3b651918", "scryfallIllustrationId": "8b13baa3-22bb-49dd-bc5e-a40f736189e8", "scryfallOracleId": "4960c3a0-77ca-48d8-b565-6c5f1e6522cf", "tcgplayerProductId": "455111"}, "isFoil": false, "isReprint": true, "keywords": ["Investigate"], "language": "English", "layout": "normal", "legalities": {"commander": "Legal", "duel": "Legal", "legacy": "Legal", "modern": "Legal", "oathbreaker": "Legal", "pauper": "Legal", "paupercommander": "Legal", "penny": "Legal", "pioneer": "Legal", "vintage": "Legal"}, "manaCost": "{1}{U}", "manaValue": 2.0, "name": "Press for Answers", "number": "337", "originalText": "Tap target creature. It doesn't untap during its controller's next untap step.\nInvestigate. (Create a Clue token. It's an artifact with \"{2}, Sacrifice this artifact: Draw a card.\")", "originalType": "Sorcery", "printings": ["J22", "SOI"], "purchaseUrls": {"cardmarket": "https://mtgjson.com/links/74262bce4c45e157", "tcgplayer": "https://mtgjson.com/links/6e9977a9e8a567a4"}, "rarity": "common", "rulings": [{"date": "2016-04-08", "text": "If you sacrifice a Clue for another card's cost or effect, such as that of Angelic Purge or Tamiyo's Journal, you can't also pay {2} and sacrifice it to draw a card."}, {"date": "2016-04-08", "text": "The token is named Clue Token and has the artifact subtype Clue. Clue isn't a creature type."}, {"date": "2016-04-08", "text": "The tokens are normal artifacts. For example, they can be sacrificed to cast Angelic Purge or targeted by Root Out."}, {"date": "2016-04-08", "text": "You can't cast a spell without choosing legal targets. If all of those targets become illegal, the spell doesn't resolve and you won't investigate."}], "setCode": "J22", "sourceProducts": {"nonfoil": ["31fd15cb-48ac-52b8-8f3c-84968a601869"]}, "subtypes": [], "supertypes": [], "text": "Tap target creature. It doesn't untap during its controller's next untap step.\nInvestigate. (Create a Clue token. It's an artifact with \"{2}, Sacrifice this artifact: Draw a card.\")", "type": "Sorcery", "types": ["Sorcery"], "uuid": "01fd6cfb-b3f3-509b-84dd-1099e7153daa"}, {"artist": "Slawomir Maniak", "artistIds": ["d887bc66-2779-416c-a1ff-d8720242063e"], "availability": ["paper"], "boosterTypes": ["default"], "borderColor": "black", "colorIdentity": ["U"], "colors": ["U"], "convertedManaCost": 2.0, "count": 1, "edhrecRank": 18067, "edhrecSaltiness": 0.1, "finishes": ["nonfoil"], "flavorText": "\"Just a collage of images: cryptoliths, the sea, a tangle of shipwrecks.\"", "foreignData": [{"flavorText": "„Nur eine Collage aus Bildern: Kryptolithen, die See, ein Haufen Schiffswracks.\"", "identifiers": {"multiverseId": "595237", "scryfallId": "0e44a305-41b1-40c3-abdf-2eea7cde1e62"}, "language": "German", "multiverseId": 595237, "name": "Jaces prüfender Blick", "text": "Eine Kreatur deiner Wahl erhält -4/-0 bis zum Ende des Zuges.\nStelle Nachforschungen an. (Erzeuge einen Hinweis-Spielstein. Er ist ein Artefakt mit „{2}, opfere dieses Artefakt: Ziehe eine Karte.\")", "type": "Spontanzauber"}, {"flavorText": "\"Tan solo un collage de imágenes: criptolitos, el mar y una maraña de barcos hundidos\".", "identifiers": {"multiverseId": "595345", "scryfallId": "9a044e3b-67a3-423f-9d4d-030fb439615a"}, "language": "Spanish", "multiverseId": 595345, "name": "Escrutinio de Jace", "text": "La criatura objetivo obtiene -4/-0 hasta el final del turno.\nInvestiga. (Crea una ficha de Pista. Es un artefacto con \"{2}, sacrificar este artefacto: Roba una carta\".)", "type": "Instantáneo"}, {"flavorText": "« Un assemblage d'images : des cryptolithes, la mer, des épaves. »", "identifiers": {"multiverseId": "595453", "scryfallId": "37e8f6a7-25bc-43ee-9d1d-faaa9b672c11"}, "language": "French", "multiverseId": 595453, "name": "Examen de Jace", "text": "Une créature ciblée gagne -4/-0 jusqu'à la fin du tour.\nEnquêtez. (Créez un jeton Indice. C'est un artefact avec « {2}, sacrifiez cet artefact : Piochez une carte. »)", "type": "Éphémère"}, {"flavorText": "\"Solo un susseguirsi di immagini: criptoliti, il mare, un groviglio di relitti.\"", "identifiers": {"multiverseId": "595561", "scryfallId": "d40728d6-deec-4844-b73f-80416e2bc064"}, "language": "Italian", "multiverseId": 595561, "name": "Esame di Jace", "text": "Una creatura bersaglio prende -4/-0 fino alla fine del turno.\nIndaga. (Crea una pedina Indizio. È un artefatto con \"{2}, Sacrifica questo artefatto: Pesca una carta\".)", "type": "Istantaneo"}, {"flavorText": "「雑多な映像の羅列だ。謎の石、海、難破した船の残骸。」", "identifiers": {"multiverseId": "595669", "scryfallId": "e0698a65-6ec5-45a1-905e-065b8ea0396a"}, "language": "Japanese", "multiverseId": 595669, "name": "ジェイスの精査", "text": "クリーチャー１体を対象とする。ターン終了時まで、それは－４/－０の修整を受ける。\n調査を行う。（手掛かり・トークン１つを生成する。それは、「{2},このアーティファクトを生け贄に捧げる：カード１枚を引く。」を持つアーティファクトである。）", "type": "インスタント"}, {"flavorText": "「不过是一系列的杂乱景象：秘石，大海，沉船杂物。」", "identifiers": {"multiverseId": "595993", "scryfallId": "b9f08c05-2e95-4dfd-ba3c-d88567016663"}, "language": "Chinese Simplified", "multiverseId": 595993, "name": "杰斯的洞察", "text": "目标生物得-4/-0直到回合结束。\n探查。（派出一个线索衍生物。它是具有「{2}，牺牲此神器：抓一张牌」的神器。）", "type": "瞬间"}], "frameVersion": "2015", "hasFoil": false, "hasNonFoil": true, "identifiers": {"cardsphereId": "97267", "mcmId": "686548", "mcmMetaId": "222180", "mtgjsonV4Id": "6c495928-6a82-5036-ab45-75113637d2d5", "multiverseId": "595129", "scryfallCardBackId": "0aeebaf5-8c7d-4636-9e82-8c27447861f7", "scryfallId": "a7e8e533-350b-4558-98d3-b7fcab3770f5", "scryfallIllustrationId": "ae0b5940-cf0c-4324-970a-2e013d14305b", "scryfallOracleId": "8578c462-7b2d-4b69-ad10-a2eab44ac98d", "tcgplayerProductId": "455132"}, "isFoil": false, "isReprint": true, "keywords": ["Investigate"], "language": "English", "layout": "normal", "legalities": {"brawl": "Legal", "commander": "Legal", "duel": "Legal", "explorer": "Legal", "gladiator": "Legal", "historic": "Legal", "legacy": "Legal", "modern": "Legal", "oathbreaker": "Legal", "pauper": "Legal", "paupercommander": "Legal", "penny": "Legal", "pioneer": "Legal", "timeless": "Legal", "vintage": "Legal"}, "manaCost": "{1}{U}", "manaValue": 2.0, "name": "Jace's Scrutiny", "number": "311", "originalText": "Target creature gets -4/-0 until end of turn.\nInvestigate. (Create a Clue token. It's an artifact with \"{2}, Sacrifice this artifact: Draw a card.\")", "originalType": "Instant", "printings": ["J22", "SIR", "SOI"], "purchaseUrls": {"cardmarket": "https://mtgjson.com/links/d12677cdc29f4a93", "tcgplayer": "https://mtgjson.com/links/f6af3f97346b21da"}, "rarity": "common", "rulings": [{"date": "2016-04-08", "text": "If you sacrifice a Clue for another card's cost or effect, such as that of Angelic Purge or Tamiyo's Journal, you can't also pay {2} and sacrifice it to draw a card."}, {"date": "2016-04-08", "text": "The token is named Clue Token and has the artifact subtype Clue. Clue isn't a creature type."}, {"date": "2016-04-08", "text": "The tokens are normal artifacts. For example, they can be sacrificed to cast Angelic Purge or targeted by Root Out."}, {"date": "2016-04-08", "text": "You can't cast a spell without choosing legal targets. If all of those targets become illegal, the spell doesn't resolve and you won't investigate."}], "setCode": "J22", "sourceProducts": {"nonfoil": ["31fd15cb-48ac-52b8-8f3c-84968a601869"]}, "subtypes": [], "supertypes": [], "text": "Target creature gets -4/-0 until end of turn.\nInvestigate. (Create a Clue token. It's an artifact with \"{2}, Sacrifice this artifact: Draw a card.\")", "type": "Instant", "types": ["Instant"], "uuid": "aecd6a26-7a82-5658-b8d3-a41d22e7cdaa"}, {"artist": "Samuel Perin", "artistIds": ["1037066e-f63a-42dc-9850-9d14b6cfe436"], "availability": ["paper"], "boosterTypes": ["default"], "borderColor": "black", "colorIdentity": ["U"], "colors": ["U"], "convertedManaCost": 4.0, "count": 1, "edhrecRank": 14869, "edhrecSaltiness": 0.28, "finishes": ["nonfoil"], "foreignData": [{"identifiers": {"multiverseId": "589616", "scryfallId": "81b7f704-7ef5-408c-941c-9893b56c8d90"}, "language": "German", "multiverseId": 589616, "name": "Informatorische Befragung", "text": "Verzaubert eine Kreatur oder einen Planeswalker\nWenn die Informatorische Befragung ins Spiel kommt, tappe die verzauberte bleibende Karte und stelle Nachforschungen an. (Erzeuge einen Hinweis-Spielstein. Er ist ein Artefakt mit „{2}, opfere dieses Artefakt: Ziehe eine Karte.\")\nDie verzauberte bleibende Karte enttappt nicht während des Enttappsegments ihres Beherrschers, und ihre aktivierten Fähigkeiten können nicht aktiviert werden.", "type": "Verzauberung — Aura"}, {"identifiers": {"multiverseId": "589667", "scryfallId": "0c332f98-e0b6-4a4e-a367-83230dd765cb"}, "language": "Spanish", "multiverseId": 589667, "name": "Someter a interrogatorio", "text": "Encantar criatura o planeswalker.\nCuando Someter a interrogatorio entre al campo de batalla, gira el permanente encantado e investiga. (Crea una ficha de Pista. Es un artefacto con \"{2}, sacrificar este artefacto: Roba una carta\".)\nEl permanente encantado no se endereza durante el paso de enderezar de su controlador y no pueden activarse sus habilidades activadas.", "type": "Encantamiento — Aura"}, {"identifiers": {"multiverseId": "589718", "scryfallId": "606b4ada-508c-47fd-9fb6-ad7525900ec8"}, "language": "French", "multiverseId": 589718, "name": "Interrogatoire", "text": "Enchanter : créature ou planeswalker\nQuand l'Interrogatoire arrive sur le champ de bataille, engagez le permanent enchanté et enquêtez. (Créez un jeton Indice. C'est un artefact avec « {2}, sacrifiez cet artefact : Piochez une carte. »)\nLe permanent enchanté ne se dégage pas pendant l'étape de dégagement de son contrôleur et ses capacités activées ne peuvent pas être activées.", "type": "Enchantement : aura"}, {"identifiers": {"multiverseId": "589769", "scryfallId": "39dd4eb1-cec2-4cbc-a14e-5a7156eb5dfc"}, "language": "Italian", "multiverseId": 589769, "name": "Sottoporre a Interrogatorio", "text": "Incanta creatura o planeswalker\nQuando Sottoporre a Interrogatorio entra nel campo di battaglia, TAPpa il permanente incantato e indaga. (Crea una pedina Indizio. È un artefatto con \"{2}, Sacrifica questo artefatto: Pesca una carta\".)\nIl permanente incantato non STAPpa durante lo STAP del suo controllore e le sue abilità attivate non possono essere attivate.", "type": "Incantesimo — Aura"}, {"identifiers": {"multiverseId": "589820", "scryfallId": "bdcb41f2-842d-4202-acce-b5e87addec8f"}, "language": "Japanese", "multiverseId": 589820, "name": "尋問の引き留め", "text": "エンチャント（クリーチャーやプレインズウォーカー）\n尋問の引き留めが戦場に出たとき、エンチャントしているパーマネントをタップし、調査を行う。（手掛かり・トークン１つを生成する。（それは、「{2},このアーティファクトを生け贄に捧げる：カード１枚を引く。」を持つアーティファクトである。）\nエンチャントしているパーマネントはコントローラーのアンタップ・ステップにアンタップせず、それの起動型能力は起動できない。", "type": "エンチャント — オーラ"}, {"identifiers": {"multiverseId": "589973", "scryfallId": "a5ab7b20-60ff-4cb5-bfac-355cb326aa2a"}, "language": "Chinese Simplified", "multiverseId": 589973, "name": "扣押讯问", "text": "结附于生物或鹏洛客\n当扣押讯问进战场时，横置所结附的永久物并探查。（派出一个线索衍生物。它是具有「{2}，牺牲此神器：抓一张牌」的神器。）\n所结附的永久物于其操控者的重置步骤中不能重置，且其起动式异能都不能起动。", "type": "结界 ～灵气"}], "frameVersion": "2015", "hasFoil": false, "hasNonFoil": true, "identifiers": {"cardsphereId": "96786", "mcmId": "686363", "mcmMetaId": "414697", "mtgjsonV4Id": "7c7089cd-3973-5a64-97c8-aad99d7e3b57", "multiverseId": "589565", "scryfallCardBackId": "0aeebaf5-8c7d-4636-9e82-8c27447861f7", "scryfallId": "74004b11-53dc-475c-8d29-cf52403456cf", "scryfallIllustrationId": "83b1ed17-7104-43c6-8ec9-62b1b40e2bac", "scryfallOracleId": "1095fcd9-8127-4345-9052-fccb350296d3", "tcgplayerProductId": "454884"}, "isFoil": false, "keywords": ["Enchant", "Investigate"], "language": "English", "layout": "normal", "legalities": {"commander": "Legal", "duel": "Legal", "legacy": "Legal", "oathbreaker": "Legal", "vintage": "Legal"}, "manaCost": "{3}{U}", "manaValue": 4.0, "name": "Hold for Questioning", "number": "11", "originalText": "Enchant creature or planeswalker\nWhen Hold for Questioning enters the battlefield, tap enchanted permanent and investigate. (Create a Clue token. It's an artifact with \"{2}, Sacrifice this artifact: Draw a card.\")\nEnchanted permanent doesn't untap during its controller's untap step and its activated abilities can't be activated.", "originalType": "Enchantment — Aura", "printings": ["J22"], "purchaseUrls": {"cardmarket": "https://mtgjson.com/links/14d9140596fac1fd", "tcgplayer": "https://mtgjson.com/links/9934e13dbad3882e"}, "rarity": "uncommon", "rulings": [{"date": "2022-12-02", "text": "Activated abilities contain a colon. They're generally written \"[Cost]: [Effect].\" Some keywords are activated abilities and will have colons in their reminder text."}, {"date": "2022-12-02", "text": "Loyalty abilities are a type of activated ability, so Hold for Questioning will prevent an enchanted planeswalker's loyalty abilities being activated."}, {"date": "2022-12-02", "text": "Static and triggered abilities are unaffected by Hold for Questioning."}, {"date": "2022-12-02", "text": "The permanent can be untapped by other spells and abilities."}, {"date": "2022-12-02", "text": "You can enchant a permanent that is already tapped with Hold for Questioning. If you do, it doesn't become tapped again, but you will still investigate."}], "setCode": "J22", "sourceProducts": {"nonfoil": ["31fd15cb-48ac-52b8-8f3c-84968a601869"]}, "subtypes": ["Aura"], "supertypes": [], "text": "Enchant creature or planeswalker\nWhen Hold for Questioning enters, tap enchanted permanent and investigate. (Create a Clue token. It's an artifact with \"{2}, Sacrifice this artifact: Draw a card.\")\nEnchanted permanent doesn't untap during its controller's untap step and its activated abilities can't be activated.", "type": "Enchantment — Aura", "types": ["Enchantment"], "uuid": "7fd51d5c-5912-5c2d-844e-4417c6ff4d8c"}, {"artist": "Donato Giancola", "artistIds": ["90332db2-aecb-4d79-917b-95cbeb8d0cb6"], "availability": ["paper"], "boosterTypes": ["default"], "borderColor": "black", "colorIdentity": [], "colors": [], "convertedManaCost": 4.0, "count": 1, "edhrecRank": 1519, "edhrecSaltiness": 1.35, "finishes": ["nonfoil"], "foreignData": [{"identifiers": {"multiverseId": "596305", "scryfallId": "314899dc-0053-4127-beb7-901edf0df5dd"}, "language": "German", "multiverseId": 596305, "name": "Teferis Rätselkiste", "text": "Zu Beginn des Ziehsegments jedes Spielers legt der Spieler alle Karten auf seiner Hand in beliebiger Reihenfolge unter seine Bibliothek und zieht dann entsprechend viele Karten. (Der Spieler zieht vorher die Karte für seinen Zug.)", "type": "Artefakt"}, {"identifiers": {"multiverseId": "596392", "scryfallId": "7bdac020-1841-4e48-b17e-63ce6ebad761"}, "language": "Spanish", "multiverseId": 596392, "name": "Rompecabezas de Teferi", "text": "Al comienzo del paso de robar de cada jugador, ese jugador pone las cartas en su mano en el fondo de su biblioteca en cualquier orden y luego roba esa misma cantidad de cartas. (Ese jugador roba primero la carta que le corresponde de ese turno.)", "type": "Artefacto"}, {"identifiers": {"multiverseId": "596479", "scryfallId": "97402d53-6686-4d27-be28-59b46650d1aa"}, "language": "French", "multiverseId": 596479, "name": "Boîte à mystère de Téfeiri", "text": "Au début de l'étape de pioche de chaque joueur, ce joueur met les cartes de sa main au-dessous de sa bibliothèque dans l'ordre de son choix, puis pioche autant de cartes. (Ce joueur pioche cependant d'abord sa carte pour ce tour.)", "type": "Artefact"}, {"identifiers": {"multiverseId": "596566", "scryfallId": "5be77aa6-7ca5-46d8-b5c5-f29fd7dd3d77"}, "language": "Italian", "multiverseId": 596566, "name": "Scatola degli Enigmi di Teferi", "text": "All'inizio dell'acquisizione di ogni giocatore, quel giocatore mette le carte della sua mano in fondo al suo grimorio in qualsiasi ordine, poi pesca altrettante carte. (Quel giocatore pesca prima la sua carta per il turno.)", "type": "Artefatto"}, {"identifiers": {"multiverseId": "596653", "scryfallId": "0991dbfa-be46-44fc-bef2-94b65d92b9e5"}, "language": "Japanese", "multiverseId": 596653, "name": "テフェリーの細工箱", "text": "各プレイヤーのドロー・ステップの開始時に、そのプレイヤーは自分の手札にあるすべてのカードを自分のライブラリーの一番下に望む順番で置く。その後、同じ枚数のカードを引く。（まず、そのプレイヤーはそのターンのドローを行う。）", "type": "アーティファクト"}, {"identifiers": {"multiverseId": "596914", "scryfallId": "200c6b49-d417-4a6f-94ba-55c89586aea2"}, "language": "Chinese Simplified", "multiverseId": 596914, "name": "泰菲力的魔术方块", "text": "在每位牌手的抓牌步骤开始时，该牌手将其手牌以任意顺序置于其牌库底，然后抓等量的牌。（该牌手先抓该回合要抓的牌。）", "type": "神器"}], "frameVersion": "2015", "hasFoil": false, "hasNonFoil": true, "identifiers": {"cardsphereId": "96956", "mcmId": "686617", "mcmMetaId": "5847", "mtgjsonV4Id": "d9ad17d3-389c-5050-8974-26f1ed68f6d9", "multiverseId": "596218", "scryfallCardBackId": "0aeebaf5-8c7d-4636-9e82-8c27447861f7", "scryfallId": "6a7c98eb-3b75-43c3-843c-25fb93c1b8af", "scryfallIllustrationId": "88a720bb-30a7-471b-ab51-5ef5bc5c6b88", "scryfallOracleId": "37abcc92-9466-47ea-9e0b-5eda2eb62c8e", "tcgplayerProductId": "455194"}, "isFoil": false, "isReprint": true, "language": "English", "layout": "normal", "legalities": {"commander": "Legal", "duel": "Legal", "legacy": "Legal", "modern": "Legal", "oathbreaker": "Legal", "penny": "Legal", "predh": "Legal", "premodern": "Legal", "vintage": "Legal"}, "manaCost": "{4}", "manaValue": 4.0, "name": "Teferi's Puzzle Box", "number": "801", "originalText": "At the beginning of each player's draw step, that player puts the cards in their hand on the bottom of their library in any order, then draws that many cards. (That player draws their card for the turn first.)", "originalType": "Artifact", "printings": ["6ED", "7ED", "8ED", "9ED", "J22", "PLST", "SLD", "VIS"], "purchaseUrls": {"cardmarket": "https://mtgjson.com/links/aacc6d839dfbeb3f", "tcgplayer": "https://mtgjson.com/links/0870be95526d8496"}, "rarity": "rare", "rulings": [{"date": "2004-10-04", "text": "If you have more than one of these, each effect triggers separately."}, {"date": "2004-10-04", "text": "You do your normal draw before this ability is put on the stack."}], "securityStamp": "oval", "setCode": "J22", "sourceProducts": {"nonfoil": ["31fd15cb-48ac-52b8-8f3c-84968a601869"]}, "subtypes": [], "supertypes": [], "text": "At the beginning of each player's draw step, that player puts the cards in their hand on the bottom of their library in any order, then draws that many cards.", "type": "Artifact", "types": ["Artifact"], "uuid": "b460f622-17fc-51ad-a618-16336b91877a"}, {"artist": "Yukihiro Maruo", "artistIds": ["3b702975-e3c9-46ec-872d-1e4b3e63d834"], "availability": ["paper"], "boosterTypes": ["default"], "borderColor": "black", "colorIdentity": [], "colors": [], "convertedManaCost": 3.0, "count": 1, "edhrecRank": 7632, "finishes": ["nonfoil"], "flavorText": "Palmistry is much more effective when you read the fine print.", "foreignData": [{"flavorText": "Handlesen ist viel effektiver, wenn man das Kleingedruckte liest.", "identifiers": {"multiverseId": "597124", "scryfallId": "eecc5d91-a0a5-44f0-b3ea-5ea7d3fd75ef"}, "language": "German", "multiverseId": 597124, "name": "Vergrößerungsglas", "text": "{T}: Erzeuge {C}.\n{4}, {T}: Stelle Nachforschungen an. (Erzeuge einen Hinweis-Spielstein. Er ist ein Artefakt mit „{2}, opfere dieses Artefakt: Ziehe eine Karte.\")", "type": "Artefakt"}, {"flavorText": "La quiromancia es mucho más efectiva cuando lees la huella pequeña.", "identifiers": {"multiverseId": "597170", "scryfallId": "8329d9e7-145e-4323-bf74-84b75f7bb25b"}, "language": "Spanish", "multiverseId": 597170, "name": "Lente de aumento", "text": "{T}: Agrega {C}.\n{4}, {T}: Investiga. (Crea una ficha de Pista. Es un artefacto con \"{2}, sacrificar este artefacto: Roba una carta\".)", "type": "Artefacto"}, {"flavorText": "La chiromancie est bien plus précise quand on lit bien tous les détails.", "identifiers": {"multiverseId": "597216", "scryfallId": "d9addcfe-a607-4ffd-b70e-a9054bd21f07"}, "language": "French", "multiverseId": 597216, "name": "Loupe", "text": "{T} : Ajoutez {C}.\n{4}, {T} : Enquêtez. (Créez un jeton Indice. C'est un artefact avec « {2}, sacrifiez cet artefact : Piochez une carte. »)", "type": "Artefact"}, {"flavorText": "La chiromanzia è molto più efficace se riesci a leggere le clausole in piccolo.", "identifiers": {"multiverseId": "597262", "scryfallId": "8ca03d31-02fe-414a-ac7a-cf2d25237ab4"}, "language": "Italian", "multiverseId": 597262, "name": "Lente d'Ingrandimento", "text": "{T}: Aggiungi {C}.\n{4}, {T}: Indaga. (Crea una pedina Indizio. È un artefatto con \"{2}, Sacrifica questo artefatto: Pesca una carta\".)", "type": "Artefatto"}, {"flavorText": "手相占いは細部まで読めた方がより有効だ。", "identifiers": {"multiverseId": "597308", "scryfallId": "093a2f48-83ec-4920-a5ab-f819b998aad3"}, "language": "Japanese", "multiverseId": 597308, "name": "拡大鏡", "text": "{T}：{C}を加える。\n{4},{T}：調査を行う。（手掛かり・トークン１つを生成する。（それは、「{2},このアーティファクトを生け贄に捧げる：カード１枚を引く。」を持つアーティファクトである。）", "type": "アーティファクト"}, {"flavorText": "看手相与读细则一样要盯个明白。", "identifiers": {"multiverseId": "597446", "scryfallId": "f4cb1a48-14e0-4c0b-82e4-b3cfffb8a4ae"}, "language": "Chinese Simplified", "multiverseId": 597446, "name": "放大镜", "text": "{T}：加{C}。\n{4}，{T}：探查。（派出一个线索衍生物。它是具有「{2}，牺牲此神器：抓一张牌」的神器。）", "type": "神器"}], "frameVersion": "2015", "hasFoil": false, "hasNonFoil": true, "identifiers": {"cardsphereId": "96799", "mcmId": "686373", "mcmMetaId": "222111", "mtgjsonV4Id": "fda64365-fb90-5478-96b7-a9eaeb56937b", "multiverseId": "597078", "scryfallCardBackId": "0aeebaf5-8c7d-4636-9e82-8c27447861f7", "scryfallId": "5db997a7-d54c-4821-9e9f-56292f9e7e5a", "scryfallIllustrationId": "d971a08b-f196-4bdb-b8fb-656e76704c71", "scryfallOracleId": "f2ce9e55-07c0-4f36-a59e-127693fc0f62", "tcgplayerProductId": "454886"}, "isFoil": false, "isReprint": true, "keywords": ["Investigate"], "language": "English", "layout": "normal", "legalities": {"alchemy": "Legal", "brawl": "Legal", "commander": "Legal", "duel": "Legal", "explorer": "Legal", "future": "Legal", "gladiator": "Legal", "historic": "Legal", "legacy": "Legal", "modern": "Legal", "oathbreaker": "Legal", "pauper": "Legal", "paupercommander": "Legal", "penny": "Legal", "pioneer": "Legal", "standard": "Legal", "standardbrawl": "Legal", "timeless": "Legal", "vintage": "Legal"}, "manaCost": "{3}", "manaValue": 3.0, "name": "Magnifying Glass", "number": "95", "originalText": "{T}: Add {C}.\n{4}, {T}: Investigate. (Create a Clue token. It's an artifact with \"{2}, Sacrifice this artifact: Draw a card.\")", "originalType": "Artifact", "printings": ["2XM", "C18", "J22", "MKM", "SIR", "SOI"], "purchaseUrls": {"cardmarket": "https://mtgjson.com/links/fb0b138dc4140d64", "tcgplayer": "https://mtgjson.com/links/9496d823a57bfba3"}, "rarity": "uncommon", "rulings": [{"date": "2016-04-08", "text": "If you sacrifice a Clue for another card's cost or effect, such as that of Angelic Purge or Tamiyo's Journal, you can't also pay {2} and sacrifice it to draw a card."}, {"date": "2016-04-08", "text": "The token is named Clue Token and has the artifact subtype Clue. Clue isn't a creature type."}, {"date": "2016-04-08", "text": "The tokens are normal artifacts. For example, they can be sacrificed to cast Angelic Purge or targeted by Root Out."}], "setCode": "J22", "sourceProducts": {"nonfoil": ["31fd15cb-48ac-52b8-8f3c-84968a601869"]}, "subtypes": [], "supertypes": [], "text": "{T}: Add {C}.\n{4}, {T}: Investigate. (Create a Clue token. It's an artifact with \"{2}, Sacrifice this artifact: Draw a card.\")", "type": "Artifact", "types": ["Artifact"], "uuid": "7d41aef0-fdc0-5404-a0b2-8d83e9b0b9bd"}, {"artist": "Jonas De Ro", "artistIds": ["561ebf9e-8d93-4b57-8156-8826d0c19601"], "availability": ["paper"], "boosterTypes": ["default"], "borderColor": "black", "colorIdentity": ["U"], "colors": [], "convertedManaCost": 0.0, "count": 1, "edhrecRank": 1294, "edhrecSaltiness": 0.05, "finishes": ["nonfoil"], "flavorText": "All the wonders of the natural world in one breathtaking microcosm.", "foreignData": [{"flavorText": "Alle Wunder der natürlichen Welt in einem einzigen atemberaubenden Mikrokosmos.", "identifiers": {"multiverseId": "596329", "scryfallId": "af1481ac-7724-428f-864d-fa48c7892436"}, "language": "German", "multiverseId": 596329, "name": "Gedeihende Insel", "text": "Die Gedeihende Insel kommt getappt ins Spiel.\nSowie die Gedeihende Insel ins Spiel kommt, bestimme eine Farbe außer Blau.\n{T}: Erzeuge {U} oder ein Mana der bestimmten Farbe.", "type": "Land"}, {"flavorText": "Todas las maravillas del mundo natural en un microcosmos asombroso.", "identifiers": {"multiverseId": "596416", "scryfallId": "8f5e4239-6951-4856-a673-914bf9028735"}, "language": "Spanish", "multiverseId": 596416, "name": "Islote floreciente", "text": "El Islote floreciente entra al campo de batalla girada.\nEn cuanto el Islote floreciente entre al campo de batalla, elige un color que no sea azul.\n{T}: Agrega {U} o un maná del color elegido.", "type": "Tierra"}, {"flavorText": "Toutes les merveilles de la nature dans un microcosme à couper le souffle.", "identifiers": {"multiverseId": "596503", "scryfallId": "5d99d2fe-531b-4cff-83b6-865579ac69c6"}, "language": "French", "multiverseId": 596503, "name": "Île prospère", "text": "L'Île prospère arrive sur le champ de bataille engagée.\nAu moment où l'Île prospère arrive sur le champ de bataille, choisissez une couleur autre que le bleu.\n{T} : Ajoutez {U} ou un mana de la couleur choisie.", "type": "Terrain"}, {"flavorText": "Tutte le meraviglie della natura in un microcosmo mozzafiato.", "identifiers": {"multiverseId": "596590", "scryfallId": "e34973c5-77e6-4ca5-8a7f-940448e0340d"}, "language": "Italian", "multiverseId": 596590, "name": "Isola Florida", "text": "L'Isola Florida entra nel campo di battaglia TAPpata.\nMentre l'Isola Florida entra nel campo di battaglia, scegli un colore diverso dal blu.\n{T}: Aggiungi {U} o un mana del colore scelto.", "type": "Terra"}, {"flavorText": "自然界のあらゆる驚異がこの美しく小さな世界に詰まっている。", "identifiers": {"multiverseId": "596677", "scryfallId": "d9028b06-83bf-49f7-a511-7604f3620d70"}, "language": "Japanese", "multiverseId": 596677, "name": "興隆する島嶼", "text": "興隆する島嶼はタップ状態で戦場に出る。\n興隆する島嶼が戦場に出るに際し、青でない色１色を選ぶ。\n{T}：{U}か、その選ばれた色のマナ１点を加える。", "type": "土地"}, {"flavorText": "于精妙微观世界中，尽览自然伟大奇迹。", "identifiers": {"multiverseId": "596938", "scryfallId": "12468397-9aea-4935-8c32-54f1295cb150"}, "language": "Chinese Simplified", "multiverseId": 596938, "name": "兴旺岛屿", "text": "兴旺岛屿须横置进战场。\n于兴旺岛屿进战场时，选择一种蓝色以外的颜色。\n{T}：加{U}或一点所选颜色的法术力。", "type": "地"}], "frameVersion": "2015", "hasFoil": false, "hasNonFoil": true, "identifiers": {"cardsphereId": "96779", "mcmId": "687387", "mcmMetaId": "308459", "mtgjsonV4Id": "628f7226-4fb3-5cba-8007-c8325a81feb0", "multiverseId": "596242", "scryfallCardBackId": "0aeebaf5-8c7d-4636-9e82-8c27447861f7", "scryfallId": "464168e8-e11f-4826-a709-bf1e725ef62b", "scryfallIllustrationId": "b38a6a8c-34b7-4a16-97f7-0af9f5a7ca4c", "scryfallOracleId": "69fc70b8-b143-4662-ac95-e2743037239d", "tcgplayerProductId": "454842"}, "isFoil": false, "isReprint": true, "language": "English", "layout": "normal", "legalities": {"brawl": "Legal", "commander": "Legal", "duel": "Legal", "gladiator": "Legal", "historic": "Legal", "legacy": "Legal", "oathbreaker": "Legal", "pauper": "Legal", "paupercommander": "Legal", "timeless": "Legal", "vintage": "Legal"}, "manaValue": 0.0, "name": "Thriving Isle", "number": "825", "originalText": "Thriving Isle enters the battlefield tapped.\nAs Thriving Isle enters the battlefield, choose a color other than blue.\n{T}: Add {U} or one mana of the chosen color.", "originalType": "Land", "printings": ["AFC", "BLC", "CLU", "CMM", "J22", "JMP", "LCC", "MOC", "NCC", "WHO"], "purchaseUrls": {"cardmarket": "https://mtgjson.com/links/e2599fafd6b16854", "tcgplayer": "https://mtgjson.com/links/44236a94d6cd4e76"}, "rarity": "common", "setCode": "J22", "sourceProducts": {"nonfoil": ["31fd15cb-48ac-52b8-8f3c-84968a601869"]}, "subtypes": [], "supertypes": [], "text": "Thriving Isle enters tapped. As it enters, choose a color other than blue.\n{T}: Add {U} or one mana of the chosen color.", "type": "Land", "types": ["Land"], "uuid": "52c3e9b6-7653-5c90-9796-c3838f55dd98"}, {"artist": "Cliff Childs", "artistIds": ["ed6f7e03-20ba-4c73-bdda-4a4928480721"], "availability": ["paper"], "boosterTypes": ["default"], "borderColor": "black", "colorIdentity": ["U"], "colors": [], "convertedManaCost": 0.0, "count": 7, "edhrecSaltiness": 0.76, "finishes": ["nonfoil"], "foreignData": [{"identifiers": {"multiverseId": "597763", "scryfallId": "640d8304-2020-4b8f-a0f4-6479a85e4440"}, "language": "German", "multiverseId": 597763, "name": "Insel", "type": "Standardland — Insel"}, {"identifiers": {"multiverseId": "597778", "scryfallId": "65e3d302-c959-49ff-a82a-4124e875bbc3"}, "language": "Spanish", "multiverseId": 597778, "name": "Isla", "type": "Tierra básica — Isla"}, {"identifiers": {"multiverseId": "597793", "scryfallId": "bb5dfa8e-7792-47b2-a8da-72514c51e537"}, "language": "French", "multiverseId": 597793, "name": "Île", "type": "Terrain de base : île"}, {"identifiers": {"multiverseId": "597808", "scryfallId": "a4ce59dd-50a2-4759-9c14-751e6461d45e"}, "language": "Italian", "multiverseId": 597808, "name": "Isola", "type": "Terra Base — Isola"}, {"identifiers": {"multiverseId": "597823", "scryfallId": "62c2d14a-ee13-488e-b4c0-6bc1ac5bd4c9"}, "language": "Japanese", "multiverseId": 597823, "name": "島", "type": "基本土地 — 島"}, {"identifiers": {"multiverseId": "597868", "scryfallId": "9227c574-95ff-4949-b1c5-dabc0a6ea0ed"}, "language": "Chinese Simplified", "multiverseId": 597868, "name": "海岛", "type": "基本地 ～海岛"}], "frameVersion": "2015", "hasFoil": false, "hasNonFoil": true, "identifiers": {"cardsphereId": "96732", "mtgjsonV4Id": "202ef466-a412-5e98-888e-d007dc4b45c2", "multiverseId": "597748", "scryfallCardBackId": "0aeebaf5-8c7d-4636-9e82-8c27447861f7", "scryfallId": "b0559d67-e151-4c6b-b8eb-5e9b5603f487", "scryfallIllustrationId": "f94f3c60-557c-48fa-919b-28ccd25e0251", "scryfallOracleId": "b2c6aa39-2d2a-459c-a555-fb48ba993373", "tcgplayerProductId": "454838"}, "isFoil": false, "isReprint": true, "language": "English", "layout": "normal", "legalities": {"alchemy": "Legal", "brawl": "Legal", "commander": "Legal", "duel": "Legal", "explorer": "Legal", "future": "Legal", "gladiator": "Legal", "historic": "Legal", "legacy": "Legal", "modern": "Legal", "oathbreaker": "Legal", "pauper": "Legal", "paupercommander": "Legal", "penny": "Legal", "pioneer": "Legal", "predh": "Legal", "premodern": "Legal", "standard": "Legal", "standardbrawl": "Legal", "timeless": "Legal", "vintage": "Legal"}, "manaValue": 0.0, "name": "Island", "number": "101", "originalType": "Basic Land — Island", "printings": ["10E", "2ED", "2XM", "30A", "3ED", "40K", "4BB", "4ED", "5ED", "6ED", "7ED", "8ED", "9ED", "ACR", "AFR", "AKH", "AKR", "ALA", "ANA", "ANB", "ARC", "AVR", "BBD", "BFZ", "BLB", "BRB", "BRC", "BRO", "BTD", "C13", "C14", "C15", "C16", "C17", "C18", "C19", "CED", "CEI", "CHK", "CLB", "CLU", "CM2", "CMA", "CMD", "CMM", "CMR", "CST", "DD2", "DDE", "DDF", "DDH", "DDI", "DDJ", "DDM", "DDN", "DDO", "DDQ", "DDS", "DDT", "DDU", "DMR", "DMU", "DOM", "DPA", "DSK", "DTK", "E01", "ELD", "FBB", "FRF", "G17", "GK1", "GK2", "GN2", "GN3", "GNT", "GRN", "GS1", "H09", "HBG", "HOP", "HOU", "ICE", "IKO", "INV", "ISD", "ITP", "J14", "J22", "JMP", "JVC", "KHM", "KLD", "KLR", "KTK", "LCI", "LEA", "LEB", "LRW", "LTR", "M10", "M11", "M12", "M13", "M14", "M15", "M19", "M20", "M21", "MBS", "ME1", "ME3", "MH2", "MH3", "MID", "MIR", "MKM", "MMQ", "MOM", "MRD", "NEO", "NPH", "ODY", "OLEP", "ONE", "ONS", "ORI", "OTJ", "P02", "P23", "PAL00", "PAL01", "PAL02", "PAL03", "PAL04", "PAL05", "PAL06", "PAL99", "PALP", "PANA", "PARL", "PC2", "PCA", "PELP", "PF19", "PF20", "PGPX", "PGRU", "PIP", "PLST", "PMPS", "PMPS06", "PMPS07", "PMPS08", "PMPS09", "PMPS10", "PMPS11", "POR", "PPP1", "PRM", "PRW2", "PRWK", "PS11", "PSAL", "PSS2", "PSS3", "PSS4", "PTC", "PTK", "PZ2", "RAV", "REX", "RIX", "RNA", "ROE", "RQS", "RTR", "S99", "SCD", "SHM", "SIR", "SLD", "SNC", "SOI", "SOM", "STX", "SUM", "TD0", "TD2", "THB", "THS", "TMP", "TPR", "TSP", "UGL", "UND", "UNF", "UNH", "USG", "UST", "VOW", "WAR", "WC00", "WC01", "WC02", "WC03", "WC04", "WC97", "WC98", "WHO", "WOE", "XANA", "XLN", "ZEN", "ZNR"], "purchaseUrls": {"tcgplayer": "https://mtgjson.com/links/4fe28b434034ba2e"}, "rarity": "common", "setCode": "J22", "sourceProducts": {"nonfoil": ["31fd15cb-48ac-52b8-8f3c-84968a601869"]}, "subtypes": ["Island"], "supertypes": ["Basic"], "text": "({T}: Add {U}.)", "type": "Basic Land — Island", "types": ["Land"], "uuid": "be47edd4-58d7-5216-9ab3-541c33934457", "variations": ["078dbb69-e17b-5d0a-967e-887d605796da", "6b885758-9973-5e10-8113-89e02702cfa7"]}], "name": "Detective 2", "releaseDate": "2022-12-02", "sealedProductUuids": null, "sideBoard": [], "type": "Jumpstart"}}