{"meta": {"date": "2024-09-03", "version": "5.2.2+20240903"}, "data": {"code": "JMP", "commander": [], "mainBoard": [{"artist": "Karl Kopinski", "artistIds": ["0fad2c48-a56e-4a0b-b512-224f6f238f20"], "availability": ["arena", "paper"], "boosterTypes": ["default"], "borderColor": "black", "colorIdentity": ["B"], "colors": ["B"], "convertedManaCost": 4.0, "count": 1, "edhrecRank": 7342, "edhrecSaltiness": 0.14, "finishes": ["nonfoil"], "foreignData": [], "frameVersion": "2015", "hasFoil": false, "hasNonFoil": true, "identifiers": {"cardsphereId": "68371", "mcmId": "473394", "mcmMetaId": "208143", "mtgArenaId": "72313", "mtgjsonV4Id": "7964ab31-913e-5149-be75-025f8583fc75", "multiverseId": "489257", "scryfallCardBackId": "0aeebaf5-8c7d-4636-9e82-8c27447861f7", "scryfallId": "fa9396f3-a93c-47ee-91da-78af864c86c3", "scryfallIllustrationId": "69816246-d329-4f60-aedf-ae9e932e8974", "scryfallOracleId": "97332d4e-a55c-4e4f-9040-bf426a7c8e39", "tcgplayerProductId": "216439"}, "isFoil": false, "isReprint": true, "keywords": ["Deathtouch"], "language": "English", "layout": "normal", "legalities": {"brawl": "Legal", "commander": "Legal", "duel": "Legal", "explorer": "Legal", "gladiator": "Legal", "historic": "Legal", "legacy": "Legal", "modern": "Legal", "oathbreaker": "Legal", "penny": "Legal", "pioneer": "Legal", "timeless": "Legal", "vintage": "Legal"}, "manaCost": "{2}{B}{B}", "manaValue": 4.0, "name": "Liliana's Reaver", "number": "251", "power": "4", "printings": ["C14", "JMP", "M14"], "purchaseUrls": {"cardmarket": "https://mtgjson.com/links/117ce0c3c32057b8", "tcgplayer": "https://mtgjson.com/links/25237c7edcc23dfd"}, "rarity": "rare", "rulings": [{"date": "2013-07-01", "text": "If the player’s hand is empty when the triggered ability resolves, you’ll still put a Zombie token onto the battlefield."}], "securityStamp": "oval", "setCode": "JMP", "sourceProducts": {"nonfoil": ["ca9092e8-a921-5e37-ab9d-4b0f76bb0d01"]}, "subtypes": ["Zombie"], "supertypes": [], "text": "Deathtouch\nWhenever Liliana's Reaver deals combat damage to a player, that player discards a card and you create a tapped 2/2 black Zombie creature token.", "toughness": "3", "type": "Creature — Zombie", "types": ["Creature"], "uuid": "75c9432e-282c-5008-8689-898c0e34ca41"}, {"artist": "Raymond Swanland", "artistIds": ["e956bacc-077d-4c12-b6bc-ba798b718af9"], "availability": ["arena", "paper"], "boosterTypes": ["default"], "borderColor": "black", "colorIdentity": ["B"], "colors": ["B"], "convertedManaCost": 3.0, "count": 1, "edhrecRank": 16932, "edhrecSaltiness": 0.5, "finishes": ["nonfoil"], "flavorText": "Born of volcanic forces, it thrives on the absolute panic it inspires.", "foreignData": [], "frameVersion": "2015", "hasFoil": false, "hasNonFoil": true, "identifiers": {"cardsphereId": "68327", "mcmId": "472539", "mcmMetaId": "10318", "mtgArenaId": "72321", "mtgjsonV4Id": "e515b36f-8686-5228-8920-6a85a2eb4ebe", "multiverseId": "489265", "scryfallCardBackId": "0aeebaf5-8c7d-4636-9e82-8c27447861f7", "scryfallId": "a9843f26-83ed-4517-8ad6-0e288833d140", "scryfallIllustrationId": "37e178e9-a463-4afc-be18-3ddf98d6ab66", "scryfallOracleId": "3c889b2e-380a-4bc4-8d56-5fb12bc7c78b", "tcgplayerProductId": "215962"}, "isFoil": false, "isReprint": true, "language": "English", "layout": "normal", "legalities": {"brawl": "Legal", "commander": "Legal", "duel": "Legal", "gladiator": "Legal", "historic": "Legal", "legacy": "Legal", "modern": "Legal", "oathbreaker": "Legal", "penny": "Legal", "predh": "Legal", "timeless": "Legal", "vintage": "Legal"}, "manaCost": "{1}{B}{B}", "manaValue": 3.0, "name": "Nyxathid", "number": "259", "power": "7", "printings": ["BBD", "CON", "JMP"], "purchaseUrls": {"cardmarket": "https://mtgjson.com/links/05e25cdb811f9b00", "tcgplayer": "https://mtgjson.com/links/46bfc0bfed081920"}, "rarity": "rare", "rulings": [{"date": "2009-02-01", "text": "If a spell or ability causes the chosen player to draw cards and then discard cards, Nyxathid's power and toughness changes accordingly as that spell or ability is resolving. For example, if the chosen player has five cards in hand and a spell causes that player to draw two cards then discard two cards, Nyxathid will start out as 2/2, then become 1/1, 0/0, and finally 2/2. This is because cards are always drawn one at a time, but multiple cards may be discarded at once. Although Nyxathid momentarily had 0 toughness while that spell was resolving, it isn't put into its owner's graveyard as a state-based action because state-based actions aren't checked until the spell has finished resolving."}, {"date": "2009-02-01", "text": "In a multiplayer game, if the chosen player leaves the game, Nyxathid's second ability simply won't do anything anymore."}, {"date": "2009-02-01", "text": "Nyxathid tracks the hand size of the chosen player even if that player ceases to be an opponent of its controller. (This could happen if that player gains control of Nyxathid, for example.)"}, {"date": "2009-02-01", "text": "Nyxathid's two abilities are linked: The second one refers only to the player chosen by the first one. If another creature becomes a copy of Nyxathid (due to Mirrorweave, for example), the second ability won't do anything because a player was never chosen as a result of the first ability. This is true even if a different ability allowed a player to be chosen as that creature entered."}], "securityStamp": "oval", "setCode": "JMP", "sourceProducts": {"nonfoil": ["ca9092e8-a921-5e37-ab9d-4b0f76bb0d01"]}, "subtypes": ["Elemental"], "supertypes": [], "text": "As Nyxathid enters, choose an opponent.\nNyxathid gets -1/-1 for each card in the chosen player's hand.", "toughness": "7", "type": "Creature — Elemental", "types": ["Creature"], "uuid": "bec37ce6-0bc3-5419-8d36-f5875276e86b"}, {"artist": "Dimitar Marinski", "artistIds": ["ad53afd6-d00f-4bc8-98ec-deab3f6aec50"], "availability": ["arena", "paper"], "boosterTypes": ["default"], "borderColor": "black", "colorIdentity": ["B"], "colors": ["B"], "convertedManaCost": 4.0, "count": 1, "edhrecRank": 4555, "edhrecSaltiness": 0.2, "finishes": ["nonfoil"], "foreignData": [], "frameVersion": "2015", "hasFoil": false, "hasNonFoil": true, "identifiers": {"cardsphereId": "68364", "mcmId": "473409", "mcmMetaId": "263395", "mtgArenaId": "72295", "mtgjsonV4Id": "2e44ba70-f34c-5fa2-950e-58ca2f548af5", "multiverseId": "489239", "scryfallCardBackId": "0aeebaf5-8c7d-4636-9e82-8c27447861f7", "scryfallId": "90c4b3bb-90b1-4241-a9ca-fdd7a0e0f0ac", "scryfallIllustrationId": "124f2131-3520-4390-9d32-9c94f39e2130", "scryfallOracleId": "d655a1c9-b84d-4069-a2ca-3aa0dacab3e1", "tcgplayerProductId": "216199"}, "isFoil": false, "isReprint": true, "keywords": ["Flying"], "language": "English", "layout": "normal", "legalities": {"brawl": "Legal", "commander": "Legal", "duel": "Legal", "explorer": "Legal", "gladiator": "Legal", "historic": "Legal", "legacy": "Legal", "modern": "Legal", "oathbreaker": "Legal", "paupercommander": "Restricted", "pioneer": "Legal", "timeless": "Legal", "vintage": "Legal"}, "manaCost": "{3}{B}", "manaValue": 4.0, "name": "Fell Specter", "number": "233", "power": "1", "printings": ["JMP", "M19", "PLST"], "purchaseUrls": {"cardmarket": "https://mtgjson.com/links/6342dc2f6e4aa330", "tcgplayer": "https://mtgjson.com/links/77f37159ebe4772d"}, "rarity": "uncommon", "setCode": "JMP", "sourceProducts": {"nonfoil": ["ca9092e8-a921-5e37-ab9d-4b0f76bb0d01"]}, "subtypes": ["Specter"], "supertypes": [], "text": "Flying\nWhen Fell Specter enters, target opponent discards a card.\nWhenever an opponent discards a card, that player loses 2 life.", "toughness": "3", "type": "Creature — Specter", "types": ["Creature"], "uuid": "db99bdc7-17f1-5592-9a69-43573caa3728"}, {"artist": "Daarken", "artistIds": ["e607a0d4-fc12-4c01-9e3f-501f5269b9cb"], "availability": ["arena", "paper"], "boosterTypes": ["default"], "borderColor": "black", "colorIdentity": ["B"], "colors": ["B"], "convertedManaCost": 4.0, "count": 1, "edhrecRank": 646, "edhrecSaltiness": 0.37, "finishes": ["nonfoil"], "flavorText": "Opening Orazca unleashed more horrors than just the Immortal Sun.", "foreignData": [], "frameVersion": "2015", "hasFoil": false, "hasNonFoil": true, "identifiers": {"cardsphereId": "68376", "mcmId": "473374", "mcmMetaId": "236109", "mtgArenaId": "72331", "mtgjsonV4Id": "69619c9d-0f70-57af-9044-05bc86e0aae9", "multiverseId": "489275", "scryfallCardBackId": "0aeebaf5-8c7d-4636-9e82-8c27447861f7", "scryfallId": "40d3e58e-f989-4169-9e2c-a66a23170dcf", "scryfallIllustrationId": "0628dbf7-dcab-4c6c-9d6b-ec2842f0096e", "scryfallOracleId": "7b459306-149b-4f43-abc1-2dd70c748c0e", "tcgplayerProductId": "216139"}, "isFoil": false, "isReprint": true, "language": "English", "layout": "normal", "legalities": {"brawl": "Legal", "commander": "Legal", "duel": "Legal", "explorer": "Legal", "gladiator": "Legal", "historic": "Legal", "legacy": "Legal", "modern": "Legal", "oathbreaker": "Legal", "paupercommander": "Restricted", "pioneer": "Legal", "timeless": "Legal", "vintage": "Legal"}, "manaCost": "{2}{B}{B}", "manaValue": 4.0, "name": "Ravenous Chupacabra", "number": "269", "power": "2", "printings": ["A25", "CLB", "GN3", "JMP", "MKC", "PLST", "PW23", "RIX", "SLD"], "purchaseUrls": {"cardmarket": "https://mtgjson.com/links/504e0da193dfef48", "tcgplayer": "https://mtgjson.com/links/6aa3f1f43643d70d"}, "rarity": "uncommon", "setCode": "JMP", "sourceProducts": {"nonfoil": ["ca9092e8-a921-5e37-ab9d-4b0f76bb0d01"]}, "subtypes": ["Beast", "Horror"], "supertypes": [], "text": "When Ravenous Chupacabra enters, destroy target creature an opponent controls.", "toughness": "2", "type": "Creature — Beast Horror", "types": ["Creature"], "uuid": "d0c8027a-46bf-5d58-96bc-97602a2b79bc"}, {"artist": "Svetlin Velinov", "artistIds": ["ffd063ae-c097-4f26-b2e6-b1e2137708bc"], "availability": ["arena", "paper"], "boosterTypes": ["default"], "borderColor": "black", "colorIdentity": ["B"], "colors": ["B"], "convertedManaCost": 4.0, "count": 1, "edhrecRank": 13811, "finishes": ["nonfoil"], "foreignData": [], "frameVersion": "2015", "hasFoil": false, "hasNonFoil": true, "identifiers": {"cardsphereId": "68330", "mcmId": "472544", "mcmMetaId": "202704", "mtgArenaId": "72289", "mtgjsonV4Id": "29dfb885-b8f8-5a19-bea9-ab68c381ff22", "multiverseId": "489233", "scryfallCardBackId": "0aeebaf5-8c7d-4636-9e82-8c27447861f7", "scryfallId": "e39498cd-9b44-4563-b0fd-9258a52a85b2", "scryfallIllustrationId": "c2f0a949-8388-4027-bc52-04d2b99603c0", "scryfallOracleId": "e820296a-81b0-401f-959c-7aed8abefce1", "tcgplayerProductId": "215964"}, "isFoil": false, "isReprint": true, "language": "English", "layout": "normal", "legalities": {"brawl": "Legal", "commander": "Legal", "duel": "Legal", "gladiator": "Legal", "historic": "Legal", "legacy": "Legal", "modern": "Legal", "oathbreaker": "Legal", "paupercommander": "Restricted", "penny": "Legal", "predh": "Legal", "timeless": "Legal", "vintage": "Legal"}, "manaCost": "{2}{B}{B}", "manaValue": 4.0, "name": "Entomber Exarch", "number": "227", "power": "2", "printings": ["JMP", "MM3", "NPH"], "purchaseUrls": {"cardmarket": "https://mtgjson.com/links/ed9b96df938aa9e3", "tcgplayer": "https://mtgjson.com/links/9671738230d4ac2d"}, "rarity": "uncommon", "setCode": "JMP", "sourceProducts": {"nonfoil": ["ca9092e8-a921-5e37-ab9d-4b0f76bb0d01"]}, "subtypes": ["Phyrexian", "Cleric"], "supertypes": [], "text": "When Entomber Exarch enters, choose one —\n• Return target creature card from your graveyard to your hand.\n• Target opponent reveals their hand. You choose a noncreature card from it. That player discards that card.", "toughness": "2", "type": "Creature — Phyrexian Cleric", "types": ["Creature"], "uuid": "b297842d-35dc-5c14-b7d7-e3f261ddbca6"}, {"artist": "Tyler Walpole", "artistIds": ["70c4c8c7-61a8-44e7-8fb1-161b7f943e7e"], "availability": ["arena", "paper"], "boosterTypes": ["default"], "borderColor": "black", "colorIdentity": ["B"], "colors": ["B"], "convertedManaCost": 2.0, "count": 1, "edhrecRank": 2563, "edhrecSaltiness": 0.26, "finishes": ["nonfoil"], "flavorText": "\"Even rats hoard their treasures. Are your precious things so different?\"\n—Izoni", "foreignData": [], "frameVersion": "2015", "hasFoil": false, "hasNonFoil": true, "identifiers": {"cardsphereId": "68355", "mcmId": "473449", "mcmMetaId": "265464", "mtgArenaId": "72276", "mtgjsonV4Id": "bc4abd02-db3b-5acd-89b1-3af93d00c8d7", "multiverseId": "489220", "scryfallCardBackId": "0aeebaf5-8c7d-4636-9e82-8c27447861f7", "scryfallId": "cb457c05-2a60-437a-8138-cfd581b22996", "scryfallIllustrationId": "43b3b2b5-2ac1-4e0c-81bd-b14c55ad6492", "scryfallOracleId": "2f807301-37df-4724-871a-08e3512b07b3", "tcgplayerProductId": "216214"}, "isFoil": false, "isReprint": true, "language": "English", "layout": "normal", "legalities": {"brawl": "Legal", "commander": "Legal", "duel": "Legal", "explorer": "Legal", "gladiator": "Legal", "historic": "Legal", "legacy": "Legal", "modern": "Legal", "oathbreaker": "Legal", "pauper": "Legal", "paupercommander": "Legal", "pioneer": "Legal", "timeless": "Legal", "vintage": "Legal"}, "manaCost": "{1}{B}", "manaValue": 2.0, "name": "Burglar Rat", "number": "214", "power": "1", "printings": ["GRN", "J22", "JMP", "RVR"], "purchaseUrls": {"cardmarket": "https://mtgjson.com/links/4dc4a11971fcf9ae", "tcgplayer": "https://mtgjson.com/links/856a129deb393c3e"}, "rarity": "common", "setCode": "JMP", "sourceProducts": {"nonfoil": ["ca9092e8-a921-5e37-ab9d-4b0f76bb0d01"]}, "subtypes": ["Rat"], "supertypes": [], "text": "When Burglar Rat enters, each opponent discards a card.", "toughness": "1", "type": "Creature — Rat", "types": ["Creature"], "uuid": "dd98a74e-8c6c-5f39-a0c1-9dff9303ab66"}, {"artist": "Stephan Martiniere", "artistIds": ["018799f5-76d7-4849-9375-f1b9030977e6"], "availability": ["arena", "paper"], "boosterTypes": ["default"], "borderColor": "black", "colorIdentity": ["B"], "colors": ["B"], "convertedManaCost": 3.0, "count": 1, "edhrecRank": 4588, "edhrecSaltiness": 0.07, "finishes": ["nonfoil"], "flavorText": "\"I believe many worlds will bow to Phyrexia. Mirrodin is merely the first.\"\n—Sheoldred, Whispering One", "foreignData": [], "frameVersion": "2015", "hasFoil": false, "hasNonFoil": true, "identifiers": {"cardsphereId": "68375", "mcmId": "473379", "mcmMetaId": "4205", "mtgArenaId": "72328", "mtgjsonV4Id": "3679871d-99df-5ffb-a295-564fa1b9b44d", "multiverseId": "489272", "scryfallCardBackId": "0aeebaf5-8c7d-4636-9e82-8c27447861f7", "scryfallId": "86eb76e0-11ed-4f89-a2f4-04bc67f3c94d", "scryfallIllustrationId": "4f1c5e5c-3739-472f-b93f-a30769bcf113", "scryfallOracleId": "e409c9be-0c9a-43c3-adb4-8c47afc1d551", "tcgplayerProductId": "216137"}, "isFoil": false, "isReprint": true, "language": "English", "layout": "normal", "legalities": {"brawl": "Legal", "commander": "Legal", "duel": "Legal", "explorer": "Legal", "future": "Legal", "gladiator": "Legal", "historic": "Legal", "legacy": "Legal", "modern": "Legal", "oathbreaker": "Legal", "pauper": "Legal", "paupercommander": "Legal", "penny": "Legal", "pioneer": "Legal", "predh": "Legal", "premodern": "Legal", "standard": "Legal", "standardbrawl": "Legal", "timeless": "Legal", "vintage": "Legal"}, "manaCost": "{2}{B}", "manaValue": 3.0, "name": "Phyrexian Rager", "number": "266", "power": "2", "printings": ["10E", "APC", "C15", "CLB", "CMA", "CMR", "DDD", "DMR", "DMU", "EMA", "GVL", "IMA", "JMP", "MBS", "MOC", "PLST", "PMEI", "PWCS"], "purchaseUrls": {"cardmarket": "https://mtgjson.com/links/f31b3978c2e522f2", "tcgplayer": "https://mtgjson.com/links/214499d76eaae025"}, "rarity": "common", "setCode": "JMP", "sourceProducts": {"nonfoil": ["ca9092e8-a921-5e37-ab9d-4b0f76bb0d01"]}, "subtypes": ["Phyrexian", "Horror"], "supertypes": [], "text": "When Phyrexian Rager enters, you draw a card and you lose 1 life.", "toughness": "2", "type": "Creature — Phyrexian Horror", "types": ["Creature"], "uuid": "2879f6de-5c53-50df-80a5-e688222d52c8"}, {"artist": "Jim Murray", "artistIds": ["1c906f9b-5bbe-4643-8f5c-90eb1c7f0c43"], "availability": ["arena", "paper"], "boosterTypes": ["default"], "borderColor": "black", "colorIdentity": ["B"], "colors": ["B"], "convertedManaCost": 3.0, "count": 1, "edhrecRank": 23007, "edhrecSaltiness": 0.14, "finishes": ["nonfoil"], "flavorText": "\"Merciless to the point of psychosis. Let's give him a job.\"\n—Zelinas, Orzhov recruiter", "foreignData": [], "frameVersion": "2015", "hasFoil": false, "hasNonFoil": true, "identifiers": {"cardsphereId": "68380", "mcmId": "473359", "mcmMetaId": "207234", "mtgArenaId": "72341", "mtgjsonV4Id": "f22e0959-8082-51dd-9799-6fbf3f23ba9c", "multiverseId": "489285", "scryfallCardBackId": "0aeebaf5-8c7d-4636-9e82-8c27447861f7", "scryfallId": "d683abb8-46b4-424e-8a10-325519477419", "scryfallIllustrationId": "b1e7d0bb-3a09-442c-ab1c-deafbe8bef12", "scryfallOracleId": "c74d72ee-4795-41ca-b676-4d5a05bd12b7", "tcgplayerProductId": "216463"}, "isFoil": false, "isReprint": true, "language": "English", "layout": "normal", "legalities": {"brawl": "Legal", "commander": "Legal", "duel": "Legal", "explorer": "Legal", "gladiator": "Legal", "historic": "Legal", "legacy": "Legal", "modern": "Legal", "oathbreaker": "Legal", "pauper": "Legal", "paupercommander": "Legal", "penny": "Legal", "pioneer": "Legal", "timeless": "Legal", "vintage": "Legal"}, "manaCost": "{2}{B}", "manaValue": 3.0, "name": "Slate Street Ruffian", "number": "279", "power": "2", "printings": ["DDM", "GTC", "JMP"], "purchaseUrls": {"cardmarket": "https://mtgjson.com/links/a2f17c817f9ebc7c", "tcgplayer": "https://mtgjson.com/links/a5c93fc16bccaf4e"}, "rarity": "common", "setCode": "JMP", "sourceProducts": {"nonfoil": ["ca9092e8-a921-5e37-ab9d-4b0f76bb0d01"]}, "subtypes": ["Human", "Warrior"], "supertypes": [], "text": "Whenever Slate Street Ruffian becomes blocked, defending player discards a card.", "toughness": "2", "type": "Creature — Human Warrior", "types": ["Creature"], "uuid": "7581a137-edc9-5e23-95c6-3462f0a12258"}, {"artist": "Ryan Barger", "artistIds": ["a4e0102e-bbeb-497c-babc-1c0741fea914"], "availability": ["arena", "paper"], "boosterTypes": ["default"], "borderColor": "black", "colorIdentity": ["B"], "colors": ["B"], "convertedManaCost": 2.0, "count": 2, "edhrecRank": 7262, "finishes": ["nonfoil"], "flavorText": "Even the lost and undead need a protector.", "foreignData": [], "frameVersion": "2015", "hasFoil": false, "hasNonFoil": true, "identifiers": {"cardsphereId": "68386", "mcmId": "473344", "mcmMetaId": "207237", "mtgArenaId": "72349", "mtgjsonV4Id": "9d526ed2-b0a2-5b8e-99b5-c12081c991f6", "multiverseId": "489293", "scryfallCardBackId": "0aeebaf5-8c7d-4636-9e82-8c27447861f7", "scryfallId": "32aec0ec-0feb-4276-ab9c-5bb18b5005a0", "scryfallIllustrationId": "a06bd264-000c-45d9-95f3-3f2c2a96de5f", "scryfallOracleId": "6397c046-4c59-4f0b-9b44-2a804eb95edf", "tcgplayerProductId": "216150"}, "isFoil": false, "isReprint": true, "language": "English", "layout": "normal", "legalities": {"brawl": "Legal", "commander": "Legal", "duel": "Legal", "explorer": "Legal", "gladiator": "Legal", "historic": "Legal", "legacy": "Legal", "modern": "Legal", "oathbreaker": "Legal", "pauper": "Legal", "paupercommander": "Legal", "penny": "Legal", "pioneer": "Legal", "timeless": "Legal", "vintage": "Legal"}, "manaCost": "{1}{B}", "manaValue": 2.0, "name": "Wight of Precinct Six", "number": "287", "power": "1", "printings": ["C13", "C16", "DDM", "GTC", "IMA", "JMP", "PLST"], "purchaseUrls": {"cardmarket": "https://mtgjson.com/links/8c9589e2df7123ba", "tcgplayer": "https://mtgjson.com/links/7dcb6988db7a3d0f"}, "rarity": "common", "rulings": [{"date": "2017-11-17", "text": "If Wight of Precinct Six is dealt lethal damage at the same time as a creature an opponent controls, they’re destroyed at the same time. It won’t get an additional +1/+1 from its ability in time to save it."}, {"date": "2017-11-17", "text": "Wight of Precinct Six’s ability applies only while it’s on the battlefield. In all other zones, it’s a 1/1 creature."}], "setCode": "JMP", "sourceProducts": {"nonfoil": ["ca9092e8-a921-5e37-ab9d-4b0f76bb0d01"]}, "subtypes": ["Zombie"], "supertypes": [], "text": "Wight of Precinct Six gets +1/+1 for each creature card in your opponents' graveyards.", "toughness": "1", "type": "Creature — Zombie", "types": ["Creature"], "uuid": "92553688-b71b-5eb0-a933-019fc2d5a10d"}, {"artist": "Chase Stone", "artistIds": ["2d753f61-5f5b-468e-97ea-8e0fdd347340"], "availability": ["arena", "paper"], "boosterTypes": ["default"], "borderColor": "black", "colorIdentity": ["B"], "colors": ["B"], "convertedManaCost": 6.0, "count": 1, "edhrecRank": 20921, "edhrecSaltiness": 0.18, "finishes": ["nonfoil"], "flavorText": "When Selesnya missionaries moved into the Shanav Quarter, they faced scorn, ridicule, and ultimately martyrdom.", "foreignData": [], "frameVersion": "2015", "hasFoil": false, "hasNonFoil": true, "identifiers": {"cardsphereId": "68347", "mcmId": "473459", "mcmMetaId": "206550", "mtgArenaId": "72262", "mtgjsonV4Id": "d1ac897d-e981-5710-b149-b5667ac33713", "multiverseId": "489206", "scryfallCardBackId": "0aeebaf5-8c7d-4636-9e82-8c27447861f7", "scryfallId": "9aacb3ae-c889-4912-bc2d-2aa0adfd20bd", "scryfallIllustrationId": "54efaf79-59b9-40ed-a863-29ac1ac7e1f5", "scryfallOracleId": "1ad6339d-6206-49bf-bf97-05e6d3bcaab7", "tcgplayerProductId": "216194"}, "isFoil": false, "isReprint": true, "language": "English", "layout": "normal", "legalities": {"brawl": "Legal", "commander": "Legal", "duel": "Legal", "explorer": "Legal", "gladiator": "Legal", "historic": "Legal", "legacy": "Legal", "modern": "Legal", "oathbreaker": "Legal", "penny": "Legal", "pioneer": "Legal", "timeless": "Legal", "vintage": "Legal"}, "manaCost": "{4}{B}{B}", "manaValue": 6.0, "name": "Assassin's Strike", "number": "200", "printings": ["BBD", "JMP", "RTR"], "purchaseUrls": {"cardmarket": "https://mtgjson.com/links/7cb80da22304340c", "tcgplayer": "https://mtgjson.com/links/34347e5596167489"}, "rarity": "uncommon", "rulings": [{"date": "2012-10-01", "text": "If the creature is an illegal target when Assassin’s Strike tries to resolve, it won’t resolve and none of its effects will happen. Its controller won’t discard a card."}, {"date": "2012-10-01", "text": "You must be able to target a creature to cast Assassin’s Strike."}, {"date": "2013-07-01", "text": "If Assassin’s Strike resolves but the creature isn’t destroyed (perhaps because it regenerated or has indestructible), its controller will discard a card."}], "setCode": "JMP", "sourceProducts": {"nonfoil": ["ca9092e8-a921-5e37-ab9d-4b0f76bb0d01"]}, "subtypes": [], "supertypes": [], "text": "Destroy target creature. Its controller discards a card.", "type": "Sorcery", "types": ["Sorcery"], "uuid": "3b11977a-2822-5a2f-a061-3d2e1661be42"}, {"artist": "Terese Nielsen", "artistIds": ["eb55171c-2342-45f4-a503-2d5a75baf752"], "availability": ["arena", "paper"], "boosterTypes": ["default"], "borderColor": "black", "colorIdentity": ["B"], "colors": ["B"], "convertedManaCost": 1.0, "count": 1, "edhrecRank": 17199, "edhrecSaltiness": 0.3, "finishes": ["nonfoil"], "flavorText": "\"It's cold in the grave, and the dead crave your warmth. Who are you to deny them?\"\n—Strava, Dimir mage", "foreignData": [], "frameVersion": "2015", "hasFoil": false, "hasNonFoil": true, "identifiers": {"cardsphereId": "68360", "mcmId": "473429", "mcmMetaId": "207222", "mtgArenaId": "72284", "mtgjsonV4Id": "d2048253-b076-5818-9f1b-82b4a5cc271a", "multiverseId": "489228", "scryfallCardBackId": "0aeebaf5-8c7d-4636-9e82-8c27447861f7", "scryfallId": "f954e983-397c-4fdc-a6a1-142d03bfec7e", "scryfallIllustrationId": "03832c5b-1136-4722-b3e2-710f6a297436", "scryfallOracleId": "7a1798d3-33fb-4092-a843-45a25f3b4e82", "tcgplayerProductId": "216236"}, "isFoil": false, "isReprint": true, "keywords": ["Enchant"], "language": "English", "layout": "normal", "legalities": {"brawl": "Legal", "commander": "Legal", "duel": "Legal", "explorer": "Legal", "gladiator": "Legal", "historic": "Legal", "legacy": "Legal", "modern": "Legal", "oathbreaker": "Legal", "pauper": "Legal", "paupercommander": "Legal", "penny": "Legal", "pioneer": "Legal", "timeless": "Legal", "vintage": "Legal"}, "manaCost": "{B}", "manaValue": 1.0, "name": "Death's Approach", "number": "222", "printings": ["GTC", "JMP"], "purchaseUrls": {"cardmarket": "https://mtgjson.com/links/2688b27b2285310c", "tcgplayer": "https://mtgjson.com/links/8c4a46e0a368bc20"}, "rarity": "common", "rulings": [{"date": "2013-01-24", "text": "The value of X will change as the number of creature cards in the enchanted creature’s controller’s graveyard changes. Any time state-based actions are performed, if that creature’s toughness is 0 or less, or damage marked on it is equal to or greater than its toughness, the creature will be put into its owner’s graveyard."}], "setCode": "JMP", "sourceProducts": {"nonfoil": ["ca9092e8-a921-5e37-ab9d-4b0f76bb0d01"]}, "subtypes": ["Aura"], "supertypes": [], "text": "Enchant creature\nEnchanted creature gets -X/-X, where X is the number of creature cards in its controller's graveyard.", "type": "Enchantment — Aura", "types": ["Enchantment"], "uuid": "5cd7143a-db8f-561a-999b-bcf4b306b2e7"}, {"artist": "Titus Lunter", "artistIds": ["b11e6b3a-f4ca-4cf1-8fd7-475696de5f5c"], "availability": ["arena", "mtgo", "paper"], "boosterTypes": ["default"], "borderColor": "black", "colorIdentity": ["B"], "colors": [], "convertedManaCost": 0.0, "count": 1, "edhrecRank": 1334, "edhrecSaltiness": 0.09, "finishes": ["nonfoil"], "flavorText": "Beauty appears in strange places for those with eyes to see it.", "foreignData": [], "frameVersion": "2015", "hasFoil": false, "hasNonFoil": true, "identifiers": {"cardsphereId": "68319", "mcmId": "472294", "mcmMetaId": "308424", "mtgArenaId": "72140", "mtgjsonV4Id": "2ab118d9-c095-524a-96ae-f5753057fb13", "mtgoId": "81821", "multiverseId": "489204", "scryfallCardBackId": "0aeebaf5-8c7d-4636-9e82-8c27447861f7", "scryfallId": "18756fe5-70f0-48d9-a4f1-ea78f77d2084", "scryfallIllustrationId": "32169745-104e-4652-8f72-b45f3dea67ff", "scryfallOracleId": "bff416bb-d193-4c45-b2c1-7c297dbfad08", "tcgplayerProductId": "215941"}, "isFoil": false, "language": "English", "layout": "normal", "legalities": {"brawl": "Legal", "commander": "Legal", "duel": "Legal", "gladiator": "Legal", "historic": "Legal", "legacy": "Legal", "oathbreaker": "Legal", "pauper": "Legal", "paupercommander": "Legal", "timeless": "Legal", "vintage": "Legal"}, "manaValue": 0.0, "name": "Thriving Moor", "number": "37", "printings": ["AFC", "CLU", "CMM", "J22", "JMP", "LCC", "MOC", "NCC", "WHO"], "purchaseUrls": {"cardmarket": "https://mtgjson.com/links/fd340a9af9aa08a5", "tcgplayer": "https://mtgjson.com/links/de2e175c6d6df2fe"}, "rarity": "common", "setCode": "JMP", "sourceProducts": {"nonfoil": ["ca9092e8-a921-5e37-ab9d-4b0f76bb0d01"]}, "subtypes": [], "supertypes": [], "text": "Thriving Moor enters tapped. As it enters, choose a color other than black.\n{T}: Add {B} or one mana of the chosen color.", "type": "Land", "types": ["Land"], "uuid": "cac4131a-2bd5-5280-a579-5d5354359428"}, {"artist": "Mike Bierek", "artistIds": ["e5f52ef5-1a2e-4128-90b0-ccc71cd47ea7"], "availability": ["arena", "mtgo", "paper"], "boosterTypes": ["default"], "borderColor": "black", "colorIdentity": ["B"], "colors": [], "convertedManaCost": 0.0, "count": 6, "edhrecSaltiness": 0.29, "finishes": ["nonfoil", "foil"], "foreignData": [{"identifiers": {"multiverseId": "488482", "scryfallId": "50911a90-5f22-417f-b2f8-515e305d0976"}, "language": "German", "multiverseId": 488482, "name": "Sumpf", "type": "Standardland — Sumpf"}, {"identifiers": {"multiverseId": "488497", "scryfallId": "4f855802-be04-4af0-a2ee-317bee0f5d25"}, "language": "Spanish", "multiverseId": 488497, "name": "Pantano", "type": "Tierra básica — Pantano"}, {"identifiers": {"multiverseId": "488512", "scryfallId": "24acaa4d-fe12-4bfa-b52c-e65e92cab569"}, "language": "French", "multiverseId": 488512, "name": "Marais", "type": "Terrain de base : marais"}, {"identifiers": {"multiverseId": "488527", "scryfallId": "3eac89d2-71fa-447c-96af-5f3a17e5d531"}, "language": "Italian", "multiverseId": 488527, "name": "Palude", "type": "Terra Base — Palude"}, {"identifiers": {"multiverseId": "488542", "scryfallId": "e7a93d77-ef1d-4c2c-afa2-2da1d3218a42"}, "language": "Japanese", "multiverseId": 488542, "name": "沼", "type": "基本土地 — 沼"}, {"identifiers": {"multiverseId": "488557", "scryfallId": "1041ac61-c830-4689-985d-28e9a9a91daf"}, "language": "Korean", "multiverseId": 488557, "name": "늪", "type": "기본 대지 — 늪"}, {"identifiers": {"multiverseId": "488572", "scryfallId": "b06726c8-726f-4058-a06b-46cde19c8378"}, "language": "Portuguese (Brazil)", "multiverseId": 488572, "name": "Pântano", "type": "Terreno Básico — Pântano"}, {"identifiers": {"multiverseId": "488587", "scryfallId": "c3621082-badc-4d87-91f7-6e8fc1219ba8"}, "language": "Russian", "multiverseId": 488587, "name": "Болото", "type": "Базовая Земля — Болото"}, {"identifiers": {"multiverseId": "488602", "scryfallId": "64d6607f-8ef6-4d19-b752-555bd5662a44"}, "language": "Chinese Simplified", "multiverseId": 488602, "name": "沼泽", "type": "基本地 ～沼泽"}, {"identifiers": {"multiverseId": "488617", "scryfallId": "792ed1fd-d80b-48b0-8fec-38079be95520"}, "language": "Chinese Traditional", "multiverseId": 488617, "name": "沼澤", "type": "基本地 ～沼澤"}], "frameVersion": "2015", "hasFoil": true, "hasNonFoil": true, "identifiers": {"cardsphereFoilId": "68897", "cardsphereId": "67963", "mcmId": "471169", "mtgArenaId": "72086", "mtgjsonV4Id": "a27cb306-4011-5b99-add2-45b99458bb80", "mtgoId": "81211", "multiverseId": "488467", "scryfallCardBackId": "0aeebaf5-8c7d-4636-9e82-8c27447861f7", "scryfallId": "30b3d647-3546-4ade-b395-f2370750a7a6", "scryfallIllustrationId": "e7e7a627-2665-427d-96b6-1268f860c898", "scryfallOracleId": "56719f6a-1a6c-4c0a-8d21-18f7d7350b68", "tcgplayerProductId": "215719"}, "isFoil": false, "isReprint": true, "language": "English", "layout": "normal", "legalities": {"alchemy": "Legal", "brawl": "Legal", "commander": "Legal", "duel": "Legal", "explorer": "Legal", "future": "Legal", "gladiator": "Legal", "historic": "Legal", "legacy": "Legal", "modern": "Legal", "oathbreaker": "Legal", "pauper": "Legal", "paupercommander": "Legal", "penny": "Legal", "pioneer": "Legal", "predh": "Legal", "premodern": "Legal", "standard": "Legal", "standardbrawl": "Legal", "timeless": "Legal", "vintage": "Legal"}, "manaValue": 0.0, "name": "Swamp", "number": "266", "originalText": "B", "originalType": "Basic Land — Swamp", "printings": ["10E", "2ED", "2XM", "30A", "3ED", "40K", "4BB", "4ED", "5ED", "6ED", "7ED", "8ED", "9ED", "ACR", "AFR", "AKH", "AKR", "ALA", "ANA", "ANB", "ARC", "ATH", "AVR", "BBD", "BFZ", "BLB", "BRB", "BRC", "BRO", "BTD", "C13", "C14", "C15", "C16", "C17", "C18", "C19", "CED", "CEI", "CHK", "CLB", "CLU", "CM2", "CMA", "CMD", "CMM", "CST", "DDC", "DDD", "DDE", "DDH", "DDJ", "DDK", "DDM", "DDN", "DDP", "DDQ", "DDR", "DKM", "DMR", "DMU", "DOM", "DPA", "DSK", "DTK", "DVD", "E01", "ELD", "FBB", "FDN", "FRF", "G17", "GK1", "GK2", "GN2", "GN3", "GNT", "GRN", "GVL", "H09", "HBG", "HOP", "HOU", "ICE", "IKO", "INV", "ISD", "ITP", "J14", "J22", "JMP", "KHM", "KLD", "KLR", "KTK", "LCI", "LEA", "LEB", "LRW", "LTR", "M10", "M11", "M12", "M13", "M14", "M15", "M19", "M20", "M21", "MBS", "MD1", "ME1", "ME3", "MH2", "MH3", "MID", "MIR", "MKM", "MMQ", "MOM", "MRD", "NEO", "NPH", "ODY", "OLEP", "ONE", "ONS", "ORI", "OTJ", "P02", "P23", "PAL00", "PAL01", "PAL03", "PAL04", "PAL05", "PAL06", "PAL99", "PALP", "PANA", "PARL", "PC2", "PCA", "PD3", "PELP", "PF19", "PF20", "PGPX", "PGRU", "PHUK", "PIP", "PLST", "PMPS", "PMPS06", "PMPS07", "PMPS08", "PMPS09", "PMPS10", "PMPS11", "POR", "PPP1", "PRM", "PRW2", "PRWK", "PS11", "PSAL", "PSS2", "PSS3", "PSS4", "PTC", "PTK", "RAV", "REX", "RIX", "RNA", "ROE", "RQS", "RTR", "S99", "SCD", "SHM", "SIR", "SLD", "SNC", "SOI", "SOM", "STX", "SUM", "TD0", "TD2", "THB", "THS", "TMP", "TPR", "TSP", "UGL", "UND", "UNF", "UNH", "USG", "UST", "VOW", "WAR", "WC01", "WC02", "WC03", "WC97", "WC98", "WC99", "WHO", "WOE", "XANA", "XLN", "ZEN", "ZNR"], "purchaseUrls": {"tcgplayer": "https://mtgjson.com/links/bcbda5652a5f2b51"}, "rarity": "common", "setCode": "M21", "sourceProducts": {"foil": ["547f7fe8-5bf3-5b1f-b7d5-2348edfeb15f", "61ee3ba9-54d4-55e6-8c49-3977d922f30e"], "nonfoil": ["61ee3ba9-54d4-55e6-8c49-3977d922f30e", "639e32d8-aa88-5c64-9f1f-455c4bde54fd", "ca9092e8-a921-5e37-ab9d-4b0f76bb0d01"]}, "subtypes": ["Swamp"], "supertypes": ["Basic"], "text": "({T}: Add {B}.)", "type": "Basic Land — Swamp", "types": ["Land"], "uuid": "9021fd6e-48d7-5c3d-858e-de0dd6bf5b29", "variations": ["e0a00c3e-6d17-5e85-9d1d-c704d828a576", "9ebb924e-395f-5e14-8be5-176d349d1dd9", "7a85abdd-8744-5682-a768-709e5e92d569"]}, {"artist": "Piotr Dura", "artistIds": ["aff176e8-1d15-432e-ad1d-207a474decba"], "availability": ["arena", "paper"], "boosterTypes": ["default"], "borderColor": "black", "colorIdentity": ["B"], "colors": [], "convertedManaCost": 0.0, "count": 1, "edhrecSaltiness": 0.29, "finishes": ["nonfoil"], "foreignData": [], "frameVersion": "2015", "hasFoil": false, "hasNonFoil": true, "identifiers": {"cardsphereId": "68412", "mcmId": "473274", "mtgArenaId": "72575", "mtgjsonV4Id": "34a1e80b-da47-569d-942c-efa627f8615f", "multiverseId": "489639", "scryfallCardBackId": "0aeebaf5-8c7d-4636-9e82-8c27447861f7", "scryfallId": "9a189653-dc0b-4b04-9544-5314cebf23fd", "scryfallIllustrationId": "da89d624-3e4d-41fc-a635-6e36c32b6dbf", "scryfallOracleId": "56719f6a-1a6c-4c0a-8d21-18f7d7350b68", "tcgplayerProductId": "216157"}, "isFoil": false, "isReprint": true, "language": "English", "layout": "normal", "legalities": {"alchemy": "Legal", "brawl": "Legal", "commander": "Legal", "duel": "Legal", "explorer": "Legal", "future": "Legal", "gladiator": "Legal", "historic": "Legal", "legacy": "Legal", "modern": "Legal", "oathbreaker": "Legal", "pauper": "Legal", "paupercommander": "Legal", "penny": "Legal", "pioneer": "Legal", "predh": "Legal", "premodern": "Legal", "standard": "Legal", "standardbrawl": "Legal", "timeless": "Legal", "vintage": "Legal"}, "manaValue": 0.0, "name": "Swamp", "number": "55", "printings": ["10E", "2ED", "2XM", "30A", "3ED", "40K", "4BB", "4ED", "5ED", "6ED", "7ED", "8ED", "9ED", "ACR", "AFR", "AKH", "AKR", "ALA", "ANA", "ANB", "ARC", "ATH", "AVR", "BBD", "BFZ", "BLB", "BRB", "BRC", "BRO", "BTD", "C13", "C14", "C15", "C16", "C17", "C18", "C19", "CED", "CEI", "CHK", "CLB", "CLU", "CM2", "CMA", "CMD", "CMM", "CST", "DDC", "DDD", "DDE", "DDH", "DDJ", "DDK", "DDM", "DDN", "DDP", "DDQ", "DDR", "DKM", "DMR", "DMU", "DOM", "DPA", "DSK", "DTK", "DVD", "E01", "ELD", "FBB", "FDN", "FRF", "G17", "GK1", "GK2", "GN2", "GN3", "GNT", "GRN", "GVL", "H09", "HBG", "HOP", "HOU", "ICE", "IKO", "INV", "ISD", "ITP", "J14", "J22", "JMP", "KHM", "KLD", "KLR", "KTK", "LCI", "LEA", "LEB", "LRW", "LTR", "M10", "M11", "M12", "M13", "M14", "M15", "M19", "M20", "M21", "MBS", "MD1", "ME1", "ME3", "MH2", "MH3", "MID", "MIR", "MKM", "MMQ", "MOM", "MRD", "NEO", "NPH", "ODY", "OLEP", "ONE", "ONS", "ORI", "OTJ", "P02", "P23", "PAL00", "PAL01", "PAL03", "PAL04", "PAL05", "PAL06", "PAL99", "PALP", "PANA", "PARL", "PC2", "PCA", "PD3", "PELP", "PF19", "PF20", "PGPX", "PGRU", "PHUK", "PIP", "PLST", "PMPS", "PMPS06", "PMPS07", "PMPS08", "PMPS09", "PMPS10", "PMPS11", "POR", "PPP1", "PRM", "PRW2", "PRWK", "PS11", "PSAL", "PSS2", "PSS3", "PSS4", "PTC", "PTK", "RAV", "REX", "RIX", "RNA", "ROE", "RQS", "RTR", "S99", "SCD", "SHM", "SIR", "SLD", "SNC", "SOI", "SOM", "STX", "SUM", "TD0", "TD2", "THB", "THS", "TMP", "TPR", "TSP", "UGL", "UND", "UNF", "UNH", "USG", "UST", "VOW", "WAR", "WC01", "WC02", "WC03", "WC97", "WC98", "WC99", "WHO", "WOE", "XANA", "XLN", "ZEN", "ZNR"], "purchaseUrls": {"tcgplayer": "https://mtgjson.com/links/4df6d5240c8ba2e4"}, "rarity": "common", "setCode": "JMP", "sourceProducts": {"nonfoil": ["ca9092e8-a921-5e37-ab9d-4b0f76bb0d01"]}, "subtypes": ["Swamp"], "supertypes": ["Basic"], "text": "({T}: Add {B}.)", "type": "Basic Land — Swamp", "types": ["Land"], "uuid": "2d81ccd9-e85f-5849-b429-8003e64ee100", "variations": ["333fe9a6-c1f0-5bb1-a016-14f6946ed17e", "6d7b4877-ad57-5508-92cc-4a060c83e09e", "542926fc-a893-5212-bf00-6a0e8eaef071", "fe954474-dc50-5624-9539-3a316f2321dd", "cc96d27b-558e-5fd4-83df-3ae246958b0c", "874535cd-2277-52c2-9d92-ba5dd2defa06", "0b3a8dd2-71f2-5213-8267-27f9c1a4c95b"]}], "name": "Discarding 2", "releaseDate": "2020-07-17", "sealedProductUuids": null, "sideBoard": [], "type": "Jumpstart"}}