{"meta": {"date": "2024-09-03", "version": "5.2.2+20240903"}, "data": {"code": "EXO", "commander": [], "mainBoard": [{"artist": "Randy Gallegos", "artistIds": ["a5048cc7-438a-4378-98e4-da99b78e1db0"], "availability": ["mtgo", "paper"], "boosterTypes": ["default"], "borderColor": "black", "colorIdentity": ["U"], "colors": [], "convertedManaCost": 0.0, "count": 17, "edhrecSaltiness": 0.76, "finishes": ["nonfoil"], "foreignData": [{"identifiers": {"scryfallId": "98dc8e30-cb2c-4613-a1ae-d213d8f33412"}, "language": "German", "name": "Insel"}, {"identifiers": {"scryfallId": "ca8d4be1-2f01-46db-a372-f03753267976"}, "language": "Spanish", "name": "Isla"}, {"identifiers": {"scryfallId": "d994eb99-3ac4-4d47-92fc-66928ba1be27"}, "language": "French", "name": "Ile"}, {"identifiers": {"scryfallId": "5220c3f4-1b00-4e6f-b54b-c20c5ff39cfb"}, "language": "Italian", "name": "Isola"}, {"identifiers": {"scryfallId": "1c788143-90bf-44fa-b4dc-261aed229962"}, "language": "Japanese", "name": "島"}, {"identifiers": {"scryfallId": "098b3fb2-7a79-4d5d-a1fb-f7c6cea5f953"}, "language": "Portuguese (Brazil)", "name": "Ilha"}], "frameVersion": "1997", "hasFoil": false, "hasNonFoil": true, "identifiers": {"cardsphereId": "43216", "mcmId": "9048", "mtgjsonV4Id": "b4265027-5496-5304-91d3-14c001fb4abc", "mtgoFoilId": "9690", "mtgoId": "9689", "multiverseId": "4951", "scryfallCardBackId": "0aeebaf5-8c7d-4636-9e82-8c27447861f7", "scryfallId": "22578bc8-10c6-4598-82bc-70e970a8f518", "scryfallIllustrationId": "9c8df5b4-d446-4f1f-b184-b797c96cf218", "scryfallOracleId": "b2c6aa39-2d2a-459c-a555-fb48ba993373", "tcgplayerProductId": "18490"}, "isFoil": false, "isReprint": true, "language": "English", "layout": "normal", "legalities": {"alchemy": "Legal", "brawl": "Legal", "commander": "Legal", "duel": "Legal", "explorer": "Legal", "future": "Legal", "gladiator": "Legal", "historic": "Legal", "legacy": "Legal", "modern": "Legal", "oathbreaker": "Legal", "pauper": "Legal", "paupercommander": "Legal", "penny": "Legal", "pioneer": "Legal", "predh": "Legal", "premodern": "Legal", "standard": "Legal", "standardbrawl": "Legal", "timeless": "Legal", "vintage": "Legal"}, "manaValue": 0.0, "name": "Island", "number": "335", "originalText": "oc\nT: Add o\nU to your mana pool.", "originalType": "Land", "printings": ["10E", "2ED", "2XM", "30A", "3ED", "40K", "4BB", "4ED", "5ED", "6ED", "7ED", "8ED", "9ED", "ACR", "AFR", "AKH", "AKR", "ALA", "ANA", "ANB", "ARC", "AVR", "BBD", "BFZ", "BLB", "BRB", "BRC", "BRO", "BTD", "C13", "C14", "C15", "C16", "C17", "C18", "C19", "CED", "CEI", "CHK", "CLB", "CLU", "CM2", "CMA", "CMD", "CMM", "CMR", "CST", "DD2", "DDE", "DDF", "DDH", "DDI", "DDJ", "DDM", "DDN", "DDO", "DDQ", "DDS", "DDT", "DDU", "DMR", "DMU", "DOM", "DPA", "DSK", "DTK", "E01", "ELD", "FBB", "FRF", "G17", "GK1", "GK2", "GN2", "GN3", "GNT", "GRN", "GS1", "H09", "HBG", "HOP", "HOU", "ICE", "IKO", "INV", "ISD", "ITP", "J14", "J22", "JMP", "JVC", "KHM", "KLD", "KLR", "KTK", "LCI", "LEA", "LEB", "LRW", "LTR", "M10", "M11", "M12", "M13", "M14", "M15", "M19", "M20", "M21", "MBS", "ME1", "ME3", "MH2", "MH3", "MID", "MIR", "MKM", "MMQ", "MOM", "MRD", "NEO", "NPH", "ODY", "OLEP", "ONE", "ONS", "ORI", "OTJ", "P02", "P23", "PAL00", "PAL01", "PAL02", "PAL03", "PAL04", "PAL05", "PAL06", "PAL99", "PALP", "PANA", "PARL", "PC2", "PCA", "PELP", "PF19", "PF20", "PGPX", "PGRU", "PIP", "PLST", "PMPS", "PMPS06", "PMPS07", "PMPS08", "PMPS09", "PMPS10", "PMPS11", "POR", "PPP1", "PRM", "PRW2", "PRWK", "PS11", "PSAL", "PSS2", "PSS3", "PSS4", "PTC", "PTK", "PZ2", "RAV", "REX", "RIX", "RNA", "ROE", "RQS", "RTR", "S99", "SCD", "SHM", "SIR", "SLD", "SNC", "SOI", "SOM", "STX", "SUM", "TD0", "TD2", "THB", "THS", "TMP", "TPR", "TSP", "UGL", "UND", "UNF", "UNH", "USG", "UST", "VOW", "WAR", "WC00", "WC01", "WC02", "WC03", "WC04", "WC97", "WC98", "WHO", "WOE", "XANA", "XLN", "ZEN", "ZNR"], "purchaseUrls": {"tcgplayer": "https://mtgjson.com/links/7e46d92f8c1c23b4"}, "rarity": "common", "setCode": "TMP", "sourceProducts": {"nonfoil": ["4a57a3e3-c3ca-5acc-b474-e7a444414499", "6d38f0be-a161-5c27-94e3-f3430d3274d6", "96d0588c-79f4-53ac-bb27-23020e7d60a7", "99f6ac66-be04-571b-bb65-c0f6a4e0e6e0", "a05d989b-0281-5d5a-85ac-b1c82c008661", "e4c3266a-9dc2-56c2-a64e-487641a6ec86"]}, "subtypes": ["Island"], "supertypes": ["Basic"], "text": "({T}: Add {U}.)", "type": "Basic Land — Island", "types": ["Land"], "uuid": "e5b357bd-2c3a-5019-93f8-dd2950a3d18f", "variations": ["913ee0c4-5ab7-5d1f-9037-c87265893eac", "bf1ea798-07c2-5268-91d2-3e58b2e6a42c", "acfea428-2fa8-5f12-8994-f9a5ccfa547e"]}, {"artist": "David O'Connor", "artistIds": ["bd8dcf6f-4ab3-4854-bfb0-f2e21610fc16"], "availability": ["mtgo", "paper"], "boosterTypes": ["default"], "borderColor": "black", "colorIdentity": [], "colors": [], "convertedManaCost": 0.0, "count": 3, "edhrecRank": 14177, "edhrecSaltiness": 0.08, "finishes": ["nonfoil"], "flavorText": "Jolrael's choice of homes was far better than her choice of allies.", "foreignData": [{"identifiers": {"scryfallId": "91bb571e-0008-4a15-ba95-6265c5f03344"}, "language": "German", "name": "Unentdecktes Paradies", "text": "{T}: Erhöhe Deinen Manavorrat um ein Mana einer beliebigen Farbe. Bringe das Unentdeckte Paradies zu Beginn Deiner nächsten Enttap-Phase auf die Hand seines Besitzers zurück.", "type": "Land"}, {"identifiers": {"scryfallId": "b1fed2f7-489b-43c3-94ae-8ef031d5cd7e"}, "language": "Spanish", "name": "Paraíso virgen"}, {"identifiers": {"scryfallId": "b4808c3d-8f8e-4386-8d55-7cc1acb154f4"}, "language": "French", "name": "Paradis inconnu"}, {"identifiers": {"scryfallId": "8af27405-1cde-4bdf-a9f9-cabca6b641cc"}, "language": "Italian", "name": "Paradiso Nascosto"}, {"identifiers": {"scryfallId": "ef2ade07-9842-45ba-941b-d2d396e53377"}, "language": "Japanese", "name": "知られざる楽園"}, {"identifiers": {"scryfallId": "cb0177c5-e193-404f-822e-df283049e658"}, "language": "Portuguese (Brazil)", "name": "Paraíso Inexplorado"}], "frameVersion": "1997", "hasFoil": false, "hasNonFoil": true, "identifiers": {"cardsphereId": "46977", "mcmId": "8568", "mcmMetaId": "6217", "mtgjsonV4Id": "bf85e4b6-8b45-5bae-97f2-efa77885336b", "mtgoFoilId": "7772", "mtgoId": "7771", "multiverseId": "3755", "scryfallCardBackId": "0aeebaf5-8c7d-4636-9e82-8c27447861f7", "scryfallId": "5f6e8830-5e62-4945-8b73-60f0628d38e7", "scryfallIllustrationId": "d5b04f5c-f8d4-4133-ae49-51c682a45658", "scryfallOracleId": "76c33d54-ce55-400e-bec5-79d33a5a20fb", "tcgplayerProductId": "5951"}, "isFoil": false, "isReserved": true, "language": "English", "layout": "normal", "legalities": {"commander": "Legal", "duel": "Legal", "legacy": "Legal", "oathbreaker": "Legal", "predh": "Legal", "premodern": "Legal", "vintage": "Legal"}, "manaValue": 0.0, "name": "Undiscovered Paradise", "number": "167", "originalText": "oc\nT: Add one mana of any color to your mana pool. At the beginning of your next untap phase, return Undiscovered Paradise to owner's hand.", "originalType": "Land", "printings": ["PRM", "VIS", "WC97", "WC98"], "purchaseUrls": {"cardmarket": "https://mtgjson.com/links/1fc46d1f68f80722", "tcgplayer": "https://mtgjson.com/links/871fff6dbd1cc57c"}, "rarity": "rare", "rulings": [{"date": "2004-10-04", "text": "It will return even if some effect prevents you from untapping it. The ability is not replacing the untapping of the land in any way."}, {"date": "2004-10-04", "text": "Only returns to owner’s hand if it is still on the battlefield at the beginning of its controller’s next untap."}], "setCode": "VIS", "sourceProducts": {"nonfoil": ["5a1aeba8-e8b4-543e-b108-93496c417ad4"]}, "subtypes": [], "supertypes": [], "text": "{T}: Add one mana of any color. During your next untap step, as you untap your permanents, return Undiscovered Paradise to its owner's hand.", "type": "Land", "types": ["Land"], "uuid": "9460969e-62f1-528e-b9ef-2d9aa7b2cc06"}, {"artist": "Una Fricker", "artistIds": ["0471a371-1bf8-49f2-8e76-cbe3a0bfa7e8"], "availability": ["mtgo", "paper"], "boosterTypes": ["default"], "borderColor": "black", "colorIdentity": [], "colors": [], "convertedManaCost": 0.0, "count": 4, "edhrecRank": 1033, "edhrecSaltiness": 0.76, "finishes": ["nonfoil"], "flavorText": "\"The land promises nothing and keeps its promise.\"\n—Oracle *en*-Vec", "foreignData": [{"identifiers": {"scryfallId": "1768be15-0a42-468c-acb6-77e75f265b9e"}, "language": "German", "name": "Einöde", "text": "{T}: Erhöhe Deinen Manavorrat um ein farbloses Mana.\n{T}, opfere die Einöde: Zerstöre ein Nicht-Standardland Deiner Wahl.", "type": "Land"}, {"identifiers": {"scryfallId": "059f82ae-d684-4c3b-b61a-7a929ae669b8"}, "language": "Spanish", "name": "Erial"}, {"identifiers": {"scryfallId": "e6ef863b-1914-432a-b843-cdd10a74d549"}, "language": "French", "name": "Terres dévastées"}, {"identifiers": {"scryfallId": "56ced2b4-e447-442f-bfda-3c0d7b06f84f"}, "language": "Italian", "name": "Lande Desolate"}, {"identifiers": {"scryfallId": "6ce068bd-e8bc-4d4a-a5da-236840cc9c6b"}, "language": "Japanese", "name": "不毛の大地"}, {"identifiers": {"scryfallId": "bf68916f-aba7-4906-a4d8-368e57f860f0"}, "language": "Portuguese (Brazil)", "name": "Terras Ermas"}], "frameVersion": "1997", "hasFoil": false, "hasNonFoil": true, "identifiers": {"cardsphereId": "43407", "mcmId": "9075", "mcmMetaId": "6538", "mtgjsonV4Id": "7a4ab440-0688-5022-8a0b-c1ca0afc0312", "mtgoFoilId": "10036", "mtgoId": "10035", "multiverseId": "4944", "scryfallCardBackId": "0aeebaf5-8c7d-4636-9e82-8c27447861f7", "scryfallId": "99ff731b-8399-40c8-b539-ba6ba5783771", "scryfallIllustrationId": "38cf1045-0520-4a67-a25e-dc7bb3acead6", "scryfallOracleId": "09a70ae8-3859-4a09-901d-dce063fa3b5f", "tcgplayerProductId": "5789"}, "isFoil": false, "language": "English", "layout": "normal", "legalities": {"commander": "Legal", "duel": "Banned", "legacy": "Legal", "oathbreaker": "Legal", "predh": "Legal", "premodern": "Legal", "vintage": "Legal"}, "manaValue": 0.0, "name": "Wasteland", "number": "330", "originalText": "oc\nT: Add one colorless mana to your mana pool.\noc\nT, Sacrifice Wasteland: Destroy target nonbasic land.", "originalType": "Land", "printings": ["EMA", "EXP", "G10", "J15", "LTC", "MB2", "MPR", "OLGC", "PIP", "PRM", "SLD", "TMP", "TPR", "WC98", "WC99", "ZNE"], "purchaseUrls": {"cardmarket": "https://mtgjson.com/links/c78db00e3949d847", "tcgplayer": "https://mtgjson.com/links/66e1eeb528cd8ab8"}, "rarity": "uncommon", "setCode": "TMP", "sourceProducts": {"nonfoil": ["21b87b9c-d0f2-5a4b-aee7-163c9813a3aa", "96d0588c-79f4-53ac-bb27-23020e7d60a7"]}, "subtypes": [], "supertypes": [], "text": "{T}: Add {C}.\n{T}, Sacrifice Wasteland: Destroy target nonbasic land.", "type": "Land", "types": ["Land"], "uuid": "2392456a-7a4a-5554-884f-b7ccaef08651"}, {"artist": "Jon J Muth", "artistIds": ["32e6b862-3f86-4408-a351-fe4edef5e7b2"], "availability": ["mtgo", "paper"], "boosterTypes": ["default"], "borderColor": "black", "colorIdentity": ["U"], "colors": ["U"], "convertedManaCost": 3.0, "count": 3, "edhrecRank": 6097, "edhrecSaltiness": 0.19, "finishes": ["nonfoil"], "flavorText": "\"Beauty to the eye does not always translate to the touch.\"\n—Naimah, Femeref philosopher", "foreignData": [{"identifiers": {"scryfallId": "96afd1c2-2d53-47a4-a115-da4ab8275933"}, "language": "German", "name": "Galeerenqualle", "text": "Wenn die Galeerenqualle ins Spiel kommt, bringe eine Kreatur Deiner Wahl zurück auf die Hand ihres Besitzers.", "type": "Beschwörung einer Qualle"}, {"identifiers": {"scryfallId": "b73823b8-fda7-4b01-bc4f-88086c416844"}, "language": "Spanish", "name": "Carabela"}, {"identifiers": {"scryfallId": "7ec4565c-4bf1-4482-bb10-f48cb57ba40b"}, "language": "French", "name": "Physalie"}, {"identifiers": {"scryfallId": "93f53a9b-df10-44ae-b9b6-4fe228c6bd14"}, "language": "Italian", "name": "Caravella Portoghese"}, {"identifiers": {"scryfallId": "31df6cf9-265f-493b-9203-8fa814fe4428"}, "language": "Japanese", "name": "大クラゲ"}, {"identifiers": {"scryfallId": "34d7267b-abce-4926-819d-696ca8fa3bb3"}, "language": "Portuguese (Brazil)", "name": "Physalia"}], "frameVersion": "1997", "hasFoil": false, "hasNonFoil": true, "identifiers": {"cardsphereId": "46908", "mcmId": "8438", "mcmMetaId": "3469", "mtgjsonV4Id": "de20f94d-2b46-500e-b02e-7b462dceeb92", "mtgoFoilId": "7634", "mtgoId": "7633", "multiverseId": "3644", "scryfallCardBackId": "0aeebaf5-8c7d-4636-9e82-8c27447861f7", "scryfallId": "4dbf9bf9-75cd-4b25-a3a1-43b7e029700b", "scryfallIllustrationId": "df411fa7-63c2-4243-a970-44c1884532c5", "scryfallOracleId": "67a3541c-8408-40c8-b44f-90035b860f57", "tcgplayerProductId": "5882"}, "isFoil": false, "language": "English", "layout": "normal", "legalities": {"brawl": "Legal", "commander": "Legal", "duel": "Legal", "gladiator": "Legal", "historic": "Legal", "legacy": "Legal", "modern": "Legal", "oathbreaker": "Legal", "pauper": "Legal", "paupercommander": "Legal", "penny": "Legal", "predh": "Legal", "premodern": "Legal", "timeless": "Legal", "vintage": "Legal"}, "manaCost": "{2}{U}", "manaValue": 3.0, "name": "Man-o'-War", "number": "37", "originalText": "When Man-o'-War comes into play, return target creature to owner's hand.", "originalType": "Summon - Jellyfish", "power": "2", "printings": ["A25", "BRB", "DD2", "DDO", "DMR", "EMA", "J21", "JVC", "MH1", "PAL02", "PLST", "POR", "PRM", "S99", "TD0", "VIS", "VMA", "WC97", "WC98"], "purchaseUrls": {"cardmarket": "https://mtgjson.com/links/72363eae35130609", "tcgplayer": "https://mtgjson.com/links/4929ae6d81c7d18e"}, "rarity": "common", "rulings": [{"date": "2019-06-14", "text": "If there are no other creatures on the battlefield when Man-o'-War enters the battlefield, its ability must target itself."}], "setCode": "VIS", "sourceProducts": {"nonfoil": ["5a1aeba8-e8b4-543e-b108-93496c417ad4"]}, "subtypes": ["Jellyfish"], "supertypes": [], "text": "When Man-o'-War enters, return target creature to its owner's hand.", "toughness": "2", "type": "Creature — Jellyfish", "types": ["Creature"], "uuid": "c002fdda-f978-5370-90a6-c8ffbe8d17a4"}, {"artist": "David O'Connor", "artistIds": ["bd8dcf6f-4ab3-4854-bfb0-f2e21610fc16"], "availability": ["mtgo", "paper"], "boosterTypes": ["default"], "borderColor": "black", "colorIdentity": ["U"], "colors": ["U"], "convertedManaCost": 3.0, "count": 2, "edhrecRank": 15162, "edhrecSaltiness": 0.28, "finishes": ["nonfoil"], "flavorText": "\"Comfortable even in a furnace? I've never met one who'd accept my wager.\"\n—Talibah, embermage", "foreignData": [{"identifiers": {"scryfallId": "71225de3-5a99-41e3-b22c-b0aa5f9198f2"}, "language": "German", "name": "Feuerwanderer der Suq'Ata", "text": "Der Feuerwanderer der Suq'Ata kann nicht das Ziel von roten Zaubersprüchen oder Effekten sein.\n{T}: Der Feuerwanderer der Suq'Ata fügt einer Kreatur oder einem Spieler Deiner Wahl 1 Schadenspunkt zu.", "type": "Beschwörung eines Zauberers"}, {"identifiers": {"scryfallId": "8529f600-6774-413e-b241-b46319bb3499"}, "language": "Spanish", "name": "Fakir de Suq'Ata"}, {"identifiers": {"scryfallId": "45459be6-d4fa-4aa7-9f91-07fa6eb326db"}, "language": "French", "name": "Marchefeu souk'ata"}, {"identifiers": {"scryfallId": "32d2447d-cde6-4583-b3f6-32c3afc90469"}, "language": "Italian", "name": "Calcafuoco di Suq'Ata"}, {"identifiers": {"scryfallId": "89b5655c-2542-4a0b-9ced-0e4be59bb2c7"}, "language": "Japanese", "name": "スークアタの火渡り"}, {"identifiers": {"scryfallId": "3fc2e524-aea8-41c1-ac9e-541684e4145a"}, "language": "Portuguese (Brazil)", "name": "Andarilho do Fogo de SoukíAta"}], "frameVersion": "1997", "hasFoil": false, "hasNonFoil": true, "identifiers": {"cardsphereId": "30401", "mcmId": "8145", "mcmMetaId": "5727", "mtgjsonV4Id": "2defa636-826d-580d-a152-8172027c2a8b", "mtgoFoilId": "7344", "mtgoId": "7343", "multiverseId": "3365", "scryfallCardBackId": "0aeebaf5-8c7d-4636-9e82-8c27447861f7", "scryfallId": "b8a7c22e-fe96-4960-96d4-ee85abec3281", "scryfallIllustrationId": "92136833-85d8-407c-9fae-59df7757f672", "scryfallOracleId": "c9c0bb7e-8dfc-481c-80f7-b6652b63df39", "tcgplayerProductId": "5249"}, "isFoil": false, "language": "English", "layout": "normal", "legalities": {"commander": "Legal", "duel": "Legal", "legacy": "Legal", "oathbreaker": "Legal", "paupercommander": "Restricted", "predh": "Legal", "premodern": "Legal", "vintage": "Legal"}, "manaCost": "{1}{U}{U}", "manaValue": 3.0, "name": "Suq'Ata Firewalker", "number": "94", "originalText": "Suq'Ata Firewalker cannot be the target of red spells or effects.\noc\nT: Suq'Ata Firewalker deals 1 damage to target creature or player.", "originalType": "Summon - Wizard", "power": "0", "printings": ["MIR", "PLST"], "purchaseUrls": {"cardmarket": "https://mtgjson.com/links/1b3eaeed81eb63fe", "tcgplayer": "https://mtgjson.com/links/480b655fd1d9d903"}, "rarity": "uncommon", "setCode": "MIR", "sourceProducts": {"nonfoil": ["96a16e8c-7695-5768-aa9d-f84cc295a5ca", "fc64e977-1e91-5da0-804e-09ec7e9d5241"]}, "subtypes": ["Human", "Wizard"], "supertypes": [], "text": "Suq'Ata Firewalker can't be the target of red spells or abilities from red sources.\n{T}: Suq'Ata Firewalker deals 1 damage to any target.", "toughness": "1", "type": "Creature — Human Wizard", "types": ["Creature"], "uuid": "d5bc82aa-d34c-557c-8fa8-e703cf8d16a6"}, {"artist": "John Matson", "artistIds": ["a1685587-4b55-446b-b420-c37b202ed3f1"], "availability": ["mtgo", "paper"], "boosterTypes": ["default"], "borderColor": "black", "colorIdentity": [], "colors": [], "convertedManaCost": 4.0, "count": 1, "edhrecRank": 7577, "edhrecSaltiness": 0.38, "finishes": ["nonfoil"], "flavorText": "\"In Barrin's name!\" cried Lyna as Hanna's sword passed through her, \"Ertai sends word that the portal is open—but not for long!\"", "foreignData": [{"identifiers": {"scryfallId": "b1448c20-f0f6-411e-abb3-f740690ca355"}, "language": "German", "name": "Flackerndes Portal", "text": "1, {T}: Bringe eine Kreatur Deiner Wahl auf die Hand ihres Besitzers zurück, wenn ihr Beherrscher nicht 1 bezahlt.", "type": "Artefakt"}, {"identifiers": {"scryfallId": "0633303e-c57a-4cb1-b3e3-8e7bd9515dee"}, "language": "Spanish", "name": "Portal errático"}, {"identifiers": {"scryfallId": "8f8197de-9e50-4255-b9f0-0097834c040f"}, "language": "French", "name": "Portail intermittent"}, {"identifiers": {"scryfallId": "3c74ba9e-8c9c-4060-be4b-9690005e81d0"}, "language": "Italian", "name": "Portale Instabile"}, {"identifiers": {"scryfallId": "002e25bc-fae2-4c84-84c6-f21ed47256d5"}, "language": "Japanese", "name": "移ろいの門"}, {"identifiers": {"scryfallId": "87b7443e-14f0-4ab4-8c2b-8c9d5da07fa8"}, "language": "Portuguese (Brazil)", "name": "Portal Errático"}], "frameVersion": "1997", "hasFoil": false, "hasNonFoil": true, "identifiers": {"cardsphereId": "17200", "mcmId": "9360", "mcmMetaId": "1855", "mtgjsonV4Id": "5e3d8d13-4684-5f2b-9df8-83ea3392eeb5", "mtgoFoilId": "10646", "mtgoId": "10645", "multiverseId": "6163", "scryfallCardBackId": "0aeebaf5-8c7d-4636-9e82-8c27447861f7", "scryfallId": "2e652007-02f0-424f-b52c-c1540d1939bd", "scryfallIllustrationId": "b9883cee-c5f2-47c2-9bda-04f439d9ff63", "scryfallOracleId": "4a85cd7e-625b-4043-b7f1-999def26eb36", "tcgplayerProductId": "4322"}, "isFoil": false, "language": "English", "layout": "normal", "legalities": {"commander": "Legal", "duel": "Legal", "legacy": "Legal", "oathbreaker": "Legal", "penny": "Legal", "predh": "Legal", "premodern": "Legal", "vintage": "Legal"}, "manaCost": "{4}", "manaValue": 4.0, "name": "Erratic Portal", "number": "132", "originalText": "o1, oc\nT: Return target creature to owner's hand unless its controller pays o1.", "originalType": "Artifact", "printings": ["EXO", "MB2", "PLST", "PRM", "TPR"], "purchaseUrls": {"cardmarket": "https://mtgjson.com/links/41960114e73759e9", "tcgplayer": "https://mtgjson.com/links/c1f69e40936b22b6"}, "rarity": "rare", "setCode": "EXO", "sourceProducts": {"nonfoil": ["7a001473-a0b3-52e5-a0a2-2c86ce098008", "99f6ac66-be04-571b-bb65-c0f6a4e0e6e0"]}, "subtypes": [], "supertypes": [], "text": "{1}, {T}: Return target creature to its owner's hand unless its controller pays {1}.", "type": "Artifact", "types": ["Artifact"], "uuid": "ae4cfad0-ea30-5046-8ffc-0cf995df16e5"}, {"artist": "Quinton Hoover", "artistIds": ["1a2db619-92a5-431a-822b-101cdcc5bd5d"], "availability": ["paper"], "boosterTypes": ["default"], "borderColor": "white", "colorIdentity": [], "colors": [], "convertedManaCost": 2.0, "count": 2, "edhrecRank": 17, "edhrecSaltiness": 0.15, "finishes": ["nonfoil"], "flavorText": "Throw stones, and throw away the world.\n—Dwarven proverb", "foreignData": [{"identifiers": {"scryfallId": "bbba7c05-7746-44db-aa47-b10b52b99a28"}, "language": "German", "name": "Fellwarstein", "text": "{T}: Erhöhe Deinen Manavorrat um ein Mana eines Typs, den ein Land eines Gegners produzieren kann. Spiele diese Fähigkeit wie eine Manaquelle.", "type": "Artefakt"}, {"identifiers": {"scryfallId": "9dbe4b59-fb42-414d-adb9-8c4ff8aba946"}, "language": "Spanish", "name": "Piedra de Fellwar"}, {"identifiers": {"scryfallId": "ea2701b6-28c8-4809-82d1-ed40eedda89c"}, "language": "French", "name": "Pierre de Guermont"}, {"identifiers": {"scryfallId": "38027ae3-b2e6-4a71-ac60-8f2749195cbd"}, "language": "Italian", "name": "Pietra Fellwar"}, {"identifiers": {"scryfallId": "24edfce5-61c2-436b-a4f7-91eb7649879e"}, "language": "Japanese", "name": "友なる石"}, {"identifiers": {"scryfallId": "b2b2db9c-890e-4bb6-bf3e-e1cea44f0572"}, "language": "Portuguese (Brazil)", "name": "A Pedra Fellwar"}], "frameVersion": "1997", "hasFoil": false, "hasNonFoil": true, "identifiers": {"cardsphereId": "1284", "mcmId": "9740", "mcmMetaId": "1988", "mtgjsonV4Id": "9dac4f50-3db4-5c92-91dd-f13a2da3c059", "multiverseId": "3781", "scryfallCardBackId": "0aeebaf5-8c7d-4636-9e82-8c27447861f7", "scryfallId": "2716dacb-4fb7-4fa8-869d-22af82920564", "scryfallIllustrationId": "2653a045-2f65-47ce-b526-1d650aedbe21", "scryfallOracleId": "95560508-7ac9-4be9-8a3f-3c7d5b52807b", "tcgplayerProductId": "2144"}, "isFoil": false, "isReprint": true, "language": "English", "layout": "normal", "legalities": {"commander": "Legal", "duel": "Legal", "legacy": "Legal", "modern": "Legal", "oathbreaker": "Legal", "oldschool": "Legal", "pauper": "Legal", "paupercommander": "Legal", "predh": "Legal", "premodern": "Legal", "vintage": "Legal"}, "manaCost": "{2}", "manaValue": 2.0, "name": "Fellwar Stone", "number": "369", "originalText": "oc\nT: Add to your mana pool one mana of any type that any opponent's lands can produce. Play this ability as a mana source.", "originalType": "Artifact", "printings": ["4BB", "4ED", "5ED", "9ED", "AFC", "BLC", "BRC", "C15", "C16", "C17", "CLB", "CM2", "CMD", "CMM", "DMC", "DRK", "ME3", "MKC", "MOC", "NCC", "NEC", "ONC", "OTC", "PLST", "PTC", "REN", "SLD", "WOC"], "purchaseUrls": {"cardmarket": "https://mtgjson.com/links/c5bbc540e71381e6", "tcgplayer": "https://mtgjson.com/links/f315c55335265b12"}, "rarity": "uncommon", "rulings": [{"date": "2004-10-04", "text": "It only produces one mana even if the land can produce more than one."}, {"date": "2004-10-04", "text": "The ability can be activated if the opponent has no lands that produce mana, but the effect will not be able to generate any mana."}, {"date": "2004-10-04", "text": "This works even if the opponent's lands are tapped. It only checks what kinds of mana can be produced, not if the abilities that produce them are usable right now."}, {"date": "2009-10-01", "text": "Fellwar Stone checks the effects of all mana-producing abilities of lands your opponents control, but it doesn't check their costs. For example, Vivid Crag has the ability \"{T}, Remove a charge counter from Vivid Crag: Add one mana of any color.\" If an opponent controls Vivid Crag and you control Fellwar Stone, you can tap Fellwar Stone for any color of mana. It doesn't matter whether Vivid Crag has a charge counter on it, and it doesn't matter whether it's untapped."}, {"date": "2009-10-01", "text": "Fellwar Stone doesn't care about any restrictions or riders your opponents' lands (such as Ancient Ziggurat or Hall of the Bandit Lord) put on the mana they produce. It just cares about colors of mana."}, {"date": "2009-10-01", "text": "The colors of mana are white, blue, black, red, and green. Fellwar Stone can't be tapped for colorless mana, even if a land an opponent controls could produce colorless mana."}, {"date": "2009-10-01", "text": "When determining what colors of mana your opponents' lands could produce, take into account any applicable replacement effects that would apply to those lands' mana abilities (such as Contamination's effect, for example). If there is more than one, consider them in any possible order."}], "setCode": "5ED", "sourceProducts": {"nonfoil": ["93389a2e-9a5e-5ef4-9afe-60898199b905", "ec6e6678-3869-57ab-ab9a-d210e16fbaa9"]}, "subtypes": [], "supertypes": [], "text": "{T}: Add one mana of any color that a land an opponent controls could produce.", "type": "Artifact", "types": ["Artifact"], "uuid": "deb654c3-3750-57a6-acb6-f1b8ecafebe5"}, {"artist": "Mark Tedin", "artistIds": ["9ee9a9cc-c09e-486f-918b-69f80cbc4188"], "availability": ["paper"], "boosterTypes": ["default"], "borderColor": "white", "colorIdentity": [], "colors": [], "convertedManaCost": 2.0, "count": 4, "edhrecRank": 2186, "edhrecSaltiness": 2.99, "finishes": ["nonfoil"], "flavorText": "\"When once winter has ahold,\nNot willingly does she withdraw\nHer icy touch, wistfully caressing—\nThe deepened air sleeps its cold.\"\n—Aline Corralurn, \"Late Thaw\"", "foreignData": [{"identifiers": {"scryfallId": "c3a27eda-598b-40d9-b1cc-b2f5ea67ac79"}, "language": "German", "name": "Frostbringer", "text": "Spieler können während ihrer Enttap-Phase nicht mehr als ein Land enttappen.", "type": "Artefakt"}, {"identifiers": {"scryfallId": "6ed126b3-b3a2-427d-a8dd-fc07af5326b0"}, "language": "Spanish", "name": "Orbe invernal"}, {"identifiers": {"scryfallId": "0b18bb6d-5b93-40cf-a292-5b9f487b6763"}, "language": "French", "name": "Orbe de l'hiver"}, {"identifiers": {"scryfallId": "8d1e1b40-3d04-417c-9f3d-508ed36bfe8a"}, "language": "Italian", "name": "Globo dell'Inverno"}, {"identifiers": {"scryfallId": "3b8644b9-4127-4fbf-86b2-3978cc0576fe"}, "language": "Japanese", "name": "冬の宝珠"}, {"identifiers": {"scryfallId": "a01ec5b9-1bbf-4025-9883-5bc81efb5cfc"}, "language": "Portuguese (Brazil)", "name": "Orbe Hibernal"}], "frameVersion": "1997", "hasFoil": false, "hasNonFoil": true, "identifiers": {"cardsphereId": "1589", "mcmId": "9779", "mcmMetaId": "6663", "mtgjsonV4Id": "c5deeb28-ca99-5d7b-9175-a0837b589e34", "multiverseId": "3820", "scryfallCardBackId": "0aeebaf5-8c7d-4636-9e82-8c27447861f7", "scryfallId": "3a674ec8-5531-4d06-aa57-929c6ac29238", "scryfallIllustrationId": "702cc171-ec95-47ff-aae4-ad80d33736d2", "scryfallOracleId": "1dcbd583-3388-4b34-a7cd-131648aa6abd", "tcgplayerProductId": "2449"}, "isFoil": false, "isReprint": true, "language": "English", "layout": "normal", "legalities": {"commander": "Legal", "duel": "Legal", "legacy": "Legal", "oathbreaker": "Legal", "oldschool": "Legal", "predh": "Legal", "premodern": "Legal", "vintage": "Legal"}, "manaCost": "{2}", "manaValue": 2.0, "name": "Winter Orb", "number": "408", "originalText": "Players cannot untap more than one land during their untap phases.", "originalType": "Artifact", "printings": ["2ED", "30A", "3ED", "4BB", "4ED", "5ED", "CED", "CEI", "EMA", "FBB", "LEA", "LEB", "ME1", "PRM", "PTC", "SLD", "SUM", "WC97"], "purchaseUrls": {"cardmarket": "https://mtgjson.com/links/bf3b81caa62c340a", "tcgplayer": "https://mtgjson.com/links/fcc0dfd6aeb0abbd"}, "rarity": "rare", "rulings": [{"date": "2016-06-08", "text": "All permanents untap during a player’s untap step at once. If Winter Orb is tapped as your untap step begins, your lands will all untap."}, {"date": "2016-06-08", "text": "You can’t tap Winter Orb just because you want to. Another ability, such as that of Glare of Subdual, must instruct or allow you to do so."}], "setCode": "5ED", "sourceProducts": {"nonfoil": ["93389a2e-9a5e-5ef4-9afe-60898199b905", "ec6e6678-3869-57ab-ab9a-d210e16fbaa9"]}, "subtypes": [], "supertypes": [], "text": "As long as Winter Orb is untapped, players can't untap more than one land during their untap steps.", "type": "Artifact", "types": ["Artifact"], "uuid": "54cd66c1-1694-553e-9e88-f521c93b9c60"}, {"artist": "Daren Bader", "artistIds": ["7da1a585-c875-45e4-b322-5da9e8e1f651"], "availability": ["mtgo", "paper"], "boosterTypes": ["default"], "borderColor": "black", "colorIdentity": ["U"], "colors": ["U"], "convertedManaCost": 2.0, "count": 1, "edhrecRank": 14908, "edhrecSaltiness": 0.1, "finishes": ["nonfoil"], "foreignData": [{"identifiers": {"scryfallId": "7564ede5-00b8-43b4-b296-400a58f70eef"}, "language": "German", "name": "Verführerisches Vermächtnis", "text": "Du kannst während Deiner Versorgungsphase eine Schatzmarke auf das Verführerische Vermächtnis.\nOpfere das Verführerische Vermächtnis: Übernimm die Kontrolle über eine Kreatur Deiner Wahl, deren Stärke nicht größer als die Anzahl der Schatzmarken auf dem Verführerischen Vermächtnis ist.", "type": "Verzauberung"}, {"identifiers": {"scryfallId": "328a99bb-540d-4959-b309-dd8c4b0e3b49"}, "language": "Spanish", "name": "La tentación del Legado"}, {"identifiers": {"scryfallId": "c2d4c6fb-c45d-4591-879e-31144a4ff994"}, "language": "French", "name": "Attirance vers l'Héritage"}, {"identifiers": {"scryfallId": "8c872b95-fa67-47f7-a413-bf35acb45591"}, "language": "Italian", "name": "Seduzione dell'Eredità"}, {"identifiers": {"scryfallId": "9955d330-6d06-46c6-8875-e7a43264f26a"}, "language": "Japanese", "name": "レガシーの魅惑"}, {"identifiers": {"scryfallId": "8fb9470b-42ba-4440-a238-ebc3922cdfc8"}, "language": "Portuguese (Brazil)", "name": "Fascínio do Legado"}], "frameVersion": "1997", "hasFoil": false, "hasNonFoil": true, "identifiers": {"cardsphereId": "43226", "mcmId": "8806", "mcmMetaId": "3238", "mtgjsonV4Id": "abffadba-be7c-58c1-ad4c-d7b481c1c3ee", "mtgoFoilId": "10110", "mtgoId": "10109", "multiverseId": "4708", "scryfallCardBackId": "0aeebaf5-8c7d-4636-9e82-8c27447861f7", "scryfallId": "649a89c5-71bd-4fee-ae35-78081e4e0353", "scryfallIllustrationId": "0aa5f571-8f73-410a-9448-7e033c31c509", "scryfallOracleId": "106ca7bd-6dad-43fe-af58-8667ebddb2eb", "tcgplayerProductId": "5608"}, "isFoil": false, "language": "English", "layout": "normal", "legalities": {"commander": "Legal", "duel": "Legal", "legacy": "Legal", "oathbreaker": "Legal", "penny": "Legal", "predh": "Legal", "premodern": "Legal", "vintage": "Legal"}, "manaCost": "{U}{U}", "manaValue": 2.0, "name": "Legacy's Allure", "number": "71", "originalText": "During your upkeep, you may put a treasure counter on Legacy's Allure.\nSacrifice Legacy's Allure: Permanently gain control of target creature with power no greater than the number of treasure counters on Legacy's Allure.", "originalType": "Enchantment", "printings": ["PLST", "TMP", "TPR"], "purchaseUrls": {"cardmarket": "https://mtgjson.com/links/756111a9ad57d661", "tcgplayer": "https://mtgjson.com/links/e0353c0add0a8edc"}, "rarity": "uncommon", "rulings": [{"date": "2004-10-04", "text": "The “power less than or equal to the number of treasure counters on this card” restriction is a targeting restriction and will be checked on resolution in addition to on announcement. If the creature’s power changes to be greater than this before the effect resolves, then the Legacy’s Allure triggered ability doesn’t resolve, but the card stays in the graveyard."}], "setCode": "TMP", "sourceProducts": {"nonfoil": ["21b87b9c-d0f2-5a4b-aee7-163c9813a3aa", "96d0588c-79f4-53ac-bb27-23020e7d60a7", "99f6ac66-be04-571b-bb65-c0f6a4e0e6e0", "a05d989b-0281-5d5a-85ac-b1c82c008661"]}, "subtypes": [], "supertypes": [], "text": "At the beginning of your upkeep, you may put a treasure counter on Legacy's Allure.\nSacrifice Legacy's Allure: Gain control of target creature with power less than or equal to the number of treasure counters on Legacy's Allure. (This effect lasts indefinitely.)", "type": "Enchantment", "types": ["Enchantment"], "uuid": "1560a1af-eb61-55c2-82f3-ac3c737e7610"}, {"artist": "Jeff Miracola", "artistIds": ["9b465bde-3656-4495-ace4-af4ce29999ed"], "availability": ["mtgo", "paper"], "boosterTypes": ["default"], "borderColor": "black", "colorIdentity": ["U"], "colors": ["U"], "convertedManaCost": 3.0, "count": 2, "edhrecRank": 175, "edhrecSaltiness": 1.1, "finishes": ["nonfoil"], "flavorText": "\"You've failed Gerrard. You've failed the Legacy. You've failed yourself. I can do no more.\"\n—Volrath, to Karn", "foreignData": [{"identifiers": {"scryfallId": "281592c2-d4e4-4b6e-9ee9-b9c97335c1f2"}, "language": "German", "name": "Propaganda", "text": "Kreaturen können nicht angreifen, wenn ihr Beherrscher nicht zusätzlich {2} für diese Kreatur bezahlt.", "type": "Verzauberung"}, {"identifiers": {"scryfallId": "649da005-6c0c-40f3-b3be-005f2603997e"}, "language": "Spanish", "name": "Propaganda"}, {"identifiers": {"scryfallId": "0c4a751f-c686-41ff-8224-4f4736d25ef7"}, "language": "French", "name": "Propagande"}, {"identifiers": {"scryfallId": "f329ef4f-1b62-4d56-8ae2-7db8dd1f4904"}, "language": "Italian", "name": "Propaganda"}, {"identifiers": {"scryfallId": "8f0af79e-9734-4b0d-8714-e7b908972b33"}, "language": "Japanese", "name": "プロパガンダ"}, {"identifiers": {"scryfallId": "fe56366d-a9ef-475c-b37b-bca3c18a1c03"}, "language": "Portuguese (Brazil)", "name": "Propaganda"}], "frameVersion": "1997", "hasFoil": false, "hasNonFoil": true, "identifiers": {"cardsphereId": "43293", "mcmId": "8815", "mcmMetaId": "4352", "mtgjsonV4Id": "434cbe15-4f1a-5df2-afe1-acea43aba96a", "mtgoFoilId": "10118", "mtgoId": "10117", "multiverseId": "4718", "scryfallCardBackId": "0aeebaf5-8c7d-4636-9e82-8c27447861f7", "scryfallId": "f67dde4d-3df1-480d-a8b8-ab22c768bb12", "scryfallIllustrationId": "944d9b5d-0537-4cd7-b6a0-9245c5703727", "scryfallOracleId": "ea9709b6-4c37-4d5a-b04d-cd4c42e4f9dd", "tcgplayerProductId": "5675"}, "isFoil": false, "language": "English", "layout": "normal", "legalities": {"commander": "Legal", "duel": "Legal", "legacy": "Legal", "modern": "Legal", "oathbreaker": "Legal", "predh": "Legal", "premodern": "Legal", "vintage": "Legal"}, "manaCost": "{2}{U}", "manaValue": 3.0, "name": "Propaganda", "number": "80", "originalText": "Each turn, each creature cannot attack you unless its controller pays an additional o2 for that creature.", "originalType": "Enchantment", "printings": ["ACR", "AFC", "C13", "C16", "C20", "CLB", "CMD", "M3C", "OTC", "PLST", "PZ1", "SLD", "TMP", "WHO"], "purchaseUrls": {"cardmarket": "https://mtgjson.com/links/67e7f6a792cd41aa", "tcgplayer": "https://mtgjson.com/links/8c461eea49c90d48"}, "rarity": "uncommon", "rulings": [{"date": "2004-10-04", "text": "If there are multiple attacks in a turn, then you have to pay for each attack."}, {"date": "2004-10-04", "text": "If there is more than one Propaganda on the battlefield, the cost is cumulative."}, {"date": "2004-10-04", "text": "Paying this cost is not an instant or any other kind of ability, it is an additional cost on the declaration of the attacker."}, {"date": "2004-10-04", "text": "The payment is made during the declare attackers step at the same time you are declaring the attacker."}, {"date": "2007-02-01", "text": "In the Two-Headed Giant format, you still only have to pay once per creature."}, {"date": "2014-02-01", "text": "Unless some effect explicitly says otherwise, a creature that can't attack you can still attack a planeswalker you control."}], "setCode": "TMP", "sourceProducts": {"nonfoil": ["21b87b9c-d0f2-5a4b-aee7-163c9813a3aa", "6d38f0be-a161-5c27-94e3-f3430d3274d6", "96d0588c-79f4-53ac-bb27-23020e7d60a7", "99f6ac66-be04-571b-bb65-c0f6a4e0e6e0"]}, "subtypes": [], "supertypes": [], "text": "Creatures can't attack you unless their controller pays {2} for each creature they control that's attacking you.", "type": "Enchantment", "types": ["Enchantment"], "uuid": "70bc2262-21c2-539d-affb-f5e9bb187ae3"}, {"artist": "Tom Wänerstrand", "artistIds": ["c4e0aa7c-a008-4d71-80ce-d5a1ca0b251b"], "availability": ["mtgo", "paper"], "boosterTypes": ["default"], "borderColor": "black", "colorIdentity": ["U"], "colors": ["U"], "convertedManaCost": 3.0, "count": 2, "edhrecRank": 3278, "edhrecSaltiness": 0.95, "finishes": ["nonfoil"], "foreignData": [{"identifiers": {"scryfallId": "77917d4d-2317-413a-9931-527b286d44fb"}, "language": "German", "name": "Kentern", "text": "Rückkauf 3\nBringe eine bleibende Karte Deiner Wahl zurück auf die Hand ihres Besitzers.", "type": "Spontanzauber"}, {"identifiers": {"scryfallId": "7be758b3-465e-46b0-a429-95acd3c21d27"}, "language": "Spanish", "name": "Invertir"}, {"identifiers": {"scryfallId": "8cfc98d2-a38a-4a83-9a37-a01b1357e168"}, "language": "French", "name": "Chavirage"}, {"identifiers": {"scryfallId": "852a20d7-f7b7-4650-bdc0-fcb606edd62b"}, "language": "Italian", "name": "Rovesciare"}, {"identifiers": {"scryfallId": "52a56fe4-f73e-4c40-8bd6-7c31fc44bef3"}, "language": "Japanese", "name": "転覆"}, {"identifiers": {"scryfallId": "049ad187-3061-493d-ae8e-3246166da6cf"}, "language": "Portuguese (Brazil)", "name": "Soçobrar"}], "frameVersion": "1997", "hasFoil": false, "hasNonFoil": true, "identifiers": {"cardsphereId": "43099", "mcmId": "8790", "mcmMetaId": "816", "mtgjsonV4Id": "7b43b528-54da-560a-9a79-82859eabb9ca", "mtgoFoilId": "9642", "mtgoId": "9641", "multiverseId": "4691", "scryfallCardBackId": "0aeebaf5-8c7d-4636-9e82-8c27447861f7", "scryfallId": "e538b359-d893-422d-9d60-5f3e8ee0fa9e", "scryfallIllustrationId": "e0081945-1eeb-4e2c-b8c8-c1a64c3cf8f7", "scryfallOracleId": "77637eff-2963-4402-88f3-ca346f762fc8", "tcgplayerProductId": "5481"}, "isFoil": false, "keywords": ["Buyback"], "language": "English", "layout": "normal", "legalities": {"commander": "Legal", "duel": "Legal", "legacy": "Legal", "oathbreaker": "Legal", "pauper": "Legal", "paupercommander": "Legal", "predh": "Legal", "premodern": "Legal", "vintage": "Legal"}, "manaCost": "{1}{U}{U}", "manaValue": 3.0, "name": "Capsize", "number": "55", "originalText": "Buyback o3 (You may pay an additional o3 when you play this spell. If you do, put it into your hand instead of your graveyard as part of the spell's effect.)\nReturn target permanent to owner's hand.", "originalType": "Instant", "printings": ["F03", "MP2", "PRM", "TD0", "TMP", "TPR", "WC98"], "purchaseUrls": {"cardmarket": "https://mtgjson.com/links/26dd4965f33040ff", "tcgplayer": "https://mtgjson.com/links/a938253b9dfe5a03"}, "rarity": "common", "setCode": "TMP", "sourceProducts": {"nonfoil": ["21b87b9c-d0f2-5a4b-aee7-163c9813a3aa", "6d38f0be-a161-5c27-94e3-f3430d3274d6", "96d0588c-79f4-53ac-bb27-23020e7d60a7", "99f6ac66-be04-571b-bb65-c0f6a4e0e6e0", "e4c3266a-9dc2-56c2-a64e-487641a6ec86"]}, "subtypes": [], "supertypes": [], "text": "Buyback {3} (You may pay an additional {3} as you cast this spell. If you do, put this card into your hand as it resolves.)\nReturn target permanent to its owner's hand.", "type": "Instant", "types": ["Instant"], "uuid": "fa277afa-5e22-5f66-8f57-a1b36c0bd4c9"}, {"artist": "Stephen Daniele", "artistIds": ["a267f9bb-072b-410a-a704-50f4d19020d8"], "availability": ["mtgo", "paper"], "boosterTypes": ["default"], "borderColor": "black", "colorIdentity": ["U"], "colors": ["U"], "convertedManaCost": 2.0, "count": 4, "edhrecRank": 16, "edhrecSaltiness": 0.79, "finishes": ["nonfoil"], "flavorText": "\"It was probably a lousy spell in the first place.\"\n—Ertai, wizard adept", "foreignData": [{"identifiers": {"scryfallId": "34ba0f85-61fb-43b8-aec4-0f9582db0d09"}, "language": "German", "name": "Gegenzauber", "text": "Neutralisiere einen Zauberspruch Deiner Wahl.", "type": "Unterbrechungszauber"}, {"identifiers": {"scryfallId": "6d523ef8-feb8-4269-b620-862a4b7b5dc4"}, "language": "Spanish", "name": "Contrahechizo"}, {"identifiers": {"scryfallId": "fbe63040-b69b-4494-81cb-7f099c0ca23c"}, "language": "French", "name": "Contresort"}, {"identifiers": {"scryfallId": "0df18442-4b43-4059-a1df-a633e8150c68"}, "language": "Italian", "name": "Contromagia"}, {"identifiers": {"scryfallId": "9f9b6293-05cc-4f08-8532-c962acd18adf"}, "language": "Japanese", "name": "対抗呪文"}, {"identifiers": {"scryfallId": "1208a59c-b72c-4c35-9671-4c8ab4129091"}, "language": "Portuguese (Brazil)", "name": "Contramágica"}], "frameVersion": "1997", "hasFoil": false, "hasNonFoil": true, "identifiers": {"cardsphereId": "43121", "mcmId": "8792", "mcmMetaId": "1158", "mtgjsonV4Id": "84ad3c8b-f6eb-5e87-b868-05be7b630273", "mtgoFoilId": "9632", "mtgoId": "9631", "multiverseId": "4693", "scryfallCardBackId": "0aeebaf5-8c7d-4636-9e82-8c27447861f7", "scryfallId": "dacdd380-71cf-4832-bd02-3697501325f3", "scryfallIllustrationId": "02602346-cc8d-429d-bc6e-3a6495067172", "scryfallOracleId": "cc187110-1148-4090-bbb8-e205694a39f5", "tcgplayerProductId": "5503"}, "isFoil": false, "isReprint": true, "language": "English", "layout": "normal", "legalities": {"brawl": "Legal", "commander": "Legal", "duel": "Legal", "gladiator": "Legal", "historic": "Banned", "legacy": "Legal", "modern": "Legal", "oathbreaker": "Legal", "pauper": "Legal", "paupercommander": "Legal", "predh": "Legal", "premodern": "Legal", "timeless": "Legal", "vintage": "Legal"}, "manaCost": "{U}{U}", "manaValue": 2.0, "name": "Counterspell", "number": "57", "originalText": "Counter target spell.", "originalType": "Interrupt", "printings": ["2ED", "30A", "3ED", "4BB", "4ED", "5ED", "6ED", "7ED", "A25", "BRB", "BTD", "CED", "CEI", "CMM", "CMR", "DD2", "DMR", "EMA", "F05", "FBB", "G00", "GN3", "ICE", "JVC", "LEA", "LEB", "MB2", "ME2", "ME4", "MH2", "MMQ", "MP2", "PF24", "PLGM", "PLST", "PMEI", "PRM", "PTC", "S99", "SCD", "SLD", "SS1", "STA", "SUM", "TMP", "TPR", "VMA", "WC00", "WC01", "WC02", "WC97", "WC98"], "purchaseUrls": {"cardmarket": "https://mtgjson.com/links/01b0335844607920", "tcgplayer": "https://mtgjson.com/links/eddbac9ced64d372"}, "rarity": "common", "setCode": "TMP", "sourceProducts": {"nonfoil": ["21b87b9c-d0f2-5a4b-aee7-163c9813a3aa", "4a57a3e3-c3ca-5acc-b474-e7a444414499", "6d38f0be-a161-5c27-94e3-f3430d3274d6", "96d0588c-79f4-53ac-bb27-23020e7d60a7", "99f6ac66-be04-571b-bb65-c0f6a4e0e6e0", "a05d989b-0281-5d5a-85ac-b1c82c008661", "e4c3266a-9dc2-56c2-a64e-487641a6ec86"]}, "subtypes": [], "supertypes": [], "text": "Counter target spell.", "type": "Instant", "types": ["Instant"], "uuid": "03debc19-ddaa-5ff2-9474-f2bb9e3210f4"}, {"artist": "John Matson", "artistIds": ["a1685587-4b55-446b-b420-c37b202ed3f1"], "availability": ["paper"], "boosterTypes": ["default"], "borderColor": "white", "colorIdentity": ["U"], "colors": ["U"], "convertedManaCost": 1.0, "count": 2, "edhrecRank": 11905, "edhrecSaltiness": 0.38, "finishes": ["nonfoil"], "flavorText": "\"Unknown spears / Suddenly hurtle before my dream-awakened eyes . . . .\"\n—William Butler Yeats, \"The Valley of the Black Pig\"", "foreignData": [{"identifiers": {"scryfallId": "ca044039-4d3d-4d9e-9c77-7a6fc479d27c"}, "language": "German", "name": "Dorn der Macht", "text": "Neutralisiere einen Zauberspruch Deiner Wahl, wenn dessen Urheber nicht zusätzlich 1 bezahlt.", "type": "Unterbrechungszauber"}, {"identifiers": {"scryfallId": "eb230cb4-fab8-4361-9830-2dfb647d471c"}, "language": "Spanish", "name": "Descarga de fuerza"}, {"identifiers": {"scryfallId": "d8325131-8ad3-4ce1-bd3c-3705ed590a75"}, "language": "French", "name": "Chiquenaude de force"}, {"identifiers": {"scryfallId": "0e418628-0d61-4304-915f-b5763ea7a909"}, "language": "Italian", "name": "Aculeo della Forza"}, {"identifiers": {"scryfallId": "8e648220-2b77-4055-9634-8cce9d66a69b"}, "language": "Japanese", "name": "魔力の乱れ"}, {"identifiers": {"scryfallId": "760ea597-b8db-46e3-9be4-3a555d40d67b"}, "language": "Portuguese (Brazil)", "name": "Acúleo da Força"}], "frameVersion": "1997", "hasFoil": false, "hasNonFoil": true, "identifiers": {"cardsphereId": "1296", "mcmId": "9460", "mcmMetaId": "2169", "mtgjsonV4Id": "812ec108-aeea-5e81-b27f-f10334bfdf13", "multiverseId": "3909", "scryfallCardBackId": "0aeebaf5-8c7d-4636-9e82-8c27447861f7", "scryfallId": "ba23d540-8c2d-4a42-b4c0-86f0988bd1ce", "scryfallIllustrationId": "ae8363f4-141e-47ca-b80c-862c3919540c", "scryfallOracleId": "896ea218-3019-47e4-b0a0-2487335872bb", "tcgplayerProductId": "2157"}, "isFoil": false, "isReprint": true, "language": "English", "layout": "normal", "legalities": {"commander": "Legal", "duel": "Legal", "legacy": "Legal", "oathbreaker": "Legal", "pauper": "Legal", "paupercommander": "Legal", "predh": "Legal", "premodern": "Legal", "vintage": "Legal"}, "manaCost": "{U}", "manaValue": 1.0, "name": "Force Spike", "number": "88", "originalText": "Counter target spell unless its caster pays an additional o1.", "originalType": "Interrupt", "printings": ["5ED", "7ED", "DDJ", "F07", "J21", "LEG", "ME3", "PLST", "PRM", "WC98"], "purchaseUrls": {"cardmarket": "https://mtgjson.com/links/fd838152e4fc2afe", "tcgplayer": "https://mtgjson.com/links/d14230d6bf8ee2e2"}, "rarity": "common", "rulings": [{"date": "2004-10-04", "text": "The payment is optional."}], "setCode": "5ED", "sourceProducts": {"nonfoil": ["93389a2e-9a5e-5ef4-9afe-60898199b905", "ec6e6678-3869-57ab-ab9a-d210e16fbaa9"]}, "subtypes": [], "supertypes": [], "text": "Counter target spell unless its controller pays {1}.", "type": "Instant", "types": ["Instant"], "uuid": "91421c32-3389-5b21-89dd-547be23f950f"}, {"artist": "Bryan Talbot", "artistIds": ["76427e43-406f-43f9-bf47-14147f53cebb"], "availability": ["mtgo", "paper"], "boosterTypes": ["default"], "borderColor": "black", "colorIdentity": ["U"], "colors": ["U"], "convertedManaCost": 2.0, "count": 2, "edhrecRank": 1680, "edhrecSaltiness": 0.09, "finishes": ["nonfoil"], "flavorText": "\"Controlling time ensures you need never look impulsive again.\"\n—Teferi", "foreignData": [{"identifiers": {"scryfallId": "011a2d7c-8009-4220-9ca2-40e93b4bedfd"}, "language": "German", "name": "Impuls", "text": "Schaue Dir die obersten vier Karten Deiner Bibliothek an. Nimm eine davon auf deine Hand und lege die übrigen unter deine Bibliothek.", "type": "Spontanzauber"}, {"identifiers": {"scryfallId": "32723bbd-fa93-44a5-9de8-7227a7557d0b"}, "language": "Spanish", "name": "Impulso"}, {"identifiers": {"scryfallId": "200cecb9-a583-432b-b633-80c3539f4ca6"}, "language": "French", "name": "Impulsion"}, {"identifiers": {"scryfallId": "88563e2d-4a2a-4823-9718-8dfd4fbc6f44"}, "language": "Italian", "name": "Impulso"}, {"identifiers": {"scryfallId": "5ed892f9-69b1-453b-af97-34639397dbd9"}, "language": "Japanese", "name": "衝動"}, {"identifiers": {"scryfallId": "8e7ba7da-a116-4b67-8f24-17a41f223749"}, "language": "Portuguese (Brazil)", "name": "Impulso"}], "frameVersion": "1997", "hasFoil": false, "hasNonFoil": true, "identifiers": {"cardsphereId": "46886", "mcmId": "8435", "mcmMetaId": "2839", "mtgjsonV4Id": "b595c41e-e2be-5c0b-9079-c987264fe09f", "mtgoFoilId": "7590", "mtgoId": "7589", "multiverseId": "3641", "scryfallCardBackId": "0aeebaf5-8c7d-4636-9e82-8c27447861f7", "scryfallId": "9d710a97-062f-4773-b6c6-8aeddeb3b6e8", "scryfallIllustrationId": "01c4ad83-22ff-4138-8550-c778ec68746c", "scryfallOracleId": "f6bd2902-7f8b-419e-bbc7-bcab0c1b7e01", "tcgplayerProductId": "5860"}, "isFoil": false, "language": "English", "layout": "normal", "legalities": {"brawl": "Legal", "commander": "Legal", "duel": "Legal", "explorer": "Legal", "future": "Legal", "gladiator": "Legal", "historic": "Legal", "legacy": "Legal", "modern": "Legal", "oathbreaker": "Legal", "pauper": "Legal", "paupercommander": "Legal", "pioneer": "Legal", "predh": "Legal", "premodern": "Legal", "standard": "Legal", "standardbrawl": "Legal", "timeless": "Legal", "vintage": "Legal"}, "manaCost": "{1}{U}", "manaValue": 2.0, "name": "Impulse", "number": "34", "originalText": "Look at the top four cards of your library. Put one of them into your hand and the rest on the bottom of your library. Shuffle your library afterwards.", "originalType": "Instant", "printings": ["BBD", "BTD", "DDN", "DMR", "DMU", "F01", "GN3", "PLST", "PRM", "V13", "VIS", "WC97", "WC98"], "purchaseUrls": {"cardmarket": "https://mtgjson.com/links/af08d5a76805ce1b", "tcgplayer": "https://mtgjson.com/links/df06051a7101abf9"}, "rarity": "common", "rulings": [{"date": "2004-10-04", "text": "Due to errata, you no longer shuffle your library."}, {"date": "2004-10-04", "text": "This is not a draw."}], "setCode": "VIS", "sourceProducts": {"nonfoil": ["5a1aeba8-e8b4-543e-b108-93496c417ad4"]}, "subtypes": [], "supertypes": [], "text": "Look at the top four cards of your library. Put one of them into your hand and the rest on the bottom of your library in any order.", "type": "Instant", "types": ["Instant"], "uuid": "ae66cd65-91a4-5df7-8fab-d3cd97122fb9"}, {"artist": "Christopher Rush", "artistIds": ["c96773f0-346c-4f7d-9271-2d98cc5d86e1"], "availability": ["mtgo", "paper"], "boosterTypes": ["default"], "borderColor": "black", "colorIdentity": ["U"], "colors": ["U"], "convertedManaCost": 2.0, "count": 4, "edhrecRank": 1437, "edhrecSaltiness": 0.38, "finishes": ["nonfoil"], "flavorText": "\"The fatal flaw in every plan is the assumption that you know more than your enemy.\"\n—Volrath", "foreignData": [{"identifiers": {"scryfallId": "c713b74f-623b-4698-a5af-c2a0194d07eb"}, "language": "German", "name": "Manaleck", "text": "Neutralisiere einen Zauberspruch Deiner Wahl, wenn dessen Urheber nicht zusätzlich 3 ausgibt.", "type": "Unterbrechungszauber"}, {"identifiers": {"scryfallId": "1b9355e6-a0b3-4453-bb44-bb77a03af46c"}, "language": "Spanish", "name": "Fuga de maná"}, {"identifiers": {"scryfallId": "7af7da59-b100-450c-9bb3-5992aaf6e5e6"}, "language": "French", "name": "Fuite de mana"}, {"identifiers": {"scryfallId": "7bc18d65-6044-4203-b23e-43bd71937d14"}, "language": "Italian", "name": "Indebolimento Magico"}, {"identifiers": {"scryfallId": "efe886ea-e54d-430e-a061-8252bf42227b"}, "language": "Japanese", "name": "マナ漏出"}, {"identifiers": {"scryfallId": "441c30b6-53a7-403a-989b-dca9154f98ac"}, "language": "Portuguese (Brazil)", "name": "Fuga de Mana"}], "frameVersion": "1997", "hasFoil": false, "hasNonFoil": true, "identifiers": {"cardsphereId": "42987", "mcmId": "9121", "mcmMetaId": "3449", "mtgjsonV4Id": "f6be3d30-c889-535c-bd29-fb81554fa4d5", "mtgoFoilId": "10308", "mtgoId": "10307", "multiverseId": "5182", "scryfallCardBackId": "0aeebaf5-8c7d-4636-9e82-8c27447861f7", "scryfallId": "abcaf16d-aa02-43e2-aa38-bb1835d47a05", "scryfallIllustrationId": "a13e40b6-284c-4f88-aca1-10a1c46a138d", "scryfallOracleId": "c61fe162-2202-4e56-9ba0-393547f9875f", "tcgplayerProductId": "5369"}, "isFoil": false, "language": "English", "layout": "normal", "legalities": {"commander": "Legal", "duel": "Legal", "legacy": "Legal", "modern": "Legal", "oathbreaker": "Legal", "pauper": "Legal", "paupercommander": "Legal", "penny": "Legal", "predh": "Legal", "premodern": "Legal", "vintage": "Legal"}, "manaCost": "{1}{U}", "manaValue": 2.0, "name": "Mana Leak", "number": "36", "originalText": "Counter target spell unless its caster pays an additional o3.", "originalType": "Interrupt", "printings": ["2X2", "8ED", "9ED", "BRB", "DDN", "IMA", "M11", "M12", "MM2", "P05", "PAL02", "PLST", "PRM", "PS11", "STH", "TPR", "WC03", "WC04", "WC98"], "purchaseUrls": {"cardmarket": "https://mtgjson.com/links/ae1a7e4d9bb7ca96", "tcgplayer": "https://mtgjson.com/links/e5afa4bb513bdedf"}, "rarity": "common", "setCode": "STH", "sourceProducts": {"nonfoil": ["424005f9-6be0-57e7-87f4-940a12071a8a", "6d38f0be-a161-5c27-94e3-f3430d3274d6", "99f6ac66-be04-571b-bb65-c0f6a4e0e6e0", "e4c3266a-9dc2-56c2-a64e-487641a6ec86"]}, "subtypes": [], "supertypes": [], "text": "Counter target spell unless its controller pays {3}.", "type": "Instant", "types": ["Instant"], "uuid": "617799a8-2f8f-50a4-98fe-f2537f5c1563"}, {"artist": "Mark Tedin", "artistIds": ["9ee9a9cc-c09e-486f-918b-69f80cbc4188"], "availability": ["paper"], "boosterTypes": ["default"], "borderColor": "white", "colorIdentity": ["U"], "colors": ["U"], "convertedManaCost": 2.0, "count": 4, "edhrecRank": 2604, "edhrecSaltiness": 0.31, "finishes": ["nonfoil"], "flavorText": "\"Oh, I had a conscience once. But alas, I seem to have forgotten where I put it.\"\n—Chandler", "foreignData": [{"identifiers": {"scryfallId": "920acb16-8379-461c-af3f-17df19479d8a"}, "language": "German", "name": "Gedächtnislücke", "text": "Neutralisiere einen Zauberspruch Deiner Wahl. Lege diesen Spruch oben auf die Bibliothek seines Besitzers.", "type": "Unterbrechungszauber"}, {"identifiers": {"scryfallId": "a8bb5d3f-7bf8-426d-a9ff-36a8ed2556a5"}, "language": "Spanish", "name": "Lapsus"}, {"identifiers": {"scryfallId": "9a924ad2-8c14-4916-bfb0-ed45948ab745"}, "language": "French", "name": "Trou de mémoire"}, {"identifiers": {"scryfallId": "b05fa0e6-d582-49ad-a8c5-21c7c4636ebd"}, "language": "Italian", "name": "Vuoto di Memoria"}, {"identifiers": {"scryfallId": "8b5c2315-91bd-4b04-8ea7-8eccf2ce9e79"}, "language": "Japanese", "name": "記憶の欠落"}, {"identifiers": {"scryfallId": "fe7465dd-fa3c-452b-afd5-9c0e00250d29"}, "language": "Portuguese (Brazil)", "name": "Lapso de Memória"}], "frameVersion": "1997", "hasFoil": false, "hasNonFoil": true, "identifiers": {"cardsphereId": "1411", "mcmId": "9474", "mcmMetaId": "3531", "mtgjsonV4Id": "6294a9b1-0247-56ec-a0a2-533f5b014b6b", "multiverseId": "3924", "scryfallCardBackId": "0aeebaf5-8c7d-4636-9e82-8c27447861f7", "scryfallId": "9010e5e2-fd32-4f2f-aa68-1dbe58c078a2", "scryfallIllustrationId": "82b124ed-5206-41d3-83f1-3cb8c8700c11", "scryfallOracleId": "bbfb3e4a-b389-4391-8141-13b68c0ef2e0", "tcgplayerProductId": "2271"}, "isFoil": false, "isReprint": true, "language": "English", "layout": "normal", "legalities": {"brawl": "Legal", "commander": "Legal", "duel": "Legal", "gladiator": "Legal", "historic": "Banned", "legacy": "Legal", "oathbreaker": "Legal", "pauper": "Legal", "paupercommander": "Legal", "predh": "Legal", "premodern": "Legal", "timeless": "Legal", "vintage": "Legal"}, "manaCost": "{1}{U}", "manaValue": 2.0, "name": "Memory Lapse", "number": "103", "originalText": "Counter target spell. Put that spell on top of owner's library.", "originalType": "Interrupt", "printings": ["5ED", "6ED", "7ED", "DDM", "EMA", "G99", "HML", "MIR", "PLST", "PRM", "PTC", "STA", "WC02", "WC98"], "purchaseUrls": {"cardmarket": "https://mtgjson.com/links/3ff139253ddddeb6", "tcgplayer": "https://mtgjson.com/links/e21704e7ef607073"}, "rarity": "common", "rulings": [{"date": "2016-06-08", "text": "Memory Lapse has a self-replacement effect that replaces the spell going to the graveyard before any other effect can replace that event. If the spell was cast using flashback, however, flashback will change the spell's destination from its owner's library to exile."}], "setCode": "5ED", "sourceProducts": {"nonfoil": ["93389a2e-9a5e-5ef4-9afe-60898199b905", "ec6e6678-3869-57ab-ab9a-d210e16fbaa9"]}, "subtypes": [], "supertypes": [], "text": "Counter target spell. If that spell is countered this way, put it on top of its owner's library instead of into that player's graveyard.", "type": "Instant", "types": ["Instant"], "uuid": "aaee744c-8ab2-52a0-b665-bde505186ec0"}, {"artist": "Andrew Robinson", "artistIds": ["cb577db7-7f47-4f78-8682-6eaef8a77bd1"], "availability": ["mtgo", "paper"], "boosterTypes": ["default"], "borderColor": "black", "colorIdentity": ["U"], "colors": ["U"], "convertedManaCost": 1.0, "count": 2, "edhrecRank": 8339, "edhrecSaltiness": 0.4, "finishes": ["nonfoil"], "foreignData": [{"identifiers": {"scryfallId": "90d883c7-96a1-4a45-a75f-87aa1e5960ee"}, "language": "German", "name": "Gedankentrick", "text": "Rückkauf 2U\nTappe ein Artefakt, eine Kreatur oder ein Land Deiner Wahl.", "type": "Spontanzauber"}, {"identifiers": {"scryfallId": "bf8e25a5-c9e0-4006-b2d5-121425bcbc71"}, "language": "Spanish", "name": "Juegos mentales"}, {"identifiers": {"scryfallId": "a53179d0-aad6-4895-ad27-bc48ef6b4d2a"}, "language": "French", "name": "Jeux d'esprit"}, {"identifiers": {"scryfallId": "b4b7fb5a-5cae-4330-924c-740c1c85985e"}, "language": "Italian", "name": "Giochi Mentali"}, {"identifiers": {"scryfallId": "83aa4f01-ef9b-4f38-a7b6-f84a75d34e36"}, "language": "Japanese", "name": "理性のゲーム"}, {"identifiers": {"scryfallId": "69220d9b-9030-4234-811b-5ed10b2f451c"}, "language": "Portuguese (Brazil)", "name": "Jogos Mentais"}], "frameVersion": "1997", "hasFoil": false, "hasNonFoil": true, "identifiers": {"cardsphereId": "42990", "mcmId": "9123", "mcmMetaId": "3591", "mtgjsonV4Id": "26c5d487-4730-59fd-bf91-d29989fd5a1f", "mtgoFoilId": "10314", "mtgoId": "10313", "multiverseId": "5186", "scryfallCardBackId": "0aeebaf5-8c7d-4636-9e82-8c27447861f7", "scryfallId": "4da50979-1f5d-48d1-9406-dfc785273c04", "scryfallIllustrationId": "b7cd733d-1cf5-4e3e-a236-45598532e4aa", "scryfallOracleId": "ea43372f-b0a7-4d1b-be3e-a4a738b06d59", "tcgplayerProductId": "5372"}, "isFoil": false, "keywords": ["Buyback"], "language": "English", "layout": "normal", "legalities": {"commander": "Legal", "duel": "Legal", "legacy": "Legal", "oathbreaker": "Legal", "pauper": "Legal", "paupercommander": "Legal", "predh": "Legal", "premodern": "Legal", "vintage": "Legal"}, "manaCost": "{U}", "manaValue": 1.0, "name": "Mind Games", "number": "38", "originalText": "Buyback o2o\nU (You may pay an additional o2o\nU when you play this spell. If you do, put it into your hand instead of your graveyard as part of the spell's effect.)\nTap target artifact, creature, or land.", "originalType": "Instant", "printings": ["STH"], "purchaseUrls": {"cardmarket": "https://mtgjson.com/links/b87a5808081d90ee", "tcgplayer": "https://mtgjson.com/links/cd4c901c07dc2263"}, "rarity": "common", "setCode": "STH", "sourceProducts": {"nonfoil": ["424005f9-6be0-57e7-87f4-940a12071a8a", "6d38f0be-a161-5c27-94e3-f3430d3274d6", "99f6ac66-be04-571b-bb65-c0f6a4e0e6e0"]}, "subtypes": [], "supertypes": [], "text": "Buyback {2}{U} (You may pay an additional {2}{U} as you cast this spell. If you do, put this card into your hand as it resolves.)\nTap target artifact, creature, or land.", "type": "Instant", "types": ["Instant"], "uuid": "81ae7143-71fe-5f80-84c0-c5a237afb57f"}, {"artist": "Jeff Miracola", "artistIds": ["9b465bde-3656-4495-ace4-af4ce29999ed"], "availability": ["mtgo", "paper"], "boosterTypes": ["default"], "borderColor": "black", "colorIdentity": ["U"], "colors": ["U"], "convertedManaCost": 1.0, "count": 1, "edhrecRank": 9301, "edhrecSaltiness": 0.56, "finishes": ["nonfoil"], "foreignData": [{"identifiers": {"scryfallId": "1f98653a-08be-43cd-8cd2-90f3d9335bc5"}, "language": "German", "name": "Kraftverlust", "text": "Neutralisiere einen Zauberspruch Deiner Wahl, wenn dessen Urheber nicht sofort X ausgibt. Wenn er dies nicht tut, tappe alle manaproduzierenden Länder, die dieser Spieler kontrolliert und entleere seinen Manavorrat.", "type": "Unterbrechungszauber"}, {"identifiers": {"scryfallId": "78cd501f-752f-44ab-aadc-008cda55c74f"}, "language": "Spanish", "name": "Sumidero del poder"}, {"identifiers": {"scryfallId": "ed3fb4f6-1000-46cb-a780-a40c9ced75b7"}, "language": "French", "name": "Siphon d'énergie"}, {"identifiers": {"scryfallId": "090e3147-2fd6-485d-98c5-0873bdeb14b8"}, "language": "Italian", "name": "Debolezza Magica"}, {"identifiers": {"scryfallId": "a770ad64-7c31-48e7-9b85-f98dfd272f6f"}, "language": "Japanese", "name": "魔力消沈"}, {"identifiers": {"scryfallId": "b09020a4-467b-4e93-934d-5869252bc1f1"}, "language": "Portuguese (Brazil)", "name": "Sorvedouro de Mana"}], "frameVersion": "1997", "hasFoil": false, "hasNonFoil": true, "identifiers": {"cardsphereId": "43291", "mcmId": "8813", "mcmMetaId": "4301", "mtgjsonV4Id": "8050e2e4-961c-5744-8b98-1b5e081c8b3d", "mtgoFoilId": "9630", "mtgoId": "9629", "multiverseId": "4716", "scryfallCardBackId": "0aeebaf5-8c7d-4636-9e82-8c27447861f7", "scryfallId": "abc58c34-c3de-47f8-a42f-3a974dcb9c47", "scryfallIllustrationId": "f6985a45-8863-4dae-bd14-249a5f46b707", "scryfallOracleId": "39412e6d-2837-4729-abf9-e64a5ba87e40", "tcgplayerProductId": "5673"}, "isFoil": false, "isReprint": true, "language": "English", "layout": "normal", "legalities": {"commander": "Legal", "duel": "Legal", "legacy": "Legal", "oathbreaker": "Legal", "pauper": "Legal", "paupercommander": "Legal", "penny": "Legal", "predh": "Legal", "premodern": "Legal", "vintage": "Legal"}, "manaCost": "{X}{U}", "manaValue": 1.0, "name": "Power Sink", "number": "78", "originalText": "Counter target spell unless its caster pays an additional o\nX. If he or she does not, tap all mana-producing lands that player controls and remove all mana from his or her mana pool.", "originalType": "Interrupt", "printings": ["2ED", "30A", "3ED", "4BB", "4ED", "5ED", "6ED", "BTD", "CED", "CEI", "FBB", "ICE", "ITP", "LEA", "LEB", "MIR", "PLST", "PTC", "RQS", "SUM", "TMP", "USG", "VMA"], "purchaseUrls": {"cardmarket": "https://mtgjson.com/links/812ab32a4ff7b089", "tcgplayer": "https://mtgjson.com/links/6da16583c6700f84"}, "rarity": "common", "rulings": [{"date": "2004-10-04", "text": "Does not increase the mana cost of the spell. It just requires a separate expenditure in order for it to succeed."}, {"date": "2004-10-04", "text": "When this spell resolves, you either pay X mana or let your lands become tapped. The lands that become tapped are not “tapped for mana”. If you choose to pay, you may pay the X mana using whatever mana abilities you want to use."}, {"date": "2010-03-01", "text": "Only lands that actually have mana abilities will get tapped. This includes basic lands and lands with mana abilities printed on them, as well as lands which have been granted a mana ability by some effect."}], "setCode": "TMP", "sourceProducts": {"nonfoil": ["21b87b9c-d0f2-5a4b-aee7-163c9813a3aa", "4a57a3e3-c3ca-5acc-b474-e7a444414499", "6d38f0be-a161-5c27-94e3-f3430d3274d6", "96d0588c-79f4-53ac-bb27-23020e7d60a7", "a05d989b-0281-5d5a-85ac-b1c82c008661"]}, "subtypes": [], "supertypes": [], "text": "Counter target spell unless its controller pays {X}. If that player doesn't, they tap all lands with mana abilities they control and lose all unspent mana.", "type": "Instant", "types": ["Instant"], "uuid": "a77b7d97-bba9-5fae-805e-842d8abdff91"}], "name": "Dominator - Advanced Deck", "releaseDate": "1998-06-15", "sealedProductUuids": null, "sideBoard": [{"artist": "Kaja Foglio", "artistIds": ["e8b85539-756a-4eac-ac66-a2258d7cf547"], "availability": ["paper"], "boosterTypes": ["default"], "borderColor": "white", "colorIdentity": ["U"], "colors": ["U"], "convertedManaCost": 1.0, "count": 4, "edhrecRank": 9670, "edhrecSaltiness": 0.31, "finishes": ["nonfoil"], "flavorText": "\"Heed the lessons of our time: the forms of water may move the land itself and hold captive the fires within.\"\n—Gustha Ebbasdotter, Kjeldoran royal mage", "foreignData": [{"identifiers": {"scryfallId": "fafa56c8-d5e9-4b4f-b263-a61cc2d1118d"}, "language": "German", "name": "Hydroknall", "text": "Neutralisiere einen Zauberspruch Deiner Wahl, wenn er rot ist, oder zerstöre eine bleibende Karte Deiner Wahl, wenn sie rot ist.\nSpiele diesen Zauberspruch als Spontanzauber, wenn er auf eine bleibende Karte zielt.", "type": "Unterbrechungszauber"}, {"identifiers": {"scryfallId": "bc65ebd8-e3fd-41c1-abda-d8c4f157826f"}, "language": "Spanish", "name": "Ráfaga de agua"}, {"identifiers": {"scryfallId": "155ecd2a-d74d-4b9c-b482-eb4487a77f9f"}, "language": "French", "name": "Hydrosalve"}, {"identifiers": {"scryfallId": "7361762e-d527-493b-9fe8-608be5039913"}, "language": "Italian", "name": "Idroscarica"}, {"identifiers": {"scryfallId": "0235d408-5360-4210-8d02-f33ce06a9808"}, "language": "Japanese", "name": "水流破"}, {"identifiers": {"scryfallId": "01ed0521-949d-4732-8feb-24944945f4b5"}, "language": "Portuguese (Brazil)", "name": "Explosão Hídrica"}], "frameVersion": "1997", "hasFoil": false, "hasNonFoil": true, "identifiers": {"cardsphereId": "1344", "mcmId": "9465", "mcmMetaId": "2777", "mtgjsonV4Id": "58ad12fb-e790-5652-b3da-2cd94f8a9219", "multiverseId": "3915", "scryfallCardBackId": "0aeebaf5-8c7d-4636-9e82-8c27447861f7", "scryfallId": "89a30b8f-6594-42ea-8e60-13ccb1e7efc0", "scryfallIllustrationId": "f6213f08-aef2-4ba0-81d0-9c67ebcfb5e3", "scryfallOracleId": "b94c0336-2ca8-4bb1-bb1f-e9babd1826ad", "tcgplayerProductId": "2204"}, "isFoil": false, "isReprint": true, "language": "English", "layout": "normal", "legalities": {"commander": "Legal", "duel": "Legal", "legacy": "Legal", "oathbreaker": "Legal", "pauper": "Legal", "paupercommander": "Legal", "predh": "Legal", "premodern": "Legal", "vintage": "Legal"}, "manaCost": "{U}", "manaValue": 1.0, "name": "Hydroblast", "number": "94", "originalText": "Counter target spell if it is red, or destroy target permanent if it is red. (If this spell targets a permanent, play it as an instant.)", "originalType": "Interrupt", "printings": ["5ED", "EMA", "ICE", "MB2", "ME1", "OLEP", "PRM", "PTC", "WC97", "WC98"], "purchaseUrls": {"cardmarket": "https://mtgjson.com/links/b24d9bf5268669ce", "tcgplayer": "https://mtgjson.com/links/0f49a486e9f5cbfd"}, "rarity": "uncommon", "rulings": [{"date": "2004-10-04", "text": "The decision to counter a spell or destroy a permanent is a decision made on announcement before the target is selected. If the spell is redirected, this mode can’t be changed, so only targets of the selected type are valid."}, {"date": "2016-06-08", "text": "Hydroblast can target any spell or permanent, not just a red one. It checks the color of the target only on resolution."}], "setCode": "5ED", "sourceProducts": {"nonfoil": ["93389a2e-9a5e-5ef4-9afe-60898199b905", "ec6e6678-3869-57ab-ab9a-d210e16fbaa9"]}, "subtypes": [], "supertypes": [], "text": "Choose one —\n• Counter target spell if it's red.\n• Destroy target permanent if it's red.", "type": "Instant", "types": ["Instant"], "uuid": "732921b6-be4f-5cac-86e7-03b4fc25879c"}, {"artist": "Greg Simanson", "artistIds": ["13f79e83-d576-4017-93b5-54c47313ed88"], "availability": ["mtgo", "paper"], "boosterTypes": ["default"], "borderColor": "black", "colorIdentity": ["U"], "colors": ["U"], "convertedManaCost": 2.0, "count": 1, "edhrecRank": 18225, "edhrecSaltiness": 1.18, "finishes": ["nonfoil"], "flavorText": "\"Temper, temper.\"\n—Ertai, wizard adept", "foreignData": [{"identifiers": {"scryfallId": "f186acb4-2055-4009-a85e-534e229df0d2"}, "language": "German", "name": "Abkühlung", "text": "Rote Zaubersprüche kosten zusätzlich 2.", "type": "Verzauberung"}, {"identifiers": {"scryfallId": "e5555ced-231e-4704-baf4-7a941afab8d4"}, "language": "Spanish", "name": "Frío"}, {"identifiers": {"scryfallId": "08dbfab7-f01c-456a-b401-5b03d3f4b64f"}, "language": "French", "name": "Refroidissement"}, {"identifiers": {"scryfallId": "dfabf787-ea63-4873-bcab-4212acb26b88"}, "language": "Italian", "name": "Brivido"}, {"identifiers": {"scryfallId": "5d543790-f6c9-437a-a4aa-1feb2b06167c"}, "language": "Japanese", "name": "寒け"}, {"identifiers": {"scryfallId": "2ae2af96-f540-4ac6-b8e0-01045c46d232"}, "language": "Portuguese (Brazil)", "name": "Calafrio"}], "frameVersion": "1997", "hasFoil": false, "hasNonFoil": true, "identifiers": {"cardsphereId": "43103", "mcmId": "8791", "mcmMetaId": "952", "mtgjsonV4Id": "2011a891-7c26-52d2-a2b4-827abdfceece", "mtgoFoilId": "10122", "mtgoId": "10121", "multiverseId": "4692", "scryfallCardBackId": "0aeebaf5-8c7d-4636-9e82-8c27447861f7", "scryfallId": "5a7bd777-6f11-441e-887f-9cee1ef96035", "scryfallIllustrationId": "64bd368d-c95a-40c6-8356-cfd7589e41ee", "scryfallOracleId": "70a93d0f-9a02-4e60-a2b8-827fd2410604", "tcgplayerProductId": "5485"}, "isFoil": false, "language": "English", "layout": "normal", "legalities": {"commander": "Legal", "duel": "Legal", "legacy": "Legal", "oathbreaker": "Legal", "predh": "Legal", "premodern": "Legal", "vintage": "Legal"}, "manaCost": "{1}{U}", "manaValue": 2.0, "name": "Chill", "number": "56", "originalText": "Red spells cost an additional o2 to play.", "originalType": "Enchantment", "printings": ["6ED", "PAL00", "PRM", "TMP", "WC00"], "purchaseUrls": {"cardmarket": "https://mtgjson.com/links/2a13fc376a937cb3", "tcgplayer": "https://mtgjson.com/links/110b10134f203a43"}, "rarity": "uncommon", "setCode": "TMP", "sourceProducts": {"nonfoil": ["21b87b9c-d0f2-5a4b-aee7-163c9813a3aa", "96d0588c-79f4-53ac-bb27-23020e7d60a7"]}, "subtypes": [], "supertypes": [], "text": "Red spells cost {2} more to cast.", "type": "Enchantment", "types": ["Enchantment"], "uuid": "8ebc5af2-45f2-5734-869b-475a60861e00"}, {"artist": "NéNé Thomas", "artistIds": ["c74ef1dd-0341-44c4-8f9f-5f243151cce3"], "availability": ["paper"], "boosterTypes": ["default"], "borderColor": "white", "colorIdentity": ["U"], "colors": ["U"], "convertedManaCost": 2.0, "count": 1, "edhrecRank": 7818, "edhrecSaltiness": 0.75, "finishes": ["nonfoil"], "flavorText": "This spell, like many attributed to Drafna, was actually the work of his wife and former student, Hurkyl.", "foreignData": [{"identifiers": {"scryfallId": "67ad2340-50ea-4b84-852e-846400ed2627"}, "language": "German", "name": "Hurkyls Erinnerung", "text": "Bringe alle Artefakte im Spiel, die ein Spieler Deiner Wahl besitzt, auf seine Hand zurück.", "type": "Spontanzauber"}, {"identifiers": {"scryfallId": "9f6d41ec-f4f2-4c3e-ad1f-5cd696ae922b"}, "language": "Spanish", "name": "Retorno de Hurkyl"}, {"identifiers": {"scryfallId": "2355b6c2-4946-4641-aff6-77ed8bc1e7e4"}, "language": "French", "name": "Rappel selon Hurkyl"}, {"identifiers": {"scryfallId": "60ea4d8d-e276-48f4-9474-a9ec60f26104"}, "language": "Italian", "name": "Richiamo di Hurkyl"}, {"identifiers": {"scryfallId": "e19fea75-7873-434f-bfd9-297b0e63411a"}, "language": "Japanese", "name": "ハーキルの召還術"}, {"identifiers": {"scryfallId": "8c4361b8-4e35-4baa-babd-ee48449183f4"}, "language": "Portuguese (Brazil)", "name": "Retorno de Hurkyl"}], "frameVersion": "1997", "hasFoil": false, "hasNonFoil": true, "identifiers": {"cardsphereId": "1341", "mcmId": "9464", "mcmMetaId": "2770", "mtgjsonV4Id": "c2fba832-7bb4-5a8f-b3cf-07898e150942", "multiverseId": "3914", "scryfallCardBackId": "0aeebaf5-8c7d-4636-9e82-8c27447861f7", "scryfallId": "b62c7e94-25ef-4859-88db-05b085744dc0", "scryfallIllustrationId": "f100aab7-c48d-4532-b48d-b8f20017d082", "scryfallOracleId": "ed1e5d24-c8a8-48fe-a88f-1003ad432477", "tcgplayerProductId": "2201"}, "isFoil": false, "isReprint": true, "language": "English", "layout": "normal", "legalities": {"commander": "Legal", "duel": "Legal", "legacy": "Legal", "modern": "Legal", "oathbreaker": "Legal", "oldschool": "Legal", "predh": "Legal", "premodern": "Legal", "vintage": "Legal"}, "manaCost": "{1}{U}", "manaValue": 2.0, "name": "Hurkyl's Recall", "number": "93", "originalText": "Return to target player's hand all artifacts in play he or she owns.", "originalType": "Instant", "printings": ["10E", "3ED", "4BB", "4ED", "5ED", "ATQ", "FBB", "MM2", "PLST", "SUM"], "purchaseUrls": {"cardmarket": "https://mtgjson.com/links/cdc61a6fc3d94ce6", "tcgplayer": "https://mtgjson.com/links/391e4e5378f7fb62"}, "rarity": "rare", "rulings": [{"date": "2004-10-04", "text": "It only returns artifacts which are on the battlefield."}, {"date": "2004-10-04", "text": "Retrieves all artifacts owned by the target player regardless of who controls them. Ignores artifacts owned by other players even if target player has control of them."}], "setCode": "5ED", "sourceProducts": {"nonfoil": ["93389a2e-9a5e-5ef4-9afe-60898199b905", "ec6e6678-3869-57ab-ab9a-d210e16fbaa9"]}, "subtypes": [], "supertypes": [], "text": "Return all artifacts target player owns to their hand.", "type": "Instant", "types": ["Instant"], "uuid": "9bd5a45f-8c58-528a-9ac5-8bcade378e33"}, {"artist": "Alan Rabinowitz", "artistIds": ["8562e6e1-f7f3-499e-8309-cc5775b37847"], "availability": ["paper"], "boosterTypes": ["default"], "borderColor": "white", "colorIdentity": ["U"], "colors": ["U"], "convertedManaCost": 2.0, "count": 2, "edhrecRank": 8542, "edhrecSaltiness": 0.07, "finishes": ["nonfoil"], "flavorText": "\"O! call back yesterday, bid time return.\"\n—William Shakespeare,\n*King Richard the Second*", "foreignData": [{"identifiers": {"scryfallId": "19893df9-79e4-4536-9e28-648a65211431"}, "language": "German", "name": "Bumerang", "text": "Bringe eine bleibende Karte Deiner Wahl zurück auf die Hand ihres Besitzers.", "type": "Spontanzauber"}, {"identifiers": {"scryfallId": "4d1330cb-3fc1-40a3-946c-5de27bbc228d"}, "language": "Spanish", "name": "Bumerang"}, {"identifiers": {"scryfallId": "722ae813-f0ff-46fa-8db9-e729357126c8"}, "language": "French", "name": "Boomerang"}, {"identifiers": {"scryfallId": "32408e0c-c939-4b7b-87cb-f374f416e3ae"}, "language": "Italian", "name": "Boomerang"}, {"identifiers": {"scryfallId": "8162b037-fb12-423a-893e-01eb68b60b28"}, "language": "Japanese", "name": "ブーメラン"}, {"identifiers": {"scryfallId": "9c90dc9d-8ecf-498f-8a7b-75b3ea6be4a3"}, "language": "Portuguese (Brazil)", "name": "Bumerangue"}], "frameVersion": "1997", "hasFoil": false, "hasNonFoil": true, "identifiers": {"cardsphereId": "1194", "mcmId": "9446", "mcmMetaId": "657", "mtgjsonV4Id": "0fad78f0-1ec7-503c-997e-070307671522", "multiverseId": "3896", "scryfallCardBackId": "0aeebaf5-8c7d-4636-9e82-8c27447861f7", "scryfallId": "ee04c924-3806-44a4-9b1b-d8e1a38432f0", "scryfallIllustrationId": "16735600-dd0f-4612-b257-876d6a0cf6be", "scryfallOracleId": "dc4a4996-108a-4aac-850f-2d9f76403446", "tcgplayerProductId": "2054"}, "isFoil": false, "isReprint": true, "language": "English", "layout": "normal", "legalities": {"commander": "Legal", "duel": "Legal", "legacy": "Legal", "modern": "Legal", "oathbreaker": "Legal", "pauper": "Legal", "paupercommander": "Legal", "predh": "Legal", "premodern": "Legal", "vintage": "Legal"}, "manaCost": "{U}{U}", "manaValue": 2.0, "name": "Boomerang", "number": "75", "originalText": "Return target permanent to owner's hand.", "originalType": "Instant", "printings": ["10E", "5ED", "6ED", "7ED", "8ED", "9ED", "BCHR", "CHR", "DPA", "LEG", "ME3", "MIR", "PDCI", "PLST", "PRM", "PS11", "PSAL"], "purchaseUrls": {"cardmarket": "https://mtgjson.com/links/de647a748e54361b", "tcgplayer": "https://mtgjson.com/links/fd0637ac039bbab6"}, "rarity": "common", "setCode": "5ED", "sourceProducts": {"nonfoil": ["93389a2e-9a5e-5ef4-9afe-60898199b905", "ec6e6678-3869-57ab-ab9a-d210e16fbaa9"]}, "subtypes": [], "supertypes": [], "text": "Return target permanent to its owner's hand.", "type": "Instant", "types": ["Instant"], "uuid": "94c04eed-a652-553f-a719-c36a462f77fd", "variations": ["9779da12-5dda-58f4-9d55-6ef8c19e1c91"]}, {"artist": "Daren Bader", "artistIds": ["7da1a585-c875-45e4-b322-5da9e8e1f651"], "availability": ["mtgo", "paper"], "boosterTypes": ["default"], "borderColor": "black", "colorIdentity": ["U"], "colors": ["U"], "convertedManaCost": 2.0, "count": 1, "edhrecRank": 14908, "edhrecSaltiness": 0.1, "finishes": ["nonfoil"], "foreignData": [{"identifiers": {"scryfallId": "7564ede5-00b8-43b4-b296-400a58f70eef"}, "language": "German", "name": "Verführerisches Vermächtnis", "text": "Du kannst während Deiner Versorgungsphase eine Schatzmarke auf das Verführerische Vermächtnis.\nOpfere das Verführerische Vermächtnis: Übernimm die Kontrolle über eine Kreatur Deiner Wahl, deren Stärke nicht größer als die Anzahl der Schatzmarken auf dem Verführerischen Vermächtnis ist.", "type": "Verzauberung"}, {"identifiers": {"scryfallId": "328a99bb-540d-4959-b309-dd8c4b0e3b49"}, "language": "Spanish", "name": "La tentación del Legado"}, {"identifiers": {"scryfallId": "c2d4c6fb-c45d-4591-879e-31144a4ff994"}, "language": "French", "name": "Attirance vers l'Héritage"}, {"identifiers": {"scryfallId": "8c872b95-fa67-47f7-a413-bf35acb45591"}, "language": "Italian", "name": "Seduzione dell'Eredità"}, {"identifiers": {"scryfallId": "9955d330-6d06-46c6-8875-e7a43264f26a"}, "language": "Japanese", "name": "レガシーの魅惑"}, {"identifiers": {"scryfallId": "8fb9470b-42ba-4440-a238-ebc3922cdfc8"}, "language": "Portuguese (Brazil)", "name": "Fascínio do Legado"}], "frameVersion": "1997", "hasFoil": false, "hasNonFoil": true, "identifiers": {"cardsphereId": "43226", "mcmId": "8806", "mcmMetaId": "3238", "mtgjsonV4Id": "abffadba-be7c-58c1-ad4c-d7b481c1c3ee", "mtgoFoilId": "10110", "mtgoId": "10109", "multiverseId": "4708", "scryfallCardBackId": "0aeebaf5-8c7d-4636-9e82-8c27447861f7", "scryfallId": "649a89c5-71bd-4fee-ae35-78081e4e0353", "scryfallIllustrationId": "0aa5f571-8f73-410a-9448-7e033c31c509", "scryfallOracleId": "106ca7bd-6dad-43fe-af58-8667ebddb2eb", "tcgplayerProductId": "5608"}, "isFoil": false, "language": "English", "layout": "normal", "legalities": {"commander": "Legal", "duel": "Legal", "legacy": "Legal", "oathbreaker": "Legal", "penny": "Legal", "predh": "Legal", "premodern": "Legal", "vintage": "Legal"}, "manaCost": "{U}{U}", "manaValue": 2.0, "name": "Legacy's Allure", "number": "71", "originalText": "During your upkeep, you may put a treasure counter on Legacy's Allure.\nSacrifice Legacy's Allure: Permanently gain control of target creature with power no greater than the number of treasure counters on Legacy's Allure.", "originalType": "Enchantment", "printings": ["PLST", "TMP", "TPR"], "purchaseUrls": {"cardmarket": "https://mtgjson.com/links/756111a9ad57d661", "tcgplayer": "https://mtgjson.com/links/e0353c0add0a8edc"}, "rarity": "uncommon", "rulings": [{"date": "2004-10-04", "text": "The “power less than or equal to the number of treasure counters on this card” restriction is a targeting restriction and will be checked on resolution in addition to on announcement. If the creature’s power changes to be greater than this before the effect resolves, then the Legacy’s Allure triggered ability doesn’t resolve, but the card stays in the graveyard."}], "setCode": "TMP", "sourceProducts": {"nonfoil": ["21b87b9c-d0f2-5a4b-aee7-163c9813a3aa", "96d0588c-79f4-53ac-bb27-23020e7d60a7", "99f6ac66-be04-571b-bb65-c0f6a4e0e6e0", "a05d989b-0281-5d5a-85ac-b1c82c008661"]}, "subtypes": [], "supertypes": [], "text": "At the beginning of your upkeep, you may put a treasure counter on Legacy's Allure.\nSacrifice Legacy's Allure: Gain control of target creature with power less than or equal to the number of treasure counters on Legacy's Allure. (This effect lasts indefinitely.)", "type": "Enchantment", "types": ["Enchantment"], "uuid": "1560a1af-eb61-55c2-82f3-ac3c737e7610"}, {"artist": "Jeff Miracola", "artistIds": ["9b465bde-3656-4495-ace4-af4ce29999ed"], "availability": ["mtgo", "paper"], "boosterTypes": ["default"], "borderColor": "black", "colorIdentity": ["U"], "colors": ["U"], "convertedManaCost": 3.0, "count": 2, "edhrecRank": 175, "edhrecSaltiness": 1.1, "finishes": ["nonfoil"], "flavorText": "\"You've failed Gerrard. You've failed the Legacy. You've failed yourself. I can do no more.\"\n—Volrath, to Karn", "foreignData": [{"identifiers": {"scryfallId": "281592c2-d4e4-4b6e-9ee9-b9c97335c1f2"}, "language": "German", "name": "Propaganda", "text": "Kreaturen können nicht angreifen, wenn ihr Beherrscher nicht zusätzlich {2} für diese Kreatur bezahlt.", "type": "Verzauberung"}, {"identifiers": {"scryfallId": "649da005-6c0c-40f3-b3be-005f2603997e"}, "language": "Spanish", "name": "Propaganda"}, {"identifiers": {"scryfallId": "0c4a751f-c686-41ff-8224-4f4736d25ef7"}, "language": "French", "name": "Propagande"}, {"identifiers": {"scryfallId": "f329ef4f-1b62-4d56-8ae2-7db8dd1f4904"}, "language": "Italian", "name": "Propaganda"}, {"identifiers": {"scryfallId": "8f0af79e-9734-4b0d-8714-e7b908972b33"}, "language": "Japanese", "name": "プロパガンダ"}, {"identifiers": {"scryfallId": "fe56366d-a9ef-475c-b37b-bca3c18a1c03"}, "language": "Portuguese (Brazil)", "name": "Propaganda"}], "frameVersion": "1997", "hasFoil": false, "hasNonFoil": true, "identifiers": {"cardsphereId": "43293", "mcmId": "8815", "mcmMetaId": "4352", "mtgjsonV4Id": "434cbe15-4f1a-5df2-afe1-acea43aba96a", "mtgoFoilId": "10118", "mtgoId": "10117", "multiverseId": "4718", "scryfallCardBackId": "0aeebaf5-8c7d-4636-9e82-8c27447861f7", "scryfallId": "f67dde4d-3df1-480d-a8b8-ab22c768bb12", "scryfallIllustrationId": "944d9b5d-0537-4cd7-b6a0-9245c5703727", "scryfallOracleId": "ea9709b6-4c37-4d5a-b04d-cd4c42e4f9dd", "tcgplayerProductId": "5675"}, "isFoil": false, "language": "English", "layout": "normal", "legalities": {"commander": "Legal", "duel": "Legal", "legacy": "Legal", "modern": "Legal", "oathbreaker": "Legal", "predh": "Legal", "premodern": "Legal", "vintage": "Legal"}, "manaCost": "{2}{U}", "manaValue": 3.0, "name": "Propaganda", "number": "80", "originalText": "Each turn, each creature cannot attack you unless its controller pays an additional o2 for that creature.", "originalType": "Enchantment", "printings": ["ACR", "AFC", "C13", "C16", "C20", "CLB", "CMD", "M3C", "OTC", "PLST", "PZ1", "SLD", "TMP", "WHO"], "purchaseUrls": {"cardmarket": "https://mtgjson.com/links/67e7f6a792cd41aa", "tcgplayer": "https://mtgjson.com/links/8c461eea49c90d48"}, "rarity": "uncommon", "rulings": [{"date": "2004-10-04", "text": "If there are multiple attacks in a turn, then you have to pay for each attack."}, {"date": "2004-10-04", "text": "If there is more than one Propaganda on the battlefield, the cost is cumulative."}, {"date": "2004-10-04", "text": "Paying this cost is not an instant or any other kind of ability, it is an additional cost on the declaration of the attacker."}, {"date": "2004-10-04", "text": "The payment is made during the declare attackers step at the same time you are declaring the attacker."}, {"date": "2007-02-01", "text": "In the Two-Headed Giant format, you still only have to pay once per creature."}, {"date": "2014-02-01", "text": "Unless some effect explicitly says otherwise, a creature that can't attack you can still attack a planeswalker you control."}], "setCode": "TMP", "sourceProducts": {"nonfoil": ["21b87b9c-d0f2-5a4b-aee7-163c9813a3aa", "6d38f0be-a161-5c27-94e3-f3430d3274d6", "96d0588c-79f4-53ac-bb27-23020e7d60a7", "99f6ac66-be04-571b-bb65-c0f6a4e0e6e0"]}, "subtypes": [], "supertypes": [], "text": "Creatures can't attack you unless their controller pays {2} for each creature they control that's attacking you.", "type": "Enchantment", "types": ["Enchantment"], "uuid": "70bc2262-21c2-539d-affb-f5e9bb187ae3"}, {"artist": "Liz Danforth", "artistIds": ["5a5ee217-9d28-419a-b92a-a2376c7d18b3"], "availability": ["paper"], "boosterTypes": ["default"], "borderColor": "white", "colorIdentity": ["U"], "colors": ["U"], "convertedManaCost": 4.0, "count": 1, "edhrecRank": 11125, "edhrecSaltiness": 1.46, "finishes": ["nonfoil"], "foreignData": [{"identifiers": {"scryfallId": "9ff35b2b-6a17-498c-870a-5592719fb6bf"}, "language": "German", "name": "Zurs bizarre Welt", "text": "Alle Spieler spielen ab jetzt mit offenen Karten.\nImmer wenn ein Spieler eine Karte zieht, kann ein anderer Spieler 2 Lebenspunkte bezahlen, damit dieser Spieler die Karte abwerfen muß.", "type": "Verzauberung"}, {"identifiers": {"scryfallId": "c5d2b836-7fac-454d-85ff-daad0c25278b"}, "language": "Spanish", "name": "Presagio de Zur"}, {"identifiers": {"scryfallId": "f83ca717-ad8e-4a33-8fb0-b353aeebc724"}, "language": "French", "name": "Déterminisme selon Zur"}, {"identifiers": {"scryfallId": "a12a33f4-11b4-42cf-94fd-f4edc2af8701"}, "language": "Italian", "name": "Malia di Zur"}, {"identifiers": {"scryfallId": "3c54b500-79ee-43cd-9f6b-7359d8df41da"}, "language": "Japanese", "name": "ズアーの運命支配"}, {"identifiers": {"scryfallId": "aa0ea6c5-d093-4d8c-a940-480c2a5ff122"}, "language": "Portuguese (Brazil)", "name": "Fatalidade de Zur"}], "frameVersion": "1997", "hasFoil": false, "hasNonFoil": true, "identifiers": {"cardsphereId": "1598", "mcmId": "9509", "mcmMetaId": "6832", "mtgjsonV4Id": "cee4af13-3af2-5472-bee7-cb77220b2c32", "multiverseId": "3959", "scryfallCardBackId": "0aeebaf5-8c7d-4636-9e82-8c27447861f7", "scryfallId": "fded7b01-2920-4b94-a511-088b521de9f7", "scryfallIllustrationId": "7bd19953-0b83-487e-bbe0-890bdee8e461", "scryfallOracleId": "c6eaa147-3566-43a9-999a-d58b877496f5", "tcgplayerProductId": "2458"}, "isFoil": false, "isReprint": true, "language": "English", "layout": "normal", "legalities": {"commander": "Legal", "duel": "Legal", "legacy": "Legal", "modern": "Legal", "oathbreaker": "Legal", "penny": "Legal", "predh": "Legal", "premodern": "Legal", "vintage": "Legal"}, "manaCost": "{3}{U}", "manaValue": 4.0, "name": "Zur's Weirding", "number": "138", "originalText": "Players play with their hands face up.\nWhenever any player draws a card, any other player may pay 2 life to force the drawing player to discard that card.", "originalType": "Enchantment", "printings": ["5ED", "6ED", "8ED", "9ED", "ICE", "PLST", "PTC"], "purchaseUrls": {"cardmarket": "https://mtgjson.com/links/9a0b100140e0e2b0", "tcgplayer": "https://mtgjson.com/links/93442252672bda77"}, "rarity": "rare", "rulings": [{"date": "2004-10-04", "text": "If a spell or ability causes more than one card to be drawn, draw the cards one at a time and deal with this replacement before drawing the next card."}, {"date": "2004-10-04", "text": "If someone pays the cost, then the card was never drawn or discarded. It just gets put into the graveyard directly from the library."}, {"date": "2004-10-04", "text": "This is a continuous replacement effect that modifies a draw."}, {"date": "2006-04-01", "text": "When using Dredge with this, you have two choices. You can immediately replace the draw with Dredge, or you can apply Zur’s Weirding’s replacement. If the latter, you first resolve Zur’s Weirding’s ability, then if you’re going to draw the card, decide whether or not to replace that draw with Dredge."}], "setCode": "5ED", "sourceProducts": {"nonfoil": ["93389a2e-9a5e-5ef4-9afe-60898199b905", "ec6e6678-3869-57ab-ab9a-d210e16fbaa9"]}, "subtypes": [], "supertypes": [], "text": "Players play with their hands revealed.\nIf a player would draw a card, they reveal it instead. Then any other player may pay 2 life. If a player does, put that card into its owner's graveyard. Otherwise, that player draws a card.", "type": "Enchantment", "types": ["Enchantment"], "uuid": "f6623b62-1d97-571a-bb64-c4fcd1392474"}, {"artist": "George Pratt", "artistIds": ["c245c0ec-545f-48b9-908d-33903c52ec59"], "availability": ["mtgo", "paper"], "boosterTypes": ["default"], "borderColor": "black", "colorIdentity": [], "colors": [], "convertedManaCost": 1.0, "count": 1, "edhrecRank": 15322, "edhrecSaltiness": 0.17, "finishes": ["nonfoil"], "foreignData": [{"identifiers": {"scryfallId": "67cfa91b-17f0-46e7-8a39-76244f55bc05"}, "language": "German", "name": "Phyrexianischer Ofen", "text": "{T}: Entferne die unterste Karte aus dem Friedhof eines Spielers Deiner Wahl ganz aus dem Spiel.\n1, opfere den Phyrexianischen Ofen: Entferne eine Karte Deiner Wahl aus irgendeinem Friedhof ganz aus dem Spiel und ziehe eine Karte.", "type": "Artefakt"}, {"identifiers": {"scryfallId": "a1846d28-2dbd-4d9b-998c-71c623144236"}, "language": "Spanish", "name": "Horno pirexiano"}, {"identifiers": {"scryfallId": "7906dbf4-edb3-4545-9405-cd5c0c04fcd2"}, "language": "French", "name": "Fourneau phyrexian"}, {"identifiers": {"scryfallId": "646bf752-025f-4afa-ad15-81c7b9a2c39d"}, "language": "Italian", "name": "Fornace di Phyrexia"}, {"identifiers": {"scryfallId": "bcd541ad-8144-46a5-b073-7f73c4a7cd43"}, "language": "Japanese", "name": "ファイレクシアの炉"}, {"identifiers": {"scryfallId": "eaad8e62-e122-40f3-abd6-c29f17ca0906"}, "language": "Portuguese (Brazil)", "name": "Fornalha Phyrexiana"}], "frameVersion": "1997", "hasFoil": false, "hasNonFoil": true, "identifiers": {"cardsphereId": "47174", "mcmId": "8723", "mcmMetaId": "4189", "mtgjsonV4Id": "a2a8f202-759a-5f2e-a5f1-f34683e335c9", "mtgoFoilId": "9368", "mtgoId": "9367", "multiverseId": "4438", "scryfallCardBackId": "0aeebaf5-8c7d-4636-9e82-8c27447861f7", "scryfallId": "e98bca31-8c05-430b-b5d7-331bdc55710a", "scryfallIllustrationId": "24fb03e7-d7e0-474f-a3cf-42c79bd870cb", "scryfallOracleId": "4aafb7e7-b9fc-44ae-9c54-da11fd9dcc17", "tcgplayerProductId": "6085"}, "isFoil": false, "language": "English", "layout": "normal", "legalities": {"commander": "Legal", "duel": "Legal", "legacy": "Legal", "oathbreaker": "Legal", "predh": "Legal", "premodern": "Legal", "vintage": "Legal"}, "manaCost": "{1}", "manaValue": 1.0, "name": "Phyrexian Furnace", "number": "155", "originalText": "oc\nT: Remove the bottom card of target player's graveyard from the game.\no1, Sacrifice Phyrexian Furnace: Remove target card in any graveyard from the game and draw a card.", "originalType": "Artifact", "printings": ["PLST", "WC97", "WC98", "WTH"], "purchaseUrls": {"cardmarket": "https://mtgjson.com/links/e16fe69adf2febf5", "tcgplayer": "https://mtgjson.com/links/38a1f72db9a6e301"}, "rarity": "uncommon", "setCode": "WTH", "sourceProducts": {"nonfoil": ["9133952a-7fae-56e7-ac50-a7cbaadfcfa7"]}, "subtypes": [], "supertypes": [], "text": "{T}: Exile the bottom card of target player's graveyard.\n{1}, Sacrifice Phyrexian Furnace: Exile target card from a graveyard. Draw a card.", "type": "Artifact", "types": ["Artifact"], "uuid": "e44019e8-6d96-50b3-badc-c5d63b328267"}, {"artist": "John Matson", "artistIds": ["a1685587-4b55-446b-b420-c37b202ed3f1"], "availability": ["mtgo", "paper"], "boosterTypes": ["default"], "borderColor": "black", "colorIdentity": [], "colors": [], "convertedManaCost": 4.0, "count": 1, "edhrecRank": 7577, "edhrecSaltiness": 0.38, "finishes": ["nonfoil"], "flavorText": "\"In Barrin's name!\" cried Lyna as Hanna's sword passed through her, \"Ertai sends word that the portal is open—but not for long!\"", "foreignData": [{"identifiers": {"scryfallId": "b1448c20-f0f6-411e-abb3-f740690ca355"}, "language": "German", "name": "Flackerndes Portal", "text": "1, {T}: Bringe eine Kreatur Deiner Wahl auf die Hand ihres Besitzers zurück, wenn ihr Beherrscher nicht 1 bezahlt.", "type": "Artefakt"}, {"identifiers": {"scryfallId": "0633303e-c57a-4cb1-b3e3-8e7bd9515dee"}, "language": "Spanish", "name": "Portal errático"}, {"identifiers": {"scryfallId": "8f8197de-9e50-4255-b9f0-0097834c040f"}, "language": "French", "name": "Portail intermittent"}, {"identifiers": {"scryfallId": "3c74ba9e-8c9c-4060-be4b-9690005e81d0"}, "language": "Italian", "name": "Portale Instabile"}, {"identifiers": {"scryfallId": "002e25bc-fae2-4c84-84c6-f21ed47256d5"}, "language": "Japanese", "name": "移ろいの門"}, {"identifiers": {"scryfallId": "87b7443e-14f0-4ab4-8c2b-8c9d5da07fa8"}, "language": "Portuguese (Brazil)", "name": "Portal Errático"}], "frameVersion": "1997", "hasFoil": false, "hasNonFoil": true, "identifiers": {"cardsphereId": "17200", "mcmId": "9360", "mcmMetaId": "1855", "mtgjsonV4Id": "5e3d8d13-4684-5f2b-9df8-83ea3392eeb5", "mtgoFoilId": "10646", "mtgoId": "10645", "multiverseId": "6163", "scryfallCardBackId": "0aeebaf5-8c7d-4636-9e82-8c27447861f7", "scryfallId": "2e652007-02f0-424f-b52c-c1540d1939bd", "scryfallIllustrationId": "b9883cee-c5f2-47c2-9bda-04f439d9ff63", "scryfallOracleId": "4a85cd7e-625b-4043-b7f1-999def26eb36", "tcgplayerProductId": "4322"}, "isFoil": false, "language": "English", "layout": "normal", "legalities": {"commander": "Legal", "duel": "Legal", "legacy": "Legal", "oathbreaker": "Legal", "penny": "Legal", "predh": "Legal", "premodern": "Legal", "vintage": "Legal"}, "manaCost": "{4}", "manaValue": 4.0, "name": "Erratic Portal", "number": "132", "originalText": "o1, oc\nT: Return target creature to owner's hand unless its controller pays o1.", "originalType": "Artifact", "printings": ["EXO", "MB2", "PLST", "PRM", "TPR"], "purchaseUrls": {"cardmarket": "https://mtgjson.com/links/41960114e73759e9", "tcgplayer": "https://mtgjson.com/links/c1f69e40936b22b6"}, "rarity": "rare", "setCode": "EXO", "sourceProducts": {"nonfoil": ["7a001473-a0b3-52e5-a0a2-2c86ce098008", "99f6ac66-be04-571b-bb65-c0f6a4e0e6e0"]}, "subtypes": [], "supertypes": [], "text": "{1}, {T}: Return target creature to its owner's hand unless its controller pays {1}.", "type": "Artifact", "types": ["Artifact"], "uuid": "ae4cfad0-ea30-5046-8ffc-0cf995df16e5"}, {"artist": "Kev Walker", "artistIds": ["f366a0ee-a0cd-466d-ba6a-90058c7a31a6"], "availability": ["mtgo", "paper"], "boosterTypes": ["default"], "borderColor": "black", "colorIdentity": [], "colors": [], "convertedManaCost": 4.0, "count": 1, "edhrecRank": 14915, "edhrecSaltiness": 0.9, "finishes": ["nonfoil"], "foreignData": [{"identifiers": {"scryfallId": "0f740aba-8215-4faa-ab52-7a10633cfa80"}, "language": "German", "name": "Fallgitter", "text": "Immer wenn eine Kreatur ins Spiel kommt und zwei oder mehr andere Kreaturen im Spiel sind, lege diese Kreatur zur Seite. Wenn das Fallgitter das Spiel verlässt, bringe die Kreatur unter der Kontrolle ihres Besitzers ins Spiel.", "type": "Artefakt"}, {"identifiers": {"scryfallId": "94ec472a-8947-4f52-bb8f-1eab54c4cb92"}, "language": "Spanish", "name": "Rastrillo"}, {"identifiers": {"scryfallId": "d91a0e91-7e18-4c3a-a75e-1c82356dd7c5"}, "language": "French", "name": "Herse"}, {"identifiers": {"scryfallId": "5c3f08bb-4203-4c70-b2a7-8e069cf00dae"}, "language": "Italian", "name": "Saracinesca"}, {"identifiers": {"scryfallId": "2fe2e75b-66d0-405a-b70e-da95b68b8503"}, "language": "Japanese", "name": "落とし格子"}, {"identifiers": {"scryfallId": "81892dd1-2f98-4aa1-a6d8-9971f72e0645"}, "language": "Portuguese (Brazil)", "name": "Ponte Levadica"}], "frameVersion": "1997", "hasFoil": false, "hasNonFoil": true, "identifiers": {"cardsphereId": "43004", "mcmId": "9218", "mcmMetaId": "4286", "mtgjsonV4Id": "98b8ab23-d72b-5964-aabb-e452aa5e5660", "mtgoFoilId": "10336", "mtgoId": "10335", "multiverseId": "5202", "scryfallCardBackId": "0aeebaf5-8c7d-4636-9e82-8c27447861f7", "scryfallId": "a4de4af2-fa75-4a87-b0e1-0117727917a5", "scryfallIllustrationId": "bbf09209-19d6-4870-928a-919f612300bd", "scryfallOracleId": "6230c179-0263-4fa4-b0ff-f2cb621de147", "tcgplayerProductId": "5386"}, "isFoil": false, "language": "English", "layout": "normal", "legalities": {"commander": "Legal", "duel": "Legal", "legacy": "Legal", "oathbreaker": "Legal", "predh": "Legal", "premodern": "Legal", "vintage": "Legal"}, "manaCost": "{4}", "manaValue": 4.0, "name": "Portcullis", "number": "139", "originalText": "Whenever any creature comes into play, if there are two or more other creatures in play, set that creature aside. If Portcullis leaves play, put the creature into play under its owner's control.", "originalType": "Artifact", "printings": ["STH"], "purchaseUrls": {"cardmarket": "https://mtgjson.com/links/9bfcbcefbe23bc08", "tcgplayer": "https://mtgjson.com/links/e6a1292301423a2f"}, "rarity": "rare", "rulings": [{"date": "2004-10-04", "text": "Creatures which are phasing in will not trigger this card's ability."}, {"date": "2004-10-04", "text": "If the creature that triggered Portcullis is no longer on the battlefield when the ability resolves, then it fails to do anything."}, {"date": "2004-10-04", "text": "You check the count of the number of creatures on the battlefield again during resolution. The creature will not be exiled if the count is 2 or less."}, {"date": "2009-10-01", "text": "The \"when Portcullis leaves the battlefield\" ability is set up as part of the ability that exiles the creature. It will trigger when Portcullis leaves the battlefield even if Portcullis has somehow lost its abilities at that time."}, {"date": "2009-10-01", "text": "The creature does enter, so any other abilities that trigger on it entering trigger. This follows the normal rules for timing triggered abilities: first, the current player puts their abilities on the stack in any order, then each other player in turn order does the same. Portcullis' own ability is included in this, so it could result in the creature being exiled after some abilities have resolved, but before others."}], "setCode": "STH", "sourceProducts": {"nonfoil": ["424005f9-6be0-57e7-87f4-940a12071a8a", "b9dfc525-597d-55a9-9117-68b349314037"]}, "subtypes": [], "supertypes": [], "text": "Whenever a creature enters, if there are two or more other creatures on the battlefield, exile that creature. Return that card to the battlefield under its owner's control when Portcullis leaves the battlefield.", "type": "Artifact", "types": ["Artifact"], "uuid": "6e65d7d4-8eac-5191-a516-9a5a7d1a8850"}], "type": "Advanced Deck"}}