{"meta": {"date": "2024-09-03", "version": "5.2.2+20240903"}, "data": {"code": "8ED", "commander": [], "mainBoard": [{"artist": "Ron Spencer", "artistIds": ["dab52c11-0564-4207-a4a1-c1735c946a65"], "availability": ["mtgo", "paper"], "boosterTypes": ["default"], "borderColor": "white", "colorIdentity": ["B"], "colors": ["B"], "convertedManaCost": 1.0, "count": 3, "edhrecRank": 18466, "finishes": ["nonfoil"], "flavorText": "\"We do not suddenly fall on death, but advance towards it by slight degrees; we die every day.\"\n—Seneca, *Epistles*, trans. Gummere", "foreignData": [{"flavorText": "„Wir begegnen dem Tod nicht plötzlich, sondern bewegen uns langsam auf ihn zu; wir sterben an jedem Tag.\" —Seneca, Episteln", "identifiers": {"multiverseId": "162755", "scryfallId": "29d8e7b8-0bd2-4352-8a2e-031870deca5d"}, "language": "German", "multiverseId": 162755, "name": "Madenwirt", "text": "Wenn der Madenwirt ins Spiel kommt, verliert jeder Spieler 1 Lebenspunkt.", "type": "Kreatur — Zombie"}, {"flavorText": "\"No llegamos a la muerte repentinamente, sino que nos acercamos a ella poco a poco; morimos cada día\". —Seneca, Epistles", "identifiers": {"multiverseId": "165392", "scryfallId": "26d7c63c-c1e2-4bce-8f3e-0c5863f278a5"}, "language": "Spanish", "multiverseId": 165392, "name": "Portador de larvas", "text": "Cuando el Portador de larvas entre en juego, cada jugador pierde 1 vida.", "type": "Criatura — Zombie"}, {"flavorText": "« En outre, si la vie la plus longue n'est pas toujours la meilleure, la mort qui se prolonge est toujours la pire. » —Sénèque", "identifiers": {"multiverseId": "163112", "scryfallId": "6fe68107-498d-4891-9cad-2626d47ace20"}, "language": "French", "multiverseId": 163112, "name": "Propagateur de vermine", "text": "Quand le Propagateur de vermine arrive en jeu, chaque joueur perd 1 point de vie.", "type": "Créature : zombie"}, {"flavorText": "\"Non cadiamo morti all'improvviso, ma avanziamo verso la fine a piccoli passi; muoriamo un po' ogni giorno\". —Seneca, Epistole", "identifiers": {"multiverseId": "165035", "scryfallId": "9be793d1-1c79-4f8b-8ac3-2378987fc6c7"}, "language": "Italian", "multiverseId": 165035, "name": "Portatore di Larve", "text": "Quando il Portatore di Larve entra in gioco, ogni giocatore perde 1 punto vita.", "type": "Creatura — Zombie"}, {"identifiers": {"scryfallId": "6a8af447-a960-42f7-aaf9-5f11c19c1551"}, "language": "Japanese", "name": "蛆たかり"}, {"flavorText": "\"Não caímos mortos de repente. Caminhamos para a morte passo a passo; nós morremos um pouco a cada dia.\" —Sêneca, Epístolas", "identifiers": {"multiverseId": "165749", "scryfallId": "7f3b2df1-bb76-413f-b902-ff604d628fab"}, "language": "Portuguese (Brazil)", "multiverseId": 165749, "name": "Portadores de Vermes", "text": "Quando Portadores de Vermes entra em jogo, cada jogador perde 1 ponto de vida.", "type": "Criatura — Zumbi"}], "frameVersion": "2003", "hasFoil": false, "hasNonFoil": true, "identifiers": {"cardsphereFoilId": "2986", "cardsphereId": "2987", "mcmId": "778", "mcmMetaId": "3411", "mtgjsonV4Id": "32bb4274-bd17-581a-b9ff-116f461c3acf", "mtgoFoilId": "19454", "mtgoId": "19453", "multiverseId": "45283", "scryfallCardBackId": "0aeebaf5-8c7d-4636-9e82-8c27447861f7", "scryfallId": "cd2ee72e-68d3-46b9-abc6-08532ce412b2", "scryfallIllustrationId": "123d556d-f879-41aa-9501-17fc01afd90e", "scryfallOracleId": "e4ad4b81-3685-4f95-84c0-755263b9d3b1", "tcgplayerProductId": "11102"}, "isFoil": false, "isReprint": true, "language": "English", "layout": "normal", "legalities": {"commander": "Legal", "duel": "Legal", "legacy": "Legal", "modern": "Legal", "oathbreaker": "Legal", "pauper": "Legal", "paupercommander": "Legal", "predh": "Legal", "premodern": "Legal", "vintage": "Legal"}, "manaCost": "{B}", "manaValue": 1.0, "name": "Maggot Carrier", "number": "142", "originalText": "When Maggot Carrier comes into play, each player loses 1 life.", "originalType": "Creature - Zombie", "power": "1", "printings": ["8ED", "PLS"], "purchaseUrls": {"cardmarket": "https://mtgjson.com/links/a12f7152ee415312", "tcgplayer": "https://mtgjson.com/links/de72861dc744d30f"}, "rarity": "common", "setCode": "8ED", "sourceProducts": {"nonfoil": ["8ef9d32d-9a9b-52b8-9aaa-5f8f600b6131", "c8dfa84a-38d1-5fcd-bab4-ed0050d81559"]}, "subtypes": ["Zombie"], "supertypes": [], "text": "When Maggot Carrier enters, each player loses 1 life.", "toughness": "1", "type": "Creature — Zombie", "types": ["Creature"], "uuid": "d880727c-b545-5fe1-a142-38eb2f19a4bf", "variations": ["a02edc5b-5eeb-5a49-bbf2-d3518082b715"]}, {"artist": "Tom Wänerstrand", "artistIds": ["c4e0aa7c-a008-4d71-80ce-d5a1ca0b251b"], "availability": ["mtgo", "paper"], "boosterTypes": ["default"], "borderColor": "white", "colorIdentity": ["B"], "colors": ["B"], "convertedManaCost": 2.0, "count": 4, "edhrecRank": 8842, "edhrecSaltiness": 0.2, "finishes": ["nonfoil"], "flavorText": "Nothing is sacred to the rats. Everything is simply another meal.", "foreignData": [{"flavorText": "Den Ratten ist nichts heilig. Alles ist nur eine weitere Mahlzeit.", "identifiers": {"multiverseId": "162771", "scryfallId": "edde3624-dc79-43f8-9fd7-8e723a4ec29b"}, "language": "German", "multiverseId": 162771, "name": "Gierige Ratten", "text": "Wenn die Gierigen Ratten ins Spiel kommen, wirft ein Gegner deiner Wahl eine Karte aus seiner Hand ab.", "type": "Kreatur — Ratte"}, {"flavorText": "Nada es sagrado para las ratas. Todo es simplemente otra comida.", "identifiers": {"multiverseId": "165408", "scryfallId": "188888f0-7b65-4812-9c3d-831408b8c088"}, "language": "Spanish", "multiverseId": 165408, "name": "Ratas rapaces", "text": "Cuando las Ratas rapaces entren en juego, el oponente objetivo descarta una carta de su mano.", "type": "Criatura — Rata"}, {"flavorText": "Pour les rats, rien n'est sacré. La vie n'est qu'un continuel repas.", "identifiers": {"multiverseId": "163128", "scryfallId": "1950f6f4-17ea-4405-acb7-c629bda24320"}, "language": "French", "multiverseId": 163128, "name": "Rats voraces", "text": "Quand ces Rats voraces arrivent en jeu, l'adversaire ciblé se défausse d'une carte de sa main.", "type": "Créature : rat"}, {"flavorText": "Niente è sacro per i ratti: tutte le cose sono considerate alla stregua di un pasto.", "identifiers": {"multiverseId": "165051", "scryfallId": "8e1309f5-2bf9-4284-8ed7-b4799a9aa02b"}, "language": "Italian", "multiverseId": 165051, "name": "Ratti Famelici", "text": "Quando i Ratti Famelici entrano in gioco, l'avversario bersaglio scarta una carta dalla propria mano.", "type": "Creatura — Ratto"}, {"identifiers": {"scryfallId": "71bf6693-fb8e-41ff-9c98-f3085a4c1a04"}, "language": "Japanese", "name": "貪欲なるネズミ"}, {"flavorText": "Nada é sagrado para os ratos. Tudo é apenas mais uma refeição.", "identifiers": {"multiverseId": "165765", "scryfallId": "41184141-52da-47bc-af7e-c23859b19efa"}, "language": "Portuguese (Brazil)", "multiverseId": 165765, "name": "Ratos Vorazes", "text": "Quando Ratos Vorazes entra em jogo, o oponente alvo descarta um card de sua própria mão.", "type": "Criatura — Rato"}], "frameVersion": "2003", "hasFoil": false, "hasNonFoil": true, "identifiers": {"cardsphereFoilId": "3116", "cardsphereId": "3117", "mcmId": "794", "mcmMetaId": "4530", "mtgjsonV4Id": "dea24b95-e83d-5747-8809-5f99c3016b5d", "mtgoFoilId": "19236", "mtgoId": "19235", "multiverseId": "45286", "scryfallCardBackId": "0aeebaf5-8c7d-4636-9e82-8c27447861f7", "scryfallId": "0ee0ece8-2598-40d4-a222-27e3b34c01a1", "scryfallIllustrationId": "a99eb861-ee80-4dbb-a8d9-35da4ffee138", "scryfallOracleId": "2fa1bbfd-92b5-482c-b32d-4cdc286474c4", "tcgplayerProductId": "11118"}, "isFoil": false, "isReprint": true, "language": "English", "layout": "normal", "legalities": {"commander": "Legal", "duel": "Legal", "legacy": "Legal", "modern": "Legal", "oathbreaker": "Legal", "pauper": "Legal", "paupercommander": "Legal", "predh": "Legal", "premodern": "Legal", "vintage": "Legal"}, "manaCost": "{1}{B}", "manaValue": 2.0, "name": "Ravenous Rats", "number": "158", "originalText": "When Ravenous Rats comes into play, target opponent discards a card from his or her hand.", "originalType": "Creature - Rat", "power": "1", "printings": ["10E", "8ED", "9ED", "DDD", "DDJ", "DPA", "GVL", "INV", "M13", "P02", "PS11", "S99", "UDS", "WC99"], "purchaseUrls": {"cardmarket": "https://mtgjson.com/links/ee024d91f9c1fa54", "tcgplayer": "https://mtgjson.com/links/5c027970afe7ea9d"}, "rarity": "common", "setCode": "8ED", "sourceProducts": {"nonfoil": ["8ef9d32d-9a9b-52b8-9aaa-5f8f600b6131", "c8dfa84a-38d1-5fcd-bab4-ed0050d81559"]}, "subtypes": ["Rat"], "supertypes": [], "text": "When Ravenous Rats enters, target opponent discards a card.", "toughness": "1", "type": "Creature — Rat", "types": ["Creature"], "uuid": "98e532de-c3ef-52ea-927f-1d49ddb97c06", "variations": ["996f6041-988e-56ce-a56e-900f5f4bdbf3"]}, {"artist": "Edward P. Beard, Jr.", "artistIds": ["b845b8ee-aeea-4822-bcf9-7230625ac95c"], "availability": ["mtgo", "paper"], "boosterTypes": ["default"], "borderColor": "white", "colorIdentity": ["B"], "colors": ["B"], "convertedManaCost": 3.0, "count": 2, "edhrecRank": 26404, "finishes": ["nonfoil"], "flavorText": "It despises humans and squirrels and beasts and dwarves and cephalids . . . well, it despises just about everything.", "foreignData": [{"flavorText": "Es verachtet Menschen und Eichhörnchen und Bestien und Zwerge und Zephaliden... tja, eigentlich verachtet es alles.", "identifiers": {"multiverseId": "162743", "scryfallId": "ce53f43a-c352-4c67-8ff5-f9acc7d37a82"}, "language": "German", "multiverseId": 162743, "name": "Dämmerungsbold", "text": "Fliegend (Diese Kreatur kann nur von fliegenden Kreaturen geblockt werden.)", "type": "Kreatur — Bold"}, {"flavorText": "Desprecia a los humanos y a las ardillas y a las bestias y a los enanos y a los cefálidos. Bueno, desprecia prácticamente todo.", "identifiers": {"multiverseId": "165380", "scryfallId": "4ccb0e93-542a-422a-bd52-9903f30cb771"}, "language": "Spanish", "multiverseId": 165380, "name": "Diablillo del crepúsculo", "text": "Vuela. (Esta criatura no puede ser bloqueada excepto por criaturas que tengan la habilidad de volar.)", "type": "Criatura — Diablillo"}, {"flavorText": "Il méprise les humains et les écureuils et les bêtes et les nains et les céphalides... Bref il méprise à peu près tout.", "identifiers": {"multiverseId": "163100", "scryfallId": "31ebeede-e0d4-48e9-bbfe-107f7b596902"}, "language": "French", "multiverseId": 163100, "name": "Diablotin du crépuscule", "text": "Vol (Cette créature ne peut être bloquée que par des créatures avec le vol.)", "type": "Créature : diablotin"}, {"flavorText": "Odia gli uomini e gli scoiattoli e le bestie e i nani e i cefalidi. . . be', odia praticamente tutto.", "identifiers": {"multiverseId": "165023", "scryfallId": "2002a549-5aef-4a15-9e92-9bfb00f863ee"}, "language": "Italian", "multiverseId": 165023, "name": "Demonietto del Crepuscolo", "text": "Volare (Questa creatura non può essere bloccata tranne che da creature con volare.)", "type": "Creatura — Demonietto"}, {"identifiers": {"scryfallId": "8fbe4249-60df-4d9e-a969-c040c046dc28"}, "language": "Japanese", "name": "薄暮のインプ"}, {"flavorText": "Ele despreza os seres humanos e esquilos e bestas e anões e cefálidas ... bem, ele despreza quase tudo.", "identifiers": {"multiverseId": "165737", "scryfallId": "155d50f3-2029-4728-a03f-ab2602bfae07"}, "language": "Portuguese (Brazil)", "multiverseId": 165737, "name": "Diabrete da Penumbra", "text": "Voar (Esta criatura só pode ser bloqueada por criaturas com a habilidade de voar.)", "type": "Criatura — Diabrete"}], "frameVersion": "2003", "hasFoil": false, "hasNonFoil": true, "identifiers": {"cardsphereFoilId": "2799", "cardsphereId": "2800", "mcmId": "766", "mcmMetaId": "1644", "mtgjsonV4Id": "c36dfa5b-8db8-59b8-8ccc-3c8f943207c1", "mtgoFoilId": "19492", "mtgoId": "19491", "multiverseId": "45288", "scryfallCardBackId": "0aeebaf5-8c7d-4636-9e82-8c27447861f7", "scryfallId": "fba0721a-dc1f-42e4-a12a-2ecb356f9339", "scryfallIllustrationId": "f7b5ca0e-57f4-4637-98ab-c8c1fcd7a873", "scryfallOracleId": "1389ae4a-c3a5-4678-9012-937a3cbaf7f7", "tcgplayerProductId": "11090"}, "isFoil": false, "isReprint": true, "keywords": ["Flying"], "language": "English", "layout": "normal", "legalities": {"commander": "Legal", "duel": "Legal", "legacy": "Legal", "modern": "Legal", "oathbreaker": "Legal", "pauper": "Legal", "paupercommander": "Legal", "penny": "Legal", "predh": "Legal", "premodern": "Legal", "vintage": "Legal"}, "manaCost": "{2}{B}", "manaValue": 3.0, "name": "Dusk Imp", "number": "130", "originalText": "Flying (This creature can't be blocked except by creatures with flying.)", "originalType": "Creature - Imp", "power": "2", "printings": ["10E", "8ED", "DDC", "DPA", "DVD", "ODY", "PS11"], "purchaseUrls": {"cardmarket": "https://mtgjson.com/links/892a4f2d91b9d35c", "tcgplayer": "https://mtgjson.com/links/b3efb3044dc9e0d3"}, "rarity": "common", "setCode": "8ED", "sourceProducts": {"nonfoil": ["8ef9d32d-9a9b-52b8-9aaa-5f8f600b6131", "c8dfa84a-38d1-5fcd-bab4-ed0050d81559"]}, "subtypes": ["Imp"], "supertypes": [], "text": "Flying", "toughness": "1", "type": "Creature — Imp", "types": ["Creature"], "uuid": "bce3457c-5349-5cca-8644-11393af17c5d", "variations": ["44745a7a-a961-5828-89cd-45f5c3d6056d"]}, {"artist": "Dany Orizio", "artistIds": ["fcd5ea36-64e0-4af0-992a-3c68a34a400f"], "availability": ["mtgo", "paper"], "boosterTypes": ["default"], "borderColor": "white", "colorIdentity": ["B"], "colors": ["B"], "convertedManaCost": 3.0, "count": 2, "edhrecRank": 23146, "edhrecSaltiness": 0.22, "finishes": ["nonfoil"], "flavorText": "No one in Aphetto answers a knock at the door after sundown.", "foreignData": [{"flavorText": "Nach Sonnenuntergang macht niemand in Aphetto die Tür auf, wenn es klopft.", "identifiers": {"multiverseId": "162776", "scryfallId": "adeda215-2475-4124-a8d3-25608daf01f2"}, "language": "German", "multiverseId": 162776, "name": "Zerfledderte Legion", "text": "Verursacht Furcht (Diese Kreatur kann nur von Artefaktkreaturen und/oder schwarzen Kreaturen geblockt werden.)", "type": "Kreatur — Zombie"}, {"flavorText": "En Afetto nadie responde cuando llaman a la puerta después de la puesta del sol.", "identifiers": {"multiverseId": "165413", "scryfallId": "db874960-efbc-4864-81b8-5882065dd8ed"}, "language": "Spanish", "multiverseId": 165413, "name": "Legión cercenada", "text": "Inspirar temor. (Esta criatura no puede ser bloqueada excepto por criaturas artefacto y/o criaturas negras.)", "type": "Criatura — Zombie"}, {"flavorText": "À Aphetto, personne n'ouvre quand on frappe à la porte après le crépuscule.", "identifiers": {"multiverseId": "163133", "scryfallId": "52b69c5f-e7b5-4090-a60d-167a28a49ae4"}, "language": "French", "multiverseId": 163133, "name": "Légion sectionnée", "text": "Peur (Cette créature ne peut pas être bloquée excepté par des créatures-artefacts et/ou des créatures noires.)", "type": "Créature : zombie"}, {"flavorText": "Nessuno ad Aphetto risponde a chi bussa dopo il tramonto.", "identifiers": {"multiverseId": "165056", "scryfallId": "5875a982-464c-48ae-8cce-ef22fc410b21"}, "language": "Italian", "multiverseId": 165056, "name": "Legione di Arti", "text": "Paura (Questa creatura non può essere bloccata tranne che da creature artefatto e/o da creature nere.)", "type": "Creatura — Zombie"}, {"identifiers": {"scryfallId": "8190fbc9-7a57-4ddd-bfe9-a7a630f813e4"}, "language": "Japanese", "name": "切り刻まれた軍勢"}, {"flavorText": "Em Aphetto, ninguém atende à porta após o pôr-do-sol.", "identifiers": {"multiverseId": "165770", "scryfallId": "8b95457e-3eeb-4fa1-9ae3-72134ed2dd70"}, "language": "Portuguese (Brazil)", "multiverseId": 165770, "name": "Legião Apartada", "text": "Amedrontar (Esta criatura só pode ser bloqueada por criaturas pretas e/ou criaturas artefato.)", "type": "Criatura — Zumbi"}], "frameVersion": "2003", "hasFoil": false, "hasNonFoil": true, "identifiers": {"cardsphereFoilId": "3184", "cardsphereId": "3185", "mcmId": "799", "mcmMetaId": "5088", "mtgjsonV4Id": "220305ff-e0c5-5e9c-9e4d-045e09765a5c", "mtgoFoilId": "19514", "mtgoId": "19513", "multiverseId": "45290", "scryfallCardBackId": "0aeebaf5-8c7d-4636-9e82-8c27447861f7", "scryfallId": "710a3e43-a56a-4a41-86b3-72d48d324bf3", "scryfallIllustrationId": "d244bbbf-f5af-469a-8d9e-70e967b1b0f0", "scryfallOracleId": "34a8a658-a5f6-406f-99d8-c32ea2e26202", "tcgplayerProductId": "11123"}, "isFoil": false, "isReprint": true, "keywords": ["Fear"], "language": "English", "layout": "normal", "legalities": {"commander": "Legal", "duel": "Legal", "legacy": "Legal", "modern": "Legal", "oathbreaker": "Legal", "pauper": "Legal", "paupercommander": "Legal", "penny": "Legal", "predh": "Legal", "premodern": "Legal", "vintage": "Legal"}, "manaCost": "{1}{B}{B}", "manaValue": 3.0, "name": "Severed Legion", "number": "163", "originalText": "Fear (This creature can't be blocked except by artifact creatures and/or black creatures.)", "originalType": "Creature - Zombie", "power": "2", "printings": ["10E", "8ED", "DPA", "ONS", "PS11"], "purchaseUrls": {"cardmarket": "https://mtgjson.com/links/fb7d596fdad45e96", "tcgplayer": "https://mtgjson.com/links/b73df8a46caf67db"}, "rarity": "common", "setCode": "8ED", "sourceProducts": {"nonfoil": ["8ef9d32d-9a9b-52b8-9aaa-5f8f600b6131", "c8dfa84a-38d1-5fcd-bab4-ed0050d81559"]}, "subtypes": ["Zombie"], "supertypes": [], "text": "Fear (This creature can't be blocked except by artifact creatures and/or black creatures.)", "toughness": "2", "type": "Creature — Zombie", "types": ["Creature"], "uuid": "a8adaf87-51d6-5e41-a7cc-2fb3fe137e1d", "variations": ["72676823-a499-5bde-a950-407ccdef5143"]}, {"artist": "Donato Giancola", "artistIds": ["90332db2-aecb-4d79-917b-95cbeb8d0cb6"], "availability": ["mtgo", "paper"], "boosterTypes": ["default"], "borderColor": "white", "colorIdentity": ["B"], "colors": ["B"], "convertedManaCost": 4.0, "count": 2, "edhrecRank": 23519, "edhrecSaltiness": 0.62, "finishes": ["nonfoil"], "flavorText": "Your entire life passes before its eyes.", "foreignData": [{"flavorText": "Dein ganzes Leben läuft vor seinen Augen ab.", "identifiers": {"multiverseId": "162739", "scryfallId": "0532dff8-fac7-4420-8657-dafb580f4a61"}, "language": "German", "multiverseId": 162739, "name": "Todesstarrer", "text": "Immer wenn der Todesstarrer eine nichtschwarze Kreatur blockt oder von ihr geblockt wird, zerstöre diese Kreatur am Ende des Kampfes.", "type": "Kreatur — Eidechse"}, {"flavorText": "Tu vida entera pasa frente a sus ojos.", "identifiers": {"multiverseId": "165376", "scryfallId": "47606be9-5e66-41f5-a9ed-96dc2b5046d2"}, "language": "Spanish", "multiverseId": 165376, "name": "Contemplador mortal", "text": "Siempre que el Contemplador mortal bloquee o sea bloqueado por una criatura que no sea negra, destruye esa criatura al final del combate.", "type": "Criatura — Lagarto"}, {"flavorText": "Votre vie toute entière passe devant ses yeux.", "identifiers": {"multiverseId": "163096", "scryfallId": "5ba9f73e-3e8d-4412-b96d-3f5ee3049d7b"}, "language": "French", "multiverseId": 163096, "name": "Œil-de-mort", "text": "À chaque fois que l'Œil-de-mort bloque ou devient bloqué par une créature non-noire, détruisez cette créature à la fin du combat.", "type": "Créature : lézard"}, {"flavorText": "Tutta la tua vita passa davanti ai suoi occhi.", "identifiers": {"multiverseId": "165019", "scryfallId": "57e31906-cc84-4411-a393-3602e1d06948"}, "language": "Italian", "multiverseId": 165019, "name": "Sguardo Mortale", "text": "Ogniqualvolta lo Sguardo Mortale blocca o viene bloccato da una creatura non nera, distruggi quella creatura alla fine del combattimento.", "type": "Creatura — Lucertola"}, {"identifiers": {"scryfallId": "0bfb9f1c-5ab0-44e8-8efc-2e9c743925bb"}, "language": "Japanese", "name": "凶眼のトカゲ"}, {"flavorText": "A tua vida inteira passa diante dos olhos dele.", "identifiers": {"multiverseId": "165733", "scryfallId": "2f133443-513e-45ae-b952-e82b1bfb76c8"}, "language": "Portuguese (Brazil)", "multiverseId": 165733, "name": "Lagarto Olho-de-morte", "text": "Toda vez que Lagarto Olho-de-morte bloquear ou for bloqueado por uma criatura que não seja preta, destrói aquela criatura no final do combate.", "type": "Criatura — Lagarto"}], "frameVersion": "2003", "hasFoil": false, "hasNonFoil": true, "identifiers": {"cardsphereFoilId": "2773", "cardsphereId": "2774", "mcmId": "762", "mcmMetaId": "1370", "mtgjsonV4Id": "22242817-65f9-5a28-afd0-447d521fdd0a", "mtgoFoilId": "19162", "mtgoId": "19161", "multiverseId": "45309", "scryfallCardBackId": "0aeebaf5-8c7d-4636-9e82-8c27447861f7", "scryfallId": "27a4e022-a5d9-4798-8f04-39c6ce627761", "scryfallIllustrationId": "71e64408-a056-4bef-b636-133e6182863e", "scryfallOracleId": "0f772f35-6d98-4ac8-88e5-02539737078b", "tcgplayerProductId": "11086"}, "isFoil": false, "isReprint": true, "language": "English", "layout": "normal", "legalities": {"commander": "Legal", "duel": "Legal", "legacy": "Legal", "modern": "Legal", "oathbreaker": "Legal", "paupercommander": "Restricted", "penny": "Legal", "predh": "Legal", "premodern": "Legal", "vintage": "Legal"}, "manaCost": "{3}{B}", "manaValue": 4.0, "name": "Deathgazer", "number": "126", "originalText": "Whenever Deathgazer blocks or becomes blocked by a nonblack creature, destroy that creature at end of combat.", "originalType": "Creature - Lizard", "power": "2", "printings": ["8ED", "9ED", "MMQ"], "purchaseUrls": {"cardmarket": "https://mtgjson.com/links/9538d6aa408a95af", "tcgplayer": "https://mtgjson.com/links/94fac07f9d6868e3"}, "rarity": "uncommon", "setCode": "8ED", "sourceProducts": {"nonfoil": ["8ef9d32d-9a9b-52b8-9aaa-5f8f600b6131", "c8dfa84a-38d1-5fcd-bab4-ed0050d81559"]}, "subtypes": ["Lizard"], "supertypes": [], "text": "Whenever Deathgazer blocks or becomes blocked by a nonblack creature, destroy that creature at end of combat.", "toughness": "2", "type": "Creature — Lizard", "types": ["Creature"], "uuid": "347a9766-ef3d-5916-87af-20b00ebb5a43", "variations": ["5f958e7f-85ec-5640-89b5-278537d2a7ab"]}, {"artist": "Michael Sutfin", "artistIds": ["5ce7b3bd-53d2-49e6-b504-37191e8e9b17"], "availability": ["mtgo", "paper"], "boosterTypes": ["default"], "borderColor": "white", "colorIdentity": ["B"], "colors": ["B"], "convertedManaCost": 4.0, "count": 2, "edhrecRank": 14505, "edhrecSaltiness": 0.25, "finishes": ["nonfoil"], "flavorText": "To gaze under its hood is to invite death.", "foreignData": [{"flavorText": "Unter seine Kapuze zu schauen bedeutet den Tod einzuladen.", "identifiers": {"multiverseId": "162730", "scryfallId": "26f8c5d2-24b7-47ae-93b9-b1a29cc4f834"}, "language": "German", "multiverseId": 162730, "name": "Unterweltgespenst", "text": "Fliegend (Diese Kreatur kann nur von fliegenden Kreaturen geblockt werden.)\nImmer wenn das Unterweltgespenst einem Spieler Schaden zufügt, wirft dieser Spieler eine Karte aus seiner Hand ab.", "type": "Kreatur — Specter"}, {"flavorText": "Ver debajo de su capucha es invitar a la muerte.", "identifiers": {"multiverseId": "165367", "scryfallId": "cdefdd85-2db8-4c69-b9ad-773859e294a0"}, "language": "Spanish", "multiverseId": 165367, "name": "Espectro abismal", "text": "Vuela. (Esta criatura no puede ser bloqueada excepto por criaturas que tengan la habilidad de volar.)\nSiempre que el Espectro abismal haga daño a un jugador, ese jugador descarta una carta de su mano.", "type": "Criatura — Espectro"}, {"flavorText": "« Quel est ce tourbillon spectral qui se déchaîne ? » — Leconte de Lisle, Poèmes tragiques.", "identifiers": {"multiverseId": "163087", "scryfallId": "58c8c721-c6b9-4c15-b668-5d249717c816"}, "language": "French", "multiverseId": 163087, "name": "Spectre des abysses", "text": "Vol (Cette créature ne peut être bloquée que par des créatures avec le vol.)\nÀ chaque fois que le Spectre des abysses blesse un joueur, ce joueur choisit une carte de sa main et s'en défausse.", "type": "Créature : spectre"}, {"flavorText": "Scrutare sotto il suo mantello equivale a invocare la morte.", "identifiers": {"multiverseId": "165010", "scryfallId": "5644f7a9-bf1d-44ec-a562-8d539c44b911"}, "language": "Italian", "multiverseId": 165010, "name": "Spettro dell'Abisso", "text": "Volare (Questa creatura non può essere bloccata tranne che da creature con volare.)\nOgniqualvolta lo Spettro dell'Abisso infligge danno a un giocatore, quel giocatore scarta una carta dalla propria mano.", "type": "Creatura — Spettro"}, {"identifiers": {"scryfallId": "fcbf407b-41f7-42dc-9ae4-799eb6ea5e28"}, "language": "Japanese", "name": "深淵の死霊"}, {"flavorText": "Espiar sob seu capuz é um convite à morte.", "identifiers": {"multiverseId": "165724", "scryfallId": "9c469a68-669c-4aac-a0ae-32df368b09ca"}, "language": "Portuguese (Brazil)", "multiverseId": 165724, "name": "Espectro Abissal", "text": "Voar (Esta criatura só pode ser bloqueada por criaturas com a habilidade de voar.)\nToda vez que Espectro Abissal causar dano a algum jogador, aquele jogador descarta um card de sua própria mão.", "type": "Criatura — Espectro"}], "frameVersion": "2003", "hasFoil": false, "hasNonFoil": true, "identifiers": {"cardsphereFoilId": "2649", "cardsphereId": "2650", "mcmId": "753", "mcmMetaId": "24", "mtgjsonV4Id": "166baa9b-6758-5aaa-9f88-0cda35049eaa", "mtgoFoilId": "19260", "mtgoId": "19259", "multiverseId": "45307", "scryfallCardBackId": "0aeebaf5-8c7d-4636-9e82-8c27447861f7", "scryfallId": "68672104-44da-491b-930e-a5ec5740f9a4", "scryfallIllustrationId": "0c0d007f-1ed8-4a07-9c01-d2b731802f51", "scryfallOracleId": "51833cff-6519-4806-8d91-0040e9a02189", "tcgplayerProductId": "11077"}, "isFoil": false, "isReprint": true, "keywords": ["Flying"], "language": "English", "layout": "normal", "legalities": {"commander": "Legal", "duel": "Legal", "legacy": "Legal", "modern": "Legal", "oathbreaker": "Legal", "paupercommander": "Restricted", "penny": "Legal", "predh": "Legal", "premodern": "Legal", "vintage": "Legal"}, "manaCost": "{2}{B}{B}", "manaValue": 4.0, "name": "Abyssal Specter", "number": "117", "originalText": "Flying (This creature can't be blocked except by creatures with flying.)\nWhenever Abyssal Specter deals damage to a player, that player discards a card from his or her hand.", "originalType": "Creature - Specter", "power": "2", "printings": ["5ED", "6ED", "7ED", "8ED", "BRB", "DDC", "DKM", "DPA", "DVD", "ICE", "MM3", "PS11"], "purchaseUrls": {"cardmarket": "https://mtgjson.com/links/83644ef6c86decc8", "tcgplayer": "https://mtgjson.com/links/b54d99e907d6d5d0"}, "rarity": "uncommon", "setCode": "8ED", "sourceProducts": {"nonfoil": ["8ef9d32d-9a9b-52b8-9aaa-5f8f600b6131", "c8dfa84a-38d1-5fcd-bab4-ed0050d81559"]}, "subtypes": ["Specter"], "supertypes": [], "text": "Flying\nWhenever Abyssal Specter deals damage to a player, that player discards a card.", "toughness": "3", "type": "Creature — Specter", "types": ["Creature"], "uuid": "fee01716-cd49-5773-bef7-bd0f912f2be3", "variations": ["72ee0214-d914-5b29-b0eb-c3fac832a7f5"]}, {"artist": "DiTerlizzi", "artistIds": ["ed44dce4-30cf-4c2c-b2e1-a19ba2295690"], "availability": ["mtgo", "paper"], "boosterTypes": ["default"], "borderColor": "white", "colorIdentity": ["B"], "colors": ["B"], "convertedManaCost": 3.0, "count": 1, "edhrecRank": 19960, "edhrecSaltiness": 0.25, "finishes": ["nonfoil"], "flavorText": "\"Human tenderness is simply weakness in a pretty package.\"", "foreignData": [{"flavorText": "„Menschliche Zärtlichkeit ist nichts naderes als hübsch verpackte Verweichlichkeit.\"", "identifiers": {"multiverseId": "162735", "scryfallId": "07087df5-65f8-4693-864f-d3fbdbfecfb3"}, "language": "German", "multiverseId": 162735, "name": "Zwangsabgabe", "text": "Ein Gegner deiner Wahl zeigt die Karten auf seiner Hand offen vor. Bestimme eine Karte davon. Dieser Spieler wirft diese Karte ab.", "type": "Hexerei"}, {"flavorText": "\"El cariño humano es simplemente debilidad en un paquete bonito\".", "identifiers": {"multiverseId": "165372", "scryfallId": "9de74b38-e78b-42f5-8290-aaa0dc1975d0"}, "language": "Spanish", "multiverseId": 165372, "name": "Coerción", "text": "El oponente objetivo muestra su mano. Elige una carta de ahí. Ese jugador descarta esa carta.", "type": "Conjuro"}, {"flavorText": "« Tendresse est tendance à se livrer en toute faiblesse à la douceur d'être faible. » —Paul Valéry", "identifiers": {"multiverseId": "163092", "scryfallId": "c13bdc4f-1e9c-4ce5-be78-5553595f95c9"}, "language": "French", "multiverseId": 163092, "name": "Coercition", "text": "L'adversaire ciblé révèle sa main. Choisissez-y une carte. Ce joueur se défausse de cette carte.", "type": "Rituel"}, {"flavorText": "\"La tenerezza umana è semplice debolezza ben confezionata\".", "identifiers": {"multiverseId": "165015", "scryfallId": "9e02d39e-d177-4a7e-8b81-ceccd02b01b6"}, "language": "Italian", "multiverseId": 165015, "name": "Coercizione", "text": "L'avversario bersaglio rivela la propria mano. Scegli una carta da essa. Quel giocatore scarta quella carta.", "type": "Stregoneria"}, {"identifiers": {"scryfallId": "cd96f05f-afce-449b-8771-25fdd3572989"}, "language": "Japanese", "name": "強要"}, {"flavorText": "\"A suavidade humana não passa de fraqueza numa bela embalagem.\"", "identifiers": {"multiverseId": "165729", "scryfallId": "cc411c23-752b-4811-807d-1d2f032b4ca6"}, "language": "Portuguese (Brazil)", "multiverseId": 165729, "name": "Coerção", "text": "O oponente alvo revela sua própria mão. Escolha um card dela. Aquele jogador descarta aquele card.", "type": "Feitiço"}], "frameVersion": "2003", "hasFoil": false, "hasNonFoil": true, "identifiers": {"cardsphereFoilId": "2743", "cardsphereId": "2744", "mcmId": "758", "mcmMetaId": "1071", "mtgjsonV4Id": "fd81a6ae-f591-501f-a32f-48e7112d9bb4", "mtgoFoilId": "18960", "mtgoId": "18959", "multiverseId": "45297", "scryfallCardBackId": "0aeebaf5-8c7d-4636-9e82-8c27447861f7", "scryfallId": "5017726b-f884-4c63-b738-1eb0aacb441d", "scryfallIllustrationId": "a2680d9e-36cf-4f3f-97f6-b1c0ea17722d", "scryfallOracleId": "68413337-ddb9-46f8-8c8e-f3d2d672c652", "tcgplayerProductId": "11082"}, "isFoil": false, "isReprint": true, "language": "English", "layout": "normal", "legalities": {"commander": "Legal", "duel": "Legal", "legacy": "Legal", "modern": "Legal", "oathbreaker": "Legal", "pauper": "Legal", "paupercommander": "Legal", "penny": "Legal", "predh": "Legal", "premodern": "Legal", "vintage": "Legal"}, "manaCost": "{2}{B}", "manaValue": 3.0, "name": "Coercion", "number": "122", "originalText": "Target opponent reveals his or her hand. Choose a card from it. That player discards that card.", "originalType": "Sorcery", "printings": ["6ED", "8ED", "9ED", "BTD", "P02", "PTK", "S99", "TMP", "TPR", "VIS"], "purchaseUrls": {"cardmarket": "https://mtgjson.com/links/c3ffc1401cc14b09", "tcgplayer": "https://mtgjson.com/links/b03cc08db3296c1d"}, "rarity": "common", "setCode": "8ED", "sourceProducts": {"nonfoil": ["8ef9d32d-9a9b-52b8-9aaa-5f8f600b6131", "c8dfa84a-38d1-5fcd-bab4-ed0050d81559"]}, "subtypes": [], "supertypes": [], "text": "Target opponent reveals their hand. You choose a card from it. That player discards that card.", "type": "Sorcery", "types": ["Sorcery"], "uuid": "c7f49b1b-06e9-5dc4-a382-625e66a0978b", "variations": ["bebee1df-2f5c-532e-85e6-7a36cc3252be"]}, {"artist": "Dermot Power", "artistIds": ["4162c8c0-8ded-497c-b29e-131e43dfae5e"], "availability": ["mtgo", "paper"], "boosterTypes": ["default"], "borderColor": "white", "colorIdentity": ["B"], "colors": ["B"], "convertedManaCost": 3.0, "count": 2, "edhrecRank": 17639, "edhrecSaltiness": 0.08, "finishes": ["nonfoil"], "flavorText": "\"Ha, banishment? Be merciful, say 'death,'\nFor exile hath more terror in his look,\nMuch more than death.\"\n—William Shakespeare, *Romeo and Juliet*", "foreignData": [{"flavorText": "„Ha, Verbannung? Sei mitleidiger, sage 'Tod', denn Verbannung hat weit mehr Schreckliches in ihren Blicken als der Tod selbst.\" —William Shakespeare, Romeo und Julia", "identifiers": {"multiverseId": "162736", "scryfallId": "db3e98a9-93e3-415d-8b39-5d9fb66639e8"}, "language": "German", "multiverseId": 162736, "name": "Dunkle Verbannung", "text": "Zerstöre eine nichtschwarze Kreatur deiner Wahl. Sie kann nicht regeneriert werden.", "type": "Spontanzauber"}, {"flavorText": "\"¡Ah ¿El destierro? Ten piedad, di la muerte. La proscripción es de faz más terrible, mucho más terrible que la muerte.\" —William Shakespeare, Romeo y Julieta", "identifiers": {"multiverseId": "165373", "scryfallId": "2e5ad5ee-32d6-44cb-a3de-864e4224f90c"}, "language": "Spanish", "multiverseId": 165373, "name": "Destierro sombrío", "text": "Destruye la criatura objetivo que no sea negra. No puede ser regenerado.", "type": "Instantáneo"}, {"flavorText": "« Et leur bannissement, dont j'accepte la loi, Dépend bien plus de vous, qu'il ne dépend de moi. » — Molière, Dom Garcie", "identifiers": {"multiverseId": "163093", "scryfallId": "6a91dd95-184b-4a68-8d34-91d109928337"}, "language": "French", "multiverseId": 163093, "name": "Obscur bannissement", "text": "Détruisez la créature non-noire ciblée. Elle ne peut pas être régénérée.", "type": "Éphémère"}, {"flavorText": "\"L'esilio? Abbi pietà, di' pure \"morte\", Poiché l'esilio ha un aspetto molto più terrificante, Della morte stessa.\"—William Shakespeare, Romeo e Giulietta", "identifiers": {"multiverseId": "165016", "scryfallId": "2e83efac-deed-48ab-9f72-699da0035f7f"}, "language": "Italian", "multiverseId": 165016, "name": "Esilio Oscuro", "text": "Distruggi una creatura bersaglio non nera. Non può essere rigenerata.", "type": "Istantaneo"}, {"identifiers": {"scryfallId": "74176700-ad73-488d-ad4d-a68fa7e4a9fd"}, "language": "Japanese", "name": "闇への追放"}, {"flavorText": "\"Exílio exílio Sê clemente, dizendo logo 'morte', Pois mais horror contém no olhar o exílio que a própria morte.\" — William Shakespeare, Romeu e Julieta", "identifiers": {"multiverseId": "165730", "scryfallId": "07660031-869b-475c-8353-0062637f34dd"}, "language": "Portuguese (Brazil)", "multiverseId": 165730, "name": "Banimento Sombrio", "text": "Destrói a criatura alvo que não seja preta. Ela não pode ser regenerada.", "type": "Mágica Instantânea"}], "frameVersion": "2003", "hasFoil": false, "hasNonFoil": true, "identifiers": {"cardsphereFoilId": "2767", "cardsphereId": "2768", "mcmId": "759", "mcmMetaId": "1289", "mtgjsonV4Id": "d3753196-715f-503a-8aca-59ea83e70880", "mtgoFoilId": "18944", "mtgoId": "18943", "multiverseId": "45301", "scryfallCardBackId": "0aeebaf5-8c7d-4636-9e82-8c27447861f7", "scryfallId": "0c42a59e-f916-48a7-8721-091ee47a6ea1", "scryfallIllustrationId": "756353cf-c31f-4d30-a579-e6278a4fb3c1", "scryfallOracleId": "0df450be-9bd2-45be-ae59-fa8d19f6a391", "tcgplayerProductId": "11083"}, "isFoil": false, "isReprint": true, "language": "English", "layout": "normal", "legalities": {"commander": "Legal", "duel": "Legal", "legacy": "Legal", "modern": "Legal", "oathbreaker": "Legal", "pauper": "Legal", "paupercommander": "Legal", "penny": "Legal", "predh": "Legal", "premodern": "Legal", "vintage": "Legal"}, "manaCost": "{2}{B}", "manaValue": 3.0, "name": "Dark Banishing", "number": "123", "originalText": "Destroy target nonblack creature. It can't be regenerated.", "originalType": "Instant", "printings": ["7ED", "8ED", "9ED", "CST", "DDC", "DKM", "DVD", "ICE", "ME2", "MIR", "OLEP", "PSAL", "PTC", "TMP", "TPR", "WC03"], "purchaseUrls": {"cardmarket": "https://mtgjson.com/links/b338db9edb54e6ac", "tcgplayer": "https://mtgjson.com/links/52cffb2e0910741e"}, "rarity": "common", "setCode": "8ED", "sourceProducts": {"nonfoil": ["8ef9d32d-9a9b-52b8-9aaa-5f8f600b6131", "c8dfa84a-38d1-5fcd-bab4-ed0050d81559"]}, "subtypes": [], "supertypes": [], "text": "Destroy target nonblack creature. It can't be regenerated.", "type": "Instant", "types": ["Instant"], "uuid": "1863943d-d72e-503d-bab8-f6417b96fa22", "variations": ["355150af-ce2e-5f6d-b09d-2385739488ae"]}, {"artist": "Peter Bollinger", "artistIds": ["3168b530-3323-4ac7-b01f-50912b3a1c9c"], "availability": ["mtgo", "paper"], "boosterTypes": ["default"], "borderColor": "white", "colorIdentity": ["B"], "colors": ["B"], "convertedManaCost": 3.0, "count": 2, "edhrecRank": 2676, "edhrecSaltiness": 0.54, "finishes": ["nonfoil"], "flavorText": "Memories cut from the mind can cut right back.", "foreignData": [{"flavorText": "Erinnerungen, aus dem Gehirn verbannt, können äußerst wehtun.", "identifiers": {"multiverseId": "162756", "scryfallId": "181e75a9-86b8-4815-ab23-362175a096b2"}, "language": "German", "multiverseId": 162756, "name": "Schwermut", "text": "Immer wenn ein Gegner eine Karte aus seiner Hand abwirft, fügt Schwermut diesem Spieler 2 Schadenspunkte zu.", "type": "Verzauberung"}, {"flavorText": "Los recuerdos que nos empeñamos en olvidar pueden regresar a hacernos daño.", "identifiers": {"multiverseId": "165393", "scryfallId": "6a8193e2-cb49-4f90-a994-dbf861cd9033"}, "language": "Spanish", "multiverseId": 165393, "name": "Jaqueca", "text": "Siempre que un oponente descarte una carta de su mano, la Jaqueca hace 2 puntos de daño a ese jugador.", "type": "Encantamiento"}, {"flavorText": "« Cloués au sol, de honte et de céphalalgies … » — Arthur Rimbaud, Poésies.", "identifiers": {"multiverseId": "163113", "scryfallId": "2553f96f-bb4c-4578-a12c-37cb7edbc3a9"}, "language": "French", "multiverseId": 163113, "name": "Céphalalgie", "text": "À chaque fois qu'un adversaire se défausse d'une carte de sa main, la Céphalalgie lui inflige 2 blessures.", "type": "Enchantement"}, {"flavorText": "Le memorie strappate dalla mente possono lasciare i segni.", "identifiers": {"multiverseId": "165036", "scryfallId": "29323255-b429-4979-8338-982822aef7a0"}, "language": "Italian", "multiverseId": 165036, "name": "Emicrania", "text": "Ogniqualvolta un avversario scarta una carta dalla propria mano, l'Emicrania infligge 2 danni a quel giocatore.", "type": "Incantesimo"}, {"identifiers": {"scryfallId": "6b87c8d9-80d8-4c93-9e10-af5379e60804"}, "language": "Japanese", "name": "偏頭痛"}, {"flavorText": "As lembranças arrancadas à mente podem arrancar algo mais.", "identifiers": {"multiverseId": "165750", "scryfallId": "c6b783a7-70e9-45d0-998b-15da8f153ce4"}, "language": "Portuguese (Brazil)", "multiverseId": 165750, "name": "Enxaqueca", "text": "Toda vez que um oponente descartar um card de sua própria mão, Enxaqueca causa 2 pontos de dano àquele jogador.", "type": "Encantamento"}], "frameVersion": "2003", "hasFoil": false, "hasNonFoil": true, "identifiers": {"cardsphereFoilId": "3000", "cardsphereId": "3001", "mcmId": "779", "mcmMetaId": "3523", "mtgjsonV4Id": "0044b50a-0034-5a8a-b0ca-98ede225bb83", "mtgoFoilId": "19354", "mtgoId": "19353", "multiverseId": "45316", "scryfallCardBackId": "0aeebaf5-8c7d-4636-9e82-8c27447861f7", "scryfallId": "82d8a020-fa68-4db6-bbe8-671bff043e06", "scryfallIllustrationId": "5dea60df-4b7f-4d7e-814d-fdc70c715b70", "scryfallOracleId": "633ad9e2-9f55-4a1c-9248-661ad4b0e1dc", "tcgplayerProductId": "11103"}, "isFoil": false, "isReprint": true, "language": "English", "layout": "normal", "legalities": {"commander": "Legal", "duel": "Legal", "legacy": "Legal", "modern": "Legal", "oathbreaker": "Legal", "predh": "Legal", "premodern": "Legal", "vintage": "Legal"}, "manaCost": "{2}{B}", "manaValue": 3.0, "name": "Megrim", "number": "143", "originalText": "Whenever an opponent discards a card from his or her hand, Megrim deals 2 damage to that player.", "originalType": "Enchantment", "printings": ["10E", "7ED", "8ED", "9ED", "DPA", "M10", "PS11", "STH"], "purchaseUrls": {"cardmarket": "https://mtgjson.com/links/b8911fc76e2cda32", "tcgplayer": "https://mtgjson.com/links/2c2c8d9b9291ac05"}, "rarity": "uncommon", "setCode": "8ED", "sourceProducts": {"nonfoil": ["8ef9d32d-9a9b-52b8-9aaa-5f8f600b6131", "c8dfa84a-38d1-5fcd-bab4-ed0050d81559"]}, "subtypes": [], "supertypes": [], "text": "Whenever an opponent discards a card, Megrim deals 2 damage to that player.", "type": "Enchantment", "types": ["Enchantment"], "uuid": "e980294c-3354-5499-9082-b3bc1792b862", "variations": ["e6c28b71-0ebd-5535-b0bd-18a702b0d9ae"]}, {"artist": "Dave Dorman", "artistIds": ["9235458b-ce92-45bd-a430-a72ecd8e6176"], "availability": ["mtgo", "paper"], "boosterTypes": ["default"], "borderColor": "white", "colorIdentity": ["B"], "colors": ["B"], "convertedManaCost": 5.0, "count": 1, "edhrecRank": 12735, "edhrecSaltiness": 0.88, "finishes": ["nonfoil"], "flavorText": "Opportunity makes the thief.\n—Roman proverb", "foreignData": [{"flavorText": "Gelegenheit macht Diebe. —Römisches Sprichwort", "identifiers": {"multiverseId": "162752", "scryfallId": "e5a78a66-39ad-48eb-a183-182aac1e068b"}, "language": "German", "multiverseId": 162752, "name": "Abknöpfen", "text": "Immer wenn eine Kreatur, die du kontrollierst, einem Spieler Kampfschaden zufügt, wirft dieser Spieler eine Karte aus seiner Hand ab.", "type": "Verzauberung"}, {"flavorText": "La tentación hace al ladrón. —Proverbio romano", "identifiers": {"multiverseId": "165389", "scryfallId": "cabea312-c91f-4281-8670-f93d7eb9f1ec"}, "language": "Spanish", "multiverseId": 165389, "name": "Latrocinio", "text": "Siempre que una criatura que controles haga daño de combate a un jugador, ese jugador descarta una carta de su mano.", "type": "Encantamiento"}, {"flavorText": "« Les honnêtes gens ne demandent qu'à devenir voleurs. » — Sacha Guitry", "identifiers": {"multiverseId": "163109", "scryfallId": "80377362-d538-4844-b8f3-0e7f83938304"}, "language": "French", "multiverseId": 163109, "name": "Larcin", "text": "À chaque fois qu'une créature que vous contrôlez inflige des blessures de combat à un joueur, ce joueur se défausse d'une carte de sa main.", "type": "Enchantement"}, {"flavorText": "L'opportunità rende l'uomo ladro. —proverbio latino", "identifiers": {"multiverseId": "165032", "scryfallId": "a6f72ae5-301d-40d5-9160-92f1f35b8ea6"}, "language": "Italian", "multiverseId": 165032, "name": "Latrocinio", "text": "Ogniqualvolta una creatura infligge danno da combattimento a un giocatore, quel giocatore scarta una carta dalla propria mano.", "type": "Incantesimo"}, {"identifiers": {"scryfallId": "d119dc22-e5ad-4a41-b533-a1325f97acd3"}, "language": "Japanese", "name": "窃盗"}, {"flavorText": "A ocasião faz o ladrão. — Provérbio romano", "identifiers": {"multiverseId": "165746", "scryfallId": "ab0f86bf-6758-4c8e-936c-145b32299d2d"}, "language": "Portuguese (Brazil)", "multiverseId": 165746, "name": "Furto", "text": "Toda vez que uma criatura que você controla causar dano de combate a um jogador, aquele jogador descarta um card de sua própria mão.", "type": "Encantamento"}], "frameVersion": "2003", "hasFoil": false, "hasNonFoil": true, "identifiers": {"cardsphereFoilId": "2960", "cardsphereId": "2961", "mcmId": "775", "mcmMetaId": "3196", "mtgjsonV4Id": "094258f2-f42f-59e0-8727-d1b4ac750213", "mtgoFoilId": "19156", "mtgoId": "19155", "multiverseId": "45332", "scryfallCardBackId": "0aeebaf5-8c7d-4636-9e82-8c27447861f7", "scryfallId": "1cb3eddb-cd89-4cec-92b4-4006dece36a8", "scryfallIllustrationId": "9088a614-ff42-4e43-9373-9e9d7b264b9c", "scryfallOracleId": "f356087e-e1d2-4c25-aa1d-215d09535e7c", "tcgplayerProductId": "11099"}, "isFoil": false, "isReprint": true, "language": "English", "layout": "normal", "legalities": {"commander": "Legal", "duel": "Legal", "legacy": "Legal", "modern": "Legal", "oathbreaker": "Legal", "penny": "Legal", "predh": "Legal", "premodern": "Legal", "vintage": "Legal"}, "manaCost": "{3}{B}{B}", "manaValue": 5.0, "name": "Larceny", "number": "139", "originalText": "Whenever a creature you control deals combat damage to a player, that player discards a card from his or her hand.", "originalType": "Enchantment", "printings": ["8ED", "MMQ", "PHUK", "PSAL"], "purchaseUrls": {"cardmarket": "https://mtgjson.com/links/0c8efa0a539b0946", "tcgplayer": "https://mtgjson.com/links/938a2b6f04ca8fd6"}, "rarity": "rare", "rulings": [{"date": "2004-10-04", "text": "Triggers once per creature, not once per point of damage."}], "setCode": "8ED", "sourceProducts": {"nonfoil": ["8ef9d32d-9a9b-52b8-9aaa-5f8f600b6131", "c8dfa84a-38d1-5fcd-bab4-ed0050d81559"]}, "subtypes": [], "supertypes": [], "text": "Whenever a creature you control deals combat damage to a player, that player discards a card.", "type": "Enchantment", "types": ["Enchantment"], "uuid": "e3ef6198-c6cf-5976-a4cb-8b750c52d69e", "variations": ["8ac9f35a-b63c-510b-8302-1b964b49b3c9"]}, {"artist": "Glen Angus", "artistIds": ["7be3b9e4-de9b-4a3d-884e-e67b9681d409"], "availability": ["mtgo", "paper"], "boosterTypes": ["default"], "borderColor": "white", "colorIdentity": ["B"], "colors": ["B"], "convertedManaCost": 5.0, "count": 1, "edhrecRank": 23876, "edhrecSaltiness": 0.08, "finishes": ["nonfoil"], "flavorText": "\"The mortal world is a grove of sweet fruit, and I am ready to harvest it.\"\n—Fallen angel", "foreignData": [{"flavorText": "„Die Welt der Sterblichen ist ein Hain voller saftiger Früchte, und ich warte nur darauf, sie abzuernten.\" —Gefallener Engel", "identifiers": {"multiverseId": "162775", "scryfallId": "3aaa3a00-7b1f-4589-81e0-1662ffdc3452"}, "language": "German", "multiverseId": 162775, "name": "Seelenstehlen", "text": "Zerstöre eine nichtschwarze Kreatur deiner Wahl. Sie kann nicht regeneriert werden. Du erhältst Lebenspunkte in Höhe ihrer Widerstandskraft dazu.", "type": "Hexerei"}, {"flavorText": "\"El mundo mortal es una arboleda de fruta dulce y yo estoy lista para cosecharla\". —Ángel caído", "identifiers": {"multiverseId": "165412", "scryfallId": "532fb151-f3d9-4fbf-8165-52d1fb74aa79"}, "language": "Spanish", "multiverseId": 165412, "name": "Separar el alma", "text": "Destruye la criatura objetivo que no sea negra. No puede ser regenerado. Ganas una cantidad de vida igual a su resistencia.", "type": "Conjuro"}, {"flavorText": "« Le monde des mortels est un verger aux fruits sucrés, et je suis prête à en faire la cueillette. » — Ange déchue", "identifiers": {"multiverseId": "163132", "scryfallId": "cb9c1b38-4a71-4263-b37d-99f4bc46cb04"}, "language": "French", "multiverseId": 163132, "name": "Disjonction de l'âme", "text": "Détruisez la créature non-noire ciblée. Elle ne peut pas être régénérée. Vous gagnez autant de points de vie que son endurance.", "type": "Rituel"}, {"flavorText": "\"Il mondo mortale è un bosco dai dolci frutti, e io sono pronta a coglierli tutti\". —angelo caduto", "identifiers": {"multiverseId": "165055", "scryfallId": "527b1388-0e2f-4fc7-b916-7ccadceeaca7"}, "language": "Italian", "multiverseId": 165055, "name": "Recidere l'Anima", "text": "Distruggi una creatura bersaglio non nera. Non può essere rigenerata. Guadagni un ammontare di punti vita pari alla sua costituzione.", "type": "Stregoneria"}, {"identifiers": {"scryfallId": "ff6519fd-e9f9-46ea-9c8f-f0ee6cf5c243"}, "language": "Japanese", "name": "霊魂切断"}, {"flavorText": "\"O mundo mortal é um pomar de frutos doces e eu estou pronto para fazer a colheita.\"— Anj o caído", "identifiers": {"multiverseId": "165769", "scryfallId": "440c0f9f-64a3-4925-a877-461b923c0f5a"}, "language": "Portuguese (Brazil)", "multiverseId": 165769, "name": "Cortar a Alma", "text": "Destrói a criatura alvo que não seja preta. Ela não pode ser regenerada. Você ganha uma quantidade de pontos de vida igual à resistência dela.", "type": "Feitiço"}], "frameVersion": "2003", "hasFoil": false, "hasNonFoil": true, "identifiers": {"cardsphereFoilId": "3182", "cardsphereId": "3183", "mcmId": "798", "mcmMetaId": "5087", "mtgjsonV4Id": "bed32355-8961-5d9f-86a7-4b1b3cbf5112", "mtgoFoilId": "19572", "mtgoId": "19571", "multiverseId": "45317", "scryfallCardBackId": "0aeebaf5-8c7d-4636-9e82-8c27447861f7", "scryfallId": "df1cb775-3a45-4f2c-9c45-febda6434c59", "scryfallIllustrationId": "68acac32-f8aa-45dc-9efa-c68cbd36e3bc", "scryfallOracleId": "577d027a-96c3-46fe-880b-f8b5dd3f3a3d", "tcgplayerProductId": "11122"}, "isFoil": false, "isReprint": true, "language": "English", "layout": "normal", "legalities": {"commander": "Legal", "duel": "Legal", "legacy": "Legal", "modern": "Legal", "oathbreaker": "Legal", "pauper": "Legal", "paupercommander": "Legal", "predh": "Legal", "premodern": "Legal", "vintage": "Legal"}, "manaCost": "{3}{B}{B}", "manaValue": 5.0, "name": "Sever Soul", "number": "162", "originalText": "Destroy target nonblack creature. It can't be regenerated. You gain life equal to its toughness.", "originalType": "Sorcery", "printings": ["8ED", "MMQ", "PHUK", "PLST", "PSAL"], "purchaseUrls": {"cardmarket": "https://mtgjson.com/links/d3d0d3bb64cfeede", "tcgplayer": "https://mtgjson.com/links/194f2336eac4febf"}, "rarity": "uncommon", "setCode": "8ED", "sourceProducts": {"nonfoil": ["8ef9d32d-9a9b-52b8-9aaa-5f8f600b6131", "c8dfa84a-38d1-5fcd-bab4-ed0050d81559"]}, "subtypes": [], "supertypes": [], "text": "Destroy target nonblack creature. It can't be regenerated. You gain life equal to its toughness.", "type": "Sorcery", "types": ["Sorcery"], "uuid": "589687d7-79ff-5e79-9212-734b0a36b823", "variations": ["6d6a9e78-4edd-5c74-97d6-1f9130edac14"]}, {"artist": "Stuart Griffin", "artistIds": ["8df59511-f31c-461f-8a7d-0271aa1f973d"], "availability": ["mtgo", "paper"], "boosterTypes": ["default"], "borderColor": "white", "colorIdentity": [], "colors": [], "convertedManaCost": 3.0, "count": 1, "edhrecRank": 23037, "edhrecSaltiness": 0.09, "finishes": ["nonfoil"], "flavorText": "\"True power is controlling not only the hearts of your subjects, but their minds as well.\"", "foreignData": [{"flavorText": "„Wahre Macht ist, wenn du nicht nur die Herzen deiner Opfer, sondern auch ihre Gedanken kontrollierst.\"", "identifiers": {"multiverseId": "162911", "scryfallId": "733bb767-80f2-4b28-91cd-260f9462930d"}, "language": "German", "multiverseId": 162911, "name": "Zwiespaltsszepter", "text": "{3}, {T}: Ein Spieler deiner Wahl wirft eine Karte aus seiner Hand ab. Spiele diese Fähigkeit nur während deines Zuges.", "type": "Artefakt"}, {"flavorText": "\"El poder verdadero es controlar no sólo los corazones de tus súbditos, sino también sus mentes.\"", "identifiers": {"multiverseId": "165548", "scryfallId": "e57caa0f-ab97-443a-8dc5-0436784338c3"}, "language": "Spanish", "multiverseId": 165548, "name": "Cetro disruptor", "text": "{3}, {T}: El jugador objetivo descarta una carta de su mano. Juega esta habilidad sólo durante tu turno.", "type": "Artefacto"}, {"flavorText": "« Être véritablement puissant, c'est contrôler le cœur de ses sujets, mais aussi leurs esprits. »", "identifiers": {"multiverseId": "163268", "scryfallId": "ca36ab0b-1c5e-4c4e-b67c-0e2e502add17"}, "language": "French", "multiverseId": 163268, "name": "Sceptre de dislocation", "text": "{3}, {T} : Le joueur ciblé se défausse d'une carte de sa main. Ne jouez cette capacité que pendant votre tour.", "type": "Artefact"}, {"flavorText": "\"Il vero potere è controllare non solo i cuori dei tuoi sottoposti, ma anche le loro menti.\"", "identifiers": {"multiverseId": "165191", "scryfallId": "e0b73e06-3fc3-4029-b400-626863744d4e"}, "language": "Italian", "multiverseId": 165191, "name": "Scettro Devastante", "text": "{3}, {T}: Il giocatore bersaglio scarta una carta dalla propria mano. Gioca questa abilità solo durante il tuo turno.", "type": "Artefatto"}, {"identifiers": {"scryfallId": "cea132e3-1b2c-4da1-a720-eea3512641f4"}, "language": "Japanese", "name": "破裂の王笏"}, {"flavorText": "\"O verdadeiro poder reside não apenas no controle dos corações de seus súditos, mas também de suas mentes.\"", "identifiers": {"multiverseId": "165905", "scryfallId": "2073d550-bd63-4499-bcb4-63fa666e74f2"}, "language": "Portuguese (Brazil)", "multiverseId": 165905, "name": "Cetro Desintegrador", "text": "{3}, {T}: O jogador alvo descarta um card de sua própria mão. Use esta habilidade apenas durante o seu próprio turno.", "type": "Artefato"}], "frameVersion": "2003", "hasFoil": false, "hasNonFoil": true, "identifiers": {"cardsphereFoilId": "2791", "cardsphereId": "2792", "mcmId": "934", "mcmMetaId": "1522", "mtgjsonV4Id": "1bc670fc-06b1-51b0-933d-0bc37e9b96c6", "mtgoFoilId": "18972", "mtgoId": "18971", "multiverseId": "45476", "scryfallCardBackId": "0aeebaf5-8c7d-4636-9e82-8c27447861f7", "scryfallId": "1129d16c-de2b-4d21-a0fd-b63e4ba95d8d", "scryfallIllustrationId": "885dc595-da10-4064-996c-04a54c556b0c", "scryfallOracleId": "cd30a128-4b23-476e-8066-2272fdc395d9", "tcgplayerProductId": "11258"}, "isFoil": false, "isReprint": true, "language": "English", "layout": "normal", "legalities": {"commander": "Legal", "duel": "Legal", "legacy": "Legal", "modern": "Legal", "oathbreaker": "Legal", "penny": "Legal", "predh": "Legal", "premodern": "Legal", "vintage": "Legal"}, "manaCost": "{3}", "manaValue": 3.0, "name": "Disrupting Scepter", "number": "298", "originalText": "{3}, {T}: Target player discards a card from his or her hand. Play this ability only during your turn.", "originalType": "Artifact", "printings": ["2ED", "30A", "3ED", "4BB", "4ED", "5ED", "6ED", "7ED", "8ED", "9ED", "CED", "CEI", "FBB", "LEA", "LEB", "PTC", "SUM"], "purchaseUrls": {"cardmarket": "https://mtgjson.com/links/bf917e86596daba6", "tcgplayer": "https://mtgjson.com/links/2866f301c044652b"}, "rarity": "rare", "rulings": [{"date": "2004-10-04", "text": "You can use it on yourself."}], "setCode": "8ED", "sourceProducts": {"nonfoil": ["8ef9d32d-9a9b-52b8-9aaa-5f8f600b6131", "c8dfa84a-38d1-5fcd-bab4-ed0050d81559"]}, "subtypes": [], "supertypes": [], "text": "{3}, {T}: Target player discards a card. Activate only during your turn.", "type": "Artifact", "types": ["Artifact"], "uuid": "1ce47f82-c00e-53f7-9ccb-0369d596b82f", "variations": ["8f0b0c58-9889-5af3-be81-cf0a14a16cd4"]}, {"artist": "Bob Eggleton", "artistIds": ["fc0fb0e9-aa30-4143-a43e-d20b4aa9d8ed"], "availability": ["mtgo", "paper"], "boosterTypes": ["default"], "borderColor": "white", "colorIdentity": ["B"], "colors": [], "convertedManaCost": 0.0, "count": 17, "edhrecSaltiness": 0.29, "finishes": ["nonfoil"], "foreignData": [{"identifiers": {"multiverseId": "162952", "scryfallId": "7d94e6bf-5fbe-469b-b6db-dc7479006ad4"}, "language": "German", "multiverseId": 162952, "name": "Sumpf", "type": "Standardland — Sumpf"}, {"identifiers": {"multiverseId": "165589", "scryfallId": "f75a5dc0-b4a0-410d-a601-253b03b076b3"}, "language": "Spanish", "multiverseId": 165589, "name": "Pantano", "type": "Tierra básica — Pantano"}, {"identifiers": {"multiverseId": "163309", "scryfallId": "c2dcd9e9-ebd9-4f25-8044-20021e6072a5"}, "language": "French", "multiverseId": 163309, "name": "Marais", "type": "Terrain de base : Marais"}, {"identifiers": {"multiverseId": "165232", "scryfallId": "d92d5357-ee5f-4cb0-9fac-3d80c4772b89"}, "language": "Italian", "multiverseId": 165232, "name": "Palude", "type": "Terra Base — Palude"}, {"identifiers": {"scryfallId": "a654ae6d-df60-4cb1-99dd-f50ab84d55a6"}, "language": "Japanese", "name": "沼"}, {"identifiers": {"multiverseId": "165946", "scryfallId": "e7738500-a82b-48d3-a271-bec4e06bff8e"}, "language": "Portuguese (Brazil)", "multiverseId": 165946, "name": "Pântano", "type": "Terreno Básico — Pântano"}], "frameVersion": "2003", "hasFoil": false, "hasNonFoil": true, "identifiers": {"cardsphereFoilId": "3247", "cardsphereId": "3248", "mcmId": "975", "mtgjsonV4Id": "7bf4b2fa-fb50-557e-8c45-7ad9fc5dc333", "mtgoFoilId": "18958", "mtgoId": "18957", "multiverseId": "46445", "scryfallCardBackId": "0aeebaf5-8c7d-4636-9e82-8c27447861f7", "scryfallId": "066b5162-8724-4df3-a3d5-274036d0049d", "scryfallIllustrationId": "0b60df74-f3ad-4573-9a88-7bf8858e4d6f", "scryfallOracleId": "56719f6a-1a6c-4c0a-8d21-18f7d7350b68", "tcgplayerProductId": "18348"}, "isFoil": false, "isReprint": true, "language": "English", "layout": "normal", "legalities": {"alchemy": "Legal", "brawl": "Legal", "commander": "Legal", "duel": "Legal", "explorer": "Legal", "future": "Legal", "gladiator": "Legal", "historic": "Legal", "legacy": "Legal", "modern": "Legal", "oathbreaker": "Legal", "pauper": "Legal", "paupercommander": "Legal", "penny": "Legal", "pioneer": "Legal", "predh": "Legal", "premodern": "Legal", "standard": "Legal", "standardbrawl": "Legal", "timeless": "Legal", "vintage": "Legal"}, "manaValue": 0.0, "name": "Swamp", "number": "339", "originalText": "B", "originalType": "Basic Land - Swamp", "printings": ["10E", "2ED", "2XM", "30A", "3ED", "40K", "4BB", "4ED", "5ED", "6ED", "7ED", "8ED", "9ED", "ACR", "AFR", "AKH", "AKR", "ALA", "ANA", "ANB", "ARC", "ATH", "AVR", "BBD", "BFZ", "BLB", "BRB", "BRC", "BRO", "BTD", "C13", "C14", "C15", "C16", "C17", "C18", "C19", "CED", "CEI", "CHK", "CLB", "CLU", "CM2", "CMA", "CMD", "CMM", "CST", "DDC", "DDD", "DDE", "DDH", "DDJ", "DDK", "DDM", "DDN", "DDP", "DDQ", "DDR", "DKM", "DMR", "DMU", "DOM", "DPA", "DSK", "DTK", "DVD", "E01", "ELD", "FBB", "FDN", "FRF", "G17", "GK1", "GK2", "GN2", "GN3", "GNT", "GRN", "GVL", "H09", "HBG", "HOP", "HOU", "ICE", "IKO", "INV", "ISD", "ITP", "J14", "J22", "JMP", "KHM", "KLD", "KLR", "KTK", "LCI", "LEA", "LEB", "LRW", "LTR", "M10", "M11", "M12", "M13", "M14", "M15", "M19", "M20", "M21", "MBS", "MD1", "ME1", "ME3", "MH2", "MH3", "MID", "MIR", "MKM", "MMQ", "MOM", "MRD", "NEO", "NPH", "ODY", "OLEP", "ONE", "ONS", "ORI", "OTJ", "P02", "P23", "PAL00", "PAL01", "PAL03", "PAL04", "PAL05", "PAL06", "PAL99", "PALP", "PANA", "PARL", "PC2", "PCA", "PD3", "PELP", "PF19", "PF20", "PGPX", "PGRU", "PHUK", "PIP", "PLST", "PMPS", "PMPS06", "PMPS07", "PMPS08", "PMPS09", "PMPS10", "PMPS11", "POR", "PPP1", "PRM", "PRW2", "PRWK", "PS11", "PSAL", "PSS2", "PSS3", "PSS4", "PTC", "PTK", "RAV", "REX", "RIX", "RNA", "ROE", "RQS", "RTR", "S99", "SCD", "SHM", "SIR", "SLD", "SNC", "SOI", "SOM", "STX", "SUM", "TD0", "TD2", "THB", "THS", "TMP", "TPR", "TSP", "UGL", "UND", "UNF", "UNH", "USG", "UST", "VOW", "WAR", "WC01", "WC02", "WC03", "WC97", "WC98", "WC99", "WHO", "WOE", "XANA", "XLN", "ZEN", "ZNR"], "purchaseUrls": {"tcgplayer": "https://mtgjson.com/links/16b9b9cada8c625c"}, "rarity": "common", "setCode": "8ED", "sourceProducts": {"nonfoil": ["8ef9d32d-9a9b-52b8-9aaa-5f8f600b6131", "c8dfa84a-38d1-5fcd-bab4-ed0050d81559"]}, "subtypes": ["Swamp"], "supertypes": ["Basic"], "text": "({T}: Add {B}.)", "type": "Basic Land — Swamp", "types": ["Land"], "uuid": "c35f693f-8a24-53b9-8f57-167668e8627d", "variations": ["66340be0-64dd-50f7-ba74-2b9c11552c15", "5a400b3d-c3db-5862-aa24-2ab93122f51b", "3b92db59-af74-5a61-8072-4731462aa00c", "577cd441-6ce4-5188-8263-92c79a3550ac", "9ab66be7-f0d7-5aa9-8972-fba223ba37c6", "a222f3d6-35b7-578d-9bec-29a50f0f50a9", "e459bfea-0abf-5067-9163-c0c1642e171c"]}], "name": "Expulsion", "releaseDate": "2003-07-28", "sealedProductUuids": null, "sideBoard": [], "type": "Theme Deck"}}