{"meta": {"date": "2024-09-03", "version": "5.2.2+20240903"}, "data": {"code": "J22", "commander": [], "mainBoard": [{"artist": "Sila", "artistIds": ["8823ab6d-4853-43c0-aa18-66d6449f1205"], "availability": ["paper"], "boosterTypes": ["default"], "borderColor": "black", "colorIdentity": ["U"], "colors": ["U"], "convertedManaCost": 2.0, "count": 1, "edhrecRank": 3855, "edhrecSaltiness": 0.28, "finishes": ["nonfoil"], "foreignData": [{"identifiers": {"multiverseId": "597094", "scryfallId": "f87eb1ec-42db-4b5d-8ea3-54d100fa6b21"}, "language": "German", "multiverseId": 597094, "name": "Stotterzauber-Sylphide", "text": "Aufblitzen\nFliegend\nWenn die Stotterzauber-Sylphide ins Spiel kommt, neutralisiere einen Zauberspruch deiner Wahl mit Manabetrag X oder weniger, wobei X gleich der Anzahl an Feenwesen ist, die du kontrollierst.", "type": "Kreatur — Feenwesen, Zauberer"}, {"identifiers": {"multiverseId": "597140", "scryfallId": "94fb8103-894c-43be-aaf3-71cc525891a8"}, "language": "Spanish", "multiverseId": 597140, "name": "Hada hechizo tartamudeado", "text": "Destello.\nVuela.\nCuando el Hada hechizo tartamudeado entre al campo de batalla, contrarresta el hechizo objetivo con valor de maná de X o menos, donde X es la cantidad de Hadas que controlas.", "type": "Criatura — Hechicero hada"}, {"identifiers": {"multiverseId": "597186", "scryfallId": "9c36451b-0f74-4c7e-9f20-6d5b8e0742a3"}, "language": "French", "multiverseId": 597186, "name": "Farfadette cafouillesort", "text": "Flash\nVol\nQuand la Farfadette cafouillesort arrive sur le champ de bataille, contrecarrez un sort ciblé dont la valeur de mana est inférieure ou égale à X, X étant le nombre de peuples fée que vous contrôlez.", "type": "Créature : peuple fée et sorcier"}, {"identifiers": {"multiverseId": "597232", "scryfallId": "e7a83d20-82bf-4958-9bee-2f96bba22c21"}, "language": "Italian", "multiverseId": 597232, "name": "Folletta Balbettamagie", "text": "Lampo\nVolare\nQuando la Folletta Balbettamagie entra nel campo di battaglia, neutralizza una magia bersaglio con valore di mana pari o inferiore a X, dove X è il numero di Spiritelli che controlli.", "type": "Creatura — Mago Spiritello"}, {"identifiers": {"multiverseId": "597278", "scryfallId": "55b1616a-b553-4309-a49a-f62e90990088"}, "language": "Japanese", "multiverseId": 597278, "name": "呪文づまりのスプライト", "text": "瞬速\n飛行\n呪文づまりのスプライトが戦場に出たとき、マナ総量がＸ以下である呪文１つを対象とする。それを打ち消す。Ｘは、あなたがコントロールしているフェアリーの数に等しい。", "type": "クリーチャー — フェアリー・ウィザード"}, {"identifiers": {"multiverseId": "597416", "scryfallId": "07427157-5b57-4e31-93b9-97ff5aacf39a"}, "language": "Chinese Simplified", "multiverseId": 597416, "name": "纷咒仙灵", "text": "闪现\n飞行\n当纷咒仙灵进场时，反击目标法术力值等于或小于X的咒语，X为由你操控的仙灵数量。", "type": "生物 ～仙灵／法术师"}], "frameVersion": "2015", "hasFoil": false, "hasNonFoil": true, "identifiers": {"cardsphereId": "96754", "mcmId": "686481", "mcmMetaId": "9201", "mtgjsonV4Id": "bc946eb8-25a4-5a2c-ae1a-31b3ab4aae4b", "multiverseId": "597048", "scryfallCardBackId": "0aeebaf5-8c7d-4636-9e82-8c27447861f7", "scryfallId": "a0e262a3-0e69-4d61-8143-b9d137c31496", "scryfallIllustrationId": "fce51d04-1c15-4708-87ce-3d6c32984ab7", "scryfallOracleId": "32e60fb4-e841-4f82-9c83-5e63766e8e6f", "tcgplayerProductId": "455078"}, "isFoil": false, "isReprint": true, "keywords": ["Flash", "Flying"], "language": "English", "layout": "normal", "legalities": {"commander": "Legal", "duel": "Legal", "legacy": "Legal", "modern": "Legal", "oathbreaker": "Legal", "pauper": "Legal", "paupercommander": "Legal", "predh": "Legal", "vintage": "Legal"}, "manaCost": "{1}{U}", "manaValue": 2.0, "name": "Spellstutter Sprite", "number": "65", "originalText": "Flash\nFlying\nWhen Spellstutter Sprite enters the battlefield, counter target spell with mana value X or less, where X is the number of Faeries you control.", "originalType": "Creature — Faerie Wizard", "power": "1", "printings": ["F11", "J22", "LRW", "MMA", "PLST", "PRM", "SLD"], "purchaseUrls": {"cardmarket": "https://mtgjson.com/links/2cb0ce4d046c10fb", "tcgplayer": "https://mtgjson.com/links/54aaa4264f5e5924"}, "rarity": "common", "rulings": [{"date": "2007-10-01", "text": "The value of X needs to be determined both when the ability triggers (so you can choose a target) and again when the ability resolves (to check if that target is still legal). If the number of Faeries you control has decreased enough in that time to make the target illegal, Spellstutter Sprite’s ability won’t resolve (and the targeted spell will resolve as normal)."}], "setCode": "J22", "sourceProducts": {"nonfoil": ["31fd15cb-48ac-52b8-8f3c-84968a601869"]}, "subtypes": ["Faerie", "Wizard"], "supertypes": [], "text": "Flash\nFlying\nWhen Spellstutter Sprite enters, counter target spell with mana value X or less, where X is the number of Faeries you control.", "toughness": "1", "type": "Creature — Faerie Wizard", "types": ["Creature"], "uuid": "3566a8c3-a2d3-5c76-aa66-5d034ecd5461"}, {"artist": "Colin Boyer", "artistIds": ["9c201dbe-db56-429a-87e6-189ea70c2632"], "availability": ["paper"], "boosterTypes": ["default"], "borderColor": "black", "colorIdentity": ["U"], "colors": ["U"], "convertedManaCost": 1.0, "count": 1, "edhrecRank": 1804, "edhrecSaltiness": 0.09, "finishes": ["nonfoil"], "foreignData": [{"identifiers": {"multiverseId": "595221", "scryfallId": "bfae7471-77a7-4ac4-a46b-b4396156d260"}, "language": "German", "multiverseId": 595221, "name": "Prophezeiende Fee", "text": "Fliegend\nWenn die Prophezeiende Fee ins Spiel kommt, wende Hellsicht 2 an. (Schaue dir die obersten zwei Karten deiner Bibliothek an. Du kannst eine beliebige Anzahl davon unter deine Bibliothek legen und den Rest in beliebiger Reihenfolge oben darauf.)", "type": "Kreatur — Feenwesen, Zauberer"}, {"identifiers": {"multiverseId": "595329", "scryfallId": "5f4f9096-e2fe-407c-8390-8d99a727203b"}, "language": "Spanish", "multiverseId": 595329, "name": "Vidente hada", "text": "Vuela.\nCuando el Vidente hada entre al campo de batalla, adivina 2. (Mira las dos primeras cartas de tu biblioteca, luego pon cualquier cantidad de ellas en el fondo de tu biblioteca y el resto en la parte superior en cualquier orden.)", "type": "Criatura — Hechicero hada"}, {"identifiers": {"multiverseId": "595437", "scryfallId": "630ecda3-41e4-409f-b8bd-6ad3af6b20a3"}, "language": "French", "multiverseId": 595437, "name": "Voyant faerie", "text": "Vol\nQuand le Voyant faerie arrive sur le champ de bataille, regard 2. (Regardez les deux cartes du dessus de votre bibliothèque. Mettez n'importe quel nombre d'entre elles au-dessous de votre bibliothèque et le reste, au-dessus, dans l'ordre de votre choix.)", "type": "Créature : peuple fée et sorcier"}, {"identifiers": {"multiverseId": "595545", "scryfallId": "bf1b0d75-5556-447c-9be5-1aa2fc43149f"}, "language": "Italian", "multiverseId": 595545, "name": "Spiritello Veggente", "text": "Volare\nQuando lo Spiritello Veggente entra nel campo di battaglia, profetizza 2. (Guarda le prime due carte del tuo grimorio, poi mettine un qualsiasi numero in fondo al tuo grimorio e le altre in cima in qualsiasi ordine.)", "type": "Creatura — Mago Spiritello"}, {"identifiers": {"multiverseId": "595653", "scryfallId": "b93ccd1a-be38-452d-b240-feb5577b92fe"}, "language": "Japanese", "multiverseId": 595653, "name": "フェアリーの予見者", "text": "飛行\nフェアリーの予見者が戦場に出たとき、占術２を行う。（あなたのライブラリーの一番上にあるカード２枚を見て、そのうちの望む枚数をあなたのライブラリーの一番下に、残りを一番上に、それぞれ望む順番で置く。）", "type": "クリーチャー — フェアリー・ウィザード"}, {"identifiers": {"multiverseId": "595977", "scryfallId": "9c86d381-c25e-4321-8cb1-24c08727e55b"}, "language": "Chinese Simplified", "multiverseId": 595977, "name": "仙灵预言师", "text": "飞行\n当仙灵预言师进战场时，占卜2。（检视你牌库顶的两张牌，然后将其中任意数量的牌以任意顺序置于你牌库底，其余则以任意顺序置于你牌库顶。）", "type": "生物 ～仙灵／法术师"}], "frameVersion": "2015", "hasFoil": false, "hasNonFoil": true, "identifiers": {"cardsphereId": "96731", "mcmId": "686584", "mcmMetaId": "271458", "mtgjsonV4Id": "ebb88a4f-5757-5ea6-b2b0-3ea151270645", "multiverseId": "595113", "scryfallCardBackId": "0aeebaf5-8c7d-4636-9e82-8c27447861f7", "scryfallId": "d05949b2-abb4-4431-b047-f4381a2a920e", "scryfallIllustrationId": "338f93c2-2cf6-4421-946d-c02185221085", "scryfallOracleId": "b2e65e8b-5f08-4cc2-ab1d-00f8903dbea2", "tcgplayerProductId": "455166"}, "isFoil": false, "isReprint": true, "keywords": ["Flying", "Scry"], "language": "English", "layout": "normal", "legalities": {"brawl": "Legal", "commander": "Legal", "duel": "Legal", "gladiator": "Legal", "historic": "Legal", "legacy": "Legal", "modern": "Legal", "oathbreaker": "Legal", "pauper": "Legal", "paupercommander": "Legal", "timeless": "Legal", "vintage": "Legal"}, "manaCost": "{U}", "manaValue": 1.0, "name": "Faerie Seer", "number": "295", "originalText": "Flying\nWhen Faerie Seer enters the battlefield, scry 2. (Look at the top two cards of your library, then put any number of them on the bottom of your library and the rest on top in any order.)", "originalType": "Creature — Faerie Wizard", "power": "1", "printings": ["H1R", "J21", "J22", "MH1", "PLST", "PRM", "WOC"], "purchaseUrls": {"cardmarket": "https://mtgjson.com/links/b7701d08f5bdd9ee", "tcgplayer": "https://mtgjson.com/links/2982b861f9e5e040"}, "rarity": "common", "setCode": "J22", "sourceProducts": {"nonfoil": ["31fd15cb-48ac-52b8-8f3c-84968a601869"]}, "subtypes": ["Faerie", "Wizard"], "supertypes": [], "text": "Flying\nWhen Faerie Seer enters, scry 2.", "toughness": "1", "type": "Creature — Faerie Wizard", "types": ["Creature"], "uuid": "c1130ce3-706b-5041-9c69-e32c7647aaf3"}, {"artist": "Christopher Burdett", "artistIds": ["ff32a9e2-54fd-4d6a-97b5-1070e692833b"], "availability": ["paper"], "boosterTypes": ["default"], "borderColor": "black", "colorIdentity": ["U"], "colors": ["U"], "convertedManaCost": 2.0, "count": 1, "edhrecRank": 12682, "edhrecSaltiness": 0.14, "finishes": ["nonfoil"], "flavorText": "Starfish are its favorite prey.", "foreignData": [{"flavorText": "Seine bevorzugte Beute sind Seesterne.", "identifiers": {"multiverseId": "595278", "scryfallId": "ddb6fe81-c452-4526-add8-64de22c7c26b"}, "language": "German", "multiverseId": 595278, "name": "Stechender Feuerfisch", "text": "Immer wenn du deinen ersten Zauberspruch im Zug eines Gegners wirkst, kannst du eine bleibende Karte deiner Wahl, die kein Land ist, tappen oder enttappen.", "type": "Verzauberungskreatur — Fisch"}, {"flavorText": "Su presa favorita son las estrellas de mar.", "identifiers": {"multiverseId": "595386", "scryfallId": "36fb78bb-187d-43fc-b652-c1674cb3d148"}, "language": "Spanish", "multiverseId": 595386, "name": "Pez león puntiagudo", "text": "Siempre que lances tu primer hechizo durante el turno de cada oponente, puedes girar o enderezar el permanente objetivo que no sea tierra.", "type": "Criatura encantamiento — Pez"}, {"flavorText": "Les étoiles de mer sont ses proies préférées.", "identifiers": {"multiverseId": "595494", "scryfallId": "797af037-c945-4d37-afe3-f984450c7b95"}, "language": "French", "multiverseId": 595494, "name": "Rascasse piquante", "text": "À chaque fois que vous lancez votre premier sort pendant le tour de chaque adversaire, vous pouvez engager ou dégager un permanent non-terrain ciblé.", "type": "Créature-enchantement : poisson"}, {"flavorText": "Le stelle marine sono le sue prede preferite.", "identifiers": {"multiverseId": "595602", "scryfallId": "c758d560-9bb7-48ab-aa21-78bd628ca723"}, "language": "Italian", "multiverseId": 595602, "name": "Pesce Scorpione Pungente", "text": "Ogniqualvolta lanci la tua prima magia durante il turno di ogni avversario, puoi TAPpare o STAPpare un permanente non terra bersaglio.", "type": "Creatura Incantesimo — Pesce"}, {"flavorText": "ヒトデが好物だ。", "identifiers": {"multiverseId": "595710", "scryfallId": "b285cbf1-8f3d-4cea-ada1-cf369dbec46a"}, "language": "Japanese", "multiverseId": 595710, "name": "有刺カサゴ", "text": "あなたが、対戦相手の各ターン内のあなたの１つ目の呪文を唱えるたび、土地でないパーマネント１つを対象とする。あなたはそれをタップまたはアンタップしてもよい。", "type": "クリーチャー・エンチャント — 魚"}, {"flavorText": "海星是其最爱的猎物。", "identifiers": {"multiverseId": "596034", "scryfallId": "7fc99557-0767-4d7a-b751-b87623ac7cbb"}, "language": "Chinese Simplified", "multiverseId": 596034, "name": "螯刺狮鱼", "text": "每当你施放每个对手回合中你的第一个咒语时，你可以横置或重置目标非地永久物。", "type": "结界生物 ～鱼"}], "frameEffects": ["nyxtouched"], "frameVersion": "2015", "hasFoil": false, "hasNonFoil": true, "identifiers": {"cardsphereId": "96736", "mcmId": "686429", "mcmMetaId": "291034", "mtgjsonV4Id": "32bb41ae-6d46-5350-9a1c-4b8dedb8a7a9", "multiverseId": "595170", "scryfallCardBackId": "0aeebaf5-8c7d-4636-9e82-8c27447861f7", "scryfallId": "36fc6a86-d778-4407-8db2-1c15ce827e01", "scryfallIllustrationId": "6ce00025-d642-4695-97ca-8345bac05b7a", "scryfallOracleId": "ffd6c4b8-928d-40f1-9549-d13fa0b3af82", "tcgplayerProductId": "455014"}, "isFoil": false, "isReprint": true, "language": "English", "layout": "normal", "legalities": {"brawl": "Legal", "commander": "Legal", "duel": "Legal", "explorer": "Legal", "gladiator": "Legal", "historic": "Legal", "legacy": "Legal", "modern": "Legal", "oathbreaker": "Legal", "paupercommander": "Restricted", "penny": "Legal", "pioneer": "Legal", "timeless": "Legal", "vintage": "Legal"}, "manaCost": "{1}{U}", "manaValue": 2.0, "name": "Stinging Lionfish", "number": "352", "originalText": "Whenever you cast your first spell during each opponent's turn, you may tap or untap target nonland permanent.", "originalType": "Enchantment Creature — Fish", "power": "2", "printings": ["HBG", "J22", "THB"], "purchaseUrls": {"cardmarket": "https://mtgjson.com/links/9e220d3fd5925858", "tcgplayer": "https://mtgjson.com/links/4fbadf4abeee40f6"}, "rarity": "uncommon", "rulings": [{"date": "2020-01-24", "text": "An ability that triggers when you cast a spell resolves before the spell that caused it to trigger. It resolves even if that spell is countered."}, {"date": "2020-01-24", "text": "If you have more than one opponent, this ability can trigger once during each of those opponents’ turns."}, {"date": "2020-01-24", "text": "In a Two-Headed Giant game, this ability triggers no more than once during each opposing team’s turn."}, {"date": "2020-01-24", "text": "This ability triggers only on your very first spell during an opponent’s turn, not the first spell after the card is on the battlefield. If you cast a spell before it’s on the battlefield (including if you cast this card somehow during an opponent’s turn), the ability won’t trigger."}], "setCode": "J22", "sourceProducts": {"nonfoil": ["31fd15cb-48ac-52b8-8f3c-84968a601869"]}, "subtypes": ["Fish"], "supertypes": [], "text": "Whenever you cast your first spell during each opponent's turn, you may tap or untap target nonland permanent.", "toughness": "1", "type": "Enchantment Creature — Fish", "types": ["Enchantment", "Creature"], "uuid": "fed53c1f-7daa-5a34-b8cd-6ab35a6539e4"}, {"artist": "Christopher Moeller", "artistIds": ["21e10012-06ae-44f2-b38d-3824dd2e73d4"], "availability": ["paper"], "boosterTypes": ["default"], "borderColor": "black", "colorIdentity": ["U"], "colors": ["U"], "convertedManaCost": 3.0, "count": 1, "edhrecRank": 7937, "edhrecSaltiness": 0.3, "finishes": ["nonfoil"], "flavorText": "The fae know when they're not wanted. That's precisely why they show up.", "foreignData": [{"flavorText": "Die Feen wissen genau, wann sie nicht gerne gesehen sind. Genau dann tauchen sie auf.", "identifiers": {"multiverseId": "595261", "scryfallId": "6344df2d-84ca-49df-8781-3416fb06a3d8"}, "language": "German", "multiverseId": 595261, "name": "Triezknilch", "text": "Aufblitzen\nFliegend\nWenn der Triezknilch ins Spiel kommt, kannst du eine bleibende Karte deiner Wahl tappen oder enttappen.", "type": "Kreatur — Feenwesen, Räuber"}, {"flavorText": "Las hadas saben cuándo no son bien recibidas. Eso es precisamente por lo que aparecen.", "identifiers": {"multiverseId": "595369", "scryfallId": "bb595fa9-42e7-46bb-97e5-df90b7dca48c"}, "language": "Spanish", "multiverseId": 595369, "name": "Pequeña molestia", "text": "Destello.\nVuela.\nCuando la Pequeña molestia entre al campo de batalla, puedes girar o enderezar el permanente objetivo.", "type": "Criatura — Bribón hada"}, {"flavorText": "Les færies savent quand leur présence n'est pas souhaitée. C'est surtout là qu'elles se montrent.", "identifiers": {"multiverseId": "595477", "scryfallId": "843b1e38-7f63-42e0-a06d-b1173573b92e"}, "language": "French", "multiverseId": 595477, "name": "Harceleuse", "text": "Flash\nVol\nQuand la Harceleuse arrive sur le champ de bataille, vous pouvez engager ou dégager un permanent ciblé.", "type": "Créature : peuple fée et gredin"}, {"flavorText": "Gli spiritelli comprendono quando non sono desiderati. Ed è proprio per questo che decidono di farsi vivi.", "identifiers": {"multiverseId": "595585", "scryfallId": "f64f0913-8d30-4df2-8524-45cd9e616036"}, "language": "Italian", "multiverseId": 595585, "name": "Pulce Fastidiosa", "text": "Lampo\nVolare\nQuando la Pulce Fastidiosa entra nel campo di battaglia, puoi TAPpare o STAPpare un permanente bersaglio.", "type": "Creatura — Farabutto Spiritello"}, {"flavorText": "妖精には彼らがいて欲しくない時がわかっている。だからこそきっちりその時に現れるのだ。", "identifiers": {"multiverseId": "595693", "scryfallId": "7c11c214-53e6-4d27-86c5-8e2b0d6970c3"}, "language": "Japanese", "multiverseId": 595693, "name": "やっかい児", "text": "瞬速\n飛行\nやっかい児が戦場に出たとき、パーマネント１つを対象とする。あなたはそれをタップまたはアンタップしてもよい。", "type": "クリーチャー — フェアリー・ならず者"}, {"flavorText": "仙儿很清楚自己讨人厌。那正是他们现身的原因。", "identifiers": {"multiverseId": "596017", "scryfallId": "fb18f982-b09a-4389-b89f-cff9893d2ea9"}, "language": "Chinese Simplified", "multiverseId": 596017, "name": "恼人鬼", "text": "闪现\n飞行\n当恼人鬼进战场时，你可以横置或重置目标永久物。", "type": "生物 ～仙灵／浪客"}], "frameVersion": "2015", "hasFoil": false, "hasNonFoil": true, "identifiers": {"cardsphereId": "96744", "mcmId": "686544", "mcmMetaId": "9190", "mtgjsonV4Id": "e4ef7c21-4f6c-5b79-96d5-58084987274a", "multiverseId": "595153", "scryfallCardBackId": "0aeebaf5-8c7d-4636-9e82-8c27447861f7", "scryfallId": "c961027c-b311-48f2-9fbc-3882ad6f0fe6", "scryfallIllustrationId": "c8e3a5e8-373c-4779-8d1f-7663e6c29010", "scryfallOracleId": "83cf4235-eb4e-4c55-839a-f2740d41ed5e", "tcgplayerProductId": "455129"}, "isFoil": false, "isReprint": true, "keywords": ["Flash", "Flying"], "language": "English", "layout": "normal", "legalities": {"commander": "Legal", "duel": "Legal", "legacy": "Legal", "modern": "Legal", "oathbreaker": "Legal", "pauper": "Legal", "paupercommander": "Legal", "penny": "Legal", "predh": "Legal", "vintage": "Legal"}, "manaCost": "{2}{U}", "manaValue": 3.0, "name": "Pestermite", "number": "335", "originalText": "Flash\nFlying\nWhen Pestermite enters the battlefield, you may tap or untap target permanent.", "originalType": "Creature — Faerie Rogue", "power": "2", "printings": ["J22", "LRW", "MMA"], "purchaseUrls": {"cardmarket": "https://mtgjson.com/links/2f50f9fceac3a65e", "tcgplayer": "https://mtgjson.com/links/c6ebebe1371c200d"}, "rarity": "common", "setCode": "J22", "sourceProducts": {"nonfoil": ["31fd15cb-48ac-52b8-8f3c-84968a601869"]}, "subtypes": ["Faerie", "Rogue"], "supertypes": [], "text": "Flash\nFlying\nWhen Pestermite enters, you may tap or untap target permanent.", "toughness": "1", "type": "Creature — Faerie Rogue", "types": ["Creature"], "uuid": "8d1bcc7c-e0f9-526c-8850-07ec1cbea13f"}, {"artist": "Omar Rayyan", "artistIds": ["256b61a2-b9af-4ff5-b485-47a61818f818"], "availability": ["paper"], "boosterTypes": ["default"], "borderColor": "black", "colorIdentity": ["U"], "colors": ["U"], "convertedManaCost": 4.0, "count": 1, "edhrecRank": 14441, "edhrecSaltiness": 0.33, "finishes": ["nonfoil"], "flavorText": "Victims spirited through a faerie ring find themselves stranded miles away.", "foreignData": [{"flavorText": "Unschuldige Leute, die von einem Feenring angezogen wurden, kommen oft meilenweit vom Weg ab.", "identifiers": {"multiverseId": "595231", "scryfallId": "df401ddf-836e-4f6b-aa55-ea770e5797c0"}, "language": "German", "multiverseId": 595231, "name": "Schelme der Elendraschlucht", "text": "Fliegend\nImmer wenn du während des Zuges eines Gegners einen Zauberspruch wirkst, kannst du eine Kreatur deiner Wahl, die du kontrollierst, auf die Hand ihres Besitzers zurückbringen.", "type": "Kreatur — Feenwesen, Zauberer"}, {"flavorText": "Las víctimas que atraviesan un anillo de hadas se encuentran luego muchos kilómetros más lejos de donde estaban.", "identifiers": {"multiverseId": "595339", "scryfallId": "e627ef83-127a-4f05-b983-aa5dd64aae2c"}, "language": "Spanish", "multiverseId": 595339, "name": "Bromistas del Valle Elendra", "text": "Vuela.\nSiempre que lances un hechizo durante el turno de un oponente, puedes regresar la criatura objetivo que controlas a la mano de su propietario.", "type": "Criatura — Hechicero hada"}, {"flavorText": "Les victimes d'un cercle de færies réapparaissent à des lieues de leur point de départ.", "identifiers": {"multiverseId": "595447", "scryfallId": "1e1aab1f-8d52-4cf1-8a44-9afd521d7990"}, "language": "French", "multiverseId": 595447, "name": "Plaisantins du Vallon d'Elendra", "text": "Vol\nÀ chaque fois que vous lancez un sort pendant le tour d'un adversaire, vous pouvez renvoyer une créature ciblée que vous contrôlez dans la main de son propriétaire.", "type": "Créature : peuple fée et sorcier"}, {"flavorText": "Le vittime sospinte attraverso un anello di spiritelli si ritrovano abbandonate a chilometri di distanza.", "identifiers": {"multiverseId": "595555", "scryfallId": "4357ead7-8aea-4338-9b47-f3ab7752156b"}, "language": "Italian", "multiverseId": 595555, "name": "Burloni di Gola Elendra", "text": "Volare\nOgniqualvolta lanci una magia durante il turno di un avversario, puoi far tornare una creatura bersaglio che controlli in mano al suo proprietario.", "type": "Creatura — Mago Spiritello"}, {"flavorText": "妖精の輪の力を浴びた犠牲者は、気づくと数マイル離れた場所をさまよっている羽目になる。", "identifiers": {"multiverseId": "595663", "scryfallId": "84fd223a-66ee-4b4e-9fb9-f0bf71ebfa26"}, "language": "Japanese", "multiverseId": 595663, "name": "エレンドラ谷のいたずら者", "text": "飛行\n対戦相手のターン中にあなたが呪文を唱えるたび、あなたがコントロールしているクリーチャー１体を対象とする。あなたはそれをオーナーの手札に戻してもよい。", "type": "クリーチャー — フェアリー・ウィザード"}, {"flavorText": "被仙灵轮拉走的人，会发现自己孤身在千里之外。", "identifiers": {"multiverseId": "595987", "scryfallId": "553891d4-cdc3-442f-aecc-f45533faa19b"}, "language": "Chinese Simplified", "multiverseId": 595987, "name": "艾蓝卓幽谷恶戏者", "text": "飞行\n每当你在对手的回合中施放咒语时，你可以将目标由你操控的生物移回其拥有者手上。", "type": "生物 ～仙灵／法术师"}], "frameVersion": "2015", "hasFoil": false, "hasNonFoil": true, "identifiers": {"cardsphereId": "96741", "mcmId": "686632", "mcmMetaId": "9179", "mtgjsonV4Id": "b20b2b7b-dfc2-5f5d-8e88-a3a232a8ba99", "multiverseId": "595123", "scryfallCardBackId": "0aeebaf5-8c7d-4636-9e82-8c27447861f7", "scryfallId": "a6696207-cc2e-4b7a-8992-5101ded5c51f", "scryfallIllustrationId": "e2bd2761-a601-4ea0-ae42-4e19a3203b69", "scryfallOracleId": "4b02df52-d6c0-4735-b2b8-d637cb41f0ba", "tcgplayerProductId": "455208"}, "isFoil": false, "isReprint": true, "keywords": ["Flying"], "language": "English", "layout": "normal", "legalities": {"commander": "Legal", "duel": "Legal", "legacy": "Legal", "modern": "Legal", "oathbreaker": "Legal", "paupercommander": "Restricted", "penny": "Legal", "predh": "Legal", "vintage": "Legal"}, "manaCost": "{3}{U}", "manaValue": 4.0, "name": "Glen Elendra Pranksters", "number": "305", "originalText": "Flying\nWhenever you cast a spell during an opponent's turn, you may return target creature you control to its owner's hand.", "originalType": "Creature — Faerie Wizard", "power": "1", "printings": ["J22", "LRW"], "purchaseUrls": {"cardmarket": "https://mtgjson.com/links/ff9bbdcd319cfca3", "tcgplayer": "https://mtgjson.com/links/e5caf783d194611b"}, "rarity": "uncommon", "setCode": "J22", "sourceProducts": {"nonfoil": ["31fd15cb-48ac-52b8-8f3c-84968a601869"]}, "subtypes": ["Faerie", "Wizard"], "supertypes": [], "text": "Flying\nWhenever you cast a spell during an opponent's turn, you may return target creature you control to its owner's hand.", "toughness": "3", "type": "Creature — Faerie Wizard", "types": ["Creature"], "uuid": "85eceee4-a65b-58af-908b-eba4fdccb079"}, {"artist": "Howard Lyon", "artistIds": ["6dd06426-59fe-4b9c-aad5-6da8446a5c3d"], "availability": ["paper"], "boosterTypes": ["default"], "borderColor": "black", "colorIdentity": ["U"], "colors": ["U"], "convertedManaCost": 4.0, "count": 1, "edhrecRank": 23662, "finishes": ["nonfoil"], "flavorText": "Some say the valley of Glen Elendra is mythical, and that rumors of its existence are nothing but a faerie prank. Others say it is the fae's most fiercely guarded secret.", "foreignData": [{"flavorText": "Manche behaupten, dass das Tal der Elendraschlucht nur eine Legende ist, und dass die Geschichten, die sich um sie ranken, nur Witze der Feen sind. Andere sagen, dass die Schlucht das am besten gehütete Geheimnis des Feenvolks ist.", "identifiers": {"multiverseId": "595270", "scryfallId": "885fbe8b-005f-4e55-bbb8-9192b72d0466"}, "language": "German", "multiverseId": 595270, "name": "Wachposten der Elendraschlucht", "text": "Aufblitzen\nFliegend", "type": "Kreatur — Feenwesen, Soldat"}, {"flavorText": "Algunos dicen que el Valle Elendra es un lugar mítico y que los rumores de su existencia no son más que una broma de las hadas. Otros dicen que es su secreto mejor guardado.", "identifiers": {"multiverseId": "595378", "scryfallId": "c3798c81-d20b-4e21-9b3e-013d06784334"}, "language": "Spanish", "multiverseId": 595378, "name": "Centinelas del Valle Elendra", "text": "Destello.\nVuela.", "type": "Criatura — Soldado hada"}, {"flavorText": "Certains disent que le Vallon d'Elendra est un mythe et que les rumeurs de son existence ne sont qu'une autre plaisanterie des færies. D'autres disent que c'est en fait leur secret le plus jalousement gardé.", "identifiers": {"multiverseId": "595486", "scryfallId": "b9859a8c-9c08-4453-bfc1-9bab11860b1c"}, "language": "French", "multiverseId": 595486, "name": "Sentinelles du Vallon d'Elendra", "text": "Flash\nVol", "type": "Créature : peuple fée et soldat"}, {"flavorText": "Alcuni dicono che la valle di Gola Elendra non è altro che un mito e che le voci sulla sua esistenza sono solo scherzi da spiritello. Altri dicono che è il segreto più gelosamente custodito dagli spiritelli.", "identifiers": {"multiverseId": "595594", "scryfallId": "ae7e87c3-3c7c-4dbd-a111-40eeb440dd89"}, "language": "Italian", "multiverseId": 595594, "name": "Sentinelle di Gola Elendra", "text": "Lampo\nVolare", "type": "Creatura — Soldato Spiritello"}, {"flavorText": "エレンドラ谷は神話の話で、それがあるという話自体が妖精のいたずらだと言う者もいる。一方で、それこそが妖精どもがひた隠しにする最も恐ろしい秘密だという者もいる。", "identifiers": {"multiverseId": "595702", "scryfallId": "93f98b9f-e2de-4e15-b49c-c4b240aba8f9"}, "language": "Japanese", "multiverseId": 595702, "name": "エレンドラ谷の衛兵", "text": "瞬速\n飛行", "type": "クリーチャー — フェアリー・兵士"}, {"flavorText": "有人认为艾蓝卓幽谷只是迷思，其传说仅为仙灵的恶戏。其他人则认为这是仙儿守护最严的秘密。", "identifiers": {"multiverseId": "596026", "scryfallId": "d0257b8e-cfa5-45ce-98ee-9ca444933cc3"}, "language": "Chinese Simplified", "multiverseId": 596026, "name": "艾蓝卓幽谷哨兵", "text": "闪现\n飞行", "type": "生物 ～仙灵／士兵"}], "frameVersion": "2015", "hasFoil": false, "hasNonFoil": true, "identifiers": {"cardsphereId": "96740", "mcmId": "686486", "mcmMetaId": "9196", "mtgjsonV4Id": "50906129-2dba-54c4-b809-7df461c0b0be", "multiverseId": "595162", "scryfallCardBackId": "0aeebaf5-8c7d-4636-9e82-8c27447861f7", "scryfallId": "dccd614d-f57b-413f-9177-830964a65150", "scryfallIllustrationId": "5457f53d-bef6-4731-8245-4739a7b5da39", "scryfallOracleId": "a93779c5-603e-4a91-aef8-a0cd8fd1b3e9", "tcgplayerProductId": "455084"}, "isFoil": false, "isReprint": true, "keywords": ["Flash", "Flying"], "language": "English", "layout": "normal", "legalities": {"commander": "Legal", "duel": "Legal", "legacy": "Legal", "modern": "Legal", "oathbreaker": "Legal", "pauper": "Legal", "paupercommander": "Legal", "predh": "Legal", "vintage": "Legal"}, "manaCost": "{3}{U}", "manaValue": 4.0, "name": "Sentinels of Glen Elendra", "number": "344", "originalText": "Flash\nFlying", "originalType": "Creature — Faerie Soldier", "power": "2", "printings": ["J22", "LRW"], "purchaseUrls": {"cardmarket": "https://mtgjson.com/links/1366a62a9ae469ef", "tcgplayer": "https://mtgjson.com/links/109e40d70b96e340"}, "rarity": "common", "setCode": "J22", "sourceProducts": {"nonfoil": ["31fd15cb-48ac-52b8-8f3c-84968a601869"]}, "subtypes": ["Faerie", "Soldier"], "supertypes": [], "text": "Flash\nFlying", "toughness": "3", "type": "Creature — Faerie Soldier", "types": ["Creature"], "uuid": "1d41c42c-5a13-5993-b556-bcc23f8cd232"}, {"artist": "Lorenzo Mastroianni", "artistIds": ["70213e7d-47e0-4543-a1ae-451009053e2d"], "availability": ["paper"], "boosterTypes": ["default"], "borderColor": "black", "colorIdentity": ["U"], "colors": ["U"], "convertedManaCost": 6.0, "count": 1, "edhrecRank": 22896, "edhrecSaltiness": 0.29, "finishes": ["nonfoil"], "flavorText": "\"The currents are strange today, and the fish are fearful. Something's stirring in the depths.\"\n—Rathstaf, Kannah fisherman", "foreignData": [{"flavorText": "„Die Strömungen sind heute merkwürdig und die Fische voller Furcht. In den Tiefen regt sich etwas.\"\n—Rathstaf, Kannah-Fischer", "identifiers": {"multiverseId": "595292", "scryfallId": "00773c00-781a-4679-b9d2-65ec98969c6a"}, "language": "German", "multiverseId": 595292, "name": "Unterwasser-Eindringling", "text": "Aufblitzen\nDer Unterwasser-Eindringling kommt getappt ins Spiel.", "type": "Kreatur — Riese, Räuber"}, {"flavorText": "\"Hoy las corrientes no están como de costumbre y los peces tienen miedo. Hay algo moviéndose por las profundidades\".\n—Rathstaf, pescador kannah", "identifiers": {"multiverseId": "595400", "scryfallId": "16251920-03c8-4435-966e-1a321d282acf"}, "language": "Spanish", "multiverseId": 595400, "name": "Invasor submarino", "text": "Destello.\nEl Invasor submarino entra al campo de batalla girado.", "type": "Criatura — Bribón gigante"}, {"flavorText": "« Les courants sont étranges aujourd'hui, et les poissons sont farouches. Quelque chose bouge dans les profondeurs. »\n—Rathstaf, pêcheur kannah", "identifiers": {"multiverseId": "595508", "scryfallId": "b2dafa77-1964-4038-847a-d472bab57c44"}, "language": "French", "multiverseId": 595508, "name": "Envahisseur sous-marin", "text": "Flash\nL'Envahisseur sous-marin arrive sur le champ de bataille engagé.", "type": "Créature : géant et gredin"}, {"flavorText": "\"Oggi le correnti sono strane e i pesci sono spaventati. Qualcosa si sta agitando negli abissi.\"\n—Rathstaf, pescatore Kannah", "identifiers": {"multiverseId": "595616", "scryfallId": "d4ddf2c0-5140-417c-9d17-24d3f4230fbf"}, "language": "Italian", "multiverseId": 595616, "name": "Invasore Sottomarino", "text": "Lampo\nL'Invasore Sottomarino entra nel campo di battaglia TAPpato.", "type": "Creatura — Farabutto Gigante"}, {"flavorText": "「今日の潮は何かおかしい。魚も怖がっている。深い場所で何かが起きているようだ。」\n――カナーの漁師、ラススタフ", "identifiers": {"multiverseId": "595724", "scryfallId": "eb6f6fe3-9759-4a1d-b295-57d578982337"}, "language": "Japanese", "multiverseId": 595724, "name": "海中の侵略者", "text": "瞬速\n海中の侵略者はタップ状態で戦場に出る。", "type": "クリーチャー — 巨人・ならず者"}, {"flavorText": "「今日洋流有异，鱼群惊慌失措。海底可能有什么动静。」\n～卡纳渔夫拉斯塔弗", "identifiers": {"multiverseId": "596048", "scryfallId": "03e94d6b-7c40-4fc8-b455-9013e7fdd695"}, "language": "Chinese Simplified", "multiverseId": 596048, "name": "海底入侵客", "text": "闪现\n海底入侵客须横置进战场。", "type": "生物 ～巨人／浪客"}], "frameVersion": "2015", "hasFoil": false, "hasNonFoil": true, "identifiers": {"cardsphereId": "96725", "mcmId": "686514", "mcmMetaId": "328647", "mtgjsonV4Id": "a9ad2940-b683-5383-92dd-8081ef2e3083", "multiverseId": "595184", "scryfallCardBackId": "0aeebaf5-8c7d-4636-9e82-8c27447861f7", "scryfallId": "68eb319b-e455-4803-8884-3b28d207ead0", "scryfallIllustrationId": "60ede15a-9e33-49e4-a46b-4afa75de4256", "scryfallOracleId": "ff12dfee-7140-44bd-a62e-5f8ab98e93c6", "tcgplayerProductId": "455105"}, "isFoil": false, "isReprint": true, "keywords": ["Flash"], "language": "English", "layout": "normal", "legalities": {"brawl": "Legal", "commander": "Legal", "duel": "Legal", "explorer": "Legal", "gladiator": "Legal", "historic": "Legal", "legacy": "Legal", "modern": "Legal", "oathbreaker": "Legal", "pauper": "Legal", "paupercommander": "Legal", "pioneer": "Legal", "timeless": "Legal", "vintage": "Legal"}, "manaCost": "{4}{U}{U}", "manaValue": 6.0, "name": "Undersea Invader", "number": "366", "originalText": "Flash\nUndersea Invader enters the battlefield tapped.", "originalType": "Creature — Giant Rogue", "power": "5", "printings": ["J22", "KHM"], "purchaseUrls": {"cardmarket": "https://mtgjson.com/links/131bc2ce99504b4f", "tcgplayer": "https://mtgjson.com/links/8affbeeb544c5f7d"}, "rarity": "common", "setCode": "J22", "sourceProducts": {"nonfoil": ["31fd15cb-48ac-52b8-8f3c-84968a601869"]}, "subtypes": ["Giant", "Rogue"], "supertypes": [], "text": "Flash\nUndersea Invader enters tapped.", "toughness": "6", "type": "Creature — Giant Rogue", "types": ["Creature"], "uuid": "63c4e1f7-9b64-56e4-a764-ca9342131d26"}, {"artist": "Drew Tucker", "artistIds": ["22eef389-7b21-4dda-95dc-4c9a0f1bf4dd"], "availability": ["paper"], "boosterTypes": ["default"], "borderColor": "black", "colorIdentity": ["U"], "colors": ["U"], "convertedManaCost": 4.0, "count": 1, "edhrecRank": 13606, "edhrecSaltiness": 0.58, "finishes": ["nonfoil"], "flavorText": "It's easy to be two steps ahead when you can see their every thought.", "foreignData": [{"flavorText": "Es ist einfach, zwei Schritte voraus zu sein, wenn man jeden ihrer Gedanken sehen kann.", "identifiers": {"multiverseId": "589622", "scryfallId": "e32c1c30-a055-4877-8c96-d68dbbe2afc9"}, "language": "German", "multiverseId": 589622, "name": "Seelenlesen", "text": "Bestimme eines —\n• Neutralisiere einen Zauberspruch deiner Wahl, es sei denn, sein Beherrscher bezahlt {4}.\n• Ziehe zwei Karten.", "type": "Spontanzauber"}, {"flavorText": "Es fácil ir un paso por delante cuando puedes leerles todos los pensamientos.", "identifiers": {"multiverseId": "589673", "scryfallId": "57186dd0-ec92-4caa-9d4d-3cc7fba3f511"}, "language": "Spanish", "multiverseId": 589673, "name": "Lectura del alma", "text": "Elige uno:\n• Contrarresta el hechizo objetivo a menos que su controlador pague {4}.\n• Roba dos cartas.", "type": "Instantáneo"}, {"flavorText": "Avoir deux coups d'avance n'est pas difficile quand on peut voir chacune de leurs pensées.", "identifiers": {"multiverseId": "589724", "scryfallId": "e81b17d2-42dc-448e-a712-86b4861d4513"}, "language": "French", "multiverseId": 589724, "name": "Lecture d'âme", "text": "Choisissez l'un —\n• Contrecarrez un sort ciblé à moins que son contrôleur ne paie {4}.\n• Piochez deux cartes.", "type": "Éphémère"}, {"flavorText": "È facile essere sempre un passo avanti a tutti quando puoi leggere ogni loro pensiero.", "identifiers": {"multiverseId": "589775", "scryfallId": "12d66dad-b8f6-43dc-b5ce-b3fe0cc197fe"}, "language": "Italian", "multiverseId": 589775, "name": "Lettura dell'Anima", "text": "Scegli uno —\n• Neutralizza una magia bersaglio a meno che il suo controllore non paghi {4}.\n• Pesca due carte.", "type": "Istantaneo"}, {"flavorText": "その者のすべての思考が読めるなら、先手を打つのは容易である。", "identifiers": {"multiverseId": "589826", "scryfallId": "33c59c88-c556-4151-ab5a-e5d7c90b3ba8"}, "language": "Japanese", "multiverseId": 589826, "name": "魂読み", "text": "以下から１つを選ぶ。\n・呪文１つを対象とする。それのコントローラーが{4}を支払わないかぎり、それを打ち消す。\n・カード２枚を引く。", "type": "インスタント"}, {"flavorText": "如果你能看清对手每道思绪，那么能预先考虑两步也并非难事。", "identifiers": {"multiverseId": "589979", "scryfallId": "3e6622d2-1879-45c0-afaa-91a14e60ae7b"}, "language": "Chinese Simplified", "multiverseId": 589979, "name": "读取魂魄", "text": "选择一项～\n•除非目标咒语的操控者支付{4}，否则反击之。\n•抓两张牌。", "type": "瞬间"}], "frameVersion": "2015", "hasFoil": false, "hasNonFoil": true, "identifiers": {"cardsphereId": "96955", "mcmId": "686526", "mcmMetaId": "414722", "mtgjsonV4Id": "0cd5e198-5a20-5330-bb6e-8d7110bb8ddd", "multiverseId": "589571", "scryfallCardBackId": "0aeebaf5-8c7d-4636-9e82-8c27447861f7", "scryfallId": "2cebbfa1-e709-45bb-9b86-c6b09e7866b2", "scryfallIllustrationId": "5c1b4b8e-77bb-4625-b065-fb40a1c9691d", "scryfallOracleId": "7cf93170-29ca-4f44-a8ce-325d034d4ce8", "tcgplayerProductId": "455114"}, "isFoil": false, "language": "English", "layout": "normal", "legalities": {"commander": "Legal", "duel": "Legal", "legacy": "Legal", "oathbreaker": "Legal", "pauper": "Legal", "paupercommander": "Legal", "vintage": "Legal"}, "manaCost": "{3}{U}", "manaValue": 4.0, "name": "Soul Read", "number": "17", "originalText": "Choose one —\n• Counter target spell unless its controller pays {4}.\n• Draw two cards.", "originalType": "Instant", "printings": ["J22"], "purchaseUrls": {"cardmarket": "https://mtgjson.com/links/5239d57ce9850ca5", "tcgplayer": "https://mtgjson.com/links/1e636d73ff242341"}, "rarity": "common", "setCode": "J22", "sourceProducts": {"nonfoil": ["31fd15cb-48ac-52b8-8f3c-84968a601869"]}, "subtypes": [], "supertypes": [], "text": "Choose one —\n• Counter target spell unless its controller pays {4}.\n• Draw two cards.", "type": "Instant", "types": ["Instant"], "uuid": "77defcfd-f43b-528d-8be0-f4a60c0da4a8"}, {"artist": "Nicholas Gregory", "artistIds": ["a1bba8ff-63b4-4786-b1c4-f1bfe5d3ab1c"], "availability": ["paper"], "boosterTypes": ["default"], "borderColor": "black", "colorIdentity": ["U"], "colors": ["U"], "convertedManaCost": 5.0, "count": 1, "edhrecRank": 22850, "edhrecSaltiness": 0.06, "finishes": ["nonfoil"], "flavorText": "\"I told you this one would be a handful.\"", "foreignData": [{"flavorText": "„Ich habe ja gesagt, dass wir alle Hände voll zu tun haben werden.\"", "identifiers": {"multiverseId": "589623", "scryfallId": "61b488fc-4cce-4847-87b1-e4218c0ba362"}, "language": "German", "multiverseId": 589623, "name": "Synchronisierte Vertreibung", "text": "Dieser Zauberspruch kostet beim Wirken {2} weniger, falls du mindestens zwei Kreaturen kontrollierst, die einen Kreaturentyp gemeinsam haben.\nLege eine bleibende Karte deiner Wahl, die kein Land ist, als zweite Karte von oben in die Bibliothek ihres Besitzers.", "type": "Spontanzauber"}, {"flavorText": "\"Ya te dije que con este había que tener mano dura\".", "identifiers": {"multiverseId": "589674", "scryfallId": "68dbb3b6-9a5a-4dc7-a5de-583dd29139b2"}, "language": "Spanish", "multiverseId": 589674, "name": "Expulsión sincronizada", "text": "Te cuesta {2} menos lanzar este hechizo si controlas al menos dos criaturas que compartan un tipo de criatura.\nPon el permanente objetivo que no sea tierra en la biblioteca de su propietario en segundo lugar desde la parte superior.", "type": "Instantáneo"}, {"flavorText": "« Je t'avais dit que celui-ci nous poserait des problèmes. »", "identifiers": {"multiverseId": "589725", "scryfallId": "dc7329f8-fb60-4b6f-93e2-a6c3dd01cbe7"}, "language": "French", "multiverseId": 589725, "name": "Éviction synchronisée", "text": "Ce sort coûte {2} de moins à lancer si vous contrôlez au moins deux créatures qui partagent un type de créature.\nMettez un permanent non-terrain ciblé dans la bibliothèque de son propriétaire en deuxième position à partir du dessus.", "type": "Éphémère"}, {"flavorText": "\"Te l'avevo detto che sarebbe stata un'operazione a quattro mani.\"", "identifiers": {"multiverseId": "589776", "scryfallId": "f80a92c6-0215-4deb-878a-7302f745cd78"}, "language": "Italian", "multiverseId": 589776, "name": "Espulsione Sincronizzata", "text": "Questa magia costa {2} in meno per essere lanciata se controlli almeno due creature che condividono un tipo di creatura.\nMetti un permanente non terra bersaglio nel grimorio del suo proprietario come seconda carta.", "type": "Istantaneo"}, {"flavorText": "「言っただろう？ こいつには手を焼くと。」", "identifiers": {"multiverseId": "589827", "scryfallId": "6d7be38e-9073-45ab-8d5b-e6aa6b1db7de"}, "language": "Japanese", "multiverseId": 589827, "name": "同調退去", "text": "あなたが共通のクリーチャー・タイプ１つを持つ２体以上のクリーチャーをコントロールしているなら、この呪文を唱えるためのコストは{2}少なくなる。\n土地でないパーマネント１つを対象とする。それをオーナーのライブラリーの一番上から２枚目に置く。", "type": "インスタント"}, {"flavorText": "「我早就告诉你这家伙不好对付。」", "identifiers": {"multiverseId": "589980", "scryfallId": "14283326-c302-4c14-9650-a40e7af89d74"}, "language": "Chinese Simplified", "multiverseId": 589980, "name": "同步驱赶", "text": "如果你操控至少两个具共通生物类别的生物，则此咒语减少{2}来施放。\n将目标非地永久物置于其拥有者的牌库顶数来第二张的位置。", "type": "瞬间"}], "frameVersion": "2015", "hasFoil": false, "hasNonFoil": true, "identifiers": {"cardsphereId": "96966", "mcmId": "686438", "mcmMetaId": "414717", "mtgjsonV4Id": "5c164442-0ca5-5c51-9d0c-bc34530b8cf4", "multiverseId": "589572", "scryfallCardBackId": "0aeebaf5-8c7d-4636-9e82-8c27447861f7", "scryfallId": "68f10249-8cd0-4366-bd9a-755f8e1c3592", "scryfallIllustrationId": "34fad557-d71e-4e44-935d-3e65e53483a1", "scryfallOracleId": "ad64b05a-4702-47ef-a81e-1b481e57ab55", "tcgplayerProductId": "455025"}, "isFoil": false, "language": "English", "layout": "normal", "legalities": {"commander": "Legal", "duel": "Legal", "legacy": "Legal", "oathbreaker": "Legal", "vintage": "Legal"}, "manaCost": "{4}{U}", "manaValue": 5.0, "name": "Synchronized Eviction", "number": "18", "originalText": "This spell costs {2} less to cast if you control at least two creatures that share a creature type.\nPut target nonland permanent into its owner's library second from the top.", "originalType": "Instant", "printings": ["J22"], "purchaseUrls": {"cardmarket": "https://mtgjson.com/links/4d4769695d0645c2", "tcgplayer": "https://mtgjson.com/links/7fa11afc8f0756d4"}, "rarity": "uncommon", "setCode": "J22", "sourceProducts": {"nonfoil": ["31fd15cb-48ac-52b8-8f3c-84968a601869"]}, "subtypes": [], "supertypes": [], "text": "This spell costs {2} less to cast if you control at least two creatures that share a creature type.\nPut target nonland permanent into its owner's library second from the top.", "type": "Instant", "types": ["Instant"], "uuid": "7402a36f-50fb-5a5b-8460-ffe4bbe136b3"}, {"artist": "Ryan Alexander Lee", "artistIds": ["f4d194b4-958a-4830-8d87-1a84e0b9ffbc"], "availability": ["paper"], "boosterTypes": ["default"], "borderColor": "black", "colorIdentity": ["U"], "colors": ["U"], "convertedManaCost": 2.0, "count": 1, "edhrecRank": 4972, "edhrecSaltiness": 0.12, "finishes": ["nonfoil"], "flavorText": "Denizens of the wilds don't always seek to harm intruders. Sometimes they simply misplace them.", "foreignData": [{"flavorText": "Bewohner der Wildnis trachten nicht immer danach, Eindringlingen zu schaden. Manchmal gehen sie einfach verloren.", "identifiers": {"multiverseId": "595279", "scryfallId": "68238dfc-7835-496b-a733-90bc2049146b"}, "language": "German", "multiverseId": 595279, "name": "Von Feen gestohlen", "text": "Bringe eine Kreatur deiner Wahl mit Manabetrag X auf die Hand ihres Besitzers zurück. Du erzeugst X 1/1 blaue Feenwesen-Kreaturenspielsteine mit Flugfähigkeit.", "type": "Hexerei"}, {"flavorText": "Los moradores de las tierras salvajes no siempre quieren hacer daño a los intrusos; a veces solo los desencaminan.", "identifiers": {"multiverseId": "595387", "scryfallId": "ab89e08c-0d08-48fe-86e8-3f492b4d37ef"}, "language": "Spanish", "multiverseId": 595387, "name": "Secuestrado por las hadas", "text": "Regresa la criatura objetivo con valor de maná de X a la mano de su propietario. Creas X fichas de criatura Hada azules 1/1 con la habilidad de volar.", "type": "Conjuro"}, {"flavorText": "Les habitants des friches ne cherchent pas toujours à blesser les intrus. Parfois, ils se contentent de les changer de place.", "identifiers": {"multiverseId": "595495", "scryfallId": "96563b09-c11f-476f-a600-f1c6ceb8f098"}, "language": "French", "multiverseId": 595495, "name": "Enlevé par les faes", "text": "Renvoyez une créature ciblée ayant une valeur de mana de X dans la main de son propriétaire. Vous créez X jetons de créature 1/1 bleue Peuple fée avec le vol.", "type": "Rituel"}, {"flavorText": "Non sempre gli abitanti delle terre selvagge cercano di fare del male agli intrusi. A volte, semplicemente li portano nel posto sbagliato.", "identifiers": {"multiverseId": "595603", "scryfallId": "ecb37b49-0bd1-466c-a9e3-9e2cfd6f0853"}, "language": "Italian", "multiverseId": 595603, "name": "Rubato dalle Fate", "text": "Fai tornare una creatura bersaglio con valore di mana pari a X in mano al suo proprietario. Crei X pedine creatura Spiritello 1/1 blu con volare.", "type": "Stregoneria"}, {"flavorText": "僻境の住民たちは侵入者に必ず危害を加えるわけではない。変な場所へ連れて行くだけのこともある。", "identifiers": {"multiverseId": "595711", "scryfallId": "f0d635ed-cb98-4f8c-a2c2-b056481fc647"}, "language": "Japanese", "multiverseId": 595711, "name": "フェイ隠し", "text": "マナ総量がＸであるクリーチャー１体を対象とする。それをオーナーの手札に戻す。あなたは飛行を持つ青の１/１のフェアリー・クリーチャー・トークンＸ体を生成する。", "type": "ソーサリー"}, {"flavorText": "幻野居民也不总是想靠武力赶走入侵者。有时他们就只是把对方弄走。", "identifiers": {"multiverseId": "596035", "scryfallId": "95bb6f2c-28ff-4646-93a5-854f9a5b089d"}, "language": "Chinese Simplified", "multiverseId": 596035, "name": "仙儿窃走", "text": "将目标法术力值为X的生物移回其拥有者手上。你派出X个1/1蓝色，具飞行异能的仙灵衍生生物。", "type": "法术"}], "frameVersion": "2015", "hasFoil": false, "hasNonFoil": true, "identifiers": {"cardsphereId": "96735", "mcmId": "686598", "mcmMetaId": "281649", "mtgjsonV4Id": "6157fe3c-6604-5e78-bc1a-6aa23e1249f7", "multiverseId": "595171", "scryfallCardBackId": "0aeebaf5-8c7d-4636-9e82-8c27447861f7", "scryfallId": "857d00b7-af88-483c-a209-6dde97d6e3c8", "scryfallIllustrationId": "2de7bc83-f936-4182-af81-b4f0667f680e", "scryfallOracleId": "5bafd0e0-8bf8-4e06-a54a-81cc6cc4bdb7", "tcgplayerProductId": "455177"}, "isFoil": false, "isReprint": true, "language": "English", "layout": "normal", "legalities": {"brawl": "Legal", "commander": "Legal", "duel": "Legal", "explorer": "Legal", "gladiator": "Legal", "historic": "Legal", "legacy": "Legal", "modern": "Legal", "oathbreaker": "Legal", "penny": "Legal", "pioneer": "Legal", "timeless": "Legal", "vintage": "Legal"}, "manaCost": "{X}{U}{U}", "manaValue": 2.0, "name": "Stolen by the Fae", "number": "353", "originalText": "Return target creature with mana value X to its owner's hand. You create X 1/1 blue Faerie creature tokens with flying.", "originalType": "Sorcery", "printings": ["BLC", "ELD", "J22", "PELD"], "purchaseUrls": {"cardmarket": "https://mtgjson.com/links/c7e556952db9f21c", "tcgplayer": "https://mtgjson.com/links/ae83c9e92c7e0689"}, "rarity": "rare", "rulings": [{"date": "2019-10-04", "text": "If a creature on the battlefield has {X} in its mana cost, X is considered to be 0."}, {"date": "2019-10-04", "text": "If the target creature is an illegal target by the time Stolen by the Fae tries to resolve, the spell won't resolve. You won't create any Faerie tokens."}], "securityStamp": "oval", "setCode": "J22", "sourceProducts": {"nonfoil": ["31fd15cb-48ac-52b8-8f3c-84968a601869"]}, "subtypes": [], "supertypes": [], "text": "Return target creature with mana value X to its owner's hand. You create X 1/1 blue Faerie creature tokens with flying.", "type": "Sorcery", "types": ["Sorcery"], "uuid": "3e332f0a-75c0-547d-94f6-f15c87d491d1"}, {"artist": "Randy Vargas", "artistIds": ["d20672ca-0555-4238-a984-fd171d36b247"], "availability": ["paper"], "boosterTypes": ["default"], "borderColor": "black", "colorIdentity": ["U"], "colors": ["U"], "convertedManaCost": 1.0, "count": 1, "edhrecRank": 20964, "edhrecSaltiness": 0.33, "finishes": ["nonfoil"], "flavorText": "His sword sounded like a silver chime on the glass jar, and the sprite laughed with delight.", "foreignData": [{"flavorText": "Seine Schwerthiebe gegen das Glas klangen wie ein silbernes Glockenspiel und die Sylphide lachte vor Freude.", "identifiers": {"multiverseId": "595275", "scryfallId": "a89ccd02-9ce9-49a5-b2a9-11e85adb785d"}, "language": "German", "multiverseId": 595275, "name": "So winzig", "text": "Aufblitzen\nVerzaubert eine Kreatur\nDie verzauberte Kreatur erhält -2/-0. Sie erhält stattdessen -6/-0, solange sich sieben oder mehr Karten im Friedhof ihres Beherrschers befinden.", "type": "Verzauberung — Aura"}, {"flavorText": "Su espada sonó como un tintineo argénteo contra el cristal del tarro y la duende sonrió encantada.", "identifiers": {"multiverseId": "595383", "scryfallId": "2e2675bb-641b-4bec-8c7f-b2794879022c"}, "language": "Spanish", "multiverseId": 595383, "name": "Chiquitín", "text": "Destello.\nEncantar criatura.\nLa criatura encantada obtiene -2/-0. Mientras su controlador tenga siete o más cartas en su cementerio, en vez de eso, obtiene -6/-0.", "type": "Encantamiento — Aura"}, {"flavorText": "Son épée tintait comme un carillon d'argent contre le bocal, et le farfadet riait joyeusement.", "identifiers": {"multiverseId": "595491", "scryfallId": "5c8367f8-8cf4-48f5-9815-d1c81f8530f8"}, "language": "French", "multiverseId": 595491, "name": "Tout minuscule", "text": "Flash\nEnchanter : créature\nLa créature enchantée gagne -2/-0. Elle gagne -6/-0 à la place tant que son contrôleur a au moins sept cartes dans son cimetière.", "type": "Enchantement : aura"}, {"flavorText": "La spada suonava come un campanellino d'argento sul barattolo di vetro e la spiritella rideva divertita.", "identifiers": {"multiverseId": "595599", "scryfallId": "af4a6e7e-499f-4ea3-a894-19773da7785a"}, "language": "Italian", "multiverseId": 595599, "name": "Così Minuscolo", "text": "Lampo\nIncanta creatura\nLa creatura incantata prende -2/-0. Prende invece -6/-0 fintanto che il suo controllore ha sette o più carte nel suo cimitero.", "type": "Incantesimo — Aura"}, {"flavorText": "ガラス瓶に剣が当たるとチャイムのような音がして、スプライトは嬉しそうに笑った。", "identifiers": {"multiverseId": "595707", "scryfallId": "111c4077-4366-41b9-afa4-667dd2ef9bfd"}, "language": "Japanese", "multiverseId": 595707, "name": "極小", "text": "瞬速\nエンチャント（クリーチャー）\nエンチャントしているクリーチャーは－２/－０の修整を受ける。それのコントローラーの墓地に７枚以上のカードがあるかぎり、代わりにそれは－６/－０の修整を受ける。", "type": "エンチャント — オーラ"}, {"flavorText": "被关在玻璃瓶中的他不断用长剑敲击瓶壁，发出银铃般清脆声响。见到此景，仙子脸上露出得意笑容。", "identifiers": {"multiverseId": "596031", "scryfallId": "8bc1fa2e-2381-414d-ae0d-5e534bcde86f"}, "language": "Chinese Simplified", "multiverseId": 596031, "name": "小巧精致", "text": "闪现\n结附于生物\n所结附的生物得-2/-0。只要该生物的操控者坟墓场中有七张或更多牌，便改为它得-6/-0。", "type": "结界 ～灵气"}], "frameVersion": "2015", "hasFoil": false, "hasNonFoil": true, "identifiers": {"cardsphereId": "96738", "mcmId": "686487", "mcmMetaId": "282549", "mtgjsonV4Id": "0cba0727-f868-52f0-9727-b74077230a98", "multiverseId": "595167", "scryfallCardBackId": "0aeebaf5-8c7d-4636-9e82-8c27447861f7", "scryfallId": "19f13eb3-4f41-4b42-b5c9-e3b5a25b722f", "scryfallIllustrationId": "f6187a9d-c83b-4207-a623-267c50b90160", "scryfallOracleId": "196948c7-7386-4b5f-ad2f-ec9e3aef26fe", "tcgplayerProductId": "455085"}, "isFoil": false, "isReprint": true, "keywords": ["Enchant", "Flash"], "language": "English", "layout": "normal", "legalities": {"brawl": "Legal", "commander": "Legal", "duel": "Legal", "explorer": "Legal", "gladiator": "Legal", "historic": "Legal", "legacy": "Legal", "modern": "Legal", "oathbreaker": "Legal", "pauper": "Legal", "paupercommander": "Legal", "penny": "Legal", "pioneer": "Legal", "timeless": "Legal", "vintage": "Legal"}, "manaCost": "{U}", "manaValue": 1.0, "name": "So Tiny", "number": "349", "originalText": "Flash\nEnchant creature\nEnchanted creature gets -2/-0. It gets -6/-0 instead as long as its controller has seven or more cards in their graveyard.", "originalType": "Enchantment — Aura", "printings": ["ELD", "J22"], "purchaseUrls": {"cardmarket": "https://mtgjson.com/links/1855b886ff6ea5a8", "tcgplayer": "https://mtgjson.com/links/585bc402ec542b6a"}, "rarity": "common", "rulings": [{"date": "2019-10-04", "text": "So Tiny continuously checks the enchanted creature's controller's graveyard to determine just how tiny the enchanted creature is."}], "setCode": "J22", "sourceProducts": {"nonfoil": ["31fd15cb-48ac-52b8-8f3c-84968a601869"]}, "subtypes": ["Aura"], "supertypes": [], "text": "Flash\nEnchant creature\nEnchanted creature gets -2/-0. It gets -6/-0 instead as long as its controller has seven or more cards in their graveyard.", "type": "Enchantment — Aura", "types": ["Enchantment"], "uuid": "60fe4891-7802-5b83-b785-273789601287"}, {"artist": "Drew Tucker", "artistIds": ["22eef389-7b21-4dda-95dc-4c9a0f1bf4dd"], "availability": ["paper"], "boosterTypes": ["default"], "borderColor": "black", "colorIdentity": [], "colors": [], "convertedManaCost": 4.0, "count": 1, "edhrecRank": 9671, "edhrecSaltiness": 0.2, "finishes": ["nonfoil"], "flavorText": "Perfect for keeping time at a battle or a ball.", "foreignData": [{"flavorText": "Perfekt, um bei einer Schlacht oder einem Ball im Takt zu bleiben.", "identifiers": {"multiverseId": "589655", "scryfallId": "d12b4738-80c8-4e53-96dc-94443ee2c94c"}, "language": "German", "multiverseId": 589655, "name": "Instrumente des Krieges", "text": "Aufblitzen\nSowie die Instrumente des Krieges ins Spiel kommen, bestimme einen Kreaturentyp.\nKreaturen des bestimmten Typs, die du kontrollierst, erhalten +1/+1.", "type": "Artefakt"}, {"flavorText": "Son perfectos para marcar el ritmo tanto en una batalla como en un baile.", "identifiers": {"multiverseId": "589706", "scryfallId": "089c49e8-6648-4377-869e-494d15e14fdb"}, "language": "Spanish", "multiverseId": 589706, "name": "Instrumentos de guerra", "text": "Destello.\nEn cuanto los Instrumentos de guerra entren al campo de batalla, elige un tipo de criatura.\nLas criaturas que controlas del tipo elegido obtienen +1/+1.", "type": "Artefacto"}, {"flavorText": "Rien de mieux pour battre la mesure au combat ou au bal.", "identifiers": {"multiverseId": "589757", "scryfallId": "46705f0a-b044-4920-93a4-dce4e50300bc"}, "language": "French", "multiverseId": 589757, "name": "Instruments de guerre", "text": "Flash\nAu moment où les Instruments de guerre arrivent sur le champ de bataille, choisissez un type de créature.\nLes créatures du type choisi que vous contrôlez gagnent +1/+1.", "type": "Artefact"}, {"flavorText": "Perfetti per tenere il tempo in battaglia o in un ballo.", "identifiers": {"multiverseId": "589808", "scryfallId": "476120ee-9af8-43a5-9e5d-6a30bedcdd51"}, "language": "Italian", "multiverseId": 589808, "name": "Strumenti da Guerra", "text": "Lampo\nMentre gli Strumenti da Guerra entrano nel campo di battaglia, scegli un tipo di creatura.\nLe creature che controlli del tipo scelto prendono +1/+1.", "type": "Artefatto"}, {"flavorText": "戦争でも舞踏会でも、調子を保つのに便利。", "identifiers": {"multiverseId": "589859", "scryfallId": "40faa509-b9b2-43ec-ba73-d730cda1757b"}, "language": "Japanese", "multiverseId": 589859, "name": "戦楽器", "text": "瞬速\n戦楽器が戦場に出るに際し、クリーチャー・タイプ１つを選ぶ。\nあなたがコントロールしていてその選ばれたタイプであるすべてのクリーチャーは＋１/＋１の修整を受ける。", "type": "アーティファクト"}, {"flavorText": "无论战场还是舞池，都是计时好道具。", "identifiers": {"multiverseId": "590012", "scryfallId": "5f42069f-5a4c-45aa-81c4-ae752581e787"}, "language": "Chinese Simplified", "multiverseId": 590012, "name": "战事用具", "text": "闪现\n于战事用具进战场时，选择一种生物类别。\n由你操控的该类别生物得+1/+1。", "type": "神器"}], "frameVersion": "2015", "hasFoil": false, "hasNonFoil": true, "identifiers": {"cardsphereId": "96835", "mcmId": "686397", "mcmMetaId": "414713", "mtgjsonV4Id": "151441b1-bf8d-59b3-a070-90d373aff23d", "multiverseId": "589604", "scryfallCardBackId": "0aeebaf5-8c7d-4636-9e82-8c27447861f7", "scryfallId": "9526bea2-8d47-4a82-a617-6c57c7abc69a", "scryfallIllustrationId": "26e268d6-bb86-402b-9a57-f1b9681e3883", "scryfallOracleId": "8be46af9-1b70-4da9-b16d-869c3831dc99", "tcgplayerProductId": "454937"}, "isFoil": false, "keywords": ["Flash"], "language": "English", "layout": "normal", "legalities": {"commander": "Legal", "duel": "Legal", "legacy": "Legal", "oathbreaker": "Legal", "vintage": "Legal"}, "manaCost": "{4}", "manaValue": 4.0, "name": "Instruments of War", "number": "50", "originalText": "Flash\nAs Instruments of War enters the battlefield, choose a creature type.\nCreatures you control of the chosen type get +1/+1.", "originalType": "Artifact", "printings": ["J22"], "purchaseUrls": {"cardmarket": "https://mtgjson.com/links/eaae62b717b366bd", "tcgplayer": "https://mtgjson.com/links/f33277d615068e98"}, "rarity": "uncommon", "rulings": [{"date": "2022-12-02", "text": "The choice of creature type is made as Instruments of War enters the battlefield. Players can't take any actions between the time the choice is made and the time the appropriate creatures begin to get +1/+1."}, {"date": "2022-12-02", "text": "You must choose an existing creature type, such as Human or Warrior. Card types such as artifact and supertypes such as legendary can't be chosen."}], "setCode": "J22", "sourceProducts": {"nonfoil": ["31fd15cb-48ac-52b8-8f3c-84968a601869"]}, "subtypes": [], "supertypes": [], "text": "Flash\nAs Instruments of War enters, choose a creature type.\nCreatures you control of the chosen type get +1/+1.", "type": "Artifact", "types": ["Artifact"], "uuid": "e3a78c5c-9e24-5ee4-a9db-1ab20c00ffea"}, {"artist": "Jonas De Ro", "artistIds": ["561ebf9e-8d93-4b57-8156-8826d0c19601"], "availability": ["paper"], "boosterTypes": ["default"], "borderColor": "black", "colorIdentity": ["U"], "colors": [], "convertedManaCost": 0.0, "count": 1, "edhrecRank": 1294, "edhrecSaltiness": 0.05, "finishes": ["nonfoil"], "flavorText": "All the wonders of the natural world in one breathtaking microcosm.", "foreignData": [{"flavorText": "Alle Wunder der natürlichen Welt in einem einzigen atemberaubenden Mikrokosmos.", "identifiers": {"multiverseId": "596329", "scryfallId": "af1481ac-7724-428f-864d-fa48c7892436"}, "language": "German", "multiverseId": 596329, "name": "Gedeihende Insel", "text": "Die Gedeihende Insel kommt getappt ins Spiel.\nSowie die Gedeihende Insel ins Spiel kommt, bestimme eine Farbe außer Blau.\n{T}: Erzeuge {U} oder ein Mana der bestimmten Farbe.", "type": "Land"}, {"flavorText": "Todas las maravillas del mundo natural en un microcosmos asombroso.", "identifiers": {"multiverseId": "596416", "scryfallId": "8f5e4239-6951-4856-a673-914bf9028735"}, "language": "Spanish", "multiverseId": 596416, "name": "Islote floreciente", "text": "El Islote floreciente entra al campo de batalla girada.\nEn cuanto el Islote floreciente entre al campo de batalla, elige un color que no sea azul.\n{T}: Agrega {U} o un maná del color elegido.", "type": "Tierra"}, {"flavorText": "Toutes les merveilles de la nature dans un microcosme à couper le souffle.", "identifiers": {"multiverseId": "596503", "scryfallId": "5d99d2fe-531b-4cff-83b6-865579ac69c6"}, "language": "French", "multiverseId": 596503, "name": "Île prospère", "text": "L'Île prospère arrive sur le champ de bataille engagée.\nAu moment où l'Île prospère arrive sur le champ de bataille, choisissez une couleur autre que le bleu.\n{T} : Ajoutez {U} ou un mana de la couleur choisie.", "type": "Terrain"}, {"flavorText": "Tutte le meraviglie della natura in un microcosmo mozzafiato.", "identifiers": {"multiverseId": "596590", "scryfallId": "e34973c5-77e6-4ca5-8a7f-940448e0340d"}, "language": "Italian", "multiverseId": 596590, "name": "Isola Florida", "text": "L'Isola Florida entra nel campo di battaglia TAPpata.\nMentre l'Isola Florida entra nel campo di battaglia, scegli un colore diverso dal blu.\n{T}: Aggiungi {U} o un mana del colore scelto.", "type": "Terra"}, {"flavorText": "自然界のあらゆる驚異がこの美しく小さな世界に詰まっている。", "identifiers": {"multiverseId": "596677", "scryfallId": "d9028b06-83bf-49f7-a511-7604f3620d70"}, "language": "Japanese", "multiverseId": 596677, "name": "興隆する島嶼", "text": "興隆する島嶼はタップ状態で戦場に出る。\n興隆する島嶼が戦場に出るに際し、青でない色１色を選ぶ。\n{T}：{U}か、その選ばれた色のマナ１点を加える。", "type": "土地"}, {"flavorText": "于精妙微观世界中，尽览自然伟大奇迹。", "identifiers": {"multiverseId": "596938", "scryfallId": "12468397-9aea-4935-8c32-54f1295cb150"}, "language": "Chinese Simplified", "multiverseId": 596938, "name": "兴旺岛屿", "text": "兴旺岛屿须横置进战场。\n于兴旺岛屿进战场时，选择一种蓝色以外的颜色。\n{T}：加{U}或一点所选颜色的法术力。", "type": "地"}], "frameVersion": "2015", "hasFoil": false, "hasNonFoil": true, "identifiers": {"cardsphereId": "96779", "mcmId": "687387", "mcmMetaId": "308459", "mtgjsonV4Id": "628f7226-4fb3-5cba-8007-c8325a81feb0", "multiverseId": "596242", "scryfallCardBackId": "0aeebaf5-8c7d-4636-9e82-8c27447861f7", "scryfallId": "464168e8-e11f-4826-a709-bf1e725ef62b", "scryfallIllustrationId": "b38a6a8c-34b7-4a16-97f7-0af9f5a7ca4c", "scryfallOracleId": "69fc70b8-b143-4662-ac95-e2743037239d", "tcgplayerProductId": "454842"}, "isFoil": false, "isReprint": true, "language": "English", "layout": "normal", "legalities": {"brawl": "Legal", "commander": "Legal", "duel": "Legal", "gladiator": "Legal", "historic": "Legal", "legacy": "Legal", "oathbreaker": "Legal", "pauper": "Legal", "paupercommander": "Legal", "timeless": "Legal", "vintage": "Legal"}, "manaValue": 0.0, "name": "Thriving Isle", "number": "825", "originalText": "Thriving Isle enters the battlefield tapped.\nAs Thriving Isle enters the battlefield, choose a color other than blue.\n{T}: Add {U} or one mana of the chosen color.", "originalType": "Land", "printings": ["AFC", "BLC", "CLU", "CMM", "J22", "JMP", "LCC", "MOC", "NCC", "WHO"], "purchaseUrls": {"cardmarket": "https://mtgjson.com/links/e2599fafd6b16854", "tcgplayer": "https://mtgjson.com/links/44236a94d6cd4e76"}, "rarity": "common", "setCode": "J22", "sourceProducts": {"nonfoil": ["31fd15cb-48ac-52b8-8f3c-84968a601869"]}, "subtypes": [], "supertypes": [], "text": "Thriving Isle enters tapped. As it enters, choose a color other than blue.\n{T}: Add {U} or one mana of the chosen color.", "type": "Land", "types": ["Land"], "uuid": "52c3e9b6-7653-5c90-9796-c3838f55dd98"}, {"artist": "Cliff Childs", "artistIds": ["ed6f7e03-20ba-4c73-bdda-4a4928480721"], "availability": ["paper"], "boosterTypes": ["default"], "borderColor": "black", "colorIdentity": ["U"], "colors": [], "convertedManaCost": 0.0, "count": 7, "edhrecSaltiness": 0.76, "finishes": ["nonfoil"], "foreignData": [{"identifiers": {"multiverseId": "597763", "scryfallId": "640d8304-2020-4b8f-a0f4-6479a85e4440"}, "language": "German", "multiverseId": 597763, "name": "Insel", "type": "Standardland — Insel"}, {"identifiers": {"multiverseId": "597778", "scryfallId": "65e3d302-c959-49ff-a82a-4124e875bbc3"}, "language": "Spanish", "multiverseId": 597778, "name": "Isla", "type": "Tierra básica — Isla"}, {"identifiers": {"multiverseId": "597793", "scryfallId": "bb5dfa8e-7792-47b2-a8da-72514c51e537"}, "language": "French", "multiverseId": 597793, "name": "Île", "type": "Terrain de base : île"}, {"identifiers": {"multiverseId": "597808", "scryfallId": "a4ce59dd-50a2-4759-9c14-751e6461d45e"}, "language": "Italian", "multiverseId": 597808, "name": "Isola", "type": "Terra Base — Isola"}, {"identifiers": {"multiverseId": "597823", "scryfallId": "62c2d14a-ee13-488e-b4c0-6bc1ac5bd4c9"}, "language": "Japanese", "multiverseId": 597823, "name": "島", "type": "基本土地 — 島"}, {"identifiers": {"multiverseId": "597868", "scryfallId": "9227c574-95ff-4949-b1c5-dabc0a6ea0ed"}, "language": "Chinese Simplified", "multiverseId": 597868, "name": "海岛", "type": "基本地 ～海岛"}], "frameVersion": "2015", "hasFoil": false, "hasNonFoil": true, "identifiers": {"cardsphereId": "96732", "mtgjsonV4Id": "202ef466-a412-5e98-888e-d007dc4b45c2", "multiverseId": "597748", "scryfallCardBackId": "0aeebaf5-8c7d-4636-9e82-8c27447861f7", "scryfallId": "b0559d67-e151-4c6b-b8eb-5e9b5603f487", "scryfallIllustrationId": "f94f3c60-557c-48fa-919b-28ccd25e0251", "scryfallOracleId": "b2c6aa39-2d2a-459c-a555-fb48ba993373", "tcgplayerProductId": "454838"}, "isFoil": false, "isReprint": true, "language": "English", "layout": "normal", "legalities": {"alchemy": "Legal", "brawl": "Legal", "commander": "Legal", "duel": "Legal", "explorer": "Legal", "future": "Legal", "gladiator": "Legal", "historic": "Legal", "legacy": "Legal", "modern": "Legal", "oathbreaker": "Legal", "pauper": "Legal", "paupercommander": "Legal", "penny": "Legal", "pioneer": "Legal", "predh": "Legal", "premodern": "Legal", "standard": "Legal", "standardbrawl": "Legal", "timeless": "Legal", "vintage": "Legal"}, "manaValue": 0.0, "name": "Island", "number": "101", "originalType": "Basic Land — Island", "printings": ["10E", "2ED", "2XM", "30A", "3ED", "40K", "4BB", "4ED", "5ED", "6ED", "7ED", "8ED", "9ED", "ACR", "AFR", "AKH", "AKR", "ALA", "ANA", "ANB", "ARC", "AVR", "BBD", "BFZ", "BLB", "BRB", "BRC", "BRO", "BTD", "C13", "C14", "C15", "C16", "C17", "C18", "C19", "CED", "CEI", "CHK", "CLB", "CLU", "CM2", "CMA", "CMD", "CMM", "CMR", "CST", "DD2", "DDE", "DDF", "DDH", "DDI", "DDJ", "DDM", "DDN", "DDO", "DDQ", "DDS", "DDT", "DDU", "DMR", "DMU", "DOM", "DPA", "DSK", "DTK", "E01", "ELD", "FBB", "FRF", "G17", "GK1", "GK2", "GN2", "GN3", "GNT", "GRN", "GS1", "H09", "HBG", "HOP", "HOU", "ICE", "IKO", "INV", "ISD", "ITP", "J14", "J22", "JMP", "JVC", "KHM", "KLD", "KLR", "KTK", "LCI", "LEA", "LEB", "LRW", "LTR", "M10", "M11", "M12", "M13", "M14", "M15", "M19", "M20", "M21", "MBS", "ME1", "ME3", "MH2", "MH3", "MID", "MIR", "MKM", "MMQ", "MOM", "MRD", "NEO", "NPH", "ODY", "OLEP", "ONE", "ONS", "ORI", "OTJ", "P02", "P23", "PAL00", "PAL01", "PAL02", "PAL03", "PAL04", "PAL05", "PAL06", "PAL99", "PALP", "PANA", "PARL", "PC2", "PCA", "PELP", "PF19", "PF20", "PGPX", "PGRU", "PIP", "PLST", "PMPS", "PMPS06", "PMPS07", "PMPS08", "PMPS09", "PMPS10", "PMPS11", "POR", "PPP1", "PRM", "PRW2", "PRWK", "PS11", "PSAL", "PSS2", "PSS3", "PSS4", "PTC", "PTK", "PZ2", "RAV", "REX", "RIX", "RNA", "ROE", "RQS", "RTR", "S99", "SCD", "SHM", "SIR", "SLD", "SNC", "SOI", "SOM", "STX", "SUM", "TD0", "TD2", "THB", "THS", "TMP", "TPR", "TSP", "UGL", "UND", "UNF", "UNH", "USG", "UST", "VOW", "WAR", "WC00", "WC01", "WC02", "WC03", "WC04", "WC97", "WC98", "WHO", "WOE", "XANA", "XLN", "ZEN", "ZNR"], "purchaseUrls": {"tcgplayer": "https://mtgjson.com/links/4fe28b434034ba2e"}, "rarity": "common", "setCode": "J22", "sourceProducts": {"nonfoil": ["31fd15cb-48ac-52b8-8f3c-84968a601869"]}, "subtypes": ["Island"], "supertypes": ["Basic"], "text": "({T}: Add {U}.)", "type": "Basic Land — Island", "types": ["Land"], "uuid": "be47edd4-58d7-5216-9ab3-541c33934457", "variations": ["078dbb69-e17b-5d0a-967e-887d605796da", "6b885758-9973-5e10-8113-89e02702cfa7"]}], "name": "Faeries 2", "releaseDate": "2022-12-02", "sealedProductUuids": null, "sideBoard": [], "type": "Jumpstart"}}