{"meta": {"date": "2024-09-03", "version": "5.2.2+20240903"}, "data": {"code": "J22", "commander": [], "mainBoard": [{"artist": "Marta Nael", "artistIds": ["266ab861-ed64-4ba5-865c-f18758421cc3"], "availability": ["paper"], "boosterTypes": ["default"], "borderColor": "black", "colorIdentity": ["G"], "colors": ["G"], "convertedManaCost": 3.0, "count": 1, "edhrecRank": 13469, "finishes": ["nonfoil"], "flavorText": "It's bad luck to step on one, but worse luck to have one step on you.", "foreignData": [{"flavorText": "Es bringt Unglück, auf einen zu treten, aber es bringt noch mehr Unglück, wenn er auf dich tritt.", "identifiers": {"multiverseId": "589644", "scryfallId": "96731615-6152-4244-bb36-65c52f795a66"}, "language": "German", "multiverseId": 589644, "name": "Riesenmarienkäfer", "text": "Reichweite\nWenn der Riesenmarienkäfer ins Spiel kommt, kannst du deine Bibliothek nach einer Standardland-Karte durchsuchen, sie offen vorzeigen, danach mischen und sie oben darauflegen.", "type": "Kreatur — Insekt"}, {"flavorText": "Pisar una da mala suerte, pero peor suerte da que te pise una a ti.", "identifiers": {"multiverseId": "589695", "scryfallId": "6215726d-27c5-40d0-a9f6-96682fd91a96"}, "language": "Spanish", "multiverseId": 589695, "name": "Mariquita gigante", "text": "Alcance.\nCuando la Mariquita gigante entre al campo de batalla, puedes buscar en tu biblioteca una carta de tierra básica, mostrarla, barajar y poner esa carta en la parte superior.", "type": "Criatura — Insecto"}, {"flavorText": "En écraser une porte malheur, mais c'est encore pire si c'est elle qui vous écrase.", "identifiers": {"multiverseId": "589746", "scryfallId": "6f8b636a-7070-4512-b96d-9edc1c462f61"}, "language": "French", "multiverseId": 589746, "name": "Coccinelle géante", "text": "Portée\nQuand la Coccinelle géante arrive sur le champ de bataille, vous pouvez chercher dans votre bibliothèque une carte de terrain de base, la révéler, puis mélanger et mettre cette carte au-dessus de votre bibliothèque.", "type": "Créature : insecte"}, {"flavorText": "Schiacciarne una porta sfortuna, ma è peggio se è lei a schiacciare te.", "identifiers": {"multiverseId": "589797", "scryfallId": "2248d3c7-b72b-48cf-8eba-ed2c547af267"}, "language": "Italian", "multiverseId": 589797, "name": "Coccinella Gigante", "text": "Raggiungere\nQuando la Coccinella Gigante entra nel campo di battaglia, puoi passare in rassegna il tuo grimorio per una carta terra base, rivelarla, poi rimescolare e mettere quella carta in cima.", "type": "Creatura — Insetto"}, {"flavorText": "それを踏んだら不幸になるが、それに踏まれたらより不幸になる。", "identifiers": {"multiverseId": "589848", "scryfallId": "2776820f-7635-44e8-9a18-62a10a50fcb7"}, "language": "Japanese", "multiverseId": 589848, "name": "巨大テントウムシ", "text": "到達\n巨大テントウムシが戦場に出たとき、あなたは「あなたのライブラリーから基本土地・カード１枚を探し、公開する。その後、ライブラリーを切り直し、そのカードをその一番上に置く。」を選んでもよい。", "type": "クリーチャー — 昆虫"}, {"flavorText": "虽然踩到它算倒霉，但它踩到你就更倒霉。", "identifiers": {"multiverseId": "590001", "scryfallId": "d985f265-bd16-44c5-9327-bc214d5d70bd"}, "language": "Chinese Simplified", "multiverseId": 590001, "name": "巨型瓢虫", "text": "延势\n当巨型瓢虫进战场时，你可以从你牌库中搜寻一张基本地牌，展示该牌，然后洗牌，并将该牌置于牌库顶。", "type": "生物 ～昆虫"}], "frameVersion": "2015", "hasFoil": false, "hasNonFoil": true, "identifiers": {"cardsphereId": "97412", "mcmId": "687124", "mcmMetaId": "414759", "mtgjsonV4Id": "3fcb7b55-520b-50b4-a943-97a37cebf9d9", "multiverseId": "589593", "scryfallCardBackId": "0aeebaf5-8c7d-4636-9e82-8c27447861f7", "scryfallId": "67f55ef7-8479-4d56-9801-cb4fd5526e73", "scryfallIllustrationId": "4809584d-1177-4205-a628-f0c862233eee", "scryfallOracleId": "abfe31f1-7c6d-4a7a-9f44-7f3e4166d9f1", "tcgplayerProductId": "455353"}, "isFoil": false, "keywords": ["Reach"], "language": "English", "layout": "normal", "legalities": {"commander": "Legal", "duel": "Legal", "legacy": "Legal", "oathbreaker": "Legal", "pauper": "Legal", "paupercommander": "Legal", "vintage": "Legal"}, "manaCost": "{2}{G}", "manaValue": 3.0, "name": "Giant Ladybug", "number": "39", "originalText": "Reach\nWhen Giant Ladybug enters the battlefield, you may search your library for a basic land card, reveal it, then shuffle and put that card on top.", "originalType": "Creature — Insect", "power": "4", "printings": ["J22"], "purchaseUrls": {"cardmarket": "https://mtgjson.com/links/78166e930a852c21", "tcgplayer": "https://mtgjson.com/links/e2b550c8873bd97b"}, "rarity": "common", "setCode": "J22", "sourceProducts": {"nonfoil": ["31fd15cb-48ac-52b8-8f3c-84968a601869"]}, "subtypes": ["Insect"], "supertypes": [], "text": "Reach\nWhen Giant Ladybug enters, you may search your library for a basic land card, reveal it, then shuffle and put that card on top.", "toughness": "1", "type": "Creature — Insect", "types": ["Creature"], "uuid": "c24753a8-1e19-5f75-b4df-13f3e587d4e1"}, {"artist": "Uriah Voth", "artistIds": ["14cf4c0c-1a83-4366-ba61-6d0a26ee5a69"], "availability": ["paper"], "boosterTypes": ["default"], "borderColor": "black", "colorIdentity": ["G"], "colors": ["G"], "convertedManaCost": 5.0, "count": 1, "edhrecRank": 18558, "finishes": ["nonfoil"], "flavorText": "The nightsong begins with a lone howl, but soon swells to a deafening chorus.", "foreignData": [{"flavorText": "Der Nachtgesang beginnt mit einem einsamen Heulen, schwillt aber bald zu einem ohrenbetäubenden Chor an.", "identifiers": {"multiverseId": "589650", "scryfallId": "96e6cea7-8d6a-406a-99c3-0aa1b2fd245e"}, "language": "German", "multiverseId": 589650, "name": "Spektraler Jagdrufer", "text": "{5}{G}: Kreaturen, die du kontrollierst, erhalten +1/+1 und verursachen Trampelschaden bis zum Ende des Zuges.", "type": "Kreatur — Wolf, Geist"}, {"flavorText": "El canto nocturno empieza con un aullido solitario, pero rápidamente se acrecienta para convertirse en un coro ensordecedor.", "identifiers": {"multiverseId": "589701", "scryfallId": "1e7a802a-f95e-439d-bd9e-8777f67b6385"}, "language": "Spanish", "multiverseId": 589701, "name": "Voz de la caza espectral", "text": "{5}{G}: Las criaturas que controlas obtienen +1/+1 y ganan la habilidad de arrollar hasta el final del turno.", "type": "Criatura — Espíritu lobo"}, {"flavorText": "Le chant nocturne commence par un hurlement solitaire, mais s'amplifie bientôt en un chœur assourdissant.", "identifiers": {"multiverseId": "589752", "scryfallId": "ada57dc2-b72e-4a7b-8a60-af944d022508"}, "language": "French", "multiverseId": 589752, "name": "Grand veneur spectral", "text": "{5}{G} : Les créatures que vous contrôlez gagnent +1/+1 et acquièrent le piétinement jusqu'à la fin du tour.", "type": "Créature : loup et esprit"}, {"flavorText": "Il canto notturno inizia con un ululato solitario, ma presto cresce fino a diventare un coro assordante.", "identifiers": {"multiverseId": "589803", "scryfallId": "332b5c45-e314-469f-8f70-28ca9b97e0e4"}, "language": "Italian", "multiverseId": 589803, "name": "Convocatore di Caccia Spettrale", "text": "{5}{G}: Le creature che controlli prendono +1/+1 e hanno travolgere fino alla fine del turno.", "type": "Creatura — Spirito Lupo"}, {"flavorText": "夜の歌は一匹の遠吠えから始まるが、そのうち耳をつんざくような大合唱へと膨れ上がる。", "identifiers": {"multiverseId": "589854", "scryfallId": "7165dd9b-52b4-4f35-9b48-1e76a1086ff6"}, "language": "Japanese", "multiverseId": 589854, "name": "幽体の狩り喚び", "text": "{5}{G}：ターン終了時まで、あなたがコントロールしているすべてのクリーチャーは＋１/＋１の修整を受けトランプルを得る。", "type": "クリーチャー — 狼・スピリット"}, {"flavorText": "夜曲起初仅是独鸣狼嚎，但很快就变成震耳和声。", "identifiers": {"multiverseId": "590007", "scryfallId": "2528c4e2-08c7-4ae9-8c86-7ef52ccf7c14"}, "language": "Chinese Simplified", "multiverseId": 590007, "name": "魂魅召猎灵", "text": "{5}{G}：直到回合结束，由你操控的生物得+1/+1且获得践踏异能。", "type": "生物 ～狼／精怪"}], "frameVersion": "2015", "hasFoil": false, "hasNonFoil": true, "identifiers": {"cardsphereId": "96854", "mcmId": "686389", "mcmMetaId": "414710", "mtgjsonV4Id": "c945ffe1-f72e-52fd-a681-94c125e92fe8", "multiverseId": "589599", "scryfallCardBackId": "0aeebaf5-8c7d-4636-9e82-8c27447861f7", "scryfallId": "358fc99b-b2e5-4967-ba5a-ab2caee1751c", "scryfallIllustrationId": "e04c2b5c-5573-45d8-b2f7-f0f87fefe472", "scryfallOracleId": "d03ef35b-0609-46b5-ab8a-64d8007eab26", "tcgplayerProductId": "454970"}, "isFoil": false, "language": "English", "layout": "normal", "legalities": {"commander": "Legal", "duel": "Legal", "legacy": "Legal", "oathbreaker": "Legal", "pauper": "Legal", "paupercommander": "Legal", "vintage": "Legal"}, "manaCost": "{4}{G}", "manaValue": 5.0, "name": "Spectral Hunt-Caller", "number": "45", "originalText": "{5}{G}: Creatures you control get +1/+1 and gain trample until end of turn.", "originalType": "Creature — Wolf Spirit", "power": "4", "printings": ["J22"], "purchaseUrls": {"cardmarket": "https://mtgjson.com/links/9f0d947ffdb56fa4", "tcgplayer": "https://mtgjson.com/links/5b91ccb729c41306"}, "rarity": "common", "setCode": "J22", "sourceProducts": {"nonfoil": ["31fd15cb-48ac-52b8-8f3c-84968a601869"]}, "subtypes": ["Wolf", "Spirit"], "supertypes": [], "text": "{5}{G}: Creatures you control get +1/+1 and gain trample until end of turn.", "toughness": "4", "type": "Creature — Wolf Spirit", "types": ["Creature"], "uuid": "cbf446f2-5681-5375-b921-8be3fc2813a2"}, {"artist": "Chase Stone", "artistIds": ["2d753f61-5f5b-468e-97ea-8e0fdd347340"], "availability": ["paper"], "boosterTypes": ["default"], "borderColor": "black", "colorIdentity": ["G"], "colors": ["G"], "convertedManaCost": 3.0, "count": 1, "edhrecRank": 3816, "edhrecSaltiness": 0.17, "finishes": ["nonfoil"], "foreignData": [{"identifiers": {"multiverseId": "592918", "scryfallId": "5c804464-b305-4978-b7d7-523e9e79f8ad"}, "language": "German", "multiverseId": 592918, "name": "Rhonas der Unbezwingbare", "text": "Todesberührung, Unzerstörbar\nRhonas der Unbezwingbare kann nicht angreifen oder blocken, es sei denn, du kontrollierst eine andere Kreatur mit Stärke 4 oder mehr.\n{2}{G}: Eine andere Kreatur deiner Wahl erhält +2/+0 und verursacht Trampelschaden bis zum Ende des Zuges.", "type": "Legendäre Kreatur — Gott"}, {"identifiers": {"multiverseId": "593039", "scryfallId": "0a82c419-7063-4b2d-8b6f-230d03cc4b3e"}, "language": "Spanish", "multiverseId": 593039, "name": "Rhonas, el Indómito", "text": "Toque mortal, indestructible.\nRhonas, el Indómito no puede atacar ni bloquear a menos que controles otra criatura con fuerza de 4 o más.\n{2}{G}: Otra criatura objetivo obtiene +2/+0 y gana la habilidad de arrollar hasta el final del turno.", "type": "Criatura legendaria — Deidad"}, {"identifiers": {"multiverseId": "593160", "scryfallId": "d3c47a26-5322-4350-b865-924e0517d413"}, "language": "French", "multiverseId": 593160, "name": "Rhonas l'Indomptable", "text": "Contact mortel, indestructible\nRhonas l'Indomptable ne peut ni attaquer ni bloquer à moins que vous ne contrôliez une autre créature de force supérieure ou égale à 4.\n{2}{G} : Une autre créature ciblée gagne +2/+0 et acquiert le piétinement jusqu'à la fin du tour.", "type": "Créature légendaire : dieu"}, {"identifiers": {"multiverseId": "593281", "scryfallId": "b0f4d908-86ed-4a35-a194-1e886c27e87e"}, "language": "Italian", "multiverseId": 593281, "name": "Rhonas l'Indomabile", "text": "Tocco letale, indistruttibile\nRhonas l'Indomabile non può attaccare o bloccare a meno che tu non controlli un'altra creatura con forza pari o superiore a 4.\n{2}{G}: Un'altra creatura bersaglio prende +2/+0 e ha travolgere fino alla fine del turno.", "type": "Creatura Leggendaria — Dio"}, {"identifiers": {"multiverseId": "593402", "scryfallId": "55f2ae8b-1fea-4933-a843-a808f3e1b276"}, "language": "Japanese", "multiverseId": 593402, "name": "不屈の神ロナス", "text": "接死、破壊不能\nあなたがパワーが４以上でありこれでないクリーチャーをコントロールしていないかぎり、不屈の神ロナスでは攻撃もブロックもできない。\n{2}{G}：これでないクリーチャー１体を対象とする。ターン終了時まで、それは＋２/＋０の修整を受けトランプルを得る。", "type": "伝説のクリーチャー — 神"}, {"identifiers": {"multiverseId": "593765", "scryfallId": "6e6d251e-93b9-4eb0-866b-81c8e0444c8f"}, "language": "Chinese Simplified", "multiverseId": 593765, "name": "无畏神罗纳斯", "text": "死触，不灭\n除非你操控另一个力量等于或大于4的生物，否则无畏神罗纳斯不能进行攻击或阻挡。\n{2}{G}：直到回合结束，另一个目标生物得+2/+0且获得践踏异能。", "type": "传奇生物 ～神"}], "frameEffects": ["legendary"], "frameVersion": "2015", "hasFoil": false, "hasNonFoil": true, "identifiers": {"cardsphereId": "97335", "mcmId": "686974", "mcmMetaId": "225395", "mtgjsonV4Id": "225d658a-6488-5a61-97f1-e3e57a6bba62", "multiverseId": "592797", "scryfallCardBackId": "0aeebaf5-8c7d-4636-9e82-8c27447861f7", "scryfallId": "bd0bd038-727f-4e7e-8b87-fccc7b2ca0a6", "scryfallIllustrationId": "29dfc6fc-038d-4f3d-a967-642aff82aaa3", "scryfallOracleId": "5d2acd3e-4782-42e3-bcd5-80f8b439cc28", "tcgplayerProductId": "455468"}, "isFoil": false, "isReprint": true, "keywords": ["Deathtouch", "Indestructible"], "language": "English", "layout": "normal", "leadershipSkills": {"brawl": false, "commander": true, "oathbreaker": false}, "legalities": {"brawl": "Legal", "commander": "Legal", "duel": "Legal", "explorer": "Legal", "gladiator": "Legal", "historic": "Legal", "legacy": "Legal", "modern": "Legal", "oathbreaker": "Legal", "penny": "Legal", "pioneer": "Legal", "timeless": "Legal", "vintage": "Legal"}, "manaCost": "{2}{G}", "manaValue": 3.0, "name": "Rhonas the Indomitable", "number": "719", "originalText": "Deathtouch, indestructible\nRhonas the Indomitable can't attack or block unless you control another creature with power 4 or greater.\n{2}{G}: Another target creature gets +2/+0 and gains trample until end of turn.", "originalType": "Legendary Creature — God", "power": "5", "printings": ["AKH", "AKR", "J22", "MP2", "PAKH"], "purchaseUrls": {"cardmarket": "https://mtgjson.com/links/772c5ef039c178da", "tcgplayer": "https://mtgjson.com/links/ed61147754a13102"}, "rarity": "mythic", "rulings": [{"date": "2017-04-18", "text": "Once Rhonas has attacked or blocked, it will remain in combat even if you no longer control another creature with power 4 or greater."}, {"date": "2017-04-18", "text": "You don’t have to attack with another creature with power 4 or greater for Rhonas to be able to attack. The same is true of blocking."}], "securityStamp": "oval", "setCode": "J22", "sourceProducts": {"nonfoil": ["31fd15cb-48ac-52b8-8f3c-84968a601869"]}, "subtypes": ["God"], "supertypes": ["Legendary"], "text": "Deathtouch, indestructible\nRhonas the Indomitable can't attack or block unless you control another creature with power 4 or greater.\n{2}{G}: Another target creature gets +2/+0 and gains trample until end of turn.", "toughness": "5", "type": "Legendary Creature — God", "types": ["Creature"], "uuid": "df8f5e10-be1e-5f64-8281-9217478d3826"}, {"artist": "Svetlin Velinov", "artistIds": ["ffd063ae-c097-4f26-b2e6-b1e2137708bc"], "availability": ["paper"], "boosterTypes": ["default"], "borderColor": "black", "colorIdentity": ["G"], "colors": ["G"], "convertedManaCost": 5.0, "count": 1, "edhrecRank": 10423, "edhrecSaltiness": 0.31, "finishes": ["nonfoil"], "flavorText": "For most, war is a calamity. For some, an opportunity. And for the very few, a pleasure.", "foreignData": [{"flavorText": "Für die meisten ist Krieg eine Katastrophe. Für manche ist er eine Gelegenheit. Und für einige wenige ist er ein Genuss.", "identifiers": {"multiverseId": "592838", "scryfallId": "ca1c3ef4-53f6-4a51-9dcf-1ce338b39038"}, "language": "German", "multiverseId": 592838, "name": "Troll-Herausforderer", "text": "Jede Kreatur mit Stärke 4 oder mehr, die du kontrollierst, kann nicht von mehr als einer Kreatur geblockt werden.", "type": "Kreatur — Troll"}, {"flavorText": "Para la mayoría, la guerra es una calamidad; para algunos, una oportunidad, y para los menos, un placer.", "identifiers": {"multiverseId": "592959", "scryfallId": "b363c674-1ea3-4c31-b7f8-0d95370c1ab8"}, "language": "Spanish", "multiverseId": 592959, "name": "Trol desafiante", "text": "Cada criatura que controlas con fuerza de 4 o más no puede ser bloqueada por más de una criatura.", "type": "Criatura — Trol"}, {"flavorText": "Pour beaucoup, la guerre est une calamité. Pour certains, c'est une opportunité. Pour une infime minorité, c'est un plaisir.", "identifiers": {"multiverseId": "593080", "scryfallId": "3ba5568d-f859-4c2e-9376-78465b1b548f"}, "language": "French", "multiverseId": 593080, "name": "Troll défieur", "text": "Chaque créature de force supérieure ou égale à 4 que vous contrôlez ne peut pas être bloquée par plus d'une créature.", "type": "Créature : troll"}, {"flavorText": "Per la maggioranza, la guerra è una calamità. Per alcuni, un'opportunità. Per pochissimi, un piacere.", "identifiers": {"multiverseId": "593201", "scryfallId": "0781d593-6d99-4e61-bd83-77ac84f5f695"}, "language": "Italian", "multiverseId": 593201, "name": "Troll Sfidante", "text": "Ogni creatura che controlli con forza pari o superiore a 4 non può essere bloccata da più di una creatura.", "type": "Creatura — Troll"}, {"flavorText": "ほとんどの者にとって、戦争とは災厄である。一部の者にとっては好機であり、ごく一部の者にとっては歓喜である。", "identifiers": {"multiverseId": "593322", "scryfallId": "e95ab501-1f22-4333-b467-6ca4143a05c7"}, "language": "Japanese", "multiverseId": 593322, "name": "挑戦するトロール", "text": "あなたがコントロールしていてパワーが４以上である各クリーチャーはそれぞれ、２体以上のクリーチャーにはブロックされない。", "type": "クリーチャー — トロール"}, {"flavorText": "战争对多数人而言是灾难。对少数人而言是机遇。对极少数人而言则是乐趣。", "identifiers": {"multiverseId": "593685", "scryfallId": "8ef64baa-2c95-4d68-b731-045e69bb97a1"}, "language": "Chinese Simplified", "multiverseId": 593685, "name": "好斗巨魔", "text": "每个由你操控且力量等于或大于4的生物均不能被多于一个生物阻挡。", "type": "生物 ～巨魔"}], "frameVersion": "2015", "hasFoil": false, "hasNonFoil": true, "identifiers": {"cardsphereId": "97341", "mcmId": "687180", "mcmMetaId": "269444", "mtgjsonV4Id": "8709b362-19b1-5be6-9769-3d708dd6a3b3", "multiverseId": "592717", "scryfallCardBackId": "0aeebaf5-8c7d-4636-9e82-8c27447861f7", "scryfallId": "1ef77d59-ad3d-4888-894b-7439f9a57999", "scryfallIllustrationId": "b367ce10-4732-464e-95db-57ab00c43e7f", "scryfallOracleId": "78cb1f05-edad-4430-9095-f3eabd80bf41", "tcgplayerProductId": "455383"}, "isFoil": false, "isReprint": true, "language": "English", "layout": "normal", "legalities": {"brawl": "Legal", "commander": "Legal", "duel": "Legal", "explorer": "Legal", "gladiator": "Legal", "historic": "Legal", "legacy": "Legal", "modern": "Legal", "oathbreaker": "Legal", "paupercommander": "Restricted", "penny": "Legal", "pioneer": "Legal", "timeless": "Legal", "vintage": "Legal"}, "manaCost": "{4}{G}", "manaValue": 5.0, "name": "Challenger Troll", "number": "639", "originalText": "Each creature you control with power 4 or greater can't be blocked by more than one creature.", "originalType": "Creature — Troll", "power": "6", "printings": ["CLU", "J22", "PLST", "WAR"], "purchaseUrls": {"cardmarket": "https://mtgjson.com/links/1950a611c487de2a", "tcgplayer": "https://mtgjson.com/links/b004a66b19ad8050"}, "rarity": "uncommon", "rulings": [{"date": "2019-05-03", "text": "Challenger Troll’s ability affects itself as long as its power remains 4 or greater."}, {"date": "2019-05-03", "text": "If a creature you control with power 4 or greater has menace, it can’t be blocked by only one creature and it can’t be blocked by more than one creature, so it simply can’t be blocked."}, {"date": "2019-05-03", "text": "Once a creature you control with power 3 or less has become blocked by two or more creatures, changing its power won’t cause either blocking creature to stop blocking it."}], "setCode": "J22", "sourceProducts": {"nonfoil": ["31fd15cb-48ac-52b8-8f3c-84968a601869"]}, "subtypes": ["Troll"], "supertypes": [], "text": "Each creature you control with power 4 or greater can't be blocked by more than one creature.", "toughness": "5", "type": "Creature — Troll", "types": ["Creature"], "uuid": "599c145a-ccbb-5c9b-9036-5eeed6aef072"}, {"artist": "Winona Nelson", "artistIds": ["e45fe8d3-75d6-42c9-a2df-e945ad81ea27"], "availability": ["paper"], "boosterTypes": ["default"], "borderColor": "black", "colorIdentity": ["G"], "colors": ["G"], "convertedManaCost": 2.0, "count": 1, "edhrecRank": 1431, "edhrecSaltiness": 0.1, "finishes": ["nonfoil"], "flavorText": "Those who die as heroes are permitted to dwell in Ilysia, a protected realm of the Underworld as tranquil and vibrant as the rest is bleak.", "foreignData": [{"flavorText": "Diejenigen, die als Helden sterben, dürfen in Ilysia wohnen, einem geschützten Reich der Unterwelt, das so ruhig und lebendig ist wie der Rest trostlos.", "identifiers": {"multiverseId": "592875", "scryfallId": "7ae73b00-988d-4a18-9230-8848480c992f"}, "language": "German", "multiverseId": 592875, "name": "Ilysischer Karyatide", "text": "{T}: Erzeuge ein Mana einer beliebigen Farbe. Falls du eine Kreatur mit Stärke 4 oder mehr kontrollierst, erzeuge stattdessen zwei Mana genau einer beliebigen Farbe.", "type": "Kreatur — Pflanze"}, {"flavorText": "A aquellos que mueren como héroes se les permite residir en Ilysea, una región protegida del Inframundo, tan tranquila y alegre como lúgubres son el resto de sitios.", "identifiers": {"multiverseId": "592996", "scryfallId": "41f2f493-5182-477d-822b-2b17e1e11d64"}, "language": "Spanish", "multiverseId": 592996, "name": "Cariátide ilysea", "text": "{T}: Agrega un maná de cualquier color. Si controlas una criatura con fuerza de 4 o más, en vez de eso, agrega dos manás de un color cualquiera.", "type": "Criatura — Planta"}, {"flavorText": "Ceux qui meurent en héros ont le droit de demeurer dans l'Ilysée, un royaume protégé du Monde souterrain aussi tranquille et vivant que le reste est désolé.", "identifiers": {"multiverseId": "593117", "scryfallId": "9e14ee1b-19bf-4f3b-8f65-fa2a14d7b5e9"}, "language": "French", "multiverseId": 593117, "name": "Cariatide ilyséenne", "text": "{T} : Ajoutez un mana de la couleur de votre choix. Si vous contrôlez une créature de force supérieure ou égale à 4, ajoutez deux manas d'une même couleur de votre choix à la place.", "type": "Créature : plante"}, {"flavorText": "A coloro che muoiono da eroi è consentito risiedere a Ilysia, un reame protetto dell'Ade, sereno e fiorente quanto il resto è tetro e angosciante.", "identifiers": {"multiverseId": "593238", "scryfallId": "f17b341a-1958-4547-9a9d-f8f46754613a"}, "language": "Italian", "multiverseId": 593238, "name": "Cariatide di Ilysia", "text": "{T}: Aggiungi un mana di un qualsiasi colore. Se controlli una creatura con forza pari o superiore a 4, aggiungi invece due mana di un qualsiasi colore.", "type": "Creatura — Pianta"}, {"flavorText": "英雄として死んだ者はイリーシアで暮らすことが許される。ここは死の国の中にある保護された地域で、荒涼とした他の場所に比べると静穏で明るい。", "identifiers": {"multiverseId": "593359", "scryfallId": "1976ca42-172e-4ce8-b81a-a070948823be"}, "language": "Japanese", "multiverseId": 593359, "name": "イリーシアの女像樹", "text": "{T}：好きな色１色のマナ１点を加える。あなたがパワーが４以上であるクリーチャーをコントロールしているなら、代わりに好きな色１色のマナ２点を加える。", "type": "クリーチャー — 植物"}, {"flavorText": "被尊为英雄者死后可进入安宁兴盛的依吕夏境内。此处为少有的安全境域，与冥界他处的黑暗阴沉形成鲜明对比。", "identifiers": {"multiverseId": "593722", "scryfallId": "40e48241-a04f-4c05-9c99-65e94f7fd940"}, "language": "Chinese Simplified", "multiverseId": 593722, "name": "依吕夏女像柱", "text": "{T}：加一点任意颜色的法术力。如果你操控力量等于或大于4的生物，则改为加两点任意颜色的单色法术力。", "type": "生物 ～植物"}], "frameVersion": "2015", "hasFoil": false, "hasNonFoil": true, "identifiers": {"cardsphereId": "97421", "mcmId": "686808", "mcmMetaId": "292354", "mtgjsonV4Id": "b042c0bf-569a-579e-b99a-bb21d3a1bfba", "multiverseId": "592754", "scryfallCardBackId": "0aeebaf5-8c7d-4636-9e82-8c27447861f7", "scryfallId": "e931e8ec-78c1-473c-b772-d359842d8350", "scryfallIllustrationId": "4e2408ef-8c1c-4c25-8727-ef1875ec1107", "scryfallOracleId": "5f2be3c2-060a-43e1-b63b-9cd3c78ffcb0", "tcgplayerProductId": "455411"}, "isFoil": false, "isReprint": true, "language": "English", "layout": "normal", "legalities": {"alchemy": "Legal", "brawl": "Legal", "commander": "Legal", "duel": "Legal", "explorer": "Legal", "gladiator": "Legal", "historic": "Legal", "legacy": "Legal", "modern": "Legal", "oathbreaker": "Legal", "pauper": "Legal", "paupercommander": "Legal", "penny": "Legal", "pioneer": "Legal", "timeless": "Legal", "vintage": "Legal"}, "manaCost": "{1}{G}", "manaValue": 2.0, "name": "Ilysian Caryatid", "number": "676", "originalText": "{T}: Add one mana of any color. If you control a creature with power 4 or greater, add two mana of any one color instead.", "originalType": "Creature — Plant", "power": "1", "printings": ["ANB", "CMM", "J22", "THB"], "purchaseUrls": {"cardmarket": "https://mtgjson.com/links/6278632bd18619d8", "tcgplayer": "https://mtgjson.com/links/106e43986d65229d"}, "rarity": "common", "rulings": [{"date": "2020-01-24", "text": "Ilysian Caryatid’s activated ability is a mana ability. It doesn’t use the stack and can’t be responded to."}], "setCode": "J22", "sourceProducts": {"nonfoil": ["31fd15cb-48ac-52b8-8f3c-84968a601869"]}, "subtypes": ["Plant"], "supertypes": [], "text": "{T}: Add one mana of any color. If you control a creature with power 4 or greater, add two mana of any one color instead.", "toughness": "1", "type": "Creature — Plant", "types": ["Creature"], "uuid": "3b4223be-41a3-5adb-b9ee-5e871101eb30"}, {"artist": "Simon Dominic", "artistIds": ["b0e80135-db5a-4b88-a0bc-815a0e94faa1"], "availability": ["paper"], "boosterTypes": ["default"], "borderColor": "black", "colorIdentity": ["G"], "colors": ["G"], "convertedManaCost": 2.0, "count": 1, "edhrecRank": 17589, "finishes": ["nonfoil"], "flavorText": "What the rangers thought were warning growls turned out to be nothing but monstrous snoring.", "foreignData": [{"flavorText": "Was die Jäger für ein warnendes Knurren hielten, entpuppte sich als nichts weiter als ein monströses Schnarchen.", "identifiers": {"multiverseId": "592847", "scryfallId": "396e68e9-3589-4f96-836e-c1a03c36ea39"}, "language": "German", "multiverseId": 592847, "name": "Schlummerndes Tyrannodon", "text": "Verteidiger\nSolange du eine Kreatur mit Stärke 4 oder mehr kontrollierst, kann das Schlummernde Tyrannodon angreifen, als ob es nicht Verteidiger hätte.", "type": "Kreatur — Dinosaurier"}, {"flavorText": "Los guardabosques creían que eran gruñidos de advertencia, pero al final resultaron ser solo unos ronquidos monstruosos.", "identifiers": {"multiverseId": "592968", "scryfallId": "88644969-71fc-465b-ad5e-42a06200e496"}, "language": "Spanish", "multiverseId": 592968, "name": "Tiranodón soñoliento", "text": "Defensor.\nMientras controles una criatura con fuerza de 4 o más, el Tiranodón soñoliento puede atacar como si no tuviera la habilidad de defensor.", "type": "Criatura — Dinosaurio"}, {"flavorText": "Les rangers croyaient qu'il s'agissait de grognements d'avertissement, mais ce n'était en fait que des ronflements monstrueux.", "identifiers": {"multiverseId": "593089", "scryfallId": "9dd8edfc-ee2b-454d-9d02-768af20d0f79"}, "language": "French", "multiverseId": 593089, "name": "Tyrannodon somnolant", "text": "Défenseur\nTant que vous contrôlez une créature de force supérieure ou égale à 4, le Tyrannodon somnolant peut attaquer comme s'il n'avait pas le défenseur.", "type": "Créature : dinosaure"}, {"flavorText": "Quelli che i ranger scambiarono per ruggiti di avvertimento si rivelarono essere un mostruoso russare.", "identifiers": {"multiverseId": "593210", "scryfallId": "74c6e151-b810-45ed-b40a-071367b3953b"}, "language": "Italian", "multiverseId": 593210, "name": "Tirannodonte Addormentato", "text": "Difensore\nFintanto che controlli una creatura con forza pari o superiore a 4, il Tirannodonte Addormentato può attaccare come se non avesse difensore.", "type": "Creatura — Dinosauro"}, {"flavorText": "レインジャーたちが威嚇の唸り声だと考えたものは、単なる大いびきに過ぎなかった。", "identifiers": {"multiverseId": "593331", "scryfallId": "02bb69a2-1ab2-48d7-adbd-bb11e90a2e7e"}, "language": "Japanese", "multiverseId": 593331, "name": "うたた寝するティラノドン", "text": "防衛\nあなたがパワーが４以上であるクリーチャーをコントロールしているかぎり、うたた寝するティラノドンは、これが防衛を持たないかのように攻撃できる。", "type": "クリーチャー — 恐竜"}, {"flavorText": "原本护林人当作是警告的低沉吼声，后来发现不过是怪兽的熟睡鼾音。", "identifiers": {"multiverseId": "593694", "scryfallId": "834f90bc-272b-415b-81f9-50ff5c3ab07d"}, "language": "Chinese Simplified", "multiverseId": 593694, "name": "昏睡暴伟龙", "text": "守军\n只要你操控力量等于或大于4的生物，昏睡暴伟龙便能视同不具守军异能地进行攻击。", "type": "生物 ～恐龙"}], "frameVersion": "2015", "hasFoil": false, "hasNonFoil": true, "identifiers": {"cardsphereId": "97342", "mcmId": "686969", "mcmMetaId": "307809", "mtgjsonV4Id": "f53da1bd-ec52-5513-83f7-831bda720a6e", "multiverseId": "592726", "scryfallCardBackId": "0aeebaf5-8c7d-4636-9e82-8c27447861f7", "scryfallId": "59954cf9-2ea3-45c4-88e4-6c5005011f44", "scryfallIllustrationId": "eabe100f-d677-4b64-a366-0f064b26ca8a", "scryfallOracleId": "ee811356-ef6a-4972-b827-32c2d329b3c3", "tcgplayerProductId": "455394"}, "isFoil": false, "isReprint": true, "keywords": ["Defender"], "language": "English", "layout": "normal", "legalities": {"brawl": "Legal", "commander": "Legal", "duel": "Legal", "explorer": "Legal", "gladiator": "Legal", "historic": "Legal", "legacy": "Legal", "modern": "Legal", "oathbreaker": "Legal", "pauper": "Legal", "paupercommander": "Legal", "penny": "Legal", "pioneer": "Legal", "timeless": "Legal", "vintage": "Legal"}, "manaCost": "{1}{G}", "manaValue": 2.0, "name": "Drowsing Tyrannodon", "number": "648", "originalText": "Defender\nAs long as you control a creature with power 4 or greater, Drowsing Tyrannodon can attack as though it didn't have defender.", "originalType": "Creature — Dinosaur", "power": "3", "printings": ["J22", "M21"], "purchaseUrls": {"cardmarket": "https://mtgjson.com/links/f1df0be3b0d8e0a6", "tcgplayer": "https://mtgjson.com/links/75e8bd61484a0bab"}, "rarity": "common", "rulings": [{"date": "2020-06-23", "text": "If Drowsing Tyrannodon's power is raised to 4 or greater, it will allow itself to attack."}, {"date": "2020-06-23", "text": "Once Drowsing Tyrannodon has attacked, it will remain an attacking creature even if you no longer control a creature with power 4 or greater."}], "setCode": "J22", "sourceProducts": {"nonfoil": ["31fd15cb-48ac-52b8-8f3c-84968a601869"]}, "subtypes": ["Dinosaur"], "supertypes": [], "text": "Defender (This creature can't attack.)\nAs long as you control a creature with power 4 or greater, Drowsing Tyrannodon can attack as though it didn't have defender.", "toughness": "3", "type": "Creature — Dinosaur", "types": ["Creature"], "uuid": "0f32827e-5e02-5451-bd12-843fcaebaad9"}, {"artist": "Grzegorz Rutkowski", "artistIds": ["b5f49d0d-8056-48e3-b614-090e656b4f9c"], "availability": ["paper"], "boosterTypes": ["default"], "borderColor": "black", "colorIdentity": ["G"], "colors": ["G"], "convertedManaCost": 4.0, "count": 1, "edhrecRank": 23000, "finishes": ["nonfoil"], "flavorText": "Fallen Phyrexians were transmuted into elementals by Gaea long ago, but Yavimaya's other inhabitants still regard them with unease.", "foreignData": [{"flavorText": "Gaea transmutierte bereits vor langer Zeit die gefallenen Phyrexianer zu Elementarwesen, doch Yavimayas andere Bewohner beäugen sie immer noch mit Argwohn.", "identifiers": {"multiverseId": "592863", "scryfallId": "1c5ed15d-d841-4558-8f17-8163c29b3a1d"}, "language": "German", "multiverseId": 592863, "name": "Gaeas Beschützer", "text": "Gaeas Beschützer muss geblockt werden, falls möglich.", "type": "Kreatur — Elementarwesen, Krieger"}, {"flavorText": "Hace mucho, Gaia transformó a los pirexianos caídos en elementales, pero el resto de habitantes de Yavimaya aún desconfía de ellos.", "identifiers": {"multiverseId": "592984", "scryfallId": "97772f92-76d7-4fca-8369-1736f2bc09cb"}, "language": "Spanish", "multiverseId": 592984, "name": "Protector de Gaia", "text": "El Protector de Gaia debe ser bloqueado si se puede.", "type": "Criatura — Guerrero elemental"}, {"flavorText": "Les Phyrexians morts furent transformés en élémentaux par Gaia il y a bien longtemps, mais les autres habitants de la Yavimaya les regardent toujours avec inquiétude.", "identifiers": {"multiverseId": "593105", "scryfallId": "a2996373-8df4-4791-a1df-d691f5018aa9"}, "language": "French", "multiverseId": 593105, "name": "Protecteur de Gaia", "text": "Le Protecteur de Gaia doit être bloqué si possible.", "type": "Créature : élémental et guerrier"}, {"flavorText": "Gea tramutò i Phyrexiani caduti in elementali molto tempo fa, ma gli altri abitanti di Yavimaya li guardano ancora con inquietudine.", "identifiers": {"multiverseId": "593226", "scryfallId": "1bfb53ab-d37f-4807-a73a-e79a51d94c5c"}, "language": "Italian", "multiverseId": 593226, "name": "Protettore di Gea", "text": "Il Protettore di Gea deve essere bloccato, se possibile.", "type": "Creatura — Guerriero Elementale"}, {"flavorText": "堕ちたファイレクシア人は遥か昔にガイアが精霊に変えたが、ヤヴィマヤの住民は今でも不安を抱いている。", "identifiers": {"multiverseId": "593347", "scryfallId": "be9d73ba-3ec2-43ac-8111-3dec8bc33196"}, "language": "Japanese", "multiverseId": 593347, "name": "ガイアの守護者", "text": "ガイアの守護者は、可能ならブロックされなければならない。", "type": "クリーチャー — エレメンタル・戦士"}, {"flavorText": "盖亚很早就已将非瑞克西亚死躯转化为可利用的元素，但亚维马雅的其他居民仍无法安心接纳。", "identifiers": {"multiverseId": "593710", "scryfallId": "6487ff12-4618-4da4-bf88-59a9320e3554"}, "language": "Chinese Simplified", "multiverseId": 593710, "name": "盖亚守护者", "text": "若能阻挡盖亚守护者，则必须阻挡之。", "type": "生物 ～元素／战士"}], "frameVersion": "2015", "hasFoil": false, "hasNonFoil": true, "identifiers": {"cardsphereId": "97344", "mcmId": "687076", "mcmMetaId": "239422", "mtgjsonV4Id": "e6900a26-968c-5f78-9255-a9816c33463b", "multiverseId": "592742", "scryfallCardBackId": "0aeebaf5-8c7d-4636-9e82-8c27447861f7", "scryfallId": "0b1b335f-16f3-474e-8bdc-7453b2fc62bc", "scryfallIllustrationId": "5d9a516b-7ff2-4d47-b654-e3fc9f571509", "scryfallOracleId": "d91d5d22-9f94-4a41-9970-0a8ddd2f7711", "tcgplayerProductId": "455401"}, "isFoil": false, "isReprint": true, "language": "English", "layout": "normal", "legalities": {"brawl": "Legal", "commander": "Legal", "duel": "Legal", "explorer": "Legal", "gladiator": "Legal", "historic": "Legal", "legacy": "Legal", "modern": "Legal", "oathbreaker": "Legal", "pauper": "Legal", "paupercommander": "Legal", "penny": "Legal", "pioneer": "Legal", "timeless": "Legal", "vintage": "Legal"}, "manaCost": "{3}{G}", "manaValue": 4.0, "name": "Gaea's Protector", "number": "664", "originalText": "Gaea's Protector must be blocked if able.", "originalType": "Creature — Elemental Warrior", "power": "4", "printings": ["DOM", "J22", "PLST"], "purchaseUrls": {"cardmarket": "https://mtgjson.com/links/8434debc2e8a71ef", "tcgplayer": "https://mtgjson.com/links/9a16cd47b957c4a5"}, "rarity": "common", "rulings": [{"date": "2018-04-27", "text": "If each creature the defending player controls can’t block for any reason (such as being tapped), then Gaea’s Protector isn’t blocked. If there’s a cost associated with blocking Gaea’s Protector, the defending player isn’t forced to pay that cost, so it doesn’t have to be blocked in that case either."}, {"date": "2018-04-27", "text": "Only one creature is required to block Gaea’s Protector. Other creatures may also block it, and are free to block other creatures or not block at all."}, {"date": "2018-04-27", "text": "The defending player, not you, chooses which creature blocks Gaea’s Protector."}], "setCode": "J22", "sourceProducts": {"nonfoil": ["31fd15cb-48ac-52b8-8f3c-84968a601869"]}, "subtypes": ["Elemental", "Warrior"], "supertypes": [], "text": "Gaea's Protector must be blocked if able.", "toughness": "2", "type": "Creature — Elemental Warrior", "types": ["Creature"], "uuid": "524e2890-cf28-5ae0-ab15-f68dbe05a273"}, {"artist": "Jonathan Kuo", "artistIds": ["babb75bd-4c75-4b13-ad61-c34597ab79ff"], "availability": ["paper"], "boosterTypes": ["default"], "borderColor": "black", "colorIdentity": ["G"], "colors": ["G"], "convertedManaCost": 4.0, "count": 1, "edhrecRank": 14445, "finishes": ["nonfoil"], "foreignData": [{"identifiers": {"multiverseId": "592899", "scryfallId": "8857525f-eac3-496d-9952-7685394f777e"}, "language": "German", "multiverseId": 592899, "name": "Störrischer Dilophosaurus", "text": "Todesberührung\nImmer wenn der Störrische Dilophosaurus angreift und falls du eine Kreatur mit Stärke 4 oder mehr kontrollierst, erhält der Störrische Dilophosaurus +2/+2 bis zum Ende des Zuges.", "type": "Kreatur — Dinosaurier"}, {"identifiers": {"multiverseId": "593020", "scryfallId": "5c193b7a-18fd-41f7-aa56-bcd00085e6c4"}, "language": "Spanish", "multiverseId": 593020, "name": "Dilofosaurio iracundo", "text": "Toque mortal.\nSiempre que el Dilofosaurio iracundo ataque, si controlas una criatura con fuerza de 4 o más, el Dilofosaurio iracundo obtiene +2/+2 hasta el final del turno.", "type": "Criatura — Dinosaurio"}, {"identifiers": {"multiverseId": "593141", "scryfallId": "73431753-f9c5-4b15-b4ed-3c5ccaba1db8"}, "language": "French", "multiverseId": 593141, "name": "Dilophosaure hargneux", "text": "Contact mortel\nÀ chaque fois que le Dilophosaure hargneux attaque, si vous contrôlez une créature de force supérieure ou égale à 4, le Dilophosaure hargneux gagne +2/+2 jusqu'à la fin du tour.", "type": "Créature : dinosaure"}, {"identifiers": {"multiverseId": "593262", "scryfallId": "f6e02c6c-5ae9-4bbe-a536-a7a460e55350"}, "language": "Italian", "multiverseId": 593262, "name": "Dilofosauro Irascibile", "text": "Tocco letale\nOgniqualvolta il Dilofosauro Irascibile attacca, se controlli una creatura con forza pari o superiore a 4, il Dilofosauro Irascibile prende +2/+2 fino alla fine del turno.", "type": "Creatura — Dinosauro"}, {"identifiers": {"multiverseId": "593383", "scryfallId": "3ca12cab-f0f1-4fd8-87fd-a358ded04f0e"}, "language": "Japanese", "multiverseId": 593383, "name": "気難しいディロフォサウルス", "text": "接死\n気難しいディロフォサウルスが攻撃するたび、あなたがパワーが４以上であるクリーチャーをコントロールしている場合、ターン終了時まで、気難しいディロフォサウルスは＋２/＋２の修整を受ける。", "type": "クリーチャー — 恐竜"}, {"identifiers": {"multiverseId": "593746", "scryfallId": "393bbd65-7f4d-4d6d-8f97-e65bf01f5c43"}, "language": "Chinese Simplified", "multiverseId": 593746, "name": "暴躁双冠龙", "text": "死触\n每当暴躁双冠龙攻击时，若你操控力量等于或大于4的生物，则暴躁双冠龙得+2/+2直到回合结束。", "type": "生物 ～恐龙"}], "frameVersion": "2015", "hasFoil": false, "hasNonFoil": true, "identifiers": {"cardsphereId": "97345", "mcmId": "686933", "mcmMetaId": "308284", "mtgjsonV4Id": "77d285b2-70e2-5c79-93e0-2ead83caf300", "multiverseId": "592778", "scryfallCardBackId": "0aeebaf5-8c7d-4636-9e82-8c27447861f7", "scryfallId": "2ac24ccd-8db0-4c93-9542-0eac3b369d61", "scryfallIllustrationId": "07841a92-8542-4541-aba8-b99461439c1f", "scryfallOracleId": "8291bc2e-ef58-4bd4-b261-b587142bbb1c", "tcgplayerProductId": "455445"}, "isFoil": false, "isReprint": true, "keywords": ["Deathtouch"], "language": "English", "layout": "normal", "legalities": {"brawl": "Legal", "commander": "Legal", "duel": "Legal", "explorer": "Legal", "gladiator": "Legal", "historic": "Legal", "legacy": "Legal", "modern": "Legal", "oathbreaker": "Legal", "pauper": "Legal", "paupercommander": "Legal", "penny": "Legal", "pioneer": "Legal", "timeless": "Legal", "vintage": "Legal"}, "manaCost": "{3}{G}", "manaValue": 4.0, "name": "Ornery Dilophosaur", "number": "700", "originalText": "Deathtouch\nWhenever Ornery Dilophosaur attacks, if you control a creature with power 4 or greater, Ornery Dilophosaur gets +2/+2 until end of turn.", "originalType": "Creature — Dinosaur", "power": "2", "printings": ["J22", "M21"], "purchaseUrls": {"cardmarket": "https://mtgjson.com/links/bc2ea51dc2dec6f1", "tcgplayer": "https://mtgjson.com/links/865e2a86cd31a82b"}, "rarity": "common", "rulings": [{"date": "2020-06-23", "text": "If Ornery Dilophosaur's power is raised to 4 or greater, its ability triggers when it attacks."}, {"date": "2020-06-23", "text": "If you don't control a creature with power 4 or greater immediately after Ornery Dilophosaur attacks, its ability doesn't trigger. If you don't control one as the ability resolves, it has no effect. It doesn't have to be the same creature at both times, however."}, {"date": "2020-06-23", "text": "Once Ornery Dilophosaur's ability has resolved, it keeps +2/+2 for the rest of the turn even if you no longer control a creature with power 4 or greater."}, {"date": "2020-06-23", "text": "Ornery Dilophosaur gets just +2/+2, no matter how many creatures you control with power 4 or greater."}], "setCode": "J22", "sourceProducts": {"nonfoil": ["31fd15cb-48ac-52b8-8f3c-84968a601869"]}, "subtypes": ["Dinosaur"], "supertypes": [], "text": "Deathtouch (Any amount of damage this deals to a creature is enough to destroy it.)\nWhenever Ornery Dilophosaur attacks, if you control a creature with power 4 or greater, Ornery Dilophosaur gets +2/+2 until end of turn.", "toughness": "2", "type": "Creature — Dinosaur", "types": ["Creature"], "uuid": "52dd3981-8293-5ec6-8c6d-39375522c5f3"}, {"artist": "Mike Jordana", "artistIds": ["342d3a1e-0ddf-4823-af83-e13be8152b3f"], "availability": ["paper"], "boosterTypes": ["default"], "borderColor": "black", "colorIdentity": ["G"], "colors": ["G"], "convertedManaCost": 4.0, "count": 1, "edhrecRank": 13886, "edhrecSaltiness": 0.12, "finishes": ["nonfoil"], "flavorText": "When they had the house checked for bugs, they didn't think big enough.", "foreignData": [{"flavorText": "Als sie das Haus auf Ungeziefer untersuchen ließen, dachten sie nicht groß genug.", "identifiers": {"multiverseId": "589648", "scryfallId": "96f5a716-5142-4a0b-ae97-fc1532e29c58"}, "language": "German", "multiverseId": 589648, "name": "Rasantes Wachstum", "text": "Durchsuche deine Bibliothek nach einer Standardland-Karte, bringe sie ins Spiel und mische danach. Bis zum Ende des Zuges wird das Land zu einer 4/3 Insekt-Kreatur mit Reichweite und Eile. Es ist immer noch ein Land.", "type": "Spontanzauber"}, {"flavorText": "Cuando registraron la casa en busca de insectos, no pensaron a lo grande.", "identifiers": {"multiverseId": "589699", "scryfallId": "be3d0b08-8a98-44a9-9130-73427a43004b"}, "language": "Spanish", "multiverseId": 589699, "name": "Crecimiento devastador", "text": "Busca en tu biblioteca una carta de tierra básica, ponla en el campo de batalla y luego baraja. Hasta el final del turno, esa tierra se convierte en una criatura Insecto 4/3 con las habilidades de alcance y prisa. Sigue siendo una tierra.", "type": "Instantáneo"}, {"flavorText": "Quand ils firent inspecter la maison pour vérifier la présence d'insectes, ils n'avaient pas vu assez grand.", "identifiers": {"multiverseId": "589750", "scryfallId": "e0458006-86fe-4593-96fd-0fb847740820"}, "language": "French", "multiverseId": 589750, "name": "Croissance effrénée", "text": "Cherchez dans votre bibliothèque une carte de terrain de base, mettez-la sur le champ de bataille, puis mélangez. Jusqu'à la fin du tour, ce terrain devient une créature 4/3 Insecte avec la portée et la célérité. C'est toujours un terrain.", "type": "Éphémère"}, {"flavorText": "Quando controllarono se la casa fosse infestata dagli insetti, non pensarono abbastanza in grande.", "identifiers": {"multiverseId": "589801", "scryfallId": "9f7212f2-0886-4e6c-9fbc-d1ebe811f319"}, "language": "Italian", "multiverseId": 589801, "name": "Crescita Scatenata", "text": "Passa in rassegna il tuo grimorio per una carta terra base, mettila sul campo di battaglia, poi rimescola. Fino alla fine del turno, quella terra diventa una creatura Insetto 4/3 con raggiungere e rapidità. È ancora una terra.", "type": "Istantaneo"}, {"flavorText": "害虫駆除で家を点検したときは、事の重大さを過小評価していた。", "identifiers": {"multiverseId": "589852", "scryfallId": "f03c76e3-8603-4480-9e24-b005bb514741"}, "language": "Japanese", "multiverseId": 589852, "name": "猛り狂う成長", "text": "あなたのライブラリーから基本土地・カード１枚を探し、戦場に出す。その後、ライブラリーを切り直す。ターン終了時まで、その土地は到達と速攻を持つ４/３の昆虫・クリーチャーになる。それは土地でもある。", "type": "インスタント"}, {"flavorText": "当他们为房屋除虫时，没想过事情会搞成这么大。", "identifiers": {"multiverseId": "590005", "scryfallId": "9d52862f-4a75-4ddc-b465-f197d1675837"}, "language": "Chinese Simplified", "multiverseId": 590005, "name": "莽闯成长", "text": "从你牌库中搜寻一张基本地牌，将之放进战场，然后洗牌。直到回合结束，该地成为4/3，具延势与敏捷异能的昆虫生物。它仍然是地。", "type": "瞬间"}], "frameVersion": "2015", "hasFoil": false, "hasNonFoil": true, "identifiers": {"cardsphereId": "97019", "mcmId": "686428", "mcmMetaId": "414716", "mtgjsonV4Id": "f41598b2-fd8e-52fb-9420-3e859dc2e983", "multiverseId": "589597", "scryfallCardBackId": "0aeebaf5-8c7d-4636-9e82-8c27447861f7", "scryfallId": "57218779-7e18-4fa2-a0bb-c07052951a78", "scryfallIllustrationId": "e38567fa-b8f6-4675-9539-05fee6200ce1", "scryfallOracleId": "acd81d2c-e438-44db-86eb-32fc9cb3fd8f", "tcgplayerProductId": "455012"}, "isFoil": false, "language": "English", "layout": "normal", "legalities": {"commander": "Legal", "duel": "Legal", "legacy": "Legal", "oathbreaker": "Legal", "vintage": "Legal"}, "manaCost": "{3}{G}", "manaValue": 4.0, "name": "Rampaging Growth", "number": "43", "originalText": "Search your library for a basic land card, put it onto the battlefield, then shuffle. Until end of turn, that land becomes a 4/3 Insect creature with reach and haste. It's still a land.", "originalType": "Instant", "printings": ["J22"], "purchaseUrls": {"cardmarket": "https://mtgjson.com/links/a0d4a33fa6c28aa4", "tcgplayer": "https://mtgjson.com/links/79225237aa0971a8"}, "rarity": "uncommon", "setCode": "J22", "sourceProducts": {"nonfoil": ["31fd15cb-48ac-52b8-8f3c-84968a601869"]}, "subtypes": [], "supertypes": [], "text": "Search your library for a basic land card, put it onto the battlefield, then shuffle. Until end of turn, that land becomes a 4/3 Insect creature with reach and haste. It's still a land.", "type": "Instant", "types": ["Instant"], "uuid": "09fc5efd-3c5a-5eef-8a91-abbb4988a11b"}, {"artist": "Viktor Titov", "artistIds": ["2270c0b0-afb4-42b0-bcb6-25fe4ad6eef2"], "availability": ["paper"], "boosterTypes": ["default"], "borderColor": "black", "colorIdentity": ["G"], "colors": ["G"], "convertedManaCost": 3.0, "count": 1, "edhrecRank": 5712, "edhrecSaltiness": 0.11, "finishes": ["nonfoil"], "foreignData": [{"identifiers": {"multiverseId": "592919", "scryfallId": "1b843102-1cff-40d9-9b32-eef2bc3ca331"}, "language": "German", "multiverseId": 592919, "name": "Herausforderndes Gebrüll", "text": "Alle Kreaturen, die eine Kreatur deiner Wahl in diesem Zug blocken können, tun dies.\nWildheit — Die Kreatur erhält Unzerstörbarkeit bis zum Ende des Zuges, falls du eine Kreatur mit Stärke 4 oder mehr kontrollierst. (Schaden und Effekte, die „zerstören\", zerstören sie nicht.)", "type": "Hexerei"}, {"identifiers": {"multiverseId": "593040", "scryfallId": "3e999959-49eb-4655-a93c-7dd504c84e01"}, "language": "Spanish", "multiverseId": 593040, "name": "Rugido de desafío", "text": "Todas las criaturas que puedan bloquear a la criatura objetivo este turno lo hacen.\nFerocidad — Esa criatura gana la habilidad de indestructible hasta el final del turno si controlas una criatura con fuerza de 4 o más. (El daño y los efectos que dicen \"destruir\" no la destruyen.)", "type": "Conjuro"}, {"identifiers": {"multiverseId": "593161", "scryfallId": "1c89787b-79a4-49b0-899c-e2582e9b991c"}, "language": "French", "multiverseId": 593161, "name": "Rugissement de défi", "text": "Toutes les créatures capables de bloquer une créature ciblée ce tour-ci le font.\nFérocité — Cette créature acquiert l'indestructible jusqu'à la fin du tour si vous contrôlez une créature de force supérieure ou égale à 4. (Les blessures et les effets qui disent « détruisez » ne la détruisent pas.)", "type": "Rituel"}, {"identifiers": {"multiverseId": "593282", "scryfallId": "93ba3340-a1f1-47cd-9540-d530c120faf7"}, "language": "Italian", "multiverseId": 593282, "name": "Ruggito di Sfida", "text": "Tutte le creature in grado di bloccare una creatura bersaglio in questo turno lo fanno.\nFerocia — Quella creatura ha indistruttibile fino alla fine del turno se controlli una creatura con forza pari o superiore a 4. (Il danno e gli effetti che dicono \"distruggi\" non la distruggono.)", "type": "Stregoneria"}, {"identifiers": {"multiverseId": "593403", "scryfallId": "2b9d417e-3335-4fe3-b66a-5e984b460ea4"}, "language": "Japanese", "multiverseId": 593403, "name": "挑発の咆哮", "text": "クリーチャー１体を対象とする。このターン、それをブロックできるすべてのクリーチャーは、それをブロックする。\n獰猛 ― あなたがパワーが４以上であるクリーチャーをコントロールしているなら、ターン終了時まで、その対象としたクリーチャーは破壊不能を得る。（ダメージや「破壊」と書かれた効果では、それは破壊されない。）", "type": "ソーサリー"}, {"identifiers": {"multiverseId": "593766", "scryfallId": "289e87f2-4425-4113-b288-f5227bcfac52"}, "language": "Chinese Simplified", "multiverseId": 593766, "name": "挑战之吼", "text": "本回合中，所有能阻挡目标生物的生物皆须阻挡之。\n威猛～如果你操控力量等于或大于4的生物，则该目标生物获得不灭异能直到回合结束。（伤害与注明「消灭」的效应不会将它消灭。）", "type": "法术"}], "frameVersion": "2015", "hasFoil": false, "hasNonFoil": true, "identifiers": {"cardsphereId": "97336", "mcmId": "686898", "mcmMetaId": "210387", "mtgjsonV4Id": "16cadd47-9ad4-5cc9-bdb1-13a438d1fff4", "multiverseId": "592798", "scryfallCardBackId": "0aeebaf5-8c7d-4636-9e82-8c27447861f7", "scryfallId": "c6f303e0-4832-4d8d-b1b1-9ff16283f4b5", "scryfallIllustrationId": "e0699c83-dc02-49b7-82bb-5502d830a417", "scryfallOracleId": "9d83a1d3-ef0f-4134-a38b-c992d396592b", "tcgplayerProductId": "455469"}, "isFoil": false, "isReprint": true, "keywords": ["Ferocious"], "language": "English", "layout": "normal", "legalities": {"brawl": "Legal", "commander": "Legal", "duel": "Legal", "explorer": "Legal", "gladiator": "Legal", "historic": "Legal", "legacy": "Legal", "modern": "Legal", "oathbreaker": "Legal", "pioneer": "Legal", "timeless": "Legal", "vintage": "Legal"}, "manaCost": "{2}{G}", "manaValue": 3.0, "name": "Roar of Challenge", "number": "720", "originalText": "All creatures able to block target creature this turn do so.\nFerocious — That creature gains indestructible until end of turn if you control a creature with power 4 or greater. (Damage and effects that say \"destroy\" don't destroy it.)", "originalType": "Sorcery", "printings": ["J22", "KTK"], "purchaseUrls": {"cardmarket": "https://mtgjson.com/links/1ea4ddf710af27cf", "tcgplayer": "https://mtgjson.com/links/95ab3687402bfa3a"}, "rarity": "uncommon", "rulings": [{"date": "2014-09-20", "text": "Ferocious abilities of instants and sorceries that don’t use the word “instead” will provide an additional effect if you control a creature with power 4 or greater as they resolve."}, {"date": "2014-09-20", "text": "If, during the declare blockers step, a creature is tapped or is affected by a spell or ability that says it can’t block, then it doesn’t block. If there’s a cost associated with having that creature block, its controller isn’t forced to pay that cost. If the player doesn’t, the creature doesn’t block in that case either."}, {"date": "2014-09-20", "text": "Roar of Challenge doesn’t give any creatures the ability to block the target creature. It just forces those creatures that are already able to block the creature to do so."}, {"date": "2014-09-20", "text": "Some ferocious abilities that appear on instants and sorceries use the word “instead.” These spells have an upgraded effect if you control a creature with power 4 or greater as they resolve. For these, you only get the upgraded effect, not both effects."}], "setCode": "J22", "sourceProducts": {"nonfoil": ["31fd15cb-48ac-52b8-8f3c-84968a601869"]}, "subtypes": [], "supertypes": [], "text": "All creatures able to block target creature this turn do so.\nFerocious — That creature gains indestructible until end of turn if you control a creature with power 4 or greater.", "type": "Sorcery", "types": ["Sorcery"], "uuid": "cb9aba3a-16ab-53a9-8d7c-d11925df721c"}, {"artist": "Wesley Burt", "artistIds": ["b98c9d94-8bdb-49af-871d-7bac92274535"], "availability": ["paper"], "boosterTypes": ["default"], "borderColor": "black", "colorIdentity": ["G"], "colors": ["G"], "convertedManaCost": 2.0, "count": 1, "edhrecRank": 9563, "edhrecSaltiness": 0.12, "finishes": ["nonfoil"], "foreignData": [{"identifiers": {"multiverseId": "592922", "scryfallId": "7246345d-73bf-489a-8d45-398b34aa5736"}, "language": "German", "multiverseId": 592922, "name": "Brutaler Fausthieb", "text": "Eine Kreatur deiner Wahl, die du kontrollierst, kämpft gegen eine Kreatur deiner Wahl, die du nicht kontrollierst.\nWildheit — Bevor sie kämpft, erhält die Kreatur, die du kontrollierst, +2/+2 bis zum Ende des Zuges, falls du eine Kreatur mit Stärke 4 oder mehr kontrollierst. (Jede fügt der anderen Schadenspunkte in Höhe ihrer Stärke zu.)", "type": "Hexerei"}, {"identifiers": {"multiverseId": "593043", "scryfallId": "655b8004-2cd2-4aa0-bb08-bc7b49aeac2e"}, "language": "Spanish", "multiverseId": 593043, "name": "Puñetazo salvaje", "text": "La criatura objetivo que controlas lucha contra la criatura objetivo que no controlas.\nFerocidad — La criatura que controlas obtiene +2/+2 hasta el final del turno antes de luchar si controlas una criatura con fuerza de 4 o más. (Cada una hace un daño igual a su fuerza a la otra.)", "type": "Conjuro"}, {"identifiers": {"multiverseId": "593164", "scryfallId": "3c22e63c-a4d5-46a3-9898-4ee097568921"}, "language": "French", "multiverseId": 593164, "name": "Coup de poing sauvage", "text": "Une créature ciblée que vous contrôlez se bat contre une créature ciblée que vous ne contrôlez pas.\nFérocité — La créature que vous contrôlez gagne +2/+2 jusqu'à la fin du tour avant qu'elle ne se batte si vous contrôlez une créature avec une force supérieure ou égale à 4. (Chacune inflige un nombre de blessures égal à sa force à l'autre.)", "type": "Rituel"}, {"identifiers": {"multiverseId": "593285", "scryfallId": "d3453703-73c3-4001-8a79-57bfed656641"}, "language": "Italian", "multiverseId": 593285, "name": "Pugno Selvaggio", "text": "Una creatura bersaglio che controlli lotta con una creatura bersaglio che non controlli.\nFerocia — La creatura che controlli prende +2/+2 fino alla fine del turno prima di lottare se controlli una creatura con forza pari o superiore a 4. (Ogni creatura infligge all'altra danno pari alla propria forza.)", "type": "Stregoneria"}, {"identifiers": {"multiverseId": "593406", "scryfallId": "9e693650-3ac2-49dd-b49e-522a02b2579d"}, "language": "Japanese", "multiverseId": 593406, "name": "凶暴な殴打", "text": "あなたがコントロールしているクリーチャー１体と、あなたがコントロールしていないクリーチャー１体を対象とする。その前者はその後者と格闘を行う。\n獰猛 ― あなたがパワーが４以上であるクリーチャーをコントロールしているなら、格闘を行う前に、ターン終了時まで、その前者は＋２/＋２の修整を受ける。（それぞれはもう一方に自身のパワーに等しい点数のダメージを与える。）", "type": "ソーサリー"}, {"identifiers": {"multiverseId": "593769", "scryfallId": "fba16a9f-5821-4a0e-b2b2-6b3a37a5f6d4"}, "language": "Chinese Simplified", "multiverseId": 593769, "name": "蛮野殴击", "text": "目标由你操控的生物与目标不由你操控的生物互斗。\n威猛～如果你操控力量等于或大于4的生物，则该目标由你操控的生物在互斗前得+2/+2直到回合结束。（它们各向对方造成等同于本身力量的伤害。）", "type": "法术"}], "frameVersion": "2015", "hasFoil": false, "hasNonFoil": true, "identifiers": {"cardsphereId": "97401", "mcmId": "686977", "mcmMetaId": "210290", "mtgjsonV4Id": "37b471b8-21f7-522f-aa32-95ffcf411972", "multiverseId": "592801", "scryfallCardBackId": "0aeebaf5-8c7d-4636-9e82-8c27447861f7", "scryfallId": "39db8020-86a6-4ff2-8715-654121c2f3a2", "scryfallIllustrationId": "a088b0ad-17e1-41bc-a6eb-aa33d1a8ef88", "scryfallOracleId": "3ca58e01-21c6-4314-ab3d-280ba6f9f509", "tcgplayerProductId": "455473"}, "isFoil": false, "isReprint": true, "keywords": ["Ferocious", "Fight"], "language": "English", "layout": "normal", "legalities": {"brawl": "Legal", "commander": "Legal", "duel": "Legal", "explorer": "Legal", "gladiator": "Legal", "historic": "Legal", "legacy": "Legal", "modern": "Legal", "oathbreaker": "Legal", "pauper": "Legal", "paupercommander": "Legal", "pioneer": "Legal", "timeless": "Legal", "vintage": "Legal"}, "manaCost": "{1}{G}", "manaValue": 2.0, "name": "Savage Punch", "number": "723", "originalText": "Target creature you control fights target creature you don't control.\nFerocious — The creature you control gets +2/+2 until end of turn before it fights if you control a creature with power 4 or greater. (Each deals damage equal to its power to the other.)", "originalType": "Sorcery", "printings": ["J22", "KTK", "PLST"], "purchaseUrls": {"cardmarket": "https://mtgjson.com/links/8af2ff95639c52d6", "tcgplayer": "https://mtgjson.com/links/7220cc7b8262dae8"}, "rarity": "common", "rulings": [{"date": "2014-09-20", "text": "Assuming the ferocious ability applies, if just the creature you control is an illegal target when Savage Punch tries to resolve, it won’t get +2/+2 until end of turn. If the creature you control is a legal target but the creature you don’t control isn’t, the creature you control will get +2/+2 until end of turn."}, {"date": "2014-09-20", "text": "Ferocious abilities of instants and sorceries that don’t use the word “instead” will provide an additional effect if you control a creature with power 4 or greater as they resolve."}, {"date": "2014-09-20", "text": "If either target is an illegal target when Savage Punch tries to resolve, neither creature will deal or be dealt damage."}, {"date": "2014-09-20", "text": "Some ferocious abilities that appear on instants and sorceries use the word “instead.” These spells have an upgraded effect if you control a creature with power 4 or greater as they resolve. For these, you only get the upgraded effect, not both effects."}, {"date": "2014-09-20", "text": "You can’t cast Savage Punch unless you target both a creature you control and a creature you don’t control."}], "setCode": "J22", "sourceProducts": {"nonfoil": ["31fd15cb-48ac-52b8-8f3c-84968a601869"]}, "subtypes": [], "supertypes": [], "text": "Target creature you control fights target creature you don't control.\nFerocious — The creature you control gets +2/+2 until end of turn before it fights if you control a creature with power 4 or greater.", "type": "Sorcery", "types": ["Sorcery"], "uuid": "6aa480c9-a679-5f05-b9ae-a667a084eaec"}, {"artist": "Tetsu Kurosawa", "artistIds": ["f0b3d873-ea65-4163-ad7a-e49617184b5c"], "availability": ["paper"], "boosterTypes": ["default"], "borderColor": "black", "colorIdentity": ["G"], "colors": ["G"], "convertedManaCost": 3.0, "count": 1, "edhrecRank": 861, "edhrecSaltiness": 0.12, "finishes": ["nonfoil"], "flavorText": "\"Wow, it's even *bigger* than I thought! Awesome!\"", "foreignData": [{"flavorText": "„Wow, es ist sogar *noch größer*, als ich dachte! Beeindruckend!\"", "identifiers": {"multiverseId": "597116", "scryfallId": "85dc23f4-d660-4928-9a89-90fff0ebea89"}, "language": "German", "multiverseId": 597116, "name": "Kolossale Erhabenheit", "text": "Zu Beginn deines Versorgungssegments und falls du eine Kreatur mit Stärke 4 oder mehr kontrollierst, ziehe eine Karte.", "type": "Verzauberung"}, {"flavorText": "\"¡Es incluso más grande de lo que pensaba!** ¡Genial!\".", "identifiers": {"multiverseId": "597162", "scryfallId": "817ffc05-0a5d-4a64-9e5b-4a24d70113cd"}, "language": "Spanish", "multiverseId": 597162, "name": "Majestad colosal", "text": "Al comienzo de tu mantenimiento, si controlas una criatura con fuerza de 4 o más, roba una carta.", "type": "Encantamiento"}, {"flavorText": "« Il est encore *plus grand* que ce que je pensais ! Génial ! »", "identifiers": {"multiverseId": "597208", "scryfallId": "2bb38b3a-c5ee-4cf9-adf0-9cc15c54c452"}, "language": "French", "multiverseId": 597208, "name": "Majesté colossale", "text": "Au début de votre entretien, si vous contrôlez une créature de force supérieure ou égale à 4, piochez une carte.", "type": "Enchantement"}, {"flavorText": "\"Wow, è persino *più gigantesco* di quanto pensassi! Fantastico!\"", "identifiers": {"multiverseId": "597254", "scryfallId": "df7f0c4e-a6c9-485a-9300-11aba8705562"}, "language": "Italian", "multiverseId": 597254, "name": "Maestà Colossale", "text": "All'inizio del tuo mantenimento, se controlli una creatura con forza pari o superiore a 4, pesca una carta.", "type": "Incantesimo"}, {"flavorText": "「わあ！ 想像してたより*ずっと*大きい！すごい！」", "identifiers": {"multiverseId": "597300", "scryfallId": "a4653751-3263-4272-aed4-522027413cef"}, "language": "Japanese", "multiverseId": 597300, "name": "巨大な威厳", "text": "あなたのアップキープの開始時に、あなたがパワーが４以上であるクリーチャーをコントロールしている場合、カード１枚を引く。", "type": "エンチャント"}, {"flavorText": "「哇，它比我想的*大多了*！真棒！」", "identifiers": {"multiverseId": "597438", "scryfallId": "d6353aeb-b313-4f81-8e27-1c73a87c7fa6"}, "language": "Chinese Simplified", "multiverseId": 597438, "name": "巨兽扬威", "text": "在你的维持开始时，若你操控力量等于或大于4的生物，则抓一张牌。", "type": "结界"}], "frameVersion": "2015", "hasFoil": false, "hasNonFoil": true, "identifiers": {"cardsphereId": "97316", "mcmId": "687112", "mcmMetaId": "263236", "mtgjsonV4Id": "2528ac77-f305-5096-95c4-468544ab106c", "multiverseId": "597070", "scryfallCardBackId": "0aeebaf5-8c7d-4636-9e82-8c27447861f7", "scryfallId": "4fd1764f-9b62-4977-9fee-1266f0ea01aa", "scryfallIllustrationId": "a3f9fab5-d8f6-493b-a5d2-4fe04bd3c318", "scryfallOracleId": "cac95494-0db0-4bec-8665-998431a6f76b", "tcgplayerProductId": "455356"}, "isFoil": false, "isReprint": true, "language": "English", "layout": "normal", "legalities": {"alchemy": "Legal", "brawl": "Legal", "commander": "Legal", "duel": "Legal", "explorer": "Legal", "gladiator": "Legal", "historic": "Legal", "legacy": "Legal", "modern": "Legal", "oathbreaker": "Legal", "pioneer": "Legal", "timeless": "Legal", "vintage": "Legal"}, "manaCost": "{2}{G}", "manaValue": 3.0, "name": "Colossal Majesty", "number": "87", "originalText": "At the beginning of your upkeep, if you control a creature with power 4 or greater, draw a card.", "originalType": "Enchantment", "printings": ["AFC", "ANB", "C19", "CLU", "J22", "M19"], "purchaseUrls": {"cardmarket": "https://mtgjson.com/links/c90a082935cf1d75", "tcgplayer": "https://mtgjson.com/links/138b2144c69a1c1f"}, "rarity": "uncommon", "rulings": [{"date": "2018-07-13", "text": "If you don't control a creature with power 4 or greater as Colossal Majesty's ability resolves, you won't draw a card."}, {"date": "2018-07-13", "text": "If you don't control a creature with power 4 or greater as your upkeep begins, Colossal Majesty's ability won't trigger. You can't take any actions during your turn before your upkeep begins."}, {"date": "2018-07-13", "text": "The creature with power 4 or greater that you control as Colossal Majesty's ability resolves doesn't have to be the same creature with power 4 or greater that was under your control as the ability triggered."}, {"date": "2018-07-13", "text": "You draw only one card, no matter how many creatures with power 4 or greater you control."}], "setCode": "J22", "sourceProducts": {"nonfoil": ["31fd15cb-48ac-52b8-8f3c-84968a601869"]}, "subtypes": [], "supertypes": [], "text": "At the beginning of your upkeep, if you control a creature with power 4 or greater, draw a card.", "type": "Enchantment", "types": ["Enchantment"], "uuid": "62518ada-ad4a-527b-bbf9-8de7ddbc61bb"}, {"artist": "Ravenna Tran", "artistIds": ["e24bc1d0-446b-45e0-b215-89f581837aa4"], "availability": ["paper"], "boosterTypes": ["default"], "borderColor": "black", "colorIdentity": ["G"], "colors": [], "convertedManaCost": 0.0, "count": 1, "edhrecRank": 1455, "edhrecSaltiness": 0.07, "finishes": ["nonfoil"], "flavorText": "Far from human eyes, birds flit between vivid blossoms in a hidden paradise.", "foreignData": [{"flavorText": "Menschlichen Blicken entzogen, schwirren Vögel in einem verborgenen Paradies zwischen farbenfrohen Blüten umher.", "identifiers": {"multiverseId": "596327", "scryfallId": "b705b5d7-da18-49c2-af9d-62bcbbdf203c"}, "language": "German", "multiverseId": 596327, "name": "Gedeihender Hain", "text": "Der Gedeihende Hain kommt getappt ins Spiel.\nSowie der Gedeihende Hain ins Spiel kommt, bestimme eine Farbe außer Grün.\n{T}: Erzeuge {G} oder ein Mana der bestimmten Farbe.", "type": "Land"}, {"flavorText": "Lejos de la mirada de los humanos, los pájaros revolotean entre flores en un paraíso oculto.", "identifiers": {"multiverseId": "596414", "scryfallId": "ee0a8e22-9dab-419e-8944-e6a3fb38d11f"}, "language": "Spanish", "multiverseId": 596414, "name": "Arboleda floreciente", "text": "La Arboleda floreciente entra al campo de batalla girada.\nEn cuanto la Arboleda floreciente entre al campo de batalla, elige un color que no sea verde.\n{T}: Agrega {G} o un maná del color elegido.", "type": "Tierra"}, {"flavorText": "À l'abri des regards humains, les oiseaux papillonnent entre les fleurs luxuriantes d'un paradis caché.", "identifiers": {"multiverseId": "596501", "scryfallId": "ccebd86b-0ada-421a-bf46-51d4174ad784"}, "language": "French", "multiverseId": 596501, "name": "Bosquet prospère", "text": "Le Bosquet prospère arrive sur le champ de bataille engagé.\nAu moment où le Bosquet prospère arrive sur le champ de bataille, choisissez une couleur autre que le vert.\n{T} : Ajoutez {G} ou un mana de la couleur choisie.", "type": "Terrain"}, {"flavorText": "Al riparo da occhi umani, gli uccellini guizzano tra boccioli dai colori vivaci in un paradiso nascosto.", "identifiers": {"multiverseId": "596588", "scryfallId": "63cfc4a4-4cd0-4f11-b0d8-1417212fc903"}, "language": "Italian", "multiverseId": 596588, "name": "Boschetto Florido", "text": "Il Boschetto Florido entra nel campo di battaglia TAPpato.\nMentre il Boschetto Florido entra nel campo di battaglia, scegli un colore diverso dal verde.\n{T}: Aggiungi {G} o un mana del colore scelto.", "type": "Terra"}, {"flavorText": "人の目に触れないこの知られざる楽園で、鳥たちは鮮やかな花々の間を飛び交っている。", "identifiers": {"multiverseId": "596675", "scryfallId": "36eff7e5-edd6-4a7d-8d87-9d5e0204edd3"}, "language": "Japanese", "multiverseId": 596675, "name": "興隆する木立", "text": "興隆する木立はタップ状態で戦場に出る。\n興隆する木立が戦場に出るに際し、緑でない色１色を選ぶ。\n{T}：{G}か、その選ばれた色１色のマナ１点を加える。", "type": "土地"}, {"flavorText": "人类视界之外还有一片隐蔽乐土，此处鸟语花香，绿意盎然。", "identifiers": {"multiverseId": "596936", "scryfallId": "882deb48-9baf-4827-b5c6-64303fb03e31"}, "language": "Chinese Simplified", "multiverseId": 596936, "name": "兴旺树丛", "text": "兴旺树丛须横置进战场。\n于兴旺树丛进战场时，选择一种绿色以外的颜色。\n{T}：加{G}或一点所选颜色的法术力。", "type": "地"}], "frameVersion": "2015", "hasFoil": false, "hasNonFoil": true, "identifiers": {"cardsphereId": "96851", "mcmId": "687385", "mcmMetaId": "308469", "mtgjsonV4Id": "d5b908b5-70e3-501d-92e5-baaf6f720ef9", "multiverseId": "596240", "scryfallCardBackId": "0aeebaf5-8c7d-4636-9e82-8c27447861f7", "scryfallId": "23829580-9ae9-41c1-9b58-aea07389110d", "scryfallIllustrationId": "1923327d-f432-4e93-bdea-f0280263e7f5", "scryfallOracleId": "a8052556-8962-4130-86a8-6fb7b6a324f7", "tcgplayerProductId": "454931"}, "isFoil": false, "isReprint": true, "language": "English", "layout": "normal", "legalities": {"brawl": "Legal", "commander": "Legal", "duel": "Legal", "gladiator": "Legal", "historic": "Legal", "legacy": "Legal", "oathbreaker": "Legal", "pauper": "Legal", "paupercommander": "Legal", "timeless": "Legal", "vintage": "Legal"}, "manaValue": 0.0, "name": "Thriving Grove", "number": "823", "originalText": "Thriving Grove enters the battlefield tapped.\nAs Thriving Grove enters the battlefield, choose a color other than green.\n{T}: Add {G} or one mana of the chosen color.", "originalType": "Land", "printings": ["AFC", "BLC", "CLU", "CMM", "J22", "JMP", "LCC", "NCC", "WHO"], "purchaseUrls": {"cardmarket": "https://mtgjson.com/links/fd12643b1ee5a483", "tcgplayer": "https://mtgjson.com/links/a9d580edaafd0be2"}, "rarity": "common", "setCode": "J22", "sourceProducts": {"nonfoil": ["31fd15cb-48ac-52b8-8f3c-84968a601869"]}, "subtypes": [], "supertypes": [], "text": "Thriving Grove enters tapped. As it enters, choose a color other than green.\n{T}: Add {G} or one mana of the chosen color.", "type": "Land", "types": ["Land"], "uuid": "da0d956f-c612-5cc9-a850-a87e8c2a20a7"}, {"artist": "Volkan Baǵa", "artistIds": ["93bec3c0-0260-4d31-8064-5d01efb4153f"], "availability": ["paper"], "boosterTypes": ["default"], "borderColor": "black", "colorIdentity": ["G"], "colors": [], "convertedManaCost": 0.0, "count": 7, "edhrecSaltiness": 0.35, "finishes": ["nonfoil"], "foreignData": [{"identifiers": {"multiverseId": "597772", "scryfallId": "1581c64c-386e-4285-af5d-b88978f188a1"}, "language": "German", "multiverseId": 597772, "name": "Wald", "type": "Standardland — Wald"}, {"identifiers": {"multiverseId": "597787", "scryfallId": "949dec17-2c57-44af-9dcf-9682354df195"}, "language": "Spanish", "multiverseId": 597787, "name": "Bosque", "type": "Tierra básica — Bosque"}, {"identifiers": {"multiverseId": "597802", "scryfallId": "92c76b6c-a372-470b-b8ba-d97053cbb5c6"}, "language": "French", "multiverseId": 597802, "name": "Forêt", "type": "Terrain de base : forêt"}, {"identifiers": {"multiverseId": "597817", "scryfallId": "376c878e-c382-41a2-a5aa-7689860a3e45"}, "language": "Italian", "multiverseId": 597817, "name": "Foresta", "type": "Terra Base — Foresta"}, {"identifiers": {"multiverseId": "597832", "scryfallId": "3f726af8-5a1d-4259-b6e2-8094eb9e74f1"}, "language": "Japanese", "multiverseId": 597832, "name": "森", "type": "基本土地 — 森"}, {"identifiers": {"multiverseId": "597877", "scryfallId": "00b26627-a76c-44ce-90fe-e8030c4dbb41"}, "language": "Chinese Simplified", "multiverseId": 597877, "name": "树林", "type": "基本地 ～树林"}], "frameVersion": "2015", "hasFoil": false, "hasNonFoil": true, "identifiers": {"cardsphereId": "97102", "mtgjsonV4Id": "e473f4f0-1e77-55bd-a820-7f9c034a944a", "multiverseId": "597757", "scryfallCardBackId": "0aeebaf5-8c7d-4636-9e82-8c27447861f7", "scryfallId": "cee97ab6-8e81-4396-a788-db0ed0da62d2", "scryfallIllustrationId": "5588ba98-4d59-4f11-b317-9de705fd74a8", "scryfallOracleId": "b34bb2dc-c1af-4d77-b0b3-a0fb342a5fc6", "tcgplayerProductId": "455154"}, "isFoil": false, "isReprint": true, "language": "English", "layout": "normal", "legalities": {"alchemy": "Legal", "brawl": "Legal", "commander": "Legal", "duel": "Legal", "explorer": "Legal", "future": "Legal", "gladiator": "Legal", "historic": "Legal", "legacy": "Legal", "modern": "Legal", "oathbreaker": "Legal", "pauper": "Legal", "paupercommander": "Legal", "penny": "Legal", "pioneer": "Legal", "predh": "Legal", "premodern": "Legal", "standard": "Legal", "standardbrawl": "Legal", "timeless": "Legal", "vintage": "Legal"}, "manaValue": 0.0, "name": "Forest", "number": "110", "originalType": "Basic Land — Forest", "printings": ["10E", "2ED", "2XM", "30A", "3ED", "40K", "4BB", "4ED", "5ED", "6ED", "7ED", "8ED", "9ED", "ACR", "AFR", "AKH", "AKR", "ALA", "ANA", "ANB", "ARC", "ATH", "AVR", "BBD", "BFZ", "BLB", "BRB", "BRO", "BTD", "C13", "C14", "C15", "C16", "C17", "C18", "C19", "CED", "CEI", "CHK", "CLB", "CLU", "CM2", "CMA", "CMD", "CMM", "CMR", "CST", "DD1", "DDD", "DDE", "DDG", "DDH", "DDJ", "DDL", "DDM", "DDO", "DDP", "DDR", "DDS", "DDU", "DKM", "DMR", "DMU", "DOM", "DPA", "DSK", "DTK", "E01", "ELD", "EVG", "FBB", "FRF", "G17", "GK1", "GK2", "GN2", "GN3", "GNT", "GRN", "GS1", "GVL", "H09", "HBG", "HOP", "HOU", "ICE", "IKO", "INV", "ISD", "ITP", "J14", "J22", "JMP", "KHM", "KLD", "KLR", "KTK", "LCI", "LEA", "LEB", "LRW", "LTR", "M10", "M11", "M12", "M13", "M14", "M15", "M19", "M20", "M21", "MBS", "ME1", "ME3", "MH2", "MH3", "MID", "MIR", "MKM", "MMQ", "MOM", "MRD", "NEO", "NPH", "ODY", "OLEP", "ONE", "ONS", "ORI", "OTJ", "P02", "P23", "PAL00", "PAL01", "PAL03", "PAL04", "PAL05", "PAL06", "PAL99", "PALP", "PANA", "PARL", "PC2", "PCA", "PELP", "PF19", "PF20", "PGPX", "PGRU", "PIP", "PLST", "PMPS", "PMPS06", "PMPS07", "PMPS08", "PMPS09", "PMPS10", "PMPS11", "POR", "PPP1", "PRM", "PRW2", "PRWK", "PS11", "PSAL", "PSS2", "PSS3", "PSS4", "PTC", "PTK", "PZ2", "RAV", "REX", "RIX", "RNA", "ROE", "RQS", "RTR", "S99", "SCD", "SHM", "SIR", "SLD", "SNC", "SOI", "SOM", "STX", "SUM", "TD0", "TD2", "THB", "THS", "TMP", "TPR", "TSP", "UGL", "UND", "UNF", "UNH", "USG", "UST", "VOW", "WAR", "WC00", "WC01", "WC02", "WC03", "WC04", "WC97", "WC98", "WC99", "WHO", "WOE", "XANA", "XLN", "ZEN", "ZNR"], "purchaseUrls": {"tcgplayer": "https://mtgjson.com/links/a273fde1af7320f0"}, "rarity": "common", "setCode": "J22", "sourceProducts": {"nonfoil": ["31fd15cb-48ac-52b8-8f3c-84968a601869"]}, "subtypes": ["Forest"], "supertypes": ["Basic"], "text": "({T}: Add {G}.)", "type": "Basic Land — Forest", "types": ["Land"], "uuid": "08bb8f11-5a93-5121-9f05-f55d07e2dc6c", "variations": ["bda821c9-421f-5543-b713-e1d664914488", "4a472a30-00d1-56f4-b8d2-cc23f616fcf6"]}], "name": "Ferocious 1", "releaseDate": "2022-12-02", "sealedProductUuids": null, "sideBoard": [], "type": "Jumpstart"}}