{"meta": {"date": "2024-09-03", "version": "5.2.2+20240903"}, "data": {"code": "UDS", "commander": [], "mainBoard": [{"artist": "Rebecca Guay", "artistIds": ["f8f662fa-d597-46a3-afb2-91d6e13243e2"], "availability": ["mtgo", "paper"], "boosterTypes": ["default"], "borderColor": "black", "colorIdentity": ["G"], "colors": ["G"], "convertedManaCost": 1.0, "count": 2, "edhrecRank": 15739, "finishes": ["nonfoil"], "flavorText": "Bring the spear of ancient briar;\nBring the torch to light the pyre.\nBring the one who trod our ground;\nBring the spade to dig his mound.", "foreignData": [{"identifiers": {"scryfallId": "641d0c32-67d2-46a8-8533-3fbed5693e74"}, "language": "German", "name": "Elfendichter", "text": "{G}, {T}, opfere den Elfendichter: Zerstöre eine Verzauberung Deiner Wahl.", "type": "Beschwörung eines Elfen"}, {"identifiers": {"scryfallId": "b99dac83-2cb7-4354-99b2-270db03e7f1b"}, "language": "Spanish", "name": "Lirista élfica"}, {"identifiers": {"scryfallId": "b7a24e25-ddc0-4e5b-9cef-36ccbd3e31bb"}, "language": "French", "name": "Lyriste elfe"}, {"identifiers": {"scryfallId": "473991c4-8203-4e56-8b22-b25f8d8720e5"}, "language": "Italian", "name": "Lirico Elfico"}, {"identifiers": {"scryfallId": "124be7f3-8065-405a-912a-8cad60f861d7"}, "language": "Japanese", "name": "エルフの抒情詩人"}, {"identifiers": {"scryfallId": "96265a9e-60d3-451b-8a0b-aaee84f8251e"}, "language": "Portuguese (Brazil)", "name": "Elfo Lirista"}], "frameVersion": "1997", "hasFoil": false, "hasNonFoil": true, "identifiers": {"cardsphereId": "46564", "mcmId": "10455", "mcmMetaId": "1762", "mtgjsonV4Id": "8dc9aeee-fad7-5076-9107-4e3d71e056e8", "mtgoFoilId": "12078", "mtgoId": "12077", "multiverseId": "5774", "scryfallCardBackId": "0aeebaf5-8c7d-4636-9e82-8c27447861f7", "scryfallId": "1c63ea60-4ce0-4dc7-bda6-7f623b0f9e2a", "scryfallIllustrationId": "fb32b0a5-44c5-4f1e-afd7-f5fd09ad53a2", "scryfallOracleId": "e0de1c9b-f71f-4498-a968-d3c635cb4c5c", "tcgplayerProductId": "6858"}, "isFoil": false, "language": "English", "layout": "normal", "legalities": {"commander": "Legal", "duel": "Legal", "legacy": "Legal", "modern": "Legal", "oathbreaker": "Legal", "pauper": "Legal", "paupercommander": "Legal", "predh": "Legal", "premodern": "Legal", "vintage": "Legal"}, "manaCost": "{G}", "manaValue": 1.0, "name": "Elvish Lyrist", "number": "248", "originalText": "o\nG, oc\nT, Sacrifice Elvish Lyrist: Destroy target enchantment.", "originalType": "Summon - Elf", "power": "1", "printings": ["7ED", "8ED", "BRB", "PRM", "PSUS", "USG", "WC99"], "purchaseUrls": {"cardmarket": "https://mtgjson.com/links/a8691c38f67b69ef", "tcgplayer": "https://mtgjson.com/links/3b2a1af5fedc1df0"}, "rarity": "common", "setCode": "USG", "sourceProducts": {"nonfoil": ["354f7dd5-ba02-5cb9-92d5-762754bbc748", "96772e6d-0aba-5362-ab10-d5f3f6d23634", "c901ab11-9d40-5fc1-a603-470b42f4b48b"]}, "subtypes": ["Elf"], "supertypes": [], "text": "{G}, {T}, Sacrifice Elvish Lyrist: Destroy target enchantment.", "toughness": "1", "type": "Creature — Elf", "types": ["Creature"], "uuid": "be1742ec-66e5-5e2f-a2e1-425db2c2867c"}, {"artist": "Anson Maddocks", "artistIds": ["634430a7-b5c3-4e4a-b2ac-164e084e47c9"], "availability": ["paper"], "boosterTypes": ["default"], "borderColor": "white", "colorIdentity": ["G"], "colors": ["G"], "convertedManaCost": 1.0, "count": 4, "edhrecRank": 62, "edhrecSaltiness": 0.14, "finishes": ["nonfoil"], "flavorText": "One bone broken for every twig snapped underfoot.\n—Llanowar penalty for trespassing", "foreignData": [{"identifiers": {"scryfallId": "c3ec0963-9f93-4bb2-9db0-a6baff65f6cf"}, "language": "German", "name": "Llanowarelfen", "text": "{T}: Erhöhe Deinen Manavorrat um G.", "type": "Kreatur — Elf"}, {"identifiers": {"scryfallId": "86cc0b84-9a29-4e14-8db9-70f5e6ac869f"}, "language": "Spanish", "name": "Elfos de Llanowar"}, {"identifiers": {"scryfallId": "fed084e4-28cb-4efc-a399-f19c1ec77e1e"}, "language": "French", "name": "Elfes de Llanowar"}, {"identifiers": {"scryfallId": "d6c7eff0-9abd-4ed4-a99e-4fc81d767570"}, "language": "Italian", "name": "Elfi di Llanowar"}, {"identifiers": {"scryfallId": "374abca5-b827-477c-ac21-c5f74c22772b"}, "language": "Japanese", "name": "ラノワールのエルフ"}, {"identifiers": {"scryfallId": "77200c8e-315a-48b8-9deb-9895cad0becf"}, "language": "Portuguese (Brazil)", "name": "Elfos de Llanowar"}], "frameVersion": "1997", "hasFoil": false, "hasNonFoil": true, "identifiers": {"cardsphereId": "1779", "mcmId": "11082", "mtgjsonV4Id": "25760432-a297-5457-95ec-0dc7f9ea09a6", "multiverseId": "14668", "scryfallCardBackId": "0aeebaf5-8c7d-4636-9e82-8c27447861f7", "scryfallId": "bb95a9a7-b0a3-4199-8c05-2519ccda738b", "scryfallIllustrationId": "0593112b-9ba0-4524-a853-52f954cd60f1", "scryfallOracleId": "68954295-54e3-4303-a6bc-fc4547a4e3a3", "tcgplayerProductId": "2639"}, "isFoil": false, "isReprint": true, "language": "English", "layout": "normal", "legalities": {"brawl": "Legal", "commander": "Legal", "duel": "Legal", "explorer": "Legal", "gladiator": "Legal", "historic": "Legal", "legacy": "Legal", "modern": "Legal", "oathbreaker": "Legal", "oldschool": "Legal", "pauper": "Legal", "paupercommander": "Legal", "pioneer": "Legal", "predh": "Legal", "premodern": "Legal", "timeless": "Legal", "vintage": "Legal"}, "manaCost": "{G}", "manaValue": 1.0, "name": "Llanowar Elves", "number": "239", "originalText": "oc\nT: Add o\nG to your mana pool.", "originalType": "Creature - Elf", "power": "1", "printings": ["10E", "2ED", "30A", "3ED", "4BB", "4ED", "5ED", "6ED", "7ED", "9ED", "ATH", "BRB", "BTD", "C14", "CED", "CEI", "CMA", "DD1", "DOM", "EMA", "EVG", "FBB", "FDN", "FNM", "GN3", "GNT", "LEA", "LEB", "M10", "M11", "M12", "M19", "P30H", "PANA", "PDCI", "PDOM", "PLST", "PRES", "PRM", "PTC", "SLD", "SUM", "WC00", "WC01", "WC02", "WC99"], "purchaseUrls": {"tcgplayer": "https://mtgjson.com/links/ecd73d6f68d09303"}, "rarity": "common", "setCode": "6ED", "sourceProducts": {"nonfoil": ["45c579b9-6951-59e1-8d30-f44a600f2a56", "55e22afb-ad7d-52cd-ab52-056e3a9705b0", "8b18a7df-17b2-557c-bb4d-aa66ad5afd8f", "b5ad501f-0aba-503e-ae55-d66e1b27de1b"]}, "subtypes": ["Elf", "Druid"], "supertypes": [], "text": "{T}: Add {G}.", "toughness": "1", "type": "Creature — Elf Druid", "types": ["Creature"], "uuid": "ca44162b-6c9f-53de-9e58-21c5b7a3330d"}, {"artist": "Heather Hudson", "artistIds": ["4441fe52-9e41-40c1-9b74-8510426279ab"], "availability": ["mtgo", "paper"], "boosterTypes": ["default"], "borderColor": "black", "colorIdentity": ["G"], "colors": ["G"], "convertedManaCost": 2.0, "count": 4, "edhrecRank": 2240, "edhrecSaltiness": 0.11, "finishes": ["nonfoil"], "flavorText": "Each flower identical, every leaf and petal disturbingly exact.", "foreignData": [{"identifiers": {"scryfallId": "893dc023-2ee3-4c80-a4d2-2d54285d095c"}, "language": "German", "name": "Blütenmauer", "text": "Ziehe eine Karte, wenn die Blütenmauer ins Spiel kommt.", "type": "Beschwörung einer Mauer"}, {"identifiers": {"scryfallId": "2e6264dc-76c1-47b5-86de-b643e126d835"}, "language": "Spanish", "name": "Muro de flores"}, {"identifiers": {"scryfallId": "898200bc-5dea-49c1-88ab-2d45f254dadd"}, "language": "French", "name": "Mur de fleurs"}, {"identifiers": {"scryfallId": "6eacecfa-1160-4e88-9a9c-b4eb300f07ad"}, "language": "Italian", "name": "Muro di Bocciuoli"}, {"identifiers": {"scryfallId": "35eab7d6-6c39-4b23-938e-16936e744c91"}, "language": "Japanese", "name": "花の壁"}, {"identifiers": {"scryfallId": "321ca47d-b326-43e6-b46c-8fab09803642"}, "language": "Portuguese (Brazil)", "name": "Barreira de Flores"}], "frameVersion": "1997", "hasFoil": false, "hasNonFoil": true, "identifiers": {"cardsphereId": "43061", "mcmId": "9160", "mcmMetaId": "6459", "mtgjsonV4Id": "e721a0ff-62e6-5ecf-b6fe-c9549247d225", "mtgoFoilId": "10434", "mtgoId": "10433", "multiverseId": "5265", "scryfallCardBackId": "0aeebaf5-8c7d-4636-9e82-8c27447861f7", "scryfallId": "7eb4a1a3-efcf-4c9a-ad1f-0a3f8f2b456f", "scryfallIllustrationId": "a4709cb1-a44b-45ba-9914-1a6c60a8dbdb", "scryfallOracleId": "ef4d5fb3-70a3-433d-a9d3-18b2beb8d79f", "tcgplayerProductId": "5443"}, "isFoil": false, "keywords": ["Defender"], "language": "English", "layout": "normal", "legalities": {"brawl": "Legal", "commander": "Legal", "duel": "Legal", "gladiator": "Legal", "historic": "Legal", "legacy": "Legal", "modern": "Legal", "oathbreaker": "Legal", "paupercommander": "Restricted", "predh": "Legal", "premodern": "Legal", "timeless": "Legal", "vintage": "Legal"}, "manaCost": "{1}{G}", "manaValue": 2.0, "name": "Wall of Blossoms", "number": "125", "originalText": "(Walls cannot attack.)\nWhen Wall of Blossoms comes into play, draw a card.", "originalType": "Summon - Wall", "power": "0", "printings": ["C15", "C16", "CMA", "F02", "JMP", "MH1", "PC2", "PCA", "PLST", "PRM", "PZ1", "STH", "TPR", "V13", "WC98"], "purchaseUrls": {"cardmarket": "https://mtgjson.com/links/718cbe5a568c1cee", "tcgplayer": "https://mtgjson.com/links/aca11388aadb9c9a"}, "rarity": "uncommon", "setCode": "STH", "sourceProducts": {"nonfoil": ["424005f9-6be0-57e7-87f4-940a12071a8a"]}, "subtypes": ["Plant", "Wall"], "supertypes": [], "text": "Defender\nWhen Wall of Blossoms enters, draw a card.", "toughness": "4", "type": "Creature — Plant Wall", "types": ["Creature"], "uuid": "bfa2a700-1b2a-5436-a7aa-fe0795f5c033"}, {"artist": "Mark Zug", "artistIds": ["48e2b98c-5467-4671-bd42-4c3746115117"], "availability": ["mtgo", "paper"], "boosterTypes": ["default"], "borderColor": "black", "colorIdentity": ["G"], "colors": ["G"], "convertedManaCost": 3.0, "count": 1, "edhrecRank": 25968, "edhrecSaltiness": 0.12, "finishes": ["nonfoil"], "flavorText": "Mother, sleep / Dream our lives Our roots your soul / Our leaves your bed.", "foreignData": [{"identifiers": {"scryfallId": "9a357e31-1921-42cf-8154-76c6f7a2d2ad"}, "language": "German", "name": "Wiegenwächter", "text": "Verursacht Trampelschaden, Echo", "type": "Beschwörung von Baumhirten"}, {"identifiers": {"scryfallId": "b0364685-51e8-4838-9d18-e55da0dc8966"}, "language": "Spanish", "name": "Guardia de la cuna"}, {"identifiers": {"scryfallId": "82f45082-10f4-4695-adef-cea165ae8fa9"}, "language": "French", "name": "Garde du berceau"}, {"identifiers": {"scryfallId": "2f54127a-3ed4-4134-b6fb-0144864a113a"}, "language": "Italian", "name": "Guardia della Culla"}, {"identifiers": {"scryfallId": "a45486ef-4acb-4611-b01f-c0349b261725"}, "language": "Japanese", "name": "子守り"}, {"identifiers": {"scryfallId": "7eaa5abb-491f-422f-af4e-2476708b3a4c"}, "language": "Portuguese (Brazil)", "name": "Guarda do Berço"}], "frameVersion": "1997", "hasFoil": false, "hasNonFoil": true, "identifiers": {"cardsphereId": "46535", "mcmId": "10452", "mcmMetaId": "1165", "mtgjsonV4Id": "e9b87efe-554a-5701-981c-b37dd174dbb8", "mtgoFoilId": "12452", "mtgoId": "12451", "multiverseId": "5665", "scryfallCardBackId": "0aeebaf5-8c7d-4636-9e82-8c27447861f7", "scryfallId": "8b659c1c-cc0b-40f0-87b4-aeddb44dfac5", "scryfallIllustrationId": "1758353c-db53-421d-9850-e0a85a9348a0", "scryfallOracleId": "846c0867-6f0e-4e44-8f45-8f9720b62065", "tcgplayerProductId": "6829"}, "isFoil": false, "keywords": ["Echo", "Trample"], "language": "English", "layout": "normal", "legalities": {"commander": "Legal", "duel": "Legal", "legacy": "Legal", "oathbreaker": "Legal", "paupercommander": "Restricted", "predh": "Legal", "premodern": "Legal", "vintage": "Legal"}, "manaCost": "{1}{G}{G}", "manaValue": 3.0, "name": "Cradle Guard", "number": "245", "originalText": "Trample; echo (During your next upkeep after this permanent comes under your control, pay its casting cost or sacrifice it.)", "originalType": "Summon - Treefolk", "power": "4", "printings": ["PLST", "USG"], "purchaseUrls": {"cardmarket": "https://mtgjson.com/links/36fb528637699d2b", "tcgplayer": "https://mtgjson.com/links/f26248856f9f0ec8"}, "rarity": "uncommon", "setCode": "USG", "sourceProducts": {"nonfoil": ["24c34c41-34ac-55ba-a4ff-ac9ee44f0366", "287ee793-65db-5cb8-b9e5-7422e7eecdd9", "354f7dd5-ba02-5cb9-92d5-762754bbc748", "96772e6d-0aba-5362-ab10-d5f3f6d23634", "c901ab11-9d40-5fc1-a603-470b42f4b48b"]}, "subtypes": ["Treefolk"], "supertypes": [], "text": "Trample\nEcho {1}{G}{G} (At the beginning of your upkeep, if this came under your control since the beginning of your last upkeep, sacrifice it unless you pay its echo cost.)", "toughness": "4", "type": "Creature — Treefolk", "types": ["Creature"], "uuid": "49f86319-a5ab-5f4f-a158-1e409c44cd83"}, {"artist": "Una Fricker", "artistIds": ["0471a371-1bf8-49f2-8e76-cbe3a0bfa7e8"], "availability": ["paper"], "boosterTypes": ["default"], "borderColor": "white", "colorIdentity": ["G"], "colors": ["G"], "convertedManaCost": 3.0, "count": 2, "edhrecRank": 7311, "edhrecSaltiness": 0.2, "finishes": ["nonfoil"], "flavorText": "\"Is it true that the apes wear furs of gold when they marry?\"\n—Rana, Suq'Ata market fool", "foreignData": [{"identifiers": {"scryfallId": "aa0e5cff-58b5-4520-a0c9-0078d8a78284"}, "language": "German", "name": "Uktabi-Orangutan", "text": "Zerstöre ein Artefakt Deiner Wahl, wenn der Uktabi-Orangutan ins Spiel kommt.", "type": "Kreatur — Menschenaffe"}, {"identifiers": {"scryfallId": "9b67f739-a3e5-416f-b1d0-f06eee244c1d"}, "language": "Spanish", "name": "Orangután de Uktabi"}, {"identifiers": {"scryfallId": "d48c19cc-68c3-4747-b3a2-ac78f36acc08"}, "language": "French", "name": "Orang-outang de l'Ouktabi"}, {"identifiers": {"scryfallId": "75e8b3dd-5593-4ac5-85fb-ecceb4e46344"}, "language": "Italian", "name": "Orango di Uktabi"}, {"identifiers": {"scryfallId": "0fd8d05f-a3ea-4954-9577-bedb4df8091b"}, "language": "Japanese", "name": "ウークタビー・オランウータン"}, {"identifiers": {"scryfallId": "c7f2e075-9723-4652-ae9d-3b29f00c5e5e"}, "language": "Portuguese (Brazil)", "name": "Orangotango de Uktabi"}], "frameVersion": "1997", "hasFoil": false, "hasNonFoil": true, "identifiers": {"cardsphereId": "1916", "mcmId": "11103", "mtgjsonV4Id": "a7e812e1-666c-5ddf-ad3f-3a45fd8f139a", "multiverseId": "14690", "scryfallCardBackId": "0aeebaf5-8c7d-4636-9e82-8c27447861f7", "scryfallId": "b6a944ef-dbf2-47c9-a245-dfd2533a0680", "scryfallIllustrationId": "cb506e13-0599-440a-be3f-6b319c5c6a5e", "scryfallOracleId": "6cc07a7e-e70c-45c5-83c5-a2704e57dbc5", "tcgplayerProductId": "2776"}, "isFoil": false, "isReprint": true, "language": "English", "layout": "normal", "legalities": {"commander": "Legal", "duel": "Legal", "legacy": "Legal", "oathbreaker": "Legal", "paupercommander": "Restricted", "predh": "Legal", "premodern": "Legal", "vintage": "Legal"}, "manaCost": "{2}{G}", "manaValue": 3.0, "name": "Uktabi Orangutan", "number": "260", "originalText": "When Uktabi Orangutan comes into play, destroy target artifact.", "originalType": "Creature - Ape", "power": "2", "printings": ["6ED", "J22", "PAL00", "PRM", "VIS", "WC00", "WC97", "WC98", "WC99"], "purchaseUrls": {"tcgplayer": "https://mtgjson.com/links/a081afe13a9f7054"}, "rarity": "uncommon", "setCode": "6ED", "sourceProducts": {"nonfoil": ["45c579b9-6951-59e1-8d30-f44a600f2a56", "55e22afb-ad7d-52cd-ab52-056e3a9705b0"]}, "subtypes": ["Ape"], "supertypes": [], "text": "When Uktabi Orangutan enters, destroy target artifact.", "toughness": "2", "type": "Creature — Ape", "types": ["Creature"], "uuid": "ce43db94-23d5-5ab2-8fb3-4ef1c0303664"}, {"artist": "Ray Lago", "artistIds": ["a72b1f7b-b72a-4e8b-bc97-d6720c0e5837"], "availability": ["mtgo", "paper"], "boosterTypes": ["default"], "borderColor": "black", "colorIdentity": ["G"], "colors": ["G"], "convertedManaCost": 3.0, "count": 2, "edhrecRank": 2092, "edhrecSaltiness": 0.07, "finishes": ["nonfoil", "foil"], "foreignData": [{"identifiers": {"scryfallId": "04861377-ed88-4d54-899e-44ce287e5f6a"}, "language": "German", "name": "Weiser aus dem Yavimaya", "text": "Wenn der Weise aus dem Yavimaya aus dem Spiel auf dem Friedhof gelegt wird, kannst Du Deine Bibliothek nach bis zu zwei Standardländern durchsuchen. Zeige diese und nimm sie auf Deine Hand. Wenn Du dies tust, mische Deine Bibliothel.\n2, opfere den Weisen aus dem Yavimaya: Ziehe eine Karte.", "type": "Kreatur — Druide"}, {"identifiers": {"scryfallId": "9ac064ca-e5e2-48d9-a4ab-ad493827dec0"}, "language": "Spanish", "name": "Anciano de Yavimaya"}, {"identifiers": {"scryfallId": "ba52ad3a-861b-4180-8fd2-dd4dcba3cd71"}, "language": "French", "name": "Vieux Sage de la Yavimaya"}, {"identifiers": {"scryfallId": "a463c2cb-3aab-494d-ab2c-88153e8078f4"}, "language": "Italian", "name": "Anziano di Yavimaya"}, {"identifiers": {"scryfallId": "d4dd4d29-5fde-4a10-8e17-b0f63aea5a23"}, "language": "Japanese", "name": "ヤヴィマヤの古老"}, {"identifiers": {"scryfallId": "b4aa803b-c1a4-4e50-b19e-6d2bf4b50824"}, "language": "Portuguese (Brazil)", "name": "Ancião de Yavimaya"}], "frameVersion": "1997", "hasFoil": true, "hasNonFoil": true, "identifiers": {"cardsphereFoilId": "46183", "cardsphereId": "46184", "mcmId": "10824", "mcmMetaId": "6760", "mtgjsonV4Id": "c5279fc3-d946-5d33-a92a-10c60a326f2c", "mtgoFoilId": "12902", "mtgoId": "12901", "multiverseId": "15225", "scryfallCardBackId": "0aeebaf5-8c7d-4636-9e82-8c27447861f7", "scryfallId": "325d9372-01c9-4e99-a966-13c8f8566e2e", "scryfallIllustrationId": "c11be0a1-a20f-4c85-a8a4-277d485b0480", "scryfallOracleId": "7fd4c452-07f2-492c-9c78-d1c6362d9eec", "tcgplayerProductId": "6273"}, "isFoil": false, "language": "English", "layout": "normal", "legalities": {"commander": "Legal", "duel": "Legal", "legacy": "Legal", "modern": "Legal", "oathbreaker": "Legal", "pauper": "Legal", "paupercommander": "Legal", "predh": "Legal", "premodern": "Legal", "vintage": "Legal"}, "manaCost": "{1}{G}{G}", "manaValue": 3.0, "name": "Yavimaya Elder", "number": "124", "originalText": "When Yavimaya Elder is put into a graveyard from play, you may search your library for up to two basic land cards, reveal them, and put them into your hand. If you do, shuffle your library.\no2, Sacrifice Yavimaya Elder: Draw a card.", "originalType": "Creature - Druid", "power": "2", "printings": ["C18", "CM2", "CMD", "CMR", "DDE", "M3C", "MH2", "MIC", "PLST", "TD0", "UDS", "VMA", "ZNC"], "purchaseUrls": {"cardmarket": "https://mtgjson.com/links/5b161fa99e5e1211", "tcgplayer": "https://mtgjson.com/links/7b8d56a0d7259981"}, "rarity": "common", "rulings": [{"date": "2021-06-18", "text": "If you activate Yavimaya Elder's last ability, its triggered ability will trigger and go on the stack. It will resolve first, meaning you'll do the search and shuffle before drawing a card."}], "setCode": "UDS", "sourceProducts": {"foil": ["22c253fe-3bba-5b0d-8cf8-faea1fa154a3"], "nonfoil": ["22c253fe-3bba-5b0d-8cf8-faea1fa154a3", "354f7dd5-ba02-5cb9-92d5-762754bbc748"]}, "subtypes": ["Human", "Druid"], "supertypes": [], "text": "When Yavimaya Elder dies, you may search your library for up to two basic land cards, reveal them, put them into your hand, then shuffle.\n{2}, Sacrifice Yavimaya Elder: Draw a card.", "toughness": "1", "type": "Creature — Human Druid", "types": ["Creature"], "uuid": "ebbae453-4e06-594c-85c4-2316bb244d50"}, {"artist": "Scott Hampton", "artistIds": ["1675947d-e663-4200-a6ce-5ad7bb3c83b1"], "availability": ["mtgo", "paper"], "boosterTypes": ["default"], "borderColor": "black", "colorIdentity": ["G"], "colors": ["G"], "convertedManaCost": 4.0, "count": 2, "edhrecRank": 9688, "edhrecSaltiness": 0.11, "finishes": ["nonfoil", "foil"], "foreignData": [{"identifiers": {"scryfallId": "f4162cb2-9074-43c3-ad99-23832ab588a8"}, "language": "German", "name": "Wildhüter", "text": "Wenn der Wildhüter aus dem Spiel auf dem Friedhof gelegt wird, kannst Du ihn ganz aus dem Spiel entfernen. Wenn Du dies tust, decke Karten von Deiner Bibliothek auf, bis Du eine Kreaturenkarte findest. Bringe diese Karte ins Spiel und lege die anderen auf diese Weise aufgedeckten Karten auf Deinen Friedhof.", "type": "Kreatur — Elf"}, {"identifiers": {"scryfallId": "7e5d8aaf-6778-4a26-9c68-dc90a61cbb44"}, "language": "Spanish", "name": "Guardabosque"}, {"identifiers": {"scryfallId": "992d4f74-159d-49bf-9870-fb94ce15c913"}, "language": "French", "name": "Garde-Chasse"}, {"identifiers": {"scryfallId": "c9390180-adcb-4ba6-98c8-c1a156df6f29"}, "language": "Italian", "name": "Custode del gioco"}, {"identifiers": {"scryfallId": "99659846-f034-446a-a0d1-0654133529bf"}, "language": "Japanese", "name": "猟場番"}, {"identifiers": {"scryfallId": "edafdd00-3fc8-40c6-bc7c-e9a29d6018d8"}, "language": "Portuguese (Brazil)", "name": "Couteiro"}], "frameVersion": "1997", "hasFoil": true, "hasNonFoil": true, "identifiers": {"cardsphereFoilId": "45995", "cardsphereId": "45996", "mcmId": "10806", "mcmMetaId": "2272", "mtgjsonV4Id": "3ba93a31-9616-52ad-8594-997cdaac683c", "mtgoFoilId": "12906", "mtgoId": "12905", "multiverseId": "15230", "scryfallCardBackId": "0aeebaf5-8c7d-4636-9e82-8c27447861f7", "scryfallId": "b6006c21-28b5-4550-8b4e-ac631f39cdf7", "scryfallIllustrationId": "40f8db4b-3fe7-4b7c-aaa7-cbfdc6a3c0ae", "scryfallOracleId": "c6921cfe-48f9-4378-b145-d9b430c2aaf6", "tcgplayerProductId": "6179"}, "isFoil": false, "language": "English", "layout": "normal", "legalities": {"commander": "Legal", "duel": "Legal", "legacy": "Legal", "oathbreaker": "Legal", "paupercommander": "Restricted", "predh": "Legal", "premodern": "Legal", "vintage": "Legal"}, "manaCost": "{3}{G}", "manaValue": 4.0, "name": "Gamekeeper", "number": "106", "originalText": "When Gamekeeper is put into a graveyard from play, you may remove Gamekeeper from the game. If you do, reveal cards from your library until you reveal a creature card. Put that card into play and put the other cards revealed this way into your graveyard.", "originalType": "Creature - Elf", "power": "2", "printings": ["C16", "CNS", "DMR", "PLST", "UDS"], "purchaseUrls": {"cardmarket": "https://mtgjson.com/links/3d2479bf39fa3582", "tcgplayer": "https://mtgjson.com/links/a27811c6bce0043c"}, "rarity": "uncommon", "rulings": [{"date": "2022-12-08", "text": "If Gamekeeper is no longer in your graveyard as its triggered ability resolves, you can’t choose to exile it. You won’t reveal cards from your library."}], "setCode": "UDS", "sourceProducts": {"foil": ["22c253fe-3bba-5b0d-8cf8-faea1fa154a3"], "nonfoil": ["22c253fe-3bba-5b0d-8cf8-faea1fa154a3", "354f7dd5-ba02-5cb9-92d5-762754bbc748"]}, "subtypes": ["Elf"], "supertypes": [], "text": "When Gamekeeper dies, you may exile it. If you do, reveal cards from the top of your library until you reveal a creature card. Put that card onto the battlefield and put all other cards revealed this way into your graveyard.", "toughness": "2", "type": "Creature — Elf", "types": ["Creature"], "uuid": "efcb920c-bd3a-56b8-a4f1-115625b12888"}, {"artist": "Chippy & Matthew D. Wilson", "artistIds": ["a36f01a0-e51a-48b2-a556-b9b3bc73f969", "4fbafd13-0cf9-42a1-870d-7f8ea276f140"], "availability": ["mtgo", "paper"], "boosterTypes": ["default"], "borderColor": "black", "colorIdentity": ["B"], "colors": ["B"], "convertedManaCost": 5.0, "count": 3, "edhrecRank": 25513, "edhrecSaltiness": 0.05, "finishes": ["nonfoil", "foil"], "flavorText": "They're not just retrievers, they're carriers.", "foreignData": [{"identifiers": {"scryfallId": "5500dd19-e6be-4d34-a2d2-14ae6a600f45"}, "language": "German", "name": "Siechenhunde", "text": "Wenn die Siechenhunde aus dem Spiel auf den Friedhof gelegt werden, erhalten alle Kreaturen -1/-1 bis zum Ende des Zuges.\n2, opfere die Siechenhunde: Ziehe eine Karte.", "type": "Kreatur — Hund"}, {"identifiers": {"scryfallId": "8beb0119-b2ed-4874-bd19-42158af505aa"}, "language": "Spanish", "name": "Perros pestilentes"}, {"identifiers": {"scryfallId": "44fb9e0f-8219-49c1-807c-a1e5c53bfca9"}, "language": "French", "name": "Chiens de la Peste"}, {"identifiers": {"scryfallId": "68fca457-2bab-4f2a-8167-324c73142760"}, "language": "Italian", "name": "Cani della peste"}, {"identifiers": {"scryfallId": "1d1a8e2f-b8b6-491a-9904-27ee375dd3d8"}, "language": "Japanese", "name": "疫病犬"}, {"identifiers": {"scryfallId": "77aae357-4787-403a-843c-48c729b27803"}, "language": "Portuguese (Brazil)", "name": "Cães Pestilentos"}], "frameVersion": "1997", "hasFoil": true, "hasNonFoil": true, "identifiers": {"cardsphereFoilId": "46077", "cardsphereId": "46078", "mcmId": "10766", "mcmMetaId": "4243", "mtgjsonV4Id": "2c7537da-56bd-59e9-930d-71695815afe1", "mtgoFoilId": "12842", "mtgoId": "12841", "multiverseId": "15180", "scryfallCardBackId": "0aeebaf5-8c7d-4636-9e82-8c27447861f7", "scryfallId": "6b9cebd8-aa3f-4e22-8d15-d4b7bad355e4", "scryfallIllustrationId": "59810618-6297-4bdb-aeee-77b78051ea96", "scryfallOracleId": "a7cc69fd-0c67-44fc-be9d-d8f5b1bd54f5", "tcgplayerProductId": "6220"}, "isFoil": false, "language": "English", "layout": "normal", "legalities": {"commander": "Legal", "duel": "Legal", "legacy": "Legal", "oathbreaker": "Legal", "paupercommander": "Restricted", "penny": "Legal", "predh": "Legal", "premodern": "Legal", "vintage": "Legal"}, "manaCost": "{4}{B}", "manaValue": 5.0, "name": "Plague Dogs", "number": "66", "originalText": "When Plague Dogs is put into a graveyard from play, all creatures get -1/-1 until end of turn.\no2, Sacrifice Plague Dogs: Draw a card.", "originalType": "Creature - Hound", "power": "3", "printings": ["UDS"], "purchaseUrls": {"cardmarket": "https://mtgjson.com/links/1160daf52fadbf08", "tcgplayer": "https://mtgjson.com/links/5e7ec507244d33be"}, "rarity": "uncommon", "setCode": "UDS", "sourceProducts": {"foil": ["22c253fe-3bba-5b0d-8cf8-faea1fa154a3"], "nonfoil": ["22c253fe-3bba-5b0d-8cf8-faea1fa154a3", "243aa2b0-18ea-58f6-ab4a-9ec8d945ab79", "354f7dd5-ba02-5cb9-92d5-762754bbc748"]}, "subtypes": ["Phyrexian", "Zombie", "Dog"], "supertypes": [], "text": "When Plague Dogs dies, all creatures get -1/-1 until end of turn.\n{2}, Sacrifice Plague Dogs: Draw a card.", "toughness": "3", "type": "Creature — Phyrexian Zombie Dog", "types": ["Creature"], "uuid": "ffd0eb74-20c8-50b8-9256-3a4858c3d652"}, {"artist": "Paolo Parente", "artistIds": ["d48dd097-720d-476a-8722-6a02854ae28b"], "availability": ["mtgo", "paper"], "boosterTypes": ["default"], "borderColor": "black", "colorIdentity": ["G"], "colors": ["G"], "convertedManaCost": 6.0, "count": 3, "edhrecRank": 10329, "finishes": ["nonfoil", "foil"], "flavorText": "The Phyrexian killing machines couldn't have known the seriousness of their mistake in wounding the ape—they'd never seen it angry.", "foreignData": [{"identifiers": {"scryfallId": "389cf102-63e1-471c-928c-7bbb91919fa6"}, "language": "German", "name": "Alter Silberrücken", "text": "{G}: Regeneriere den Alten Silberrücken", "type": "Kreatur — Menschenaffe"}, {"identifiers": {"scryfallId": "b767bd0a-fd29-4541-ac1c-9933505d8bb1"}, "language": "Spanish", "name": "Lomo plateado antiguo"}, {"identifiers": {"scryfallId": "a4da8caf-98d1-4fee-af45-d044e07e1a41"}, "language": "French", "name": "Vieux Gorille à Dos Argenté"}, {"identifiers": {"scryfallId": "81d60880-d1d6-4ab0-8736-a8cbc4f54318"}, "language": "Italian", "name": "Antico Schienargento"}, {"identifiers": {"scryfallId": "ded9bc9a-bbef-47e9-925c-80c08df996e6"}, "language": "Japanese", "name": "年経たシルバーバック"}, {"identifiers": {"scryfallId": "fca80304-830a-4a7b-8357-32b621f67805"}, "language": "Portuguese (Brazil)", "name": "Gorila Ancião de Dorso Prateado"}], "frameVersion": "1997", "hasFoil": true, "hasNonFoil": true, "identifiers": {"cardsphereFoilId": "45909", "cardsphereId": "45910", "mcmId": "10801", "mcmMetaId": "169", "mtgjsonV4Id": "45ee2f29-d08e-5543-ab41-339d489f18a5", "mtgoFoilId": "12998", "mtgoId": "12997", "multiverseId": "16424", "scryfallCardBackId": "0aeebaf5-8c7d-4636-9e82-8c27447861f7", "scryfallId": "49651dd4-a489-42d3-b4eb-51f5353b334e", "scryfallIllustrationId": "82fc0939-c6c5-4f4a-adab-021c44d2e9aa", "scryfallOracleId": "5f12134c-d626-4a5e-8653-700681a491fc", "tcgplayerProductId": "6136"}, "isFoil": false, "language": "English", "layout": "normal", "legalities": {"commander": "Legal", "duel": "Legal", "legacy": "Legal", "modern": "Legal", "oathbreaker": "Legal", "paupercommander": "Restricted", "penny": "Legal", "pioneer": "Legal", "predh": "Legal", "premodern": "Legal", "vintage": "Legal"}, "manaCost": "{4}{G}{G}", "manaValue": 6.0, "name": "Ancient Silverback", "number": "101", "originalText": "oo\nG Regenerate Ancient Silverback.", "originalType": "Creature - Ape", "power": "6", "printings": ["7ED", "9ED", "M15", "PLST", "UDS"], "purchaseUrls": {"cardmarket": "https://mtgjson.com/links/c13cbd61bf787c1f", "tcgplayer": "https://mtgjson.com/links/24b8d63c3e191969"}, "rarity": "rare", "setCode": "UDS", "sourceProducts": {"foil": ["22c253fe-3bba-5b0d-8cf8-faea1fa154a3"], "nonfoil": ["22c253fe-3bba-5b0d-8cf8-faea1fa154a3", "354f7dd5-ba02-5cb9-92d5-762754bbc748"]}, "subtypes": ["Ape"], "supertypes": [], "text": "{G}: Regenerate Ancient Silverback. (The next time this creature would be destroyed this turn, it isn't. Instead tap it, remove all damage from it, and remove it from combat.)", "toughness": "5", "type": "Creature — Ape", "types": ["Creature"], "uuid": "e7f5f4d6-21d3-5f91-8072-0b799770283c"}, {"artist": "DiTerlizzi", "artistIds": ["ed44dce4-30cf-4c2c-b2e1-a19ba2295690"], "availability": ["mtgo", "paper"], "boosterTypes": ["default"], "borderColor": "black", "colorIdentity": ["G"], "colors": ["G"], "convertedManaCost": 8.0, "count": 1, "edhrecRank": 3822, "edhrecSaltiness": 0.18, "finishes": ["nonfoil"], "flavorText": "Burl, scurf, and bower\nBirth fern and flower.", "foreignData": [{"identifiers": {"scryfallId": "471717f7-9564-45e6-8c5c-7d62fcf6b88a"}, "language": "German", "name": "Grüne Kraft", "text": "Bringe während der Versorgungsphase jedes Spielers einen Setzling-Spielstein ins Spiel. Behandle diesen Spielstein wie eine 1/1 grüne Kreatur.", "type": "Beschwörung eines Elementarwesens"}, {"identifiers": {"scryfallId": "0395d5ce-4f2c-411f-a7bf-657f2bba54db"}, "language": "Spanish", "name": "Fuerza verde"}, {"identifiers": {"scryfallId": "1f61224b-bc9c-4b18-8130-a7ce105cfe1c"}, "language": "French", "name": "Force verdoyante"}, {"identifiers": {"scryfallId": "ad4f36aa-76cc-4649-bea3-62705f07f93c"}, "language": "Italian", "name": "Forza della Vegetazione"}, {"identifiers": {"scryfallId": "97f09bcd-5092-4f91-bdd4-20286da50881"}, "language": "Japanese", "name": "新緑の魔力"}, {"identifiers": {"scryfallId": "bd43177e-6aa1-461f-9af4-d8acffc14549"}, "language": "Portuguese (Brazil)", "name": "Força Verdejante"}], "frameVersion": "1997", "hasFoil": false, "hasNonFoil": true, "identifiers": {"cardsphereId": "43401", "mcmId": "8892", "mcmMetaId": "6323", "mtgjsonV4Id": "f3826efb-7370-5da9-a644-b8c784546d3f", "mtgoFoilId": "9806", "mtgoId": "9805", "multiverseId": "4797", "scryfallCardBackId": "0aeebaf5-8c7d-4636-9e82-8c27447861f7", "scryfallId": "29bd094c-fcc1-4abf-ba3e-03a5b9b6d1c2", "scryfallIllustrationId": "b0292b83-65f8-411b-af5c-7eed19441395", "scryfallOracleId": "7a21ea22-3cd7-4c11-8895-5943c0d93a0d", "tcgplayerProductId": "5783"}, "isFoil": false, "language": "English", "layout": "normal", "legalities": {"brawl": "Legal", "commander": "Legal", "duel": "Legal", "explorer": "Legal", "gladiator": "Legal", "historic": "Legal", "legacy": "Legal", "modern": "Legal", "oathbreaker": "Legal", "penny": "Legal", "pioneer": "Legal", "predh": "Legal", "premodern": "Legal", "timeless": "Legal", "vintage": "Legal"}, "manaCost": "{5}{G}{G}{G}", "manaValue": 8.0, "name": "Verdant Force", "number": "263", "originalText": "During each player's upkeep, put a Saproling token into play. Treat this token as a 1/1 green creature.", "originalType": "Summon - Elemental", "power": "7", "printings": ["10E", "9ED", "C15", "CMA", "DOM", "DPA", "HOP", "PD3", "PDOM", "PLST", "PS11", "SCD", "TMP", "TPR", "WC98"], "purchaseUrls": {"cardmarket": "https://mtgjson.com/links/27ce84859e8a77f7", "tcgplayer": "https://mtgjson.com/links/74b8e6d21ffa36fc"}, "rarity": "rare", "rulings": [{"date": "2006-05-01", "text": "In Two-Headed Giant, triggers only once per upkeep, not once for each player."}, {"date": "2018-04-27", "text": "Verdant Force’s ability triggers at the beginning of each upkeep, not just each of your upkeeps."}], "setCode": "TMP", "sourceProducts": {"nonfoil": ["21b87b9c-d0f2-5a4b-aee7-163c9813a3aa", "96d0588c-79f4-53ac-bb27-23020e7d60a7"]}, "subtypes": ["Elemental"], "supertypes": [], "text": "At the beginning of each upkeep, create a 1/1 green Saproling creature token.", "toughness": "7", "type": "Creature — Elemental", "types": ["Creature"], "uuid": "a2a9fab5-2d84-5c35-95bd-105015cf96ad"}, {"artist": "DiTerlizzi", "artistIds": ["ed44dce4-30cf-4c2c-b2e1-a19ba2295690"], "availability": ["paper"], "boosterTypes": ["default"], "borderColor": "white", "colorIdentity": ["G"], "colors": ["G"], "convertedManaCost": 1.0, "count": 2, "edhrecRank": 5677, "finishes": ["nonfoil"], "foreignData": [{"identifiers": {"scryfallId": "1d360384-b9bb-4d67-ba6e-7c37f31a05aa"}, "language": "German", "name": "Riesenwuchs", "text": "Eine Kreatur deiner Wahl erhält +3/+3 bis zum Ende des Zuges.", "type": "Spontanzauber"}, {"identifiers": {"scryfallId": "16831577-0039-4626-abda-a04e6e2a8d61"}, "language": "Spanish", "name": "Crecimiento gigante"}, {"identifiers": {"scryfallId": "2bd057d9-5cc6-4ffe-a168-bde07047f4ce"}, "language": "French", "name": "Croissance gigantesque"}, {"identifiers": {"scryfallId": "b3ba4a2b-89b2-4b17-bbd5-b4e50ab43906"}, "language": "Italian", "name": "Crescita Gigante"}, {"identifiers": {"scryfallId": "0ebea51c-34b3-4c3d-81a9-e5a4ed2ecd5d"}, "language": "Japanese", "name": "巨大化"}, {"identifiers": {"scryfallId": "a160dbfe-d402-4ba2-baac-ce38f97ea56a"}, "language": "Portuguese (Brazil)", "name": "Crescimento Desenfreado"}], "frameVersion": "1997", "hasFoil": false, "hasNonFoil": true, "identifiers": {"cardsphereId": "1721", "mcmId": "11076", "mtgjsonV4Id": "265a65c0-6f29-5b98-b31a-546f9d4f26c6", "multiverseId": "14683", "scryfallCardBackId": "0aeebaf5-8c7d-4636-9e82-8c27447861f7", "scryfallId": "c9299742-564b-48ca-a7fa-cf5ed0d98ef6", "scryfallIllustrationId": "378fc9f6-85c1-41a1-a53c-4de4fae48392", "scryfallOracleId": "5748ebf1-24e3-499d-ab7c-c2cebd462a24", "tcgplayerProductId": "2581"}, "isFoil": false, "isReprint": true, "language": "English", "layout": "normal", "legalities": {"alchemy": "Legal", "brawl": "Legal", "commander": "Legal", "duel": "Legal", "explorer": "Legal", "future": "Legal", "gladiator": "Legal", "historic": "Legal", "legacy": "Legal", "modern": "Legal", "oathbreaker": "Legal", "pauper": "Legal", "paupercommander": "Legal", "penny": "Legal", "pioneer": "Legal", "predh": "Legal", "premodern": "Legal", "standard": "Legal", "standardbrawl": "Legal", "timeless": "Legal", "vintage": "Legal"}, "manaCost": "{G}", "manaValue": 1.0, "name": "Giant Growth", "number": "233", "originalText": "Target creature gets +3/+3 until end of turn.", "originalType": "Instant", "printings": ["10E", "2ED", "30A", "3ED", "4BB", "4ED", "5ED", "6ED", "7ED", "8ED", "9ED", "A25", "ATH", "BBD", "BLB", "BRB", "BRO", "BTD", "CED", "CEI", "DD1", "DDD", "DKM", "DPA", "E02", "EVG", "FBB", "FNM", "GVL", "ICE", "J21", "LEA", "LEB", "M10", "M11", "M14", "ME2", "ME3", "ME4", "P06", "PJJT", "PLST", "PRM", "PS11", "PSUS", "RTR", "SLD", "SUM", "WAR", "WC97", "WC99"], "purchaseUrls": {"tcgplayer": "https://mtgjson.com/links/066e877f613bd1dd"}, "rarity": "common", "setCode": "6ED", "sourceProducts": {"nonfoil": ["45c579b9-6951-59e1-8d30-f44a600f2a56", "55e22afb-ad7d-52cd-ab52-056e3a9705b0", "8b18a7df-17b2-557c-bb4d-aa66ad5afd8f", "b5ad501f-0aba-503e-ae55-d66e1b27de1b"]}, "subtypes": [], "supertypes": [], "text": "Target creature gets +3/+3 until end of turn.", "type": "Instant", "types": ["Instant"], "uuid": "16016d7f-1ad3-50f4-9e3c-32e31c427906"}, {"artist": "Jeff Miracola", "artistIds": ["9b465bde-3656-4495-ace4-af4ce29999ed"], "availability": ["mtgo", "paper"], "boosterTypes": ["default"], "borderColor": "black", "colorIdentity": ["G"], "colors": ["G"], "convertedManaCost": 2.0, "count": 1, "edhrecRank": 26019, "edhrecSaltiness": 0.29, "finishes": ["nonfoil"], "flavorText": "Although the elves of Argoth always considered them a nuisance, the pixies made fine allies during the war against the machines.", "foreignData": [{"identifiers": {"scryfallId": "acc05dcd-3b86-4236-b99d-9f9f518ae3a7"}, "language": "German", "name": "Symbiose", "text": "Zwei Kreaturen Deiner Wahl erhalten +2/+2 bis zum Ende des Zuges.", "type": "Spontanzauber"}, {"identifiers": {"scryfallId": "89048203-1fa8-48d5-addc-823c9e7fe4b9"}, "language": "Spanish", "name": "Simbiosis"}, {"identifiers": {"scryfallId": "2c8b180f-e1b9-45d0-bf8b-5a9b11292922"}, "language": "French", "name": "Symbiose"}, {"identifiers": {"scryfallId": "52f70d6b-6d40-442b-9e58-a8af2c8d4366"}, "language": "Italian", "name": "Simbiosi"}, {"identifiers": {"scryfallId": "a3e051a0-8247-4a3a-93f5-0cc2b400d6a3"}, "language": "Japanese", "name": "共生"}, {"identifiers": {"scryfallId": "8b7f88e2-bd2e-427b-bcc0-6a4763ad8ef5"}, "language": "Portuguese (Brazil)", "name": "Simbiose"}], "frameVersion": "1997", "hasFoil": false, "hasNonFoil": true, "identifiers": {"cardsphereId": "46769", "mcmId": "10482", "mcmMetaId": "5766", "mtgjsonV4Id": "ed537857-a686-5e26-ab0d-b0dfbcaa8a4e", "mtgoFoilId": "12180", "mtgoId": "12179", "multiverseId": "5632", "scryfallCardBackId": "0aeebaf5-8c7d-4636-9e82-8c27447861f7", "scryfallId": "5d35e2c5-1871-4749-aefa-4a7a69645c03", "scryfallIllustrationId": "c5b07d49-6d29-43aa-a64d-efa956c577ac", "scryfallOracleId": "787b494b-731b-4e99-8e46-157bc86f6eea", "tcgplayerProductId": "7063"}, "isFoil": false, "language": "English", "layout": "normal", "legalities": {"commander": "Legal", "duel": "Legal", "legacy": "Legal", "oathbreaker": "Legal", "pauper": "Legal", "paupercommander": "Legal", "penny": "Legal", "predh": "Legal", "premodern": "Legal", "vintage": "Legal"}, "manaCost": "{1}{G}", "manaValue": 2.0, "name": "Symbiosis", "number": "275", "originalText": "Two target creatures each get +2/+2 until end of turn.", "originalType": "Instant", "printings": ["BRB", "PLST", "USG"], "purchaseUrls": {"cardmarket": "https://mtgjson.com/links/9a4a2e404afe282f", "tcgplayer": "https://mtgjson.com/links/fca75202b23338b2"}, "rarity": "common", "setCode": "USG", "sourceProducts": {"nonfoil": ["24c34c41-34ac-55ba-a4ff-ac9ee44f0366", "287ee793-65db-5cb8-b9e5-7422e7eecdd9", "354f7dd5-ba02-5cb9-92d5-762754bbc748", "96772e6d-0aba-5362-ab10-d5f3f6d23634", "c901ab11-9d40-5fc1-a603-470b42f4b48b"]}, "subtypes": [], "supertypes": [], "text": "Two target creatures each get +2/+2 until end of turn.", "type": "Instant", "types": ["Instant"], "uuid": "72f94d6b-b3dd-5360-a25f-e4cfc996ddda"}, {"artist": "Kev Walker", "artistIds": ["f366a0ee-a0cd-466d-ba6a-90058c7a31a6"], "availability": ["mtgo", "paper"], "boosterTypes": ["default"], "borderColor": "black", "colorIdentity": ["G"], "colors": ["G"], "convertedManaCost": 1.0, "count": 2, "edhrecRank": 594, "edhrecSaltiness": 0.26, "finishes": ["nonfoil", "foil"], "flavorText": "Hatred outlives the hateful.", "foreignData": [{"identifiers": {"scryfallId": "0fb4070c-cc12-48ac-8510-d84bb604d90f"}, "language": "German", "name": "Grüner Zorn", "text": "Die verzauberte Kreatur erhält +2/+0 und verursacht Trampelschaden.\nWenn der Grüne Zorn aus dem Spiel auf dem Friedhof landet, bringe den Grünen Zorn auf die Hand seines Besitzers zurück.", "type": "Verzaubere Kreatur"}, {"identifiers": {"scryfallId": "bd38dfbc-5b47-43f6-a993-58c0f0e34868"}, "language": "Spanish", "name": "Rencor"}, {"identifiers": {"scryfallId": "96ba8029-e683-43ef-bf88-6125ca2a5b4d"}, "language": "French", "name": "RancOEur"}, {"identifiers": {"scryfallId": "3567bfad-b236-4a75-8277-2508d69efce9"}, "language": "Italian", "name": "Rancore"}, {"identifiers": {"scryfallId": "4b43691a-2813-4964-ba7e-e0e113d991b4"}, "language": "Japanese", "name": "怨恨"}, {"identifiers": {"scryfallId": "068fc302-cbe3-4090-96a6-77d462f3e7b4"}, "language": "Portuguese (Brazil)", "name": "Rancor"}], "frameVersion": "1997", "hasFoil": true, "hasNonFoil": true, "identifiers": {"cardsphereFoilId": "46381", "cardsphereId": "46382", "mcmId": "10667", "mcmMetaId": "4505", "mtgjsonV4Id": "4dd9632e-a00d-57ff-9ba0-fa0482ec9510", "mtgoFoilId": "12678", "mtgoId": "12677", "multiverseId": "12433", "scryfallCardBackId": "0aeebaf5-8c7d-4636-9e82-8c27447861f7", "scryfallId": "59e256c2-38df-4012-9308-ce17dd889e5f", "scryfallIllustrationId": "58619744-13a3-40a0-88d7-940cd556f2d2", "scryfallOracleId": "9d2d6479-531c-4ce1-b52b-00e36fa63b64", "tcgplayerProductId": "6373"}, "isFoil": false, "keywords": ["Enchant"], "language": "English", "layout": "normal", "legalities": {"commander": "Legal", "duel": "Legal", "legacy": "Legal", "modern": "Legal", "oathbreaker": "Legal", "pauper": "Legal", "paupercommander": "Legal", "predh": "Legal", "premodern": "Legal", "vintage": "Legal"}, "manaCost": "{G}", "manaValue": 1.0, "name": "Rancor", "number": "110", "originalText": "Enchanted creature gains +2/+0 and trample.\nWhen Rancor is put into a graveyard from play, return Rancor to owner's hand.", "originalType": "Enchant Creature", "printings": ["2X2", "A25", "AFC", "ARC", "DDD", "E02", "EMA", "F05", "GVL", "M13", "PC2", "PCA", "PIP", "PLST", "PRM", "PZ1", "ULG", "WC99"], "purchaseUrls": {"cardmarket": "https://mtgjson.com/links/c19c0137aa2f3386", "tcgplayer": "https://mtgjson.com/links/f5aa4881e5a83a56"}, "rarity": "common", "rulings": [{"date": "2018-03-16", "text": "If the creature this Aura would enchant is an illegal target by the time Rancor tries to resolve, the Aura spell doesn't resolve. It won't enter the battlefield, so it won't be put into a graveyard from the battlefield and its ability won't trigger."}], "setCode": "ULG", "sourceProducts": {"foil": ["c7edd411-b36c-5fd3-8c1d-0424c020bf3c"], "nonfoil": ["287ee793-65db-5cb8-b9e5-7422e7eecdd9", "354f7dd5-ba02-5cb9-92d5-762754bbc748", "c7edd411-b36c-5fd3-8c1d-0424c020bf3c"]}, "subtypes": ["Aura"], "supertypes": [], "text": "Enchant creature\nEnchanted creature gets +2/+0 and has trample.\nWhen Rancor is put into a graveyard from the battlefield, return Rancor to its owner's hand.", "type": "Enchantment — Aura", "types": ["Enchantment"], "uuid": "61d0d767-692b-556f-ace6-d0d080d5861e"}, {"artist": "Michael Sutfin", "artistIds": ["5ce7b3bd-53d2-49e6-b504-37191e8e9b17"], "availability": ["mtgo", "paper"], "boosterTypes": ["default"], "borderColor": "black", "colorIdentity": ["B"], "colors": ["B"], "convertedManaCost": 3.0, "count": 4, "edhrecRank": 16978, "edhrecSaltiness": 0.67, "finishes": ["nonfoil", "foil"], "flavorText": "\"The admixture of bitterwort in the viral brew has produced most favorable results.\"\n—Phyrexian progress notes", "foreignData": [{"identifiers": {"scryfallId": "a42645d2-7a3c-42fa-b62c-6e6936845c86"}, "language": "German", "name": "Gezüchtete Seuche", "text": "Wenn die gezüchtete Seuche ins Spiel kommt, wähle einen Kreaturentyp.\nAlle Kreaturen dieses Typs erhalten -1/-1.", "type": "Verzauberung"}, {"identifiers": {"scryfallId": "6c3a68b5-8fd4-493e-a89d-d27aedb5813c"}, "language": "Spanish", "name": "Peste diseñada"}, {"identifiers": {"scryfallId": "b8a0adb7-c970-4071-a986-8bf474b1cc5f"}, "language": "French", "name": "Peste artificielle"}, {"identifiers": {"scryfallId": "69292396-7a23-471e-a518-c7652e0a915d"}, "language": "Italian", "name": "Peste Artificiale"}, {"identifiers": {"scryfallId": "2de84953-5965-47b4-b20f-75e416c98dd3"}, "language": "Japanese", "name": "仕組まれた疫病"}, {"identifiers": {"scryfallId": "94ff9338-51d5-4625-9235-de7627f0c2b1"}, "language": "Portuguese (Brazil)", "name": "Praga Fabricada"}], "frameVersion": "1997", "hasFoil": true, "hasNonFoil": true, "identifiers": {"cardsphereFoilId": "46245", "cardsphereId": "46246", "mcmId": "10608", "mcmMetaId": "1818", "mtgjsonV4Id": "01fd326b-d62f-58df-8f6b-acc82740691c", "mtgoFoilId": "12686", "mtgoId": "12685", "multiverseId": "12944", "scryfallCardBackId": "0aeebaf5-8c7d-4636-9e82-8c27447861f7", "scryfallId": "27e158d5-efb2-4f90-8898-60ede98f7d29", "scryfallIllustrationId": "520105bc-e9b4-414a-bcf1-93517a8df098", "scryfallOracleId": "dc8210b4-8e17-4156-994b-e95e215e3e34", "tcgplayerProductId": "6305"}, "isFoil": false, "language": "English", "layout": "normal", "legalities": {"commander": "Legal", "duel": "Legal", "legacy": "Legal", "oathbreaker": "Legal", "predh": "Legal", "premodern": "Legal", "vintage": "Legal"}, "manaCost": "{2}{B}", "manaValue": 3.0, "name": "Engineered Plague", "number": "51", "originalText": "When Engineered Plague comes into play, choose a creature type.\nAll creatures of the chosen type get -1/-1.", "originalType": "Enchantment", "printings": ["7ED", "F07", "PRM", "ULG", "WC01"], "purchaseUrls": {"cardmarket": "https://mtgjson.com/links/83f1772f6391bfd0", "tcgplayer": "https://mtgjson.com/links/9ba866800dd5b9b6"}, "rarity": "uncommon", "setCode": "ULG", "sourceProducts": {"foil": ["c7edd411-b36c-5fd3-8c1d-0424c020bf3c"], "nonfoil": ["243aa2b0-18ea-58f6-ab4a-9ec8d945ab79", "c7edd411-b36c-5fd3-8c1d-0424c020bf3c", "fc38f6c9-a9a2-544a-9b76-1a3a007e5ea5"]}, "subtypes": [], "supertypes": [], "text": "As Engineered Plague enters, choose a creature type.\nAll creatures of the chosen type get -1/-1.", "type": "Enchantment", "types": ["Enchantment"], "uuid": "860b01b7-0eb2-5493-9ec4-a9e4dbebb259"}, {"artist": "Jeff Laubenstein", "artistIds": ["7c5b6391-2a5a-4b78-b19d-2b181149cb0f"], "availability": ["mtgo", "paper"], "boosterTypes": ["default"], "borderColor": "black", "colorIdentity": ["B"], "colors": ["B"], "convertedManaCost": 3.0, "count": 3, "finishes": ["nonfoil"], "flavorText": "\"I am confined by sleep and defined by nightmare.\"\n—Crovax", "foreignData": [{"identifiers": {"scryfallId": "80679837-af89-461a-a0f5-932a1a4d3f5a"}, "language": "German", "name": "Ewiger Albtraum", "text": "Opfere eine Kreatur, bringe den Ewigen Albtraum zurück auf die Hand seines Besitzers: Bringe eine Kreaturenkarte Deiner Wahl aus Deinem Friedhof direkt ins Spiel. Spiele diese Fähigkeit wie eine Hexerei.", "type": "Verzauberung"}, {"identifiers": {"scryfallId": "b356e786-32f7-4c29-b063-fa737d112bbb"}, "language": "Spanish", "name": "Pesadilla recurrente"}, {"identifiers": {"scryfallId": "a5adcf3e-539b-4833-afdf-28fee333fbb2"}, "language": "French", "name": "Cauchemar récurrent"}, {"identifiers": {"scryfallId": "54dcc7d6-2029-4f5b-b26b-6c56d233f38f"}, "language": "Italian", "name": "Incubo Ricorrente"}, {"identifiers": {"scryfallId": "fc60c7dd-d557-461b-b7a4-593d4fb282de"}, "language": "Japanese", "name": "繰り返す悪夢"}, {"identifiers": {"scryfallId": "54ee207d-f726-42c6-acc7-e30386e0b0b6"}, "language": "Portuguese (Brazil)", "name": "Pesadelo Recorrente"}], "frameVersion": "1997", "hasFoil": false, "hasNonFoil": true, "identifiers": {"cardsphereId": "17264", "mcmId": "9300", "mcmMetaId": "4582", "mtgjsonV4Id": "e952a3cb-a097-50e3-b2d0-5ef8ab71aa5e", "mtgoFoilId": "10584", "mtgoId": "10583", "multiverseId": "6103", "scryfallCardBackId": "0aeebaf5-8c7d-4636-9e82-8c27447861f7", "scryfallId": "c8173030-1c33-417c-b8e9-79231b6a85a7", "scryfallIllustrationId": "cf5f10b3-4840-488f-8d31-2dbca6f0aa45", "scryfallOracleId": "a6708b11-1bcd-4208-a967-fe91f2e3313c", "tcgplayerProductId": "4386"}, "isFoil": false, "isReserved": true, "language": "English", "layout": "normal", "legalities": {"commander": "Banned", "duel": "Legal", "legacy": "Legal", "oathbreaker": "Legal", "predh": "Banned", "premodern": "Legal", "vintage": "Legal"}, "manaCost": "{2}{B}", "manaValue": 3.0, "name": "Recurring Nightmare", "number": "72", "originalText": "Sacrifice a creature, Return Recurring Nightmare to owner's hand: Put target creature card from your graveyard into play. Play this ability as a sorcery.", "originalType": "Enchantment", "printings": ["EXO", "TPR", "VMA", "WC98"], "purchaseUrls": {"cardmarket": "https://mtgjson.com/links/b7c5123533f05a10", "tcgplayer": "https://mtgjson.com/links/3875e236fbd19195"}, "rarity": "rare", "rulings": [{"date": "2013-04-15", "text": "If you cast this as normal during your main phase, it will enter the battlefield and you’ll receive priority. If no abilities trigger because of this, you can activate its ability immediately, before any other player has a chance to remove it from the battlefield."}], "setCode": "EXO", "sourceProducts": {"nonfoil": ["7a001473-a0b3-52e5-a0a2-2c86ce098008"]}, "subtypes": [], "supertypes": [], "text": "Sacrifice a creature, Return Recurring Nightmare to its owner's hand: Return target creature card from your graveyard to the battlefield. Activate only as a sorcery.", "type": "Enchantment", "types": ["Enchantment"], "uuid": "063929a5-a4d9-5b57-8237-8db43be48342"}, {"artist": "Mark Brill", "artistIds": ["46dc4b5e-e42c-4d65-a4f3-ad75b0f6f6dd"], "availability": ["mtgo", "paper"], "boosterTypes": ["default"], "borderColor": "black", "colorIdentity": ["G"], "colors": ["G"], "convertedManaCost": 4.0, "count": 2, "edhrecRank": 4252, "edhrecSaltiness": 0.71, "finishes": ["nonfoil", "foil"], "foreignData": [{"identifiers": {"scryfallId": "c51b628c-d8ab-470f-a171-d73163f181ff"}, "language": "German", "name": "Muster der Wiedergeburt", "text": "Wenn die verzauberte Kreatur aus dem Spiel auf den Friedhof gelegt wird, kann der Beherrscher dieser Kreatur seine Bibliothek nach einer Kreaturenkarte durchsuchen und diese Karte ins Spiel bringen. Wenn du dies tust, mischt er danach seine Bibliothek.", "type": "Kreaturenverzauberung"}, {"identifiers": {"scryfallId": "2117d758-308b-4eff-84c3-76cdc11191a6"}, "language": "Spanish", "name": "Patrón de renacimiento"}, {"identifiers": {"scryfallId": "8118349e-6ecc-470a-ae92-ff5930d37bda"}, "language": "French", "name": "Renaissance Programmée"}, {"identifiers": {"scryfallId": "1323c04f-b5d4-4fe6-9569-bdb3f55b6c20"}, "language": "Italian", "name": "Ciclo di rinascita"}, {"identifiers": {"scryfallId": "df2779a5-f964-48cd-803a-0814d8db1975"}, "language": "Japanese", "name": "再誕のパターン"}, {"identifiers": {"scryfallId": "7383402a-5404-4917-afab-e88894a9e53b"}, "language": "Portuguese (Brazil)", "name": "Padrão de Renascimento"}], "frameVersion": "1997", "hasFoil": true, "hasNonFoil": true, "identifiers": {"cardsphereFoilId": "46071", "cardsphereId": "46072", "mcmId": "10815", "mcmMetaId": "4109", "mtgjsonV4Id": "ac7a008b-43be-504f-8089-fcc3469c78b4", "mtgoFoilId": "12908", "mtgoId": "12907", "multiverseId": "15234", "scryfallCardBackId": "0aeebaf5-8c7d-4636-9e82-8c27447861f7", "scryfallId": "9f23c4f4-a191-4225-a3b7-dab5b1462922", "scryfallIllustrationId": "3bede756-4060-447d-8a70-78d8d0732e3b", "scryfallOracleId": "4b8856f8-3cd1-450c-a71b-eb0026e8e179", "tcgplayerProductId": "6217"}, "isFoil": false, "keywords": ["Enchant"], "language": "English", "layout": "normal", "legalities": {"commander": "Legal", "duel": "Legal", "legacy": "Legal", "oathbreaker": "Legal", "predh": "Legal", "premodern": "Legal", "vintage": "Legal"}, "manaCost": "{3}{G}", "manaValue": 4.0, "name": "Pattern of Rebirth", "number": "115", "originalText": "When enchanted creature is put into a graveyard from play, that creature's controller may search his or her library for a creature card and put that card into play. If that player does, he or she then shuffles his or her library.", "originalType": "Enchant Creature", "printings": ["UDS", "UMA", "WC00"], "purchaseUrls": {"cardmarket": "https://mtgjson.com/links/58d740df671a3141", "tcgplayer": "https://mtgjson.com/links/618c78c414d6489e"}, "rarity": "rare", "rulings": [{"date": "2004-10-04", "text": "Because the “search” requires you to find a card with certain characteristics, you don’t have to find the card if you don’t want to."}, {"date": "2004-10-04", "text": "Searching for a creature card is optional."}], "setCode": "UDS", "sourceProducts": {"foil": ["22c253fe-3bba-5b0d-8cf8-faea1fa154a3"], "nonfoil": ["22c253fe-3bba-5b0d-8cf8-faea1fa154a3", "354f7dd5-ba02-5cb9-92d5-762754bbc748"]}, "subtypes": ["Aura"], "supertypes": [], "text": "Enchant creature\nWhen enchanted creature dies, that creature's controller may search their library for a creature card, put that card onto the battlefield, then shuffle.", "type": "Enchantment — Aura", "types": ["Enchantment"], "uuid": "6138d6f6-3d88-5ed8-a7ab-d9b5c1d32545"}, {"artist": "Anthony S. Waters", "artistIds": ["f009de11-3c8d-4663-b996-ca0c3e997fad"], "availability": ["mtgo", "paper"], "boosterTypes": ["default"], "borderColor": "black", "colorIdentity": ["G"], "colors": [], "convertedManaCost": 0.0, "count": 13, "edhrecSaltiness": 0.35, "finishes": ["nonfoil"], "foreignData": [{"identifiers": {"scryfallId": "9e17985c-bb98-42c1-860c-a632999723a1"}, "language": "German", "name": "Wald"}, {"identifiers": {"scryfallId": "2e75ba11-d64c-45fb-8f14-29d60de7fc0e"}, "language": "Spanish", "name": "Bosque"}, {"identifiers": {"scryfallId": "f0d44187-d2d5-4417-a34e-9f27f3cb41b9"}, "language": "French", "name": "Forêt"}, {"identifiers": {"scryfallId": "2e49f438-6cb7-4f14-89e8-7b7e974d5c89"}, "language": "Italian", "name": "Foresta"}, {"identifiers": {"scryfallId": "40c7cb9c-22a6-43f5-a09b-bfb611f5f844"}, "language": "Japanese", "name": "森"}, {"identifiers": {"scryfallId": "bc71a65d-24a2-41f3-9c36-c5cafc8f9d6c"}, "language": "Portuguese (Brazil)", "name": "Floresta"}], "frameVersion": "1997", "hasFoil": false, "hasNonFoil": true, "identifiers": {"cardsphereId": "46583", "mcmId": "10554", "mtgjsonV4Id": "e9297276-1d42-575b-9670-ff8b9496c74b", "mtgoFoilId": "12428", "mtgoId": "12427", "multiverseId": "8338", "scryfallCardBackId": "0aeebaf5-8c7d-4636-9e82-8c27447861f7", "scryfallId": "b38c68a5-86eb-4fb2-8a43-4a7d63195462", "scryfallIllustrationId": "5b876ba8-65b3-469d-b24a-396c15519744", "scryfallOracleId": "b34bb2dc-c1af-4d77-b0b3-a0fb342a5fc6", "tcgplayerProductId": "18529"}, "isFoil": false, "isReprint": true, "language": "English", "layout": "normal", "legalities": {"alchemy": "Legal", "brawl": "Legal", "commander": "Legal", "duel": "Legal", "explorer": "Legal", "future": "Legal", "gladiator": "Legal", "historic": "Legal", "legacy": "Legal", "modern": "Legal", "oathbreaker": "Legal", "pauper": "Legal", "paupercommander": "Legal", "penny": "Legal", "pioneer": "Legal", "predh": "Legal", "premodern": "Legal", "standard": "Legal", "standardbrawl": "Legal", "timeless": "Legal", "vintage": "Legal"}, "manaValue": 0.0, "name": "Forest", "number": "347", "originalText": "oc\nT: Add o\nG to your mana pool.", "originalType": "Land", "printings": ["10E", "2ED", "2XM", "30A", "3ED", "40K", "4BB", "4ED", "5ED", "6ED", "7ED", "8ED", "9ED", "ACR", "AFR", "AKH", "AKR", "ALA", "ANA", "ANB", "ARC", "ATH", "AVR", "BBD", "BFZ", "BLB", "BRB", "BRO", "BTD", "C13", "C14", "C15", "C16", "C17", "C18", "C19", "CED", "CEI", "CHK", "CLB", "CLU", "CM2", "CMA", "CMD", "CMM", "CMR", "CST", "DD1", "DDD", "DDE", "DDG", "DDH", "DDJ", "DDL", "DDM", "DDO", "DDP", "DDR", "DDS", "DDU", "DKM", "DMR", "DMU", "DOM", "DPA", "DSK", "DTK", "E01", "ELD", "EVG", "FBB", "FRF", "G17", "GK1", "GK2", "GN2", "GN3", "GNT", "GRN", "GS1", "GVL", "H09", "HBG", "HOP", "HOU", "ICE", "IKO", "INV", "ISD", "ITP", "J14", "J22", "JMP", "KHM", "KLD", "KLR", "KTK", "LCI", "LEA", "LEB", "LRW", "LTR", "M10", "M11", "M12", "M13", "M14", "M15", "M19", "M20", "M21", "MBS", "ME1", "ME3", "MH2", "MH3", "MID", "MIR", "MKM", "MMQ", "MOM", "MRD", "NEO", "NPH", "ODY", "OLEP", "ONE", "ONS", "ORI", "OTJ", "P02", "P23", "PAL00", "PAL01", "PAL03", "PAL04", "PAL05", "PAL06", "PAL99", "PALP", "PANA", "PARL", "PC2", "PCA", "PELP", "PF19", "PF20", "PGPX", "PGRU", "PIP", "PLST", "PMPS", "PMPS06", "PMPS07", "PMPS08", "PMPS09", "PMPS10", "PMPS11", "POR", "PPP1", "PRM", "PRW2", "PRWK", "PS11", "PSAL", "PSS2", "PSS3", "PSS4", "PTC", "PTK", "PZ2", "RAV", "REX", "RIX", "RNA", "ROE", "RQS", "RTR", "S99", "SCD", "SHM", "SIR", "SLD", "SNC", "SOI", "SOM", "STX", "SUM", "TD0", "TD2", "THB", "THS", "TMP", "TPR", "TSP", "UGL", "UND", "UNF", "UNH", "USG", "UST", "VOW", "WAR", "WC00", "WC01", "WC02", "WC03", "WC04", "WC97", "WC98", "WC99", "WHO", "WOE", "XANA", "XLN", "ZEN", "ZNR"], "purchaseUrls": {"tcgplayer": "https://mtgjson.com/links/a35de74f946256be"}, "rarity": "common", "setCode": "USG", "sourceProducts": {"nonfoil": ["24c34c41-34ac-55ba-a4ff-ac9ee44f0366", "287ee793-65db-5cb8-b9e5-7422e7eecdd9", "354f7dd5-ba02-5cb9-92d5-762754bbc748", "96772e6d-0aba-5362-ab10-d5f3f6d23634", "ade128d4-3feb-5e55-8240-b4366cee9b42"]}, "subtypes": ["Forest"], "supertypes": ["Basic"], "text": "({T}: Add {G}.)", "type": "Basic Land — Forest", "types": ["Land"], "uuid": "facd71a4-bd47-5062-9bb4-ecf7b020cd70", "variations": ["dfbc3eca-eab8-5025-a8d7-d79510256346", "85413a85-8717-567f-9136-84a4c5d1c148", "4366df09-610d-5509-bb9d-93fb2d06cbe5"]}, {"artist": "Stephen Daniele", "artistIds": ["a267f9bb-072b-410a-a704-50f4d19020d8"], "availability": ["mtgo", "paper"], "boosterTypes": ["default"], "borderColor": "black", "colorIdentity": ["B"], "colors": [], "convertedManaCost": 0.0, "count": 1, "edhrecRank": 3092, "edhrecSaltiness": 0.03, "finishes": ["nonfoil"], "foreignData": [{"identifiers": {"scryfallId": "5313b57a-5767-40ab-942d-acf1e5d7c78c"}, "language": "German", "name": "Schmutziges Schlammloch", "text": "Das Schmutzige Schlammloch kommt getappt ins Spiel.\n{T}: Erhöhe Deinen Manavorrat um B.\nUmwandlung 2", "type": "Land"}, {"identifiers": {"scryfallId": "ec5b3b36-4b59-4b1d-b3f7-53c49e611c8f"}, "language": "Spanish", "name": "Cenagal contaminado"}, {"identifiers": {"scryfallId": "016a3a5a-4809-4404-af70-9b4f6eb51bec"}, "language": "French", "name": "Fondrière polluée"}, {"identifiers": {"scryfallId": "b7bec753-6b9d-4a59-892c-60e745c0fc61"}, "language": "Italian", "name": "Palude Inquinata"}, {"identifiers": {"scryfallId": "f2ecb6af-ae63-40c0-9e62-270e6027b6c5"}, "language": "Japanese", "name": "汚染されたぬかるみ"}, {"identifiers": {"scryfallId": "c5d5c41e-395d-442b-bdb8-a48b94392e66"}, "language": "Portuguese (Brazil)", "name": "Lamaçal Poluído"}], "frameVersion": "1997", "hasFoil": false, "hasNonFoil": true, "identifiers": {"cardsphereId": "46690", "mcmId": "10530", "mcmMetaId": "4283", "mtgjsonV4Id": "0fc53136-c7e2-5a9a-9147-a513502c3bee", "mtgoFoilId": "11928", "mtgoId": "11927", "multiverseId": "5808", "scryfallCardBackId": "0aeebaf5-8c7d-4636-9e82-8c27447861f7", "scryfallId": "cfe2c562-ac25-4395-a9f0-8b246c7954b6", "scryfallIllustrationId": "fb9ae94b-b903-4943-9e12-09f617ede866", "scryfallOracleId": "9809d975-7ef8-4946-9041-607c4e954b13", "tcgplayerProductId": "6984"}, "isFoil": false, "keywords": ["Cycling"], "language": "English", "layout": "normal", "legalities": {"commander": "Legal", "duel": "Legal", "legacy": "Legal", "oathbreaker": "Legal", "pauper": "Legal", "paupercommander": "Legal", "predh": "Legal", "premodern": "Legal", "vintage": "Legal"}, "manaValue": 0.0, "name": "Polluted Mire", "number": "323", "originalText": "Polluted Mire comes into play tapped.\noc\nT: Add o\nB to your mana pool.\nCycling o2 (You may pay o2 and discard this card from your hand to draw a card. Play this ability as an instant.)", "originalType": "Land", "printings": ["40K", "ATH", "BRB", "BTD", "C14", "C15", "CMA", "DDD", "DMR", "GVL", "PD3", "USG"], "purchaseUrls": {"cardmarket": "https://mtgjson.com/links/3125d79f59472d96", "tcgplayer": "https://mtgjson.com/links/4de2a562a7ac01c9"}, "rarity": "common", "setCode": "USG", "sourceProducts": {"nonfoil": ["13e34096-9752-5d9f-9658-0ecd712e60cc", "243aa2b0-18ea-58f6-ab4a-9ec8d945ab79", "354f7dd5-ba02-5cb9-92d5-762754bbc748", "96772e6d-0aba-5362-ab10-d5f3f6d23634", "c7fb49ad-09ce-50bc-b8f6-552e0a96b994", "c901ab11-9d40-5fc1-a603-470b42f4b48b", "fc38f6c9-a9a2-544a-9b76-1a3a007e5ea5"]}, "subtypes": [], "supertypes": [], "text": "Polluted Mire enters tapped.\n{T}: Add {B}.\nCycling {2} ({2}, Discard this card: Draw a card.)", "type": "Land", "types": ["Land"], "uuid": "2d6a1039-b936-5aa0-83f7-396278d81e41"}, {"artist": "Stephen Daniele", "artistIds": ["a267f9bb-072b-410a-a704-50f4d19020d8"], "availability": ["mtgo", "paper"], "boosterTypes": ["default"], "borderColor": "black", "colorIdentity": ["G"], "colors": [], "convertedManaCost": 0.0, "count": 2, "edhrecRank": 3809, "edhrecSaltiness": 0.05, "finishes": ["nonfoil"], "foreignData": [{"identifiers": {"scryfallId": "da1464f2-c1ee-47f3-b5ca-9ed77857a834"}, "language": "German", "name": "Schlüpfriger Karst", "text": "Der Schlüpfrige Karst kommt getappt ins Spiel.\n{T}: Erhöhe Deinen Manavorrat um G.\nUmwandlung 2", "type": "Land"}, {"identifiers": {"scryfallId": "153b7155-4382-4ecb-99a1-c3dfb4cac168"}, "language": "Spanish", "name": "Gruta resbaladiza"}, {"identifiers": {"scryfallId": "4ffd70ee-7fac-48d6-a507-1919baca8d7d"}, "language": "French", "name": "Karst glissant"}, {"identifiers": {"scryfallId": "ef13cd16-72a3-4463-8d2e-7f1fcb618aea"}, "language": "Italian", "name": "Carso Scivoloso"}, {"identifiers": {"scryfallId": "cbfa6afe-e3cb-4d3a-a3ed-2f7a11523681"}, "language": "Japanese", "name": "滑りやすいカルスト"}, {"identifiers": {"scryfallId": "fefff613-0803-4df5-bd87-0ea9b410e5e8"}, "language": "Portuguese (Brazil)", "name": "Carste Escorregadio"}], "frameVersion": "1997", "hasFoil": false, "hasNonFoil": true, "identifiers": {"cardsphereId": "46749", "mcmId": "10534", "mcmMetaId": "5314", "mtgjsonV4Id": "aabd97d7-5a70-5ca9-bc99-7032cb1bd7b9", "mtgoFoilId": "11926", "mtgoId": "11925", "multiverseId": "5803", "scryfallCardBackId": "0aeebaf5-8c7d-4636-9e82-8c27447861f7", "scryfallId": "6d01a6a7-c006-4fce-a546-8138baef421b", "scryfallIllustrationId": "0368ba96-efa8-4bde-847d-f9ad9288567c", "scryfallOracleId": "58bfd9a1-67ce-41d0-be38-f05addd1dd9e", "tcgplayerProductId": "7043"}, "isFoil": false, "keywords": ["Cycling"], "language": "English", "layout": "normal", "legalities": {"commander": "Legal", "duel": "Legal", "legacy": "Legal", "oathbreaker": "Legal", "pauper": "Legal", "paupercommander": "Legal", "predh": "Legal", "premodern": "Legal", "vintage": "Legal"}, "manaValue": 0.0, "name": "Slippery Karst", "number": "327", "originalText": "Slippery Karst comes into play tapped.\noc\nT: Add o\nG to your mana pool.\nCycling o2 (You may pay o2 and discard this card from your hand to draw a card. Play this ability as an instant.)", "originalType": "Land", "printings": ["ATH", "BRB", "BTD", "C13", "C14", "C15", "CMA", "DDD", "DMR", "GVL", "USG"], "purchaseUrls": {"cardmarket": "https://mtgjson.com/links/dcee7a5aa64e3841", "tcgplayer": "https://mtgjson.com/links/bbad403730e26dc0"}, "rarity": "common", "setCode": "USG", "sourceProducts": {"nonfoil": ["24c34c41-34ac-55ba-a4ff-ac9ee44f0366", "354f7dd5-ba02-5cb9-92d5-762754bbc748", "96772e6d-0aba-5362-ab10-d5f3f6d23634", "ade128d4-3feb-5e55-8240-b4366cee9b42", "c901ab11-9d40-5fc1-a603-470b42f4b48b"]}, "subtypes": [], "supertypes": [], "text": "Slippery Karst enters tapped.\n{T}: Add {G}.\nCycling {2} ({2}, Discard this card: Draw a card.)", "type": "Land", "types": ["Land"], "uuid": "b5aea189-5877-522e-824c-65c2cf2d35c5"}, {"artist": "John Avon", "artistIds": ["798f3932-30e0-4420-aa3f-db4d613f89ca"], "availability": ["mtgo", "paper"], "boosterTypes": ["default"], "borderColor": "black", "colorIdentity": ["B"], "colors": [], "convertedManaCost": 0.0, "count": 6, "edhrecSaltiness": 0.29, "finishes": ["nonfoil"], "foreignData": [{"identifiers": {"scryfallId": "64a72927-04c6-4157-825f-2df059c15822"}, "language": "German", "name": "Sumpf"}, {"identifiers": {"scryfallId": "3b96d6f8-f7c5-4778-96cc-2797e6448382"}, "language": "Spanish", "name": "Pantano"}, {"identifiers": {"scryfallId": "56c95185-481d-4968-a525-8cb3a225fe08"}, "language": "French", "name": "Marais"}, {"identifiers": {"scryfallId": "a7d191e2-bb02-426f-87a8-add20f3af096"}, "language": "Italian", "name": "Palude"}, {"identifiers": {"scryfallId": "460a6510-97d4-4d98-8767-76e1bd8019b4"}, "language": "Japanese", "name": "沼"}, {"identifiers": {"scryfallId": "c3eb1cf7-0cfe-4659-a4c9-d691e62743a1"}, "language": "Portuguese (Brazil)", "name": "Pântano"}], "frameVersion": "1997", "hasFoil": false, "hasNonFoil": true, "identifiers": {"cardsphereId": "46765", "mcmId": "10546", "mtgjsonV4Id": "ead89afb-f084-51e9-85aa-87a7bee3bfae", "mtgoFoilId": "11798", "mtgoId": "11797", "multiverseId": "8330", "scryfallCardBackId": "0aeebaf5-8c7d-4636-9e82-8c27447861f7", "scryfallId": "c04dac6d-a7c2-44ee-b735-bd4eade06e4e", "scryfallIllustrationId": "af0b892a-1a61-4293-b942-12c934600e49", "scryfallOracleId": "56719f6a-1a6c-4c0a-8d21-18f7d7350b68", "tcgplayerProductId": "18523"}, "isFoil": false, "isReprint": true, "language": "English", "layout": "normal", "legalities": {"alchemy": "Legal", "brawl": "Legal", "commander": "Legal", "duel": "Legal", "explorer": "Legal", "future": "Legal", "gladiator": "Legal", "historic": "Legal", "legacy": "Legal", "modern": "Legal", "oathbreaker": "Legal", "pauper": "Legal", "paupercommander": "Legal", "penny": "Legal", "pioneer": "Legal", "predh": "Legal", "premodern": "Legal", "standard": "Legal", "standardbrawl": "Legal", "timeless": "Legal", "vintage": "Legal"}, "manaValue": 0.0, "name": "Swamp", "number": "339", "originalText": "oc\nT: Add o\nB to your mana pool.", "originalType": "Land", "printings": ["10E", "2ED", "2XM", "30A", "3ED", "40K", "4BB", "4ED", "5ED", "6ED", "7ED", "8ED", "9ED", "ACR", "AFR", "AKH", "AKR", "ALA", "ANA", "ANB", "ARC", "ATH", "AVR", "BBD", "BFZ", "BLB", "BRB", "BRC", "BRO", "BTD", "C13", "C14", "C15", "C16", "C17", "C18", "C19", "CED", "CEI", "CHK", "CLB", "CLU", "CM2", "CMA", "CMD", "CMM", "CST", "DDC", "DDD", "DDE", "DDH", "DDJ", "DDK", "DDM", "DDN", "DDP", "DDQ", "DDR", "DKM", "DMR", "DMU", "DOM", "DPA", "DSK", "DTK", "DVD", "E01", "ELD", "FBB", "FDN", "FRF", "G17", "GK1", "GK2", "GN2", "GN3", "GNT", "GRN", "GVL", "H09", "HBG", "HOP", "HOU", "ICE", "IKO", "INV", "ISD", "ITP", "J14", "J22", "JMP", "KHM", "KLD", "KLR", "KTK", "LCI", "LEA", "LEB", "LRW", "LTR", "M10", "M11", "M12", "M13", "M14", "M15", "M19", "M20", "M21", "MBS", "MD1", "ME1", "ME3", "MH2", "MH3", "MID", "MIR", "MKM", "MMQ", "MOM", "MRD", "NEO", "NPH", "ODY", "OLEP", "ONE", "ONS", "ORI", "OTJ", "P02", "P23", "PAL00", "PAL01", "PAL03", "PAL04", "PAL05", "PAL06", "PAL99", "PALP", "PANA", "PARL", "PC2", "PCA", "PD3", "PELP", "PF19", "PF20", "PGPX", "PGRU", "PHUK", "PIP", "PLST", "PMPS", "PMPS06", "PMPS07", "PMPS08", "PMPS09", "PMPS10", "PMPS11", "POR", "PPP1", "PRM", "PRW2", "PRWK", "PS11", "PSAL", "PSS2", "PSS3", "PSS4", "PTC", "PTK", "RAV", "REX", "RIX", "RNA", "ROE", "RQS", "RTR", "S99", "SCD", "SHM", "SIR", "SLD", "SNC", "SOI", "SOM", "STX", "SUM", "TD0", "TD2", "THB", "THS", "TMP", "TPR", "TSP", "UGL", "UND", "UNF", "UNH", "USG", "UST", "VOW", "WAR", "WC01", "WC02", "WC03", "WC97", "WC98", "WC99", "WHO", "WOE", "XANA", "XLN", "ZEN", "ZNR"], "purchaseUrls": {"tcgplayer": "https://mtgjson.com/links/f133f0bb3bc8af86"}, "rarity": "common", "setCode": "USG", "sourceProducts": {"nonfoil": ["13e34096-9752-5d9f-9658-0ecd712e60cc", "243aa2b0-18ea-58f6-ab4a-9ec8d945ab79", "354f7dd5-ba02-5cb9-92d5-762754bbc748", "96772e6d-0aba-5362-ab10-d5f3f6d23634", "c7fb49ad-09ce-50bc-b8f6-552e0a96b994", "fc38f6c9-a9a2-544a-9b76-1a3a007e5ea5"]}, "subtypes": ["Swamp"], "supertypes": ["Basic"], "text": "({T}: Add {B}.)", "type": "Basic Land — Swamp", "types": ["Land"], "uuid": "fa45a692-879d-567d-8477-c2e5ef4cf3ff", "variations": ["70c732bd-81ac-5bcb-ae41-d86af16484eb", "9e16e053-eb3d-527d-8acb-f3679a96db8c", "61696d33-7e28-5d01-9599-383c5c5af12a"]}], "name": "Fiendish Nature - Enhanced Deck", "releaseDate": "1999-06-07", "sealedProductUuids": null, "sideBoard": [{"artist": "Richard Thomas", "artistIds": ["596b3aac-b331-4e1e-ae41-9ec2d3b653e1"], "availability": ["paper"], "boosterTypes": ["default"], "borderColor": "white", "colorIdentity": ["B"], "colors": ["B"], "convertedManaCost": 1.0, "count": 4, "edhrecRank": 22612, "edhrecSaltiness": 0.44, "finishes": ["nonfoil"], "flavorText": "\"These moonless, foreign skies keep me in thrall. Dark whispers echo in the night, and I cannot resist.\"\n—Selenia, dark angel", "foreignData": [{"identifiers": {"scryfallId": "6cebf2a3-d045-49c1-8197-87e57e2b31e1"}, "language": "German", "name": "Tiefe der Nacht", "text": "Alle weißen Kreaturen erhalten -1/-1.", "type": "Verzauberung"}, {"identifiers": {"scryfallId": "e3924b82-29bf-45f1-9419-69f0f4bff566"}, "language": "Spanish", "name": "Temor a la noche"}, {"identifiers": {"scryfallId": "efc3e55f-cde1-4555-894a-ada4577e5e4c"}, "language": "French", "name": "Effroi de la nuit"}, {"identifiers": {"scryfallId": "4d072f8b-7b18-4e14-97f2-0b99aab23a36"}, "language": "Italian", "name": "Terrore della Notte"}, {"identifiers": {"scryfallId": "b11738f9-5776-43fc-ae2e-3dfb658b7786"}, "language": "Japanese", "name": "夜の戦慄"}, {"identifiers": {"scryfallId": "6b9ce865-7ece-4dc6-bdfe-cc25ba323d6c"}, "language": "Portuguese (Brazil)", "name": "Pavor da Noite"}], "frameVersion": "1997", "hasFoil": false, "hasNonFoil": true, "identifiers": {"cardsphereId": "1672", "mcmId": "10965", "mtgjsonV4Id": "922dade6-d714-54f9-8535-50c9195131bb", "multiverseId": "14580", "scryfallCardBackId": "0aeebaf5-8c7d-4636-9e82-8c27447861f7", "scryfallId": "a4105fb4-ab13-4a34-810b-1d294c5a6eee", "scryfallIllustrationId": "53acb887-8d85-4539-93e3-932d34d80dc8", "scryfallOracleId": "b431a73b-cf4c-4154-810f-82b7c6099e66", "tcgplayerProductId": "2531"}, "isFoil": false, "isReprint": true, "language": "English", "layout": "normal", "legalities": {"commander": "Legal", "duel": "Legal", "legacy": "Legal", "oathbreaker": "Legal", "predh": "Legal", "premodern": "Legal", "vintage": "Legal"}, "manaCost": "{B}", "manaValue": 1.0, "name": "Dread of Night", "number": "122", "originalText": "White creatures get -1/-1.", "originalType": "Enchantment", "printings": ["6ED", "TMP", "WC98"], "purchaseUrls": {"tcgplayer": "https://mtgjson.com/links/acc151e340625151"}, "rarity": "uncommon", "setCode": "6ED", "sourceProducts": {"nonfoil": ["45c579b9-6951-59e1-8d30-f44a600f2a56", "55e22afb-ad7d-52cd-ab52-056e3a9705b0"]}, "subtypes": [], "supertypes": [], "text": "White creatures get -1/-1.", "type": "Enchantment", "types": ["Enchantment"], "uuid": "51944792-fda0-5938-b5aa-87eae19a9c20"}, {"artist": "Ron Spencer", "artistIds": ["dab52c11-0564-4207-a4a1-c1735c946a65"], "availability": ["paper"], "boosterTypes": ["default"], "borderColor": "white", "colorIdentity": ["B"], "colors": ["B"], "convertedManaCost": 2.0, "count": 1, "edhrecRank": 7245, "edhrecSaltiness": 0.11, "finishes": ["nonfoil"], "foreignData": [{"identifiers": {"scryfallId": "ed454839-1196-4321-b191-7bfbbd206aad"}, "language": "German", "name": "Terror", "text": "Zerstöre eine nichtschwarze Nichtartefaktkreatur Deiner Wahl. Diese kann nicht regeneriert werden.", "type": "Spontanzauber"}, {"identifiers": {"scryfallId": "9de1d866-2469-4f11-8688-73ff35f75f9c"}, "language": "Spanish", "name": "Terror"}, {"identifiers": {"scryfallId": "ca2bcbad-99a1-433e-a9b9-5ae88f9cc2ae"}, "language": "French", "name": "Terreur"}, {"identifiers": {"scryfallId": "f5e1246b-51d9-4e15-bb28-2d2df1fa583d"}, "language": "Italian", "name": "Terrore"}, {"identifiers": {"scryfallId": "d7125aa4-57b5-477d-af3d-e34a88f31b57"}, "language": "Japanese", "name": "恐怖"}, {"identifiers": {"scryfallId": "1b2c9883-c021-456f-a109-8205b58df9f6"}, "language": "Portuguese (Brazil)", "name": "Terror"}], "frameVersion": "1997", "hasFoil": false, "hasNonFoil": true, "identifiers": {"cardsphereId": "1906", "mcmId": "11003", "mtgjsonV4Id": "8a4219c1-4c61-5531-adbd-578885cc3bf6", "multiverseId": "16624", "scryfallCardBackId": "0aeebaf5-8c7d-4636-9e82-8c27447861f7", "scryfallId": "fe73e689-b9da-4b1e-9809-c25056c06048", "scryfallIllustrationId": "f868fd9b-79d8-4269-b13d-3b41bc586895", "scryfallOracleId": "b81f041d-98db-4408-9472-c483e4a502bc", "tcgplayerProductId": "2766"}, "isFoil": false, "isReprint": true, "language": "English", "layout": "normal", "legalities": {"commander": "Legal", "duel": "Legal", "legacy": "Legal", "modern": "Legal", "oathbreaker": "Legal", "oldschool": "Legal", "pauper": "Legal", "paupercommander": "Legal", "penny": "Legal", "predh": "Legal", "premodern": "Legal", "vintage": "Legal"}, "manaCost": "{1}{B}", "manaValue": 2.0, "name": "Terror", "number": "160", "originalText": "Destroy target nonartifact, nonblack creature. It can't be regenerated.", "originalType": "Instant", "printings": ["10E", "2ED", "30A", "3ED", "4BB", "4ED", "5ED", "6ED", "ATH", "BRB", "BTD", "CED", "CEI", "DMR", "DPA", "FBB", "FNM", "ITP", "LEA", "LEB", "ME4", "MRD", "P05", "PLST", "PRM", "PS11", "RQS", "SLD", "SUM", "TD0"], "purchaseUrls": {"tcgplayer": "https://mtgjson.com/links/a4126fb3edf179fc"}, "rarity": "common", "setCode": "6ED", "sourceProducts": {"nonfoil": ["45c579b9-6951-59e1-8d30-f44a600f2a56", "55e22afb-ad7d-52cd-ab52-056e3a9705b0", "8b18a7df-17b2-557c-bb4d-aa66ad5afd8f", "b5ad501f-0aba-503e-ae55-d66e1b27de1b"]}, "subtypes": [], "supertypes": [], "text": "Destroy target nonartifact, nonblack creature. It can't be regenerated.", "type": "Instant", "types": ["Instant"], "uuid": "f81623bb-ddb6-5a40-8d01-f03e1f31ca23"}, {"artist": "Terese Nielsen", "artistIds": ["eb55171c-2342-45f4-a503-2d5a75baf752"], "availability": ["mtgo", "paper"], "boosterTypes": ["default"], "borderColor": "black", "colorIdentity": ["G"], "colors": ["G"], "convertedManaCost": 3.0, "count": 1, "edhrecRank": 14189, "edhrecSaltiness": 1.64, "finishes": ["nonfoil"], "flavorText": "\"One day we shall walk where once was water.\"\n—Eladamri, Lord of Leaves", "foreignData": [{"identifiers": {"scryfallId": "0cd7d2a8-b985-42db-a895-3b0948c18e0d"}, "language": "German", "name": "Überwucherung", "text": "Inseln enttappen nicht während der Enttap-Phase ihrer Beherrscher.", "type": "Verzauberung"}, {"identifiers": {"scryfallId": "74856f00-b42f-42e9-9f28-882e64bd89bc"}, "language": "Spanish", "name": "Atoramiento"}, {"identifiers": {"scryfallId": "0904f61c-185b-48a3-9455-2d361369cfe0"}, "language": "French", "name": "Suffocation"}, {"identifiers": {"scryfallId": "ac6c8a6a-0ab2-43a5-aafa-5c2bba8cea04"}, "language": "Italian", "name": "Soffocamento"}, {"identifiers": {"scryfallId": "a7145b4d-4313-465d-942f-e73553346e73"}, "language": "Japanese", "name": "窒息"}, {"identifiers": {"scryfallId": "7a5dc451-2f18-45ef-90a3-c9fb0d561f95"}, "language": "Portuguese (Brazil)", "name": "Sufocar"}], "frameVersion": "1997", "hasFoil": false, "hasNonFoil": true, "identifiers": {"cardsphereId": "43104", "mcmId": "8848", "mcmMetaId": "967", "mtgjsonV4Id": "95937e8c-49b6-51c5-9010-20e2339bc2a7", "mtgoFoilId": "10034", "mtgoId": "10033", "multiverseId": "4753", "scryfallCardBackId": "0aeebaf5-8c7d-4636-9e82-8c27447861f7", "scryfallId": "e2f85205-3c4f-4411-b09c-d1271be56dde", "scryfallIllustrationId": "c9a00403-9b97-40d3-89c9-f144c31e9a7e", "scryfallOracleId": "057fa60b-10b0-4612-be0d-157076c82241", "tcgplayerProductId": "5486"}, "isFoil": false, "language": "English", "layout": "normal", "legalities": {"commander": "Legal", "duel": "Legal", "legacy": "Legal", "modern": "Legal", "oathbreaker": "Legal", "predh": "Legal", "premodern": "Legal", "vintage": "Legal"}, "manaCost": "{2}{G}", "manaValue": 3.0, "name": "Choke", "number": "219", "originalText": "Islands do not untap during their controllers' untap phases.", "originalType": "Enchantment", "printings": ["8ED", "MP2", "TMP", "WC99"], "purchaseUrls": {"cardmarket": "https://mtgjson.com/links/5d255270c692656e", "tcgplayer": "https://mtgjson.com/links/a5ca41797b62176c"}, "rarity": "uncommon", "setCode": "TMP", "sourceProducts": {"nonfoil": ["21b87b9c-d0f2-5a4b-aee7-163c9813a3aa", "96d0588c-79f4-53ac-bb27-23020e7d60a7"]}, "subtypes": [], "supertypes": [], "text": "Islands don't untap during their controllers' untap steps.", "type": "Enchantment", "types": ["Enchantment"], "uuid": "01cfeb86-c276-5644-8d42-e93065baaee2"}, {"artist": "Kev Walker", "artistIds": ["f366a0ee-a0cd-466d-ba6a-90058c7a31a6"], "availability": ["mtgo", "paper"], "boosterTypes": ["default"], "borderColor": "black", "colorIdentity": ["B"], "colors": ["B"], "convertedManaCost": 4.0, "count": 2, "edhrecRank": 21755, "edhrecSaltiness": 0.12, "finishes": ["nonfoil", "foil"], "foreignData": [{"identifiers": {"scryfallId": "242e3b75-1431-4bef-9bec-70b3123b0d75"}, "language": "German", "name": "Ausrotten", "text": "Entferne eine nichtschwarze Kreatur Deiner Wahl ganz aus dem Spiel. Durchsuche den Friedhof, die Bibliothek und die Karten auf der Hand des Beherrschers dieser Kreatur nach Kopien dieser Karte und entferne diese ebenfalls ganz aus dem Spiel. Dieser Spieler mischt seine Bibliothek danach.", "type": "Hexerei"}, {"identifiers": {"scryfallId": "66b3c1df-9fff-43b1-867a-6744ba0f513d"}, "language": "Spanish", "name": "Erradicar"}, {"identifiers": {"scryfallId": "a4b89310-6707-4556-a44b-924eaefcaad8"}, "language": "French", "name": "Eradication Rigoureuse"}, {"identifiers": {"scryfallId": "6562aef6-4d69-4489-a8c2-10fa15d1d79b"}, "language": "Italian", "name": "Estirpare"}, {"identifiers": {"scryfallId": "2fac04f6-bc19-4cfc-8a45-ac671ee8119e"}, "language": "Japanese", "name": "撲滅"}, {"identifiers": {"scryfallId": "3fcee89b-ddb2-484a-96e0-ba674798b813"}, "language": "Portuguese (Brazil)", "name": "Erradicar"}], "frameVersion": "1997", "hasFoil": true, "hasNonFoil": true, "identifiers": {"cardsphereFoilId": "45973", "cardsphereId": "45974", "mcmId": "10760", "mcmMetaId": "1844", "mtgjsonV4Id": "24ae216d-4104-54c5-b929-8e194893f854", "mtgoFoilId": "12848", "mtgoId": "12847", "multiverseId": "15186", "scryfallCardBackId": "0aeebaf5-8c7d-4636-9e82-8c27447861f7", "scryfallId": "0fad4607-c11d-4407-b5fa-bd34f74e41b3", "scryfallIllustrationId": "5f627aee-791d-4f72-8371-5b68bd4defb9", "scryfallOracleId": "782ff740-ff43-4c07-af0b-433cb9770661", "tcgplayerProductId": "6168"}, "isFoil": false, "language": "English", "layout": "normal", "legalities": {"commander": "Legal", "duel": "Legal", "legacy": "Legal", "modern": "Legal", "oathbreaker": "Legal", "penny": "Legal", "predh": "Legal", "premodern": "Legal", "vintage": "Legal"}, "manaCost": "{2}{B}{B}", "manaValue": 4.0, "name": "Eradicate", "number": "60", "originalText": "Remove target nonblack creature from the game. Search its controller's graveyard, hand, and library for all copies of that card and remove them from the game. That player then shuffles his or her library.", "originalType": "Sorcery", "printings": ["BOK", "UDS"], "purchaseUrls": {"cardmarket": "https://mtgjson.com/links/1502ab76bfc110bd", "tcgplayer": "https://mtgjson.com/links/1b263b8bb12a83b9"}, "rarity": "uncommon", "rulings": [{"date": "2004-10-04", "text": "Does not exile other cards of the same name that are on the battlefield. Just from the graveyard, hand, and library."}, {"date": "2004-10-04", "text": "If a copy card is targeted by this effect, you get to look for another copy of the card it is copying. This is because a copy card actually takes on the name and initial characteristics of what it copies."}, {"date": "2004-10-04", "text": "Use the name of the card as it leaves the battlefield."}, {"date": "2005-02-01", "text": "If you manage to turn a land (such as a Forest or Stalking Stones) into a creature, you can indeed use this effect on that basic land type. Eradicate’s exile effect only looks for cards by name, not type."}, {"date": "2005-02-01", "text": "The copies must be found if they are in publicly viewable zones. Finding copies while searching private zones is optional."}, {"date": "2012-05-01", "text": "A face-down creature has no name, so no card can possibly share a name with it (not even other cards with no name). If you Eradicate a face-down creature you will still search its controller’s library, but you won’t be able to exile any cards from that library."}], "setCode": "UDS", "sourceProducts": {"foil": ["22c253fe-3bba-5b0d-8cf8-faea1fa154a3"], "nonfoil": ["22c253fe-3bba-5b0d-8cf8-faea1fa154a3", "243aa2b0-18ea-58f6-ab4a-9ec8d945ab79"]}, "subtypes": [], "supertypes": [], "text": "Exile target nonblack creature. Search its controller's graveyard, hand, and library for all cards with the same name as that creature and exile them. Then that player shuffles.", "type": "Sorcery", "types": ["Sorcery"], "uuid": "473abae9-677b-5b72-8941-74a34d7c466b"}, {"artist": "Daren Bader", "artistIds": ["7da1a585-c875-45e4-b322-5da9e8e1f651"], "availability": ["mtgo", "paper"], "boosterTypes": ["default"], "borderColor": "black", "colorIdentity": ["G"], "colors": ["G"], "convertedManaCost": 4.0, "count": 1, "edhrecRank": 22804, "edhrecSaltiness": 0.21, "finishes": ["nonfoil", "foil"], "foreignData": [{"identifiers": {"scryfallId": "a1ec3354-8147-460e-99ab-fb78ed4b4b19"}, "language": "German", "name": "Sorgfältige Zerstörung", "text": "Entferne ein Artefakt Deiner Wahl ganz aus dem Spiel. Durchsuche den Friedhof, die Bibliothek und die Karten auf der Hand des Beherrschers dieses Artefakts nach Kopien dieser Karte und entferne diese ganz aus dem Spiel. Dieser Spieler mischt seine Bibliothek danach.", "type": "Hexerei"}, {"identifiers": {"scryfallId": "193581dd-da18-445e-bd54-25a8283aecd3"}, "language": "Spanish", "name": "Astillar"}, {"identifiers": {"scryfallId": "4f183b22-e892-4690-86e8-f62aaf01c88e"}, "language": "French", "name": "Démantèlement Rigoureux"}, {"identifiers": {"scryfallId": "66103368-9163-4b34-b2b7-0675292e82d7"}, "language": "Italian", "name": "Scheggia"}, {"identifiers": {"scryfallId": "e13b0e9e-6dfd-43f3-af9d-5e6252d40d9a"}, "language": "Japanese", "name": "木っ端みじん"}, {"identifiers": {"scryfallId": "8c318a12-33a6-456a-97b4-50703040389c"}, "language": "Portuguese (Brazil)", "name": "Lasca"}], "frameVersion": "1997", "hasFoil": true, "hasNonFoil": true, "identifiers": {"cardsphereFoilId": "46139", "cardsphereId": "46140", "mcmId": "10821", "mcmMetaId": "5523", "mtgjsonV4Id": "27c2c2cb-6e42-51bd-8e12-e72967a5afb7", "mtgoFoilId": "12878", "mtgoId": "12877", "multiverseId": "15208", "scryfallCardBackId": "0aeebaf5-8c7d-4636-9e82-8c27447861f7", "scryfallId": "eb32175c-f2e6-460b-b4bf-dd85cac3eb4f", "scryfallIllustrationId": "5b55e86e-d0fe-451b-9f8f-aaf209df285c", "scryfallOracleId": "90f01e9f-68f1-4e41-97dc-8de990a91504", "tcgplayerProductId": "6251"}, "isFoil": false, "language": "English", "layout": "normal", "legalities": {"commander": "Legal", "duel": "Legal", "legacy": "Legal", "modern": "Legal", "oathbreaker": "Legal", "predh": "Legal", "premodern": "Legal", "vintage": "Legal"}, "manaCost": "{2}{G}{G}", "manaValue": 4.0, "name": "Splinter", "number": "121", "originalText": "Remove target artifact from the game. Search its controller's graveyard, hand, and library for all copies of that card and remove them from the game. That player then shuffles his or her library.", "originalType": "Sorcery", "printings": ["BOK", "UDS", "WC00"], "purchaseUrls": {"cardmarket": "https://mtgjson.com/links/242901f03f997828", "tcgplayer": "https://mtgjson.com/links/28ba665f7b0aa6f0"}, "rarity": "uncommon", "rulings": [{"date": "2004-10-04", "text": "Does not exile other cards of the same name that are on the battlefield. Just from the graveyard, hand, and library."}, {"date": "2005-02-01", "text": "Splinter can target and exile cards that aren’t always artifacts, but are artifacts when Splinter is cast and resolves (such as an animated Stalking Stones). Splinter’s exile effect only looks for cards by name, not type."}, {"date": "2005-02-01", "text": "The copies must be found if they are in publicly viewable zones. Finding copies while searching private zones is optional."}], "setCode": "UDS", "sourceProducts": {"foil": ["22c253fe-3bba-5b0d-8cf8-faea1fa154a3"], "nonfoil": ["22c253fe-3bba-5b0d-8cf8-faea1fa154a3", "354f7dd5-ba02-5cb9-92d5-762754bbc748"]}, "subtypes": [], "supertypes": [], "text": "Exile target artifact. Search its controller's graveyard, hand, and library for all cards with the same name as that artifact and exile them. Then that player shuffles.", "type": "Sorcery", "types": ["Sorcery"], "uuid": "dc68a089-ecaf-58a6-8967-505405fbc441"}, {"artist": "Brom", "artistIds": ["bd79c951-2552-45dd-aae7-a333c2b7c1ef"], "availability": ["mtgo", "paper"], "boosterTypes": ["default"], "borderColor": "black", "colorIdentity": ["B"], "colors": ["B"], "convertedManaCost": 4.0, "count": 2, "edhrecRank": 26552, "finishes": ["nonfoil"], "flavorText": "\"With the completion of each joyous task, we are closer to Yawgmoth's divine vision.\"\n—Stronghold architect, journal", "foreignData": [{"identifiers": {"scryfallId": "47ba1066-c1be-432e-a600-5a3d182f2ea2"}, "language": "German", "name": "Aufseher der Felsenburg", "text": "Alle anderen schwarzen Kreaturen erhalten -1/-1.", "type": "Beschwörung eines Dieners"}, {"identifiers": {"scryfallId": "ee688418-a656-46e3-9ff9-d191321b9816"}, "language": "Spanish", "name": "Capataz de la Fortaleza"}, {"identifiers": {"scryfallId": "4785f184-3219-4297-a2d6-be46c5bb00bc"}, "language": "French", "name": "Maton de la forteresse"}, {"identifiers": {"scryfallId": "8ae97a70-0d0e-440c-87b0-0d05aa74e6c3"}, "language": "Italian", "name": "Sorvegliante della Fortezza"}, {"identifiers": {"scryfallId": "de41496d-95e7-4437-83ae-365d7f6ab23c"}, "language": "Japanese", "name": "要塞の監督官"}, {"identifiers": {"scryfallId": "9f881127-833b-4c79-b594-198b6871c0fb"}, "language": "Portuguese (Brazil)", "name": "Capataz da Fortaleza"}], "frameVersion": "1997", "hasFoil": false, "hasNonFoil": true, "identifiers": {"cardsphereId": "43044", "mcmId": "9107", "mcmMetaId": "5673", "mtgjsonV4Id": "e11bfd77-b3b6-5b1b-a5d2-9a9b3bb8b780", "mtgoFoilId": "10406", "mtgoId": "10405", "multiverseId": "5249", "scryfallCardBackId": "0aeebaf5-8c7d-4636-9e82-8c27447861f7", "scryfallId": "6171c210-01b5-45a9-9dd3-dbf96a33a750", "scryfallIllustrationId": "7e970560-4d9c-4da5-9b88-9e3de4d82e96", "scryfallOracleId": "7a2b134d-9d7e-4d43-98fc-c776fc4bad45", "tcgplayerProductId": "5426"}, "isFoil": false, "language": "English", "layout": "normal", "legalities": {"commander": "Legal", "duel": "Legal", "legacy": "Legal", "oathbreaker": "Legal", "paupercommander": "Restricted", "penny": "Legal", "predh": "Legal", "premodern": "Legal", "vintage": "Legal"}, "manaCost": "{2}{B}{B}", "manaValue": 4.0, "name": "Stronghold Taskmaster", "number": "72", "originalText": "All other black creatures get -1/-1.", "originalType": "Summon - Minion", "power": "4", "printings": ["STH"], "purchaseUrls": {"cardmarket": "https://mtgjson.com/links/988bae7d5377897e", "tcgplayer": "https://mtgjson.com/links/e5c4faf66d7582ff"}, "rarity": "uncommon", "setCode": "STH", "sourceProducts": {"nonfoil": ["424005f9-6be0-57e7-87f4-940a12071a8a"]}, "subtypes": ["Giant", "Minion"], "supertypes": [], "text": "Other black creatures get -1/-1.", "toughness": "3", "type": "Creature — Giant Minion", "types": ["Creature"], "uuid": "dffe1042-6537-5186-93bb-bcb7f2fe9e77"}, {"artist": "Charles Gillespie", "artistIds": ["ec2c14ea-79eb-4c55-963f-c46f7cef1c22"], "availability": ["mtgo", "paper"], "boosterTypes": ["default"], "borderColor": "black", "colorIdentity": ["B"], "colors": ["B"], "convertedManaCost": 5.0, "count": 1, "edhrecRank": 470, "edhrecSaltiness": 0.88, "finishes": ["nonfoil"], "foreignData": [{"identifiers": {"scryfallId": "39968333-0d6b-44b0-b860-c774bb89833f"}, "language": "German", "name": "Lebende Tote", "text": "Lege alle Kreaturenkarten aus allen Friedhöfen zur Seite. Lege dann jede Kreatur, die im Spiel ist, auf die Friedhöfe ihrer Besitzer. Bringe danach alle Kreaturen, die auf diese Art zur Seite gelegt wurden, direkt unter der Kontrolle ihrer Besitzer ins Spiel.", "type": "Hexerei"}, {"identifiers": {"scryfallId": "7b70b1f9-c595-4d65-acbe-f832aceef2cd"}, "language": "Spanish", "name": "La muerte de los vivos"}, {"identifiers": {"scryfallId": "05d9ba18-793a-4057-a6a0-4beb2a8294a5"}, "language": "French", "name": "Mort vivante"}, {"identifiers": {"scryfallId": "29e1b6ee-a826-4d9b-b512-017017d75b2c"}, "language": "Italian", "name": "Morte Vivente"}, {"identifiers": {"scryfallId": "6eb24466-64f7-48cb-9773-bb0bfd8a0041"}, "language": "Japanese", "name": "生ける屍"}, {"identifiers": {"scryfallId": "73c91e78-4bbd-46c2-b67f-05d8fa9c61c1"}, "language": "Portuguese (Brazil)", "name": "Morte Viva"}], "frameVersion": "1997", "hasFoil": false, "hasNonFoil": true, "identifiers": {"cardsphereId": "43231", "mcmId": "8771", "mcmMetaId": "3322", "mtgjsonV4Id": "59310f7d-b61f-5374-8c2d-5e65ca3bafb1", "mtgoFoilId": "9796", "mtgoId": "9795", "multiverseId": "4671", "scryfallCardBackId": "0aeebaf5-8c7d-4636-9e82-8c27447861f7", "scryfallId": "6c820476-fbda-4073-baf6-51e71f45ed58", "scryfallIllustrationId": "f6bb80d3-d715-44a1-9160-d476b9588330", "scryfallOracleId": "9e6a3df4-67a3-452e-a6ef-f04dbadb21ef", "tcgplayerProductId": "5613"}, "isFoil": false, "language": "English", "layout": "normal", "legalities": {"commander": "Legal", "duel": "Legal", "legacy": "Legal", "oathbreaker": "Legal", "predh": "Legal", "premodern": "Legal", "vintage": "Legal"}, "manaCost": "{3}{B}{B}", "manaValue": 5.0, "name": "Living Death", "number": "142", "originalText": "Set aside all creature cards in all graveyards. Then, put each creature that is in play into its owner's graveyard. Then, put each creature card set aside in this way into play under its owner's control.", "originalType": "Sorcery", "printings": ["40K", "A25", "BRB", "CM2", "CMD", "DDE", "DSC", "G03", "LTC", "PLST", "PRM", "TMP", "TPR", "V14", "VMA"], "purchaseUrls": {"cardmarket": "https://mtgjson.com/links/934f5258000a00f5", "tcgplayer": "https://mtgjson.com/links/f7500144c49b72ba"}, "rarity": "rare", "rulings": [{"date": "2018-03-16", "text": "As Living Death resolves, all players exile their creature cards from graveyards at the same time. Then all players sacrifice all creatures they control at the same time. Then all players put all creatures they exiled onto the battlefield at the same time."}, {"date": "2018-03-16", "text": "Only cards exiled by Living Death's first instruction are put onto the battlefield. If a replacement effect (such as that of Leyline of the Void) causes any of the sacrificed creatures to be exiled instead of put into a graveyard, those cards aren't returned to the battlefield."}], "setCode": "TMP", "sourceProducts": {"nonfoil": ["21b87b9c-d0f2-5a4b-aee7-163c9813a3aa", "96d0588c-79f4-53ac-bb27-23020e7d60a7"]}, "subtypes": [], "supertypes": [], "text": "Each player exiles all creature cards from their graveyard, then sacrifices all creatures they control, then puts all cards they exiled this way onto the battlefield.", "type": "Sorcery", "types": ["Sorcery"], "uuid": "f9d34eca-e79f-540c-b995-ca0c0b3b4c33"}, {"artist": "Jeff Laubenstein", "artistIds": ["7c5b6391-2a5a-4b78-b19d-2b181149cb0f"], "availability": ["mtgo", "paper"], "boosterTypes": ["default"], "borderColor": "black", "colorIdentity": ["G"], "colors": ["G"], "convertedManaCost": 5.0, "count": 3, "edhrecRank": 26706, "edhrecSaltiness": 0.17, "finishes": ["nonfoil"], "flavorText": "It possesses no intelligence, only counter-intelligence.", "foreignData": [{"identifiers": {"scryfallId": "ce24b862-5d67-43ac-8dae-31b115ede07c"}, "language": "German", "name": "Skragnoth", "text": "Schutz vor Blau\nWährend der Skragnoth gesprochen wird, kann er nicht neutralisiert werden.", "type": "Beschwörung einer Bestie"}, {"identifiers": {"scryfallId": "092c5820-4c23-4ba4-bf64-e4e490991d1b"}, "language": "Spanish", "name": "Scragnot"}, {"identifiers": {"scryfallId": "3d9a0238-be3c-4356-9347-e39315d52d03"}, "language": "French", "name": "Scraignoss"}, {"identifiers": {"scryfallId": "e74049eb-ecf2-424d-be83-6ecb5d3511d6"}, "language": "Italian", "name": "Scragnoth"}, {"identifiers": {"scryfallId": "c977ba90-2096-46a8-a165-f60b767c5400"}, "language": "Japanese", "name": "スクラーグノス"}, {"identifiers": {"scryfallId": "dcd00f8f-f5c4-4dd2-b4f1-a82764576e64"}, "language": "Portuguese (Brazil)", "name": "Scragnoth"}], "frameVersion": "1997", "hasFoil": false, "hasNonFoil": true, "identifiers": {"cardsphereId": "43330", "mcmId": "8882", "mcmMetaId": "4974", "mtgjsonV4Id": "1e4e5e13-ace8-5d53-9a3e-52c840a2bf89", "mtgoFoilId": "10008", "mtgoId": "10007", "multiverseId": "4787", "scryfallCardBackId": "0aeebaf5-8c7d-4636-9e82-8c27447861f7", "scryfallId": "d80f7fa7-e7c4-4fc4-99bf-8a8502965fc8", "scryfallIllustrationId": "60f0f407-1b72-487c-a7e1-0621e6b9b947", "scryfallOracleId": "9e66f2d6-cc51-4747-914d-2c04e439da2b", "tcgplayerProductId": "5712"}, "isFoil": false, "keywords": ["Protection"], "language": "English", "layout": "normal", "legalities": {"commander": "Legal", "duel": "Legal", "legacy": "Legal", "modern": "Legal", "oathbreaker": "Legal", "paupercommander": "Restricted", "penny": "Legal", "predh": "Legal", "premodern": "Legal", "vintage": "Legal"}, "manaCost": "{4}{G}", "manaValue": 5.0, "name": "Scragnoth", "number": "253", "originalText": "Protection from blue\nWhile Scragnoth is being cast, it cannot be countered.", "originalType": "Summon - Beast", "power": "3", "printings": ["F03", "PLST", "PRM", "TMP", "TSB"], "purchaseUrls": {"cardmarket": "https://mtgjson.com/links/d0b9e9a46f4fb74d", "tcgplayer": "https://mtgjson.com/links/289028b51a3d0d5e"}, "rarity": "uncommon", "rulings": [{"date": "2004-10-04", "text": "Side-effects of spells that would counter this card will still happen, because they happen even if the spell they’re trying to counter can’t be countered."}, {"date": "2004-10-04", "text": "Spells can target Scragnoth and affect it while it is on the stack. Only effects that counter spells are ignored."}, {"date": "2004-10-04", "text": "Spells with a side effect that only happens if a spell is countered do not have their side effect happen when the countering fails."}], "setCode": "TMP", "sourceProducts": {"nonfoil": ["21b87b9c-d0f2-5a4b-aee7-163c9813a3aa", "96d0588c-79f4-53ac-bb27-23020e7d60a7"]}, "subtypes": ["Beast"], "supertypes": [], "text": "This spell can't be countered.\nProtection from blue", "toughness": "4", "type": "Creature — Beast", "types": ["Creature"], "uuid": "60208f44-3abb-554e-beab-ec1831cdd033"}], "type": "Enhanced Deck"}}