{"meta": {"date": "2024-09-03", "version": "5.2.2+20240903"}, "data": {"code": "PAST", "commander": [], "mainBoard": [{"artist": "Christopher Rush", "artistIds": ["c96773f0-346c-4f7d-9271-2d98cc5d86e1"], "availability": ["paper"], "boosterTypes": ["default"], "borderColor": "white", "colorIdentity": ["G"], "colors": [], "convertedManaCost": 0.0, "count": 22, "edhrecSaltiness": 0.35, "finishes": ["nonfoil"], "foreignData": [{"identifiers": {"scryfallId": "1bb7c7c6-d299-456f-ba18-f2e22e08dae4"}, "language": "German", "name": "Wald"}, {"identifiers": {"scryfallId": "48319343-55b9-439a-ab83-ba1faf78e3ae"}, "language": "French", "name": "Forêt"}, {"identifiers": {"scryfallId": "5d7c3f4d-b053-462f-a9e5-45cef228fc20"}, "language": "Italian", "name": "Foresta"}], "frameVersion": "1993", "hasFoil": false, "hasNonFoil": true, "identifiers": {"cardsphereId": "39146", "mcmId": "5812", "mtgjsonV4Id": "7df6d639-627d-5c1e-943b-891ec788d6ca", "multiverseId": "1388", "scryfallCardBackId": "0aeebaf5-8c7d-4636-9e82-8c27447861f7", "scryfallId": "b6e1c2e9-5572-4242-985d-f509d628092b", "scryfallIllustrationId": "a65460f1-5185-4bae-94bd-ed49a330d505", "scryfallOracleId": "b34bb2dc-c1af-4d77-b0b3-a0fb342a5fc6", "tcgplayerProductId": "1423"}, "isFoil": false, "isReprint": true, "language": "English", "layout": "normal", "legalities": {"alchemy": "Legal", "brawl": "Legal", "commander": "Legal", "duel": "Legal", "explorer": "Legal", "future": "Legal", "gladiator": "Legal", "historic": "Legal", "legacy": "Legal", "modern": "Legal", "oathbreaker": "Legal", "oldschool": "Legal", "pauper": "Legal", "paupercommander": "Legal", "penny": "Legal", "pioneer": "Legal", "predh": "Legal", "premodern": "Legal", "standard": "Legal", "standardbrawl": "Legal", "timeless": "Legal", "vintage": "Legal"}, "manaValue": 0.0, "name": "Forest", "number": "304", "originalText": "oc\nT: Add o\nG to your mana pool.", "originalType": "Land", "printings": ["10E", "2ED", "2XM", "30A", "3ED", "40K", "4BB", "4ED", "5ED", "6ED", "7ED", "8ED", "9ED", "ACR", "AFR", "AKH", "AKR", "ALA", "ANA", "ANB", "ARC", "ATH", "AVR", "BBD", "BFZ", "BLB", "BRB", "BRO", "BTD", "C13", "C14", "C15", "C16", "C17", "C18", "C19", "CED", "CEI", "CHK", "CLB", "CLU", "CM2", "CMA", "CMD", "CMM", "CMR", "CST", "DD1", "DDD", "DDE", "DDG", "DDH", "DDJ", "DDL", "DDM", "DDO", "DDP", "DDR", "DDS", "DDU", "DKM", "DMR", "DMU", "DOM", "DPA", "DSK", "DTK", "E01", "ELD", "EVG", "FBB", "FRF", "G17", "GK1", "GK2", "GN2", "GN3", "GNT", "GRN", "GS1", "GVL", "H09", "HBG", "HOP", "HOU", "ICE", "IKO", "INV", "ISD", "ITP", "J14", "J22", "JMP", "KHM", "KLD", "KLR", "KTK", "LCI", "LEA", "LEB", "LRW", "LTR", "M10", "M11", "M12", "M13", "M14", "M15", "M19", "M20", "M21", "MBS", "ME1", "ME3", "MH2", "MH3", "MID", "MIR", "MKM", "MMQ", "MOM", "MRD", "NEO", "NPH", "ODY", "OLEP", "ONE", "ONS", "ORI", "OTJ", "P02", "P23", "PAL00", "PAL01", "PAL03", "PAL04", "PAL05", "PAL06", "PAL99", "PALP", "PANA", "PARL", "PC2", "PCA", "PELP", "PF19", "PF20", "PGPX", "PGRU", "PIP", "PLST", "PMPS", "PMPS06", "PMPS07", "PMPS08", "PMPS09", "PMPS10", "PMPS11", "POR", "PPP1", "PRM", "PRW2", "PRWK", "PS11", "PSAL", "PSS2", "PSS3", "PSS4", "PTC", "PTK", "PZ2", "RAV", "REX", "RIX", "RNA", "ROE", "RQS", "RTR", "S99", "SCD", "SHM", "SIR", "SLD", "SNC", "SOI", "SOM", "STX", "SUM", "TD0", "TD2", "THB", "THS", "TMP", "TPR", "TSP", "UGL", "UND", "UNF", "UNH", "USG", "UST", "VOW", "WAR", "WC00", "WC01", "WC02", "WC03", "WC04", "WC97", "WC98", "WC99", "WHO", "WOE", "XANA", "XLN", "ZEN", "ZNR"], "purchaseUrls": {"tcgplayer": "https://mtgjson.com/links/c1dc356075b8bc6a"}, "rarity": "common", "setCode": "3ED", "sourceProducts": {"nonfoil": ["4ebfc88d-eea7-599e-ba79-c86020d1c1e2", "9b04b8ff-5402-5553-a531-323a38d8c4a4"]}, "subtypes": ["Forest"], "supertypes": ["Basic"], "text": "({T}: Add {G}.)", "type": "Basic Land — Forest", "types": ["Land"], "uuid": "eb2a7d63-9a8b-5339-8d5c-8883e753d59b", "variations": ["be5580b8-b5d1-5ebd-ae90-5a7add10a605", "4754b78d-8127-58df-b803-de96c33a16a5"]}, {"artist": "Daniel Gelon", "artistIds": ["63ac31a8-dd1a-4679-9f82-ece89429a084"], "availability": ["paper"], "boosterTypes": ["default"], "borderColor": "white", "colorIdentity": ["G"], "colors": ["G"], "convertedManaCost": 6.0, "count": 4, "edhrecRank": 19045, "finishes": ["nonfoil"], "flavorText": "The most terrifying thing about the Craw Wurm is probably the horrible crashing sound it makes as it speeds through the forest. This noise is so loud it echoes through the trees and seems to come from all directions at once.", "foreignData": [{"identifiers": {"scryfallId": "d32b4f48-beac-4b9c-af3a-7b0223ce7d3e"}, "language": "German", "name": "Tatzelwurm", "type": "Beschwörung eines Wurms"}, {"identifiers": {"scryfallId": "0064499e-f0e5-4f26-bc58-c86b4baa3174"}, "language": "French", "name": "Guivre vorace"}, {"identifiers": {"scryfallId": "97ff8c56-3cc2-4bdf-97dd-3c62a1d8f977"}, "language": "Italian", "name": "Wurm Devastatore"}], "frameVersion": "1993", "hasFoil": false, "hasNonFoil": true, "identifiers": {"cardsphereId": "39096", "mcmId": "5625", "mtgjsonV4Id": "65dc286b-1f94-5f33-b4a4-0bc19239c7c0", "multiverseId": "1239", "scryfallCardBackId": "0aeebaf5-8c7d-4636-9e82-8c27447861f7", "scryfallId": "a5e4a23b-3b05-4240-9565-bdd8f3f3ef12", "scryfallIllustrationId": "58c7dd7f-ca6c-44f4-adbf-7eb7fca48449", "scryfallOracleId": "6a462a69-3e42-41de-a3aa-a488d9f38d69", "tcgplayerProductId": "1374"}, "isFoil": false, "isReprint": true, "language": "English", "layout": "normal", "legalities": {"commander": "Legal", "duel": "Legal", "legacy": "Legal", "modern": "Legal", "oathbreaker": "Legal", "oldschool": "Legal", "pauper": "Legal", "paupercommander": "Legal", "penny": "Legal", "predh": "Legal", "premodern": "Legal", "vintage": "Legal"}, "manaCost": "{4}{G}{G}", "manaValue": 6.0, "name": "Craw Wurm", "number": "190", "originalType": "Summon - Wurm", "power": "6", "printings": ["10E", "2ED", "30A", "3ED", "4BB", "4ED", "5ED", "8ED", "9ED", "CED", "CEI", "FBB", "LEA", "LEB", "M10", "SUM"], "purchaseUrls": {"tcgplayer": "https://mtgjson.com/links/6607ed90bebbc989"}, "rarity": "common", "setCode": "3ED", "sourceProducts": {"nonfoil": ["4ebfc88d-eea7-599e-ba79-c86020d1c1e2", "9b04b8ff-5402-5553-a531-323a38d8c4a4"]}, "subtypes": ["Wurm"], "supertypes": [], "toughness": "4", "type": "Creature — Wurm", "types": ["Creature"], "uuid": "a8fa842a-43fa-54ee-b7eb-f1dd16265b0c"}, {"artist": "Dan Frazier", "artistIds": ["059bba56-5feb-42e4-8c2e-e2f1e6ba11f9"], "availability": ["paper"], "boosterTypes": ["default"], "borderColor": "white", "colorIdentity": ["G"], "colors": ["G"], "convertedManaCost": 5.0, "count": 4, "edhrecRank": 21794, "finishes": ["nonfoil"], "foreignData": [{"identifiers": {"scryfallId": "19a8a2e5-6464-44b4-ac6e-d052a6bd45c8"}, "language": "German", "name": "Wolpertinger", "text": "Kann fliegen.\nVernichte am Ende eines Kampfes alle Kreaturen, die einen Wolpertinger geblockt haben oder von ihm geblockt wurden.", "type": "Beschwörung eines Wolpertinger"}, {"identifiers": {"scryfallId": "669d6c03-a57f-4b8f-9de8-6cf17eba3f2b"}, "language": "French", "name": "Cocatrix"}, {"identifiers": {"scryfallId": "61c72ad4-a080-4e4f-b355-a5285ffaaba4"}, "language": "Italian", "name": "Coccatrice"}], "frameVersion": "1993", "hasFoil": false, "hasNonFoil": true, "identifiers": {"cardsphereId": "39089", "mcmId": "5624", "mtgjsonV4Id": "be2035f0-2b5e-500c-a324-dd8c2d8668c8", "multiverseId": "1238", "scryfallCardBackId": "0aeebaf5-8c7d-4636-9e82-8c27447861f7", "scryfallId": "3c5d9117-135f-4a88-950a-41bf164ebc21", "scryfallIllustrationId": "e1712d55-a21f-4b5a-8e2a-6304e7b1f8bd", "scryfallOracleId": "af354337-424c-4c7e-8ca5-6149261368d2", "tcgplayerProductId": "1367"}, "isFoil": false, "isReprint": true, "keywords": ["Flying"], "language": "English", "layout": "normal", "legalities": {"commander": "Legal", "duel": "Legal", "legacy": "Legal", "modern": "Legal", "oathbreaker": "Legal", "oldschool": "Legal", "penny": "Legal", "predh": "Legal", "premodern": "Legal", "vintage": "Legal"}, "manaCost": "{3}{G}{G}", "manaValue": 5.0, "name": "Cockatrice", "number": "189", "originalText": "Flying\nAny non-wall creature blocking Cockatrice is destroyed, as is any creature blocked by Cockatrice. Creatures destroyed in this way deal their damage before dying.", "originalType": "Summon - Cockatrice", "power": "2", "printings": ["2ED", "30A", "3ED", "4BB", "4ED", "5ED", "CED", "CEI", "FBB", "LEA", "LEB", "SUM", "TSB"], "purchaseUrls": {"tcgplayer": "https://mtgjson.com/links/39e60c6b5f049286"}, "rarity": "rare", "rulings": [{"date": "2004-10-04", "text": "The ability destroys the creature at the end of the combat, which is after all first strike and normal damage dealing is done. This means that a creature may have to regenerate twice to survive the combat, once from damage and once again at end of combat."}], "setCode": "3ED", "sourceProducts": {"nonfoil": ["4ebfc88d-eea7-599e-ba79-c86020d1c1e2", "9b04b8ff-5402-5553-a531-323a38d8c4a4"]}, "subtypes": ["Cockatrice"], "supertypes": [], "text": "Flying\nWhenever Cockatrice blocks or becomes blocked by a non-Wall creature, destroy that creature at end of combat.", "toughness": "4", "type": "Creature — Cockatrice", "types": ["Creature"], "uuid": "7053701c-7ca4-5bf5-9a50-32544c628be4"}, {"artist": "Dan Frazier", "artistIds": ["059bba56-5feb-42e4-8c2e-e2f1e6ba11f9"], "availability": ["paper"], "boosterTypes": ["default"], "borderColor": "white", "colorIdentity": ["G"], "colors": ["G"], "convertedManaCost": 5.0, "count": 4, "edhrecRank": 23500, "edhrecSaltiness": 0.14, "finishes": ["nonfoil"], "flavorText": "Moss-covered statues littered the area, a macabre monument to the Basilisk's power.", "foreignData": [{"identifiers": {"scryfallId": "01391d25-77c8-4991-8113-0bd929ea0fb4"}, "language": "German", "name": "Buschbasilisk", "text": "Vernichte am Ende eines Kampfes alle Kreaturen, die den Basilisken geblockt haben oder von ihm geblockt worden.", "type": "Beschwörung eines Basilisken"}, {"identifiers": {"scryfallId": "b96458ee-227f-45e6-9df5-8ce4e46c21a6"}, "language": "French", "name": "Basilic des halliers"}, {"identifiers": {"scryfallId": "e7deeb59-78a0-4bf7-b7a7-f560ba43c9c1"}, "language": "Italian", "name": "Basilisco dei Boschi"}], "frameVersion": "1993", "hasFoil": false, "hasNonFoil": true, "identifiers": {"cardsphereId": "39311", "mcmId": "5653", "mtgjsonV4Id": "073ad362-c042-5d94-bf54-b21d066d1a4d", "multiverseId": "1267", "scryfallCardBackId": "0aeebaf5-8c7d-4636-9e82-8c27447861f7", "scryfallId": "05a60435-7b5e-47c1-8186-1ca30a243992", "scryfallIllustrationId": "689bb30f-a88b-4b1c-9751-b07be3560fff", "scryfallOracleId": "c4822813-cd81-465d-9fe8-3a4c2dcd31ef", "tcgplayerProductId": "1589"}, "isFoil": false, "isReprint": true, "language": "English", "layout": "normal", "legalities": {"commander": "Legal", "duel": "Legal", "legacy": "Legal", "oathbreaker": "Legal", "oldschool": "Legal", "paupercommander": "Restricted", "predh": "Legal", "premodern": "Legal", "vintage": "Legal"}, "manaCost": "{3}{G}{G}", "manaValue": 5.0, "name": "Thicket Basilisk", "number": "218", "originalText": "Any non-wall creature blocking Basilisk is destroyed, as is any creature blocked by Basilisk. Creatures destroyed this way deal their damage before dying.", "originalType": "Summon - Basilisk", "power": "2", "printings": ["2ED", "30A", "3ED", "4BB", "4ED", "5ED", "6ED", "CED", "CEI", "FBB", "LEA", "LEB", "ME1", "SUM"], "purchaseUrls": {"tcgplayer": "https://mtgjson.com/links/45d2de6b1bb97390"}, "rarity": "uncommon", "rulings": [{"date": "2004-10-04", "text": "Protection from Green does not stop the Basilisk’s ability because the ability is not targeted."}, {"date": "2004-10-04", "text": "The ability destroys the creature at the end of the combat, which is after all first strike and normal damage dealing is done. This means that a creature may have to regenerate twice to survive the combat, once from damage and once again at end of combat."}], "setCode": "3ED", "sourceProducts": {"nonfoil": ["4ebfc88d-eea7-599e-ba79-c86020d1c1e2", "9b04b8ff-5402-5553-a531-323a38d8c4a4"]}, "subtypes": ["Basilisk"], "supertypes": [], "text": "Whenever Thicket Basilisk blocks or becomes blocked by a non-Wall creature, destroy that creature at end of combat.", "toughness": "4", "type": "Creature — Basilisk", "types": ["Creature"], "uuid": "d8cf3506-dceb-59b4-ae8e-9a914f7bf51f"}, {"artist": "Anson Maddocks", "artistIds": ["634430a7-b5c3-4e4a-b2ac-164e084e47c9"], "availability": ["paper"], "boosterTypes": ["default"], "borderColor": "white", "colorIdentity": ["G"], "colors": ["G"], "convertedManaCost": 1.0, "count": 4, "edhrecRank": 62, "edhrecSaltiness": 0.14, "finishes": ["nonfoil"], "flavorText": "Whenever the Llanowar Elves gather the fruits of their forest, they leave one plant of each type untouched, considering that nature's portion.", "foreignData": [{"identifiers": {"scryfallId": "77c0ce20-ab7e-44b9-b986-0380abbf9e69"}, "language": "German", "name": "Llanowarelfen", "text": "{T}: Erhöhe Deinen Manavorrat um G.\nSpiele diese Eigenschaft wie einen Unterbrechungszauber.", "type": "Beschwörung von Elfen"}, {"identifiers": {"scryfallId": "d1d64789-098a-4414-885d-6e2f300dc071"}, "language": "French", "name": "Elfes de Llanowar"}, {"identifiers": {"scryfallId": "2b863fe9-3c9a-4656-ad0b-a659985693d2"}, "language": "Italian", "name": "Elfi di Llanowar"}], "frameVersion": "1993", "hasFoil": false, "hasNonFoil": true, "identifiers": {"cardsphereId": "39205", "mcmId": "5646", "mtgjsonV4Id": "922102d2-2585-5b46-bdc7-667b19d64c57", "multiverseId": "1260", "scryfallCardBackId": "0aeebaf5-8c7d-4636-9e82-8c27447861f7", "scryfallId": "6d6deae3-3ed4-47eb-bf4a-4a766ce18135", "scryfallIllustrationId": "0593112b-9ba0-4524-a853-52f954cd60f1", "scryfallOracleId": "68954295-54e3-4303-a6bc-fc4547a4e3a3", "tcgplayerProductId": "1483"}, "isFoil": false, "isReprint": true, "language": "English", "layout": "normal", "legalities": {"brawl": "Legal", "commander": "Legal", "duel": "Legal", "explorer": "Legal", "gladiator": "Legal", "historic": "Legal", "legacy": "Legal", "modern": "Legal", "oathbreaker": "Legal", "oldschool": "Legal", "pauper": "Legal", "paupercommander": "Legal", "pioneer": "Legal", "predh": "Legal", "premodern": "Legal", "timeless": "Legal", "vintage": "Legal"}, "manaCost": "{G}", "manaValue": 1.0, "name": "Llanowar Elves", "number": "211", "originalText": "oc\nT: Add o\nG to your mana pool. This ability is played as an interrupt.", "originalType": "Summon - Elves", "power": "1", "printings": ["10E", "2ED", "30A", "3ED", "4BB", "4ED", "5ED", "6ED", "7ED", "9ED", "ATH", "BRB", "BTD", "C14", "CED", "CEI", "CMA", "DD1", "DOM", "EMA", "EVG", "FBB", "FDN", "FNM", "GN3", "GNT", "LEA", "LEB", "M10", "M11", "M12", "M19", "P30H", "PANA", "PDCI", "PDOM", "PLST", "PRES", "PRM", "PTC", "SLD", "SUM", "WC00", "WC01", "WC02", "WC99"], "purchaseUrls": {"tcgplayer": "https://mtgjson.com/links/71cf8b75181ee384"}, "rarity": "common", "setCode": "3ED", "sourceProducts": {"nonfoil": ["4ebfc88d-eea7-599e-ba79-c86020d1c1e2", "9b04b8ff-5402-5553-a531-323a38d8c4a4"]}, "subtypes": ["Elf", "Druid"], "supertypes": [], "text": "{T}: Add {G}.", "toughness": "1", "type": "Creature — Elf Druid", "types": ["Creature"], "uuid": "43369396-cd37-564b-ad99-f3a403f1f6fc"}, {"artist": "Anson Maddocks", "artistIds": ["634430a7-b5c3-4e4a-b2ac-164e084e47c9"], "availability": ["paper"], "boosterTypes": ["default"], "borderColor": "white", "colorIdentity": ["G"], "colors": ["G"], "convertedManaCost": 3.0, "count": 2, "edhrecRank": 21879, "edhrecSaltiness": 0.12, "finishes": ["nonfoil"], "flavorText": "\"What else, when chaos draws all forces inward to shape a single leaf.\" —Conrad Aiken", "foreignData": [{"identifiers": {"scryfallId": "04cd051c-f3e4-49fd-bf54-24415f050f99"}, "language": "German", "name": "Dornenmauer", "text": "{G}: Regeneration", "type": "Beschwörung einer Mauer"}, {"identifiers": {"scryfallId": "b61a0159-c10d-478c-8ea5-d2f9d9804247"}, "language": "French", "name": "Mur de ronces"}, {"identifiers": {"scryfallId": "c097617b-541c-49f7-8335-0452c7783269"}, "language": "Italian", "name": "Muro di Rovi"}], "frameVersion": "1993", "hasFoil": false, "hasNonFoil": true, "identifiers": {"cardsphereId": "39333", "mcmId": "5659", "mtgjsonV4Id": "f3c199ea-a66f-59ab-93eb-dad462011b82", "multiverseId": "1273", "scryfallCardBackId": "0aeebaf5-8c7d-4636-9e82-8c27447861f7", "scryfallId": "b27862c3-8589-41ab-8f84-34727e5a93be", "scryfallIllustrationId": "b6b61a55-95de-4aa5-9578-532f5beafbbe", "scryfallOracleId": "f8d82a00-c10e-4b9e-9642-d05706900a97", "tcgplayerProductId": "1611"}, "isFoil": false, "isReprint": true, "keywords": ["Defender"], "language": "English", "layout": "normal", "legalities": {"commander": "Legal", "duel": "Legal", "legacy": "Legal", "oathbreaker": "Legal", "oldschool": "Legal", "paupercommander": "Restricted", "predh": "Legal", "premodern": "Legal", "vintage": "Legal"}, "manaCost": "{2}{G}", "manaValue": 3.0, "name": "Wall of Brambles", "number": "224", "originalText": "oo\nG Regenerates.", "originalType": "Summon - Wall", "power": "2", "printings": ["2ED", "30A", "3ED", "4BB", "4ED", "5ED", "CED", "CEI", "FBB", "LEA", "LEB", "SUM"], "purchaseUrls": {"tcgplayer": "https://mtgjson.com/links/09171831ea1411d4"}, "rarity": "uncommon", "setCode": "3ED", "sourceProducts": {"nonfoil": ["4ebfc88d-eea7-599e-ba79-c86020d1c1e2", "9b04b8ff-5402-5553-a531-323a38d8c4a4"]}, "subtypes": ["Plant", "Wall"], "supertypes": [], "text": "Defender (This creature can't attack.)\n{G}: Regenerate Wall of Brambles.", "toughness": "3", "type": "Creature — Plant Wall", "types": ["Creature"], "uuid": "ce842600-ecda-53fc-acc6-9a8a37eeacfd"}, {"artist": "Anson Maddocks", "artistIds": ["634430a7-b5c3-4e4a-b2ac-164e084e47c9"], "availability": ["paper"], "boosterTypes": ["default"], "borderColor": "white", "colorIdentity": ["G"], "colors": ["G"], "convertedManaCost": 3.0, "count": 4, "edhrecRank": 5176, "finishes": ["nonfoil"], "foreignData": [{"identifiers": {"scryfallId": "c5668843-2010-40b5-aa4e-2412b394511c"}, "language": "German", "name": "Köder", "text": "Alle Kreaturen, die die verzauberte Kreatur blocken können, müssen dies tun. Köder verhindert nicht, dass Kreaturen, die die Eigenschaft haben, mehrere Kreaturen zu blocken, dies auch tun. Wenn der Blocker gezwungen ist, mehr Kreaturen zu blocken, als ihn möglich ist, darf der Verteidiger sich aussuchen, welche der Kreaturen geblockt wird, doch müssen so viele Kreaturen wie erlaubt geblockt werden.", "type": "Verzaubere Kreatur"}, {"identifiers": {"scryfallId": "5c6140b8-1aa0-482f-92d5-afaca08d815e"}, "language": "French", "name": "Leurre"}, {"identifiers": {"scryfallId": "cba70955-00a2-4a9d-ba27-5e41b958b31f"}, "language": "Italian", "name": "Richiamo"}], "frameVersion": "1993", "hasFoil": false, "hasNonFoil": true, "identifiers": {"cardsphereId": "39208", "mcmId": "5647", "mtgjsonV4Id": "c34afba5-2a5d-5ad1-a3bf-265ef075fe77", "multiverseId": "1261", "scryfallCardBackId": "0aeebaf5-8c7d-4636-9e82-8c27447861f7", "scryfallId": "3561cc9a-9270-4c75-90ca-1425b2724abc", "scryfallIllustrationId": "a0865e0d-5699-4545-b3ed-27071c481e41", "scryfallOracleId": "7a7425ba-4478-4bc4-855f-abf947ea4fa2", "tcgplayerProductId": "1486"}, "isFoil": false, "isReprint": true, "keywords": ["Enchant"], "language": "English", "layout": "normal", "legalities": {"commander": "Legal", "duel": "Legal", "legacy": "Legal", "modern": "Legal", "oathbreaker": "Legal", "oldschool": "Legal", "penny": "Legal", "predh": "Legal", "premodern": "Legal", "vintage": "Legal"}, "manaCost": "{1}{G}{G}", "manaValue": 3.0, "name": "Lure", "number": "212", "originalText": "All creatures able to block target creature must do so. If a creature has the ability to block more than one creature, Lure does not prevent this. If there is more than one attacking creature with Lure, defender may choose which of them each defending creature blocks.", "originalType": "Enchant Creature", "printings": ["10E", "2ED", "30A", "3ED", "4BB", "4ED", "5ED", "6ED", "7ED", "8ED", "CED", "CEI", "CHK", "FBB", "ICE", "IMA", "LEA", "LEB", "M12", "MMQ", "PLST", "PSAL", "SUM"], "purchaseUrls": {"tcgplayer": "https://mtgjson.com/links/05ed2bffd284a911"}, "rarity": "uncommon", "rulings": [{"date": "2017-11-17", "text": "As blockers are declared, any creature that’s tapped or affected by a spell or ability that says it can’t block doesn’t block. If there’s a cost associated with having the creature block, no player is forced to pay that cost, so it doesn’t block if that cost isn’t paid."}, {"date": "2017-11-17", "text": "Lure doesn’t give any creatures the ability to block the target creature. It just forces those creatures that are already able to block the creature to do so."}], "setCode": "3ED", "sourceProducts": {"nonfoil": ["4ebfc88d-eea7-599e-ba79-c86020d1c1e2", "9b04b8ff-5402-5553-a531-323a38d8c4a4"]}, "subtypes": ["Aura"], "supertypes": [], "text": "Enchant creature\nAll creatures able to block enchanted creature do so.", "type": "Enchantment — Aura", "types": ["Enchantment"], "uuid": "8111231d-34ea-54d0-98b2-2e4d2caed06b"}, {"artist": "Quinton Hoover", "artistIds": ["1a2db619-92a5-431a-822b-101cdcc5bd5d"], "availability": ["paper"], "boosterTypes": ["default"], "borderColor": "white", "colorIdentity": ["G"], "colors": ["G"], "convertedManaCost": 2.0, "count": 2, "edhrecRank": 12976, "edhrecSaltiness": 0.2, "finishes": ["nonfoil"], "foreignData": [{"identifiers": {"scryfallId": "8b63d56d-87df-4349-a4fc-45755e872dc5"}, "language": "German", "name": "Regeneration", "text": "{G}: Regeneriere die durch diesen Zauber verzauberte Kreatur.", "type": "Verzaubere Kreatur"}, {"identifiers": {"scryfallId": "b017fb11-864a-4123-b298-9aeee819800c"}, "language": "French", "name": "Régénération"}, {"identifiers": {"scryfallId": "a8800c0d-6c8b-4d70-9788-6a0b0618541f"}, "language": "Italian", "name": "Rigenerazione"}], "frameVersion": "1993", "hasFoil": false, "hasNonFoil": true, "identifiers": {"cardsphereId": "39261", "mcmId": "5648", "mtgjsonV4Id": "d038d3bb-6091-5f96-9173-1dc6d44f483a", "multiverseId": "1262", "scryfallCardBackId": "0aeebaf5-8c7d-4636-9e82-8c27447861f7", "scryfallId": "6cd37ba7-b821-444e-b31b-aa667a8914e9", "scryfallIllustrationId": "feeb6e73-f2a5-4e49-895c-542de94601da", "scryfallOracleId": "89390a33-b289-4edd-a114-6616e49a49c2", "tcgplayerProductId": "1539"}, "isFoil": false, "isReprint": true, "keywords": ["Enchant"], "language": "English", "layout": "normal", "legalities": {"commander": "Legal", "duel": "Legal", "legacy": "Legal", "modern": "Legal", "oathbreaker": "Legal", "oldschool": "Legal", "pauper": "Legal", "paupercommander": "Legal", "penny": "Legal", "predh": "Legal", "premodern": "Legal", "vintage": "Legal"}, "manaCost": "{1}{G}", "manaValue": 2.0, "name": "Regeneration", "number": "213", "originalText": "oo\nG Target creature regenerates.", "originalType": "Enchant Creature", "printings": ["10E", "2ED", "30A", "3ED", "4BB", "4ED", "5ED", "6ED", "7ED", "8ED", "9ED", "CED", "CEI", "FBB", "ICE", "LEA", "LEB", "MIR", "SUM"], "purchaseUrls": {"tcgplayer": "https://mtgjson.com/links/8e176da0c45a2737"}, "rarity": "common", "setCode": "3ED", "sourceProducts": {"nonfoil": ["4ebfc88d-eea7-599e-ba79-c86020d1c1e2", "9b04b8ff-5402-5553-a531-323a38d8c4a4"]}, "subtypes": ["Aura"], "supertypes": [], "text": "Enchant creature (Target a creature as you cast this. This card enters attached to that creature.)\n{G}: Regenerate enchanted creature. (The next time that creature would be destroyed this turn, it isn't. Instead tap it, remove all damage from it, and remove it from combat.)", "type": "Enchantment — Aura", "types": ["Enchantment"], "uuid": "37d58a05-cedf-5a89-87ea-ffc4fa5a4328"}, {"artist": "Jesper Myrfors", "artistIds": ["c011318e-8503-48c1-a990-46e50aff48a0"], "availability": ["paper"], "boosterTypes": ["default"], "borderColor": "white", "colorIdentity": ["G"], "colors": ["G"], "convertedManaCost": 4.0, "count": 3, "edhrecRank": 12762, "edhrecSaltiness": 0.66, "finishes": ["nonfoil"], "foreignData": [{"identifiers": {"scryfallId": "cb964559-f8f2-4d51-a759-c166306e04d7"}, "language": "German", "name": "Erwachen der Wälder", "text": "Alle Wälder werden zu grünen 1/1 Kreaturen. Sie zählen immer noch als Länder, und Du kannst sie für Mana tappen - allerdings nicht in dem Zug, in dem sie ins Spiel kommen.", "type": "Verzauberung"}, {"identifiers": {"scryfallId": "035aeaa2-e0b1-4aa7-b4d3-7920316f2fee"}, "language": "French", "name": "Terres vivantes"}, {"identifiers": {"scryfallId": "d069bba2-2ac2-4ae6-bf18-6daaad92e961"}, "language": "Italian", "name": "Terre Viventi"}], "frameVersion": "1993", "hasFoil": false, "hasNonFoil": true, "identifiers": {"cardsphereId": "39203", "mcmId": "5645", "mtgjsonV4Id": "d3ad093e-008f-5fd9-9bb5-fbe2ee6620bc", "multiverseId": "1259", "scryfallCardBackId": "0aeebaf5-8c7d-4636-9e82-8c27447861f7", "scryfallId": "aa710039-5378-440c-b584-e9d72d1683c9", "scryfallIllustrationId": "ce53bbe1-1222-4b52-9242-99bd8c82d26e", "scryfallOracleId": "8f0179fe-6d7d-49cc-ab06-d3b402c6fc8d", "tcgplayerProductId": "1481"}, "isFoil": false, "isReprint": true, "language": "English", "layout": "normal", "legalities": {"commander": "Legal", "duel": "Legal", "legacy": "Legal", "oathbreaker": "Legal", "oldschool": "Legal", "penny": "Legal", "predh": "Legal", "premodern": "Legal", "vintage": "Legal"}, "manaCost": "{3}{G}", "manaValue": 4.0, "name": "Living Lands", "number": "210", "originalText": "Treat all forests in play as 1/1 creatures. Now they can be enchanted, killed, and so forth, and they can be tapped either for mana or to attack.", "originalType": "Enchantment", "printings": ["2ED", "30A", "3ED", "4BB", "4ED", "5ED", "6ED", "CED", "CEI", "FBB", "LEA", "LEB", "ME4", "SUM"], "purchaseUrls": {"tcgplayer": "https://mtgjson.com/links/50a9897d5592cd3a"}, "rarity": "rare", "rulings": [{"date": "2008-08-01", "text": "A noncreature permanent that turns into a creature can attack, and its {T} abilities can be activated, only if its controller has continuously controlled that permanent since the beginning of their most recent turn. It doesn't matter how long the permanent has been a creature."}], "setCode": "3ED", "sourceProducts": {"nonfoil": ["4ebfc88d-eea7-599e-ba79-c86020d1c1e2", "9b04b8ff-5402-5553-a531-323a38d8c4a4"]}, "subtypes": [], "supertypes": [], "text": "All Forests are 1/1 creatures that are still lands.", "type": "Enchantment", "types": ["Enchantment"], "uuid": "6091511d-7c2a-5f5c-936a-78f7492a3f6b"}, {"artist": "Susan Van Camp", "artistIds": ["8921d44a-837d-4d6e-bf9f-e4f7c33f11e8"], "availability": ["paper"], "boosterTypes": ["default"], "borderColor": "black", "colorIdentity": ["G"], "colors": ["G"], "convertedManaCost": 6.0, "count": 3, "edhrecRank": 14065, "finishes": ["nonfoil"], "foreignData": [], "frameVersion": "1993", "hasFoil": false, "hasNonFoil": true, "identifiers": {"cardsphereId": "5421", "mcmId": "6809", "mcmMetaId": "1451", "mtgjsonV4Id": "71f01161-c2c1-5344-94c8-6b619d06ae80", "multiverseId": "943", "scryfallCardBackId": "0aeebaf5-8c7d-4636-9e82-8c27447861f7", "scryfallId": "0d77c149-cca2-45c7-bc83-5ba1872ad5e0", "scryfallIllustrationId": "b2b59dbb-1032-4f31-b763-cb237913c9c8", "scryfallOracleId": "6f880348-6dc8-4cf8-9313-9893c41a70a3", "tcgplayerProductId": "3182"}, "isFoil": false, "language": "English", "layout": "normal", "legalities": {"commander": "Legal", "duel": "Legal", "legacy": "Legal", "oathbreaker": "Legal", "oldschool": "Legal", "penny": "Legal", "predh": "Legal", "premodern": "Legal", "vintage": "Legal"}, "manaCost": "{4}{G}{G}", "manaValue": 6.0, "name": "Desert Twister", "number": "46", "originalText": "Destroy any card in play.", "originalType": "Sorcery", "printings": ["3ED", "4BB", "4ED", "5ED", "ARN", "C14", "C15", "CMA", "FBB", "ME3", "MMQ", "PLST", "SUM", "VMA"], "purchaseUrls": {"cardmarket": "https://mtgjson.com/links/f8e804e223d770b8", "tcgplayer": "https://mtgjson.com/links/54005b74057a41a1"}, "rarity": "uncommon", "setCode": "ARN", "sourceProducts": {"nonfoil": ["083e15ac-d73e-545d-a47e-2eb2fc32d36d"]}, "subtypes": [], "supertypes": [], "text": "Destroy target permanent.", "type": "Sorcery", "types": ["Sorcery"], "uuid": "54398c43-042c-5add-822a-b18b0d854d36"}, {"artist": "Mark Poole", "artistIds": ["bfdeaf09-f915-4058-8e8b-bcac3bc43c33"], "availability": ["paper"], "boosterTypes": ["default"], "borderColor": "white", "colorIdentity": ["G"], "colors": ["G"], "convertedManaCost": 1.0, "count": 2, "edhrecRank": 16159, "edhrecSaltiness": 0.14, "finishes": ["nonfoil"], "foreignData": [{"identifiers": {"scryfallId": "8841a622-453e-4a7f-a89e-41b960ea9072"}, "language": "German", "name": "Lebensquelle", "text": "Du oder ein anderer Spieler Deiner Wahl erhält X Lebenspunkte dazu.", "type": "Hexerei"}, {"identifiers": {"scryfallId": "18b3b789-b4cd-4d61-96f9-4e316e1401c1"}, "language": "French", "name": "Source de vie"}, {"identifiers": {"scryfallId": "d9be9778-2e94-4a05-8381-53608e1aeb5c"}, "language": "Italian", "name": "Fonte della Vita"}], "frameVersion": "1993", "hasFoil": false, "hasNonFoil": true, "identifiers": {"cardsphereId": "39301", "mcmId": "5652", "mtgjsonV4Id": "db131b00-cfb0-55e9-9244-dc75ef5204f6", "multiverseId": "1266", "scryfallCardBackId": "0aeebaf5-8c7d-4636-9e82-8c27447861f7", "scryfallId": "bab7e4b7-acdd-4316-ae64-b182e4d9cacd", "scryfallIllustrationId": "18f2e313-93ef-4557-af18-d8a8a4a8d205", "scryfallOracleId": "9eb2912d-2130-49f2-9529-b58fa5a97a15", "tcgplayerProductId": "1579"}, "isFoil": false, "isReprint": true, "language": "English", "layout": "normal", "legalities": {"commander": "Legal", "duel": "Legal", "legacy": "Legal", "modern": "Legal", "oathbreaker": "Legal", "oldschool": "Legal", "pauper": "Legal", "paupercommander": "Legal", "penny": "Legal", "predh": "Legal", "premodern": "Legal", "vintage": "Legal"}, "manaCost": "{X}{G}", "manaValue": 1.0, "name": "Stream of Life", "number": "217", "originalText": "Target player gains X life.", "originalType": "Sorcery", "printings": ["2ED", "30A", "3ED", "4BB", "4ED", "5ED", "6ED", "7ED", "8ED", "9ED", "CED", "CEI", "FBB", "LEA", "LEB", "PMEI", "SUM"], "purchaseUrls": {"tcgplayer": "https://mtgjson.com/links/1eaf72898b3446e4"}, "rarity": "common", "setCode": "3ED", "sourceProducts": {"nonfoil": ["4ebfc88d-eea7-599e-ba79-c86020d1c1e2", "9b04b8ff-5402-5553-a531-323a38d8c4a4"]}, "subtypes": [], "supertypes": [], "text": "Target player gains X life.", "type": "Sorcery", "types": ["Sorcery"], "uuid": "26563848-121d-5858-ae5b-36f3275d7776"}, {"artist": "NéNé Thomas", "artistIds": ["c74ef1dd-0341-44c4-8f9f-5f243151cce3"], "availability": ["paper"], "boosterTypes": ["default"], "borderColor": "black", "colorIdentity": ["G"], "colors": ["G"], "convertedManaCost": 3.0, "count": 4, "edhrecRank": 14363, "finishes": ["nonfoil"], "foreignData": [{"identifiers": {"scryfallId": "82d5cee9-43d0-4373-90b6-17853bc75dd6"}, "language": "Italian", "name": "Natura Incontaminata"}], "frameVersion": "1993", "hasFoil": false, "hasNonFoil": true, "identifiers": {"cardsphereId": "24198", "mcmId": "7095", "mcmMetaId": "6241", "mtgjsonV4Id": "4e3e969f-b686-5ccc-901e-ee45b4029c0e", "multiverseId": "1550", "scryfallCardBackId": "0aeebaf5-8c7d-4636-9e82-8c27447861f7", "scryfallId": "887f22af-8b92-422a-9cd5-f3977674bcdc", "scryfallIllustrationId": "b8114dec-882e-400c-8091-4eefda1204c5", "scryfallOracleId": "b3b4c21d-f8d7-455f-be46-d5eb909d54df", "tcgplayerProductId": "4063"}, "isFoil": false, "language": "English", "layout": "normal", "legalities": {"commander": "Legal", "duel": "Legal", "legacy": "Legal", "oathbreaker": "Legal", "oldschool": "Legal", "penny": "Legal", "predh": "Legal", "premodern": "Legal", "vintage": "Legal"}, "manaCost": "{2}{G}", "manaValue": 3.0, "name": "Untamed Wilds", "number": "210", "originalText": "Search your library for any one basic land and put it into play. This does not count towards your one land per turn limit. Reshuffle your library afterwards.", "originalType": "Sorcery", "printings": ["4BB", "4ED", "5ED", "6ED", "7ED", "ITP", "LEG", "P02", "POR", "REN", "RQS", "S99"], "purchaseUrls": {"cardmarket": "https://mtgjson.com/links/f751756e6a6c3548", "tcgplayer": "https://mtgjson.com/links/fe66335e06dbd377"}, "rarity": "uncommon", "rulings": [{"date": "2004-10-04", "text": "Because the “search” requires you to find a card with certain characteristics, you don’t have to find the card if you don’t want to."}, {"date": "2006-10-15", "text": "Can fetch a snow land."}], "setCode": "LEG", "sourceProducts": {"nonfoil": ["328d2387-fa34-57b6-a641-149194c06f54", "6aa4768e-41bd-5fe1-bec1-a73d955e813f", "d1dd4fe5-896a-5347-835e-a62367233c66"]}, "subtypes": [], "supertypes": [], "text": "Search your library for a basic land card, put that card onto the battlefield, then shuffle.", "type": "Sorcery", "types": ["Sorcery"], "uuid": "c5d95ac2-9635-542d-b3b7-391b6e77c407"}, {"artist": "Brian Snõddy", "artistIds": ["770b4e16-de76-49ed-949f-84e6d2e06d25"], "availability": ["paper"], "boosterTypes": ["default"], "borderColor": "black", "colorIdentity": ["G"], "colors": ["G"], "convertedManaCost": 1.0, "count": 2, "edhrecRank": 20241, "finishes": ["nonfoil"], "flavorText": "Even the landscape turned against Sarsour, first rising up and pelting him, then rearranging itself so he could no longer find his way.", "foreignData": [], "frameVersion": "1993", "hasFoil": false, "hasNonFoil": true, "identifiers": {"cardsphereId": "5476", "mcmId": "6817", "mcmMetaId": "4899", "mtgjsonV4Id": "c3dc90a5-ac41-5d3e-b997-a66c15d0741a", "multiverseId": "951", "scryfallCardBackId": "0aeebaf5-8c7d-4636-9e82-8c27447861f7", "scryfallId": "73cba9cd-73d9-442e-bd99-9cba9f398b64", "scryfallIllustrationId": "bf469ded-1797-4702-a2cb-692ae37a4a79", "scryfallOracleId": "7bb41690-f8ec-462a-ba29-be453eb86fca", "tcgplayerProductId": "3237"}, "isFoil": false, "language": "English", "layout": "normal", "legalities": {"commander": "Legal", "duel": "Legal", "legacy": "Legal", "oathbreaker": "Legal", "oldschool": "Legal", "pauper": "Legal", "paupercommander": "Legal", "penny": "Legal", "predh": "Legal", "premodern": "Legal", "vintage": "Legal"}, "manaCost": "{G}", "manaValue": 1.0, "name": "Sandstorm", "number": "53", "originalText": "All attacking creatures suffer 1 damage.", "originalType": "Instant", "printings": ["4BB", "4ED", "ARN", "BRB", "DMR", "ME4", "MIR", "REN", "RIN"], "purchaseUrls": {"cardmarket": "https://mtgjson.com/links/1df327be7fe8d0d9", "tcgplayer": "https://mtgjson.com/links/c9d9de4894560391"}, "rarity": "common", "setCode": "ARN", "sourceProducts": {"nonfoil": ["083e15ac-d73e-545d-a47e-2eb2fc32d36d"]}, "subtypes": [], "supertypes": [], "text": "Sandstorm deals 1 damage to each attacking creature.", "type": "Instant", "types": ["Instant"], "uuid": "3646247d-762b-5205-85ea-43fc33d49543"}], "name": "Forest Dragon", "releaseDate": "1997-04-01", "sealedProductUuids": null, "sideBoard": [], "type": "Shandalar Enemy Deck"}}