{"meta": {"date": "2024-09-03", "version": "5.2.2+20240903"}, "data": {"code": "PTC", "commander": [], "mainBoard": [{"artist": "Mark Tedin", "artistIds": ["9ee9a9cc-c09e-486f-918b-69f80cbc4188"], "availability": ["paper"], "borderColor": "gold", "colorIdentity": [], "colors": [], "convertedManaCost": 0.0, "count": 3, "edhrecRank": 92, "edhrecSaltiness": 0.25, "finishes": ["nonfoil", "signed"], "foreignData": [], "frameVersion": "1993", "hasFoil": false, "hasNonFoil": true, "identifiers": {"mcmId": "22702", "mtgjsonV4Id": "c64cf1c1-e658-5e29-9fdc-f68facd5b606", "scryfallCardBackId": "774519d7-8b63-46cd-98fc-7944b50d762c", "scryfallId": "947eefb2-7156-4bd3-9e95-a18f87a951cd", "scryfallIllustrationId": "a5d6c290-9ca1-44e4-ac8f-5693aa19bbda", "scryfallOracleId": "f25351e3-539b-4bbc-b92d-6480acf4d722", "tcgplayerProductId": "158592"}, "isAlternative": true, "isFoil": false, "isReprint": true, "isStarter": true, "language": "English", "layout": "normal", "legalities": {}, "manaValue": 0.0, "name": "City of Brass", "number": "gb112", "printings": ["2X2", "5ED", "6ED", "7ED", "8ED", "ARN", "BCHR", "CHR", "MB2", "MD1", "ME4", "MMA", "OLEP", "PRM", "PSUS", "PTC", "RIN", "WC00", "WC01", "WC02", "WC03", "WC97", "WC98"], "purchaseUrls": {"tcgplayer": "https://mtgjson.com/links/c767235edb90bd4c"}, "rarity": "rare", "rulings": [{"date": "2004-10-04", "text": "If you tap City of Brass while you are casting a spell or activating an ability, its ability will trigger and wait. When you finish casting that spell or activating that ability, City of Brass's triggered ability is put on the stack on top of it. City of Brass's ability will resolve first."}, {"date": "2004-10-04", "text": "On the other hand, you can tap City of Brass, put its triggered ability on the stack, and then respond to that ability by casting an instant or activating an ability using that mana. In that case, the instant spell or activated ability will resolve first."}, {"date": "2004-10-04", "text": "The first ability triggers no matter how the land becomes tapped."}], "setCode": "PTC", "signature": "George Baxter", "sourceProducts": {"nonfoil": ["70473da0-3feb-55ab-bb4f-5e68146373b8"]}, "subtypes": [], "supertypes": [], "text": "Whenever City of Brass becomes tapped, it deals 1 damage to you.\n{T}: Add one mana of any color.", "type": "Land", "types": ["Land"], "uuid": "330086fd-3932-5247-8d2b-11b5026f8d79", "variations": ["02284274-5189-5ee2-afe3-4250e6468468", "867f3429-cbe0-5017-ba9a-778d4b29e651", "5ee3a9de-3cce-5f8a-bf5f-17b206c67e1c", "3152b6e4-94c9-56e6-999e-cf2b714a6196"]}, {"artist": "Nicola Leonard", "artistIds": ["3de0bcf5-44b7-4c1e-9040-04c5396e79b0"], "availability": ["paper"], "borderColor": "gold", "colorIdentity": ["G", "R"], "colors": [], "convertedManaCost": 0.0, "count": 3, "edhrecRank": 311, "edhrecSaltiness": 0.07, "finishes": ["nonfoil", "signed"], "foreignData": [], "frameVersion": "1993", "hasFoil": false, "hasNonFoil": true, "identifiers": {"mcmId": "22714", "mtgjsonV4Id": "de701f65-c37e-5fbd-b5d5-10a7f5a5add8", "scryfallCardBackId": "774519d7-8b63-46cd-98fc-7944b50d762c", "scryfallId": "a7c620cf-4d0e-49dd-92fe-87245940bf6f", "scryfallIllustrationId": "246bf808-67b6-48ef-9fa2-a28e25078af4", "scryfallOracleId": "bd912666-f37f-4767-af6f-9e6d0fcccacf", "tcgplayerProductId": "158615"}, "isAlternative": true, "isFoil": false, "isReprint": true, "language": "English", "layout": "normal", "legalities": {}, "manaValue": 0.0, "name": "Karplusan Forest", "number": "gb356", "printings": ["10E", "5ED", "6ED", "7ED", "9ED", "BLC", "C16", "DKM", "DMU", "ICE", "M3C", "OLEP", "PDMU", "PRM", "PTC", "WC00", "WC01", "WC02", "WC98"], "purchaseUrls": {"tcgplayer": "https://mtgjson.com/links/e5be0a25cc13a523"}, "rarity": "rare", "setCode": "PTC", "signature": "George Baxter", "sourceProducts": {"nonfoil": ["70473da0-3feb-55ab-bb4f-5e68146373b8"]}, "subtypes": [], "supertypes": [], "text": "{T}: Add {C}.\n{T}: Add {R} or {G}. Karplusan Forest deals 1 damage to you.", "type": "Land", "types": ["Land"], "uuid": "f1424822-f106-5330-ab3d-ff4140f25e62", "variations": ["75e3a76f-50ec-55a1-bd65-296d6804db0c", "21946f17-9b2d-5ce6-98af-b0b058197ee2"]}, {"artist": "Bryon Wackwitz", "artistIds": ["c99a114b-c679-47df-a6e9-4f9d3ad5b114"], "availability": ["paper"], "borderColor": "gold", "colorIdentity": ["B", "R"], "colors": [], "convertedManaCost": 0.0, "count": 1, "edhrecRank": 24132, "edhrecSaltiness": 0.08, "finishes": ["nonfoil", "signed"], "foreignData": [], "frameVersion": "1993", "hasFoil": false, "hasNonFoil": true, "identifiers": {"mcmId": "22716", "mtgjsonV4Id": "65227ffe-b89c-5f01-90bf-b351b4040d40", "scryfallCardBackId": "774519d7-8b63-46cd-98fc-7944b50d762c", "scryfallId": "1f12466f-7474-48ca-b4d1-3463a34f9b00", "scryfallIllustrationId": "1e28d8fa-ebc8-4b82-90fd-39e62c3f0a55", "scryfallOracleId": "2ffb2647-60bb-4916-b919-cbcf18e5e424", "tcgplayerProductId": "158620"}, "isFoil": false, "isReprint": true, "isReserved": true, "language": "English", "layout": "normal", "legalities": {}, "manaValue": 0.0, "name": "Lava Tubes", "number": "gb358", "printings": ["ICE", "PTC"], "purchaseUrls": {"tcgplayer": "https://mtgjson.com/links/ee99b0a0c7e863c3"}, "rarity": "rare", "setCode": "PTC", "signature": "George Baxter", "sourceProducts": {"nonfoil": ["70473da0-3feb-55ab-bb4f-5e68146373b8"]}, "subtypes": [], "supertypes": [], "text": "Lava Tubes doesn't untap during your untap step if it has a depletion counter on it.\nAt the beginning of your upkeep, remove a depletion counter from Lava Tubes.\n{T}: Add {B} or {R}. Put a depletion counter on Lava Tubes.", "type": "Land", "types": ["Land"], "uuid": "27324da3-b108-5433-a158-7f9f4bfe4e7f"}, {"artist": "Kaja Foglio & Phil Foglio", "artistIds": ["e8b85539-756a-4eac-ac66-a2258d7cf547", "3bfc0fd7-f6ce-4c3f-a755-aaafc84ac704"], "availability": ["paper"], "borderColor": "gold", "colorIdentity": [], "colors": [], "convertedManaCost": 0.0, "count": 2, "edhrecRank": 1921, "edhrecSaltiness": 0.08, "finishes": ["nonfoil", "signed"], "foreignData": [], "frameVersion": "1993", "hasFoil": false, "hasNonFoil": true, "identifiers": {"mcmId": "22718", "mtgjsonV4Id": "5f5942fa-4521-50fe-bf53-20e7eaa6db92", "scryfallCardBackId": "774519d7-8b63-46cd-98fc-7944b50d762c", "scryfallId": "ad1577a3-a350-45e3-af3d-62c85207514f", "scryfallIllustrationId": "94a6f349-9fc7-472e-8713-a78eb95c8713", "scryfallOracleId": "5963e0ef-e0bc-4611-ad4f-813a4c0eacfb", "tcgplayerProductId": "158623"}, "isAlternative": true, "isFoil": false, "isReprint": true, "language": "English", "layout": "normal", "legalities": {}, "manaValue": 0.0, "name": "Mishra's Factory", "number": "gb361", "printings": ["2XM", "4BB", "4ED", "A25", "AFC", "ATQ", "DDF", "DMR", "EMA", "G05", "J22", "ME1", "MH2", "PLST", "PRM", "PTC", "REN", "RIN", "SLC", "TD0"], "purchaseUrls": {"tcgplayer": "https://mtgjson.com/links/ba756ae59014663e"}, "rarity": "uncommon", "rulings": [{"date": "2022-12-08", "text": "A noncreature permanent that becomes a creature can attack, and its {T} abilities can be activated, only if its controller has continuously controlled that permanent since the beginning of their most recent turn. It doesn't matter how long the permanent has been a creature. Notably, if you turn Mishra's Factory into a creature on the turn it entered the battlefield, you won't be able to then activate its first or last abilities."}, {"date": "2022-12-08", "text": "After it becomes a creature, Mishra's Factory will still have all its abilities."}], "setCode": "PTC", "signature": "George Baxter", "sourceProducts": {"nonfoil": ["70473da0-3feb-55ab-bb4f-5e68146373b8"]}, "subtypes": [], "supertypes": [], "text": "{T}: Add {C}.\n{1}: Mishra's Factory becomes a 2/2 Assembly-Worker artifact creature until end of turn. It's still a land.\n{T}: Target Assembly-Worker creature gets +1/+1 until end of turn.", "type": "Land", "types": ["Land"], "uuid": "0780e294-101c-598a-96bf-c52ac69bd7d2", "variations": ["237ac097-d610-5a1a-8add-b2f4b05548d9", "9ca75ed3-eafa-55cb-b958-59ac1e28d390", "2ff3b6bc-9a4b-5cde-9e42-cdcc7abde87d", "1f75f64e-bf91-584d-9606-994558db8564", "4266a278-9ff5-5420-bf83-802126c04795"]}, {"artist": "Phil Foglio", "artistIds": ["3bfc0fd7-f6ce-4c3f-a755-aaafc84ac704"], "availability": ["paper"], "borderColor": "gold", "colorIdentity": ["B", "R"], "colors": [], "convertedManaCost": 0.0, "count": 2, "edhrecRank": 244, "edhrecSaltiness": 0.1, "finishes": ["nonfoil", "signed"], "foreignData": [], "frameVersion": "1993", "hasFoil": false, "hasNonFoil": true, "identifiers": {"mcmId": "22727", "mtgjsonV4Id": "b27c8e4e-ce97-5e06-9b86-791ca9477d77", "scryfallCardBackId": "774519d7-8b63-46cd-98fc-7944b50d762c", "scryfallId": "29880e73-5636-43ec-bcfc-7323d52fec3c", "scryfallIllustrationId": "dc02d496-6da4-4313-a539-333dd5abb6d6", "scryfallOracleId": "f5c38c01-4a40-469f-91a0-7479daf4e8e7", "tcgplayerProductId": "158639"}, "isFoil": false, "isReprint": true, "language": "English", "layout": "normal", "legalities": {}, "manaValue": 0.0, "name": "Sulfurous Springs", "number": "gb360", "printings": ["10E", "5ED", "6ED", "7ED", "9ED", "DKM", "DMU", "ICE", "LTC", "M3C", "OTC", "PDMU", "PRM", "PTC", "WC01", "WC97"], "purchaseUrls": {"tcgplayer": "https://mtgjson.com/links/c0dd778f15044d3a"}, "rarity": "rare", "setCode": "PTC", "signature": "George Baxter", "sourceProducts": {"nonfoil": ["70473da0-3feb-55ab-bb4f-5e68146373b8"]}, "subtypes": [], "supertypes": [], "text": "{T}: Add {C}.\n{T}: Add {B} or {R}. Sulfurous Springs deals 1 damage to you.", "type": "Land", "types": ["Land"], "uuid": "3d9d160e-b8c5-5839-ab68-829433a50d5e"}, {"artist": "Dan Frazier", "artistIds": ["059bba56-5feb-42e4-8c2e-e2f1e6ba11f9"], "availability": ["paper"], "borderColor": "gold", "colorIdentity": ["B"], "colors": [], "convertedManaCost": 0.0, "count": 4, "edhrecSaltiness": 0.29, "finishes": ["nonfoil", "signed"], "foreignData": [], "frameVersion": "1993", "hasFoil": false, "hasNonFoil": true, "identifiers": {"mcmId": "22728", "mtgjsonV4Id": "6a3855ba-b5aa-5072-842f-232314d2ce10", "scryfallCardBackId": "774519d7-8b63-46cd-98fc-7944b50d762c", "scryfallId": "103538d1-1b8f-4b18-91ac-17975f353785", "scryfallIllustrationId": "f0111e3d-d0a0-4f42-8c6a-2568bc1806b0", "scryfallOracleId": "56719f6a-1a6c-4c0a-8d21-18f7d7350b68", "tcgplayerProductId": "158640"}, "isFoil": false, "isReprint": true, "language": "English", "layout": "normal", "legalities": {}, "manaValue": 0.0, "name": "Swamp", "number": "gb370", "printings": ["10E", "2ED", "2XM", "30A", "3ED", "40K", "4BB", "4ED", "5ED", "6ED", "7ED", "8ED", "9ED", "ACR", "AFR", "AKH", "AKR", "ALA", "ANA", "ANB", "ARC", "ATH", "AVR", "BBD", "BFZ", "BLB", "BRB", "BRC", "BRO", "BTD", "C13", "C14", "C15", "C16", "C17", "C18", "C19", "CED", "CEI", "CHK", "CLB", "CLU", "CM2", "CMA", "CMD", "CMM", "CST", "DDC", "DDD", "DDE", "DDH", "DDJ", "DDK", "DDM", "DDN", "DDP", "DDQ", "DDR", "DKM", "DMR", "DMU", "DOM", "DPA", "DSK", "DTK", "DVD", "E01", "ELD", "FBB", "FDN", "FRF", "G17", "GK1", "GK2", "GN2", "GN3", "GNT", "GRN", "GVL", "H09", "HBG", "HOP", "HOU", "ICE", "IKO", "INV", "ISD", "ITP", "J14", "J22", "JMP", "KHM", "KLD", "KLR", "KTK", "LCI", "LEA", "LEB", "LRW", "LTR", "M10", "M11", "M12", "M13", "M14", "M15", "M19", "M20", "M21", "MBS", "MD1", "ME1", "ME3", "MH2", "MH3", "MID", "MIR", "MKM", "MMQ", "MOM", "MRD", "NEO", "NPH", "ODY", "OLEP", "ONE", "ONS", "ORI", "OTJ", "P02", "P23", "PAL00", "PAL01", "PAL03", "PAL04", "PAL05", "PAL06", "PAL99", "PALP", "PANA", "PARL", "PC2", "PCA", "PD3", "PELP", "PF19", "PF20", "PGPX", "PGRU", "PHUK", "PIP", "PLST", "PMPS", "PMPS06", "PMPS07", "PMPS08", "PMPS09", "PMPS10", "PMPS11", "POR", "PPP1", "PRM", "PRW2", "PRWK", "PS11", "PSAL", "PSS2", "PSS3", "PSS4", "PTC", "PTK", "RAV", "REX", "RIX", "RNA", "ROE", "RQS", "RTR", "S99", "SCD", "SHM", "SIR", "SLD", "SNC", "SOI", "SOM", "STX", "SUM", "TD0", "TD2", "THB", "THS", "TMP", "TPR", "TSP", "UGL", "UND", "UNF", "UNH", "USG", "UST", "VOW", "WAR", "WC01", "WC02", "WC03", "WC97", "WC98", "WC99", "WHO", "WOE", "XANA", "XLN", "ZEN", "ZNR"], "purchaseUrls": {"tcgplayer": "https://mtgjson.com/links/f7f5384c2835abca"}, "rarity": "common", "setCode": "PTC", "signature": "George Baxter", "sourceProducts": {"nonfoil": ["70473da0-3feb-55ab-bb4f-5e68146373b8"]}, "subtypes": ["Swamp"], "supertypes": ["Basic"], "text": "({T}: Add {B}.)", "type": "Basic Land — Swamp", "types": ["Land"], "uuid": "0b5c8bc8-b273-52cf-a8da-aaf678aa95a7", "variations": ["5eaadd64-1768-5781-9687-95b8f40cb016", "389a32c7-697e-5e45-af5e-5eff5ec250d9", "241bb077-c97c-5177-b438-3e8eb7d895ea", "bdf57c74-0afd-5834-b763-eb3586549500", "4bfb702f-42f3-5aac-835d-d23b1d8327d2"]}, {"artist": "Dan Frazier", "artistIds": ["059bba56-5feb-42e4-8c2e-e2f1e6ba11f9"], "availability": ["paper"], "borderColor": "gold", "colorIdentity": ["B"], "colors": [], "convertedManaCost": 0.0, "count": 4, "edhrecSaltiness": 0.29, "finishes": ["nonfoil", "signed"], "foreignData": [], "frameVersion": "1993", "hasFoil": false, "hasNonFoil": true, "identifiers": {"mcmId": "22728", "mtgjsonV4Id": "f1a2bb66-cec7-5412-a99a-1b9b5542b69a", "scryfallCardBackId": "774519d7-8b63-46cd-98fc-7944b50d762c", "scryfallId": "22b2ddff-46df-4c0c-9840-edf3d02586f0", "scryfallIllustrationId": "ee08e97b-434b-4728-85b3-be5249883021", "scryfallOracleId": "56719f6a-1a6c-4c0a-8d21-18f7d7350b68", "tcgplayerProductId": "158642"}, "isFoil": false, "isReprint": true, "language": "English", "layout": "normal", "legalities": {}, "manaValue": 0.0, "name": "Swamp", "number": "gb371", "printings": ["10E", "2ED", "2XM", "30A", "3ED", "40K", "4BB", "4ED", "5ED", "6ED", "7ED", "8ED", "9ED", "ACR", "AFR", "AKH", "AKR", "ALA", "ANA", "ANB", "ARC", "ATH", "AVR", "BBD", "BFZ", "BLB", "BRB", "BRC", "BRO", "BTD", "C13", "C14", "C15", "C16", "C17", "C18", "C19", "CED", "CEI", "CHK", "CLB", "CLU", "CM2", "CMA", "CMD", "CMM", "CST", "DDC", "DDD", "DDE", "DDH", "DDJ", "DDK", "DDM", "DDN", "DDP", "DDQ", "DDR", "DKM", "DMR", "DMU", "DOM", "DPA", "DSK", "DTK", "DVD", "E01", "ELD", "FBB", "FDN", "FRF", "G17", "GK1", "GK2", "GN2", "GN3", "GNT", "GRN", "GVL", "H09", "HBG", "HOP", "HOU", "ICE", "IKO", "INV", "ISD", "ITP", "J14", "J22", "JMP", "KHM", "KLD", "KLR", "KTK", "LCI", "LEA", "LEB", "LRW", "LTR", "M10", "M11", "M12", "M13", "M14", "M15", "M19", "M20", "M21", "MBS", "MD1", "ME1", "ME3", "MH2", "MH3", "MID", "MIR", "MKM", "MMQ", "MOM", "MRD", "NEO", "NPH", "ODY", "OLEP", "ONE", "ONS", "ORI", "OTJ", "P02", "P23", "PAL00", "PAL01", "PAL03", "PAL04", "PAL05", "PAL06", "PAL99", "PALP", "PANA", "PARL", "PC2", "PCA", "PD3", "PELP", "PF19", "PF20", "PGPX", "PGRU", "PHUK", "PIP", "PLST", "PMPS", "PMPS06", "PMPS07", "PMPS08", "PMPS09", "PMPS10", "PMPS11", "POR", "PPP1", "PRM", "PRW2", "PRWK", "PS11", "PSAL", "PSS2", "PSS3", "PSS4", "PTC", "PTK", "RAV", "REX", "RIX", "RNA", "ROE", "RQS", "RTR", "S99", "SCD", "SHM", "SIR", "SLD", "SNC", "SOI", "SOM", "STX", "SUM", "TD0", "TD2", "THB", "THS", "TMP", "TPR", "TSP", "UGL", "UND", "UNF", "UNH", "USG", "UST", "VOW", "WAR", "WC01", "WC02", "WC03", "WC97", "WC98", "WC99", "WHO", "WOE", "XANA", "XLN", "ZEN", "ZNR"], "purchaseUrls": {"tcgplayer": "https://mtgjson.com/links/d59bad1fe1d31c15"}, "rarity": "common", "setCode": "PTC", "signature": "George Baxter", "sourceProducts": {"nonfoil": ["70473da0-3feb-55ab-bb4f-5e68146373b8"]}, "subtypes": ["Swamp"], "supertypes": ["Basic"], "text": "({T}: Add {B}.)", "type": "Basic Land — Swamp", "types": ["Land"], "uuid": "389a32c7-697e-5e45-af5e-5eff5ec250d9", "variations": ["0b5c8bc8-b273-52cf-a8da-aaf678aa95a7", "5eaadd64-1768-5781-9687-95b8f40cb016", "241bb077-c97c-5177-b438-3e8eb7d895ea", "bdf57c74-0afd-5834-b763-eb3586549500", "4bfb702f-42f3-5aac-835d-d23b1d8327d2"]}, {"artist": "Dan Frazier", "artistIds": ["059bba56-5feb-42e4-8c2e-e2f1e6ba11f9"], "availability": ["paper"], "borderColor": "gold", "colorIdentity": ["B"], "colors": [], "convertedManaCost": 0.0, "count": 4, "edhrecSaltiness": 0.29, "finishes": ["nonfoil", "signed"], "foreignData": [], "frameVersion": "1993", "hasFoil": false, "hasNonFoil": true, "identifiers": {"mcmId": "22730", "mtgjsonV4Id": "03d33433-a108-56e4-8431-cbc19a2467f5", "scryfallCardBackId": "774519d7-8b63-46cd-98fc-7944b50d762c", "scryfallId": "9a63a791-ad18-4d96-a0e7-e6b46cc3b4c6", "scryfallIllustrationId": "e329fb85-5db8-4c67-b861-8904ce73e818", "scryfallOracleId": "56719f6a-1a6c-4c0a-8d21-18f7d7350b68", "tcgplayerProductId": "158641"}, "isFoil": false, "isReprint": true, "language": "English", "layout": "normal", "legalities": {}, "manaValue": 0.0, "name": "Swamp", "number": "gb372", "printings": ["10E", "2ED", "2XM", "30A", "3ED", "40K", "4BB", "4ED", "5ED", "6ED", "7ED", "8ED", "9ED", "ACR", "AFR", "AKH", "AKR", "ALA", "ANA", "ANB", "ARC", "ATH", "AVR", "BBD", "BFZ", "BLB", "BRB", "BRC", "BRO", "BTD", "C13", "C14", "C15", "C16", "C17", "C18", "C19", "CED", "CEI", "CHK", "CLB", "CLU", "CM2", "CMA", "CMD", "CMM", "CST", "DDC", "DDD", "DDE", "DDH", "DDJ", "DDK", "DDM", "DDN", "DDP", "DDQ", "DDR", "DKM", "DMR", "DMU", "DOM", "DPA", "DSK", "DTK", "DVD", "E01", "ELD", "FBB", "FDN", "FRF", "G17", "GK1", "GK2", "GN2", "GN3", "GNT", "GRN", "GVL", "H09", "HBG", "HOP", "HOU", "ICE", "IKO", "INV", "ISD", "ITP", "J14", "J22", "JMP", "KHM", "KLD", "KLR", "KTK", "LCI", "LEA", "LEB", "LRW", "LTR", "M10", "M11", "M12", "M13", "M14", "M15", "M19", "M20", "M21", "MBS", "MD1", "ME1", "ME3", "MH2", "MH3", "MID", "MIR", "MKM", "MMQ", "MOM", "MRD", "NEO", "NPH", "ODY", "OLEP", "ONE", "ONS", "ORI", "OTJ", "P02", "P23", "PAL00", "PAL01", "PAL03", "PAL04", "PAL05", "PAL06", "PAL99", "PALP", "PANA", "PARL", "PC2", "PCA", "PD3", "PELP", "PF19", "PF20", "PGPX", "PGRU", "PHUK", "PIP", "PLST", "PMPS", "PMPS06", "PMPS07", "PMPS08", "PMPS09", "PMPS10", "PMPS11", "POR", "PPP1", "PRM", "PRW2", "PRWK", "PS11", "PSAL", "PSS2", "PSS3", "PSS4", "PTC", "PTK", "RAV", "REX", "RIX", "RNA", "ROE", "RQS", "RTR", "S99", "SCD", "SHM", "SIR", "SLD", "SNC", "SOI", "SOM", "STX", "SUM", "TD0", "TD2", "THB", "THS", "TMP", "TPR", "TSP", "UGL", "UND", "UNF", "UNH", "USG", "UST", "VOW", "WAR", "WC01", "WC02", "WC03", "WC97", "WC98", "WC99", "WHO", "WOE", "XANA", "XLN", "ZEN", "ZNR"], "purchaseUrls": {"tcgplayer": "https://mtgjson.com/links/b11285e3bca63aef"}, "rarity": "common", "setCode": "PTC", "signature": "George Baxter", "sourceProducts": {"nonfoil": ["70473da0-3feb-55ab-bb4f-5e68146373b8"]}, "subtypes": ["Swamp"], "supertypes": ["Basic"], "text": "({T}: Add {B}.)", "type": "Basic Land — Swamp", "types": ["Land"], "uuid": "bdf57c74-0afd-5834-b763-eb3586549500", "variations": ["0b5c8bc8-b273-52cf-a8da-aaf678aa95a7", "5eaadd64-1768-5781-9687-95b8f40cb016", "389a32c7-697e-5e45-af5e-5eff5ec250d9", "241bb077-c97c-5177-b438-3e8eb7d895ea", "4bfb702f-42f3-5aac-835d-d23b1d8327d2"]}, {"artist": "Amy Weber", "artistIds": ["c1160787-e72e-4f89-b361-c6864f7a4e3a"], "availability": ["paper"], "borderColor": "gold", "colorIdentity": [], "colors": [], "convertedManaCost": 1.0, "count": 2, "edhrecRank": 15023, "finishes": ["nonfoil", "signed"], "foreignData": [], "frameVersion": "1993", "hasFoil": false, "hasNonFoil": true, "identifiers": {"mcmId": "22701", "mtgjsonV4Id": "5901ef95-a90b-57e3-940d-4d2646e2e72b", "scryfallCardBackId": "774519d7-8b63-46cd-98fc-7944b50d762c", "scryfallId": "f079de04-0393-408d-b420-c4538f2f53fd", "scryfallIllustrationId": "5fa9ffc1-d3f6-4aa8-b784-ed8dad1a9825", "scryfallOracleId": "97ba11a1-16cd-47ee-a187-1e919c468e4e", "tcgplayerProductId": "158591"}, "isFoil": false, "isReprint": true, "language": "English", "layout": "normal", "legalities": {}, "manaCost": "{1}", "manaValue": 1.0, "name": "Barbed Sextant", "number": "gb312", "printings": ["5ED", "CST", "DKM", "ICE", "ME2", "PTC"], "purchaseUrls": {"tcgplayer": "https://mtgjson.com/links/efab43cc930b9dac"}, "rarity": "common", "setCode": "PTC", "signature": "George Baxter", "sourceProducts": {"nonfoil": ["70473da0-3feb-55ab-bb4f-5e68146373b8"]}, "subtypes": [], "supertypes": [], "text": "{1}, {T}, Sacrifice Barbed Sextant: Add one mana of any color. Draw a card at the beginning of the next turn's upkeep.", "type": "Artifact", "types": ["Artifact"], "uuid": "e8b279e4-0240-5f99-88ab-e62da20c4db5"}, {"artist": "Sandra Everingham", "artistIds": ["8a8ac2c8-84c9-4274-9960-a19a97f0bde5"], "availability": ["paper"], "borderColor": "gold", "colorIdentity": [], "colors": [], "convertedManaCost": 0.0, "count": 1, "edhrecRank": 1329, "edhrecSaltiness": 0.24, "finishes": ["nonfoil", "signed"], "flavorText": "\"I will go to any length to achieve my goal. Eternal life is worth any sacrifice.\"\n—Zur the Enchanter", "foreignData": [], "frameVersion": "1993", "hasFoil": false, "hasNonFoil": true, "identifiers": {"mcmId": "22732", "mtgjsonV4Id": "172d7488-f806-56f7-a0c9-2b5e5db044fe", "scryfallCardBackId": "774519d7-8b63-46cd-98fc-7944b50d762c", "scryfallId": "20fa5839-9fbd-43ae-a782-b31676782eaf", "scryfallIllustrationId": "52146ace-a783-49f2-998d-930e95504044", "scryfallOracleId": "08cb8a30-9cb4-4517-bee5-8848aa60d1a2", "tcgplayerProductId": "158644"}, "isAlternative": true, "isFoil": false, "isReprint": true, "language": "English", "layout": "normal", "legalities": {}, "manaCost": "{0}", "manaValue": 0.0, "name": "Zuran Orb", "number": "gb350", "printings": ["ICE", "ME1", "MH2", "OLEP", "PRM", "PTC", "V10"], "purchaseUrls": {"tcgplayer": "https://mtgjson.com/links/70c5d866852c8fb2"}, "rarity": "uncommon", "setCode": "PTC", "signature": "George Baxter", "sourceProducts": {"nonfoil": ["70473da0-3feb-55ab-bb4f-5e68146373b8"]}, "subtypes": [], "supertypes": [], "text": "Sacrifice a land: You gain 2 life.", "type": "Artifact", "types": ["Artifact"], "uuid": "5c9265fe-6009-5028-aab9-f8552903ebbd", "variations": ["34746034-bc0b-5b00-924e-6343b6cd7d69", "a731d503-ac2c-5540-8046-cc86b3c6fee3", "aace249d-6322-5e47-b37f-e2cda2d5f558", "56705adf-f0c1-5bae-8494-149c2b4ae55e", "6cf3435c-fbe6-57ea-95a6-49a7f73cebfd", "9a4c2a55-cec7-5448-9e43-4dec3380a28d", "20292666-cc25-52c0-997b-7d4700158830"]}, {"artist": "Douglas Shuler", "artistIds": ["a9ddb513-51c7-455c-ab8f-5b90aae9f75b"], "availability": ["paper"], "borderColor": "gold", "colorIdentity": ["B"], "colors": ["B"], "convertedManaCost": 3.0, "count": 4, "edhrecRank": 6973, "edhrecSaltiness": 0.29, "finishes": ["nonfoil", "signed"], "flavorText": "\"…There was no trace Of aught on that illumined face….\"\n—Samuel Coleridge, \"Phantom\"", "foreignData": [], "frameVersion": "1993", "hasFoil": false, "hasNonFoil": true, "identifiers": {"mcmId": "22711", "mtgjsonV4Id": "1a016d2b-4c4c-528a-b46f-68bff951022d", "scryfallCardBackId": "774519d7-8b63-46cd-98fc-7944b50d762c", "scryfallId": "4d252b50-d2dd-43ac-95fb-9ccde36d3888", "scryfallIllustrationId": "30c37649-22d8-4526-90f3-d1602fd2994b", "scryfallOracleId": "759af941-f6a3-4726-91f2-9b1e4e55ea71", "tcgplayerProductId": "158610"}, "isFoil": false, "isReprint": true, "isStarter": true, "keywords": ["Flying"], "language": "English", "layout": "normal", "legalities": {}, "manaCost": "{1}{B}{B}", "manaValue": 3.0, "name": "Hypnotic Specter", "number": "gb142", "power": "2", "printings": ["10E", "2ED", "30A", "3ED", "4BB", "4ED", "9ED", "ATH", "CED", "CEI", "FBB", "HA1", "LEA", "LEB", "M10", "P06", "PLST", "PRM", "PTC", "SUM"], "purchaseUrls": {"tcgplayer": "https://mtgjson.com/links/65cb965818ef6a15"}, "rarity": "uncommon", "rulings": [{"date": "2008-08-01", "text": "The ability triggers even if the Specter’s damage is being redirected to an opponent. It does not trigger if damage that would have been dealt to the opponent is redirected to a nonopponent player or a creature, or if the damage is prevented."}], "setCode": "PTC", "signature": "George Baxter", "sourceProducts": {"nonfoil": ["70473da0-3feb-55ab-bb4f-5e68146373b8"]}, "subtypes": ["Specter"], "supertypes": [], "text": "Flying\nWhenever Hypnotic Specter deals damage to an opponent, that player discards a card at random.", "toughness": "2", "type": "Creature — Specter", "types": ["Creature"], "uuid": "5f87da63-f0bd-5fc0-abad-f63a36f454db", "variations": ["d8643a9b-205c-55e3-bb68-b35916825a6f"]}, {"artist": "Christopher Rush", "artistIds": ["c96773f0-346c-4f7d-9271-2d98cc5d86e1"], "availability": ["paper"], "borderColor": "gold", "colorIdentity": ["B"], "colors": ["B"], "convertedManaCost": 6.0, "count": 1, "edhrecRank": 20967, "finishes": ["nonfoil", "signed"], "flavorText": "\"Ihsan, the weak. Ihsan, the fallen. Ihsan, the betrayer. He has brought shame to the Serra Paladins where none existed before. May his suffering equal his betrayal.\"\n—Baris, Serra Inquisitor", "foreignData": [], "frameVersion": "1993", "hasFoil": false, "hasNonFoil": true, "identifiers": {"mcmId": "22712", "mtgjsonV4Id": "3290f197-c528-547a-962b-40d5023ca6f9", "scryfallCardBackId": "774519d7-8b63-46cd-98fc-7944b50d762c", "scryfallId": "68a1c6c8-fb10-400d-8df6-1defbc465a6e", "scryfallIllustrationId": "706e5d82-439d-479b-8b94-49e2aad85839", "scryfallOracleId": "5eb29367-4ec3-4bd2-887e-13eeeecae8fa", "tcgplayerProductId": "158613"}, "isFoil": false, "isReprint": true, "isStarter": true, "keywords": ["Protection"], "language": "English", "layout": "normal", "leadershipSkills": {"brawl": false, "commander": true, "oathbreaker": false}, "legalities": {}, "manaCost": "{3}{B}{B}{B}", "manaValue": 6.0, "name": "Ihsan's Shade", "number": "gb53", "power": "5", "printings": ["A25", "ATH", "HML", "ME2", "PHJ", "PLST", "PTC"], "purchaseUrls": {"tcgplayer": "https://mtgjson.com/links/49b7f147eecb37a9"}, "rarity": "uncommon", "setCode": "PTC", "signature": "George Baxter", "sourceProducts": {"nonfoil": ["70473da0-3feb-55ab-bb4f-5e68146373b8"]}, "subtypes": ["Shade", "Knight"], "supertypes": ["Legendary"], "text": "Protection from white", "toughness": "5", "type": "Legendary Creature — Shade Knight", "types": ["Creature"], "uuid": "50e6764d-7e15-5762-897f-17cf4c06e1d5", "variations": ["2e94c1b5-b293-5aa6-b6c1-b4411f8cff5a"]}, {"artist": "Mark Poole", "artistIds": ["bfdeaf09-f915-4058-8e8b-bcac3bc43c33"], "availability": ["paper"], "borderColor": "gold", "colorIdentity": ["B"], "colors": ["B"], "convertedManaCost": 2.0, "count": 4, "edhrecRank": 22297, "edhrecSaltiness": 0.11, "finishes": ["nonfoil", "signed"], "flavorText": "\"Kjeldorans should rule supreme, and to the rest, death!\"\n—Avram Garrisson, Leader of the Knights of Stromgald", "foreignData": [], "frameVersion": "1993", "hasFoil": false, "hasNonFoil": true, "identifiers": {"mcmId": "22733", "mtgjsonV4Id": "6834b985-1d2b-5e60-8457-80dc91687c81", "scryfallCardBackId": "774519d7-8b63-46cd-98fc-7944b50d762c", "scryfallId": "a7bf2c9c-f518-42d3-a15a-ef3587a16dcb", "scryfallIllustrationId": "0b3972db-e501-4efb-8ac1-3b687135dbdd", "scryfallOracleId": "8cf57287-21b0-4194-8da3-62d00160234f", "tcgplayerProductId": "158617"}, "isFoil": false, "isReprint": true, "isStarter": true, "keywords": ["Protection"], "language": "English", "layout": "normal", "legalities": {}, "manaCost": "{B}{B}", "manaValue": 2.0, "name": "Knight of Stromgald", "number": "gb138", "power": "2", "printings": ["5ED", "ATH", "ICE", "ME2", "PTC", "WC97"], "purchaseUrls": {"tcgplayer": "https://mtgjson.com/links/749e812a2d14fc6a"}, "rarity": "uncommon", "setCode": "PTC", "signature": "George Baxter", "sourceProducts": {"nonfoil": ["70473da0-3feb-55ab-bb4f-5e68146373b8"]}, "subtypes": ["Human", "Knight"], "supertypes": [], "text": "Protection from white\n{B}: Knight of Stromgald gains first strike until end of turn.\n{B}{B}: Knight of Stromgald gets +1/+0 until end of turn.", "toughness": "1", "type": "Creature — Human Knight", "types": ["Creature"], "uuid": "7753b766-21b3-542c-b43c-0b19c1a2ccb6", "variations": ["30f146df-5013-5742-a04f-982a1cdf6395"]}, {"artist": "Melissa A. Benson", "artistIds": ["9ade7727-1436-4828-9a1d-487c3d2ad1d9"], "availability": ["paper"], "borderColor": "gold", "colorIdentity": ["B"], "colors": ["B"], "convertedManaCost": 2.0, "count": 2, "edhrecRank": 22648, "finishes": ["nonfoil", "signed"], "flavorText": "A true follower of Tourach took pride in achievement to the exclusion of other concerns.", "foreignData": [], "frameVersion": "1993", "hasFoil": false, "hasNonFoil": true, "identifiers": {"mcmId": "22720", "mtgjsonV4Id": "56e9b7ef-2b56-5a75-8b26-8b6813ef8735", "scryfallCardBackId": "774519d7-8b63-46cd-98fc-7944b50d762c", "scryfallId": "ec7ad4d6-e07c-477b-ba8d-630867a08603", "scryfallIllustrationId": "eb0c4a4e-7a75-44df-87d7-48dc23bbc9c4", "scryfallOracleId": "2f65f16f-c6c2-48f0-b556-63cf7d162000", "tcgplayerProductId": "158626"}, "isFoil": false, "isReprint": true, "isStarter": true, "keywords": ["Protection"], "language": "English", "layout": "normal", "legalities": {}, "manaCost": "{B}{B}", "manaValue": 2.0, "name": "Order of the Ebon Hand", "number": "gb42a", "power": "2", "printings": ["FEM", "ME1", "PTC"], "purchaseUrls": {"tcgplayer": "https://mtgjson.com/links/f86d5be396b705b3"}, "rarity": "common", "setCode": "PTC", "signature": "George Baxter", "sourceProducts": {"nonfoil": ["70473da0-3feb-55ab-bb4f-5e68146373b8"]}, "subtypes": ["Cleric", "Knight"], "supertypes": [], "text": "Protection from white\n{B}: Order of the Ebon Hand gains first strike until end of turn.\n{B}{B}: Order of the Ebon Hand gets +1/+0 until end of turn.", "toughness": "1", "type": "Creature — Cleric Knight", "types": ["Creature"], "uuid": "4c7111f6-fa6e-5378-a3ba-f6010da391ad", "variations": ["20ac265b-3597-5c8e-b0c7-e77e881d787c", "5954c12b-e74d-5ec3-81f5-2d5e47f3c2b3", "8b0bb492-eef8-5fde-84d4-a957e831a9a8", "542a5ea1-391d-5d83-8ccf-11f36a4f2237", "421c9356-b191-5f50-903a-bdb2c15d09db"]}, {"artist": "Christopher Rush", "artistIds": ["c96773f0-346c-4f7d-9271-2d98cc5d86e1"], "availability": ["paper"], "borderColor": "gold", "colorIdentity": ["B"], "colors": ["B"], "convertedManaCost": 2.0, "count": 1, "edhrecRank": 22648, "finishes": ["nonfoil", "signed"], "flavorText": "\"There are intriguing similarities between the Order and Icatia's Leitbur religion, suggesting the two had a common origin.\"\n—*Sarpadian Empires, vol. VI*", "foreignData": [], "frameVersion": "1993", "hasFoil": false, "hasNonFoil": true, "identifiers": {"mcmId": "22722", "mtgjsonV4Id": "f87b8f39-5aa0-58d6-8896-bc77031051d5", "scryfallCardBackId": "774519d7-8b63-46cd-98fc-7944b50d762c", "scryfallId": "4e5b869d-26e8-493d-9081-febf3eb919cb", "scryfallIllustrationId": "def5e829-d365-43d5-8d61-07e00c6c0b6f", "scryfallOracleId": "2f65f16f-c6c2-48f0-b556-63cf7d162000", "tcgplayerProductId": "158627"}, "isAlternative": true, "isFoil": false, "isReprint": true, "isStarter": true, "keywords": ["Protection"], "language": "English", "layout": "normal", "legalities": {}, "manaCost": "{B}{B}", "manaValue": 2.0, "name": "Order of the Ebon Hand", "number": "gb42b", "power": "2", "printings": ["FEM", "ME1", "PTC"], "purchaseUrls": {"tcgplayer": "https://mtgjson.com/links/ba84ee62d2f9571a"}, "rarity": "common", "setCode": "PTC", "signature": "George Baxter", "sourceProducts": {"nonfoil": ["70473da0-3feb-55ab-bb4f-5e68146373b8"]}, "subtypes": ["Cleric", "Knight"], "supertypes": [], "text": "Protection from white\n{B}: Order of the Ebon Hand gains first strike until end of turn.\n{B}{B}: Order of the Ebon Hand gets +1/+0 until end of turn.", "toughness": "1", "type": "Creature — Cleric Knight", "types": ["Creature"], "uuid": "20ac265b-3597-5c8e-b0c7-e77e881d787c", "variations": ["4c7111f6-fa6e-5378-a3ba-f6010da391ad", "5954c12b-e74d-5ec3-81f5-2d5e47f3c2b3", "8b0bb492-eef8-5fde-84d4-a957e831a9a8", "542a5ea1-391d-5d83-8ccf-11f36a4f2237", "421c9356-b191-5f50-903a-bdb2c15d09db"]}, {"artist": "Ron Spencer", "artistIds": ["dab52c11-0564-4207-a4a1-c1735c946a65"], "availability": ["paper"], "borderColor": "gold", "colorIdentity": ["B"], "colors": ["B"], "convertedManaCost": 2.0, "count": 1, "edhrecRank": 22648, "finishes": ["nonfoil", "signed"], "flavorText": "Dedicated to the principles of Tourach, members of the Order of the Ebon Hand demonstrated their devotion with grisly rituals.", "foreignData": [], "frameVersion": "1993", "hasFoil": false, "hasNonFoil": true, "identifiers": {"mcmId": "22721", "mtgjsonV4Id": "7d6da810-2f91-5a12-aeeb-1ecb2a33322a", "scryfallCardBackId": "774519d7-8b63-46cd-98fc-7944b50d762c", "scryfallId": "0bbb5e60-2a60-4575-b9c0-96a5963f5b20", "scryfallIllustrationId": "d893075e-4a72-4183-a0eb-3de3e4512b56", "scryfallOracleId": "2f65f16f-c6c2-48f0-b556-63cf7d162000", "tcgplayerProductId": "158629"}, "isAlternative": true, "isFoil": false, "isReprint": true, "isStarter": true, "keywords": ["Protection"], "language": "English", "layout": "normal", "legalities": {}, "manaCost": "{B}{B}", "manaValue": 2.0, "name": "Order of the Ebon Hand", "number": "gb42c", "power": "2", "printings": ["FEM", "ME1", "PTC"], "purchaseUrls": {"tcgplayer": "https://mtgjson.com/links/0535c2c374a684a0"}, "rarity": "common", "setCode": "PTC", "signature": "George Baxter", "sourceProducts": {"nonfoil": ["70473da0-3feb-55ab-bb4f-5e68146373b8"]}, "subtypes": ["Cleric", "Knight"], "supertypes": [], "text": "Protection from white\n{B}: Order of the Ebon Hand gains first strike until end of turn.\n{B}{B}: Order of the Ebon Hand gets +1/+0 until end of turn.", "toughness": "1", "type": "Creature — Cleric Knight", "types": ["Creature"], "uuid": "5954c12b-e74d-5ec3-81f5-2d5e47f3c2b3", "variations": ["4c7111f6-fa6e-5378-a3ba-f6010da391ad", "20ac265b-3597-5c8e-b0c7-e77e881d787c", "8b0bb492-eef8-5fde-84d4-a957e831a9a8", "542a5ea1-391d-5d83-8ccf-11f36a4f2237", "421c9356-b191-5f50-903a-bdb2c15d09db"]}, {"artist": "Anson Maddocks", "artistIds": ["634430a7-b5c3-4e4a-b2ac-164e084e47c9"], "availability": ["paper"], "borderColor": "gold", "colorIdentity": ["B"], "colors": ["B"], "convertedManaCost": 5.0, "count": 2, "edhrecRank": 15779, "finishes": ["nonfoil", "signed"], "foreignData": [], "frameVersion": "1993", "hasFoil": false, "hasNonFoil": true, "identifiers": {"mcmId": "22724", "mtgjsonV4Id": "5c1eec68-1b5b-5822-b7c7-f43295d996f7", "scryfallCardBackId": "774519d7-8b63-46cd-98fc-7944b50d762c", "scryfallId": "17e860fd-d84b-421a-9dd2-355376d2f12b", "scryfallIllustrationId": "e12665f8-1387-4460-94a8-d509027651ff", "scryfallOracleId": "749141aa-f6c4-4ad8-b146-406e68ae9b0b", "tcgplayerProductId": "187236"}, "isFoil": false, "isReprint": true, "isStarter": true, "keywords": ["Flying"], "language": "English", "layout": "normal", "legalities": {}, "manaCost": "{3}{B}{B}", "manaValue": 5.0, "name": "Sengir Vampire", "number": "gb160", "power": "4", "printings": ["10E", "2ED", "30A", "3ED", "4BB", "4ED", "9ED", "ANB", "BRB", "BTD", "CED", "CEI", "DDK", "DPA", "FBB", "JMP", "LEA", "LEB", "M12", "M14", "M15", "MB2", "ME4", "ORI", "P30H", "PLST", "PS11", "PTC", "SUM", "TOR", "W16", "W17"], "purchaseUrls": {"tcgplayer": "https://mtgjson.com/links/f3e917d2f6d03f32"}, "rarity": "uncommon", "rulings": [{"date": "2007-07-15", "text": "If Sengir Vampire deals nonlethal damage to a creature and then a different effect or damage source causes that creature to be put into a graveyard later in the turn, Sengir Vampire's ability will trigger and it will get a +1/+1 counter."}, {"date": "2011-09-22", "text": "Each time a creature is put into a graveyard from the battlefield, check whether Sengir Vampire had dealt any damage to it at any time during that turn. If so, Sengir Vampire's ability will trigger. It doesn't matter who controlled the creature or whose graveyard it was put into."}, {"date": "2011-09-22", "text": "If Sengir Vampire and a creature it dealt damage to are both put into a graveyard at the same time, Sengir Vampire's ability will trigger, but it will do nothing when it resolves."}], "setCode": "PTC", "signature": "George Baxter", "sourceProducts": {"nonfoil": ["70473da0-3feb-55ab-bb4f-5e68146373b8"]}, "subtypes": ["Vampire"], "supertypes": [], "text": "Flying (This creature can't be blocked except by creatures with flying or reach.)\nWhenever a creature dealt damage by Sengir Vampire this turn dies, put a +1/+1 counter on Sengir Vampire.", "toughness": "4", "type": "Creature — Vampire", "types": ["Creature"], "uuid": "2161badf-7898-5b2c-ad5c-9b0d4ea216d4"}, {"artist": "Ken Meyer, Jr.", "artistIds": ["466f5d1e-384e-47d9-8d2c-c6ae33ffa687"], "availability": ["paper"], "borderColor": "gold", "colorIdentity": ["G"], "colors": ["G"], "convertedManaCost": 4.0, "count": 4, "edhrecRank": 25790, "edhrecSaltiness": 0.11, "finishes": ["nonfoil", "signed"], "foreignData": [], "frameVersion": "1993", "hasFoil": false, "hasNonFoil": true, "identifiers": {"mcmId": "22705", "mtgjsonV4Id": "dc346600-1ec5-5243-a0c5-4c2792b5b01f", "scryfallCardBackId": "774519d7-8b63-46cd-98fc-7944b50d762c", "scryfallId": "1ada4a51-9f83-4b54-9dbc-67dd3476a309", "scryfallIllustrationId": "ba86103d-8ef5-4095-bcdf-558f53a1a98e", "scryfallOracleId": "d48a38c9-3dcd-4c18-8840-1b057ede3ff0", "tcgplayerProductId": "158595"}, "isAlternative": true, "isFoil": false, "isReprint": true, "isStarter": true, "language": "English", "layout": "normal", "legalities": {}, "manaCost": "{3}{G}", "manaValue": 4.0, "name": "Erhnam Djinn", "number": "gb64", "power": "4", "printings": ["ARN", "ATH", "BCHR", "BTD", "CHR", "JUD", "MB2", "OLEP", "PTC", "RIN", "VMA"], "purchaseUrls": {"tcgplayer": "https://mtgjson.com/links/4f92d17ba1782086"}, "rarity": "uncommon", "rulings": [{"date": "2004-10-04", "text": "If there are no creatures your opponent controls to target at the beginning of your upkeep, ignore this ability."}, {"date": "2004-10-04", "text": "If you have more than one Djinn, you can have all of them target the same creature with their ability."}, {"date": "2004-10-04", "text": "In multiplayer games you can choose a different player’s creature each upkeep. You are forced to pick a creature that some opponent controls if there is at least one creature on the battlefield that is a legal target."}], "setCode": "PTC", "signature": "George Baxter", "sourceProducts": {"nonfoil": ["70473da0-3feb-55ab-bb4f-5e68146373b8"]}, "subtypes": ["Djinn"], "supertypes": [], "text": "At the beginning of your upkeep, target non-Wall creature an opponent controls gains forestwalk until your next upkeep. (It can't be blocked as long as defending player controls a Forest.)", "toughness": "5", "type": "Creature — Djinn", "types": ["Creature"], "uuid": "98651420-6b5c-50b8-ad23-0336848e545a", "variations": ["fbf5afb0-7fcd-50b0-ac01-ce79aae60ebb", "7ad40b08-517b-5dc7-af3f-5597cf1060c7", "30aedf02-765b-5f29-9ada-00264a889db0"]}, {"artist": "Sandra Everingham", "artistIds": ["8a8ac2c8-84c9-4274-9960-a19a97f0bde5"], "availability": ["paper"], "borderColor": "gold", "colorIdentity": ["B"], "colors": ["B"], "convertedManaCost": 1.0, "count": 4, "edhrecRank": 48, "edhrecSaltiness": 0.55, "finishes": ["nonfoil", "signed"], "foreignData": [], "frameVersion": "1993", "hasFoil": false, "hasNonFoil": true, "identifiers": {"mcmId": "22704", "mtgjsonV4Id": "b2ca5159-f357-5cc2-8db9-f95443be586f", "scryfallCardBackId": "774519d7-8b63-46cd-98fc-7944b50d762c", "scryfallId": "16905bf2-7afe-468c-8ffd-d186a1f8819f", "scryfallIllustrationId": "827c7f7b-1c5b-4bc0-91d7-b9894f7a2674", "scryfallOracleId": "53f7c868-b03e-4fc2-8dcf-a75bbfa3272b", "tcgplayerProductId": "158594"}, "isFoil": false, "isReprint": true, "isStarter": true, "language": "English", "layout": "normal", "legalities": {}, "manaCost": "{B}", "manaValue": 1.0, "name": "Dark Ritual", "number": "gb129", "printings": ["2ED", "30A", "3ED", "40K", "4BB", "4ED", "5ED", "A25", "BRB", "BTD", "CED", "CEI", "CST", "DDC", "DDE", "DKM", "DVD", "FBB", "G09", "HOP", "ICE", "ITP", "J21", "LEA", "LEB", "MB2", "ME4", "MIR", "MMQ", "MP2", "PLST", "PMEI", "PRM", "PTC", "RQS", "SLD", "SLP", "STA", "SUM", "TMP", "TPR", "USG", "V13", "VMA", "WC01", "WC99"], "purchaseUrls": {"tcgplayer": "https://mtgjson.com/links/b266e98faea6df9c"}, "rarity": "common", "setCode": "PTC", "signature": "George Baxter", "sourceProducts": {"nonfoil": ["70473da0-3feb-55ab-bb4f-5e68146373b8"]}, "subtypes": [], "supertypes": [], "text": "Add {B}{B}{B}.", "type": "Instant", "types": ["Instant"], "uuid": "de21e02f-302f-509a-96a1-de140d5d9acc", "variations": ["34ae2356-91d1-57ed-9979-d278db4948a6"]}, {"artist": "Susan Van Camp", "artistIds": ["8921d44a-837d-4d6e-bf9f-e4f7c33f11e8"], "availability": ["paper"], "borderColor": "gold", "colorIdentity": ["B"], "colors": ["B"], "convertedManaCost": 2.0, "count": 1, "edhrecRank": 7898, "edhrecSaltiness": 0.78, "finishes": ["nonfoil", "signed"], "flavorText": "\"The eerie, wailing Hymn caused insanity even in hardened warriors.\"\n—*Sarpadian Empires, vol. II*", "foreignData": [], "frameVersion": "1993", "hasFoil": false, "hasNonFoil": true, "identifiers": {"mcmId": "22709", "mtgjsonV4Id": "e0e4cd63-e668-5edf-bc14-98cdb9fa017c", "scryfallCardBackId": "774519d7-8b63-46cd-98fc-7944b50d762c", "scryfallId": "a69c6efc-8d8c-4dc5-968a-29be6205e195", "scryfallIllustrationId": "1e570ce1-649e-49ae-9158-114faa85031b", "scryfallOracleId": "992d9a72-d34d-47d7-96fb-37f0efb515ef", "tcgplayerProductId": "158605"}, "isFoil": false, "isReprint": true, "isStarter": true, "language": "English", "layout": "normal", "legalities": {}, "manaCost": "{B}{B}", "manaValue": 2.0, "name": "Hymn to Tourach", "number": "gb38a", "printings": ["ATH", "EMA", "FEM", "ME1", "PLST", "PRM", "PTC", "V13", "VMA"], "purchaseUrls": {"tcgplayer": "https://mtgjson.com/links/276c48eac97663d4"}, "rarity": "common", "setCode": "PTC", "signature": "George Baxter", "sourceProducts": {"nonfoil": ["70473da0-3feb-55ab-bb4f-5e68146373b8"]}, "subtypes": [], "supertypes": [], "text": "Target player discards two cards at random.", "type": "Sorcery", "types": ["Sorcery"], "uuid": "50dc0839-a44c-5413-bf40-7728725d9ba9", "variations": ["db0bc61c-4550-5feb-a206-adb7aea9a414", "979d285e-8498-516f-a788-01c6bc36b49f", "414aa928-67c8-59dc-9576-8aa7c0ee2777", "0c30f823-25b5-5b1c-9c8a-8d167411de60", "3a17273d-87b1-5246-85d5-f3250e3da07e", "13346ac9-755d-50e8-abd9-8365bce48c09", "f6ff5679-3996-507c-8eed-fd944bafc697"]}, {"artist": "Liz Danforth", "artistIds": ["5a5ee217-9d28-419a-b92a-a2376c7d18b3"], "availability": ["paper"], "borderColor": "gold", "colorIdentity": ["B"], "colors": ["B"], "convertedManaCost": 2.0, "count": 1, "edhrecRank": 7898, "edhrecSaltiness": 0.78, "finishes": ["nonfoil", "signed"], "flavorText": "\"Tourach's power was such that his followers deified him after his death.\"\n—*Sarpadian Empires, vol. II*", "foreignData": [], "frameVersion": "1993", "hasFoil": false, "hasNonFoil": true, "identifiers": {"mcmId": "22708", "mtgjsonV4Id": "15c3aee3-f2f4-5d34-9564-5e2aa7934756", "scryfallCardBackId": "774519d7-8b63-46cd-98fc-7944b50d762c", "scryfallId": "d6b51cfd-bfca-427c-83c2-b35ca7544f83", "scryfallIllustrationId": "55860add-12cc-4fed-9176-427b1cd2f85b", "scryfallOracleId": "992d9a72-d34d-47d7-96fb-37f0efb515ef", "tcgplayerProductId": "158603"}, "isAlternative": true, "isFoil": false, "isReprint": true, "isStarter": true, "language": "English", "layout": "normal", "legalities": {}, "manaCost": "{B}{B}", "manaValue": 2.0, "name": "Hymn to Tourach", "number": "gb38b", "printings": ["ATH", "EMA", "FEM", "ME1", "PLST", "PRM", "PTC", "V13", "VMA"], "purchaseUrls": {"tcgplayer": "https://mtgjson.com/links/cf8848c137c2671f"}, "rarity": "common", "setCode": "PTC", "signature": "George Baxter", "sourceProducts": {"nonfoil": ["70473da0-3feb-55ab-bb4f-5e68146373b8"]}, "subtypes": [], "supertypes": [], "text": "Target player discards two cards at random.", "type": "Sorcery", "types": ["Sorcery"], "uuid": "db0bc61c-4550-5feb-a206-adb7aea9a414", "variations": ["50dc0839-a44c-5413-bf40-7728725d9ba9", "979d285e-8498-516f-a788-01c6bc36b49f", "414aa928-67c8-59dc-9576-8aa7c0ee2777", "0c30f823-25b5-5b1c-9c8a-8d167411de60", "3a17273d-87b1-5246-85d5-f3250e3da07e", "13346ac9-755d-50e8-abd9-8365bce48c09", "f6ff5679-3996-507c-8eed-fd944bafc697"]}, {"artist": "Quinton Hoover", "artistIds": ["1a2db619-92a5-431a-822b-101cdcc5bd5d"], "availability": ["paper"], "borderColor": "gold", "colorIdentity": ["B"], "colors": ["B"], "convertedManaCost": 2.0, "count": 1, "edhrecRank": 7898, "edhrecSaltiness": 0.78, "finishes": ["nonfoil", "signed"], "flavorText": "Knowing the Hymn's power, the followers of Leitbur carefully guarded their pillaged transcriptions.", "foreignData": [], "frameVersion": "1993", "hasFoil": false, "hasNonFoil": true, "identifiers": {"mcmId": "22709", "mtgjsonV4Id": "ec052f8c-3eaf-5a3f-9ed3-b92643cf5891", "scryfallCardBackId": "774519d7-8b63-46cd-98fc-7944b50d762c", "scryfallId": "9b404906-bdfc-4c6c-8daa-d4e7195d2072", "scryfallIllustrationId": "9f9ebb66-123f-4b69-872a-969f967cf3d7", "scryfallOracleId": "992d9a72-d34d-47d7-96fb-37f0efb515ef", "tcgplayerProductId": "158607"}, "isAlternative": true, "isFoil": false, "isReprint": true, "isStarter": true, "language": "English", "layout": "normal", "legalities": {}, "manaCost": "{B}{B}", "manaValue": 2.0, "name": "Hymn to Tourach", "number": "gb38c", "printings": ["ATH", "EMA", "FEM", "ME1", "PLST", "PRM", "PTC", "V13", "VMA"], "purchaseUrls": {"tcgplayer": "https://mtgjson.com/links/2869d10d911db92f"}, "rarity": "common", "setCode": "PTC", "signature": "George Baxter", "sourceProducts": {"nonfoil": ["70473da0-3feb-55ab-bb4f-5e68146373b8"]}, "subtypes": [], "supertypes": [], "text": "Target player discards two cards at random.", "type": "Sorcery", "types": ["Sorcery"], "uuid": "979d285e-8498-516f-a788-01c6bc36b49f", "variations": ["50dc0839-a44c-5413-bf40-7728725d9ba9", "db0bc61c-4550-5feb-a206-adb7aea9a414", "414aa928-67c8-59dc-9576-8aa7c0ee2777", "0c30f823-25b5-5b1c-9c8a-8d167411de60", "3a17273d-87b1-5246-85d5-f3250e3da07e", "13346ac9-755d-50e8-abd9-8365bce48c09", "f6ff5679-3996-507c-8eed-fd944bafc697"]}, {"artist": "Scott Kirschner", "artistIds": ["a9199ae8-9891-4366-bf5b-42cfb662d840"], "availability": ["paper"], "borderColor": "gold", "colorIdentity": ["B"], "colors": ["B"], "convertedManaCost": 2.0, "count": 1, "edhrecRank": 7898, "edhrecSaltiness": 0.78, "finishes": ["nonfoil", "signed"], "flavorText": "Members of the Order often played the Hymn on instruments made from their victims' bones.", "foreignData": [], "frameVersion": "1993", "hasFoil": false, "hasNonFoil": true, "identifiers": {"mcmId": "22707", "mtgjsonV4Id": "1a80fd15-fb4e-55ff-a57d-83de3745bd39", "scryfallCardBackId": "774519d7-8b63-46cd-98fc-7944b50d762c", "scryfallId": "cbf78442-c80c-43d5-8898-20312eb7c9af", "scryfallIllustrationId": "dd0d82cd-802a-4c45-81b0-85722d0ee7c6", "scryfallOracleId": "992d9a72-d34d-47d7-96fb-37f0efb515ef", "tcgplayerProductId": "158602"}, "isAlternative": true, "isFoil": false, "isReprint": true, "isStarter": true, "language": "English", "layout": "normal", "legalities": {}, "manaCost": "{B}{B}", "manaValue": 2.0, "name": "Hymn to Tourach", "number": "gb38d", "printings": ["ATH", "EMA", "FEM", "ME1", "PLST", "PRM", "PTC", "V13", "VMA"], "purchaseUrls": {"tcgplayer": "https://mtgjson.com/links/64e1cb8b2602c404"}, "rarity": "common", "setCode": "PTC", "signature": "George Baxter", "sourceProducts": {"nonfoil": ["70473da0-3feb-55ab-bb4f-5e68146373b8"]}, "subtypes": [], "supertypes": [], "text": "Target player discards two cards at random.", "type": "Sorcery", "types": ["Sorcery"], "uuid": "414aa928-67c8-59dc-9576-8aa7c0ee2777", "variations": ["50dc0839-a44c-5413-bf40-7728725d9ba9", "db0bc61c-4550-5feb-a206-adb7aea9a414", "979d285e-8498-516f-a788-01c6bc36b49f", "0c30f823-25b5-5b1c-9c8a-8d167411de60", "3a17273d-87b1-5246-85d5-f3250e3da07e", "13346ac9-755d-50e8-abd9-8365bce48c09", "f6ff5679-3996-507c-8eed-fd944bafc697"]}, {"artist": "Mark Tedin", "artistIds": ["9ee9a9cc-c09e-486f-918b-69f80cbc4188"], "availability": ["paper"], "borderColor": "gold", "colorIdentity": ["R"], "colors": ["R"], "convertedManaCost": 1.0, "count": 3, "edhrecRank": 3687, "edhrecSaltiness": 0.14, "finishes": ["nonfoil", "signed"], "foreignData": [], "frameVersion": "1993", "hasFoil": false, "hasNonFoil": true, "identifiers": {"mcmId": "22706", "mtgjsonV4Id": "cd0a6b4f-d060-53a0-ac4c-096b5e96c5a4", "scryfallCardBackId": "774519d7-8b63-46cd-98fc-7944b50d762c", "scryfallId": "23aecbdf-df85-450c-8645-27219081c90a", "scryfallIllustrationId": "0e6684f8-c8d0-4928-b147-f4640a86bf3a", "scryfallOracleId": "aa7714b0-2bfb-458a-8ebf-37ec2c53383e", "tcgplayerProductId": "158596"}, "isAlternative": true, "isFoil": false, "isReprint": true, "language": "English", "layout": "normal", "legalities": {}, "manaCost": "{X}{R}", "manaValue": 1.0, "name": "Fireball", "number": "gb192", "printings": ["2ED", "30A", "3ED", "4BB", "4ED", "5ED", "ARC", "ATH", "BTD", "C13", "CED", "CEI", "CLB", "DD2", "DST", "FBB", "IMA", "ITP", "JVC", "LEA", "LEB", "M10", "M11", "M12", "ME4", "OLEP", "P05", "PARL", "PD2", "PLST", "PMEI", "PRM", "PTC", "RQS", "SUM", "WC04"], "purchaseUrls": {"tcgplayer": "https://mtgjson.com/links/85832eaba8568861"}, "rarity": "common", "rulings": [{"date": "2017-11-17", "text": "Fireball's damage is divided as Fireball resolves, not as it's cast, because there are no choices involved. The division involves only targets that are still legal as Fireball resolves."}, {"date": "2017-11-17", "text": "For example, if X is 5 and you choose three target creatures, Fireball has a total cost of {7}{R} (even though its mana cost is just {5}{R} and its mana value is 6). If those creatures are all still legal targets as Fireball resolves, it deals 1 damage to each of them."}, {"date": "2017-11-17", "text": "You can target more than X creatures. However, if the number of legal targets at the time Fireball resolves is greater than X, none of them will be dealt any damage."}, {"date": "2017-11-17", "text": "You may cast Fireball with zero targets, regardless of the value chosen for X. If you do so, it will not be a targeted spell, and no damage will actually be dealt when it resolves."}], "setCode": "PTC", "signature": "George Baxter", "sourceProducts": {"nonfoil": ["70473da0-3feb-55ab-bb4f-5e68146373b8"]}, "subtypes": [], "supertypes": [], "text": "This spell costs {1} more to cast for each target beyond the first.\nFireball deals X damage divided evenly, rounded down, among any number of targets.", "type": "Sorcery", "types": ["Sorcery"], "uuid": "817a271f-35ec-5f2d-b44a-91831f6ce324", "variations": ["63f6cdaf-69ff-54cb-a807-e4e46db8ee83", "497fbf62-8f8c-5a1d-83fa-92e8e3652ff8"]}, {"artist": "Christopher Rush", "artistIds": ["c96773f0-346c-4f7d-9271-2d98cc5d86e1"], "availability": ["paper"], "borderColor": "gold", "colorIdentity": ["R"], "colors": ["R"], "convertedManaCost": 1.0, "count": 4, "edhrecRank": 189, "edhrecSaltiness": 0.18, "finishes": ["nonfoil", "signed"], "foreignData": [], "frameVersion": "1993", "hasFoil": false, "hasNonFoil": true, "identifiers": {"cardsphereId": "47283", "mcmId": "22717", "mtgjsonV4Id": "dedf22d0-6eac-5a4e-9a86-3c24557c338e", "scryfallCardBackId": "774519d7-8b63-46cd-98fc-7944b50d762c", "scryfallId": "edd88c4f-58bd-4920-b41f-037462b54915", "scryfallIllustrationId": "2cb6200c-d05b-419c-bd10-8b9c146e2339", "scryfallOracleId": "4457ed35-7c10-48c8-9776-456485fdf070", "tcgplayerProductId": "158621"}, "isAlternative": true, "isFoil": false, "isReprint": true, "language": "English", "layout": "normal", "legalities": {}, "manaCost": "{R}", "manaValue": 1.0, "name": "Lightning Bolt", "number": "gb208", "printings": ["2ED", "2X2", "30A", "3ED", "4BB", "4ED", "A25", "ATH", "BTD", "CED", "CEI", "CLB", "CLU", "E01", "FBB", "GN3", "HBG", "J21", "JGP", "JMP", "LEA", "LEB", "M10", "M11", "ME1", "MM2", "OLGC", "P09", "P10", "PD2", "PF19", "PLST", "PRM", "PTC", "SLD", "SLP", "STA", "SUM", "TD0"], "purchaseUrls": {"tcgplayer": "https://mtgjson.com/links/aec2f8fb8264b679"}, "rarity": "common", "setCode": "PTC", "signature": "George Baxter", "sourceProducts": {"nonfoil": ["70473da0-3feb-55ab-bb4f-5e68146373b8"]}, "subtypes": [], "supertypes": [], "text": "Lightning Bolt deals 3 damage to any target.", "type": "Instant", "types": ["Instant"], "uuid": "4eee1090-c8cc-5a44-9856-2fc6bd79338e", "variations": ["62c8d817-d46a-5390-bd3e-0b5b39fe7b61", "d02f4451-57b5-51c4-830f-604daff649fc"]}], "name": "George Baxter, Quarterfinalist", "releaseDate": "1996-05-01", "sealedProductUuids": null, "sideBoard": [{"artist": "Mark Tedin", "artistIds": ["9ee9a9cc-c09e-486f-918b-69f80cbc4188"], "availability": ["paper"], "borderColor": "gold", "colorIdentity": [], "colors": [], "convertedManaCost": 4.0, "count": 2, "edhrecRank": 1165, "edhrecSaltiness": 0.77, "finishes": ["nonfoil", "signed"], "foreignData": [], "frameVersion": "1993", "hasFoil": false, "hasNonFoil": true, "identifiers": {"mcmId": "22719", "mtgjsonV4Id": "d3786799-6060-5a76-8595-b07213ebd274", "scryfallCardBackId": "774519d7-8b63-46cd-98fc-7944b50d762c", "scryfallId": "5597e4ec-e2f9-45e7-9817-b69fcd618d8a", "scryfallIllustrationId": "c895f461-6194-45b4-b820-6577ed426a3c", "scryfallOracleId": "96230edf-568a-47dd-b877-9d92aa58fac8", "tcgplayerProductId": "158624"}, "isAlternative": true, "isFoil": false, "isReprint": true, "language": "English", "layout": "normal", "legalities": {}, "manaCost": "{4}", "manaValue": 4.0, "name": "Nevinyrral's Disk", "number": "gb338sb", "printings": ["2ED", "30A", "3ED", "4BB", "4ED", "5ED", "ATH", "C13", "C14", "C16", "C17", "CED", "CEI", "CMM", "CMR", "EMA", "FBB", "LEA", "LEB", "ME1", "MH2", "PRM", "PTC", "SUM", "V10", "VMA", "WC97", "WC98"], "purchaseUrls": {"tcgplayer": "https://mtgjson.com/links/4ab4edb507a92f69"}, "rarity": "rare", "rulings": [{"date": "2020-11-10", "text": "You don't sacrifice Nevinyrral's Disk to activate its ability. It's destroyed as part of the ability's resolution if it's still on the battlefield. If an effect gives Nevinyrral's Disk indestructible or regenerates it, it stays on the battlefield."}], "setCode": "PTC", "signature": "George Baxter", "sourceProducts": {"nonfoil": ["70473da0-3feb-55ab-bb4f-5e68146373b8"]}, "subtypes": [], "supertypes": [], "text": "Nevinyrral's Disk enters tapped.\n{1}, {T}: Destroy all artifacts, creatures, and enchantments.", "type": "Artifact", "types": ["Artifact"], "uuid": "6cc66382-9ae7-54c4-a2ec-1f44e7549877", "variations": ["187c9c7e-eaf4-517c-b283-752ebe1d94aa", "bd41d4c5-9585-5543-9dbd-eaa10b67a225", "2a36346d-2b7c-5dc7-b932-297015ad612a", "8c1c8c12-ba09-50e4-80b7-b87a5703673a"]}, {"artist": "David A. Cherry", "artistIds": ["7a6b152c-eb22-4d73-beee-08876768e931"], "availability": ["paper"], "borderColor": "gold", "colorIdentity": [], "colors": [], "convertedManaCost": 4.0, "count": 2, "edhrecRank": 12430, "edhrecSaltiness": 0.08, "finishes": ["nonfoil", "signed"], "foreignData": [], "frameVersion": "1993", "hasFoil": false, "hasNonFoil": true, "identifiers": {"mcmId": "22725", "mtgjsonV4Id": "892f132e-fccf-5dd5-83f3-03bc2f35cd72", "scryfallCardBackId": "774519d7-8b63-46cd-98fc-7944b50d762c", "scryfallId": "9061933e-4da7-4111-9a62-773ff3c28c69", "scryfallIllustrationId": "538676a7-8143-4663-8e52-26542f5e8867", "scryfallOracleId": "5fa4607a-6731-4599-80f3-19d6097b4b28", "tcgplayerProductId": "158634"}, "isAlternative": true, "isFoil": false, "isReprint": true, "isStarter": true, "language": "English", "layout": "normal", "legalities": {}, "manaCost": "{4}", "manaValue": 4.0, "name": "Serrated Arrows", "number": "gb110sb", "printings": ["ATH", "DDD", "F08", "GVL", "HML", "PLST", "PRM", "PTC", "TSB", "WC97"], "purchaseUrls": {"tcgplayer": "https://mtgjson.com/links/761cc992661fda20"}, "rarity": "common", "rulings": [{"date": "2008-08-01", "text": "The upkeep trigger checks the number of counters at the start of upkeep, and only goes on the stack if there are no arrowhead counters at that time. It will check again on resolution, and will do nothing if you’ve somehow manage to get a new arrowhead counter on the Arrows."}], "setCode": "PTC", "signature": "George Baxter", "sourceProducts": {"nonfoil": ["70473da0-3feb-55ab-bb4f-5e68146373b8"]}, "subtypes": [], "supertypes": [], "text": "Serrated Arrows enters with three arrowhead counters on it.\nAt the beginning of your upkeep, if there are no arrowhead counters on Serrated Arrows, sacrifice it.\n{T}, Remove an arrowhead counter from Serrated Arrows: Put a -1/-1 counter on target creature.", "type": "Artifact", "types": ["Artifact"], "uuid": "f1e9a60e-2f25-5cd4-98aa-2f9035ebaaf7", "variations": ["1b0207c0-3f48-59e0-8493-a40ce026453e", "5a5865a6-edd0-5187-b0d3-707c91dfb7b2", "02bcade6-f4f7-5251-95b6-316d6f80c6e3", "f497bb27-2eef-5fde-9903-cfb64b2646de", "69eb7365-746d-532c-b0eb-326c57c5fba9", "a081b5fc-9bcd-5f81-875a-c677031178c2"]}, {"artist": "Drew Tucker", "artistIds": ["22eef389-7b21-4dda-95dc-4c9a0f1bf4dd"], "availability": ["paper"], "borderColor": "gold", "colorIdentity": ["B"], "colors": ["B"], "convertedManaCost": 3.0, "count": 2, "edhrecRank": 17631, "edhrecSaltiness": 0.08, "finishes": ["nonfoil", "signed"], "flavorText": "\"Will not the mountains quake and hills melt at the coming of the darkness? Share this vision with your enemies, Lim-Dûl, and they shall wither.\"\n—Leshrac, Walker of Night", "foreignData": [], "frameVersion": "1993", "hasFoil": false, "hasNonFoil": true, "identifiers": {"mcmId": "22703", "mtgjsonV4Id": "7c577c52-ff99-569c-8adf-f706f96e7e12", "scryfallCardBackId": "774519d7-8b63-46cd-98fc-7944b50d762c", "scryfallId": "1b974bcd-f665-4ebc-9480-8c5cdfc5906a", "scryfallIllustrationId": "8fe351fd-4884-43f0-a7ec-156f8aa69803", "scryfallOracleId": "0df450be-9bd2-45be-ae59-fa8d19f6a391", "tcgplayerProductId": "158593"}, "isFoil": false, "isReprint": true, "isStarter": true, "language": "English", "layout": "normal", "legalities": {}, "manaCost": "{2}{B}", "manaValue": 3.0, "name": "Dark Banishing", "number": "gb119sb", "printings": ["7ED", "8ED", "9ED", "CST", "DDC", "DKM", "DVD", "ICE", "ME2", "MIR", "OLEP", "PSAL", "PTC", "TMP", "TPR", "WC03"], "purchaseUrls": {"tcgplayer": "https://mtgjson.com/links/61ca6fd5663ab88d"}, "rarity": "common", "setCode": "PTC", "signature": "George Baxter", "sourceProducts": {"nonfoil": ["70473da0-3feb-55ab-bb4f-5e68146373b8"]}, "subtypes": [], "supertypes": [], "text": "Destroy target nonblack creature. It can't be regenerated.", "type": "Instant", "types": ["Instant"], "uuid": "427f4221-25c1-5f6d-9f9a-0885058445f5", "variations": ["5314205e-4f00-526c-84a5-89e534f9de17"]}, {"artist": "Christopher Rush", "artistIds": ["c96773f0-346c-4f7d-9271-2d98cc5d86e1"], "availability": ["paper"], "borderColor": "gold", "colorIdentity": ["B"], "colors": ["B"], "convertedManaCost": 6.0, "count": 2, "edhrecRank": 20967, "finishes": ["nonfoil", "signed"], "flavorText": "\"Ihsan, the weak. Ihsan, the fallen. Ihsan, the betrayer. He has brought shame to the Serra Paladins where none existed before. May his suffering equal his betrayal.\"\n—Baris, Serra Inquisitor", "foreignData": [], "frameVersion": "1993", "hasFoil": false, "hasNonFoil": true, "identifiers": {"mcmId": "22713", "mtgjsonV4Id": "2e4b1243-120f-5d6a-b808-00b43a777b3d", "scryfallCardBackId": "774519d7-8b63-46cd-98fc-7944b50d762c", "scryfallId": "7e55cedb-731d-440a-893e-d0aebb59d1c1", "scryfallIllustrationId": "706e5d82-439d-479b-8b94-49e2aad85839", "scryfallOracleId": "5eb29367-4ec3-4bd2-887e-13eeeecae8fa", "tcgplayerProductId": "158612"}, "isAlternative": true, "isFoil": false, "isReprint": true, "isStarter": true, "keywords": ["Protection"], "language": "English", "layout": "normal", "leadershipSkills": {"brawl": false, "commander": true, "oathbreaker": false}, "legalities": {}, "manaCost": "{3}{B}{B}{B}", "manaValue": 6.0, "name": "Ihsan's Shade", "number": "gb53sb", "power": "5", "printings": ["A25", "ATH", "HML", "ME2", "PHJ", "PLST", "PTC"], "purchaseUrls": {"tcgplayer": "https://mtgjson.com/links/53e536abea26b731"}, "rarity": "uncommon", "setCode": "PTC", "signature": "George Baxter", "sourceProducts": {"nonfoil": ["70473da0-3feb-55ab-bb4f-5e68146373b8"]}, "subtypes": ["Shade", "Knight"], "supertypes": ["Legendary"], "text": "Protection from white", "toughness": "5", "type": "Legendary Creature — Shade Knight", "types": ["Creature"], "uuid": "2e94c1b5-b293-5aa6-b6c1-b4411f8cff5a", "variations": ["50e6764d-7e15-5762-897f-17cf4c06e1d5"]}, {"artist": "Richard Thomas", "artistIds": ["596b3aac-b331-4e1e-ae41-9ec2d3b653e1"], "availability": ["paper"], "borderColor": "gold", "colorIdentity": ["R"], "colors": ["R"], "convertedManaCost": 1.0, "count": 3, "edhrecRank": 376, "edhrecSaltiness": 0.46, "finishes": ["nonfoil", "signed"], "foreignData": [], "frameVersion": "1993", "hasFoil": false, "hasNonFoil": true, "identifiers": {"mcmId": "22723", "mtgjsonV4Id": "a529ea1a-cffe-5b23-a7f9-20653a6a9a41", "scryfallCardBackId": "774519d7-8b63-46cd-98fc-7944b50d762c", "scryfallId": "5bd3480f-4428-4040-bd01-2d33425814ab", "scryfallIllustrationId": "fad27ec0-5788-496a-a7c3-e50e1ea6ed4b", "scryfallOracleId": "bb329a5c-b9f9-4973-a53f-090024146325", "tcgplayerProductId": "158631"}, "isFoil": false, "isReprint": true, "language": "English", "layout": "normal", "legalities": {}, "manaCost": "{R}", "manaValue": 1.0, "name": "Red Elemental Blast", "number": "gb218sb", "printings": ["2ED", "30A", "3ED", "4BB", "4ED", "A25", "CED", "CEI", "FBB", "LEA", "LEB", "ME4", "PRM", "PTC", "SUM"], "purchaseUrls": {"tcgplayer": "https://mtgjson.com/links/d35bf8ae4bca0ae1"}, "rarity": "common", "setCode": "PTC", "signature": "George Baxter", "sourceProducts": {"nonfoil": ["70473da0-3feb-55ab-bb4f-5e68146373b8"]}, "subtypes": [], "supertypes": [], "text": "Choose one —\n• Counter target blue spell.\n• Destroy target blue permanent.", "type": "Instant", "types": ["Instant"], "uuid": "112f4546-03f0-5d1c-a492-5c2b3f10af2a"}, {"artist": "Amy Weber", "artistIds": ["c1160787-e72e-4f89-b361-c6864f7a4e3a"], "availability": ["paper"], "borderColor": "gold", "colorIdentity": ["R"], "colors": ["R"], "convertedManaCost": 2.0, "count": 2, "edhrecRank": 12506, "edhrecSaltiness": 0.33, "finishes": ["nonfoil", "signed"], "foreignData": [], "frameVersion": "1993", "hasFoil": false, "hasNonFoil": true, "identifiers": {"mcmId": "22726", "mtgjsonV4Id": "0a0242ba-6a04-506c-b8c2-5579418fa4ad", "scryfallCardBackId": "774519d7-8b63-46cd-98fc-7944b50d762c", "scryfallId": "56849bf4-0fa5-4a70-bfea-85c3e6ad3802", "scryfallIllustrationId": "87d30bff-d6f1-4f99-9bcd-54fe49adce47", "scryfallOracleId": "84d32e68-72b9-432d-a023-7bc6a26b8ad0", "tcgplayerProductId": "158636"}, "isFoil": false, "isReprint": true, "language": "English", "layout": "normal", "legalities": {}, "manaCost": "{1}{R}", "manaValue": 2.0, "name": "Shatter", "number": "gb219sb", "printings": ["2ED", "30A", "3ED", "4BB", "4ED", "5ED", "6ED", "7ED", "8ED", "9ED", "CED", "CEI", "DKM", "FBB", "ICE", "KTK", "LEA", "LEB", "M10", "MRD", "PLST", "PTC", "RIX", "SOM", "SUM", "TMP", "TPR"], "purchaseUrls": {"tcgplayer": "https://mtgjson.com/links/4013ee06b732848a"}, "rarity": "common", "rulings": [{"date": "2004-10-04", "text": "Regenerating artifacts can regenerate from this."}], "setCode": "PTC", "signature": "George Baxter", "sourceProducts": {"nonfoil": ["70473da0-3feb-55ab-bb4f-5e68146373b8"]}, "subtypes": [], "supertypes": [], "text": "Destroy target artifact.", "type": "Instant", "types": ["Instant"], "uuid": "3027616a-30d5-5129-943a-0fb5f5ed2d05", "variations": ["1b582b7e-f903-5767-9f60-d601b9972615", "9745dd13-f7f8-568a-b40d-6d11001880d8"]}, {"artist": "Douglas Shuler", "artistIds": ["a9ddb513-51c7-455c-ab8f-5b90aae9f75b"], "availability": ["paper"], "borderColor": "gold", "colorIdentity": ["G"], "colors": ["G"], "convertedManaCost": 3.0, "count": 2, "edhrecRank": 15210, "edhrecSaltiness": 0.44, "finishes": ["nonfoil", "signed"], "foreignData": [], "frameVersion": "1993", "hasFoil": false, "hasNonFoil": true, "identifiers": {"mcmId": "22731", "mtgjsonV4Id": "e1a7f010-9819-510f-a93a-e48484f7303b", "scryfallCardBackId": "774519d7-8b63-46cd-98fc-7944b50d762c", "scryfallId": "6e75c4d7-c53b-4855-8f4d-6591a4418264", "scryfallIllustrationId": "71afb81d-3e5b-400d-b2ac-825e4dcf1976", "scryfallOracleId": "f671e3c3-cd59-4d06-a1af-5d04892cf74d", "tcgplayerProductId": "158643"}, "isFoil": false, "isReprint": true, "language": "English", "layout": "normal", "legalities": {}, "manaCost": "{2}{G}", "manaValue": 3.0, "name": "Tranquility", "number": "gb277sb", "printings": ["2ED", "30A", "3ED", "4BB", "4ED", "5ED", "6ED", "7ED", "BRB", "CED", "CEI", "FBB", "INV", "LEA", "LEB", "MMQ", "PTC", "SUM", "TMP", "TPR"], "purchaseUrls": {"tcgplayer": "https://mtgjson.com/links/e12f12e1e25ecbad"}, "rarity": "common", "setCode": "PTC", "signature": "George Baxter", "sourceProducts": {"nonfoil": ["70473da0-3feb-55ab-bb4f-5e68146373b8"]}, "subtypes": [], "supertypes": [], "text": "Destroy all enchantments.", "type": "Sorcery", "types": ["Sorcery"], "uuid": "eb5bb7e0-fda8-5d4f-ba54-c996cb8a2bae"}], "type": "Pro Tour Deck"}}