{"meta": {"date": "2024-09-03", "version": "5.2.2+20240903"}, "data": {"code": "J22", "commander": [], "mainBoard": [{"artist": "Billy Christian", "artistIds": ["10f26f94-64fc-4174-856e-701bea4f1521"], "availability": ["paper"], "boosterTypes": ["default"], "borderColor": "black", "colorIdentity": ["G"], "colors": ["G"], "convertedManaCost": 3.0, "count": 1, "edhrecRank": 4869, "edhrecSaltiness": 0.08, "finishes": ["nonfoil"], "foreignData": [{"identifiers": {"multiverseId": "589649", "scryfallId": "eccfed08-11b1-4327-b1d6-7532f2bbb2f0"}, "language": "German", "multiverseId": 589649, "name": "Runadi, Behemothrufer", "text": "Immer wenn du einen Kreaturenzauber mit Manabetrag 5 oder mehr wirkst, kommt die Kreatur mit X zusätzlichen +1/+1-Marken ins Spiel, wobei X gleich ihrem Manabetrag minus 4 ist.\nKreaturen mit drei oder mehr +1/+1-Marken, die du kontrollierst, haben Eile.\n{T}: Erzeuge {G}.", "type": "Legendäre Kreatur — Katze, Schamane"}, {"identifiers": {"multiverseId": "589700", "scryfallId": "17615015-b106-4f5e-a5dd-8888af6acbc2"}, "language": "Spanish", "multiverseId": 589700, "name": "Runadi, llamabehemots", "text": "Siempre que lances un hechizo de criatura con valor de maná de 5 o más, esa criatura entra al campo de batalla con X contadores +1/+1 adicionales sobre ella, donde X es su valor de maná menos 4.\nLas criaturas que controlas con tres o más contadores +1/+1 sobre ellas tienen la habilidad de prisa.\n{T}: Agrega {G}.", "type": "Criatura legendaria — Chamán felino"}, {"identifiers": {"multiverseId": "589751", "scryfallId": "606967f0-cd8c-4047-a29a-a7b25cfc3a6e"}, "language": "French", "multiverseId": 589751, "name": "Runadi, meneur de béhémoths", "text": "À chaque fois que vous lancez un sort de créature avec une valeur de mana supérieure ou égale à 5, cette créature arrive sur le champ de bataille avec X marqueurs +1/+1 supplémentaires sur elle, X étant sa valeur de mana moins 4.\nLes créatures que vous contrôlez avec au moins trois marqueurs +1/+1 sur elles ont la célérité.\n{T} : Ajoutez {G}.", "type": "Créature légendaire : chat et shamane"}, {"identifiers": {"multiverseId": "589802", "scryfallId": "6a3c7a1e-8edb-43aa-be61-6316efa080a4"}, "language": "Italian", "multiverseId": 589802, "name": "Runadi, Evocatore di Behemoth", "text": "Ogniqualvolta lanci una magia creatura con valore di mana pari o superiore a 5, quella creatura entra nel campo di battaglia con X segnalini +1/+1 addizionali, dove X è il suo valore di mana meno 4.\nLe creature con tre o più segnalini +1/+1 che controlli hanno rapidità.\n{T}: Aggiungi {G}.", "type": "Creatura Leggendaria — Sciamano Felino"}, {"identifiers": {"multiverseId": "589853", "scryfallId": "5e78aa1e-212d-44e8-b839-897cf6aebd6a"}, "language": "Japanese", "multiverseId": 589853, "name": "ビヒモス呼び、ルナーディ", "text": "あなたがマナ総量が５以上であるクリーチャー・呪文を唱えるたび、そのクリーチャーは追加で＋１/＋１カウンターＸ個が置かれた状態で戦場に出る。Ｘはそれのマナ総量から４を引いた値に等しい。\nあなたがコントロールしていて３個以上の＋１/＋１カウンターが置かれているすべてのクリーチャーは速攻を持つ。\n{T}：{G}を加える。", "type": "伝説のクリーチャー — 猫・シャーマン"}, {"identifiers": {"multiverseId": "590006", "scryfallId": "5418d3ea-4691-4687-b7c3-b1ce8fe6dadd"}, "language": "Chinese Simplified", "multiverseId": 590006, "name": "巨兽召师卢那迪", "text": "每当你施放法术力值等于或大于5的生物咒语，该生物进战场时上面额外有X个+1/+1指示物，X为其法术力值减4。\n由你操控且其上有三个或更多+1/+1指示物的生物具有敏捷异能。\n{T}：加{G}。", "type": "传奇生物 ～猫／祭师"}], "frameEffects": ["legendary"], "frameVersion": "2015", "hasFoil": false, "hasNonFoil": true, "identifiers": {"cardsphereId": "96839", "mcmId": "686386", "mcmMetaId": "414709", "mtgjsonV4Id": "6b85179e-dd1b-5fb1-9107-0cb757d19431", "multiverseId": "589598", "scryfallCardBackId": "0aeebaf5-8c7d-4636-9e82-8c27447861f7", "scryfallId": "f4f5500f-e82c-44f3-8be8-cee4c86824b1", "scryfallIllustrationId": "1f28225f-425d-4c7b-a075-b17943a78ca6", "scryfallOracleId": "95dc1f55-9dad-4a35-ac5e-abc53d442ffb", "tcgplayerProductId": "454961"}, "isFoil": false, "language": "English", "layout": "normal", "leadershipSkills": {"brawl": false, "commander": true, "oathbreaker": false}, "legalities": {"commander": "Legal", "duel": "Legal", "legacy": "Legal", "oathbreaker": "Legal", "vintage": "Legal"}, "manaCost": "{2}{G}", "manaValue": 3.0, "name": "Runadi, Behemoth Caller", "number": "44", "originalText": "Whenever you cast a creature spell with mana value 5 or greater, that creature enters the battlefield with X additional +1/+1 counters on it, where X is its mana value minus 4.\nCreatures you control with three or more +1/+1 counters on them have haste.\n{T}: Add {G}.", "originalType": "Legendary Creature — Cat Shaman", "power": "1", "printings": ["J22"], "purchaseUrls": {"cardmarket": "https://mtgjson.com/links/fed74b47fb4a0a2f", "tcgplayer": "https://mtgjson.com/links/ab5b580171759a10"}, "rarity": "rare", "securityStamp": "oval", "setCode": "J22", "sourceProducts": {"nonfoil": ["31fd15cb-48ac-52b8-8f3c-84968a601869"]}, "subtypes": ["Cat", "Shaman"], "supertypes": ["Legendary"], "text": "Whenever you cast a creature spell with mana value 5 or greater, that creature enters with X additional +1/+1 counters on it, where X is its mana value minus 4.\nCreatures you control with three or more +1/+1 counters on them have haste.\n{T}: Add {G}.", "toughness": "3", "type": "Legendary Creature — Cat Shaman", "types": ["Creature"], "uuid": "c6db5f0b-3eab-57de-85ee-28e11bb7718a"}, {"artist": "Chris Seaman", "artistIds": ["b9c49463-6f55-4039-9d32-c02a658af100"], "availability": ["paper"], "boosterTypes": ["default"], "borderColor": "black", "colorIdentity": ["G"], "colors": ["G"], "convertedManaCost": 4.0, "count": 1, "edhrecRank": 9088, "edhrecSaltiness": 0.16, "finishes": ["nonfoil"], "flavorText": "\"Don't worry, folks. We're perfectly safe here. That's a banana processing plant.\"", "foreignData": [{"flavorText": "„Keine Sorge, Leute. Wir sind hier absolut sicher. Das ist eine Bananenverarbeitungsfabrik.\"", "identifiers": {"multiverseId": "589651", "scryfallId": "92d354c5-d67b-46be-8f33-aeb25ffa94ce"}, "language": "German", "multiverseId": 589651, "name": "Gigantischer Gibbon", "text": "Reichweite\nDie Stärke des Gigantischen Gibbons ist gleich dem höchsten Manabetrag unter den Kreaturen, die du kontrollierst.", "type": "Kreatur — Menschenaffe"}, {"flavorText": "\"No se preocupen, estamos a salvo. Está aquí por la planta de procesamiento de plátanos\".", "identifiers": {"multiverseId": "589702", "scryfallId": "6d9c7bb8-ab07-4f17-830a-96519453e2b1"}, "language": "Spanish", "multiverseId": 589702, "name": "Gibón colosal", "text": "Alcance.\nLa fuerza del Gibón colosal es igual al mayor valor de maná entre las criaturas que controlas.", "type": "Criatura — Simio"}, {"flavorText": "« Ne vous inquiétez pas. Nous sommes parfaitement en sécurité ici. C'est une usine de transformation de bananes. »", "identifiers": {"multiverseId": "589753", "scryfallId": "b14b3797-e586-4e73-b837-885a4e85eed3"}, "language": "French", "multiverseId": 589753, "name": "Gibbon imposant", "text": "Portée\nLa force du Gibbon imposant est égale à la valeur de mana la plus élevée parmi les créatures que vous contrôlez.", "type": "Créature : grand singe"}, {"flavorText": "\"Non preoccupatevi, gente. Siamo perfettamente al sicuro qui. Quello è un impianto di lavorazione delle banane.\"", "identifiers": {"multiverseId": "589804", "scryfallId": "12946642-c196-490b-8b9b-18cad8a025ad"}, "language": "Italian", "multiverseId": 589804, "name": "Gibbone Torreggiante", "text": "Raggiungere\nLa forza del Gibbone Torreggiante è pari al valore di mana maggiore tra le creature che controlli.", "type": "Creatura — Scimpanzé"}, {"flavorText": "「皆さん、ご安心ください。ここは安全です。あれはバナナの加工場です。」", "identifiers": {"multiverseId": "589855", "scryfallId": "580185db-4b47-45b8-8311-b0527a7598d9"}, "language": "Japanese", "multiverseId": 589855, "name": "そびえ立つテナガザル", "text": "到達\nそびえ立つテナガザルのパワーは、あなたがコントロールしているクリーチャーのマナ総量の中の最大値に等しい。", "type": "クリーチャー — 類人猿"}, {"flavorText": "「大家放心吧。这里绝对安全。那是一座香蕉加工厂。」", "identifiers": {"multiverseId": "590008", "scryfallId": "8d0392e7-cffe-4dec-8978-7ff8d4581a50"}, "language": "Chinese Simplified", "multiverseId": 590008, "name": "雄立长臂猿", "text": "延势\n雄立长臂猿的力量等同于由你操控之生物中的最大法术力值。", "type": "生物 ～猿猴"}], "frameVersion": "2015", "hasFoil": false, "hasNonFoil": true, "identifiers": {"cardsphereId": "96785", "mcmId": "686392", "mcmMetaId": "414712", "mtgjsonV4Id": "cd2c2d7a-abd6-5c70-9464-90093dbc2588", "multiverseId": "589600", "scryfallCardBackId": "0aeebaf5-8c7d-4636-9e82-8c27447861f7", "scryfallId": "b14a22aa-0f79-4497-a7ff-08d92d14bc0f", "scryfallIllustrationId": "700112cf-4c5f-4f72-aa43-bae7e44ddc59", "scryfallOracleId": "0684771f-46ea-40a3-b021-e98a7d7cd79d", "tcgplayerProductId": "454889"}, "isFoil": false, "keywords": ["Reach"], "language": "English", "layout": "normal", "legalities": {"commander": "Legal", "duel": "Legal", "legacy": "Legal", "oathbreaker": "Legal", "paupercommander": "Restricted", "vintage": "Legal"}, "manaCost": "{3}{G}", "manaValue": 4.0, "name": "Towering Gibbon", "number": "46", "originalText": "Reach\nTowering Gibbon's power is equal to the greatest mana value among creatures you control.", "originalType": "Creature — Ape", "power": "*", "printings": ["J22"], "purchaseUrls": {"cardmarket": "https://mtgjson.com/links/ecf9b55f4e72faa1", "tcgplayer": "https://mtgjson.com/links/f15f66184cd543b0"}, "rarity": "uncommon", "setCode": "J22", "sourceProducts": {"nonfoil": ["31fd15cb-48ac-52b8-8f3c-84968a601869"]}, "subtypes": ["Ape"], "supertypes": [], "text": "Reach\nTowering Gibbon's power is equal to the greatest mana value among creatures you control.", "toughness": "4", "type": "Creature — Ape", "types": ["Creature"], "uuid": "e8db91ce-0042-533c-8aec-6250020c2097"}, {"artist": "Kemonomichi", "artistIds": ["0d43ae9b-42ec-403a-b0e8-5c487fb3e5f7"], "availability": ["paper"], "boosterTypes": ["default"], "borderColor": "black", "colorIdentity": ["G"], "colors": ["G"], "convertedManaCost": 3.0, "count": 1, "edhrecRank": 1829, "edhrecSaltiness": 0.1, "finishes": ["nonfoil"], "flavorText": "\"Count yourself lucky it only broke your kitesail. Get that close to the nest again and it'll be your face.\"\n—Huatli", "foreignData": [{"flavorText": "„Du kannst von Glück reden, dass es nur deinen Lenkdrachen erwischt hat. Wenn du dem Nest noch einmal so nahe kommst, wird es dein Gesicht sein.\"\n—Huatli", "identifiers": {"multiverseId": "597121", "scryfallId": "442e80b1-5b7a-4cc5-b714-885c8962cc82"}, "language": "German", "multiverseId": 597121, "name": "Verwüstendes Brontodon", "text": "{1}, opfere das Verwüstende Brontodon: Zerstöre ein Artefakt oder eine Verzauberung deiner Wahl.", "type": "Kreatur — Dinosaurier"}, {"flavorText": "\"Tienes suerte de que solo te rompiera la velacometa. Si vuelves a acercarte tanto al nido, te romperá la cara\".\n—Huatli", "identifiers": {"multiverseId": "597167", "scryfallId": "fb7cf2dd-3812-4354-8757-cfa47e420314"}, "language": "Spanish", "multiverseId": 597167, "name": "Brontodón aplastador", "text": "{1}, sacrificar el Brontodón aplastador: Destruye el artefacto o encantamiento objetivo.", "type": "Criatura — Dinosaurio"}, {"flavorText": "« Tu as de la chance qu'il ait seulement brisé ta voile volante. Approche-toi encore de son nid, et ce sera ton cou. »\n—Huatli", "identifiers": {"multiverseId": "597213", "scryfallId": "c848486b-4a2d-4ad8-be49-b1e6a4c71bcd"}, "language": "French", "multiverseId": 597213, "name": "Brontodonte farouche", "text": "{1}, sacrifiez le Brontodonte farouche : Détruisez une cible, artefact ou enchantement.", "type": "Créature : dinosaure"}, {"flavorText": "\"È una fortuna che ti abbia spezzato solo il velaliante. Prova ad avvicinarti di nuovo al nido e sarà la volta del tuo collo.\"\n—Huatli", "identifiers": {"multiverseId": "597259", "scryfallId": "40d4864c-b390-41de-8916-8baf294d20aa"}, "language": "Italian", "multiverseId": 597259, "name": "Brontodonte Devastatore", "text": "{1}, Sacrifica il Brontodonte Devastatore: Distruggi un artefatto o un incantesimo bersaglio.", "type": "Creatura — Dinosauro"}, {"flavorText": "「アレが壊したのが帆凧だけだったことを幸運に思いなさい。また巣に近づいたら今度は顔よ。」\n――ファートリ", "identifiers": {"multiverseId": "597305", "scryfallId": "dcd6aaeb-7d69-4cee-a28e-40423352368a"}, "language": "Japanese", "multiverseId": 597305, "name": "打ち壊すブロントドン", "text": "{1},打ち壊すブロントドンを生け贄に捧げる：アーティファクトやエンチャントのうち１つを対象とする。それを破壊する。", "type": "クリーチャー — 恐竜"}, {"flavorText": "「你算幸运了，它只砸烂你的航筝。要再这么靠近巢穴，下次就是砸你的脸。」\n～华特莉", "identifiers": {"multiverseId": "597443", "scryfallId": "491c4d83-6078-4759-8d63-38930d521d76"}, "language": "Chinese Simplified", "multiverseId": 597443, "name": "痛击霆伟龙", "text": "{1}，牺牲痛击霆伟龙：消灭目标神器或结界。", "type": "生物 ～恐龙"}], "frameVersion": "2015", "hasFoil": false, "hasNonFoil": true, "identifiers": {"cardsphereId": "96840", "mcmId": "686391", "mcmMetaId": "236243", "mtgjsonV4Id": "1b849c2f-556c-536a-841e-31b379a7ff12", "multiverseId": "597075", "scryfallCardBackId": "0aeebaf5-8c7d-4636-9e82-8c27447861f7", "scryfallId": "d5a65e7c-3f2e-44d1-8f85-4acf5f147c17", "scryfallIllustrationId": "7f15acc7-21a8-41f9-bd44-fa5befd7000a", "scryfallOracleId": "60bc63dc-ac9f-4a2f-aef5-c90d0aa31553", "tcgplayerProductId": "454958"}, "isFoil": false, "isReprint": true, "language": "English", "layout": "normal", "legalities": {"alchemy": "Legal", "brawl": "Legal", "commander": "Legal", "duel": "Legal", "explorer": "Legal", "future": "Legal", "gladiator": "Legal", "historic": "Legal", "legacy": "Legal", "modern": "Legal", "oathbreaker": "Legal", "paupercommander": "Restricted", "penny": "Legal", "pioneer": "Legal", "standard": "Legal", "standardbrawl": "Legal", "timeless": "Legal", "vintage": "Legal"}, "manaCost": "{1}{G}{G}", "manaValue": 3.0, "name": "Thrashing Brontodon", "number": "92", "originalText": "{1}, Sacrifice Thrashing Brontodon: Destroy target artifact or enchantment.", "originalType": "Creature — Dinosaur", "power": "3", "printings": ["GNT", "J22", "LCI", "M20", "M21", "PLST", "PM20", "RIX"], "purchaseUrls": {"cardmarket": "https://mtgjson.com/links/cbc3738a92c6b494", "tcgplayer": "https://mtgjson.com/links/2e544c9851740e9e"}, "rarity": "uncommon", "setCode": "J22", "sourceProducts": {"nonfoil": ["31fd15cb-48ac-52b8-8f3c-84968a601869"]}, "subtypes": ["Dinosaur"], "supertypes": [], "text": "{1}, Sacrifice Thrashing Brontodon: Destroy target artifact or enchantment.", "toughness": "4", "type": "Creature — Dinosaur", "types": ["Creature"], "uuid": "069f2dc0-229f-5a0f-81b7-43b819e706fc"}, {"artist": "Matt Stewart", "artistIds": ["20871267-2d8a-41d5-b03a-be3d557c5734"], "availability": ["paper"], "boosterTypes": ["default"], "borderColor": "black", "colorIdentity": ["G"], "colors": ["G"], "convertedManaCost": 5.0, "count": 1, "edhrecRank": 18423, "finishes": ["nonfoil"], "flavorText": "It carries the hopes of Zendikar's embattled wilds on its mighty boughs.", "foreignData": [{"flavorText": "Er trägt die Hoffnung von Zendikars umkämpfter Wildnis auf seinen mächtigen Ästen.", "identifiers": {"multiverseId": "592943", "scryfallId": "a25418fe-3f1d-4789-8380-50ee8ed1215a"}, "language": "German", "multiverseId": 592943, "name": "Waldgeborener Baloth", "text": "Solange du acht oder mehr Länder kontrollierst, erhält der Waldgeborene Baloth +4/+4 und verursacht Trampelschaden.", "type": "Kreatur — Elementarwesen"}, {"flavorText": "Lleva la esperanza de la naturaleza asediada de Zendikar en sus imponentes ramas.", "identifiers": {"multiverseId": "593064", "scryfallId": "8cc2a16c-9d17-4c34-85f8-88a72b272848"}, "language": "Spanish", "multiverseId": 593064, "name": "Behemot nacido de la madera", "text": "Mientras controles ocho o más tierras, el Behemot nacido de la madera obtiene +4/+4 y tiene la habilidad de arrollar.", "type": "Criatura — Elemental"}, {"flavorText": "Il porte les espoirs de la nature de Zendikar sur ses puissantes branches.", "identifiers": {"multiverseId": "593185", "scryfallId": "0e71ea64-6207-4c3b-91f2-7f25683e38ea"}, "language": "French", "multiverseId": 593185, "name": "Béhémoth né des bois", "text": "Tant que vous contrôlez au moins huit terrains, le Béhémoth né des bois gagne +4/+4 et a le piétinement.", "type": "Créature : élémental"}, {"flavorText": "Porta sui suoi possenti rami le speranze delle terre selvagge sotto attacco di Zendikar.", "identifiers": {"multiverseId": "593306", "scryfallId": "952cb68f-7d57-465a-8bb7-f3f5096d22f9"}, "language": "Italian", "multiverseId": 593306, "name": "Behemoth della Foresta", "text": "Fintanto che controlli otto o più terre, il Behemoth della Foresta prende +4/+4 e ha travolgere.", "type": "Creatura — Elementale"}, {"flavorText": "この大枝には、戦いに巻き込まれた自然の希望が託されている。", "identifiers": {"multiverseId": "593427", "scryfallId": "a9cb2f0c-2ed4-426a-acd3-64257f08fddb"}, "language": "Japanese", "multiverseId": 593427, "name": "森生まれのビヒモス", "text": "あなたが８つ以上の土地をコントロールしているかぎり、森生まれのビヒモスは＋４/＋４の修整を受けトランプルを持つ。", "type": "クリーチャー — エレメンタル"}, {"flavorText": "它以粗枝阔叶承载赞迪卡久战荒野的复苏希望。", "identifiers": {"multiverseId": "593790", "scryfallId": "2053aa37-87a1-4fcb-9328-b832868c355a"}, "language": "Chinese Simplified", "multiverseId": 593790, "name": "林生贝西摩斯", "text": "只要你操控八个或更多地，林生贝西摩斯便得+4/+4且具有践踏异能。", "type": "生物 ～元素"}], "frameVersion": "2015", "hasFoil": false, "hasNonFoil": true, "identifiers": {"cardsphereId": "96843", "mcmId": "687174", "mcmMetaId": "208179", "mtgjsonV4Id": "be252115-1dea-51da-9c8e-e161546e3e71", "multiverseId": "592822", "scryfallCardBackId": "0aeebaf5-8c7d-4636-9e82-8c27447861f7", "scryfallId": "7f887474-760c-4f33-8051-35b9d2e65307", "scryfallIllustrationId": "0fce77f4-267b-4abe-a14d-959ba6c5096f", "scryfallOracleId": "9bc458ac-5566-4978-aeaa-73b600d4ec29", "tcgplayerProductId": "455508"}, "isFoil": false, "isReprint": true, "language": "English", "layout": "normal", "legalities": {"brawl": "Legal", "commander": "Legal", "duel": "Legal", "explorer": "Legal", "gladiator": "Legal", "historic": "Legal", "legacy": "Legal", "modern": "Legal", "oathbreaker": "Legal", "paupercommander": "Restricted", "penny": "Legal", "pioneer": "Legal", "timeless": "Legal", "vintage": "Legal"}, "manaCost": "{3}{G}{G}", "manaValue": 5.0, "name": "Woodborn Behemoth", "number": "744", "originalText": "As long as you control eight or more lands, Woodborn Behemoth gets +4/+4 and has trample.", "originalType": "Creature — Elemental", "power": "4", "printings": ["DDR", "E01", "J22", "JMP", "M14", "PLST"], "purchaseUrls": {"cardmarket": "https://mtgjson.com/links/fec9160754acf241", "tcgplayer": "https://mtgjson.com/links/5e5431185a955039"}, "rarity": "uncommon", "setCode": "J22", "sourceProducts": {"nonfoil": ["31fd15cb-48ac-52b8-8f3c-84968a601869"]}, "subtypes": ["Elemental"], "supertypes": [], "text": "As long as you control eight or more lands, Woodborn Behemoth gets +4/+4 and has trample. (It can deal excess combat damage to the player or planeswalker it's attacking.)", "toughness": "4", "type": "Creature — Elemental", "types": ["Creature"], "uuid": "bf4d9218-56ef-5a11-acb1-f07013d43c6f"}, {"artist": "James Ryman", "artistIds": ["3852bbc9-11c0-4fe3-8722-a06ad7e2bcc5"], "availability": ["paper"], "boosterTypes": ["default"], "borderColor": "black", "colorIdentity": ["G"], "colors": ["G"], "convertedManaCost": 2.0, "count": 1, "edhrecRank": 12656, "finishes": ["nonfoil"], "flavorText": "\"The lands of the God-Pharaoh are suffused with his breath.\"", "foreignData": [{"flavorText": "„Die Erde selbst ist mit der Essenz des Gott-Pharaos durchzogen.\"", "identifiers": {"multiverseId": "592892", "scryfallId": "35045e49-8acc-4ef0-a49b-f2e0ac368e36"}, "language": "German", "multiverseId": 592892, "name": "Naga-Vitalistin", "text": "{T}: Erzeuge ein Mana eines beliebigen Typs, das ein Land, das du kontrollierst, produzieren könnte.", "type": "Kreatur — Naga, Druide"}, {"flavorText": "\"Las tierras del Dios Faraón están bañadas por su aliento\".", "identifiers": {"multiverseId": "593013", "scryfallId": "da1baa3e-032e-4bc1-b42e-2dcefac6d28b"}, "language": "Spanish", "multiverseId": 593013, "name": "Vitalista naga", "text": "{T}: Agrega un maná de cualquier tipo que pueda producir una tierra que controlas.", "type": "Criatura — Druida naga"}, {"flavorText": "« Les terres du Dieu-Pharaon sont empreintes de son souffle. »", "identifiers": {"multiverseId": "593134", "scryfallId": "56bef6a2-dc7e-4b51-89e2-c2e2ff934054"}, "language": "French", "multiverseId": 593134, "name": "Vitaliste naga", "text": "{T} : Ajoutez un mana de n'importe quel type qu'un terrain que vous contrôlez pourrait produire.", "type": "Créature : naga et druide"}, {"flavorText": "\"Le terre del Dio Faraone sono pervase dal suo respiro.\"", "identifiers": {"multiverseId": "593255", "scryfallId": "35f78d33-80bc-49cf-83fa-c76ef29a5d2a"}, "language": "Italian", "multiverseId": 593255, "name": "Naga Vitalista", "text": "{T}: Aggiungi un mana di un qualsiasi tipo che una terra che controlli potrebbe produrre.", "type": "Creatura — Druido Naga"}, {"flavorText": "「王神の土地は王神の生気で満ちている。」", "identifiers": {"multiverseId": "593376", "scryfallId": "9901ebf4-7332-4cb4-89b5-25eaf8d0f371"}, "language": "Japanese", "multiverseId": 593376, "name": "ナーガの生気論者", "text": "{T}：あなたがコントロールしている土地が生み出すことのできるマナのタイプのうち望むタイプのマナ１点を加える。", "type": "クリーチャー — ナーガ・ドルイド"}, {"flavorText": "「法老神的土地上也弥漫着法老神的吐息。」", "identifiers": {"multiverseId": "593739", "scryfallId": "d195285a-c45f-486e-ade8-af8ca6879fdc"}, "language": "Chinese Simplified", "multiverseId": 593739, "name": "活力那伽", "text": "{T}：加一点法术力，其类别为由你操控的地能产生之任一类别。", "type": "生物 ～那伽／德鲁伊"}], "frameVersion": "2015", "hasFoil": false, "hasNonFoil": true, "identifiers": {"cardsphereId": "96849", "mcmId": "686801", "mcmMetaId": "225626", "mtgjsonV4Id": "4d41df1c-1205-56db-b81c-a1d22384f355", "multiverseId": "592771", "scryfallCardBackId": "0aeebaf5-8c7d-4636-9e82-8c27447861f7", "scryfallId": "263a6d4d-693e-4170-bda8-2e21540e69c9", "scryfallIllustrationId": "00b82bd3-f22c-46ee-8ad9-3438ff66612c", "scryfallOracleId": "9cea8783-c7d7-49f9-b23d-324309efc140", "tcgplayerProductId": "455429"}, "isFoil": false, "isReprint": true, "language": "English", "layout": "normal", "legalities": {"brawl": "Legal", "commander": "Legal", "duel": "Legal", "explorer": "Legal", "gladiator": "Legal", "historic": "Legal", "legacy": "Legal", "modern": "Legal", "oathbreaker": "Legal", "pauper": "Legal", "paupercommander": "Legal", "penny": "Legal", "pioneer": "Legal", "timeless": "Legal", "vintage": "Legal"}, "manaCost": "{1}{G}", "manaValue": 2.0, "name": "Naga Vitalist", "number": "693", "originalText": "{T}: Add one mana of any type that a land you control could produce.", "originalType": "Creature — Naga Druid", "power": "1", "printings": ["AKH", "AKR", "J22"], "purchaseUrls": {"cardmarket": "https://mtgjson.com/links/4852ea3c8148fb20", "tcgplayer": "https://mtgjson.com/links/a71f41168dbf126c"}, "rarity": "common", "rulings": [{"date": "2017-04-18", "text": "Any change to a land's type or abilities gained by a land can affect the types of mana a land can produce."}, {"date": "2017-04-18", "text": "Naga Vitalist checks the effects of all mana-producing abilities of lands you control, but it doesn't check their costs or legality. For example, Spire of Industry says \"{T}, Pay 1 life: Add one mana of any color. Activate only if you control an artifact.\" If you control Spire of Industry and Naga Vitalist, you can tap Naga Vitalist for any color of mana. It doesn't matter whether you control an artifact, whether you can pay 1 life, or whether Spire of Industry is untapped."}, {"date": "2017-04-18", "text": "Naga Vitalist doesn't care about any restrictions or riders your lands put on the mana they produce, such as the one Cavern of Souls has. It just cares about types of mana."}, {"date": "2017-04-18", "text": "The types of mana are white, blue, black, red, green, and colorless."}], "setCode": "J22", "sourceProducts": {"nonfoil": ["31fd15cb-48ac-52b8-8f3c-84968a601869"]}, "subtypes": ["Snake", "Druid"], "supertypes": [], "text": "{T}: Add one mana of any type that a land you control could produce.", "toughness": "2", "type": "Creature — Snake Druid", "types": ["Creature"], "uuid": "f4847337-7591-5b8f-a17b-daa853dab1b8"}, {"artist": "Igor Kieryluk", "artistIds": ["9c3e9d17-509f-485c-9360-46d897ce716b"], "availability": ["paper"], "boosterTypes": ["default"], "borderColor": "black", "colorIdentity": ["G"], "colors": ["G"], "convertedManaCost": 4.0, "count": 1, "edhrecRank": 13602, "edhrecSaltiness": 0.08, "finishes": ["nonfoil"], "flavorText": "Some druids nurture gardens. Others nurture continents.", "foreignData": [{"flavorText": "Manche Druiden lassen Gärten erblühen. Andere ganze Kontinente.", "identifiers": {"multiverseId": "592897", "scryfallId": "79fb9cb2-4e12-4119-a597-b7d0432fbbf9"}, "language": "German", "multiverseId": 592897, "name": "Ondu-Riese", "text": "Wenn der Ondu-Riese ins Spiel kommt, kannst du deine Bibliothek nach einer Standardland-Karte durchsuchen, sie getappt ins Spiel bringen und danach mischen.", "type": "Kreatur — Riese, Druide"}, {"flavorText": "Algunos druidas cultivan jardines. Otros cultivan continentes.", "identifiers": {"multiverseId": "593018", "scryfallId": "f244e53b-4f07-493f-8c78-8ee23da2e043"}, "language": "Spanish", "multiverseId": 593018, "name": "Gigante de Ondu", "text": "Cuando el Gigante de Ondu entre al campo de batalla, puedes buscar en tu biblioteca una carta de tierra básica, ponerla en el campo de batalla girada y luego barajar.", "type": "Criatura — Druida gigante"}, {"flavorText": "Certains druides entretiennent des jardins. D'autres entretiennent des continents.", "identifiers": {"multiverseId": "593139", "scryfallId": "24a542c2-2806-4333-96a9-deb517288628"}, "language": "French", "multiverseId": 593139, "name": "Géant du Ondou", "text": "Quand le Géant du Ondou arrive sur le champ de bataille, vous pouvez chercher dans votre bibliothèque une carte de terrain de base, la mettre sur le champ de bataille engagée, puis mélanger.", "type": "Créature : géant et druide"}, {"flavorText": "Alcuni druidi coltivano giardini. Altri interi continenti.", "identifiers": {"multiverseId": "593260", "scryfallId": "5cc4decc-e3e7-448e-8f94-51e1f6aed0e9"}, "language": "Italian", "multiverseId": 593260, "name": "Gigante di Ondu", "text": "Quando il Gigante di Ondu entra nel campo di battaglia, puoi passare in rassegna il tuo grimorio per una carta terra base, metterla sul campo di battaglia TAPpata, poi rimescolare.", "type": "Creatura — Druido Gigante"}, {"flavorText": "ドルイドは庭を育む。中には大陸を育む者もいる。", "identifiers": {"multiverseId": "593381", "scryfallId": "a6d012db-7e61-44f7-ad5f-0f6a1fcee2c5"}, "language": "Japanese", "multiverseId": 593381, "name": "オンドゥの巨人", "text": "オンドゥの巨人が戦場に出たとき、あなたは「あなたのライブラリーから基本土地・カード１枚を探し、タップ状態で戦場に出す。その後、ライブラリーを切り直す。」を選んでもよい。", "type": "クリーチャー — 巨人・ドルイド"}, {"flavorText": "有些德鲁伊照料庭园。其他的则照料大陆。", "identifiers": {"multiverseId": "593744", "scryfallId": "70aa1b04-efb9-4ecb-943c-4bdfbe4bc718"}, "language": "Chinese Simplified", "multiverseId": 593744, "name": "昂度巨人", "text": "当昂度巨人进战场时，你可以从你牌库中搜寻一张基本地牌，将之横置放进战场，然后洗牌。", "type": "生物 ～巨人／德鲁伊"}], "frameVersion": "2015", "hasFoil": false, "hasNonFoil": true, "identifiers": {"cardsphereId": "96848", "mcmId": "687108", "mcmMetaId": "11268", "mtgjsonV4Id": "99092d7a-e87c-59dd-b7e0-8e170e452a08", "multiverseId": "592776", "scryfallCardBackId": "0aeebaf5-8c7d-4636-9e82-8c27447861f7", "scryfallId": "3af65ef1-d4e4-4fdb-819f-a0dbe7b62376", "scryfallIllustrationId": "7501ec7b-a3c1-437b-9ee3-b032b487a6b9", "scryfallOracleId": "ed8b2887-15fa-4e62-83ac-55973ac6f76c", "tcgplayerProductId": "455439"}, "isFoil": false, "isReprint": true, "language": "English", "layout": "normal", "legalities": {"commander": "Legal", "duel": "Legal", "legacy": "Legal", "modern": "Legal", "oathbreaker": "Legal", "pauper": "Legal", "paupercommander": "Legal", "penny": "Legal", "predh": "Legal", "vintage": "Legal"}, "manaCost": "{3}{G}", "manaValue": 4.0, "name": "Ondu Giant", "number": "698", "originalText": "When Ondu Giant enters the battlefield, you may search your library for a basic land card, put it onto the battlefield tapped, then shuffle.", "originalType": "Creature — Giant Druid", "power": "2", "printings": ["DDP", "J22", "PC2", "PCA", "PLST", "ROE"], "purchaseUrls": {"cardmarket": "https://mtgjson.com/links/2b4cac8e399b8f45", "tcgplayer": "https://mtgjson.com/links/fc5a980ae14a0b36"}, "rarity": "common", "setCode": "J22", "sourceProducts": {"nonfoil": ["31fd15cb-48ac-52b8-8f3c-84968a601869"]}, "subtypes": ["Giant", "Druid"], "supertypes": [], "text": "When Ondu Giant enters, you may search your library for a basic land card, put it onto the battlefield tapped, then shuffle.", "toughness": "4", "type": "Creature — Giant Druid", "types": ["Creature"], "uuid": "408eea16-861b-586d-b8d1-47621363e590"}, {"artist": "Jesper Ejsing", "artistIds": ["a5f8354a-8b51-4e59-96b2-0e3aeae4fa1d"], "availability": ["paper"], "boosterTypes": ["default"], "borderColor": "black", "colorIdentity": ["G"], "colors": ["G"], "convertedManaCost": 6.0, "count": 1, "edhrecRank": 9097, "edhrecSaltiness": 0.5, "finishes": ["nonfoil"], "flavorText": "If you feel the ground quake, run. If you hear its bellow, flee. If you see its teeth, it's too late.", "foreignData": [{"flavorText": "Wenn die Erde bebt, lauf. Wenn du sein Gebrüll vernimmst, flieh. Wenn du in sein Maul starrst, zu spät …", "identifiers": {"multiverseId": "592839", "scryfallId": "7a932167-9cbe-4c15-a915-b3a8f401b221"}, "language": "German", "multiverseId": 592839, "name": "Kolossales Schreckensmaul", "text": "Verursacht Trampelschaden", "type": "Kreatur — Dinosaurier"}, {"flavorText": "Si sientes que la tierra se mueve, corre. Si escuchas su rugido, huye. Si le ves los dientes... ya es demasiado tarde.", "identifiers": {"multiverseId": "592960", "scryfallId": "e040a05d-9fb5-4c8f-9b70-9b5c5d49870c"}, "language": "Spanish", "multiverseId": 592960, "name": "Fauces pavorosas colosal", "text": "Arrolla.", "type": "Criatura — Dinosaurio"}, {"flavorText": "Si vous sentez la terre trembler, courez. Si vous entendez son cri, fuyez. Si vous voyez ses dents, c'est qu'il est déjà trop tard.", "identifiers": {"multiverseId": "593081", "scryfallId": "39fda490-53d5-439a-89d1-870fb439c4da"}, "language": "French", "multiverseId": 593081, "name": "Gueuleffroi colossal", "text": "Piétinement", "type": "Créature : dinosaure"}, {"flavorText": "Se avverti il terreno tremare, corri. Se senti il suo ruggito, scappa. Se ne vedi i denti, è troppo tardi.", "identifiers": {"multiverseId": "593202", "scryfallId": "e9c3ec77-1f7b-46f9-a205-e60afa3af548"}, "language": "Italian", "multiverseId": 593202, "name": "Fauce del Terrore Colossale", "text": "Travolgere", "type": "Creatura — Dinosauro"}, {"flavorText": "大地の揺れを感じたら、逃げろ。鳴き声が聞こえたら、とにかく逃げろ。歯が見えたら、手遅れだ。", "identifiers": {"multiverseId": "593323", "scryfallId": "4dcc7c4f-d023-4d2b-b17f-9814ff53aaf5"}, "language": "Japanese", "multiverseId": 593323, "name": "巨大な戦慄大口", "text": "トランプル", "type": "クリーチャー — 恐竜"}, {"flavorText": "如果你感到大地震颤，快跑。如果你听到吼声咆哮，快逃。如果你看到利齿现形，晚了。", "identifiers": {"multiverseId": "593686", "scryfallId": "7b0b860e-8605-47a9-a19d-cefd094fb71a"}, "language": "Chinese Simplified", "multiverseId": 593686, "name": "庞巨血口龙", "text": "践踏", "type": "生物 ～恐龙"}], "frameVersion": "2015", "hasFoil": false, "hasNonFoil": true, "identifiers": {"cardsphereId": "96836", "mcmId": "687037", "mcmMetaId": "227033", "mtgjsonV4Id": "0f2bc3f6-ca20-5a46-a42a-8babdb2ce000", "multiverseId": "592718", "scryfallCardBackId": "0aeebaf5-8c7d-4636-9e82-8c27447861f7", "scryfallId": "b35fd2a8-cccd-4b35-b791-d70e74e203bc", "scryfallIllustrationId": "1339de69-bb3d-4925-a3c3-fd44da310958", "scryfallOracleId": "08c7db90-c0cf-4482-b7ee-bb033e5996d2", "tcgplayerProductId": "455385"}, "isFoil": false, "isReprint": true, "keywords": ["Trample"], "language": "English", "layout": "normal", "legalities": {"brawl": "Legal", "commander": "Legal", "duel": "Legal", "explorer": "Legal", "gladiator": "Legal", "historic": "Legal", "legacy": "Legal", "modern": "Legal", "oathbreaker": "Legal", "pauper": "Legal", "paupercommander": "Legal", "penny": "Legal", "pioneer": "Legal", "timeless": "Legal", "vintage": "Legal"}, "manaCost": "{4}{G}{G}", "manaValue": 6.0, "name": "Colossal Dreadmaw", "number": "640", "originalText": "Trample", "originalType": "Creature — Dinosaur", "power": "6", "printings": ["A25", "J22", "M19", "M21", "MB2", "PLST", "RIX", "SLD", "XLN"], "purchaseUrls": {"cardmarket": "https://mtgjson.com/links/bff2b48143e35251", "tcgplayer": "https://mtgjson.com/links/c81db6788d2a67a9"}, "rarity": "common", "setCode": "J22", "sourceProducts": {"nonfoil": ["31fd15cb-48ac-52b8-8f3c-84968a601869"]}, "subtypes": ["Dinosaur"], "supertypes": [], "text": "Trample (This creature can deal excess combat damage to the player or planeswalker it's attacking.)", "toughness": "6", "type": "Creature — Dinosaur", "types": ["Creature"], "uuid": "362c9c94-533b-527e-93f3-ff304b7357fe"}, {"artist": "Stuart Griffin", "artistIds": ["8df59511-f31c-461f-8a7d-0271aa1f973d"], "availability": ["paper"], "boosterTypes": ["default"], "borderColor": "black", "colorIdentity": ["G"], "colors": ["G"], "convertedManaCost": 7.0, "count": 1, "edhrecRank": 20205, "finishes": ["nonfoil"], "flavorText": "Time rifts bring tunneling beasts of old into the hard, dry earth of the present. Most die there, trapped, but the mightiest burst through the surface.", "foreignData": [{"flavorText": "Durch Risse im Zeitgefüge geraten immer wieder grabende Bestien aus alten Zeiten in die harte und trockene Erde der Gegenwart. Die meisten bleiben stecken und sterben, aber einige arbeiten sich bis an die Oberfläche vor.", "identifiers": {"multiverseId": "592869", "scryfallId": "52268439-5f0a-4803-a200-7c499739d2fa"}, "language": "German", "multiverseId": 592869, "name": "Havenwood-Wurm", "text": "Aufblitzen\nVerursacht Trampelschaden", "type": "Kreatur — Wurm"}, {"flavorText": "Las brechas temporales trajeron bestias de túneles de antaño a la dura y seca tierra del presente. La mayoría murió allí, atrapada, pero las más poderosas se abrieron paso a la superficie.", "identifiers": {"multiverseId": "592990", "scryfallId": "b7fdf196-1c04-4137-9f91-568702baf7e9"}, "language": "Spanish", "multiverseId": 592990, "name": "Sierpe de Havenwood", "text": "Destello.\nArrolla.", "type": "Criatura — Sierpe"}, {"flavorText": "Les failles temporelles déposent les créatures fouisseuses d'hier dans la terre dure et desséchée du présent. La plupart y meurent, prises au piège, mais les plus puissantes jaillissent à la surface.", "identifiers": {"multiverseId": "593111", "scryfallId": "28fcdf3f-52e8-4c6e-8a41-fbacb93178a9"}, "language": "French", "multiverseId": 593111, "name": "Guivre d'Havrebois", "text": "Flash\nPiétinement", "type": "Créature : guivre"}, {"flavorText": "Gli squarci temporali portano bestie antiche a scavare tunnel nella dura terra riarsa del presente. Molti muoiono lì, intrappolati, ma i più potenti irrompono in superficie.", "identifiers": {"multiverseId": "593232", "scryfallId": "566e4b98-5607-48bf-aa3e-fb7dd4af278e"}, "language": "Italian", "multiverseId": 593232, "name": "Wurm di Havenwood", "text": "Lampo\nTravolgere", "type": "Creatura — Wurm"}, {"flavorText": "時の裂け目は、かつての穴掘りの猛獣を、現在の固く乾いた地へと導いた。ほとんどはそこを抜け出せず死んだが、最強のものは地表をぶち破っていった。", "identifiers": {"multiverseId": "593353", "scryfallId": "8801fb39-3e25-4f57-9f4a-497498b78aa4"}, "language": "Japanese", "multiverseId": 593353, "name": "ヘイヴンウッドのワーム", "text": "瞬速\nトランプル", "type": "クリーチャー — ワーム"}, {"flavorText": "时间裂缝将古代野兽拉到现代的硬厚枯干土壤中。大多数不是死掉便是受困其间，只有最强力的才得以破土而出。", "identifiers": {"multiverseId": "593716", "scryfallId": "7c2f9e01-fb9e-4d93-b9a9-9990e6706c15"}, "language": "Chinese Simplified", "multiverseId": 593716, "name": "海温森亚龙", "text": "闪现\n践踏", "type": "生物 ～亚龙"}], "frameVersion": "2015", "hasFoil": false, "hasNonFoil": true, "identifiers": {"cardsphereId": "96842", "mcmId": "687175", "mcmMetaId": "8411", "mtgjsonV4Id": "8ccd804c-ac90-57b2-8112-ccb780c4df7f", "multiverseId": "592748", "scryfallCardBackId": "0aeebaf5-8c7d-4636-9e82-8c27447861f7", "scryfallId": "d3577918-58a0-4bcb-a037-f3932c1cdc8a", "scryfallIllustrationId": "06ae4c80-f398-4d65-8841-a5cb32a1e1d4", "scryfallOracleId": "a4ddff34-d0ae-481f-870b-b911b249250f", "tcgplayerProductId": "455409"}, "isFoil": false, "isReprint": true, "keywords": ["Flash", "Trample"], "language": "English", "layout": "normal", "legalities": {"commander": "Legal", "duel": "Legal", "legacy": "Legal", "modern": "Legal", "oathbreaker": "Legal", "pauper": "Legal", "paupercommander": "Legal", "penny": "Legal", "predh": "Legal", "vintage": "Legal"}, "manaCost": "{6}{G}", "manaValue": 7.0, "name": "Havenwood Wurm", "number": "670", "originalText": "Flash\nTrample", "originalType": "Creature — Wurm", "power": "5", "printings": ["J22", "TSP"], "purchaseUrls": {"cardmarket": "https://mtgjson.com/links/5d1c58363aa8ccd2", "tcgplayer": "https://mtgjson.com/links/f7f0998d7616fe61"}, "rarity": "common", "setCode": "J22", "sourceProducts": {"nonfoil": ["31fd15cb-48ac-52b8-8f3c-84968a601869"]}, "subtypes": ["Wurm"], "supertypes": [], "text": "Flash (You may cast this spell any time you could cast an instant.)\nTrample", "toughness": "6", "type": "Creature — Wurm", "types": ["Creature"], "uuid": "d16cb2ba-e01a-537e-b177-3cc927eafc61"}, {"artist": "Lucas Graciano", "artistIds": ["ce98f39c-7cdd-47e6-a520-6c50443bb4c2"], "availability": ["paper"], "boosterTypes": ["default"], "borderColor": "black", "colorIdentity": ["G"], "colors": ["G"], "convertedManaCost": 2.0, "count": 1, "edhrecRank": 9132, "edhrecSaltiness": 0.29, "finishes": ["nonfoil"], "flavorText": "The drive to hunt and feed is raw instinct for dinosaurs. The trick is simply to channel it in the right direction.", "foreignData": [{"flavorText": "Dinosaurier werden bei der Jagd nur von ihren Instinkten getrieben. Es gilt also, diese in die richtigen Bahnen zu lenken.", "identifiers": {"multiverseId": "592906", "scryfallId": "8a8474a7-4abf-466e-91b9-a596a0186e2d"}, "language": "German", "multiverseId": 592906, "name": "Auf die Beute stürzen", "text": "Eine Kreatur deiner Wahl, die du kontrollierst, kämpft gegen eine Kreatur deiner Wahl, die du nicht kontrollierst. (Jede fügt der anderen Schadenspunkte in Höhe ihrer Stärke zu.)", "type": "Spontanzauber"}, {"flavorText": "El impulso de cazar y alimentarse es un instinto básico de los dinosaurios. El truco consiste en canalizarlo en la dirección apropiada.", "identifiers": {"multiverseId": "593027", "scryfallId": "ed5e95e2-9648-4867-bf9d-f51cfe5a1b1a"}, "language": "Spanish", "multiverseId": 593027, "name": "Abalanzarse", "text": "La criatura objetivo que controlas lucha contra la criatura objetivo que no controlas. (Cada una hace un daño igual a su fuerza a la otra.)", "type": "Instantáneo"}, {"flavorText": "L'instinct des dinosaures les pousse à chasser et se nourrir. L'astuce consiste à canaliser ces instincts dans la bonne direction.", "identifiers": {"multiverseId": "593148", "scryfallId": "42ab276f-06d4-4978-9552-06be7be03bbe"}, "language": "French", "multiverseId": 593148, "name": "Bondissement", "text": "Une créature ciblée que vous contrôlez se bat contre une créature ciblée que vous ne contrôlez pas. (Chacune inflige un nombre de blessures égal à sa force à l'autre.)", "type": "Éphémère"}, {"flavorText": "Per i dinosauri, l'impulso a cacciare e nutrirsi è un istinto selvaggio. Il trucco sta nell'incanalarlo nella direzione giusta.", "identifiers": {"multiverseId": "593269", "scryfallId": "532553ec-e48c-4ba9-8853-310597fe4aa5"}, "language": "Italian", "multiverseId": 593269, "name": "Avventarsi", "text": "Una creatura bersaglio che controlli lotta con una creatura bersaglio che non controlli. (Ogni creatura infligge all'altra danno pari alla propria forza.)", "type": "Istantaneo"}, {"flavorText": "狩りと採餌の欲求は恐竜の本能である。それを適切な方向に導けばいいのだ。", "identifiers": {"multiverseId": "593390", "scryfallId": "7ef4b151-f34a-4a73-bf1d-8ccaa5a33e76"}, "language": "Japanese", "multiverseId": 593390, "name": "襲撃", "text": "あなたがコントロールしているクリーチャー１体とあなたがコントロールしていないクリーチャー１体を対象とする。その前者はその後者と格闘を行う。（それぞれはもう一方に自身のパワーに等しい点数のダメージを与える。）", "type": "インスタント"}, {"flavorText": "恐龙捕猎进食乃是纯粹本能。诀窍在于指引它扑向正确的方向。", "identifiers": {"multiverseId": "593753", "scryfallId": "183384fe-d90a-4069-8dea-1530cfe6c887"}, "language": "Chinese Simplified", "multiverseId": 593753, "name": "猛扑", "text": "目标由你操控的生物与目标不由你操控的生物互斗。（它们各向对方造成等同于本身力量的伤害。）", "type": "瞬间"}], "frameVersion": "2015", "hasFoil": false, "hasNonFoil": true, "identifiers": {"cardsphereId": "96845", "mcmId": "687151", "mcmMetaId": "227043", "mtgjsonV4Id": "713e3ea4-deee-53c9-9bc1-ad5c7de99b0a", "multiverseId": "592785", "scryfallCardBackId": "0aeebaf5-8c7d-4636-9e82-8c27447861f7", "scryfallId": "052864bb-6f76-482a-961e-b427af135da0", "scryfallIllustrationId": "06a29b20-0a7f-45b6-821b-0cef3a8fab21", "scryfallOracleId": "f4126dac-add4-4d5f-bf52-6f74c7c6aa67", "tcgplayerProductId": "455456"}, "isFoil": false, "isReprint": true, "keywords": ["Fight"], "language": "English", "layout": "normal", "legalities": {"brawl": "Legal", "commander": "Legal", "duel": "Legal", "explorer": "Legal", "gladiator": "Legal", "historic": "Legal", "legacy": "Legal", "modern": "Legal", "oathbreaker": "Legal", "pauper": "Legal", "paupercommander": "Legal", "penny": "Legal", "pioneer": "Legal", "timeless": "Legal", "vintage": "Legal"}, "manaCost": "{1}{G}", "manaValue": 2.0, "name": "Pounce", "number": "707", "originalText": "Target creature you control fights target creature you don't control. (Each deals damage equal to its power to the other.)", "originalType": "Instant", "printings": ["J22", "XLN"], "purchaseUrls": {"cardmarket": "https://mtgjson.com/links/169fb74a574c2d02", "tcgplayer": "https://mtgjson.com/links/159989ffe7a15012"}, "rarity": "common", "rulings": [{"date": "2017-09-29", "text": "If either or both targets are illegal when Pounce tries to resolve, no creature will deal or be dealt damage."}], "setCode": "J22", "sourceProducts": {"nonfoil": ["31fd15cb-48ac-52b8-8f3c-84968a601869"]}, "subtypes": [], "supertypes": [], "text": "Target creature you control fights target creature you don't control. (Each deals damage equal to its power to the other.)", "type": "Instant", "types": ["Instant"], "uuid": "4a388f38-8170-5bcc-99b1-bef673e7b90a"}, {"artist": "Michael Komarck", "artistIds": ["96a53b95-fe5f-4fbb-9411-ccf4ee150aca"], "availability": ["paper"], "boosterTypes": ["default"], "borderColor": "black", "colorIdentity": ["G"], "colors": ["G"], "convertedManaCost": 5.0, "count": 1, "edhrecRank": 13686, "edhrecSaltiness": 0.13, "finishes": ["nonfoil"], "flavorText": "For Mittens, it was just another day at the beach.", "foreignData": [{"flavorText": "Für Miezi war es nur ein weiterer Tag am Strand.", "identifiers": {"multiverseId": "592855", "scryfallId": "9d9df2e5-b563-47b8-bbb8-4b70862928c4"}, "language": "German", "multiverseId": 592855, "name": "Größer machen", "text": "Eine Kreatur deiner Wahl erhält +7/+7 und verursacht Trampelschaden bis zum Ende des Zuges. Sie muss in diesem Zug geblockt werden, falls möglich.", "type": "Hexerei"}, {"flavorText": "Para el señor Bigotes, fue un día de playa cualquiera.", "identifiers": {"multiverseId": "592976", "scryfallId": "60ff38ed-b00b-4cfa-90bd-41a7d20b9ec7"}, "language": "Spanish", "multiverseId": 592976, "name": "Agrandar", "text": "La criatura objetivo obtiene +7/+7 y gana la habilidad de arrollar hasta el final del turno. Debe ser bloqueada este turno si se puede.", "type": "Conjuro"}, {"flavorText": "Pour Mistigri, ce n'était qu'une journée ordinaire à la plage.", "identifiers": {"multiverseId": "593097", "scryfallId": "51628dfb-b192-4f8d-8597-a25f3a13a8bc"}, "language": "French", "multiverseId": 593097, "name": "Agrandir", "text": "Une créature ciblée gagne +7/+7 et acquiert le piétinement jusqu'à la fin du tour. Elle doit être bloquée ce tour-ci si possible.", "type": "Rituel"}, {"flavorText": "Per Fiocco era solo un'altra giornata al mare.", "identifiers": {"multiverseId": "593218", "scryfallId": "5b125365-a255-4dc3-8163-14644b52f5ad"}, "language": "Italian", "multiverseId": 593218, "name": "Allargare", "text": "Una creatura bersaglio prende +7/+7 e ha travolgere fino alla fine del turno. Deve essere bloccata in questo turno, se possibile.", "type": "Stregoneria"}, {"flavorText": "猫にとっては普段通りの浜辺での一日に過ぎなかった。", "identifiers": {"multiverseId": "593339", "scryfallId": "db443f1f-4442-4319-b4b3-a2eb775502a6"}, "language": "Japanese", "multiverseId": 593339, "name": "大型化", "text": "クリーチャー１体を対象とする。ターン終了時まで、それは＋７/＋７の修整を受けトランプルを得る。このターン、それは可能ならブロックされなければならない。", "type": "ソーサリー"}, {"flavorText": "在小绒爪看来，只不过又是海滩上稀松平常的一天。", "identifiers": {"multiverseId": "593702", "scryfallId": "1850785d-a751-4435-93cb-1e745d894397"}, "language": "Chinese Simplified", "multiverseId": 593702, "name": "增大", "text": "直到回合结束，目标生物得+7/+7且获得践踏异能。它本回合若能被阻挡，则须如此作。", "type": "法术"}], "frameVersion": "2015", "hasFoil": false, "hasNonFoil": true, "identifiers": {"cardsphereId": "96838", "mcmId": "687165", "mcmMetaId": "208167", "mtgjsonV4Id": "33e0c362-c15f-5b5a-ba84-9752f73b07d4", "multiverseId": "592734", "scryfallCardBackId": "0aeebaf5-8c7d-4636-9e82-8c27447861f7", "scryfallId": "0f33bd73-e15f-4bc2-8053-b34f849c1a85", "scryfallIllustrationId": "ec40df78-b1ca-4300-8a47-4d5b0ae3499e", "scryfallOracleId": "405cd74a-6b44-4a80-b53c-ff1406d8ff45", "tcgplayerProductId": "455398"}, "isFoil": false, "isReprint": true, "language": "English", "layout": "normal", "legalities": {"brawl": "Legal", "commander": "Legal", "duel": "Legal", "explorer": "Legal", "gladiator": "Legal", "historic": "Legal", "legacy": "Legal", "modern": "Legal", "oathbreaker": "Legal", "penny": "Legal", "pioneer": "Legal", "timeless": "Legal", "vintage": "Legal"}, "manaCost": "{3}{G}{G}", "manaValue": 5.0, "name": "Enlarge", "number": "656", "originalText": "Target creature gets +7/+7 and gains trample until end of turn. It must be blocked this turn if able.", "originalType": "Sorcery", "printings": ["2XM", "IMA", "J22", "JMP", "M14", "PLST"], "purchaseUrls": {"cardmarket": "https://mtgjson.com/links/757cf0190528d668", "tcgplayer": "https://mtgjson.com/links/d41d768eb93129a4"}, "rarity": "uncommon", "rulings": [{"date": "2020-08-07", "text": "If each creature the defending player controls can't block for any reason (such as being tapped), then the affected creature isn't blocked. If there's a cost associated with blocking the affected creature, the defending player isn't forced to pay that cost, so it doesn't have to be blocked in that case either."}, {"date": "2020-08-07", "text": "Only one creature is required to block the affected creature. Other creatures may also block it and are free to block other creatures or not block at all."}], "setCode": "J22", "sourceProducts": {"nonfoil": ["31fd15cb-48ac-52b8-8f3c-84968a601869"]}, "subtypes": [], "supertypes": [], "text": "Target creature gets +7/+7 and gains trample until end of turn. It must be blocked this turn if able. (A creature with trample can deal excess combat damage to the player or planeswalker it's attacking.)", "type": "Sorcery", "types": ["Sorcery"], "uuid": "7e2792af-ac73-5066-b9fa-1546e25f5f36"}, {"artist": "Jean-Sébastien Rossbach", "artistIds": ["1b0c07a7-84e8-4384-9b97-28c162586558"], "availability": ["paper"], "boosterTypes": ["default"], "borderColor": "black", "colorIdentity": ["G"], "colors": ["G"], "convertedManaCost": 3.0, "count": 1, "edhrecRank": 19574, "finishes": ["nonfoil"], "foreignData": [{"identifiers": {"multiverseId": "592866", "scryfallId": "0de9b7ce-958c-48e2-8dfb-7d149ac720f8"}, "language": "German", "multiverseId": 592866, "name": "Gabe der Gargantuas", "text": "Schaue dir die obersten vier Karten deiner Bibliothek an. Du kannst eine Kreaturenkarte und/oder eine Länderkarte davon offen vorzeigen und die vorgezeigten Karten auf deine Hand nehmen. Lege den Rest in beliebiger Reihenfolge unter deine Bibliothek.", "type": "Hexerei"}, {"identifiers": {"multiverseId": "592987", "scryfallId": "ba03596a-6b6c-41d8-9a2b-74614e5ff84f"}, "language": "Spanish", "multiverseId": 592987, "name": "Regalo de las gargantúas", "text": "Mira las cuatro primeras cartas de tu biblioteca. Puedes mostrar una carta de criatura y/o una carta de tierra de entre ellas y poner las cartas mostradas en tu mano. Pon el resto en el fondo de tu biblioteca en cualquier orden.", "type": "Conjuro"}, {"identifiers": {"multiverseId": "593108", "scryfallId": "5bb158e4-d251-4d90-88e9-1c22a3440230"}, "language": "French", "multiverseId": 593108, "name": "Don du gargantuesque", "text": "Regardez les quatre cartes du dessus de votre bibliothèque. Vous pouvez révéler une carte de créature et/ou une carte de terrain parmi elles et mettre les cartes révélées dans votre main. Mettez le reste au-dessous de votre bibliothèque, dans l'ordre de votre choix.", "type": "Rituel"}, {"identifiers": {"multiverseId": "593229", "scryfallId": "f7c74050-ec40-46e2-92c2-6ccdc9f2513e"}, "language": "Italian", "multiverseId": 593229, "name": "Dono del Mastodonte", "text": "Guarda le prime quattro carte del tuo grimorio. Puoi rivelare una carta creatura e/o una carta terra scelte tra esse e aggiungere alla tua mano le carte rivelate. Metti le altre in fondo al tuo grimorio in qualsiasi ordine.", "type": "Stregoneria"}, {"identifiers": {"multiverseId": "593350", "scryfallId": "20a2e1b6-b950-42a5-af1d-c551a02c2721"}, "language": "Japanese", "multiverseId": 593350, "name": "ガルガンチュアンの贈り物", "text": "あなたのライブラリーの一番上にあるカード４枚を見る。あなたは「その中からクリーチャー・カード最大１枚と土地・カード最大１枚を公開し、あなたの手札に加える。」を選んでもよい。残りをあなたのライブラリーの一番下に望む順番で置く。", "type": "ソーサリー"}, {"identifiers": {"multiverseId": "593713", "scryfallId": "43e9c8bb-187b-4bae-a09b-38229139f2d3"}, "language": "Chinese Simplified", "multiverseId": 593713, "name": "巨兽赋礼", "text": "检视你牌库顶的四张牌。你可以展示其中一张生物牌和／或一张地牌并置于你手上。将其余的牌以任意顺序置于你的牌库底。", "type": "法术"}], "frameVersion": "2015", "hasFoil": false, "hasNonFoil": true, "identifiers": {"cardsphereId": "96841", "mcmId": "687058", "mcmMetaId": "10204", "mtgjsonV4Id": "f9e03e69-858a-508a-bcba-958967abe1d6", "multiverseId": "592745", "scryfallCardBackId": "0aeebaf5-8c7d-4636-9e82-8c27447861f7", "scryfallId": "c018fba0-a475-4df1-bb81-447c48f2e320", "scryfallIllustrationId": "7271d7c1-5360-4381-b562-7c2e32ae64e2", "scryfallOracleId": "34f9c2a9-ca7c-4a02-aec5-e8f407d09580", "tcgplayerProductId": "455405"}, "isFoil": false, "isReprint": true, "language": "English", "layout": "normal", "legalities": {"commander": "Legal", "duel": "Legal", "legacy": "Legal", "modern": "Legal", "oathbreaker": "Legal", "pauper": "Legal", "paupercommander": "Legal", "predh": "Legal", "vintage": "Legal"}, "manaCost": "{2}{G}", "manaValue": 3.0, "name": "Gift of the Gargantuan", "number": "667", "originalText": "Look at the top four cards of your library. You may reveal a creature card and/or a land card from among them and put the revealed cards into your hand. Put the rest on the bottom of your library in any order.", "originalType": "Sorcery", "printings": ["ALA", "J22"], "purchaseUrls": {"cardmarket": "https://mtgjson.com/links/e37353927c8dc40e", "tcgplayer": "https://mtgjson.com/links/90b59a05f7933611"}, "rarity": "common", "rulings": [{"date": "2008-10-01", "text": "If one of the cards is Dryad Arbor (a creature land card), you may reveal Dryad Arbor and another land card or Dryad Arbor and another creature card."}, {"date": "2008-10-01", "text": "You may reveal a creature card, or you may reveal a land card, or you may reveal both a creature card and a land card."}], "setCode": "J22", "sourceProducts": {"nonfoil": ["31fd15cb-48ac-52b8-8f3c-84968a601869"]}, "subtypes": [], "supertypes": [], "text": "Look at the top four cards of your library. You may reveal a creature card and/or a land card from among them and put the revealed cards into your hand. Put the rest on the bottom of your library in any order.", "type": "Sorcery", "types": ["Sorcery"], "uuid": "2ff40ef1-904c-5283-a52c-dbd74a6eea10"}, {"artist": "Ron Spears", "artistIds": ["fce9030b-86bd-4439-b06a-920a1eeb184c"], "availability": ["paper"], "boosterTypes": ["default"], "borderColor": "black", "colorIdentity": ["G"], "colors": ["G"], "convertedManaCost": 3.0, "count": 1, "edhrecRank": 2009, "edhrecSaltiness": 0.1, "finishes": ["nonfoil"], "flavorText": "\"Let the forest spread! From salt, stone, and fen, let the new trees rise.\"\n—Molimo, maro-sorcerer", "foreignData": [{"flavorText": "„Möge sich der Wald ausbreiten! Aus Salz, aus Stein und aus Morast sollen neue Bäume emporsprießen.\"\n—Molimo, Maro-Hexer", "identifiers": {"multiverseId": "592901", "scryfallId": "340d73b0-4f53-46d0-bf3b-1b89416bfc22"}, "language": "German", "multiverseId": 592901, "name": "Übermäßiges Wachstum", "text": "Verzaubert ein Land\nImmer wenn das verzauberte Land für Mana getappt wird, erzeugt sein Beherrscher zusätzlich {G}{G}.", "type": "Verzauberung — Aura"}, {"flavorText": "\"¡Deja que el bosque se extienda! Deja que se alcen los nuevos árboles de entre la sal, las rocas y las ciénagas\".\n—Molimo, hechicero maro", "identifiers": {"multiverseId": "593022", "scryfallId": "1b025a45-a8ea-469f-9d5b-04bc42bb0701"}, "language": "Spanish", "multiverseId": 593022, "name": "Crecimiento desmedido", "text": "Encantar tierra.\nSiempre que se gire la tierra encantada para obtener maná, su controlador agrega {G}{G} adicionales.", "type": "Encantamiento — Aura"}, {"flavorText": "« Laissez la forêt s'épanouir ! Que les jeunes arbrisseaux jaillissent du sel, de la roche et des marais. »\n—Molimo, maro-sorcier", "identifiers": {"multiverseId": "593143", "scryfallId": "ff8af11f-dbf5-4001-a58f-cbbaf00314c9"}, "language": "French", "multiverseId": 593143, "name": "Luxuriance", "text": "Enchanter : terrain\nÀ chaque fois que le terrain enchanté est engagé pour du mana, son contrôleur ajoute {G}{G} supplémentaires.", "type": "Enchantement : aura"}, {"flavorText": "\"Che la foresta si allarghi! Che i nuovi alberi nascano dal sale, dalla pietra e dalla palude.\"\n—Molimo, stregone maro", "identifiers": {"multiverseId": "593264", "scryfallId": "8956a8d1-69b1-4e73-8c0e-d14115fd9607"}, "language": "Italian", "multiverseId": 593264, "name": "Vegetazione Rigogliosa", "text": "Incanta terra\nOgniqualvolta la terra incantata viene TAPpata per attingere mana, il suo controllore aggiunge {G}{G} addizionale.", "type": "Incantesimo — Aura"}, {"flavorText": "「森よ広がれ！塩から、石から、沼から、新たな樹よ立つがいい。」\n――マローの魔術師モリモ", "identifiers": {"multiverseId": "593385", "scryfallId": "a6a97282-579b-4758-9962-cc029d0c1591"}, "language": "Japanese", "multiverseId": 593385, "name": "はびこり", "text": "エンチャント（土地）\nエンチャントしている土地がマナを引き出す目的でタップされるたび、それのコントローラーは追加で{G}{G}を加える。", "type": "エンチャント — オーラ"}, {"flavorText": "「就让树林蔓延！不论盐地，枯石，沼泽，都会挺立起树苗。」\n～玛洛术士莫黎墨", "identifiers": {"multiverseId": "593748", "scryfallId": "cdd73b15-458c-429c-bee3-8521a93ad827"}, "language": "Chinese Simplified", "multiverseId": 593748, "name": "过度生长", "text": "结附于地\n每当横置所结附的地以产生法术力时，其操控者额外加{G}{G}。", "type": "结界 ～灵气"}], "frameVersion": "2015", "hasFoil": false, "hasNonFoil": true, "identifiers": {"cardsphereId": "96847", "mcmId": "687068", "mcmMetaId": "4046", "mtgjsonV4Id": "781d919d-94b4-5466-8e0a-b6fcbbdcf093", "multiverseId": "592780", "scryfallCardBackId": "0aeebaf5-8c7d-4636-9e82-8c27447861f7", "scryfallId": "ce941f72-27b6-4fb5-a303-630686fb97a9", "scryfallIllustrationId": "b6ed7ba4-ad5e-4af4-9007-81be703c09f2", "scryfallOracleId": "e6ccebf4-f4f0-404f-a634-4d751ef9c8aa", "tcgplayerProductId": "455448"}, "isFoil": false, "isReprint": true, "keywords": ["Enchant"], "language": "English", "layout": "normal", "legalities": {"commander": "Legal", "duel": "Legal", "legacy": "Legal", "modern": "Legal", "oathbreaker": "Legal", "pauper": "Legal", "paupercommander": "Legal", "predh": "Legal", "premodern": "Legal", "vintage": "Legal"}, "manaCost": "{2}{G}", "manaValue": 3.0, "name": "Overgrowth", "number": "702", "originalText": "Enchant land\nWhenever enchanted land is tapped for mana, its controller adds an additional {G}{G}.", "originalType": "Enchantment — Aura", "printings": ["10E", "40K", "9ED", "C18", "J22", "PLST", "STH"], "purchaseUrls": {"cardmarket": "https://mtgjson.com/links/0a9d5aaafd9183f0", "tcgplayer": "https://mtgjson.com/links/a0f3ae592cbf35cc"}, "rarity": "common", "rulings": [{"date": "2004-10-04", "text": "This is a triggered mana ability."}], "setCode": "J22", "sourceProducts": {"nonfoil": ["31fd15cb-48ac-52b8-8f3c-84968a601869"]}, "subtypes": ["Aura"], "supertypes": [], "text": "Enchant land\nWhenever enchanted land is tapped for mana, its controller adds an additional {G}{G}.", "type": "Enchantment — Aura", "types": ["Enchantment"], "uuid": "daa2d181-5f01-56e9-9886-d59d40da9362"}, {"artist": "Ravenna Tran", "artistIds": ["e24bc1d0-446b-45e0-b215-89f581837aa4"], "availability": ["paper"], "boosterTypes": ["default"], "borderColor": "black", "colorIdentity": ["G"], "colors": [], "convertedManaCost": 0.0, "count": 1, "edhrecRank": 1455, "edhrecSaltiness": 0.07, "finishes": ["nonfoil"], "flavorText": "Far from human eyes, birds flit between vivid blossoms in a hidden paradise.", "foreignData": [{"flavorText": "Menschlichen Blicken entzogen, schwirren Vögel in einem verborgenen Paradies zwischen farbenfrohen Blüten umher.", "identifiers": {"multiverseId": "596327", "scryfallId": "b705b5d7-da18-49c2-af9d-62bcbbdf203c"}, "language": "German", "multiverseId": 596327, "name": "Gedeihender Hain", "text": "Der Gedeihende Hain kommt getappt ins Spiel.\nSowie der Gedeihende Hain ins Spiel kommt, bestimme eine Farbe außer Grün.\n{T}: Erzeuge {G} oder ein Mana der bestimmten Farbe.", "type": "Land"}, {"flavorText": "Lejos de la mirada de los humanos, los pájaros revolotean entre flores en un paraíso oculto.", "identifiers": {"multiverseId": "596414", "scryfallId": "ee0a8e22-9dab-419e-8944-e6a3fb38d11f"}, "language": "Spanish", "multiverseId": 596414, "name": "Arboleda floreciente", "text": "La Arboleda floreciente entra al campo de batalla girada.\nEn cuanto la Arboleda floreciente entre al campo de batalla, elige un color que no sea verde.\n{T}: Agrega {G} o un maná del color elegido.", "type": "Tierra"}, {"flavorText": "À l'abri des regards humains, les oiseaux papillonnent entre les fleurs luxuriantes d'un paradis caché.", "identifiers": {"multiverseId": "596501", "scryfallId": "ccebd86b-0ada-421a-bf46-51d4174ad784"}, "language": "French", "multiverseId": 596501, "name": "Bosquet prospère", "text": "Le Bosquet prospère arrive sur le champ de bataille engagé.\nAu moment où le Bosquet prospère arrive sur le champ de bataille, choisissez une couleur autre que le vert.\n{T} : Ajoutez {G} ou un mana de la couleur choisie.", "type": "Terrain"}, {"flavorText": "Al riparo da occhi umani, gli uccellini guizzano tra boccioli dai colori vivaci in un paradiso nascosto.", "identifiers": {"multiverseId": "596588", "scryfallId": "63cfc4a4-4cd0-4f11-b0d8-1417212fc903"}, "language": "Italian", "multiverseId": 596588, "name": "Boschetto Florido", "text": "Il Boschetto Florido entra nel campo di battaglia TAPpato.\nMentre il Boschetto Florido entra nel campo di battaglia, scegli un colore diverso dal verde.\n{T}: Aggiungi {G} o un mana del colore scelto.", "type": "Terra"}, {"flavorText": "人の目に触れないこの知られざる楽園で、鳥たちは鮮やかな花々の間を飛び交っている。", "identifiers": {"multiverseId": "596675", "scryfallId": "36eff7e5-edd6-4a7d-8d87-9d5e0204edd3"}, "language": "Japanese", "multiverseId": 596675, "name": "興隆する木立", "text": "興隆する木立はタップ状態で戦場に出る。\n興隆する木立が戦場に出るに際し、緑でない色１色を選ぶ。\n{T}：{G}か、その選ばれた色１色のマナ１点を加える。", "type": "土地"}, {"flavorText": "人类视界之外还有一片隐蔽乐土，此处鸟语花香，绿意盎然。", "identifiers": {"multiverseId": "596936", "scryfallId": "882deb48-9baf-4827-b5c6-64303fb03e31"}, "language": "Chinese Simplified", "multiverseId": 596936, "name": "兴旺树丛", "text": "兴旺树丛须横置进战场。\n于兴旺树丛进战场时，选择一种绿色以外的颜色。\n{T}：加{G}或一点所选颜色的法术力。", "type": "地"}], "frameVersion": "2015", "hasFoil": false, "hasNonFoil": true, "identifiers": {"cardsphereId": "96851", "mcmId": "687385", "mcmMetaId": "308469", "mtgjsonV4Id": "d5b908b5-70e3-501d-92e5-baaf6f720ef9", "multiverseId": "596240", "scryfallCardBackId": "0aeebaf5-8c7d-4636-9e82-8c27447861f7", "scryfallId": "23829580-9ae9-41c1-9b58-aea07389110d", "scryfallIllustrationId": "1923327d-f432-4e93-bdea-f0280263e7f5", "scryfallOracleId": "a8052556-8962-4130-86a8-6fb7b6a324f7", "tcgplayerProductId": "454931"}, "isFoil": false, "isReprint": true, "language": "English", "layout": "normal", "legalities": {"brawl": "Legal", "commander": "Legal", "duel": "Legal", "gladiator": "Legal", "historic": "Legal", "legacy": "Legal", "oathbreaker": "Legal", "pauper": "Legal", "paupercommander": "Legal", "timeless": "Legal", "vintage": "Legal"}, "manaValue": 0.0, "name": "Thriving Grove", "number": "823", "originalText": "Thriving Grove enters the battlefield tapped.\nAs Thriving Grove enters the battlefield, choose a color other than green.\n{T}: Add {G} or one mana of the chosen color.", "originalType": "Land", "printings": ["AFC", "BLC", "CLU", "CMM", "J22", "JMP", "LCC", "NCC", "WHO"], "purchaseUrls": {"cardmarket": "https://mtgjson.com/links/fd12643b1ee5a483", "tcgplayer": "https://mtgjson.com/links/a9d580edaafd0be2"}, "rarity": "common", "setCode": "J22", "sourceProducts": {"nonfoil": ["31fd15cb-48ac-52b8-8f3c-84968a601869"]}, "subtypes": [], "supertypes": [], "text": "Thriving Grove enters tapped. As it enters, choose a color other than green.\n{T}: Add {G} or one mana of the chosen color.", "type": "Land", "types": ["Land"], "uuid": "da0d956f-c612-5cc9-a850-a87e8c2a20a7"}, {"artist": "Volkan Baǵa", "artistIds": ["93bec3c0-0260-4d31-8064-5d01efb4153f"], "availability": ["paper"], "boosterTypes": ["default"], "borderColor": "black", "colorIdentity": ["G"], "colors": [], "convertedManaCost": 0.0, "count": 7, "edhrecSaltiness": 0.35, "finishes": ["nonfoil"], "foreignData": [{"identifiers": {"multiverseId": "597772", "scryfallId": "1581c64c-386e-4285-af5d-b88978f188a1"}, "language": "German", "multiverseId": 597772, "name": "Wald", "type": "Standardland — Wald"}, {"identifiers": {"multiverseId": "597787", "scryfallId": "949dec17-2c57-44af-9dcf-9682354df195"}, "language": "Spanish", "multiverseId": 597787, "name": "Bosque", "type": "Tierra básica — Bosque"}, {"identifiers": {"multiverseId": "597802", "scryfallId": "92c76b6c-a372-470b-b8ba-d97053cbb5c6"}, "language": "French", "multiverseId": 597802, "name": "Forêt", "type": "Terrain de base : forêt"}, {"identifiers": {"multiverseId": "597817", "scryfallId": "376c878e-c382-41a2-a5aa-7689860a3e45"}, "language": "Italian", "multiverseId": 597817, "name": "Foresta", "type": "Terra Base — Foresta"}, {"identifiers": {"multiverseId": "597832", "scryfallId": "3f726af8-5a1d-4259-b6e2-8094eb9e74f1"}, "language": "Japanese", "multiverseId": 597832, "name": "森", "type": "基本土地 — 森"}, {"identifiers": {"multiverseId": "597877", "scryfallId": "00b26627-a76c-44ce-90fe-e8030c4dbb41"}, "language": "Chinese Simplified", "multiverseId": 597877, "name": "树林", "type": "基本地 ～树林"}], "frameVersion": "2015", "hasFoil": false, "hasNonFoil": true, "identifiers": {"cardsphereId": "97102", "mtgjsonV4Id": "e473f4f0-1e77-55bd-a820-7f9c034a944a", "multiverseId": "597757", "scryfallCardBackId": "0aeebaf5-8c7d-4636-9e82-8c27447861f7", "scryfallId": "cee97ab6-8e81-4396-a788-db0ed0da62d2", "scryfallIllustrationId": "5588ba98-4d59-4f11-b317-9de705fd74a8", "scryfallOracleId": "b34bb2dc-c1af-4d77-b0b3-a0fb342a5fc6", "tcgplayerProductId": "455154"}, "isFoil": false, "isReprint": true, "language": "English", "layout": "normal", "legalities": {"alchemy": "Legal", "brawl": "Legal", "commander": "Legal", "duel": "Legal", "explorer": "Legal", "future": "Legal", "gladiator": "Legal", "historic": "Legal", "legacy": "Legal", "modern": "Legal", "oathbreaker": "Legal", "pauper": "Legal", "paupercommander": "Legal", "penny": "Legal", "pioneer": "Legal", "predh": "Legal", "premodern": "Legal", "standard": "Legal", "standardbrawl": "Legal", "timeless": "Legal", "vintage": "Legal"}, "manaValue": 0.0, "name": "Forest", "number": "110", "originalType": "Basic Land — Forest", "printings": ["10E", "2ED", "2XM", "30A", "3ED", "40K", "4BB", "4ED", "5ED", "6ED", "7ED", "8ED", "9ED", "ACR", "AFR", "AKH", "AKR", "ALA", "ANA", "ANB", "ARC", "ATH", "AVR", "BBD", "BFZ", "BLB", "BRB", "BRO", "BTD", "C13", "C14", "C15", "C16", "C17", "C18", "C19", "CED", "CEI", "CHK", "CLB", "CLU", "CM2", "CMA", "CMD", "CMM", "CMR", "CST", "DD1", "DDD", "DDE", "DDG", "DDH", "DDJ", "DDL", "DDM", "DDO", "DDP", "DDR", "DDS", "DDU", "DKM", "DMR", "DMU", "DOM", "DPA", "DSK", "DTK", "E01", "ELD", "EVG", "FBB", "FRF", "G17", "GK1", "GK2", "GN2", "GN3", "GNT", "GRN", "GS1", "GVL", "H09", "HBG", "HOP", "HOU", "ICE", "IKO", "INV", "ISD", "ITP", "J14", "J22", "JMP", "KHM", "KLD", "KLR", "KTK", "LCI", "LEA", "LEB", "LRW", "LTR", "M10", "M11", "M12", "M13", "M14", "M15", "M19", "M20", "M21", "MBS", "ME1", "ME3", "MH2", "MH3", "MID", "MIR", "MKM", "MMQ", "MOM", "MRD", "NEO", "NPH", "ODY", "OLEP", "ONE", "ONS", "ORI", "OTJ", "P02", "P23", "PAL00", "PAL01", "PAL03", "PAL04", "PAL05", "PAL06", "PAL99", "PALP", "PANA", "PARL", "PC2", "PCA", "PELP", "PF19", "PF20", "PGPX", "PGRU", "PIP", "PLST", "PMPS", "PMPS06", "PMPS07", "PMPS08", "PMPS09", "PMPS10", "PMPS11", "POR", "PPP1", "PRM", "PRW2", "PRWK", "PS11", "PSAL", "PSS2", "PSS3", "PSS4", "PTC", "PTK", "PZ2", "RAV", "REX", "RIX", "RNA", "ROE", "RQS", "RTR", "S99", "SCD", "SHM", "SIR", "SLD", "SNC", "SOI", "SOM", "STX", "SUM", "TD0", "TD2", "THB", "THS", "TMP", "TPR", "TSP", "UGL", "UND", "UNF", "UNH", "USG", "UST", "VOW", "WAR", "WC00", "WC01", "WC02", "WC03", "WC04", "WC97", "WC98", "WC99", "WHO", "WOE", "XANA", "XLN", "ZEN", "ZNR"], "purchaseUrls": {"tcgplayer": "https://mtgjson.com/links/a273fde1af7320f0"}, "rarity": "common", "setCode": "J22", "sourceProducts": {"nonfoil": ["31fd15cb-48ac-52b8-8f3c-84968a601869"]}, "subtypes": ["Forest"], "supertypes": ["Basic"], "text": "({T}: Add {G}.)", "type": "Basic Land — Forest", "types": ["Land"], "uuid": "08bb8f11-5a93-5121-9f05-f55d07e2dc6c", "variations": ["bda821c9-421f-5543-b713-e1d664914488", "4a472a30-00d1-56f4-b8d2-cc23f616fcf6"]}], "name": "Gigantic 1", "releaseDate": "2022-12-02", "sealedProductUuids": null, "sideBoard": [], "type": "Jumpstart"}}