{"meta": {"date": "2024-09-03", "version": "5.2.2+20240903"}, "data": {"code": "J22", "commander": [], "mainBoard": [{"artist": "Uriah Voth", "artistIds": ["14cf4c0c-1a83-4366-ba61-6d0a26ee5a69"], "availability": ["paper"], "boosterTypes": ["default"], "borderColor": "black", "colorIdentity": ["B"], "colors": ["B"], "convertedManaCost": 4.0, "count": 1, "edhrecRank": 16161, "edhrecSaltiness": 0.23, "finishes": ["nonfoil"], "flavorText": "As larvae, they burrow into a host's brain to feed upon it, growing until they're large enough to burst free and seek out larger prey.", "foreignData": [{"flavorText": "Als Larven graben sie sich in das Gehirn eines Wirts ein, um sich von ihm zu ernähren, bis sie groß genug sind, um auszubrechen und nach größerer Beute zu suchen.", "identifiers": {"multiverseId": "589631", "scryfallId": "754c79c8-813f-4b3a-b932-708c8def8d7b"}, "language": "German", "multiverseId": 589631, "name": "Schlitterschädel-Würmchen", "text": "Wenn das Schlitterschädel-Würmchen ins Spiel kommt, wirft jeder Gegner eine Karte ab. Für jeden Gegner, der dies nicht kann, lege zwei +1/+1-Marken auf das Schlitterschädel-Würmchen.", "type": "Kreatur — Würmchen"}, {"flavorText": "Cuando son larvas, se meten en el cerebro de un huésped para alimentarse de él hasta que son lo suficientemente grandes para desgarrarlo desde dentro y buscar una presa mayor.", "identifiers": {"multiverseId": "589682", "scryfallId": "f43b9835-6861-488c-bb4e-3d6375b07442"}, "language": "Spanish", "multiverseId": 589682, "name": "Gusano profanacalaveras", "text": "Cuando el Gusano profanacalaveras entre al campo de batalla, cada oponente descarta una carta. Por cada oponente que no pueda hacerlo, pon dos contadores +1/+1 sobre el Gusano profanacalaveras.", "type": "Criatura — Gusano"}, {"flavorText": "Les larves s'enfouissent dans la cervelle d'un hôte afin de s'en nourrir et ressortent lorsqu'elles sont suffisamment grosses pour partir à la recherche de proies plus grosses.", "identifiers": {"multiverseId": "589733", "scryfallId": "cea1b386-b9dc-40db-931e-b9518d07580c"}, "language": "French", "multiverseId": 589733, "name": "Ver rampecrâne", "text": "Quand le Ver rampecrâne arrive sur le champ de bataille, chaque adversaire se défausse d'une carte. Pour chaque adversaire qui ne peut pas faire ainsi, mettez deux marqueurs +1/+1 sur le Ver rampecrâne.", "type": "Créature : ver"}, {"flavorText": "Allo stadio larvale, si fanno strada nel cervello di un ospite per nutrirsene, poi crescono fino a potersi liberare a forza per cercare una preda più grande.", "identifiers": {"multiverseId": "589784", "scryfallId": "7acd6836-9ae5-4fde-a811-6a323864d6c5"}, "language": "Italian", "multiverseId": 589784, "name": "Verme Strisciacrani", "text": "Quando il Verme Strisciacrani entra nel campo di battaglia, ogni avversario scarta una carta. Per ogni avversario che non può farlo, metti due segnalini +1/+1 sul Verme Strisciacrani.", "type": "Creatura — Verme"}, {"flavorText": "幼虫期は宿主の脳に潜り込んで餌とし、適当な大きさまで成長したら勢いよく突き破ってより大きな獲物を探す。", "identifiers": {"multiverseId": "589835", "scryfallId": "107d4230-ccee-431a-819b-d7b7fce685eb"}, "language": "Japanese", "multiverseId": 589835, "name": "頭蓋滑り蟲", "text": "頭蓋滑り蟲が戦場に出たとき、各対戦相手はそれぞれカード１枚を捨てる。頭蓋滑り蟲の上に、そうできなかった対戦相手１人につき２個の＋１/＋１カウンターを置く。", "type": "クリーチャー — 蟲"}, {"flavorText": "它们在幼虫时期会潜伏宿主脑中汲取养分，待长到够大之后，就会钻破脑壳去寻找更大的猎物。", "identifiers": {"multiverseId": "589988", "scryfallId": "5f1615c3-6937-444f-9dc0-689cfbded4c5"}, "language": "Chinese Simplified", "multiverseId": 589988, "name": "滑骨蠕虫", "text": "当滑骨蠕虫进战场时，每位对手各弃一张牌。每有一位无法如此作的对手，便在滑骨蠕虫上放置两个+1/+1指示物。", "type": "生物 ～蠕虫"}], "frameVersion": "2015", "hasFoil": false, "hasNonFoil": true, "identifiers": {"cardsphereId": "97048", "mcmId": "687043", "mcmMetaId": "414753", "mtgjsonV4Id": "3b8f611b-fdfd-5978-83f8-68eb283828c4", "multiverseId": "589580", "scryfallCardBackId": "0aeebaf5-8c7d-4636-9e82-8c27447861f7", "scryfallId": "9fdd4db9-8cab-4df2-ae65-0d7546c2d06b", "scryfallIllustrationId": "1ac1969b-0438-476c-ab14-f36e4a1aadab", "scryfallOracleId": "a36dda2e-4cb8-4821-9c93-bd637ae7b333", "tcgplayerProductId": "455035"}, "isFoil": false, "language": "English", "layout": "normal", "legalities": {"commander": "Legal", "duel": "Legal", "legacy": "Legal", "oathbreaker": "Legal", "paupercommander": "Restricted", "vintage": "Legal"}, "manaCost": "{3}{B}", "manaValue": 4.0, "name": "Skullslither Worm", "number": "26", "originalText": "When Skullslither Worm enters the battlefield, each opponent discards a card. For each opponent who can't, put two +1/+1 counters on Skullslither Worm.", "originalType": "Creature — Worm", "power": "3", "printings": ["J22"], "purchaseUrls": {"cardmarket": "https://mtgjson.com/links/83a35a64ea0b24f8", "tcgplayer": "https://mtgjson.com/links/d88078f3f2c4118b"}, "rarity": "uncommon", "setCode": "J22", "sourceProducts": {"nonfoil": ["31fd15cb-48ac-52b8-8f3c-84968a601869"]}, "subtypes": ["Worm"], "supertypes": [], "text": "When Skullslither Worm enters, each opponent discards a card. For each opponent who can't, put two +1/+1 counters on Skullslither Worm.", "toughness": "3", "type": "Creature — Worm", "types": ["Creature"], "uuid": "ba3d790a-c047-5046-acf6-10483fa3c8f4"}, {"artist": "Adam Paquette", "artistIds": ["89023dad-e6c0-41e0-83fb-eb2bfbbdc3f2"], "availability": ["paper"], "boosterTypes": ["default"], "borderColor": "black", "colorIdentity": ["B"], "colors": ["B"], "convertedManaCost": 7.0, "count": 1, "edhrecRank": 4438, "edhrecSaltiness": 0.34, "finishes": ["nonfoil"], "foreignData": [{"identifiers": {"multiverseId": "594053", "scryfallId": "0c3f325c-7339-4077-a2d5-8dfc1ece5a68"}, "language": "German", "multiverseId": 594053, "name": "Todesbringer-Regentin", "text": "Fliegend\nWenn die Todesbringer-Regentin ins Spiel kommt und falls du sie aus deiner Hand gewirkt hast und fünf oder mehr andere Kreaturen im Spiel sind, zerstöre alle anderen Kreaturen.", "type": "Kreatur — Drache"}, {"identifiers": {"multiverseId": "594170", "scryfallId": "78e212f4-239f-4d43-8580-afaefb2856ec"}, "language": "Spanish", "multiverseId": 594170, "name": "Regente rugido mortal", "text": "Vuela.\nCuando la Regente rugido mortal entre al campo de batalla, si la lanzaste desde tu mano y hay otras cinco o más criaturas en el campo de batalla, destruye todas las otras criaturas.", "type": "Criatura — Dragón"}, {"identifiers": {"multiverseId": "594287", "scryfallId": "5605f4aa-94bd-4bc0-96ec-bff17a9c20a1"}, "language": "French", "multiverseId": 594287, "name": "Régente portemort", "text": "Vol\nQuand la Régente portemort arrive sur le champ de bataille, si vous l'avez lancée depuis votre main et qu'il y a au moins cinq autres créatures sur le champ de bataille, détruisez toutes les autres créatures.", "type": "Créature : dragon"}, {"identifiers": {"multiverseId": "594404", "scryfallId": "5c646ea4-cd39-47d3-925a-fe027d3a71ec"}, "language": "Italian", "multiverseId": 594404, "name": "Reggente Latrice di Morte", "text": "Volare\nQuando la Reggente Latrice di Morte entra nel campo di battaglia, se l'hai lanciata dalla tua mano e ci sono altre cinque o più creature sul campo di battaglia, distruggi tutte le altre creature.", "type": "Creatura — Drago"}, {"identifiers": {"multiverseId": "594521", "scryfallId": "d4f86579-9778-4884-b882-34f61cdf05e0"}, "language": "Japanese", "multiverseId": 594521, "name": "死致の執政", "text": "飛行\n死致の執政が戦場に出たとき、あなたがこれをあなたの手札から唱えていて戦場にこれでない５体以上のクリーチャーがある場合、これでないすべてのクリーチャーを破壊する。", "type": "クリーチャー — ドラゴン"}, {"identifiers": {"multiverseId": "594872", "scryfallId": "1dd77309-233a-4f91-8568-3f1c5b0fe750"}, "language": "Chinese Simplified", "multiverseId": 594872, "name": "夺命龙侯", "text": "飞行\n当夺命龙侯进战场时，若你从你手上施放之且战场上有五个或更多其他生物，则消灭所有其他生物。", "type": "生物 ～龙"}], "frameVersion": "2015", "hasFoil": false, "hasNonFoil": true, "identifiers": {"cardsphereId": "97133", "mcmId": "687107", "mcmMetaId": "211157", "mtgjsonV4Id": "70f019b3-6578-5ad7-91fe-ff7f1804581b", "multiverseId": "593936", "scryfallCardBackId": "0aeebaf5-8c7d-4636-9e82-8c27447861f7", "scryfallId": "78229484-b07a-4b6c-ae27-74c7dac3d620", "scryfallIllustrationId": "2ec1206e-442f-44fa-9ff7-7545c22ec0b5", "scryfallOracleId": "71b5fdf2-4475-4102-85eb-9be164a9ae29", "tcgplayerProductId": "455553"}, "isFoil": false, "isReprint": true, "keywords": ["Flying"], "language": "English", "layout": "normal", "legalities": {"commander": "Legal", "duel": "Legal", "legacy": "Legal", "modern": "Legal", "oathbreaker": "Legal", "penny": "Legal", "pioneer": "Legal", "vintage": "Legal"}, "manaCost": "{5}{B}{B}", "manaValue": 7.0, "name": "Deathbringer Regent", "number": "396", "originalText": "Flying\nWhen Deathbringer Regent enters the battlefield, if you cast it from your hand and there are five or more other creatures on the battlefield, destroy all other creatures.", "originalType": "Creature — Dragon", "power": "5", "printings": ["C17", "C21", "DTK", "E01", "J22", "NCC", "PDTK", "PRM"], "purchaseUrls": {"cardmarket": "https://mtgjson.com/links/3550acb57f1c17ab", "tcgplayer": "https://mtgjson.com/links/46df362cba312f81"}, "rarity": "rare", "rulings": [{"date": "2015-02-25", "text": "Deathbringer Regent's last ability destroys all creatures except Deathbringer Regent, including the five other creatures required for the ability to have an effect."}, {"date": "2015-02-25", "text": "If you cast a creature spell that enters the battlefield as a copy of Deathbringer Regent, the enters-the-battlefield ability will trigger (assuming the “five or more other creatures” requirement is also met)."}], "securityStamp": "oval", "setCode": "J22", "sourceProducts": {"nonfoil": ["31fd15cb-48ac-52b8-8f3c-84968a601869"]}, "subtypes": ["Dragon"], "supertypes": [], "text": "Flying\nWhen Deathbringer Regent enters, if you cast it from your hand and there are five or more other creatures on the battlefield, destroy all other creatures.", "toughness": "6", "type": "Creature — Dragon", "types": ["Creature"], "uuid": "f44998bd-5591-5ba5-8dbd-4994e6780438"}, {"artist": "zizero", "artistIds": ["63087f68-d923-41c2-827e-167796a9ac9f"], "availability": ["paper"], "boosterTypes": ["default"], "borderColor": "black", "colorIdentity": ["B"], "colors": ["B"], "convertedManaCost": 3.0, "count": 1, "edhrecRank": 495, "edhrecSaltiness": 0.59, "finishes": ["nonfoil"], "flavorText": "\"Looks like I need a new test subject. Any volunteers?\"", "foreignData": [{"flavorText": "„Sieht aus, als bräuchte ich eine neue Versuchsperson. Meldet sich jemand freiwillig?\"", "identifiers": {"multiverseId": "597101", "scryfallId": "889b82ca-155d-49d4-a165-482c7971c857"}, "language": "German", "multiverseId": 597101, "name": "Seuchensäer", "text": "Wenn der Seuchensäer ins Spiel kommt, opfert jeder Spieler eine Kreatur oder einen Planeswalker. Jeder Spieler, der dies nicht kann, wirft eine Karte ab.", "type": "Kreatur — Mensch, Schamane"}, {"flavorText": "\"Necesito un nuevo sujeto de pruebas. ¿Algún voluntario?\".", "identifiers": {"multiverseId": "597147", "scryfallId": "2427aede-4d5a-4792-9504-307da1f0efbb"}, "language": "Spanish", "multiverseId": 597147, "name": "Difundeplagas", "text": "Cuando el Difundeplagas entre al campo de batalla, cada jugador sacrifica una criatura o planeswalker. Cada jugador que no pueda hacerlo descarta una carta.", "type": "Criatura — Chamán humano"}, {"flavorText": "« On dirait que j'ai besoin d'un nouveau cobaye. Des volontaires ? »", "identifiers": {"multiverseId": "597193", "scryfallId": "3d530aa6-e27e-43b7-96c5-00f45bc7439d"}, "language": "French", "multiverseId": 597193, "name": "Façonneur de peste", "text": "Quand le Façonneur de peste arrive sur le champ de bataille, chaque joueur sacrifie une créature ou un planeswalker. Chaque joueur qui ne peut pas se défausse d'une carte.", "type": "Créature : humain et shamane"}, {"flavorText": "\"A quanto pare mi servirà una nuova cavia. Qualche volontario?\"", "identifiers": {"multiverseId": "597239", "scryfallId": "0ed8cce4-fc12-418d-b56c-4d029c05c64b"}, "language": "Italian", "multiverseId": 597239, "name": "Plasmacontagio", "text": "Quando il Plasmacontagio entra nel campo di battaglia, ogni giocatore sacrifica una creatura o un planeswalker. Ogni giocatore che non può farlo scarta una carta.", "type": "Creatura — Sciamano Umano"}, {"flavorText": "「新しい被検体が必要だ。志願者はいるかい？」", "identifiers": {"multiverseId": "597285", "scryfallId": "cb222fa6-7353-4a11-8a33-f9c00b85f6af"}, "language": "Japanese", "multiverseId": 597285, "name": "疫病造り師", "text": "疫病造り師が戦場に出たとき、各プレイヤーはそれぞれクリーチャーやプレインズウォーカーのうち１体を生け贄に捧げる。それができない各プレイヤーはそれぞれカード１枚を捨てる。", "type": "クリーチャー — 人間・シャーマン"}, {"flavorText": "「看来我需要新的实验对象。有志愿者吗？」", "identifiers": {"multiverseId": "597423", "scryfallId": "4263fc0e-c48f-49de-9a1f-a45c8a5ecff4"}, "language": "Chinese Simplified", "multiverseId": 597423, "name": "播疫师", "text": "当播疫师进战场时，每位牌手各牺牲一个生物或鹏洛客。每位无法如此作的牌手各弃一张牌。", "type": "生物 ～人类／祭师"}], "frameVersion": "2015", "hasFoil": false, "hasNonFoil": true, "identifiers": {"cardsphereId": "97076", "mcmId": "687150", "mcmMetaId": "265470", "mtgjsonV4Id": "8f8f846b-a003-50ae-9bb0-459e0041c837", "multiverseId": "597055", "scryfallCardBackId": "0aeebaf5-8c7d-4636-9e82-8c27447861f7", "scryfallId": "bbad4b00-b56b-4b55-9e6f-3de3e3748fe9", "scryfallIllustrationId": "b62cf031-4577-4beb-beb5-9d7e0c315275", "scryfallOracleId": "2e3ee458-fa3f-4452-ab95-5a7fb5a0483b", "tcgplayerProductId": "455605"}, "isFoil": false, "isReprint": true, "language": "English", "layout": "normal", "legalities": {"brawl": "Legal", "commander": "Legal", "duel": "Legal", "explorer": "Legal", "gladiator": "Legal", "historic": "Legal", "legacy": "Legal", "modern": "Legal", "oathbreaker": "Legal", "paupercommander": "Restricted", "pioneer": "Legal", "timeless": "Legal", "vintage": "Legal"}, "manaCost": "{2}{B}", "manaValue": 3.0, "name": "Plaguecrafter", "number": "72", "originalText": "When Plaguecrafter enters the battlefield, each player sacrifices a creature or planeswalker. Each player who can't discards a card.", "originalType": "Creature — Human Shaman", "power": "3", "printings": ["AFC", "BLC", "C19", "GRN", "J22", "PLST", "RVR", "SLD"], "purchaseUrls": {"cardmarket": "https://mtgjson.com/links/4479c1cbfeeb3d9b", "tcgplayer": "https://mtgjson.com/links/c0d2f02e73eed816"}, "rarity": "uncommon", "rulings": [{"date": "2018-10-05", "text": "As Plaguecrafter's ability resolves, first the player whose turn it is chooses a creature or planeswalker they control, then each other player in turn order does the same, knowing the choices made before them. Then all the chosen permanents are sacrificed at the same time. Next, each player in the same order who couldn't sacrifice a permanent chooses a card in hand without revealing it, then the chosen cards are discarded at the same time."}, {"date": "2018-10-05", "text": "Each player chooses a permanent to sacrifice from among the creatures and planeswalkers they control. You don't choose which type of permanent any other player has to sacrifice."}, {"date": "2018-10-05", "text": "Plaguecrafter can be the creature its controller sacrifices for its own ability."}], "setCode": "J22", "sourceProducts": {"nonfoil": ["31fd15cb-48ac-52b8-8f3c-84968a601869"]}, "subtypes": ["Human", "Shaman"], "supertypes": [], "text": "When Plaguecrafter enters, each player sacrifices a creature or planeswalker. Each player who can't discards a card.", "toughness": "2", "type": "Creature — Human Shaman", "types": ["Creature"], "uuid": "9438892d-99dc-59f6-9c35-78ee4f9e014f"}, {"artist": "Jehan Choo", "artistIds": ["515df9fe-9c29-4e75-9e49-6ce5be4ec8c8"], "availability": ["paper"], "boosterTypes": ["default"], "borderColor": "black", "colorIdentity": ["B"], "colors": ["B"], "convertedManaCost": 5.0, "count": 1, "edhrecRank": 21950, "finishes": ["nonfoil"], "flavorText": "The hive has a long memory. It knows how every member ever died, and to whom it owes the grudge.", "foreignData": [{"flavorText": "Der Schwarm hat ein langes Gedächtnis. Er weiß genau, wie jedes Mitglied starb und wem sie deshalb grollen.", "identifiers": {"multiverseId": "594089", "scryfallId": "5ee531f2-cf21-4314-ab89-c76a443e8af1"}, "language": "German", "multiverseId": 594089, "name": "Kraul-Schwarm", "text": "Fliegend\n{2}{B}, wirf eine Kreaturenkarte ab: Bringe den Kraul-Schwarm aus deinem Friedhof auf deine Hand zurück.", "type": "Kreatur — Insekt, Krieger"}, {"flavorText": "La colmena tiene mucha memoria. Sabe cómo murió cada miembro y a quién debe guardarle rencor.", "identifiers": {"multiverseId": "594206", "scryfallId": "25ef0d9a-692b-415c-afc4-a1076faa8fe4"}, "language": "Spanish", "multiverseId": 594206, "name": "Enjambre kraul", "text": "Vuela.\n{2}{B}, descartar una carta de criatura: Regresa el Enjambre kraul de tu cementerio a tu mano.", "type": "Criatura — Guerrero insecto"}, {"flavorText": "L'essaim a la mémoire longue. Il sait comment chacun de ses anciens membres est mort, et à qui en garder rancune.", "identifiers": {"multiverseId": "594323", "scryfallId": "97d5a366-10f3-4914-87a2-f14108acdb46"}, "language": "French", "multiverseId": 594323, "name": "Essaim de krauls", "text": "Vol\n{2}{B}, défaussez-vous d'une carte de créature : Renvoyez l'Essaim de krauls depuis votre cimetière dans votre main.", "type": "Créature : insecte et guerrier"}, {"flavorText": "L'alveare ha una memoria indelebile. Sa com'è morto ognuno dei suoi membri e a chi deve serbare rancore.", "identifiers": {"multiverseId": "594440", "scryfallId": "da7d1662-1085-44f6-adf8-ff24ea0ee877"}, "language": "Italian", "multiverseId": 594440, "name": "Sciame di Kraul", "text": "Volare\n{2}{B}, Scarta una carta creatura: Riprendi in mano lo Sciame di Kraul dal tuo cimitero.", "type": "Creatura — Guerriero Insetto"}, {"flavorText": "巣には長い記憶がある。誰がどのように死んだのか、その仇を誰に返せばいいのか、そういうことを巣は知っているのだ。", "identifiers": {"multiverseId": "594557", "scryfallId": "8c5add03-4f1f-433b-9862-1e4d341af8ee"}, "language": "Japanese", "multiverseId": 594557, "name": "クロールの群れ", "text": "飛行\n{2}{B},クリーチャー・カード１枚を捨てる：あなたの墓地にあるクロールの群れをあなたの手札に戻す。", "type": "クリーチャー — 昆虫・戦士"}, {"flavorText": "母巢的记性极佳。它清楚每一位成员的死因，以及要寻仇的对象。", "identifiers": {"multiverseId": "594908", "scryfallId": "d0930b4d-a7f8-4662-8084-94d4a6a6adf2"}, "language": "Chinese Simplified", "multiverseId": 594908, "name": "刻洛虫群", "text": "飞行\n{2}{B}，弃一张生物牌：将刻洛虫群从你的坟墓场移回你手上。", "type": "生物 ～昆虫／战士"}], "frameVersion": "2015", "hasFoil": false, "hasNonFoil": true, "identifiers": {"cardsphereId": "97244", "mcmId": "687071", "mcmMetaId": "265467", "mtgjsonV4Id": "800a8086-2a16-5823-a5ba-324c548e94b5", "multiverseId": "593972", "scryfallCardBackId": "0aeebaf5-8c7d-4636-9e82-8c27447861f7", "scryfallId": "d5758460-d1bc-49ba-80de-c0849958f705", "scryfallIllustrationId": "f8a84389-c293-4860-bff7-9b433e94e0be", "scryfallOracleId": "ac97d8fc-15fa-4a60-96d3-4c09deafa83a", "tcgplayerProductId": "455529"}, "isFoil": false, "isReprint": true, "keywords": ["Flying"], "language": "English", "layout": "normal", "legalities": {"brawl": "Legal", "commander": "Legal", "duel": "Legal", "explorer": "Legal", "gladiator": "Legal", "historic": "Legal", "legacy": "Legal", "modern": "Legal", "oathbreaker": "Legal", "paupercommander": "Restricted", "pioneer": "Legal", "timeless": "Legal", "vintage": "Legal"}, "manaCost": "{4}{B}", "manaValue": 5.0, "name": "Kraul Swarm", "number": "432", "originalText": "Flying\n{2}{B}, Discard a creature card: Return Kraul Swarm from your graveyard to your hand.", "originalType": "Creature — Insect Warrior", "power": "4", "printings": ["GRN", "J22"], "purchaseUrls": {"cardmarket": "https://mtgjson.com/links/15467b09e3a852fc", "tcgplayer": "https://mtgjson.com/links/4aebf7854a714e85"}, "rarity": "uncommon", "setCode": "J22", "sourceProducts": {"nonfoil": ["31fd15cb-48ac-52b8-8f3c-84968a601869"]}, "subtypes": ["Insect", "Warrior"], "supertypes": [], "text": "Flying\n{2}{B}, Discard a creature card: Return Kraul Swarm from your graveyard to your hand.", "toughness": "1", "type": "Creature — Insect Warrior", "types": ["Creature"], "uuid": "8234bdec-bc47-5a28-81df-56be04855583"}, {"artist": "Ben Wootten", "artistIds": ["31cdca96-ecde-4245-bfb6-653929d57d9c"], "availability": ["paper"], "boosterTypes": ["default"], "borderColor": "black", "colorIdentity": ["B"], "colors": ["B"], "convertedManaCost": 1.0, "count": 1, "edhrecRank": 14910, "edhrecSaltiness": 0.33, "finishes": ["nonfoil"], "flavorText": "It withers fruit and flesh alike.", "foreignData": [{"flavorText": "Ob Früchte oder Fleisch, bei seinen Mahlzeiten ist er nicht wählerisch.", "identifiers": {"multiverseId": "594035", "scryfallId": "388bf5d4-c816-4a34-84ad-f693c3931496"}, "language": "German", "multiverseId": 594035, "name": "Hüter der Fäulnis", "text": "Fliegend\n{7}{B}, {T}, opfere den Hüter der Fäulnis: Ein Gegner deiner Wahl verliert 4 Lebenspunkte und du erhältst 4 Lebenspunkte dazu.", "type": "Kreatur — Fledermaus, Bold"}, {"flavorText": "Pudre la fruta y la carne por igual.", "identifiers": {"multiverseId": "594152", "scryfallId": "0784548f-d4b7-47d6-8828-6defe76a2bd5"}, "language": "Spanish", "multiverseId": 594152, "name": "Guardián de la miseria", "text": "Vuela.\n{7}{B}, {T}, sacrificar al Guardián de la miseria: El oponente objetivo pierde 4 vidas y tú ganas 4 vidas.", "type": "Criatura — Diablillo murciélago"}, {"flavorText": "Il flétrit aussi bien le fruit que la chair.", "identifiers": {"multiverseId": "594269", "scryfallId": "67cf3bac-41dc-400c-bf14-966644c38fcb"}, "language": "French", "multiverseId": 594269, "name": "Gardien du fléau", "text": "Vol\n{7}{B}, {T}, sacrifiez le Gardien du fléau : Un adversaire ciblé perd 4 points de vie et vous gagnez 4 points de vie.", "type": "Créature : chauve-souris et diablotin"}, {"flavorText": "La sua consunzione colpisce la carne al pari della frutta.", "identifiers": {"multiverseId": "594386", "scryfallId": "7eb272b0-213f-4b09-8610-4098021d461a"}, "language": "Italian", "multiverseId": 594386, "name": "Guardiano dell'Avvizzimento", "text": "Volare\n{7}{B}, {T}, Sacrifica il Guardiano dell'Avvizzimento: Un avversario bersaglio perde 4 punti vita e tu guadagni 4 punti vita.", "type": "Creatura — Imp Pipistrello"}, {"flavorText": "果実も肉体も同様に枯れる。", "identifiers": {"multiverseId": "594503", "scryfallId": "eb8344d6-759b-4933-b97b-bafbc5458128"}, "language": "Japanese", "multiverseId": 594503, "name": "立ち枯れの守り手", "text": "飛行\n{7}{B},{T},立ち枯れの守り手を生け贄に捧げる：対戦相手１人を対象とする。そのプレイヤーは４点のライフを失い、あなたは４点のライフを得る。", "type": "クリーチャー — コウモリ・インプ"}, {"flavorText": "它能让花果凋零，也能让肉身凋落。", "identifiers": {"multiverseId": "594854", "scryfallId": "934bcf6c-6369-4032-a0b5-021f6b42d257"}, "language": "Chinese Simplified", "multiverseId": 594854, "name": "萎荒守卫", "text": "飞行\n{7}{B}，{T}，牺牲萎荒守卫：目标对手失去4点生命且你获得4点生命。", "type": "生物 ～蝙蝠／小恶魔"}], "frameVersion": "2015", "hasFoil": false, "hasNonFoil": true, "identifiers": {"cardsphereId": "97138", "mcmId": "686600", "mcmMetaId": "227004", "mtgjsonV4Id": "7859b6ec-6f40-5520-b17d-296c748ad22f", "multiverseId": "593918", "scryfallCardBackId": "0aeebaf5-8c7d-4636-9e82-8c27447861f7", "scryfallId": "8458f030-f333-486e-8b52-b7422c1ff059", "scryfallIllustrationId": "2b561a36-3794-4afd-ac5b-13bde072d914", "scryfallOracleId": "1dc73412-c91c-48c9-bde6-b169add79b37", "tcgplayerProductId": "455179"}, "isFoil": false, "isReprint": true, "keywords": ["Flying"], "language": "English", "layout": "normal", "legalities": {"brawl": "Legal", "commander": "Legal", "duel": "Legal", "explorer": "Legal", "gladiator": "Legal", "historic": "Legal", "legacy": "Legal", "modern": "Legal", "oathbreaker": "Legal", "pauper": "Legal", "paupercommander": "Legal", "penny": "Legal", "pioneer": "Legal", "timeless": "Legal", "vintage": "Legal"}, "manaCost": "{B}", "manaValue": 1.0, "name": "Blight Keeper", "number": "378", "originalText": "Flying\n{7}{B}, {T}, Sacrifice Blight Keeper: Target opponent loses 4 life and you gain 4 life.", "originalType": "Creature — Bat Imp", "power": "1", "printings": ["J22", "XLN"], "purchaseUrls": {"cardmarket": "https://mtgjson.com/links/3d2b434f0adddb29", "tcgplayer": "https://mtgjson.com/links/2f3cae4f70c07fe4"}, "rarity": "common", "setCode": "J22", "sourceProducts": {"nonfoil": ["31fd15cb-48ac-52b8-8f3c-84968a601869"]}, "subtypes": ["Bat", "Imp"], "supertypes": [], "text": "Flying\n{7}{B}, {T}, Sacrifice Blight Keeper: Target opponent loses 4 life and you gain 4 life.", "toughness": "1", "type": "Creature — Bat Imp", "types": ["Creature"], "uuid": "f8740c1c-247b-5815-b4b2-384b96bf4c0c"}, {"artist": "Milivoj Ćeran", "artistIds": ["1eced451-4da5-42bc-b49d-70c41246581f"], "availability": ["paper"], "boosterTypes": ["default"], "borderColor": "black", "colorIdentity": ["B"], "colors": ["B"], "convertedManaCost": 2.0, "count": 1, "edhrecRank": 19358, "finishes": ["nonfoil"], "flavorText": "\"I've seen them survive lava, trampling, and a moloch's digestive system. They just roll out and get on with their lives!\"\n—Gannet, Skysail zoologist", "foreignData": [{"flavorText": "„Ich habe gesehen, wie sie Lava, Getrampel und das Verdauungssystem eines Molochs überlebt haben. Sie rollen sich einfach wieder auseinander und leben weiter!\"\n—Gannet, Himmelstadt-Zoologe", "identifiers": {"multiverseId": "594065", "scryfallId": "dbd1abc7-bb59-496a-bf08-0105390a08c1"}, "language": "German", "multiverseId": 594065, "name": "Robuster Spulkäfer", "text": "{4}{B}: Bringe den Robusten Spulkäfer aus deinem Friedhof auf deine Hand zurück.", "type": "Kreatur — Insekt"}, {"flavorText": "\"Los he visto sobrevivir a la lava, a los pisotones y al sistema digestivo de un moloc. ¡Simplemente, ruedan y siguen con sus vidas!\".\n—Gánet, zoólogo de Puertoaéreo", "identifiers": {"multiverseId": "594182", "scryfallId": "19730d6e-d8cb-4382-9c4b-4f40cf848100"}, "language": "Spanish", "multiverseId": 594182, "name": "Bichobola resistente", "text": "{4}{B}: Regresa el Bichobola resistente de tu cementerio a tu mano.", "type": "Criatura — Insecto"}, {"flavorText": "« Je les ai vus survivre à la lave, aux piétinements et à l'estomac d'un diable cornu. Ils en ressortent et continuent comme si de rien n'était ! »\n—Gannet, zoologue de Vogueciel", "identifiers": {"multiverseId": "594299", "scryfallId": "30bc1668-cf22-4735-8d18-149e19fd6a8a"}, "language": "French", "multiverseId": 594299, "name": "Sphérapode durable", "text": "{4}{B} : Renvoyez le Sphérapode durable depuis votre cimetière dans votre main.", "type": "Créature : insecte"}, {"flavorText": "\"Li ho visti sopravvivere alla lava, a zampe che li calpestavano e al sistema digerente di un moloc. Si srotolano come se niente fosse e vanno avanti con la loro vita!\"\n—Gannet, zoologo della Solcanembi", "identifiers": {"multiverseId": "594416", "scryfallId": "4b357537-2d31-4e98-a0c8-b70f4869493e"}, "language": "Italian", "multiverseId": 594416, "name": "Appallottero Resistente", "text": "{4}{B}: Riprendi in mano l'Appallottero Resistente dal tuo cimitero.", "type": "Creatura — Insetto"}, {"flavorText": "「こいつらはたとえ溶岩の中でも、踏みつけられても、モロクの胃に入っても生き残るんだ。ただ転がり出てきて前向きに生きていくのさ！」\n――スカイセイルの動物学者、ガネット", "identifiers": {"multiverseId": "594533", "scryfallId": "72198743-30d1-4999-a4a6-c83fcb44292e"}, "language": "Japanese", "multiverseId": 594533, "name": "頑丈なダンゴムシ", "text": "{4}{B}：あなたの墓地にある頑丈なダンゴムシをあなたの手札に戻す。", "type": "クリーチャー — 昆虫"}, {"flavorText": "「我曾见过它们活过熔岩、踩踏，甚至是棘蜥的肠胃。它们就这么滚出来，安然无恙地活下去！」\n～翔空城动物学家加涅特", "identifiers": {"multiverseId": "594884", "scryfallId": "a7eea8cb-29c1-4d99-b692-68cc7b5f0158"}, "language": "Chinese Simplified", "multiverseId": 594884, "name": "硬壳蜷曲虫", "text": "{4}{B}：将硬壳蜷曲虫从你的坟墓场移回你手上。", "type": "生物 ～昆虫"}], "frameVersion": "2015", "hasFoil": false, "hasNonFoil": true, "identifiers": {"cardsphereId": "97263", "mcmId": "687132", "mcmMetaId": "301828", "mtgjsonV4Id": "922fa108-7b51-54dd-b017-01af7655c3de", "multiverseId": "593948", "scryfallCardBackId": "0aeebaf5-8c7d-4636-9e82-8c27447861f7", "scryfallId": "58725475-ff77-4511-9797-c44b0fa9909d", "scryfallIllustrationId": "d9d76e3c-dbdb-4620-a182-fdd88212a4fd", "scryfallOracleId": "a421582a-f673-4f43-beb5-28ee785da11e", "tcgplayerProductId": "455592"}, "isFoil": false, "isReprint": true, "language": "English", "layout": "normal", "legalities": {"brawl": "Legal", "commander": "Legal", "duel": "Legal", "explorer": "Legal", "gladiator": "Legal", "historic": "Legal", "legacy": "Legal", "modern": "Legal", "oathbreaker": "Legal", "pauper": "Legal", "paupercommander": "Legal", "pioneer": "Legal", "timeless": "Legal", "vintage": "Legal"}, "manaCost": "{1}{B}", "manaValue": 2.0, "name": "Durable Coilbug", "number": "408", "originalText": "{4}{B}: Return Durable Coilbug from your graveyard to your hand.", "originalType": "Creature — Insect", "power": "2", "printings": ["IKO", "J22"], "purchaseUrls": {"cardmarket": "https://mtgjson.com/links/c380e15556b0d85d", "tcgplayer": "https://mtgjson.com/links/1770027f8d62dedd"}, "rarity": "common", "setCode": "J22", "sourceProducts": {"nonfoil": ["31fd15cb-48ac-52b8-8f3c-84968a601869"]}, "subtypes": ["Insect"], "supertypes": [], "text": "{4}{B}: Return Durable Coilbug from your graveyard to your hand.", "toughness": "2", "type": "Creature — Insect", "types": ["Creature"], "uuid": "04f34648-9e22-582f-89fa-245ef8446821"}, {"artist": "Grzegorz Rutkowski", "artistIds": ["b5f49d0d-8056-48e3-b614-090e656b4f9c"], "availability": ["paper"], "boosterTypes": ["default"], "borderColor": "black", "colorIdentity": ["B"], "colors": ["B"], "convertedManaCost": 2.0, "count": 1, "edhrecRank": 21441, "finishes": ["nonfoil"], "flavorText": "The scouring sands of Shefet polish its carapace, and the ranks of the cursed fill its belly.", "foreignData": [{"flavorText": "Die Sandstürme Shefets sorgen dafür, dass sein Panzer stets glänzt, und die Horden von Verfluchten dafür, dass er niemals hungert.", "identifiers": {"multiverseId": "594064", "scryfallId": "5b47fd1b-da8a-4770-a224-6d68807c3e8c"}, "language": "German", "multiverseId": 594064, "name": "Dünenkäfer", "type": "Kreatur — Insekt"}, {"flavorText": "Las ásperas arenas del Shefet pulen su caparazón, y las huestes de los malditos llenan su estómago.", "identifiers": {"multiverseId": "594181", "scryfallId": "52aed3a4-cbb8-4686-9d4f-efce8ce3c1bb"}, "language": "Spanish", "multiverseId": 594181, "name": "Escarabajo de las dunas", "type": "Criatura — Insecto"}, {"flavorText": "Les sables purificateurs de Shefet polissent sa carapace, et les troupes de damnés lui remplissent l'estomac.", "identifiers": {"multiverseId": "594298", "scryfallId": "48c4ddc7-3bda-4049-9958-6f1f43b73ddf"}, "language": "French", "multiverseId": 594298, "name": "Scarabée des dunes", "type": "Créature : insecte"}, {"flavorText": "La sua corazza è levigata dalle sabbie corrosive di Shefet e il suo stomaco riempito da schiere di dannati.", "identifiers": {"multiverseId": "594415", "scryfallId": "14c89f3f-1632-4c83-8a46-b937fbfaec16"}, "language": "Italian", "multiverseId": 594415, "name": "Coleottero delle Dune", "type": "Creatura — Insetto"}, {"flavorText": "シェフェトの研磨性の砂がその甲殻を磨く。呪われた者たちがその腹を充たす。", "identifiers": {"multiverseId": "594532", "scryfallId": "ef13a4c5-fcc0-47e7-940e-b644a7fa3875"}, "language": "Japanese", "multiverseId": 594532, "name": "砂丘甲虫", "type": "クリーチャー — 昆虫"}, {"flavorText": "谢菲的猛烈风沙磨亮其甲壳，大群受诅者则填饱其肚子。", "identifiers": {"multiverseId": "594883", "scryfallId": "880cef67-548f-4f03-a174-83c287ee73c5"}, "language": "Chinese Simplified", "multiverseId": 594883, "name": "沙丘甲虫", "type": "生物 ～昆虫"}], "frameVersion": "2015", "hasFoil": false, "hasNonFoil": true, "identifiers": {"cardsphereId": "97260", "mcmId": "686718", "mcmMetaId": "225249", "mtgjsonV4Id": "6103b8d0-5112-5b61-a17c-9d2c984a9516", "multiverseId": "593947", "scryfallCardBackId": "0aeebaf5-8c7d-4636-9e82-8c27447861f7", "scryfallId": "3bd4f7da-5200-4c1b-8c42-95d601952995", "scryfallIllustrationId": "3d02a8be-8a12-480f-8872-95c3e67b5073", "scryfallOracleId": "3f79603a-3173-404e-8c69-b2254c1270dc", "tcgplayerProductId": "455283"}, "isFoil": false, "isReprint": true, "language": "English", "layout": "normal", "legalities": {"brawl": "Legal", "commander": "Legal", "duel": "Legal", "explorer": "Legal", "gladiator": "Legal", "historic": "Legal", "legacy": "Legal", "modern": "Legal", "oathbreaker": "Legal", "pauper": "Legal", "paupercommander": "Legal", "penny": "Legal", "pioneer": "Legal", "timeless": "Legal", "vintage": "Legal"}, "manaCost": "{1}{B}", "manaValue": 2.0, "name": "Dune Beetle", "number": "407", "originalType": "Creature — Insect", "power": "1", "printings": ["AKH", "AKR", "J22", "PLST"], "purchaseUrls": {"cardmarket": "https://mtgjson.com/links/a8dd1496b7c10fa5", "tcgplayer": "https://mtgjson.com/links/8b9243a59a5c60e2"}, "rarity": "common", "setCode": "J22", "sourceProducts": {"nonfoil": ["31fd15cb-48ac-52b8-8f3c-84968a601869"]}, "subtypes": ["Insect"], "supertypes": [], "toughness": "4", "type": "Creature — Insect", "types": ["Creature"], "uuid": "c298df8b-75a0-5656-a4c7-8d3ddfcfe87b"}, {"artist": "Wayne England", "artistIds": ["62dc90c0-4bc2-4d42-ad76-59cad9243566"], "availability": ["paper"], "boosterTypes": ["default"], "borderColor": "black", "colorIdentity": ["B"], "colors": ["B"], "convertedManaCost": 3.0, "count": 1, "edhrecRank": 9700, "finishes": ["nonfoil"], "flavorText": "Their arrival is heralded by the deafening hum of ten thousand wings. Their departure is marked by the silence of the dead.", "foreignData": [{"flavorText": "Das ohrenbetäubende Sirren von zehntausend Flügeln kündigt ihre Ankunft an. Das Schweigen der Toten ist das Zeichen zum Aufbruch.", "identifiers": {"multiverseId": "594058", "scryfallId": "a4b236f6-3a00-449e-9f81-4e2a12108189"}, "language": "German", "multiverseId": 594058, "name": "Verschlingender Schwarm", "text": "Fliegend\nOpfere eine Kreatur: Der Verschlingende Schwarm erhält +1/+1 bis zum Ende des Zuges.", "type": "Kreatur — Insekt"}, {"flavorText": "Su llegada es anunciada por el ensordecedor ruido de diez mil alas. Su partida está marcada por el silencio de los muertos.", "identifiers": {"multiverseId": "594175", "scryfallId": "2a32f909-fc3f-4582-b6d7-0b4cbe6d7a1a"}, "language": "Spanish", "multiverseId": 594175, "name": "Enjambre devorador", "text": "Vuela.\nSacrificar una criatura: El Enjambre devorador obtiene +1/+1 hasta el final del turno.", "type": "Criatura — Insecto"}, {"flavorText": "Leur arrivée est annoncée par le bruissement assourdissant de dix mille ailes. Leur départ est marqué par le silence des morts.", "identifiers": {"multiverseId": "594292", "scryfallId": "a6781170-fb91-491e-8e1e-78a42fcbe135"}, "language": "French", "multiverseId": 594292, "name": "Essaim dévorant", "text": "Vol\nSacrifiez une créature : L'Essaim dévorant gagne +1/+1 jusqu'à la fin du tour.", "type": "Créature : insecte"}, {"flavorText": "Il loro arrivo è annunciato dall'assordante ronzio di diecimila ali. La loro partenza è segnata dal silenzio dei morti.", "identifiers": {"multiverseId": "594409", "scryfallId": "bb54fad1-353a-4021-82c4-d7984dcbb60f"}, "language": "Italian", "multiverseId": 594409, "name": "Sciame Divoratore", "text": "Volare\nSacrifica una creatura: Lo Sciame Divoratore prende +1/+1 fino alla fine del turno.", "type": "Creatura — Insetto"}, {"flavorText": "それが来る前には、耳をつんざくばかりの一万もの羽音が訪れる。それが去った後には、死の静寂が残される。", "identifiers": {"multiverseId": "594526", "scryfallId": "8c43b52d-d94c-45e3-b1b1-425a8373ebd1"}, "language": "Japanese", "multiverseId": 594526, "name": "貪る大群", "text": "飛行\nクリーチャー１体を生け贄に捧げる：ターン終了時まで、貪る大群は＋１/＋１の修整を受ける。", "type": "クリーチャー — 昆虫"}, {"flavorText": "它们来时伴着千万翅翼的轰音。它们去时留下亡者的寂静。", "identifiers": {"multiverseId": "594877", "scryfallId": "21f7ef62-3ac8-4bad-9190-334f3fa7a5fd"}, "language": "Chinese Simplified", "multiverseId": 594877, "name": "吞噬虫群", "text": "飞行\n牺牲一个生物：吞噬虫群得+1/+1直到回合结束。", "type": "生物 ～昆虫"}], "frameVersion": "2015", "hasFoil": false, "hasNonFoil": true, "identifiers": {"cardsphereId": "97204", "mcmId": "686852", "mcmMetaId": "203453", "mtgjsonV4Id": "24f1e4ac-fdad-521e-a27c-73ff6756a776", "multiverseId": "593941", "scryfallCardBackId": "0aeebaf5-8c7d-4636-9e82-8c27447861f7", "scryfallId": "1065b467-f24b-4add-bced-1d4709df1adb", "scryfallIllustrationId": "237d501f-5510-4e9b-b803-c2ac7454f46c", "scryfallOracleId": "11656b2a-b459-4b1c-b505-8547c3507856", "tcgplayerProductId": "455312"}, "isFoil": false, "isReprint": true, "keywords": ["Flying"], "language": "English", "layout": "normal", "legalities": {"commander": "Legal", "duel": "Legal", "legacy": "Legal", "modern": "Legal", "oathbreaker": "Legal", "pauper": "Legal", "paupercommander": "Legal", "penny": "Legal", "vintage": "Legal"}, "manaCost": "{1}{B}{B}", "manaValue": 3.0, "name": "Devouring Swarm", "number": "401", "originalText": "Flying\nSacrifice a creature: Devouring Swarm gets +1/+1 until end of turn.", "originalType": "Creature — Insect", "power": "2", "printings": ["J22", "M12"], "purchaseUrls": {"cardmarket": "https://mtgjson.com/links/a6779777433783dd", "tcgplayer": "https://mtgjson.com/links/30aa5b7ef935d42a"}, "rarity": "common", "setCode": "J22", "sourceProducts": {"nonfoil": ["31fd15cb-48ac-52b8-8f3c-84968a601869"]}, "subtypes": ["Insect"], "supertypes": [], "text": "Flying\nSacrifice a creature: Devouring Swarm gets +1/+1 until end of turn.", "toughness": "1", "type": "Creature — Insect", "types": ["Creature"], "uuid": "fbc19476-8ab0-56ea-95f7-3d8ba94b5fbd"}, {"artist": "Nils Hamm", "artistIds": ["c540d1fc-1500-457f-93cf-d6069ee66546"], "availability": ["paper"], "boosterTypes": ["default"], "borderColor": "black", "colorIdentity": ["B"], "colors": ["B"], "convertedManaCost": 1.0, "count": 1, "edhrecRank": 13727, "edhrecSaltiness": 0.06, "finishes": ["nonfoil"], "flavorText": "\"I am a dragonslayer for Lord Silumgar. There is no dragon save him whom I fear.\"\n—Xathi the Infallible", "foreignData": [{"flavorText": "„Ich bin eine Drachentöterin im Dienst von Fürst Silumgar. Es gibt nur einen Drachen, den ich fürchte.\"\n—Xathi die Unfehlbare", "identifiers": {"multiverseId": "594051", "scryfallId": "0f400f07-aa2e-4d2f-b6ba-8abca5c227cc"}, "language": "German", "multiverseId": 594051, "name": "Todeswind", "text": "Eine Kreatur deiner Wahl erhält -X/-X bis zum Ende des Zuges.", "type": "Spontanzauber"}, {"flavorText": "\"Soy una matadragones al servicio del señor Sílumgar. No hay ningún dragón que me inspire temor, salvo él\".\n—Xathi, la Infalible", "identifiers": {"multiverseId": "594168", "scryfallId": "a55ba581-1e87-480a-b828-4c6fbe3b68ac"}, "language": "Spanish", "multiverseId": 594168, "name": "Viento de muerte", "text": "La criatura objetivo obtiene -X/-X hasta el final del turno.", "type": "Instantáneo"}, {"flavorText": "« Je suis une tueuse de dragon au service du seigneur Silumgar. Je ne crains nul autre dragon que lui. »\n—Xathi, l'Infaillible", "identifiers": {"multiverseId": "594285", "scryfallId": "4ea3c0d1-dda6-477e-a9ad-8f30d5980cab"}, "language": "French", "multiverseId": 594285, "name": "Vent mortel", "text": "Une créature ciblée gagne -X/-X jusqu'à la fin du tour.", "type": "Éphémère"}, {"flavorText": "\"Sono un'ammazzadraghi per il signore Silumgar. Non temo alcun drago salvo lui.\"\n—Xathi l'Infallibile", "identifiers": {"multiverseId": "594402", "scryfallId": "4a39b7f1-4961-4b81-b92e-3690526a9ccf"}, "language": "Italian", "multiverseId": 594402, "name": "Vento di Morte", "text": "Una creatura bersaglio prende -X/-X fino alla fine del turno.", "type": "Istantaneo"}, {"flavorText": "「私はシルムガル陛下に仕える龍殺しさ。私が恐れる龍は、あのお方以外には存在しない。」\n――無謬のザティ", "identifiers": {"multiverseId": "594519", "scryfallId": "c92422a4-bff1-4cb1-9261-aa83c5fe966b"}, "language": "Japanese", "multiverseId": 594519, "name": "死の風", "text": "クリーチャー１体を対象とする。ターン終了時まで、それは－Ｘ/－Ｘの修整を受ける。", "type": "インスタント"}, {"flavorText": "「吾乃席穆嘉龙王麾下的屠龙客。众生之龙独其唯尊，余者皆不惧。」\n～从不失手的珊西", "identifiers": {"multiverseId": "594870", "scryfallId": "17cb1028-e2cf-4057-91d6-b61adc2d1b9a"}, "language": "Chinese Simplified", "multiverseId": 594870, "name": "死亡之风", "text": "目标生物得-X/-X直到回合结束。", "type": "瞬间"}], "frameVersion": "2015", "hasFoil": false, "hasNonFoil": true, "identifiers": {"cardsphereId": "97162", "mcmId": "686818", "mcmMetaId": "205432", "mtgjsonV4Id": "21b898ee-6a59-5204-ad7b-c45588dd2a1e", "multiverseId": "593934", "scryfallCardBackId": "0aeebaf5-8c7d-4636-9e82-8c27447861f7", "scryfallId": "829de1a5-93b9-4c5a-a47f-691a81a7b76f", "scryfallIllustrationId": "ea5faabf-39d3-4fa4-9055-91e11dd10fe6", "scryfallOracleId": "a636b62a-340b-444d-9161-f6d3367b745c", "tcgplayerProductId": "455303"}, "isFoil": false, "isReprint": true, "language": "English", "layout": "normal", "legalities": {"brawl": "Legal", "commander": "Legal", "duel": "Legal", "explorer": "Legal", "gladiator": "Legal", "historic": "Legal", "legacy": "Legal", "modern": "Legal", "oathbreaker": "Legal", "pauper": "Legal", "paupercommander": "Legal", "penny": "Legal", "pioneer": "Legal", "timeless": "Legal", "vintage": "Legal"}, "manaCost": "{X}{B}", "manaValue": 1.0, "name": "Death Wind", "number": "394", "originalText": "Target creature gets -X/-X until end of turn.", "originalType": "Instant", "printings": ["AVR", "CN2", "DTK", "J21", "J22"], "purchaseUrls": {"cardmarket": "https://mtgjson.com/links/a41b7d30c035dc6a", "tcgplayer": "https://mtgjson.com/links/86ec15fceeee7035"}, "rarity": "uncommon", "setCode": "J22", "sourceProducts": {"nonfoil": ["31fd15cb-48ac-52b8-8f3c-84968a601869"]}, "subtypes": [], "supertypes": [], "text": "Target creature gets -X/-X until end of turn.", "type": "Instant", "types": ["Instant"], "uuid": "e3b9711e-afa3-5d39-9c5b-69a343d5196e"}, {"artist": "Dan Murayama Scott", "artistIds": ["f852fa13-137e-40f2-bbc1-0f01df09c0e0"], "availability": ["paper"], "boosterTypes": ["default"], "borderColor": "black", "colorIdentity": ["B"], "colors": ["B"], "convertedManaCost": 2.0, "count": 1, "edhrecRank": 17138, "finishes": ["nonfoil"], "foreignData": [{"identifiers": {"multiverseId": "594082", "scryfallId": "8863fc5a-b4ea-4f5b-8450-9518f7d2b226"}, "language": "German", "multiverseId": 594082, "name": "Groteske Mutation", "text": "Eine Kreatur deiner Wahl erhält +3/+1 und Lebensverknüpfung bis zum Ende des Zuges.", "type": "Spontanzauber"}, {"identifiers": {"multiverseId": "594199", "scryfallId": "3f8538cb-cdbb-4969-b861-550e3882e108"}, "language": "Spanish", "multiverseId": 594199, "name": "Mutación grotesca", "text": "La criatura objetivo obtiene +3/+1 y gana la habilidad de vínculo vital hasta el final del turno.", "type": "Instantáneo"}, {"identifiers": {"multiverseId": "594316", "scryfallId": "92f3e451-2cab-4827-a758-278411f18889"}, "language": "French", "multiverseId": 594316, "name": "Mutation grotesque", "text": "Une créature ciblée gagne +3/+1 et acquiert le lien de vie jusqu'à la fin du tour.", "type": "Éphémère"}, {"identifiers": {"multiverseId": "594433", "scryfallId": "e0aa5610-e917-4682-8fee-267a213dd5d9"}, "language": "Italian", "multiverseId": 594433, "name": "Mutazione Grottesca", "text": "Una creatura bersaglio prende +3/+1 e ha legame vitale fino alla fine del turno.", "type": "Istantaneo"}, {"identifiers": {"multiverseId": "594550", "scryfallId": "676622dd-05da-49fa-806d-e7bfa2b85f76"}, "language": "Japanese", "multiverseId": 594550, "name": "奇怪な突然変異", "text": "クリーチャー１体を対象とする。ターン終了時まで、それは＋３/＋１の修整を受け絆魂を得る。", "type": "インスタント"}, {"identifiers": {"multiverseId": "594901", "scryfallId": "07f7ee24-dafd-4253-aab6-b95f0f5882be"}, "language": "Chinese Simplified", "multiverseId": 594901, "name": "怪诞变异", "text": "直到回合结束，目标生物得+3/+1且获得系命异能。", "type": "瞬间"}], "frameVersion": "2015", "hasFoil": false, "hasNonFoil": true, "identifiers": {"cardsphereId": "97179", "mcmId": "687156", "mcmMetaId": "222302", "mtgjsonV4Id": "08899feb-e248-567c-9858-47775e3556ba", "multiverseId": "593965", "scryfallCardBackId": "0aeebaf5-8c7d-4636-9e82-8c27447861f7", "scryfallId": "9db61b56-6bfb-448f-ae6d-932d96760917", "scryfallIllustrationId": "d72809b2-4754-4268-ad5b-632ec0fdaa1c", "scryfallOracleId": "058a8475-649f-433a-b258-42bc03bf40ba", "tcgplayerProductId": "455613"}, "isFoil": false, "isReprint": true, "language": "English", "layout": "normal", "legalities": {"brawl": "Legal", "commander": "Legal", "duel": "Legal", "explorer": "Legal", "gladiator": "Legal", "historic": "Legal", "legacy": "Legal", "modern": "Legal", "oathbreaker": "Legal", "pauper": "Legal", "paupercommander": "Legal", "penny": "Legal", "pioneer": "Legal", "timeless": "Legal", "vintage": "Legal"}, "manaCost": "{1}{B}", "manaValue": 2.0, "name": "Grotesque Mutation", "number": "425", "originalText": "Target creature gets +3/+1 and gains lifelink until end of turn.", "originalType": "Instant", "printings": ["BBD", "J22", "PLST", "SIR", "SOI"], "purchaseUrls": {"cardmarket": "https://mtgjson.com/links/9fed384ed866772b", "tcgplayer": "https://mtgjson.com/links/6c7a998050deea2b"}, "rarity": "common", "rulings": [{"date": "2016-04-08", "text": "multiple instances of lifelink on the same creature are redundant."}], "setCode": "J22", "sourceProducts": {"nonfoil": ["31fd15cb-48ac-52b8-8f3c-84968a601869"]}, "subtypes": [], "supertypes": [], "text": "Target creature gets +3/+1 and gains lifelink until end of turn. (Damage dealt by the creature also causes its controller to gain that much life.)", "type": "Instant", "types": ["Instant"], "uuid": "49562caa-a866-5fcd-aed7-031d9e6437d0"}, {"artist": "Drew Tucker", "artistIds": ["22eef389-7b21-4dda-95dc-4c9a0f1bf4dd"], "availability": ["paper"], "boosterTypes": ["default"], "borderColor": "black", "colorIdentity": ["B"], "colors": [], "convertedManaCost": 3.0, "count": 1, "edhrecRank": 11816, "finishes": ["nonfoil"], "flavorText": "\"The courier's death was regrettable, but then again, she was warned not to touch it.\"\n—Lord Xander", "foreignData": [{"flavorText": "„Der Tod der Botin war bedauerlich, aber sie wurde davor gewarnt, es zu berühren.\"\n—Fürst Xander", "identifiers": {"multiverseId": "589654", "scryfallId": "2787bb82-f660-4e20-bc07-b3d1ecbf0e8d"}, "language": "German", "multiverseId": 589654, "name": "Höllisches Abbild", "text": "{T}: Erzeuge {B}.\n{1}{B}{B}, {T}, opfere das Höllische Abbild: Du ziehst zwei Karten und verlierst 2 Lebenspunkte.", "type": "Artefakt"}, {"flavorText": "\"Una lástima que la mensajera muriese, pero le dijeron que no debía tocarlo\".\n—Don Xander", "identifiers": {"multiverseId": "589705", "scryfallId": "ba45e1bf-68ee-44d0-8aca-f2d4eb700b19"}, "language": "Spanish", "multiverseId": 589705, "name": "Ídolo infernal", "text": "{T}: Agrega {B}.\n{1}{B}{B}, {T}, sacrificar el Ídolo infernal: Robas dos cartas y pierdes 2 vidas.", "type": "Artefacto"}, {"flavorText": "« La mort de la messagère est regrettable, mais elle avait été prévenue de ne pas y toucher. »\n—Seigneur Xander", "identifiers": {"multiverseId": "589756", "scryfallId": "063eab6a-e23b-412a-b492-b518f93972ff"}, "language": "French", "multiverseId": 589756, "name": "Idole infernale", "text": "{T} : Ajoutez {B}.\n{1}{B}{B}, {T}, sacrifiez l'Idole infernale : Vous piochez deux cartes et vous perdez 2 points de vie.", "type": "Artefact"}, {"flavorText": "\"La morte della corriera è stata un disgraziato incidente; d'altro canto, era stata avvertita di non toccarlo.\"\n—Lord Xander", "identifiers": {"multiverseId": "589807", "scryfallId": "6018eb75-8ff4-44aa-9e1e-93bb3d740718"}, "language": "Italian", "multiverseId": 589807, "name": "Idolo Infernale", "text": "{T}: Aggiungi {B}.\n{1}{B}{B}, {T}, Sacrifica l'Idolo Infernale: Peschi due carte e perdi 2 punti vita.", "type": "Artefatto"}, {"flavorText": "「急使の死は誠に残念だ。しかし、彼女には触らないよう警告していたのだが。」\n――ザンダー卿", "identifiers": {"multiverseId": "589858", "scryfallId": "9f5cf806-6294-445b-b30d-752029501aef"}, "language": "Japanese", "multiverseId": 589858, "name": "冥府の偶像", "text": "{T}：{B}を加える。\n{1}{B}{B},{T},冥府の偶像を生け贄に捧げる：あなたはカード２枚を引き、２点のライフを失う。", "type": "アーティファクト"}, {"flavorText": "「讯使不幸身故，在下深表惋悼。然她明已受诫不应触碰雕像却执意为之，亦属不妥。」\n～尚夺尔勋爵", "identifiers": {"multiverseId": "590011", "scryfallId": "562c7d3e-a728-48ed-a6a2-351d37e55f79"}, "language": "Chinese Simplified", "multiverseId": 590011, "name": "炼狱雕像", "text": "{T}：加{B}。\n{1}{B}{B}，{T}，牺牲炼狱雕像：你抓两张牌且失去2点生命。", "type": "神器"}], "frameVersion": "2015", "hasFoil": false, "hasNonFoil": true, "identifiers": {"cardsphereId": "96822", "mcmId": "686364", "mcmMetaId": "414698", "mtgjsonV4Id": "d71d335a-0ea2-572f-aa0c-bcf2a6c72ecf", "multiverseId": "589603", "scryfallCardBackId": "0aeebaf5-8c7d-4636-9e82-8c27447861f7", "scryfallId": "9d986229-c8d5-462c-bf74-ae94326a5aa0", "scryfallIllustrationId": "06dfcb81-eb7e-48a2-9c59-680d11a91318", "scryfallOracleId": "a0802918-e18a-4716-befb-96ae6667f2f3", "tcgplayerProductId": "454947"}, "isFoil": false, "language": "English", "layout": "normal", "legalities": {"commander": "Legal", "duel": "Legal", "legacy": "Legal", "oathbreaker": "Legal", "pauper": "Legal", "paupercommander": "Legal", "vintage": "Legal"}, "manaCost": "{3}", "manaValue": 3.0, "name": "Infernal Idol", "number": "49", "originalText": "{T}: Add {B}.\n{1}{B}{B}, {T}, Sacrifice Infernal Idol: You draw two cards and you lose 2 life.", "originalType": "Artifact", "printings": ["J22"], "purchaseUrls": {"cardmarket": "https://mtgjson.com/links/54ee2ec01bda81a8", "tcgplayer": "https://mtgjson.com/links/b8e26a22811dda4e"}, "rarity": "common", "setCode": "J22", "sourceProducts": {"nonfoil": ["31fd15cb-48ac-52b8-8f3c-84968a601869"]}, "subtypes": [], "supertypes": [], "text": "{T}: Add {B}.\n{1}{B}{B}, {T}, Sacrifice Infernal Idol: You draw two cards and you lose 2 life.", "type": "Artifact", "types": ["Artifact"], "uuid": "2b1dcc69-8919-5dd2-9dc7-dcfb77bef15c"}, {"artist": "Nicholas Gregory", "artistIds": ["a1bba8ff-63b4-4786-b1c4-f1bfe5d3ab1c"], "availability": ["paper"], "boosterTypes": ["default"], "borderColor": "black", "colorIdentity": ["B"], "colors": ["B"], "convertedManaCost": 1.0, "count": 1, "edhrecRank": 3787, "edhrecSaltiness": 0.15, "finishes": ["nonfoil"], "flavorText": "\"If you hear a groaning noise in the cellar, don't investigate. Don't split up. Just lock the door and barricade it.\"\n—Emili, guard captain", "foreignData": [{"flavorText": "„Falls ihr ein Stöhnen aus dem Keller hört, ignoriert es. Teilt euch nicht auf. Versperrt einfach die Tür und verbarrikadiert sie.\"\n—Emili, Hauptmann der Wache", "identifiers": {"multiverseId": "594066", "scryfallId": "7c821690-0d97-47b2-8541-9ec0bde75558"}, "language": "German", "multiverseId": 594066, "name": "Lebendig gefressen", "text": "Opfere eine Kreatur oder bezahle {3}{B} als zusätzliche Kosten, um diesen Zauberspruch zu wirken.\nSchicke eine Kreatur oder einen Planeswalker deiner Wahl ins Exil.", "type": "Hexerei"}, {"flavorText": "\"Si oyen una especie de gruñido en el sótano, no lo investiguen ni se separen. Simplemente, cierren la puerta y bloquéenla\".\n—Emili, capitana de la guardia", "identifiers": {"multiverseId": "594183", "scryfallId": "856de1f9-8540-4395-863b-2ad76aaf872c"}, "language": "Spanish", "multiverseId": 594183, "name": "Devorado vivo", "text": "Como coste adicional para lanzar este hechizo, sacrifica una criatura o paga {3}{B}.\nExilia la criatura o planeswalker objetivo.", "type": "Conjuro"}, {"flavorText": "« Si vous entendez un grognement dans la cave, n'allez pas jeter un œil. Ne vous séparez pas. Verrouillez la porte et barricadez-la. »\n—Emili, capitaine de la garde", "identifiers": {"multiverseId": "594300", "scryfallId": "e77f0ff6-e8fd-4951-bf41-dcdeffe8d058"}, "language": "French", "multiverseId": 594300, "name": "Dévoré vivant", "text": "En tant que coût supplémentaire pour lancer ce sort, sacrifiez une créature ou payez {3}{B}.\nExilez une cible, créature ou planeswalker.", "type": "Rituel"}, {"flavorText": "\"Se sentite un gemito provenire dalla cantina, non indagate. Non vi separate. Bloccate la porta e barricatevi.\"\n—Emilia, capitana della guardia", "identifiers": {"multiverseId": "594417", "scryfallId": "050c124d-dcd4-416a-b20c-4784b0ac4832"}, "language": "Italian", "multiverseId": 594417, "name": "Mangiato Vivo", "text": "Come costo addizionale per lanciare questa magia, sacrifica una creatura o paga {3}{B}.\nEsilia una creatura o un planeswalker bersaglio.", "type": "Stregoneria"}, {"flavorText": "「地下室からうめき声が聞こえても、確かめに行ってはだめ。別行動は厳禁。とにかく鍵を閉めて、扉を塞ぐのよ。」\n――護衛隊長、エミリ", "identifiers": {"multiverseId": "594534", "scryfallId": "9facb294-656c-4cdb-8a13-3e6b50d2b911"}, "language": "Japanese", "multiverseId": 594534, "name": "踊り食い", "text": "この呪文を唱えるための追加コストとして、クリーチャー１体を生け贄に捧げるか{3}{B}を支払う。\nクリーチャーやプレインズウォーカーのうち１体を対象とする。それを追放する。", "type": "ソーサリー"}, {"flavorText": "「如果你听见地窖传出呻吟声，不要好奇妄动。不要分头行事。只管闩紧门口，全力顶住。」\n～守卫队长艾蜜莉", "identifiers": {"multiverseId": "594885", "scryfallId": "8b067f22-59d6-4996-b2c3-8423e3d3fea7"}, "language": "Chinese Simplified", "multiverseId": 594885, "name": "生吞活剥", "text": "牺牲一个生物或支付{3}{B}，以作为施放此咒语的额外费用。\n放逐目标生物或鹏洛客。", "type": "法术"}], "frameVersion": "2015", "hasFoil": false, "hasNonFoil": true, "identifiers": {"cardsphereId": "97262", "mcmId": "686714", "mcmMetaId": "345442", "mtgjsonV4Id": "513d8d1f-44ea-57f0-8114-1f372f26d64f", "multiverseId": "593949", "scryfallCardBackId": "0aeebaf5-8c7d-4636-9e82-8c27447861f7", "scryfallId": "73686b22-0ef3-41b6-a7d4-a226bde458c0", "scryfallIllustrationId": "5bb9b9ec-fbf4-46b9-a29e-75f016cfbfdb", "scryfallOracleId": "d437ecc2-2fd3-4ad3-b23e-217f55e58dae", "tcgplayerProductId": "455282"}, "isFoil": false, "isReprint": true, "language": "English", "layout": "normal", "legalities": {"brawl": "Legal", "commander": "Legal", "duel": "Legal", "explorer": "Legal", "gladiator": "Legal", "historic": "Legal", "legacy": "Legal", "modern": "Legal", "oathbreaker": "Legal", "pauper": "Legal", "paupercommander": "Legal", "pioneer": "Legal", "timeless": "Legal", "vintage": "Legal"}, "manaCost": "{B}", "manaValue": 1.0, "name": "Eaten Alive", "number": "409", "originalText": "As an additional cost to cast this spell, sacrifice a creature or pay {3}{B}.\nExile target creature or planeswalker.", "originalType": "Sorcery", "printings": ["DBL", "J22", "MID"], "purchaseUrls": {"cardmarket": "https://mtgjson.com/links/d70414d8e1200da5", "tcgplayer": "https://mtgjson.com/links/779e653135fa9962"}, "rarity": "common", "setCode": "J22", "sourceProducts": {"nonfoil": ["31fd15cb-48ac-52b8-8f3c-84968a601869"]}, "subtypes": [], "supertypes": [], "text": "As an additional cost to cast this spell, sacrifice a creature or pay {3}{B}.\nExile target creature or planeswalker.", "type": "Sorcery", "types": ["Sorcery"], "uuid": "a630b9df-8644-5563-93d5-c2663c75bafe"}, {"artist": "Titus Lunter", "artistIds": ["b11e6b3a-f4ca-4cf1-8fd7-475696de5f5c"], "availability": ["paper"], "boosterTypes": ["default"], "borderColor": "black", "colorIdentity": ["B"], "colors": [], "convertedManaCost": 0.0, "count": 1, "edhrecRank": 1334, "edhrecSaltiness": 0.09, "finishes": ["nonfoil"], "flavorText": "Beauty appears in strange places for those with eyes to see it.", "foreignData": [{"flavorText": "Schönheit zeigt sich denen, die sie erkennen können, an merkwürdigen Orten.", "identifiers": {"multiverseId": "596330", "scryfallId": "488d4a50-2cdb-45d6-86dc-18c063a782f8"}, "language": "German", "multiverseId": 596330, "name": "Gedeihendes Moor", "text": "Das Gedeihende Moor kommt getappt ins Spiel.\nSowie das Gedeihende Moor ins Spiel kommt, bestimme eine Farbe außer Schwarz.\n{T}: Erzeuge {B} oder ein Mana der bestimmten Farbe.", "type": "Land"}, {"flavorText": "Los que ven la belleza son capaces de vislumbrarla en lugares extraños.", "identifiers": {"multiverseId": "596417", "scryfallId": "67945bd5-5809-4de5-af58-00b2b27de04b"}, "language": "Spanish", "multiverseId": 596417, "name": "Páramo floreciente", "text": "El Páramo floreciente entra al campo de batalla girado.\nEn cuanto el Páramo floreciente entre al campo de batalla, elige un color que no sea negro.\n{T}: Agrega {B} o un maná del color elegido.", "type": "Tierra"}, {"flavorText": "La beauté perle dans des endroits étranges pour ceux qui peuvent la voir.", "identifiers": {"multiverseId": "596504", "scryfallId": "268c5510-aeec-4390-ac8d-5491ee5f6233"}, "language": "French", "multiverseId": 596504, "name": "Lande prospère", "text": "La Lande prospère arrive sur le champ de bataille engagée.\nAu moment où la Lande prospère arrive sur le champ de bataille, choisissez une couleur autre que le noir.\n{T} : Ajoutez {B} ou un mana de la couleur choisie.", "type": "Terrain"}, {"flavorText": "La bellezza si manifesta in luoghi insoliti per chi ha occhi per vederla.", "identifiers": {"multiverseId": "596591", "scryfallId": "00dd159c-00af-48b3-8152-df5cbd462dc6"}, "language": "Italian", "multiverseId": 596591, "name": "Landa Florida", "text": "La Landa Florida entra nel campo di battaglia TAPpata.\nMentre la Landa Florida entra nel campo di battaglia, scegli un colore diverso dal nero.\n{T}: Aggiungi {B} o un mana del colore scelto.", "type": "Terra"}, {"flavorText": "奇妙な場所にも美は存在し、見る目を持つものを楽しませる。", "identifiers": {"multiverseId": "596678", "scryfallId": "3d22d8a9-a792-4e90-92a0-a07ff176c6a2"}, "language": "Japanese", "multiverseId": 596678, "name": "興隆する湿地帯", "text": "興隆する湿地帯はタップ状態で戦場に出る。\n興隆する湿地帯が戦場に出るに際し、黒でない色１色を選ぶ。\n{T}：{B}か、その選ばれた色のマナ１点を加える。", "type": "土地"}, {"flavorText": "此地美景尽藏奇异之处，唯眼光独到者方能得见。", "identifiers": {"multiverseId": "596939", "scryfallId": "1b8302dd-6a7e-418c-9e0c-6569acf96a23"}, "language": "Chinese Simplified", "multiverseId": 596939, "name": "兴旺湿地", "text": "兴旺湿地须横置进战场。\n于兴旺湿地进战场时，选择一种黑色以外的颜色。\n{T}：加{B}或一点所选颜色的法术力。", "type": "地"}], "frameVersion": "2015", "hasFoil": false, "hasNonFoil": true, "identifiers": {"cardsphereId": "96953", "mcmId": "687388", "mcmMetaId": "308424", "mtgjsonV4Id": "e1cbbac8-13c9-5e52-9473-16907c701136", "multiverseId": "596243", "scryfallCardBackId": "0aeebaf5-8c7d-4636-9e82-8c27447861f7", "scryfallId": "26096a40-fc6a-42ce-acbf-ce0ebc4ad3b4", "scryfallIllustrationId": "32169745-104e-4652-8f72-b45f3dea67ff", "scryfallOracleId": "bff416bb-d193-4c45-b2c1-7c297dbfad08", "tcgplayerProductId": "455203"}, "isFoil": false, "isReprint": true, "language": "English", "layout": "normal", "legalities": {"brawl": "Legal", "commander": "Legal", "duel": "Legal", "gladiator": "Legal", "historic": "Legal", "legacy": "Legal", "oathbreaker": "Legal", "pauper": "Legal", "paupercommander": "Legal", "timeless": "Legal", "vintage": "Legal"}, "manaValue": 0.0, "name": "Thriving Moor", "number": "826", "originalText": "Thriving Moor enters the battlefield tapped.\nAs Thriving Moor enters the battlefield, choose a color other than black.\n{T}: Add {B} or one mana of the chosen color.", "originalType": "Land", "printings": ["AFC", "CLU", "CMM", "J22", "JMP", "LCC", "MOC", "NCC", "WHO"], "purchaseUrls": {"cardmarket": "https://mtgjson.com/links/9db7e9c5189d0f86", "tcgplayer": "https://mtgjson.com/links/40f436b4b52abbe3"}, "rarity": "common", "setCode": "J22", "sourceProducts": {"nonfoil": ["31fd15cb-48ac-52b8-8f3c-84968a601869"]}, "subtypes": [], "supertypes": [], "text": "Thriving Moor enters tapped. As it enters, choose a color other than black.\n{T}: Add {B} or one mana of the chosen color.", "type": "Land", "types": ["Land"], "uuid": "22a8fe67-ad5e-56fc-940e-cc5ea4e71f45"}, {"artist": "Mike Bierek", "artistIds": ["e5f52ef5-1a2e-4128-90b0-ccc71cd47ea7"], "availability": ["paper"], "boosterTypes": ["default"], "borderColor": "black", "colorIdentity": ["B"], "colors": [], "convertedManaCost": 0.0, "count": 7, "edhrecSaltiness": 0.29, "finishes": ["nonfoil"], "foreignData": [{"identifiers": {"multiverseId": "597766", "scryfallId": "8e9e1f52-4e30-4977-ad28-65e4918b7017"}, "language": "German", "multiverseId": 597766, "name": "Sumpf", "type": "Standardland — Sumpf"}, {"identifiers": {"multiverseId": "597781", "scryfallId": "c5885592-2b9e-4e0d-a539-6e1c051680e0"}, "language": "Spanish", "multiverseId": 597781, "name": "Pantano", "type": "Tierra básica — Pantano"}, {"identifiers": {"multiverseId": "597796", "scryfallId": "8044accf-d0be-4d87-9531-304abfd6063f"}, "language": "French", "multiverseId": 597796, "name": "Marais", "type": "Terrain de base : marais"}, {"identifiers": {"multiverseId": "597811", "scryfallId": "dcaf1bbe-f98a-4758-a728-eba222813848"}, "language": "Italian", "multiverseId": 597811, "name": "Palude", "type": "Terra Base — Palude"}, {"identifiers": {"multiverseId": "597826", "scryfallId": "c83e0d18-377a-4e90-a15f-01c9d06ac821"}, "language": "Japanese", "multiverseId": 597826, "name": "沼", "type": "基本土地 — 沼"}, {"identifiers": {"multiverseId": "597871", "scryfallId": "e73d1fa2-2456-4eac-9351-7166c2a8824d"}, "language": "Chinese Simplified", "multiverseId": 597871, "name": "沼泽", "type": "基本地 ～沼泽"}], "frameVersion": "2015", "hasFoil": false, "hasNonFoil": true, "identifiers": {"cardsphereId": "97094", "mtgjsonV4Id": "9d750502-f5d6-5170-8e1e-af549b26f409", "multiverseId": "597751", "scryfallCardBackId": "0aeebaf5-8c7d-4636-9e82-8c27447861f7", "scryfallId": "42fec83d-8260-478e-a20f-94d265036e31", "scryfallIllustrationId": "e7e7a627-2665-427d-96b6-1268f860c898", "scryfallOracleId": "56719f6a-1a6c-4c0a-8d21-18f7d7350b68", "tcgplayerProductId": "455126"}, "isFoil": false, "isReprint": true, "language": "English", "layout": "normal", "legalities": {"alchemy": "Legal", "brawl": "Legal", "commander": "Legal", "duel": "Legal", "explorer": "Legal", "future": "Legal", "gladiator": "Legal", "historic": "Legal", "legacy": "Legal", "modern": "Legal", "oathbreaker": "Legal", "pauper": "Legal", "paupercommander": "Legal", "penny": "Legal", "pioneer": "Legal", "predh": "Legal", "premodern": "Legal", "standard": "Legal", "standardbrawl": "Legal", "timeless": "Legal", "vintage": "Legal"}, "manaValue": 0.0, "name": "Swamp", "number": "104", "originalType": "Basic Land — Swamp", "printings": ["10E", "2ED", "2XM", "30A", "3ED", "40K", "4BB", "4ED", "5ED", "6ED", "7ED", "8ED", "9ED", "ACR", "AFR", "AKH", "AKR", "ALA", "ANA", "ANB", "ARC", "ATH", "AVR", "BBD", "BFZ", "BLB", "BRB", "BRC", "BRO", "BTD", "C13", "C14", "C15", "C16", "C17", "C18", "C19", "CED", "CEI", "CHK", "CLB", "CLU", "CM2", "CMA", "CMD", "CMM", "CST", "DDC", "DDD", "DDE", "DDH", "DDJ", "DDK", "DDM", "DDN", "DDP", "DDQ", "DDR", "DKM", "DMR", "DMU", "DOM", "DPA", "DSK", "DTK", "DVD", "E01", "ELD", "FBB", "FDN", "FRF", "G17", "GK1", "GK2", "GN2", "GN3", "GNT", "GRN", "GVL", "H09", "HBG", "HOP", "HOU", "ICE", "IKO", "INV", "ISD", "ITP", "J14", "J22", "JMP", "KHM", "KLD", "KLR", "KTK", "LCI", "LEA", "LEB", "LRW", "LTR", "M10", "M11", "M12", "M13", "M14", "M15", "M19", "M20", "M21", "MBS", "MD1", "ME1", "ME3", "MH2", "MH3", "MID", "MIR", "MKM", "MMQ", "MOM", "MRD", "NEO", "NPH", "ODY", "OLEP", "ONE", "ONS", "ORI", "OTJ", "P02", "P23", "PAL00", "PAL01", "PAL03", "PAL04", "PAL05", "PAL06", "PAL99", "PALP", "PANA", "PARL", "PC2", "PCA", "PD3", "PELP", "PF19", "PF20", "PGPX", "PGRU", "PHUK", "PIP", "PLST", "PMPS", "PMPS06", "PMPS07", "PMPS08", "PMPS09", "PMPS10", "PMPS11", "POR", "PPP1", "PRM", "PRW2", "PRWK", "PS11", "PSAL", "PSS2", "PSS3", "PSS4", "PTC", "PTK", "RAV", "REX", "RIX", "RNA", "ROE", "RQS", "RTR", "S99", "SCD", "SHM", "SIR", "SLD", "SNC", "SOI", "SOM", "STX", "SUM", "TD0", "TD2", "THB", "THS", "TMP", "TPR", "TSP", "UGL", "UND", "UNF", "UNH", "USG", "UST", "VOW", "WAR", "WC01", "WC02", "WC03", "WC97", "WC98", "WC99", "WHO", "WOE", "XANA", "XLN", "ZEN", "ZNR"], "purchaseUrls": {"tcgplayer": "https://mtgjson.com/links/e48594afa002517c"}, "rarity": "common", "setCode": "J22", "sourceProducts": {"nonfoil": ["31fd15cb-48ac-52b8-8f3c-84968a601869"]}, "subtypes": ["Swamp"], "supertypes": ["Basic"], "text": "({T}: Add {B}.)", "type": "Basic Land — Swamp", "types": ["Land"], "uuid": "093129a3-934b-56cd-a114-4f90aeb254af", "variations": ["15996ac2-4d38-58bf-9d76-b1267c4bb75c", "0d43138e-22ce-505d-af04-d6e80c162104"]}], "name": "Gross 3", "releaseDate": "2022-12-02", "sealedProductUuids": null, "sideBoard": [], "type": "Jumpstart"}}