{"meta": {"date": "2024-09-03", "version": "5.2.2+20240903"}, "data": {"code": "EXO", "commander": [], "mainBoard": [{"artist": "Mark Poole", "artistIds": ["bfdeaf09-f915-4058-8e8b-bcac3bc43c33"], "availability": ["mtgo", "paper"], "boosterTypes": ["default"], "borderColor": "black", "colorIdentity": ["R"], "colors": [], "convertedManaCost": 0.0, "count": 12, "edhrecSaltiness": 0.35, "finishes": ["nonfoil"], "foreignData": [{"identifiers": {"scryfallId": "96e06ebd-dd7e-4862-911a-ad2e50802884"}, "language": "German", "name": "Gebirge"}, {"identifiers": {"scryfallId": "4e8e8f12-a609-4d05-af2a-faf4479d4eba"}, "language": "Spanish", "name": "Montaña"}, {"identifiers": {"scryfallId": "9611dcb1-8860-47aa-b670-de42f702726e"}, "language": "French", "name": "Montagne"}, {"identifiers": {"scryfallId": "bf0cad0b-9c81-4466-93f4-6f2c4fbca2d9"}, "language": "Italian", "name": "Montagna"}, {"identifiers": {"scryfallId": "d15024ac-c7df-4953-94b8-851f5201caed"}, "language": "Japanese", "name": "山"}, {"identifiers": {"scryfallId": "9971aedc-0c4a-4b6c-8e97-8de8a81cc7fb"}, "language": "Portuguese (Brazil)", "name": "Montanha"}], "frameVersion": "1997", "hasFoil": false, "hasNonFoil": true, "identifiers": {"cardsphereId": "43262", "mcmId": "9054", "mtgjsonV4Id": "e45f79f8-26a4-5cbb-af94-a78e712d449e", "mtgoFoilId": "9694", "mtgoId": "9693", "multiverseId": "4948", "scryfallCardBackId": "0aeebaf5-8c7d-4636-9e82-8c27447861f7", "scryfallId": "9d6dc341-89dc-4e99-baa2-ad0ae59f0e94", "scryfallIllustrationId": "1f96347b-4854-404c-939c-1c2b7758073d", "scryfallOracleId": "a3fb7228-e76b-4e96-a40e-20b5fed75685", "tcgplayerProductId": "18493"}, "isFoil": false, "isReprint": true, "language": "English", "layout": "normal", "legalities": {"alchemy": "Legal", "brawl": "Legal", "commander": "Legal", "duel": "Legal", "explorer": "Legal", "future": "Legal", "gladiator": "Legal", "historic": "Legal", "legacy": "Legal", "modern": "Legal", "oathbreaker": "Legal", "pauper": "Legal", "paupercommander": "Legal", "penny": "Legal", "pioneer": "Legal", "predh": "Legal", "premodern": "Legal", "standard": "Legal", "standardbrawl": "Legal", "timeless": "Legal", "vintage": "Legal"}, "manaValue": 0.0, "name": "Mountain", "number": "343", "originalText": "oc\nT: Add o\nR to your mana pool.", "originalType": "Land", "printings": ["10E", "2ED", "2XM", "30A", "3ED", "40K", "4BB", "4ED", "5ED", "6ED", "7ED", "8ED", "9ED", "ACR", "AFR", "AKH", "AKR", "ALA", "ANA", "ANB", "ARC", "ARN", "ATH", "AVR", "BBD", "BFZ", "BLB", "BRB", "BRC", "BRO", "BTD", "C13", "C14", "C15", "C16", "C17", "C18", "C19", "CED", "CEI", "CHK", "CLB", "CLU", "CM2", "CMA", "CMD", "CMM", "CMR", "CST", "DD1", "DD2", "DDE", "DDG", "DDH", "DDI", "DDJ", "DDK", "DDL", "DDN", "DDP", "DDS", "DDT", "DDU", "DKM", "DMR", "DMU", "DOM", "DPA", "DSK", "DTK", "E01", "ELD", "EVG", "FBB", "FRF", "G17", "GK1", "GK2", "GN2", "GN3", "GNT", "GRN", "GS1", "H09", "HBG", "HOP", "HOU", "ICE", "IKO", "INV", "ISD", "ITP", "J14", "J22", "JMP", "JVC", "KHM", "KLD", "KLR", "KTK", "LCI", "LEA", "LEB", "LRW", "LTR", "M10", "M11", "M12", "M13", "M14", "M15", "M19", "M20", "M21", "MBS", "ME1", "ME3", "MH2", "MH3", "MID", "MIR", "MKM", "MMQ", "MOM", "MRD", "NEO", "NPH", "ODY", "OLEP", "ONE", "ONS", "ORI", "OTJ", "P02", "P23", "PAL00", "PAL01", "PAL03", "PAL04", "PAL05", "PAL06", "PAL99", "PALP", "PANA", "PARL", "PC2", "PCA", "PD2", "PELP", "PF19", "PF20", "PGPX", "PGRU", "PIP", "PL24", "PLST", "PMPS", "PMPS06", "PMPS07", "PMPS08", "PMPS09", "PMPS10", "PMPS11", "POR", "PPP1", "PRM", "PRW2", "PRWK", "PS11", "PSAL", "PSS2", "PSS3", "PSS4", "PTC", "PTK", "PZ2", "RAV", "REX", "RIX", "RNA", "ROE", "RQS", "RTR", "S99", "SCD", "SHM", "SIR", "SLD", "SNC", "SOI", "SOM", "STX", "SUM", "TD0", "THB", "THS", "TMP", "TPR", "TSP", "UGL", "UND", "UNF", "UNH", "USG", "UST", "VOW", "WAR", "WC00", "WC01", "WC02", "WC03", "WC97", "WC98", "WC99", "WHO", "WOE", "XANA", "XLN", "ZEN", "ZNR"], "purchaseUrls": {"tcgplayer": "https://mtgjson.com/links/18b5e708dafaef98"}, "rarity": "common", "setCode": "TMP", "sourceProducts": {"nonfoil": ["0d77cf61-7a1e-5f84-9c54-3209e57c4e0d", "3d4ad862-9975-5549-a377-9b236a0e43fb", "6d38f0be-a161-5c27-94e3-f3430d3274d6", "96d0588c-79f4-53ac-bb27-23020e7d60a7", "9a7edb8e-79ea-5937-80f8-eaa52e581039", "cd79727e-1a88-5856-819d-68568d36a509"]}, "subtypes": ["Mountain"], "supertypes": ["Basic"], "text": "({T}: Add {R}.)", "type": "Basic Land — Mountain", "types": ["Land"], "uuid": "b491f8f6-1349-5a15-8814-f7642bc35d17", "variations": ["09ff5e23-3a99-546d-8eaf-e72de329f23e", "a87d8455-9b61-5e88-aea2-63d60da77407", "40273ea8-5c14-5791-9ac1-69e05efa4773"]}, {"artist": "Brom", "artistIds": ["bd79c951-2552-45dd-aae7-a333c2b7c1ef"], "availability": ["mtgo", "paper"], "boosterTypes": ["default"], "borderColor": "black", "colorIdentity": ["B"], "colors": [], "convertedManaCost": 0.0, "count": 12, "edhrecSaltiness": 0.29, "finishes": ["nonfoil"], "foreignData": [{"identifiers": {"scryfallId": "52853dca-73d4-4aaa-88ca-dfcf87ae4c5c"}, "language": "German", "name": "Sumpf"}, {"identifiers": {"scryfallId": "14d1c628-db7e-4c80-8a40-b7c7108d317e"}, "language": "Spanish", "name": "Pantano"}, {"identifiers": {"scryfallId": "fa11fca8-0a53-4510-8b30-b66f5e28f79f"}, "language": "French", "name": "Marais"}, {"identifiers": {"scryfallId": "0d31a69c-181a-467f-9b19-ff6a1e43089c"}, "language": "Italian", "name": "Palude"}, {"identifiers": {"scryfallId": "931c3d65-b304-48e3-a9a7-a683433ad7cc"}, "language": "Japanese", "name": "沼"}, {"identifiers": {"scryfallId": "6ebfb9e6-9471-48fc-8282-172a3c29537e"}, "language": "Portuguese (Brazil)", "name": "Pântano"}], "frameVersion": "1997", "hasFoil": false, "hasNonFoil": true, "identifiers": {"cardsphereId": "43378", "mcmId": "9069", "mtgjsonV4Id": "17184710-0823-5a61-9562-01ea7e0479ca", "mtgoFoilId": "9692", "mtgoId": "9691", "multiverseId": "4923", "scryfallCardBackId": "0aeebaf5-8c7d-4636-9e82-8c27447861f7", "scryfallId": "5912d2aa-fe91-4cea-9c7a-6dca745f8560", "scryfallIllustrationId": "3c673130-6c43-41d6-9690-5c731fcec928", "scryfallOracleId": "56719f6a-1a6c-4c0a-8d21-18f7d7350b68", "tcgplayerProductId": "18499"}, "isFoil": false, "isReprint": true, "language": "English", "layout": "normal", "legalities": {"alchemy": "Legal", "brawl": "Legal", "commander": "Legal", "duel": "Legal", "explorer": "Legal", "future": "Legal", "gladiator": "Legal", "historic": "Legal", "legacy": "Legal", "modern": "Legal", "oathbreaker": "Legal", "pauper": "Legal", "paupercommander": "Legal", "penny": "Legal", "pioneer": "Legal", "predh": "Legal", "premodern": "Legal", "standard": "Legal", "standardbrawl": "Legal", "timeless": "Legal", "vintage": "Legal"}, "manaValue": 0.0, "name": "Swamp", "number": "339", "originalText": "oc\nT: Add o\nB to your mana pool.", "originalType": "Land", "printings": ["10E", "2ED", "2XM", "30A", "3ED", "40K", "4BB", "4ED", "5ED", "6ED", "7ED", "8ED", "9ED", "ACR", "AFR", "AKH", "AKR", "ALA", "ANA", "ANB", "ARC", "ATH", "AVR", "BBD", "BFZ", "BLB", "BRB", "BRC", "BRO", "BTD", "C13", "C14", "C15", "C16", "C17", "C18", "C19", "CED", "CEI", "CHK", "CLB", "CLU", "CM2", "CMA", "CMD", "CMM", "CST", "DDC", "DDD", "DDE", "DDH", "DDJ", "DDK", "DDM", "DDN", "DDP", "DDQ", "DDR", "DKM", "DMR", "DMU", "DOM", "DPA", "DSK", "DTK", "DVD", "E01", "ELD", "FBB", "FDN", "FRF", "G17", "GK1", "GK2", "GN2", "GN3", "GNT", "GRN", "GVL", "H09", "HBG", "HOP", "HOU", "ICE", "IKO", "INV", "ISD", "ITP", "J14", "J22", "JMP", "KHM", "KLD", "KLR", "KTK", "LCI", "LEA", "LEB", "LRW", "LTR", "M10", "M11", "M12", "M13", "M14", "M15", "M19", "M20", "M21", "MBS", "MD1", "ME1", "ME3", "MH2", "MH3", "MID", "MIR", "MKM", "MMQ", "MOM", "MRD", "NEO", "NPH", "ODY", "OLEP", "ONE", "ONS", "ORI", "OTJ", "P02", "P23", "PAL00", "PAL01", "PAL03", "PAL04", "PAL05", "PAL06", "PAL99", "PALP", "PANA", "PARL", "PC2", "PCA", "PD3", "PELP", "PF19", "PF20", "PGPX", "PGRU", "PHUK", "PIP", "PLST", "PMPS", "PMPS06", "PMPS07", "PMPS08", "PMPS09", "PMPS10", "PMPS11", "POR", "PPP1", "PRM", "PRW2", "PRWK", "PS11", "PSAL", "PSS2", "PSS3", "PSS4", "PTC", "PTK", "RAV", "REX", "RIX", "RNA", "ROE", "RQS", "RTR", "S99", "SCD", "SHM", "SIR", "SLD", "SNC", "SOI", "SOM", "STX", "SUM", "TD0", "TD2", "THB", "THS", "TMP", "TPR", "TSP", "UGL", "UND", "UNF", "UNH", "USG", "UST", "VOW", "WAR", "WC01", "WC02", "WC03", "WC97", "WC98", "WC99", "WHO", "WOE", "XANA", "XLN", "ZEN", "ZNR"], "purchaseUrls": {"tcgplayer": "https://mtgjson.com/links/6d7dd722c6c9b4e7"}, "rarity": "common", "setCode": "TMP", "sourceProducts": {"nonfoil": ["0d8d3786-a24e-5b81-8743-c57cb8fba8cf", "4a57a3e3-c3ca-5acc-b474-e7a444414499", "96d0588c-79f4-53ac-bb27-23020e7d60a7", "9a7edb8e-79ea-5937-80f8-eaa52e581039", "b9dfc525-597d-55a9-9117-68b349314037", "e4c3266a-9dc2-56c2-a64e-487641a6ec86"]}, "subtypes": ["Swamp"], "supertypes": ["Basic"], "text": "({T}: Add {B}.)", "type": "Basic Land — Swamp", "types": ["Land"], "uuid": "b3f49a68-1590-5e6b-95ef-15e3c9b340e9", "variations": ["e7f4cbbc-3c8f-5e82-a9a6-533b9b0debf7", "854e9559-122c-52d5-a5d6-186167ff9418", "b77d2bea-6adc-5f7a-9bc7-b37e988b6e82"]}, {"artist": "Brom", "artistIds": ["bd79c951-2552-45dd-aae7-a333c2b7c1ef"], "availability": ["mtgo", "paper"], "boosterTypes": ["default"], "borderColor": "black", "colorIdentity": ["R"], "colors": ["R"], "convertedManaCost": 5.0, "count": 3, "edhrecRank": 17121, "finishes": ["nonfoil"], "flavorText": "\"I'll take that. You won't need it when the revolution comes.\"", "foreignData": [{"identifiers": {"scryfallId": "f55c667b-7a42-44d8-9ebc-b838f7df0a17"}, "language": "German", "name": "Anarchist", "text": "Wenn der Anarchist ins Spiel kommt, kannst Du eine Hexereikarte Deiner Wahl aus Deinem Friedhof zurück auf Deine Hand bringen.", "type": "Beschwörung von Stadtbewohnern"}, {"identifiers": {"scryfallId": "68e3c7ac-ba20-462e-befd-109481988c69"}, "language": "Spanish", "name": "Anarquista"}, {"identifiers": {"scryfallId": "9c02a2bd-0a3e-48ed-81fa-ca27e76eee59"}, "language": "French", "name": "Anarchiste"}, {"identifiers": {"scryfallId": "662104a6-e30c-4584-9ec1-a3b5894e168e"}, "language": "Italian", "name": "Anarchico"}, {"identifiers": {"scryfallId": "4b5bfc03-de03-43aa-b14e-8408b1fd8d80"}, "language": "Japanese", "name": "無政府主義者"}, {"identifiers": {"scryfallId": "14b8a985-8179-4407-bbcf-cdacd49a97db"}, "language": "Portuguese (Brazil)", "name": "Anarquista"}], "frameVersion": "1997", "hasFoil": false, "hasNonFoil": true, "identifiers": {"cardsphereId": "17171", "mcmId": "9307", "mcmMetaId": "153", "mtgjsonV4Id": "1cbc62a3-3f88-5031-9396-5cb93ff4876a", "mtgoFoilId": "10702", "mtgoId": "10701", "multiverseId": "6110", "scryfallCardBackId": "0aeebaf5-8c7d-4636-9e82-8c27447861f7", "scryfallId": "a298df66-2075-40a7-bced-457656b6b788", "scryfallIllustrationId": "bacc96fb-730f-427c-874d-68fb8876d79c", "scryfallOracleId": "82b9ad93-df75-4417-9746-798db8fe6ba0", "tcgplayerProductId": "4293"}, "isFoil": false, "language": "English", "layout": "normal", "legalities": {"commander": "Legal", "duel": "Legal", "legacy": "Legal", "modern": "Legal", "oathbreaker": "Legal", "pauper": "Legal", "paupercommander": "Legal", "penny": "Legal", "predh": "Legal", "premodern": "Legal", "vintage": "Legal"}, "manaCost": "{4}{R}", "manaValue": 5.0, "name": "Anarchist", "number": "79", "originalText": "When Anarchist comes into play, you may return target sorcery card from your graveyard to your hand.", "originalType": "Summon - Townsfolk", "power": "2", "printings": ["9ED", "EXO", "ODY", "PLST", "TD0", "TPR"], "purchaseUrls": {"cardmarket": "https://mtgjson.com/links/1e8d1f3a2e567836", "tcgplayer": "https://mtgjson.com/links/ed5f4ac672a98f7b"}, "rarity": "common", "setCode": "EXO", "sourceProducts": {"nonfoil": ["7a001473-a0b3-52e5-a0a2-2c86ce098008", "9a7edb8e-79ea-5937-80f8-eaa52e581039"]}, "subtypes": ["Human", "Wizard"], "supertypes": [], "text": "When Anarchist enters, you may return target sorcery card from your graveyard to your hand.", "toughness": "2", "type": "Creature — Human Wizard", "types": ["Creature"], "uuid": "2efaaaf9-beed-5d3f-95c0-bd48fb172d38"}, {"artist": "Dermot Power", "artistIds": ["4162c8c0-8ded-497c-b29e-131e43dfae5e"], "availability": ["mtgo", "paper"], "boosterTypes": ["default"], "borderColor": "black", "colorIdentity": ["B"], "colors": ["B"], "convertedManaCost": 2.0, "count": 1, "edhrecRank": 12741, "edhrecSaltiness": 0.15, "finishes": ["nonfoil"], "flavorText": "\"They have knives for every soul.\"\n—Lyna, Soltari emissary", "foreignData": [{"identifiers": {"scryfallId": "42c3d583-fa93-4766-aedd-32a880abd4eb"}, "language": "German", "name": "Dauthischlächter", "text": "Irrealität\nDer Dauthischlächter greift in jeden Zug, wenn möglich.", "type": "Beschwörung eines Soldaten"}, {"identifiers": {"scryfallId": "f967e9fc-d150-4d2e-9fe4-cbf1bacecc7b"}, "language": "Spanish", "name": "Asesino dauti"}, {"identifiers": {"scryfallId": "686fac60-5df0-4826-ae77-1785c386798b"}, "language": "French", "name": "Tueur dauthi"}, {"identifiers": {"scryfallId": "8071efaf-9d38-4756-8989-d29ffeea8061"}, "language": "Italian", "name": "Uccisore Dauthi"}, {"identifiers": {"scryfallId": "e0fb8fe6-96a0-41d5-9488-1c3892dbd377"}, "language": "Japanese", "name": "ダウスィーの殺害者"}, {"identifiers": {"scryfallId": "b5dc6ffa-4ac0-4106-b213-353f67e48052"}, "language": "Portuguese (Brazil)", "name": "Assassino de Dauth"}], "frameVersion": "1997", "hasFoil": false, "hasNonFoil": true, "identifiers": {"cardsphereId": "43134", "mcmId": "8755", "mcmMetaId": "1335", "mtgjsonV4Id": "3f5de224-1790-580b-b461-2a6a53ddb742", "mtgoFoilId": "9482", "mtgoId": "9481", "multiverseId": "4654", "scryfallCardBackId": "0aeebaf5-8c7d-4636-9e82-8c27447861f7", "scryfallId": "652ccd79-aefd-4b45-b747-75190da0cfc6", "scryfallIllustrationId": "a799b27c-957a-471f-a718-93f5a1531b7d", "scryfallOracleId": "c1d0537b-954f-4d3b-b9fe-1dd7ffaa1197", "tcgplayerProductId": "5516"}, "isFoil": false, "keywords": ["Shadow"], "language": "English", "layout": "normal", "legalities": {"commander": "Legal", "duel": "Legal", "legacy": "Legal", "modern": "Legal", "oathbreaker": "Legal", "pauper": "Legal", "paupercommander": "Legal", "penny": "Legal", "predh": "Legal", "premodern": "Legal", "vintage": "Legal"}, "manaCost": "{B}{B}", "manaValue": 2.0, "name": "Dauthi Slayer", "number": "126", "originalText": "Shadow (This creature can block or be blocked by only creatures with shadow.)\nEach turn, Dauthi Slayer attacks if able.", "originalType": "Summon - Soldier", "power": "2", "printings": ["PAL02", "PRM", "TMP", "TPR", "TSB"], "purchaseUrls": {"cardmarket": "https://mtgjson.com/links/5ede29fbc6cbf469", "tcgplayer": "https://mtgjson.com/links/001675ab8401d74d"}, "rarity": "common", "rulings": [{"date": "2021-03-19", "text": "If an attacking creature has multiple evasion abilities, such as shadow and flying, a creature can block it only if that creature satisfies all of the appropriate evasion abilities."}, {"date": "2021-03-19", "text": "Multiple instances of shadow on the same creature are redundant."}, {"date": "2021-03-19", "text": "Once a creature has been blocked, that creature remains blocked and will deal and be dealt combat damage even if it gains or loses shadow or if the blocking creature gains or loses shadow."}], "setCode": "TMP", "sourceProducts": {"nonfoil": ["21b87b9c-d0f2-5a4b-aee7-163c9813a3aa", "96d0588c-79f4-53ac-bb27-23020e7d60a7", "9a7edb8e-79ea-5937-80f8-eaa52e581039", "b9dfc525-597d-55a9-9117-68b349314037"]}, "subtypes": ["Dauthi", "Soldier"], "supertypes": [], "text": "Shadow (This creature can block or be blocked by only creatures with shadow.)\nDauthi Slayer attacks each combat if able.", "toughness": "2", "type": "Creature — Dauthi Soldier", "types": ["Creature"], "uuid": "7328f413-46f2-5f6d-bb1b-9aa3c30a26af"}, {"artist": "Adam Rex", "artistIds": ["445bd2fb-4a70-4599-87a4-83cf5979fc56"], "availability": ["mtgo", "paper"], "boosterTypes": ["default"], "borderColor": "black", "colorIdentity": ["B"], "colors": ["B"], "convertedManaCost": 3.0, "count": 2, "edhrecRank": 20387, "edhrecSaltiness": 0.17, "finishes": ["nonfoil"], "flavorText": "\"All Dauthi are jackals, regardless of breed.\"\n—Lyna, Soltari emissary", "foreignData": [{"identifiers": {"scryfallId": "765ae3d5-11fb-467f-8fb7-ee457f335e37"}, "language": "German", "name": "Dauthischakal", "text": "Irrealität\n{B}{B}, opfere den Dauthischakal: Zerstöre eine blockende Kreatur Deiner Wahl.", "type": "Beschwörung eines Hundes"}, {"identifiers": {"scryfallId": "e6f1ce8c-746e-4a90-b687-567a4f7dd45c"}, "language": "Spanish", "name": "Chacal dauti"}, {"identifiers": {"scryfallId": "11942599-0d0b-4d45-b7da-466531f2b879"}, "language": "French", "name": "Chacal dauthi"}, {"identifiers": {"scryfallId": "c45bde27-8d0a-42b2-baee-58728f82fb9a"}, "language": "Italian", "name": "Sciacallo Dauthi"}, {"identifiers": {"scryfallId": "389cd7d5-085e-479c-8601-0bced604da25"}, "language": "Japanese", "name": "ダウスィーのジャッカル"}, {"identifiers": {"scryfallId": "f22a5bf5-85af-42b6-a0d8-80b83ea14d47"}, "language": "Portuguese (Brazil)", "name": "Chacal de Dauth"}], "frameVersion": "1997", "hasFoil": false, "hasNonFoil": true, "identifiers": {"cardsphereId": "17190", "mcmId": "9286", "mcmMetaId": "1331", "mtgjsonV4Id": "4fba19f4-4ebd-56dc-af1c-ce5ee6cfac6a", "mtgoFoilId": "10544", "mtgoId": "10543", "multiverseId": "6081", "scryfallCardBackId": "0aeebaf5-8c7d-4636-9e82-8c27447861f7", "scryfallId": "419871bc-f036-4244-8b6c-3857ebe993f3", "scryfallIllustrationId": "f5af62c6-0430-451c-8852-00bef7ec004a", "scryfallOracleId": "8847b057-8896-4c72-a11f-3c183b1cc60e", "tcgplayerProductId": "4312"}, "isFoil": false, "keywords": ["Shadow"], "language": "English", "layout": "normal", "legalities": {"commander": "Legal", "duel": "Legal", "legacy": "Legal", "oathbreaker": "Legal", "pauper": "Legal", "paupercommander": "Legal", "penny": "Legal", "predh": "Legal", "premodern": "Legal", "vintage": "Legal"}, "manaCost": "{2}{B}", "manaValue": 3.0, "name": "Dauthi Jackal", "number": "58", "originalText": "Shadow (This creature can block or be blocked by only creatures with shadow.)\no\nBo\nB, Sacrifice Dauthi Jackal: Destroy target blocking creature.", "originalType": "Summon - Hound", "power": "2", "printings": ["EXO", "TPR"], "purchaseUrls": {"cardmarket": "https://mtgjson.com/links/4a95ae362f3f465a", "tcgplayer": "https://mtgjson.com/links/9b96477de1e5c600"}, "rarity": "common", "rulings": [{"date": "2004-10-04", "text": "This creature does not have to be an attacker or blocker to use its ability."}, {"date": "2021-03-19", "text": "If an attacking creature has multiple evasion abilities, such as shadow and flying, a creature can block it only if that creature satisfies all of the appropriate evasion abilities."}, {"date": "2021-03-19", "text": "Multiple instances of shadow on the same creature are redundant."}, {"date": "2021-03-19", "text": "Once a creature has been blocked, that creature remains blocked and will deal and be dealt combat damage even if it gains or loses shadow or if the blocking creature gains or loses shadow."}], "setCode": "EXO", "sourceProducts": {"nonfoil": ["7a001473-a0b3-52e5-a0a2-2c86ce098008", "9a7edb8e-79ea-5937-80f8-eaa52e581039"]}, "subtypes": ["Dauthi", "Jackal"], "supertypes": [], "text": "Shadow (This creature can block or be blocked by only creatures with shadow.)\n{B}{B}, Sacrifice Dauthi Jackal: Destroy target blocking creature.", "toughness": "1", "type": "Creature — Dauthi Jackal", "types": ["Creature"], "uuid": "66abba6d-cbcd-50bb-8abb-72252187ab64"}, {"artist": "Dermot Power", "artistIds": ["4162c8c0-8ded-497c-b29e-131e43dfae5e"], "availability": ["mtgo", "paper"], "boosterTypes": ["default"], "borderColor": "black", "colorIdentity": ["R"], "colors": ["R"], "convertedManaCost": 4.0, "count": 1, "edhrecRank": 27131, "finishes": ["nonfoil"], "flavorText": "\"Stay.\"", "foreignData": [{"identifiers": {"scryfallId": "c0791394-dbc6-46e6-8c50-c20ecb808f65"}, "language": "German", "name": "Monsterhund", "text": "Der Monsterhund kann nur angreifen, wenn Du mehr Länder als der verteidigende Spieler kontrollierst.\nDer Monsterhund kann nur blocken, wenn Du mehr Länder als der angreifende Spieler kontrollierst.", "type": "Beschwörung eines Hundes"}, {"identifiers": {"scryfallId": "da3a8aa8-abc7-4b1b-985e-c3f5021b018f"}, "language": "Spanish", "name": "Sabueso monstruoso"}, {"identifiers": {"scryfallId": "d391393c-a278-4894-8e10-bb18dfa34e19"}, "language": "French", "name": "Chien monstrueux"}, {"identifiers": {"scryfallId": "58c50bb7-103b-4508-9d81-6dda551b239d"}, "language": "Italian", "name": "Segugio Mostruoso"}, {"identifiers": {"scryfallId": "bfcae657-136c-468b-a63a-250ba3c96634"}, "language": "Japanese", "name": "巨怪なる猟犬"}, {"identifiers": {"scryfallId": "db32cedd-ec41-4d71-9b34-9e59ac0782b2"}, "language": "Portuguese (Brazil)", "name": "Sabujo Monstruoso"}], "frameVersion": "1997", "hasFoil": false, "hasNonFoil": true, "identifiers": {"cardsphereId": "17234", "mcmId": "9317", "mcmMetaId": "3716", "mtgjsonV4Id": "71aec7b3-e733-59fe-8a9a-a833642470a0", "mtgoFoilId": "10716", "mtgoId": "10715", "multiverseId": "6128", "scryfallCardBackId": "0aeebaf5-8c7d-4636-9e82-8c27447861f7", "scryfallId": "d5066b1b-3910-4434-83d6-030851f20bcf", "scryfallIllustrationId": "dc6a0111-aa67-4643-ab21-6b20a0d726d3", "scryfallOracleId": "97589fbb-3bd9-49c9-b8d8-bdc895a7f1e6", "tcgplayerProductId": "4356"}, "isFoil": false, "language": "English", "layout": "normal", "legalities": {"commander": "Legal", "duel": "Legal", "legacy": "Legal", "oathbreaker": "Legal", "penny": "Legal", "predh": "Legal", "premodern": "Legal", "vintage": "Legal"}, "manaCost": "{3}{R}", "manaValue": 4.0, "name": "Monstrous Hound", "number": "89", "originalText": "Monstrous Hound cannot attack unless you control more lands than defending player.\nMonstrous Hound cannot block unless you control more lands than attacking player.", "originalType": "Summon - Hound", "power": "4", "printings": ["EXO", "PEXO", "PRM"], "purchaseUrls": {"cardmarket": "https://mtgjson.com/links/8426c031b5cac9ee", "tcgplayer": "https://mtgjson.com/links/616276c3947d5344"}, "rarity": "rare", "setCode": "EXO", "sourceProducts": {"nonfoil": ["7a001473-a0b3-52e5-a0a2-2c86ce098008", "9a7edb8e-79ea-5937-80f8-eaa52e581039"]}, "subtypes": ["Dog"], "supertypes": [], "text": "Monstrous Hound can't attack unless you control more lands than defending player.\nMonstrous Hound can't block unless you control more lands than attacking player.", "toughness": "4", "type": "Creature — Dog", "types": ["Creature"], "uuid": "c851f73d-d85a-5439-a4ef-bab1cedfcafd"}, {"artist": "Terese Nielsen", "artistIds": ["eb55171c-2342-45f4-a503-2d5a75baf752"], "availability": ["mtgo", "paper"], "boosterTypes": ["default"], "borderColor": "black", "colorIdentity": ["R"], "colors": ["R"], "convertedManaCost": 3.0, "count": 1, "edhrecRank": 21044, "finishes": ["nonfoil"], "foreignData": [{"identifiers": {"scryfallId": "fcd5c614-fc3e-4407-aacd-1fc3b233c05f"}, "language": "German", "name": "Sengender Salamander", "text": "0: Der Sengende Salamander fügt jeder nichtfliegenden Kreatur, die der verteidigende Spieler kontrolliert, 1 Schadenspunkt zu. Benutze diese Fähigkeit nur, wenn der Sengende Salamander angreift, und nur einmal pro Zug.", "type": "Beschwörung eines Salamanders"}, {"identifiers": {"scryfallId": "4b5f011d-c37a-476e-910e-fb460235a8ac"}, "language": "Spanish", "name": "Salamandra abrasadora"}, {"identifiers": {"scryfallId": "53d2d0d2-7efa-4ea6-b77a-7bd15b61ef92"}, "language": "French", "name": "Salamandre brûlante"}, {"identifiers": {"scryfallId": "0ef7b741-0d92-458e-8cf7-bad8a60fcf03"}, "language": "Italian", "name": "Salamandra Ustionante"}, {"identifiers": {"scryfallId": "b87b1f86-0af4-48a2-97bf-8fc8c1047713"}, "language": "Japanese", "name": "煮沸するサラマンダー"}, {"identifiers": {"scryfallId": "744a36e5-7291-4cb0-bd18-1f3eaf327044"}, "language": "Portuguese (Brazil)", "name": "Salamandra Escaldante"}], "frameVersion": "1997", "hasFoil": false, "hasNonFoil": true, "identifiers": {"cardsphereId": "17270", "mcmId": "9328", "mcmMetaId": "4932", "mtgjsonV4Id": "b8d4c470-bf95-5326-b90b-dcb58154dd84", "mtgoFoilId": "10552", "mtgoId": "10551", "multiverseId": "6117", "scryfallCardBackId": "0aeebaf5-8c7d-4636-9e82-8c27447861f7", "scryfallId": "5a0e9433-88d7-4bfc-99a0-ff47807fd594", "scryfallIllustrationId": "348ba5a9-fc14-454f-b62f-b61074d93ee6", "scryfallOracleId": "fcca3c9d-a2b6-4f29-b43c-2f061074a332", "tcgplayerProductId": "4392"}, "isFoil": false, "language": "English", "layout": "normal", "legalities": {"commander": "Legal", "duel": "Legal", "legacy": "Legal", "oathbreaker": "Legal", "paupercommander": "Restricted", "penny": "Legal", "predh": "Legal", "premodern": "Legal", "vintage": "Legal"}, "manaCost": "{2}{R}", "manaValue": 3.0, "name": "Scalding Salamander", "number": "100", "originalText": "o0: Scalding Salamander deals 1 damage to each creature without flying defending player controls. Play this ability only if Scalding Salamander is attacking and only once each turn.", "originalType": "Summon - Salamander", "power": "2", "printings": ["EXO"], "purchaseUrls": {"cardmarket": "https://mtgjson.com/links/77a7740e636a241b", "tcgplayer": "https://mtgjson.com/links/b6b58a398652fae4"}, "rarity": "uncommon", "rulings": [{"date": "2004-10-04", "text": "The ability triggers on the declaration of attackers and will resolve before blockers are declared."}], "setCode": "EXO", "sourceProducts": {"nonfoil": ["7a001473-a0b3-52e5-a0a2-2c86ce098008", "9a7edb8e-79ea-5937-80f8-eaa52e581039"]}, "subtypes": ["Salamander"], "supertypes": [], "text": "Whenever Scalding Salamander attacks, you may have it deal 1 damage to each creature without flying defending player controls.", "toughness": "1", "type": "Creature — Salamander", "types": ["Creature"], "uuid": "3dcac15b-c8f3-5498-9cea-aea952007395"}, {"artist": "Doug Chaffee", "artistIds": ["dd587b27-dca3-4219-aa55-b285a7a77030"], "availability": ["mtgo", "paper"], "boosterTypes": ["default"], "borderColor": "black", "colorIdentity": [], "colors": [], "convertedManaCost": 5.0, "count": 1, "edhrecRank": 13604, "edhrecSaltiness": 0.08, "finishes": ["nonfoil"], "foreignData": [{"identifiers": {"scryfallId": "39163357-2d09-433a-b9e8-de3b1c03bd19"}, "language": "German", "name": "Thopter-Geschwader", "text": "Fliegend\nDas Thopter-Geschwader kommt mit drei +1/+1 Marken auf ihm ins Spiel.\n1, entferne eine +1/+1 Marke von dem Thopter-Geschwader: Bringe einen Thopter- Spielstein ins Spiel. Behandle diesen Spielstein wie eine fliegende 1/1 Artefaktkreatur. Spiele diese Fähigkeit wie eine Hexerei.\n1, opfere einen Thopter: Lege eine +1/+1 Marke auf das Thopter- Geschwader. Spiele diese Fähigkeit wie eine Hexerei.", "type": "Artefaktkreatur"}, {"identifiers": {"scryfallId": "53e0f232-1d99-4dde-9b3a-e1de22ca943b"}, "language": "Spanish", "name": "Escuadrón de tópteros"}, {"identifiers": {"scryfallId": "84510de5-31a4-4d58-a850-eefca14f05f7"}, "language": "French", "name": "Escadron de mécanoptères"}, {"identifiers": {"scryfallId": "4bbb255d-6460-4ab9-a07f-e64f5ed50f83"}, "language": "Italian", "name": "Squadrotottero"}, {"identifiers": {"scryfallId": "bd5cf0b2-69da-4b21-905e-ef4dff132039"}, "language": "Japanese", "name": "飛行機械隊"}, {"identifiers": {"scryfallId": "f93e11e1-3742-4c43-8763-2fc801fff717"}, "language": "Portuguese (Brazil)", "name": "Esquadrilha de Tópteros"}], "frameVersion": "1997", "hasFoil": false, "hasNonFoil": true, "identifiers": {"cardsphereId": "17298", "mcmId": "9368", "mcmMetaId": "5943", "mtgjsonV4Id": "5f2dc085-bb3f-5774-9097-3beca1c4abec", "mtgoFoilId": "10628", "mtgoId": "10627", "multiverseId": "6164", "scryfallCardBackId": "0aeebaf5-8c7d-4636-9e82-8c27447861f7", "scryfallId": "d3ac2d30-7c9a-40b3-812e-e77e49229f48", "scryfallIllustrationId": "61ccb5fb-04cf-4647-9e8b-0e79bcb0b796", "scryfallOracleId": "f1482ca4-610b-48fe-ac23-4526637bb72a", "tcgplayerProductId": "4420"}, "isFoil": false, "keywords": ["Flying"], "language": "English", "layout": "normal", "legalities": {"commander": "Legal", "duel": "Legal", "legacy": "Legal", "oathbreaker": "Legal", "paupercommander": "Restricted", "penny": "Legal", "predh": "Legal", "premodern": "Legal", "vintage": "Legal"}, "manaCost": "{5}", "manaValue": 5.0, "name": "Thopter Squadron", "number": "140", "originalText": "Flying\nThopter Squadron comes into play with three +1/+1 counters on it.\no1, Remove a +1/+1 counter from Thopter Squadron: Put a Thopter token into play. Treat this token as a 1/1 artifact creature with flying. Play this ability as a sorcery.\no1, Sacrifice a Thopter: Put a +1/+1 counter on Thopter Squadron. Play this ability as a sorcery.", "originalType": "Artifact Creature", "power": "0", "printings": ["EXO", "TPR", "VMA"], "purchaseUrls": {"cardmarket": "https://mtgjson.com/links/d0b1395167590362", "tcgplayer": "https://mtgjson.com/links/8597da85ac5580da"}, "rarity": "rare", "setCode": "EXO", "sourceProducts": {"nonfoil": ["7a001473-a0b3-52e5-a0a2-2c86ce098008", "9a7edb8e-79ea-5937-80f8-eaa52e581039"]}, "subtypes": ["Thopter"], "supertypes": [], "text": "Flying\nThopter Squadron enters with three +1/+1 counters on it.\n{1}, Remove a +1/+1 counter from Thopter Squadron: Create a 1/1 colorless Thopter artifact creature token with flying. Activate only as a sorcery.\n{1}, Sacrifice another Thopter: Put a +1/+1 counter on Thopter Squadron. Activate only as a sorcery.", "toughness": "0", "type": "Artifact Creature — Thopter", "types": ["Artifact", "Creature"], "uuid": "c5e356a6-8d4a-5b94-90d8-8866326090c2"}, {"artist": "rk post", "artistIds": ["81ae0f3f-1d88-4125-9aeb-b15b4c734c82"], "availability": ["mtgo", "paper"], "boosterTypes": ["default"], "borderColor": "black", "colorIdentity": ["B"], "colors": ["B"], "convertedManaCost": 2.0, "count": 2, "edhrecRank": 23754, "edhrecSaltiness": 0.12, "finishes": ["nonfoil"], "flavorText": "\"Just take a little off the top.\"", "foreignData": [{"identifiers": {"scryfallId": "1270ee73-427b-4a5f-9bab-bdce4c3f6a58"}, "language": "German", "name": "Thrullchirurg", "text": "{1}{B}, opfere den Thrullchirurgen: Schaue Dir Karten auf der Hand eines Gegners Deiner Wahl an. Bestimme eine dieser Karten. Der Spieler wirft die gewählte Karte ab. Spiele diese Fähigkeit wie eine Hexerei.", "type": "Beschwörung eines Thrulls"}, {"identifiers": {"scryfallId": "edad324f-dc5b-4c93-8b48-df6a446966ca"}, "language": "Spanish", "name": "Cirujano thrull"}, {"identifiers": {"scryfallId": "63e8c802-448e-49f4-921b-91e9e6c6b6bb"}, "language": "French", "name": "Chirurgien srâne"}, {"identifiers": {"scryfallId": "e9f48228-5ccc-49fe-b35c-4f83010cc3d3"}, "language": "Italian", "name": "Chirurgo Thrull"}, {"identifiers": {"scryfallId": "f45208be-0a97-4450-9085-61a893b80956"}, "language": "Japanese", "name": "スラルの外科医"}, {"identifiers": {"scryfallId": "ae59deee-214a-487c-9216-b858bb98b9ca"}, "language": "Portuguese (Brazil)", "name": "Cirurgião Thrull"}], "frameVersion": "1997", "hasFoil": false, "hasNonFoil": true, "identifiers": {"cardsphereId": "17299", "mcmId": "9304", "mcmMetaId": "5983", "mtgjsonV4Id": "c530fcde-72df-5784-8ecc-079eeef844a5", "mtgoFoilId": "10632", "mtgoId": "10631", "multiverseId": "6082", "scryfallCardBackId": "0aeebaf5-8c7d-4636-9e82-8c27447861f7", "scryfallId": "d6e89bf1-42c9-4829-a565-78cac632810b", "scryfallIllustrationId": "4b025a10-0051-4972-8b55-54be4478cb16", "scryfallOracleId": "ead5a2bf-f48a-43a2-89bb-df3cc587c843", "tcgplayerProductId": "4421"}, "isFoil": false, "language": "English", "layout": "normal", "legalities": {"commander": "Legal", "duel": "Legal", "legacy": "Legal", "modern": "Legal", "oathbreaker": "Legal", "pauper": "Legal", "paupercommander": "Legal", "predh": "Legal", "premodern": "Legal", "vintage": "Legal"}, "manaCost": "{1}{B}", "manaValue": 2.0, "name": "Thrull Surgeon", "number": "76", "originalText": "o1o\nB, Sacrifice Thrull Surgeon: Look at target player's hand and choose one of those cards. That player discards that card. Play this ability as a sorcery.", "originalType": "Summon - Thrull", "power": "1", "printings": ["10E", "EXO", "TPR", "WC98"], "purchaseUrls": {"cardmarket": "https://mtgjson.com/links/51d541acad46b82a", "tcgplayer": "https://mtgjson.com/links/e83ed480b9476c86"}, "rarity": "common", "setCode": "EXO", "sourceProducts": {"nonfoil": ["7a001473-a0b3-52e5-a0a2-2c86ce098008", "9a7edb8e-79ea-5937-80f8-eaa52e581039"]}, "subtypes": ["Thrull"], "supertypes": [], "text": "{1}{B}, Sacrifice Thrull Surgeon: Look at target player's hand and choose a card from it. That player discards that card. Activate only as a sorcery.", "toughness": "1", "type": "Creature — Thrull", "types": ["Creature"], "uuid": "2ee88115-88f6-56c6-a85b-8b00a602effd"}, {"artist": "Kev Walker", "artistIds": ["f366a0ee-a0cd-466d-ba6a-90058c7a31a6"], "availability": ["mtgo", "paper"], "boosterTypes": ["default"], "borderColor": "black", "colorIdentity": ["B"], "colors": ["B"], "convertedManaCost": 3.0, "count": 2, "edhrecRank": 25494, "edhrecSaltiness": 0.08, "finishes": ["nonfoil"], "flavorText": "The hounds' barks are a horrifying chorus of screams, moans, and whispers.", "foreignData": [{"identifiers": {"scryfallId": "34b9510e-e4fd-4f28-ab82-209518e4ce0c"}, "language": "German", "name": "Blutsaugende Hunde", "text": "Bestimme eine Kreaturenkarte aus Deiner Hand und wirf diese ab: Die Blutsaugenden Hunde erhalten +2/+2 bis zum Ende des Zuges.", "type": "Beschwörung von Hunden"}, {"identifiers": {"scryfallId": "f7b0db3e-8137-4ab1-9b5d-679bc2882437"}, "language": "Spanish", "name": "Sabuesos vampiro"}, {"identifiers": {"scryfallId": "8950e248-66f0-4c5f-9e8e-a5eac3b852b9"}, "language": "French", "name": "Chiens de chasse vampires"}, {"identifiers": {"scryfallId": "805d0ab6-943a-4a09-ae2d-e4ca5b493ea4"}, "language": "Italian", "name": "Segugi Vampiri"}, {"identifiers": {"scryfallId": "c8380aeb-2f69-4138-9ed0-313b788cd5f5"}, "language": "Japanese", "name": "吸血犬"}, {"identifiers": {"scryfallId": "4c1a3c62-57f3-4204-b672-86d39f8e38e3"}, "language": "Portuguese (Brazil)", "name": "Sabujos Vampiros"}], "frameVersion": "1997", "hasFoil": false, "hasNonFoil": true, "identifiers": {"cardsphereId": "17303", "mcmId": "9305", "mcmMetaId": "6281", "mtgjsonV4Id": "449c67fc-3019-51d7-acc1-49ebafadcfb9", "mtgoFoilId": "10682", "mtgoId": "10681", "multiverseId": "6084", "scryfallCardBackId": "0aeebaf5-8c7d-4636-9e82-8c27447861f7", "scryfallId": "746bc301-9f08-4d9b-819e-690f6fce6bc8", "scryfallIllustrationId": "0e008b99-5bd9-4625-9881-ac65ce9d632b", "scryfallOracleId": "0184d74b-e9aa-4b5a-8db0-b15cecbc17fb", "tcgplayerProductId": "4425"}, "isFoil": false, "language": "English", "layout": "normal", "legalities": {"commander": "Legal", "duel": "Legal", "legacy": "Legal", "oathbreaker": "Legal", "pauper": "Legal", "paupercommander": "Legal", "penny": "Legal", "predh": "Legal", "premodern": "Legal", "vintage": "Legal"}, "manaCost": "{2}{B}", "manaValue": 3.0, "name": "Vampire Hounds", "number": "77", "originalText": "Choose and discard a creature card: Vampire Hounds gets +2/+2 until end of turn.", "originalType": "Summon - Hounds", "power": "2", "printings": ["EXO", "TPR"], "purchaseUrls": {"cardmarket": "https://mtgjson.com/links/b189750ab56638c0", "tcgplayer": "https://mtgjson.com/links/373af26856abd0db"}, "rarity": "common", "setCode": "EXO", "sourceProducts": {"nonfoil": ["7a001473-a0b3-52e5-a0a2-2c86ce098008", "9a7edb8e-79ea-5937-80f8-eaa52e581039", "e4c3266a-9dc2-56c2-a64e-487641a6ec86"]}, "subtypes": ["Vampire", "Dog"], "supertypes": [], "text": "Discard a creature card: Vampire Hounds gets +2/+2 until end of turn.", "toughness": "2", "type": "Creature — Vampire Dog", "types": ["Creature"], "uuid": "f6fdc3c5-4bdb-5213-b763-c374c3c16bbc"}, {"artist": "Stephen Daniele", "artistIds": ["a267f9bb-072b-410a-a704-50f4d19020d8"], "availability": ["mtgo", "paper"], "boosterTypes": ["default"], "borderColor": "black", "colorIdentity": ["B"], "colors": ["B"], "convertedManaCost": 4.0, "count": 1, "edhrecRank": 20692, "edhrecSaltiness": 0.36, "finishes": ["nonfoil"], "foreignData": [{"identifiers": {"scryfallId": "3989a3c1-a594-463f-8ce5-5d14999b7886"}, "language": "German", "name": "Volraths Verließ", "text": "Jeder Spieler kann während seines Zuges 5 Lebenspunkte bezahlen, um Volraths Verließ zu zerstören.\nBestimme eine Karte aus Deiner Hand und wirf diese ab: Ein Spieler Deiner Wahl bestimmt eine Karte aus seiner Hand und legt diese oben auf seine Bibliothek. Spiele diese Fähigkeit wie eine Hexerei.", "type": "Verzauberung"}, {"identifiers": {"scryfallId": "c75bc4fc-f7dc-44fa-81e7-c41cbbb5a67f"}, "language": "Spanish", "name": "Mazmorra de Volrath"}, {"identifiers": {"scryfallId": "705ad51e-0afd-45d2-9792-7fdb2d112779"}, "language": "French", "name": "Oubliettes de Wöhlrajh"}, {"identifiers": {"scryfallId": "2c321280-9532-4018-8b55-4ce3a09f98be"}, "language": "Italian", "name": "Segrete di Volrath"}, {"identifiers": {"scryfallId": "546d4318-d070-4f38-aeb7-f2ce47d78b94"}, "language": "Japanese", "name": "ヴォルラスの地下牢"}, {"identifiers": {"scryfallId": "97c300e3-dd80-4647-8d24-7c8d6513c434"}, "language": "Portuguese (Brazil)", "name": "Masmorra de Volrath"}], "frameVersion": "1997", "hasFoil": false, "hasNonFoil": true, "identifiers": {"cardsphereId": "17304", "mcmId": "9306", "mcmMetaId": "6428", "mtgjsonV4Id": "5be0e49b-e569-547b-9886-2ba3638c97f9", "mtgoFoilId": "10598", "mtgoId": "10597", "multiverseId": "6100", "scryfallCardBackId": "0aeebaf5-8c7d-4636-9e82-8c27447861f7", "scryfallId": "a4ab28e1-74e1-4c4e-920f-a658c6a44d75", "scryfallIllustrationId": "028ad026-e8e9-48c0-9fdc-2d30c5de781c", "scryfallOracleId": "a8b968ea-76f3-4ee7-9d53-d251d8a9faf6", "tcgplayerProductId": "4426"}, "isFoil": false, "language": "English", "layout": "normal", "legalities": {"commander": "Legal", "duel": "Legal", "legacy": "Legal", "oathbreaker": "Legal", "penny": "Legal", "predh": "Legal", "premodern": "Legal", "vintage": "Legal"}, "manaCost": "{2}{B}{B}", "manaValue": 4.0, "name": "Volrath's Dungeon", "number": "78", "originalText": "Any player may pay 5 life during his or her turn to destroy Volrath's Dungeon.\nChoose and discard a card: Target player chooses a card in his or her hand and puts that card on top of his or her library. Play this ability as a sorcery.", "originalType": "Enchantment", "printings": ["EXO", "PLST"], "purchaseUrls": {"cardmarket": "https://mtgjson.com/links/271cd231ff8d20d1", "tcgplayer": "https://mtgjson.com/links/30568897afa653a5"}, "rarity": "rare", "setCode": "EXO", "sourceProducts": {"nonfoil": ["7a001473-a0b3-52e5-a0a2-2c86ce098008", "9a7edb8e-79ea-5937-80f8-eaa52e581039"]}, "subtypes": [], "supertypes": [], "text": "Pay 5 life: Destroy Volrath's Dungeon. Any player may activate this ability but only during their turn.\nDiscard a card: Target player puts a card from their hand on top of their library. Activate only as a sorcery.", "type": "Enchantment", "types": ["Enchantment"], "uuid": "4248f87e-7c73-502a-bc5a-ff6e60c3e07f"}, {"artist": "Ron Spencer", "artistIds": ["dab52c11-0564-4207-a4a1-c1735c946a65"], "availability": ["mtgo", "paper"], "boosterTypes": ["default"], "borderColor": "black", "colorIdentity": ["B"], "colors": ["B"], "convertedManaCost": 2.0, "count": 3, "edhrecRank": 9823, "edhrecSaltiness": 0.06, "finishes": ["nonfoil"], "flavorText": "Greven *il*-Vec lifted Vhati off his feet. \"The fall will give you time to think on your failure.\"", "foreignData": [{"identifiers": {"scryfallId": "a897176e-9cbe-45b9-9bb3-5d7dc00cfd33"}, "language": "German", "name": "Teuflisches Edikt", "text": "Ein Spieler Deiner Wahl opfert Kreatur.", "type": "Spontanzauber"}, {"identifiers": {"scryfallId": "87a7a3df-8dc9-4469-8cd1-808c318ad074"}, "language": "Spanish", "name": "Ley diabólica"}, {"identifiers": {"scryfallId": "6cc03cbb-8225-4f31-b5b1-7ba326aff848"}, "language": "French", "name": "Edit diabolique"}, {"identifiers": {"scryfallId": "756305d6-a456-4a7a-87c7-4a6916266e89"}, "language": "Italian", "name": "Editto Diabolico"}, {"identifiers": {"scryfallId": "756cddf5-a5fd-407d-9063-c3d2fc01d6ef"}, "language": "Japanese", "name": "悪魔の布告"}, {"identifiers": {"scryfallId": "5edee87d-e63c-4d65-8a1d-843a9b630d01"}, "language": "Portuguese (Brazil)", "name": "Édito Diabólico"}], "frameVersion": "1997", "hasFoil": false, "hasNonFoil": true, "identifiers": {"cardsphereId": "43137", "mcmId": "8757", "mcmMetaId": "1477", "mtgjsonV4Id": "3909796d-172f-56f8-89fb-645c8c82d4b0", "mtgoFoilId": "9512", "mtgoId": "9511", "multiverseId": "4656", "scryfallCardBackId": "0aeebaf5-8c7d-4636-9e82-8c27447861f7", "scryfallId": "a2ecf2ee-1e2d-4ab2-8b2c-717c794b09b2", "scryfallIllustrationId": "080c6f23-5a4d-4a8d-99f3-4ee0ce252f86", "scryfallOracleId": "058917c1-21ab-488a-9f9c-591c55f3c596", "tcgplayerProductId": "5519"}, "isFoil": false, "language": "English", "layout": "normal", "legalities": {"commander": "Legal", "duel": "Legal", "legacy": "Legal", "modern": "Legal", "oathbreaker": "Legal", "pauper": "Legal", "paupercommander": "Legal", "predh": "Legal", "premodern": "Legal", "vintage": "Legal"}, "manaCost": "{1}{B}", "manaValue": 2.0, "name": "Diabolic Edict", "number": "128", "originalText": "Target player sacrifices a creature.", "originalType": "Instant", "printings": ["A25", "BTD", "J22", "MH1", "MP2", "PAL01", "PLST", "PMEI", "PRM", "TMP", "TPR", "WC99"], "purchaseUrls": {"cardmarket": "https://mtgjson.com/links/ecda5015388865d3", "tcgplayer": "https://mtgjson.com/links/638004833ea5ec4b"}, "rarity": "common", "setCode": "TMP", "sourceProducts": {"nonfoil": ["21b87b9c-d0f2-5a4b-aee7-163c9813a3aa", "4a57a3e3-c3ca-5acc-b474-e7a444414499", "96d0588c-79f4-53ac-bb27-23020e7d60a7", "9a7edb8e-79ea-5937-80f8-eaa52e581039", "b9dfc525-597d-55a9-9117-68b349314037", "e4c3266a-9dc2-56c2-a64e-487641a6ec86"]}, "subtypes": [], "supertypes": [], "text": "Target player sacrifices a creature.", "type": "Instant", "types": ["Instant"], "uuid": "d4c7a523-fa21-58dc-8837-b456d77a73f5"}, {"artist": "Brom", "artistIds": ["bd79c951-2552-45dd-aae7-a333c2b7c1ef"], "availability": ["mtgo", "paper"], "boosterTypes": ["default"], "borderColor": "black", "colorIdentity": ["B"], "colors": ["B"], "convertedManaCost": 5.0, "count": 1, "edhrecRank": 6669, "edhrecSaltiness": 0.1, "finishes": ["nonfoil"], "flavorText": "\"My enemies' death yields threefold benefit: removal, reuse, and research.\"\n—Volrath", "foreignData": [{"identifiers": {"scryfallId": "a2c65def-8e7c-4789-bbef-ed77f04b40ce"}, "language": "German", "name": "Todeskunde", "text": "Sprich die Todeskunde nur während Deiner Abwurf-Phase.\nZahle X Lebenspunkte: Ziehe X Karten.", "type": "Spontanzauber"}, {"identifiers": {"scryfallId": "738cadcc-93e8-47f1-a8bd-4633af5394a6"}, "language": "Spanish", "name": "Necrología"}, {"identifiers": {"scryfallId": "6967e789-6edd-492e-a09a-0e8b69b0baaa"}, "language": "French", "name": "Nécrosophie"}, {"identifiers": {"scryfallId": "b6dd6326-4c91-4233-a3f6-3a360434a8ce"}, "language": "Italian", "name": "Necrologia"}, {"identifiers": {"scryfallId": "d2e27e64-19b1-4d69-ac8a-79242fc6a429"}, "language": "Japanese", "name": "死より得るもの"}, {"identifiers": {"scryfallId": "709e6ce5-9424-48cc-b56a-c31436f036f6"}, "language": "Portuguese (Brazil)", "name": "Necrologia"}], "frameVersion": "1997", "hasFoil": false, "hasNonFoil": true, "identifiers": {"cardsphereId": "17236", "mcmId": "9296", "mcmMetaId": "3857", "mtgjsonV4Id": "876515ae-5b18-5dfa-b89d-45e6cac3e43e", "mtgoFoilId": "10562", "mtgoId": "10561", "multiverseId": "6095", "scryfallCardBackId": "0aeebaf5-8c7d-4636-9e82-8c27447861f7", "scryfallId": "8c2ee9d9-20be-46f0-8752-1df50942f59c", "scryfallIllustrationId": "d16ced53-8aaf-4853-a184-d951ecc9c81c", "scryfallOracleId": "925f11c3-fd32-4aa7-a130-6554b81ad3eb", "tcgplayerProductId": "4358"}, "isFoil": false, "language": "English", "layout": "normal", "legalities": {"commander": "Legal", "duel": "Legal", "legacy": "Legal", "oathbreaker": "Legal", "predh": "Legal", "premodern": "Legal", "vintage": "Legal"}, "manaCost": "{3}{B}{B}", "manaValue": 5.0, "name": "Necrologia", "number": "68", "originalText": "Play Necrologia only during your discard phase.\nPay X life: Draw X cards.", "originalType": "Instant", "printings": ["7ED", "EXO", "PLST", "TPR"], "purchaseUrls": {"cardmarket": "https://mtgjson.com/links/24a9db84a536e0c9", "tcgplayer": "https://mtgjson.com/links/4f8d5a87a7218088"}, "rarity": "uncommon", "rulings": [{"date": "2004-10-04", "text": "This spell is cast during the End step. Since you discard down to 7 cards in the cleanup step, this card is used before the discard."}], "setCode": "EXO", "sourceProducts": {"nonfoil": ["7a001473-a0b3-52e5-a0a2-2c86ce098008", "9a7edb8e-79ea-5937-80f8-eaa52e581039", "e4c3266a-9dc2-56c2-a64e-487641a6ec86"]}, "subtypes": [], "supertypes": [], "text": "Cast this spell only during your end step.\nAs an additional cost to cast this spell, pay X life.\nDraw X cards.", "type": "Instant", "types": ["Instant"], "uuid": "676d1dff-2257-5a3b-9fe6-f7af3d15ceae"}, {"artist": "D. Alexander Gregory", "artistIds": ["38433e15-f0f5-4223-a985-2d13c4aa0922"], "availability": ["mtgo", "paper"], "boosterTypes": ["default"], "borderColor": "black", "colorIdentity": ["R"], "colors": ["R"], "convertedManaCost": 1.0, "count": 1, "edhrecRank": 11569, "edhrecSaltiness": 0.17, "finishes": ["nonfoil"], "foreignData": [{"identifiers": {"scryfallId": "2dfa8b7b-a5f2-41e2-a42f-ccbb01bf173a"}, "language": "German", "name": "Brennende Berührung", "text": "Rückkauf 4\nDie Brennende Berührung fügt einer Kreatur oder einem Spieler Deiner Wahl 1 Schadenspunkt zu.", "type": "Spontanzauber"}, {"identifiers": {"scryfallId": "5dbad268-dbe1-47b7-b13b-85ce912f5b0b"}, "language": "Spanish", "name": "Toque abrasador"}, {"identifiers": {"scryfallId": "8184a76b-4cd3-4d19-9046-7b31c6555a78"}, "language": "French", "name": "Effleurement de feu"}, {"identifiers": {"scryfallId": "d05fab1f-3f92-4089-b566-1baef90d5e1b"}, "language": "Italian", "name": "Tocco Bruciante"}, {"identifiers": {"scryfallId": "fd22f25a-c1cf-4b0c-bdd2-009645a9059b"}, "language": "Japanese", "name": "ふにゃふにゃ"}, {"identifiers": {"scryfallId": "8b58136c-b98c-4cad-9664-18b867fb2683"}, "language": "Portuguese (Brazil)", "name": "Toque Cauterizante"}], "frameVersion": "1997", "hasFoil": false, "hasNonFoil": true, "identifiers": {"cardsphereId": "43334", "mcmId": "8936", "mcmMetaId": "5015", "mtgjsonV4Id": "795f1d85-4f67-5035-8b49-15f958651e3b", "mtgoFoilId": "10076", "mtgoId": "10075", "multiverseId": "4843", "scryfallCardBackId": "0aeebaf5-8c7d-4636-9e82-8c27447861f7", "scryfallId": "e9091667-d5a8-4978-9023-032ff65f9642", "scryfallIllustrationId": "8c572ab1-7a90-4c02-8f89-871606c054a4", "scryfallOracleId": "1cd9a3ba-a115-4e59-983d-605e4435f3a8", "tcgplayerProductId": "5716"}, "isFoil": false, "keywords": ["Buyback"], "language": "English", "layout": "normal", "legalities": {"commander": "Legal", "duel": "Legal", "legacy": "Legal", "oathbreaker": "Legal", "predh": "Legal", "premodern": "Legal", "vintage": "Legal"}, "manaCost": "{R}", "manaValue": 1.0, "name": "Searing Touch", "number": "201", "originalText": "Buyback o4 (You may pay an additional o4 when you play this spell. If you do, put it into your hand instead of your graveyard as part of the spell's effect.)\nSearing Touch deals 1 damage to target creature or player.", "originalType": "Instant", "printings": ["TMP", "TPR"], "purchaseUrls": {"cardmarket": "https://mtgjson.com/links/882318e3d4e19533", "tcgplayer": "https://mtgjson.com/links/a3a0f628551ff0f7"}, "rarity": "uncommon", "setCode": "TMP", "sourceProducts": {"nonfoil": ["0d77cf61-7a1e-5f84-9c54-3209e57c4e0d", "21b87b9c-d0f2-5a4b-aee7-163c9813a3aa", "3d4ad862-9975-5549-a377-9b236a0e43fb", "6d38f0be-a161-5c27-94e3-f3430d3274d6", "96d0588c-79f4-53ac-bb27-23020e7d60a7", "9a7edb8e-79ea-5937-80f8-eaa52e581039"]}, "subtypes": [], "supertypes": [], "text": "Buyback {4} (You may pay an additional {4} as you cast this spell. If you do, put this card into your hand as it resolves.)\nSearing Touch deals 1 damage to any target.", "type": "Instant", "types": ["Instant"], "uuid": "ad27bc6c-a59b-5565-8b45-57642eec6de7"}, {"artist": "Randy Gallegos", "artistIds": ["a5048cc7-438a-4378-98e4-da99b78e1db0"], "availability": ["mtgo", "paper"], "boosterTypes": ["default"], "borderColor": "black", "colorIdentity": ["R"], "colors": ["R"], "convertedManaCost": 1.0, "count": 3, "edhrecRank": 2547, "edhrecSaltiness": 0.14, "finishes": ["nonfoil"], "flavorText": "Lightning tethers souls to the world.\n—Kor saying", "foreignData": [{"identifiers": {"scryfallId": "32d5fda0-c2d0-4a39-a942-c576986be8bc"}, "language": "German", "name": "Schock", "text": "Schock fügt einer Kreatur oder einem Spieler Deiner Wahl 2 Schadenspunkte zu.", "type": "Spontanzauber"}, {"identifiers": {"scryfallId": "0de17289-0aea-4675-8c89-3817c3332f9a"}, "language": "Spanish", "name": "Choque"}, {"identifiers": {"scryfallId": "a856eb42-f29e-4b14-992c-297cb58c8937"}, "language": "French", "name": "Choc"}, {"identifiers": {"scryfallId": "b6135488-670c-4c73-9452-f1f824e806d7"}, "language": "Italian", "name": "Shock"}, {"flavorText": "電光は魂と世界をつなぎ合わせるまのだ。\n――コーの格言", "identifiers": {"scryfallId": "a7bedfd6-0dde-4eac-843f-14bc12bc30d5"}, "language": "Japanese", "name": "ショック", "text": "クリーチャー１体かプレインズウォーカー１体かプレイヤー１人を対象とする。ショックはそれに２点のダメージを与える。", "type": "インスタント"}, {"identifiers": {"scryfallId": "29e6482b-9ca3-4353-b2de-f084e2da079c"}, "language": "Portuguese (Brazil)", "name": "Choque"}], "frameVersion": "1997", "hasFoil": false, "hasNonFoil": true, "identifiers": {"cardsphereId": "43023", "mcmId": "9183", "mcmMetaId": "5160", "mtgjsonV4Id": "fbc3d15a-2f66-5917-87e8-63ea7b6a5122", "mtgoFoilId": "10242", "mtgoId": "10241", "multiverseId": "5143", "scryfallCardBackId": "0aeebaf5-8c7d-4636-9e82-8c27447861f7", "scryfallId": "f9b2ff2a-6dfe-4635-8da2-22d525e82b94", "scryfallIllustrationId": "50db0b2e-d125-4b77-82f6-03944f9b515b", "scryfallOracleId": "a9d288b8-cdc1-4e55-a0c9-d6edfc95e65d", "tcgplayerProductId": "5405"}, "isFoil": false, "language": "English", "layout": "normal", "legalities": {"alchemy": "Legal", "brawl": "Legal", "commander": "Legal", "duel": "Legal", "explorer": "Legal", "future": "Legal", "gladiator": "Legal", "historic": "Legal", "legacy": "Legal", "modern": "Legal", "oathbreaker": "Legal", "pauper": "Legal", "paupercommander": "Legal", "pioneer": "Legal", "predh": "Legal", "premodern": "Legal", "standard": "Legal", "standardbrawl": "Legal", "timeless": "Legal", "vintage": "Legal"}, "manaCost": "{R}", "manaValue": 1.0, "name": "Shock", "number": "98", "originalText": "Shock deals 2 damage to target creature or player.", "originalType": "Instant", "printings": ["10E", "6ED", "7ED", "8ED", "9ED", "AER", "ANB", "BBD", "BTD", "DDN", "DPA", "FNM", "M12", "M14", "M19", "M20", "M21", "MKM", "ONS", "PLST", "PMEI", "PRM", "PS11", "PSAL", "STA", "STH", "WC98", "WC99"], "purchaseUrls": {"cardmarket": "https://mtgjson.com/links/aa53901866cfe5b2", "tcgplayer": "https://mtgjson.com/links/dbb1bb62af7138fc"}, "rarity": "common", "setCode": "STH", "sourceProducts": {"nonfoil": ["3d4ad862-9975-5549-a377-9b236a0e43fb", "424005f9-6be0-57e7-87f4-940a12071a8a", "6d38f0be-a161-5c27-94e3-f3430d3274d6", "9a7edb8e-79ea-5937-80f8-eaa52e581039", "cd79727e-1a88-5856-819d-68568d36a509"]}, "subtypes": [], "supertypes": [], "text": "Shock deals 2 damage to any target.", "type": "Instant", "types": ["Instant"], "uuid": "84df7699-c0f1-571d-9a42-6cea0617d0cb"}, {"artist": "Hannibal King", "artistIds": ["47fa68ed-4d79-4116-a562-fc0c11096e81"], "availability": ["mtgo", "paper"], "boosterTypes": ["default"], "borderColor": "black", "colorIdentity": ["R"], "colors": ["R"], "convertedManaCost": 4.0, "count": 2, "edhrecRank": 13470, "finishes": ["nonfoil"], "flavorText": "\"Every act of destruction has a repercussion.\"\n—Karn, silver golem", "foreignData": [{"identifiers": {"scryfallId": "b45ebc69-ea8d-49e0-b838-5c5740227500"}, "language": "German", "name": "Nachbeben", "text": "Zerstöre ein Artefakt, eine Kreatur oder ein Land Deiner Wahl. Das Nachbeben fügt Dir 3 Schadenspunkte zu.", "type": "Hexerei"}, {"identifiers": {"scryfallId": "9bb580a7-4cf3-41c4-ad46-bbc4b13ffb6b"}, "language": "Spanish", "name": "Conmoción posterior"}, {"identifiers": {"scryfallId": "641f83f9-a0b3-4264-9b51-3e3c3ec5ffa0"}, "language": "French", "name": "Réplique sismique"}, {"identifiers": {"scryfallId": "78adac40-fd26-4a4f-b1ae-d76447cc887e"}, "language": "Italian", "name": "Contraccolpo"}, {"identifiers": {"scryfallId": "bd89e759-e969-4869-be06-1b146dcd9533"}, "language": "Japanese", "name": "余震"}, {"identifiers": {"scryfallId": "fd0a1012-3ba1-428b-92e3-d60cac81a7c4"}, "language": "Portuguese (Brazil)", "name": "Repercussão"}], "frameVersion": "1997", "hasFoil": false, "hasNonFoil": true, "identifiers": {"cardsphereId": "43071", "mcmId": "8895", "mcmMetaId": "69", "mtgjsonV4Id": "8f19d644-d130-5a3f-9fc6-315c415e78eb", "mtgoFoilId": "9598", "mtgoId": "9597", "multiverseId": "4800", "scryfallCardBackId": "0aeebaf5-8c7d-4636-9e82-8c27447861f7", "scryfallId": "c91a26b2-03f8-43f0-a3a4-ff6c5a3690c4", "scryfallIllustrationId": "2caaf169-6b03-4bea-b074-121c6ef216ce", "scryfallOracleId": "e6bef0c4-3dfc-49a8-8fec-22b2570b704b", "tcgplayerProductId": "5453"}, "isFoil": false, "language": "English", "layout": "normal", "legalities": {"commander": "Legal", "duel": "Legal", "legacy": "Legal", "oathbreaker": "Legal", "pauper": "Legal", "paupercommander": "Legal", "penny": "Legal", "predh": "Legal", "premodern": "Legal", "vintage": "Legal"}, "manaCost": "{2}{R}{R}", "manaValue": 4.0, "name": "Aftershock", "number": "160", "originalText": "Destroy target artifact, creature, or land. Aftershock deals 3 damage to you.", "originalType": "Sorcery", "printings": ["J22", "PLST", "TMP", "TPR", "VMA"], "purchaseUrls": {"cardmarket": "https://mtgjson.com/links/7b14996f21141451", "tcgplayer": "https://mtgjson.com/links/d0cdf57a4ef2e4f3"}, "rarity": "common", "setCode": "TMP", "sourceProducts": {"nonfoil": ["21b87b9c-d0f2-5a4b-aee7-163c9813a3aa", "96d0588c-79f4-53ac-bb27-23020e7d60a7", "9a7edb8e-79ea-5937-80f8-eaa52e581039"]}, "subtypes": [], "supertypes": [], "text": "Destroy target artifact, creature, or land. Aftershock deals 3 damage to you.", "type": "Sorcery", "types": ["Sorcery"], "uuid": "629883c3-78c3-5c25-9e14-fd99460ca845"}, {"artist": "Hannibal King", "artistIds": ["47fa68ed-4d79-4116-a562-fc0c11096e81"], "availability": ["mtgo", "paper"], "boosterTypes": ["default"], "borderColor": "black", "colorIdentity": ["B"], "colors": ["B"], "convertedManaCost": 4.0, "count": 1, "edhrecRank": 20128, "edhrecSaltiness": 0.27, "finishes": ["nonfoil"], "foreignData": [{"identifiers": {"scryfallId": "3d189b77-4a88-4bf1-84cf-c64363eba901"}, "language": "German", "name": "Gerechtigkeit der Evincar", "text": "Rückkauf 3\nDie Gerechtigkeit der Evincar fügt jeder Kreatur und jedem Spieler 2 Schadenspunkte zu.", "type": "Hexerei"}, {"identifiers": {"scryfallId": "3cff4af1-df6d-4699-80da-6247ace49649"}, "language": "Spanish", "name": "La justicia de los evincar"}, {"identifiers": {"scryfallId": "4088757f-62bc-441e-a8bb-6d409dab4760"}, "language": "French", "name": "Justice de l'incarmal"}, {"identifiers": {"scryfallId": "fd13f2ed-edeb-41ee-87f7-5d0ada5420be"}, "language": "Italian", "name": "Giustizia dell'Evincaro"}, {"identifiers": {"scryfallId": "59b847a0-15bc-4e63-8e3a-309f5ceba5a3"}, "language": "Japanese", "name": "エヴィンカーの正義"}, {"identifiers": {"scryfallId": "6d22b891-4122-458a-8c16-29ac069543e3"}, "language": "Portuguese (Brazil)", "name": "Justiça do Evincar"}], "frameVersion": "1997", "hasFoil": false, "hasNonFoil": true, "identifiers": {"cardsphereId": "43163", "mcmId": "8763", "mcmMetaId": "1889", "mtgjsonV4Id": "d9165907-7afc-51ff-a404-f90a17bf36f2", "mtgoFoilId": "9510", "mtgoId": "9509", "multiverseId": "4662", "scryfallCardBackId": "0aeebaf5-8c7d-4636-9e82-8c27447861f7", "scryfallId": "5d53f46f-b069-4b34-af4b-98143328c078", "scryfallIllustrationId": "01bbf230-a8d3-48e3-9512-603c6e26c739", "scryfallOracleId": "c0d3dfc0-1ff2-4ac3-98eb-32eaa5b84c05", "tcgplayerProductId": "5545"}, "isFoil": false, "keywords": ["Buyback"], "language": "English", "layout": "normal", "legalities": {"commander": "Legal", "duel": "Legal", "legacy": "Legal", "oathbreaker": "Legal", "pauper": "Legal", "paupercommander": "Legal", "predh": "Legal", "premodern": "Legal", "vintage": "Legal"}, "manaCost": "{2}{B}{B}", "manaValue": 4.0, "name": "Evincar's Justice", "number": "134", "originalText": "Buyback o3 (You may pay an additional o3 when you play this spell. If you do, put it into your hand instead of your graveyard as part of the spell's effect.)\nEvincar's Justice deals 2 damage to each creature and player.", "originalType": "Sorcery", "printings": ["CMA", "CMD", "PLST", "TMP", "TPR", "WC99"], "purchaseUrls": {"cardmarket": "https://mtgjson.com/links/ceec6119f12dcc66", "tcgplayer": "https://mtgjson.com/links/fe6a00219c216501"}, "rarity": "common", "setCode": "TMP", "sourceProducts": {"nonfoil": ["0d8d3786-a24e-5b81-8743-c57cb8fba8cf", "21b87b9c-d0f2-5a4b-aee7-163c9813a3aa", "4a57a3e3-c3ca-5acc-b474-e7a444414499", "96d0588c-79f4-53ac-bb27-23020e7d60a7", "9a7edb8e-79ea-5937-80f8-eaa52e581039"]}, "subtypes": [], "supertypes": [], "text": "Buyback {3} (You may pay an additional {3} as you cast this spell. If you do, put this card into your hand as it resolves.)\nEvincar's Justice deals 2 damage to each creature and each player.", "type": "Sorcery", "types": ["Sorcery"], "uuid": "5977cf32-9c29-51a9-b427-cd01a1b3d09c"}, {"artist": "Paolo Parente", "artistIds": ["d48dd097-720d-476a-8722-6a02854ae28b"], "availability": ["mtgo", "paper"], "boosterTypes": ["default"], "borderColor": "black", "colorIdentity": ["R"], "colors": ["R"], "convertedManaCost": 4.0, "count": 3, "edhrecRank": 22748, "edhrecSaltiness": 0.82, "finishes": ["nonfoil"], "foreignData": [{"identifiers": {"scryfallId": "8f3a7bc3-25f6-47b2-a703-633b2fe17b76"}, "language": "German", "name": "Schmelzsteinflut", "text": "Rückkauf -Zahle 3 Lebenspunkte, wirf eine zufällig bestimmte Karte aus Deiner Hand ab.\nZerstöre ein Land Deiner Wahl.", "type": "Hexerei"}, {"identifiers": {"scryfallId": "1e128b5a-09c6-459a-b190-ac820e9baf2e"}, "language": "Spanish", "name": "Inundación de piedra variable"}, {"identifiers": {"scryfallId": "62336b79-aab0-4194-b275-3134d284501f"}, "language": "French", "name": "Flot de fluipierre"}, {"identifiers": {"scryfallId": "2d701448-82b8-4baa-8ad9-f859cfb7ffe4"}, "language": "Italian", "name": "Inondazione di Mutaroccia"}, {"identifiers": {"scryfallId": "d190f453-0fdb-4154-9d67-78e3473aea17"}, "language": "Japanese", "name": "流動石の洪水"}, {"identifiers": {"scryfallId": "3533a0e8-f26a-48b2-bcd5-94d0216cccca"}, "language": "Portuguese (Brazil)", "name": "Inundacão de Rochafluente"}], "frameVersion": "1997", "hasFoil": false, "hasNonFoil": true, "identifiers": {"cardsphereId": "17205", "mcmId": "9311", "mcmMetaId": "2127", "mtgjsonV4Id": "0ceb69bb-860e-5c4e-88b3-a931d9aa9fa1", "mtgoFoilId": "10732", "mtgoId": "10731", "multiverseId": "6120", "scryfallCardBackId": "0aeebaf5-8c7d-4636-9e82-8c27447861f7", "scryfallId": "8bcda003-6fac-4879-87e6-ec0c115630ba", "scryfallIllustrationId": "bae93852-097c-41b8-b3e5-b8c4407981c6", "scryfallOracleId": "7f77de5d-1088-42d0-8f68-5633aeab0d74", "tcgplayerProductId": "4327"}, "isFoil": false, "keywords": ["Buyback"], "language": "English", "layout": "normal", "legalities": {"commander": "Legal", "duel": "Legal", "legacy": "Legal", "oathbreaker": "Legal", "predh": "Legal", "premodern": "Legal", "vintage": "Legal"}, "manaCost": "{3}{R}", "manaValue": 4.0, "name": "Flowstone Flood", "number": "83", "originalText": "Buyback—\nPay 3 life, Discard a card at random. (You may pay 3 life and discard a card at random in addition to any other costs when you play this spell. If you do, put Flowstone Flood into your hand instead of your graveyard as part of the spell's effect.)\nDestroy target land.", "originalType": "Sorcery", "printings": ["EXO", "WC99"], "purchaseUrls": {"cardmarket": "https://mtgjson.com/links/22157876f99ee3b4", "tcgplayer": "https://mtgjson.com/links/06ecda731a7c3dbf"}, "rarity": "uncommon", "rulings": [{"date": "2004-10-04", "text": "You can’t pay the Buyback cost unless you have at least one card in your hand to discard."}], "setCode": "EXO", "sourceProducts": {"nonfoil": ["7a001473-a0b3-52e5-a0a2-2c86ce098008", "9a7edb8e-79ea-5937-80f8-eaa52e581039"]}, "subtypes": [], "supertypes": [], "text": "Buyback—Pay 3 life, Discard a card at random. (You may pay 3 life and discard a card at random in addition to any other costs as you cast this spell. If you do, put this card into your hand as it resolves.)\nDestroy target land.", "type": "Sorcery", "types": ["Sorcery"], "uuid": "7cd6dfc0-26da-5719-a25d-8aa8fcbb205f"}, {"artist": "Jeff Miracola", "artistIds": ["9b465bde-3656-4495-ace4-af4ce29999ed"], "availability": ["mtgo", "paper"], "boosterTypes": ["default"], "borderColor": "black", "colorIdentity": ["B"], "colors": ["B"], "convertedManaCost": 2.0, "count": 1, "edhrecRank": 17574, "edhrecSaltiness": 0.19, "finishes": ["nonfoil"], "flavorText": "Any mogg will tell you there's nothing more nauseating than the smell of cute.", "foreignData": [{"identifiers": {"scryfallId": "bfd8fc3a-a94e-49c8-a556-a4d3f42975d9"}, "language": "German", "name": "Übelkeit", "text": "Alle Kreaturen erhalten -1/-1 bis zum Ende des Zuges.", "type": "Hexerei"}, {"identifiers": {"scryfallId": "daf4c0c8-66f9-4599-ab6f-7efd535a7a13"}, "language": "Spanish", "name": "Nausea"}, {"identifiers": {"scryfallId": "7c8cbfeb-c703-42d5-9497-6fb39eacce7c"}, "language": "French", "name": "Nausée"}, {"identifiers": {"scryfallId": "43e2321c-7d3b-4ae0-b4d7-8f24d353b17f"}, "language": "Italian", "name": "Nausea"}, {"identifiers": {"scryfallId": "cc527b6d-906f-4e50-80b5-78b1d5822d3c"}, "language": "Japanese", "name": "吐き気"}, {"identifiers": {"scryfallId": "25bf5858-d854-444f-8fd4-d4cfa4e0e04e"}, "language": "Portuguese (Brazil)", "name": "Náusea"}], "frameVersion": "1997", "hasFoil": false, "hasNonFoil": true, "identifiers": {"cardsphereId": "17235", "mcmId": "9295", "mcmMetaId": "3848", "mtgjsonV4Id": "daa64cda-9e8b-5d98-b99d-a74a8c2bf3e0", "mtgoFoilId": "10596", "mtgoId": "10595", "multiverseId": "6088", "scryfallCardBackId": "0aeebaf5-8c7d-4636-9e82-8c27447861f7", "scryfallId": "a10531d8-fc99-4a2b-94b0-97a25521d725", "scryfallIllustrationId": "cfc8f6b0-55f9-4057-8f4b-6b007a93b319", "scryfallOracleId": "2b8abae2-dd15-41ee-81ae-6a463723b43e", "tcgplayerProductId": "4357"}, "isFoil": false, "language": "English", "layout": "normal", "legalities": {"commander": "Legal", "duel": "Legal", "legacy": "Legal", "modern": "Legal", "oathbreaker": "Legal", "pauper": "Legal", "paupercommander": "Legal", "penny": "Legal", "predh": "Legal", "premodern": "Legal", "vintage": "Legal"}, "manaCost": "{1}{B}", "manaValue": 2.0, "name": "Nausea", "number": "67", "originalText": "All creatures get -1/-1 until end of turn.", "originalType": "Sorcery", "printings": ["7ED", "8ED", "EMA", "EXO"], "purchaseUrls": {"cardmarket": "https://mtgjson.com/links/0306fecf34411249", "tcgplayer": "https://mtgjson.com/links/53ad12c979d79048"}, "rarity": "common", "rulings": [{"date": "2016-06-08", "text": "All creatures on the battlefield when Nausea resolves are affected. Ones that enter the battlefield or become creatures later in the turn are not."}], "setCode": "EXO", "sourceProducts": {"nonfoil": ["7a001473-a0b3-52e5-a0a2-2c86ce098008", "9a7edb8e-79ea-5937-80f8-eaa52e581039"]}, "subtypes": [], "supertypes": [], "text": "All creatures get -1/-1 until end of turn.", "type": "Sorcery", "types": ["Sorcery"], "uuid": "23aa6a30-f7de-5168-9e71-d87aa6cfa6e7"}, {"artist": "Charles Gillespie", "artistIds": ["ec2c14ea-79eb-4c55-963f-c46f7cef1c22"], "availability": ["mtgo", "paper"], "boosterTypes": ["default"], "borderColor": "black", "colorIdentity": ["B"], "colors": ["B"], "convertedManaCost": 3.0, "count": 3, "edhrecRank": 19744, "edhrecSaltiness": 0.81, "finishes": ["nonfoil"], "flavorText": "\"These rains cannot quench; they carve the land's face like a scalpel on flesh.\"\n—Crovax", "foreignData": [{"identifiers": {"scryfallId": "533a9329-f5fc-4bbc-9947-b1be2b1bb20d"}, "language": "German", "name": "Tränenschauer", "text": "Zerstöre ein Land Deiner Wahl.", "type": "Hexerei"}, {"identifiers": {"scryfallId": "90f47f21-355c-4fa3-b98c-111e50ea3149"}, "language": "Spanish", "name": "Lluvia de lágrimas"}, {"identifiers": {"scryfallId": "08f07903-6edb-4a8e-bea3-d7302d14a7bb"}, "language": "French", "name": "Pluie de larmes"}, {"identifiers": {"scryfallId": "16ed5b89-ffb4-4065-87e3-46d0442953cf"}, "language": "Italian", "name": "Pioggia di Lacrime"}, {"identifiers": {"scryfallId": "d9b1aeab-e662-473e-95b3-47e523ad698e"}, "language": "Japanese", "name": "涙の雨"}, {"identifiers": {"scryfallId": "6bde99ee-000d-42a9-aa5a-d66b23a8e24f"}, "language": "Portuguese (Brazil)", "name": "Chuva de Lágrimas"}], "frameVersion": "1997", "hasFoil": false, "hasNonFoil": true, "identifiers": {"cardsphereId": "43296", "mcmId": "8778", "mcmMetaId": "4480", "mtgjsonV4Id": "d88079f9-7379-530e-b6f1-3f3fb7690dee", "mtgoFoilId": "9994", "mtgoId": "9993", "multiverseId": "4678", "scryfallCardBackId": "0aeebaf5-8c7d-4636-9e82-8c27447861f7", "scryfallId": "cad93919-273f-4a26-8ebd-13503dd6b220", "scryfallIllustrationId": "14be1dc2-b2ad-4650-8e9c-14575564a725", "scryfallOracleId": "72cecab3-519e-4a23-9623-b423a5c5a251", "tcgplayerProductId": "5678"}, "isFoil": false, "isReprint": true, "language": "English", "layout": "normal", "legalities": {"commander": "Legal", "duel": "Legal", "legacy": "Legal", "modern": "Legal", "oathbreaker": "Legal", "predh": "Legal", "premodern": "Legal", "vintage": "Legal"}, "manaCost": "{1}{B}{B}", "manaValue": 3.0, "name": "Rain of Tears", "number": "149", "originalText": "Destroy target land.", "originalType": "Sorcery", "printings": ["10E", "MMQ", "POR", "TMP"], "purchaseUrls": {"cardmarket": "https://mtgjson.com/links/a28c91953269eb33", "tcgplayer": "https://mtgjson.com/links/86c7ab1af10ffb1b"}, "rarity": "uncommon", "setCode": "TMP", "sourceProducts": {"nonfoil": ["21b87b9c-d0f2-5a4b-aee7-163c9813a3aa", "96d0588c-79f4-53ac-bb27-23020e7d60a7", "9a7edb8e-79ea-5937-80f8-eaa52e581039"]}, "subtypes": [], "supertypes": [], "text": "Destroy target land.", "type": "Sorcery", "types": ["Sorcery"], "uuid": "d6d167eb-eef8-5e90-9300-2a1820520f80"}, {"artist": "Christopher Rush", "artistIds": ["c96773f0-346c-4f7d-9271-2d98cc5d86e1"], "availability": ["mtgo", "paper"], "boosterTypes": ["default"], "borderColor": "black", "colorIdentity": ["R"], "colors": ["R"], "convertedManaCost": 3.0, "count": 4, "edhrecRank": 11761, "edhrecSaltiness": 1.36, "finishes": ["nonfoil"], "flavorText": "\"The land shall beg for drink and curse the rain that follows.\"\n—Oracle *en*-Vec", "foreignData": [{"identifiers": {"scryfallId": "8df25ddd-143a-41f3-a003-fa948565fd2d"}, "language": "German", "name": "Steinhagel", "text": "Zerstöre ein Land Deiner Wahl.", "type": "Hexerei"}, {"identifiers": {"scryfallId": "a79acb92-5524-413c-ac42-55dbbdfa2e84"}, "language": "Spanish", "name": "Lluvia de piedras"}, {"identifiers": {"scryfallId": "95c53b3f-e3c2-48bd-a456-b2dd41708c48"}, "language": "French", "name": "Pluie de pierres"}, {"identifiers": {"scryfallId": "a17cdd63-7d2a-4cf6-b8e1-72d0998423e3"}, "language": "Italian", "name": "Pioggia di Pietre"}, {"identifiers": {"scryfallId": "a8f893a7-4f37-489d-bde7-b61f847ad1c8"}, "language": "Japanese", "name": "石の雨"}, {"identifiers": {"scryfallId": "cb6257bd-ac80-4b8f-8c8f-a5e566bcb034"}, "language": "Portuguese (Brazil)", "name": "Chuva de Pedras"}], "frameVersion": "1997", "hasFoil": false, "hasNonFoil": true, "identifiers": {"cardsphereId": "43373", "mcmId": "8941", "mcmMetaId": "5627", "mtgjsonV4Id": "a77fb695-ef6a-554e-b69d-981b337224ad", "mtgoFoilId": "9584", "mtgoId": "9583", "multiverseId": "4850", "scryfallCardBackId": "0aeebaf5-8c7d-4636-9e82-8c27447861f7", "scryfallId": "f92548d9-cba6-495f-bef1-73e4519fe336", "scryfallIllustrationId": "4ac9b285-6668-4e76-98d6-dfe03001fad0", "scryfallOracleId": "6e880df6-fc00-43d2-a9c8-f575f40b78c6", "tcgplayerProductId": "5755"}, "isFoil": false, "isReprint": true, "language": "English", "layout": "normal", "legalities": {"brawl": "Legal", "commander": "Legal", "duel": "Legal", "gladiator": "Legal", "historic": "Legal", "legacy": "Legal", "modern": "Legal", "oathbreaker": "Legal", "pauper": "Legal", "paupercommander": "Legal", "predh": "Legal", "premodern": "Legal", "timeless": "Legal", "vintage": "Legal"}, "manaCost": "{2}{R}", "manaValue": 3.0, "name": "Stone Rain", "number": "206", "originalText": "Destroy target land.", "originalType": "Sorcery", "printings": ["2ED", "30A", "3ED", "4BB", "4ED", "5ED", "6ED", "7ED", "8ED", "9ED", "CED", "CEI", "CHK", "FBB", "FNM", "ICE", "LEA", "LEB", "MIR", "MMQ", "P02", "PLST", "POR", "PRM", "PTK", "S99", "STA", "SUM", "TMP", "WC00", "WC99"], "purchaseUrls": {"cardmarket": "https://mtgjson.com/links/33f465b546360aea", "tcgplayer": "https://mtgjson.com/links/4d9280161b26c008"}, "rarity": "common", "setCode": "TMP", "sourceProducts": {"nonfoil": ["21b87b9c-d0f2-5a4b-aee7-163c9813a3aa", "96d0588c-79f4-53ac-bb27-23020e7d60a7", "9a7edb8e-79ea-5937-80f8-eaa52e581039"]}, "subtypes": [], "supertypes": [], "text": "Destroy target land.", "type": "Sorcery", "types": ["Sorcery"], "uuid": "b3befb02-6b2c-5b30-abe7-4faef0181702"}], "name": "Groundbreaker - Basic Deck", "releaseDate": "1998-06-15", "sealedProductUuids": null, "sideBoard": [], "type": "Theme Deck"}}