{"meta": {"date": "2024-09-03", "version": "5.2.2+20240903"}, "data": {"code": "JMP", "commander": [], "mainBoard": [{"artist": "Steve Argyle", "artistIds": ["a44ddda4-5331-4f83-aac9-3e00ed36bd7b"], "availability": ["arena", "paper"], "boosterTypes": ["default"], "borderColor": "black", "colorIdentity": ["W"], "colors": ["W"], "convertedManaCost": 5.0, "count": 1, "edhrecRank": 12939, "finishes": ["nonfoil"], "flavorText": "\"Bant's most gallant knights wear my sigil, and for that I am humbled.\"", "foreignData": [], "frameVersion": "2015", "hasFoil": false, "hasNonFoil": true, "identifiers": {"cardsphereId": "68580", "mcmId": "473629", "mcmMetaId": "220200", "mtgArenaId": "72190", "mtgjsonV4Id": "064cf7bc-9e3a-5207-a4f1-c35768765aa5", "multiverseId": "489612", "scryfallCardBackId": "0aeebaf5-8c7d-4636-9e82-8c27447861f7", "scryfallId": "12f43272-6681-41dd-8bfd-d18cc68171c1", "scryfallIllustrationId": "1b53508f-2bce-410f-b0e3-8b6e583885d2", "scryfallOracleId": "4d36ea21-e8cb-442d-ba3f-c399289ac208", "tcgplayerProductId": "216268"}, "isFoil": false, "isReprint": true, "keywords": ["Flying"], "language": "English", "layout": "normal", "legalities": {"brawl": "Legal", "commander": "Legal", "duel": "Legal", "explorer": "Legal", "gladiator": "Legal", "historic": "Legal", "legacy": "Legal", "modern": "Legal", "oathbreaker": "Legal", "paupercommander": "Restricted", "pioneer": "Legal", "timeless": "Legal", "vintage": "Legal"}, "manaCost": "{3}{W}{W}", "manaValue": 5.0, "name": "Patron of the Valiant", "number": "128", "power": "4", "printings": ["CMR", "GN2", "JMP", "ORI"], "purchaseUrls": {"cardmarket": "https://mtgjson.com/links/e235aa26d5018894", "tcgplayer": "https://mtgjson.com/links/d4dc3d828811a6eb"}, "rarity": "uncommon", "setCode": "JMP", "sourceProducts": {"nonfoil": ["ca9092e8-a921-5e37-ab9d-4b0f76bb0d01"]}, "subtypes": ["Angel"], "supertypes": [], "text": "Flying\nWhen Patron of the Valiant enters, put a +1/+1 counter on each creature you control with a +1/+1 counter on it.", "toughness": "4", "type": "Creature — Angel", "types": ["Creature"], "uuid": "4bdaf4f3-8f64-506a-8032-6d9bcefa5f04"}, {"artist": "Victor Adame Minguez", "artistIds": ["bd8f7368-5b10-4554-b6b8-d052c6aca89f"], "availability": ["arena", "paper"], "boosterTypes": ["default"], "borderColor": "black", "colorIdentity": ["W"], "colors": ["W"], "convertedManaCost": 6.0, "count": 1, "edhrecRank": 20428, "finishes": ["nonfoil"], "flavorText": "\"Where did *she* come from? More importantly, are there more like her?\"\n—Gideon Jura", "foreignData": [], "frameVersion": "2015", "hasFoil": false, "hasNonFoil": true, "identifiers": {"cardsphereId": "68712", "mcmId": "474234", "mcmMetaId": "269358", "mtgArenaId": "72155", "mtgjsonV4Id": "cddaf1ff-121a-5362-a2d1-3fb88035daa5", "multiverseId": "489577", "scryfallCardBackId": "0aeebaf5-8c7d-4636-9e82-8c27447861f7", "scryfallId": "5104d4fe-4c20-4106-b405-a2b35140c942", "scryfallIllustrationId": "8a5e0840-5c98-49bb-bd3e-fa648158edb9", "scryfallOracleId": "f606bd15-b380-447f-b147-72f811266593", "tcgplayerProductId": "216547"}, "isFoil": false, "isReprint": true, "language": "English", "layout": "normal", "legalities": {"brawl": "Legal", "commander": "Legal", "duel": "Legal", "explorer": "Legal", "gladiator": "Legal", "historic": "Legal", "legacy": "Legal", "modern": "Legal", "oathbreaker": "Legal", "pauper": "Legal", "paupercommander": "Legal", "pioneer": "Legal", "timeless": "Legal", "vintage": "Legal"}, "manaCost": "{5}{W}", "manaValue": 6.0, "name": "Bulwark Giant", "number": "93", "power": "3", "printings": ["JMP", "PLST", "RVR", "WAR"], "purchaseUrls": {"cardmarket": "https://mtgjson.com/links/a3c1a426d6babf64", "tcgplayer": "https://mtgjson.com/links/f8499c7b78a4ff97"}, "rarity": "common", "setCode": "JMP", "sourceProducts": {"nonfoil": ["ca9092e8-a921-5e37-ab9d-4b0f76bb0d01"]}, "subtypes": ["Giant", "Soldier"], "supertypes": [], "text": "When Bulwark Giant enters, you gain 5 life.", "toughness": "6", "type": "Creature — Giant Soldier", "types": ["Creature"], "uuid": "cdbd962c-d0d0-5155-b8f5-dc86ded4efdc"}, {"artist": "Ralph Horsley", "artistIds": ["a51444a8-eb4b-4615-a663-d1d418591ccb"], "availability": ["arena", "mtgo", "paper"], "boosterTypes": ["default"], "borderColor": "black", "colorIdentity": ["W"], "colors": ["W"], "convertedManaCost": 4.0, "count": 1, "edhrecRank": 10014, "finishes": ["nonfoil"], "flavorText": "Wipe away the slobber and it's as good as new, give or take a few bite marks.", "foreignData": [], "frameVersion": "2015", "hasFoil": false, "hasNonFoil": true, "identifiers": {"cardsphereId": "68331", "mcmId": "472654", "mcmMetaId": "308484", "mtgArenaId": "72111", "mtgjsonV4Id": "17fcf2fc-24f2-5011-90fa-412b68c93b1e", "mtgoId": "81763", "multiverseId": "489175", "scryfallCardBackId": "0aeebaf5-8c7d-4636-9e82-8c27447861f7", "scryfallId": "ab4eb490-acd0-4162-8e8a-7e7ff003d0f3", "scryfallIllustrationId": "9667b2bd-61b0-4166-9e4e-1329a12169e4", "scryfallOracleId": "06a2a50d-f54f-4eb7-9cf8-ce37d802794a", "tcgplayerProductId": "216015"}, "isFoil": false, "language": "English", "layout": "normal", "legalities": {"brawl": "Legal", "commander": "Legal", "duel": "Legal", "gladiator": "Legal", "historic": "Legal", "legacy": "Legal", "oathbreaker": "Legal", "pauper": "Legal", "paupercommander": "Legal", "timeless": "Legal", "vintage": "Legal"}, "manaCost": "{3}{W}", "manaValue": 4.0, "name": "Trusty Retriever", "number": "8", "power": "2", "printings": ["JMP"], "purchaseUrls": {"cardmarket": "https://mtgjson.com/links/3bf268132b323f89", "tcgplayer": "https://mtgjson.com/links/c9283e9d1e17b809"}, "rarity": "common", "setCode": "JMP", "sourceProducts": {"nonfoil": ["ca9092e8-a921-5e37-ab9d-4b0f76bb0d01"]}, "subtypes": ["Dog"], "supertypes": [], "text": "When Trusty Retriever enters, choose one —\n• Put a +1/+1 counter on Trusty Retriever.\n• Return target artifact or enchantment card from your graveyard to your hand.", "toughness": "3", "type": "Creature — Dog", "types": ["Creature"], "uuid": "3c9345f4-6f88-5c82-8931-5d482bdde9f9"}, {"artist": "Winona Nelson", "artistIds": ["e45fe8d3-75d6-42c9-a2df-e945ad81ea27"], "availability": ["arena", "paper"], "boosterTypes": ["default"], "borderColor": "black", "colorIdentity": ["W"], "colors": ["W"], "convertedManaCost": 2.0, "count": 1, "edhrecRank": 23641, "finishes": ["nonfoil"], "flavorText": "\"The greatest gift Dromoka gives is the ability to fly without wings.\"\n—Urdnan, Dromoka warrior", "foreignData": [], "frameVersion": "2015", "hasFoil": false, "hasNonFoil": true, "identifiers": {"cardsphereId": "68562", "mcmId": "473624", "mcmMetaId": "211261", "mtgArenaId": "72180", "mtgjsonV4Id": "2dc1c543-aa83-5c9c-8c7a-601517146d14", "multiverseId": "489602", "scryfallCardBackId": "0aeebaf5-8c7d-4636-9e82-8c27447861f7", "scryfallId": "64cfd373-148d-4073-8867-3d9ccae20fd1", "scryfallIllustrationId": "234e3ac9-9a50-4b10-80a9-75f3c018c230", "scryfallOracleId": "6f4848d4-a5dc-4c71-955c-ad2b1cbb7ede", "tcgplayerProductId": "216265"}, "isFoil": false, "isReprint": true, "language": "English", "layout": "normal", "legalities": {"brawl": "Legal", "commander": "Legal", "duel": "Legal", "explorer": "Legal", "gladiator": "Legal", "historic": "Legal", "legacy": "Legal", "modern": "Legal", "oathbreaker": "Legal", "pauper": "Legal", "paupercommander": "Legal", "penny": "Legal", "pioneer": "Legal", "timeless": "Legal", "vintage": "Legal"}, "manaCost": "{1}{W}", "manaValue": 2.0, "name": "Lightwalker", "number": "118", "power": "2", "printings": ["BBD", "DTK", "JMP", "PLST"], "purchaseUrls": {"cardmarket": "https://mtgjson.com/links/7c2a889cdb6e4a30", "tcgplayer": "https://mtgjson.com/links/124f10484c3e0240"}, "rarity": "common", "setCode": "JMP", "sourceProducts": {"nonfoil": ["ca9092e8-a921-5e37-ab9d-4b0f76bb0d01"]}, "subtypes": ["Human", "Warrior"], "supertypes": [], "text": "Lightwalker has flying as long as it has a +1/+1 counter on it.", "toughness": "1", "type": "Creature — Human Warrior", "types": ["Creature"], "uuid": "929df165-cac5-5580-9a54-5819bd930b24"}, {"artist": "Izzy", "artistIds": ["2c3d2473-ff5d-4309-8194-e0b2def2ab65"], "availability": ["arena", "mtgo", "paper"], "boosterTypes": ["default"], "borderColor": "black", "colorIdentity": ["W"], "colors": ["W"], "convertedManaCost": 2.0, "count": 1, "edhrecRank": 17628, "finishes": ["nonfoil", "foil"], "flavorText": "\"I've been carrying a sword since before you were born. I wouldn't give up my oath for all the peace and comfort in the world.\"", "foreignData": [{"flavorText": "„Ich trage mein Schwert bereits länger als du lebst. Ich würde meinen Eid für keinen Frieden oder Komfort in der Welt aufgeben.\"", "identifiers": {"multiverseId": "485623", "scryfallId": "020c5acd-150a-4b6f-86bc-9074faddc439"}, "language": "German", "multiverseId": 485623, "name": "Gehärtete Veteranin", "text": "{W}, {T}: Lege eine +1/+1-Marke auf eine Kreatur deiner Wahl, auf der mindestens eine +1/+1-Marke liegt.\n{4}{W}{W}, {T}: Lege eine +1/+1-Marke auf eine Kreatur deiner Wahl.", "type": "Kreatur — Mensch, Ritter"}, {"flavorText": "\"Llevo blandiendo una espada desde antes de que nacieras. No rompería mi juramento ni por toda la paz y consuelo del mundo\".", "identifiers": {"multiverseId": "485882", "scryfallId": "2581cd0c-dcc0-45b9-8452-0c6146d4a332"}, "language": "Spanish", "multiverseId": 485882, "name": "Veterana templada", "text": "{W}, {T}: Pon un contador +1/+1 sobre la criatura objetivo con un contador +1/+1 sobre ella.\n{4}{W}{W}, {T}: Pon un contador +1/+1 sobre la criatura objetivo.", "type": "Criatura — Caballero humano"}, {"flavorText": "« Je portais déjà une épée avant ta naissance. Je ne romprais mon serment pour rien au monde, pas même pour la paix et le confort. »", "identifiers": {"multiverseId": "486141", "scryfallId": "9b536fc3-2423-4dfd-b275-9e9deabcaf6e"}, "language": "French", "multiverseId": 486141, "name": "Vétérane irascible", "text": "{W}, {T} : Mettez un marqueur +1/+1 sur une créature ciblée avec un marqueur +1/+1 sur elle.\n{4}{W}{W}, {T} : Mettez un marqueur +1/+1 sur la créature ciblée.", "type": "Créature : humain et chevalier"}, {"flavorText": "\"Brandisco la spada da ben prima della tua nascita. Non rinuncerei al mio giuramento nemmeno per tutta la serenità e il benessere del mondo.\"", "identifiers": {"multiverseId": "486400", "scryfallId": "34c81ca7-3107-44e2-8347-10cbcba68ce5"}, "language": "Italian", "multiverseId": 486400, "name": "Veterana Temprata", "text": "{W}, {T}: Metti un segnalino +1/+1 su una creatura bersaglio con un segnalino +1/+1.\n{4}{W}{W}, {T}: Metti un segnalino +1/+1 su una creatura bersaglio.", "type": "Creatura — Cavaliere Umano"}, {"flavorText": "「こっちはね、あんたが生まれる前からずっと剣を持ち歩いてるのよ。世界に平和と安心をもたらすと誓ったからには諦めないわ。」", "identifiers": {"multiverseId": "486659", "scryfallId": "0c2b903d-204f-44d6-8c35-dbfa8d12ccae"}, "language": "Japanese", "multiverseId": 486659, "name": "鍛え抜かれた古参兵", "text": "{W}, {T}：＋１/＋１カウンターが置かれているクリーチャー１体を対象とし、それの上に＋１/＋１カウンターを１個置く。\n{4}{W}{W}, {T}：クリーチャー１体を対象とし、それの上に＋１/＋１カウンターを１個置く。", "type": "クリーチャー — 人間・騎士"}, {"flavorText": "\"난 네가 태어나기 전부터 검을 지니고 다녔지. 이 세상의 어떤 평화와 안식에도 내 맹세를 저버리지는 않을 거야.\"", "identifiers": {"multiverseId": "486918", "scryfallId": "172f7f24-0b87-4975-873e-818a3d67775f"}, "language": "Korean", "multiverseId": 486918, "name": "단련된 숙련병", "text": "{W}, {T}: +1/+1 카운터를 가지고 있는 생물을 목표로 정한다. 그 생물에 +1/+1 카운터 한 개를 올려놓는다.\n{4}{W}{W}, {T}: 생물을 목표로 정한다. 그 생물에 +1/+1 카운터 한 개를 올려놓는다.", "type": "생물 — 인간 기사"}, {"flavorText": "\"Eu carrego uma espada desde antes de você nascer. Eu não largaria os meus votos, nem por toda a paz e conforto do mundo.\"", "identifiers": {"multiverseId": "487177", "scryfallId": "433873da-ef6f-4a89-8ee5-74008bd2b7e5"}, "language": "Portuguese (Brazil)", "multiverseId": 487177, "name": "Veterana Temperada", "text": "{W}, {T}: Coloque um marcador +1/+1 na criatura alvo com um marcador +1/+1.\n{4}{W}{W}, {T}: Coloque um marcador +1/+1 na criatura alvo.", "type": "Criatura — Humano Cavaleiro"}, {"flavorText": "«Я носила меч еще до того, как ты родился. Никакой покой и уют не заставят меня отказаться от своей клятвы».", "identifiers": {"multiverseId": "487436", "scryfallId": "7d5268b9-0376-4189-8c32-541807ba2e14"}, "language": "Russian", "multiverseId": 487436, "name": "Закаленный Ветеран", "text": "{W}, {T}: положите один жетон +1/+1 на целевое существо с жетоном +1/+1 на нем.\n{4}{W}{W}, {T}: положите один жетон +1/+1 на целевое существо.", "type": "Существо — Человек Рыцарь"}, {"flavorText": "「在你出世之前，我已佩剑征战四方。就算你拿全世界最安逸的生活来引诱我，我也不会背弃誓言。」", "identifiers": {"multiverseId": "487695", "scryfallId": "b050be26-581e-4e68-84da-6b610ed0cd2f"}, "language": "Chinese Simplified", "multiverseId": 487695, "name": "蓄势老兵", "text": "{W}，{T}：在目标其上有+1/+1指示物的生物上放置一个+1/+1指示物。\n{4}{W}{W}，{T}：在目标生物上放置一个+1/+1指示物。", "type": "生物 ～人类／骑士"}, {"flavorText": "「在你出世之前，我已佩劍征戰四方。就算你拿全世界最安逸的生活來引誘我，我也不會背棄誓言。」", "identifiers": {"multiverseId": "487954", "scryfallId": "c9e2e44c-5d51-4b66-991a-5867b23b2a4e"}, "language": "Chinese Traditional", "multiverseId": 487954, "name": "蓄勢老兵", "text": "{W}，{T}：在目標其上有+1/+1指示物的生物上放置一個+1/+1指示物。\n{4}{W}{W}，{T}：在目標生物上放置一個+1/+1指示物。", "type": "生物 ～人類／騎士"}], "frameVersion": "2015", "hasFoil": true, "hasNonFoil": true, "identifiers": {"cardsphereFoilId": "68122", "cardsphereId": "67739", "mcmId": "470199", "mcmMetaId": "307769", "mtgArenaId": "71823", "mtgjsonV4Id": "6a12138d-7e40-5fae-91fc-604ce065d0e2", "mtgoId": "81309", "multiverseId": "485364", "scryfallCardBackId": "0aeebaf5-8c7d-4636-9e82-8c27447861f7", "scryfallId": "3b43d7bc-173c-41eb-bba9-a9d94dcfc5fa", "scryfallIllustrationId": "0c3f361c-ea6f-4670-bd34-deaddf34c779", "scryfallOracleId": "c19f3f00-2c7b-4e85-a034-e65760d9cc13", "tcgplayerProductId": "215630"}, "isFoil": false, "language": "English", "layout": "normal", "legalities": {"brawl": "Legal", "commander": "Legal", "duel": "Legal", "explorer": "Legal", "gladiator": "Legal", "historic": "Legal", "legacy": "Legal", "modern": "Legal", "oathbreaker": "Legal", "paupercommander": "Restricted", "penny": "Legal", "pioneer": "Legal", "timeless": "Legal", "vintage": "Legal"}, "manaCost": "{1}{W}", "manaValue": 2.0, "name": "Tempered Veteran", "number": "41", "originalText": "{W}, {T}: Put a +1/+1 counter on target creature with a +1/+1 counter on it.\n{4}{W}{W}, {T}: Put a +1/+1 counter on target creature.", "originalType": "Creature — Human Knight", "power": "1", "printings": ["J22", "M21"], "purchaseUrls": {"cardmarket": "https://mtgjson.com/links/c3d0aa5e88fc5ba9", "tcgplayer": "https://mtgjson.com/links/35b12ab683f6c883"}, "rarity": "uncommon", "setCode": "M21", "sourceProducts": {"foil": ["547f7fe8-5bf3-5b1f-b7d5-2348edfeb15f", "61ee3ba9-54d4-55e6-8c49-3977d922f30e"], "nonfoil": ["1f778b30-fced-5a87-8b15-bd8d8f629a27", "61ee3ba9-54d4-55e6-8c49-3977d922f30e", "ca9092e8-a921-5e37-ab9d-4b0f76bb0d01"]}, "subtypes": ["Human", "Knight"], "supertypes": [], "text": "{W}, {T}: Put a +1/+1 counter on target creature with a +1/+1 counter on it.\n{4}{W}{W}, {T}: Put a +1/+1 counter on target creature.", "toughness": "2", "type": "Creature — Human Knight", "types": ["Creature"], "uuid": "9a2bd06a-61cf-56c1-96b7-784f5eda2663"}, {"artist": "Zoltan Boros", "artistIds": ["1885e6cb-c827-4896-994e-3d0a027d602f"], "availability": ["arena", "mtgo", "paper"], "boosterTypes": ["default"], "borderColor": "black", "colorIdentity": ["W"], "colors": ["W"], "convertedManaCost": 3.0, "count": 1, "edhrecRank": 19160, "edhrecSaltiness": 0.25, "finishes": ["nonfoil", "foil"], "foreignData": [{"identifiers": {"multiverseId": "485619", "scryfallId": "f83f35cc-1527-42f6-9919-8780c6ce2150"}, "language": "German", "multiverseId": 485619, "name": "Belagerungskämpfer", "text": "Doppelschlag (Diese Kreatur fügt sowohl Erstschlags- als auch normalen Kampfschaden zu.)\nImmer wenn der Belagerungskämpfer angreift, kannst du eine beliebige Anzahl ungetappter Kreaturen, die du kontrollierst, tappen. Der Belagerungskämpfer erhält für jede auf diese Weise getappte Kreatur +1/+1 bis zum Ende des Zuges.", "type": "Kreatur — Mensch, Soldat"}, {"identifiers": {"multiverseId": "485878", "scryfallId": "d3e0e09e-5ed7-4537-b6f5-442fbdd20edd"}, "language": "Spanish", "multiverseId": 485878, "name": "Luchador de asedio", "text": "Daña dos veces. (Esta criatura daña primero y también hace daño de combate normal.)\nSiempre que el Luchador de asedio ataque, puedes girar cualquier cantidad de criaturas enderezadas que controlas. El Luchador de asedio obtiene +1/+1 hasta el final del turno por cada criatura girada de esta manera.", "type": "Criatura — Soldado humano"}, {"identifiers": {"multiverseId": "486137", "scryfallId": "500a799d-1294-4c46-aad5-ac26b94d7450"}, "language": "French", "multiverseId": 486137, "name": "Frappeur de siège", "text": "Double initiative (Cette créature inflige des blessures de combat d'initiative et des blessures de combat normales.)\nÀ chaque fois que le Frappeur de siège attaque, vous pouvez engager n'importe quel nombre de créatures dégagées que vous contrôlez. Le Frappeur de siège gagne +1/+1 jusqu'à la fin du tour pour chaque créature engagée de cette manière.", "type": "Créature : humain et soldat"}, {"identifiers": {"multiverseId": "486396", "scryfallId": "57bba61c-1065-4efa-9299-067f72d12384"}, "language": "Italian", "multiverseId": 486396, "name": "Incursore da Assedio", "text": "Doppio attacco (Questa creatura infligge sia danno da combattimento da attacco improvviso che danno da combattimento regolare.)\nOgniqualvolta l'Incursore da Assedio attacca, puoi TAPpare un qualsiasi numero di creature STAPpate che controlli. L'Incursore da Assedio prende +1/+1 fino alla fine del turno per ogni creatura TAPpata in questo modo.", "type": "Creatura — Soldato Umano"}, {"identifiers": {"multiverseId": "486655", "scryfallId": "9c7712d1-759d-467b-a1d6-03511cb1c501"}, "language": "Japanese", "multiverseId": 486655, "name": "包囲戦の打撃者", "text": "二段攻撃（このクリーチャーは先制攻撃と通常の戦闘ダメージの両方を与える。）\n包囲戦の打撃者が攻撃するたび、あなたはあなたがコントロールしているアンタップ状態の望む数のクリーチャーをタップしてもよい。ターン終了時まで、包囲戦の打撃者は、これによりタップしたクリーチャー１体につき＋１/＋１の修整を受ける。", "type": "クリーチャー — 人間・兵士"}, {"identifiers": {"multiverseId": "486914", "scryfallId": "f82a3cb1-a2bf-41d1-b1aa-4f503943652f"}, "language": "Korean", "multiverseId": 486914, "name": "공성 타격수", "text": "이단공격 (이 생물은 선제공격 전투피해와 일반 전투피해를 둘 다 입힌다.)\n공성 타격수가 공격할 때마다, 당신은 당신이 조종하는 언탭된 생물들을 원하는 수만큼 탭할 수 있다. 공성 타격수는 이런 식으로 탭한 생물 한 개당 턴종료까지 +1/+1을 받는다.", "type": "생물 — 인간 병사"}, {"identifiers": {"multiverseId": "487173", "scryfallId": "963bc8bd-3c5d-4204-b2a2-406649cba2ae"}, "language": "Portuguese (Brazil)", "multiverseId": 487173, "name": "Golpeador de Cerco", "text": "Golpe duplo (Esta criatura causa tanto o dano de iniciativa quanto o de combate normal.)\nToda vez que Golpeador de Cerco ataca, você pode virar qualquer número de criaturas desviradas que você controla. Golpeador de Cerco recebe +1/+1 até o final do turno para cada criatura virada dessa forma.", "type": "Criatura — Humano Soldado"}, {"identifiers": {"multiverseId": "487432", "scryfallId": "d80cbe14-3c9a-4e92-886d-eb6a7def6ffa"}, "language": "Russian", "multiverseId": 487432, "name": "Осадный Штурмовик", "text": "Двойной удар (Это существо наносит боевые повреждения как на этапе Первого удара, так и на этапе обычных повреждений.)\nКаждый раз, когда Осадный Штурмовик атакует, вы можете повернуть любое количество неповернутых существ под вашим контролем. Осадный Штурмовик получает +1/+1 до конца хода за каждое существо, повернутое таким образом.", "type": "Существо — Человек Солдат"}, {"identifiers": {"multiverseId": "487691", "scryfallId": "fa8828cc-36c2-4734-948f-271fc44f2919"}, "language": "Chinese Simplified", "multiverseId": 487691, "name": "攻城进击兵", "text": "连击（此生物能造成先攻伤害以及普通战斗伤害。）\n每当攻城进击兵攻击时，你可以横置任意数量由你操控且未横置的生物。每以此法横置一个生物，攻城进击兵便得+1/+1直到回合结束。", "type": "生物 ～人类／士兵"}, {"identifiers": {"multiverseId": "487950", "scryfallId": "c4a0971b-6c7f-48b4-9502-ea2a817d0214"}, "language": "Chinese Traditional", "multiverseId": 487950, "name": "攻城進擊兵", "text": "連擊（此生物能造成先攻傷害以及普通戰鬥傷害。）\n每當攻城進擊兵攻擊時，你可以橫置任意數量由你操控且未橫置的生物。每以此法橫置一個生物，攻城進擊兵便得+1/+1直到回合結束。", "type": "生物 ～人類／士兵"}], "frameVersion": "2015", "hasFoil": true, "hasNonFoil": true, "identifiers": {"cardsphereFoilId": "68091", "cardsphereId": "67686", "mcmId": "468169", "mcmMetaId": "307244", "mtgArenaId": "71819", "mtgjsonV4Id": "7d600af6-2487-5317-ad34-fb06beffcbc3", "mtgoId": "81301", "multiverseId": "485360", "scryfallCardBackId": "0aeebaf5-8c7d-4636-9e82-8c27447861f7", "scryfallId": "7a0ffa89-e6ee-466c-8edc-dd24c8b52e80", "scryfallIllustrationId": "28bbdd90-4693-42c2-b3a6-0900348d4ca5", "scryfallOracleId": "12dd664c-a279-4adc-b6cb-bec22eedca5c", "tcgplayerProductId": "215581"}, "isFoil": false, "keywords": ["Double strike"], "language": "English", "layout": "normal", "legalities": {"brawl": "Legal", "commander": "Legal", "duel": "Legal", "explorer": "Legal", "gladiator": "Legal", "historic": "Legal", "legacy": "Legal", "modern": "Legal", "oathbreaker": "Legal", "paupercommander": "Restricted", "penny": "Legal", "pioneer": "Legal", "timeless": "Legal", "vintage": "Legal"}, "manaCost": "{2}{W}", "manaValue": 3.0, "name": "Siege Striker", "number": "37", "originalText": "Double strike (This creature deals both first-strike and regular combat damage.)\nWhenever Siege Striker attacks, you may tap any number of untapped creatures you control. Siege Striker gets +1/+1 until end of turn for each creature tapped this way.", "originalType": "Creature — Human Soldier", "power": "1", "printings": ["M21"], "purchaseUrls": {"cardmarket": "https://mtgjson.com/links/d6900a56ceade4ad", "tcgplayer": "https://mtgjson.com/links/3e44f85bed4678ae"}, "rarity": "uncommon", "rulings": [{"date": "2020-06-23", "text": "If Siege Striker gains vigilance and attacks or attacks and becomes untapped before its last ability resolves, it can be tapped for its own ability."}, {"date": "2020-06-23", "text": "If an attacking creature with vigilance is tapped for Siege Striker's ability, that creature remains an attacking creature."}, {"date": "2020-06-23", "text": "Once Siege Striker's ability has resolved, it keeps the power-and-toughness bonus even if some of the tapped creatures leave the battlefield or become untapped."}, {"date": "2020-06-23", "text": "You choose how many and which creatures to tap while Siege Striker's ability is resolving. No player may take other actions between the time you make this choice and the time Siege Striker's power and toughness are raised."}], "setCode": "M21", "sourceProducts": {"foil": ["547f7fe8-5bf3-5b1f-b7d5-2348edfeb15f", "61ee3ba9-54d4-55e6-8c49-3977d922f30e"], "nonfoil": ["61ee3ba9-54d4-55e6-8c49-3977d922f30e", "ca9092e8-a921-5e37-ab9d-4b0f76bb0d01"]}, "subtypes": ["Human", "Soldier"], "supertypes": [], "text": "Double strike (This creature deals both first-strike and regular combat damage.)\nWhenever Siege Striker attacks, you may tap any number of untapped creatures you control. Siege Striker gets +1/+1 until end of turn for each creature tapped this way.", "toughness": "1", "type": "Creature — Human Soldier", "types": ["Creature"], "uuid": "3d2d2145-2a21-50aa-b288-11f2b6df3544"}, {"artist": "Zoltan Boros", "artistIds": ["1885e6cb-c827-4896-994e-3d0a027d602f"], "availability": ["arena", "mtgo", "paper"], "boosterTypes": ["default"], "borderColor": "black", "colorIdentity": ["W"], "colors": ["W"], "convertedManaCost": 3.0, "count": 1, "edhrecRank": 18350, "finishes": ["nonfoil", "foil"], "flavorText": "Their ranks are thin, their formation is improvised, their weapons are borrowed, and you'd best get out of their way.", "foreignData": [{"flavorText": "Ihre Reihen sind licht, die Formation improvisiert, die Waffen nur geborgt — aber du solltest ihnen nicht in die Quere kommen.", "identifiers": {"multiverseId": "485608", "scryfallId": "4e9d4a35-0082-4767-9d30-2463b857d973"}, "language": "German", "multiverseId": 485608, "name": "Zusammengewürfeltes Bataillon", "text": "Immer wenn das Zusammengewürfelte Bataillon und mindestens zwei andere Kreaturen angreifen, lege eine +1/+1-Marke auf das Zusammengewürfelte Bataillon.", "type": "Kreatur — Mensch, Soldat"}, {"flavorText": "Tienen pocos miembros entre sus filas, su formación deja que desear y sus armas son prestadas..., pero será mejor que no te interpongas en su camino.", "identifiers": {"multiverseId": "485867", "scryfallId": "ea03db4e-07f1-4b5f-9521-4d7e69406587"}, "language": "Spanish", "multiverseId": 485867, "name": "Batallón improvisado", "text": "Siempre que el Batallón improvisado y al menos otras dos criaturas ataquen, pon un contador +1/+1 sobre el Batallón improvisado.", "type": "Criatura — Soldado humano"}, {"flavorText": "Ils ont des rangs serrés, une formation improvisée, des armes de fortune, et vous feriez mieux de leur laisser le passage.", "identifiers": {"multiverseId": "486126", "scryfallId": "f1e25462-aa5a-47d9-a421-731b2aedf0c2"}, "language": "French", "multiverseId": 486126, "name": "Bataillon improvisé", "text": "À chaque fois que le Bataillon improvisé et au moins deux autres créatures attaquent, mettez un marqueur +1/+1 sur le Bataillon improvisé.", "type": "Créature : humain et soldat"}, {"flavorText": "I loro ranghi sono esigui, la formazione approssimativa, le armi prese in prestito, ma faresti meglio a non intralciare loro il passo.", "identifiers": {"multiverseId": "486385", "scryfallId": "584fe16b-e59b-4de1-bf6c-edca68477279"}, "language": "Italian", "multiverseId": 486385, "name": "Battaglione Improvvisato", "text": "Ogniqualvolta il Battaglione Improvvisato e almeno altre due creature attaccano, metti un segnalino +1/+1 sul Battaglione Improvvisato.", "type": "Creatura — Soldato Umano"}, {"flavorText": "隊列は薄く、陣形はその場しのぎで、武器は借り物だが、その行く手は塞がないのが一番だ。", "identifiers": {"multiverseId": "486644", "scryfallId": "7e1a783c-37a3-442f-9d35-611ef4d8b00d"}, "language": "Japanese", "multiverseId": 486644, "name": "間に合わせの大隊", "text": "間に合わせの大隊と、他のクリーチャー２体以上が攻撃するたび、間に合わせの大隊の上に＋１/＋１カウンターを１個置く。", "type": "クリーチャー — 人間・兵士"}, {"flavorText": "사람은 적고, 대형은 임기응변이며, 무기들은 빌린 것이지만, 그들의 앞길을 막지 않는 것이 좋다.", "identifiers": {"multiverseId": "486903", "scryfallId": "962eb165-5502-42e4-b5f7-b091eeb5bc26"}, "language": "Korean", "multiverseId": 486903, "name": "즉석 부대", "text": "즉석 부대와 두 개 이상의 다른 생물들이 공격할 때마다, 즉석 부대에 +1/+1 카운터 한 개를 올려놓는다.", "type": "생물 — 인간 병사"}, {"flavorText": "As fileiras deles são rasas, a formação é improvisada, as armas são emprestadas, e é melhor sair do caminho deles.", "identifiers": {"multiverseId": "487162", "scryfallId": "656950ca-ae0a-4c05-90fd-ac83bee46ec8"}, "language": "Portuguese (Brazil)", "multiverseId": 487162, "name": "Batalhão Improvisado", "text": "Toda vez que Batalhão Improvisado e ao menos duas outras criaturas atacarem, coloque um marcador +1/+1 em Batalhão Improvisado.", "type": "Criatura — Humano Soldado"}, {"flavorText": "Их ряды немногочисленны, строй неслаженный, оружие позаимствовано, и тебе лучше не стоять у них на пути.", "identifiers": {"multiverseId": "487421", "scryfallId": "bef58373-bc5d-48b8-9298-586eb9a34777"}, "language": "Russian", "multiverseId": 487421, "name": "Наспех Сколоченный Батальон", "text": "Каждый раз, когда Наспех Сколоченный Батальон и не менее двух других существ атакуют, положите один жетон +1/+1 на Наспех Сколоченный Батальон.", "type": "Существо — Человек Солдат"}, {"flavorText": "他们兵员薄弱，队形散乱，武器不整，但你最好还是躲着点。", "identifiers": {"multiverseId": "487680", "scryfallId": "b1128e0c-24ec-4729-918c-398555970770"}, "language": "Chinese Simplified", "multiverseId": 487680, "name": "杂牌大队", "text": "每当杂牌大队与至少两个其他生物攻击时，在杂牌大队上放置一个+1/+1指示物。", "type": "生物 ～人类／士兵"}, {"flavorText": "他們兵員薄弱，隊形散亂，武器不整，但你最好還是躲著點。", "identifiers": {"multiverseId": "487939", "scryfallId": "377a0eb6-3261-42a9-8f86-2ec9598287f3"}, "language": "Chinese Traditional", "multiverseId": 487939, "name": "雜牌大隊", "text": "每當雜牌大隊與至少兩個其他生物攻擊時，在雜牌大隊上放置一個+1/+1指示物。", "type": "生物 ～人類／士兵"}], "frameVersion": "2015", "hasFoil": true, "hasNonFoil": true, "identifiers": {"cardsphereFoilId": "68024", "cardsphereId": "67812", "mcmId": "472229", "mcmMetaId": "269369", "mtgArenaId": "71808", "mtgjsonV4Id": "3ab8d636-2720-5e17-9eda-efc1744054fd", "mtgoId": "81279", "multiverseId": "485349", "scryfallCardBackId": "0aeebaf5-8c7d-4636-9e82-8c27447861f7", "scryfallId": "31a500e6-01f5-4a3a-8839-68b9b515e919", "scryfallIllustrationId": "8b67c8f1-b1e7-4f93-8df5-2f439c69274e", "scryfallOracleId": "8b6e2feb-9e8f-4912-ada0-1614502d9813", "tcgplayerProductId": "215851"}, "isFoil": false, "isReprint": true, "keywords": ["Battalion"], "language": "English", "layout": "normal", "legalities": {"brawl": "Legal", "commander": "Legal", "duel": "Legal", "explorer": "Legal", "gladiator": "Legal", "historic": "Legal", "legacy": "Legal", "modern": "Legal", "oathbreaker": "Legal", "pauper": "Legal", "paupercommander": "Legal", "penny": "Legal", "pioneer": "Legal", "timeless": "Legal", "vintage": "Legal"}, "manaCost": "{2}{W}", "manaValue": 3.0, "name": "Makeshift Battalion", "number": "26", "originalText": "Whenever Makeshift Battalion and at least two other creatures attack, put a +1/+1 counter on Makeshift Battalion.", "originalType": "Creature — Human Soldier", "power": "3", "printings": ["M21", "RVR", "WAR"], "purchaseUrls": {"cardmarket": "https://mtgjson.com/links/e3266eae0bd7cbcc", "tcgplayer": "https://mtgjson.com/links/51be1c41f0cb4e9c"}, "rarity": "common", "rulings": [{"date": "2020-06-23", "text": "Once Makeshift Battalion's ability has triggered, it doesn't matter how many creatures are still attacking when that ability resolves."}, {"date": "2024-01-12", "text": "Makeshift Battalion and the other attacking creatures don't have to be attacking the same player, planeswalker, or battle."}, {"date": "2024-01-12", "text": "Once Makeshift Battalion's ability has triggered, it doesn't matter how many creatures are still attacking when that ability resolves."}], "setCode": "M21", "sourceProducts": {"foil": ["547f7fe8-5bf3-5b1f-b7d5-2348edfeb15f", "61ee3ba9-54d4-55e6-8c49-3977d922f30e"], "nonfoil": ["1f778b30-fced-5a87-8b15-bd8d8f629a27", "61ee3ba9-54d4-55e6-8c49-3977d922f30e", "ca9092e8-a921-5e37-ab9d-4b0f76bb0d01"]}, "subtypes": ["Human", "Soldier"], "supertypes": [], "text": "Battalion — Whenever Makeshift Battalion and at least two other creatures attack, put a +1/+1 counter on Makeshift Battalion.", "toughness": "2", "type": "Creature — Human Soldier", "types": ["Creature"], "uuid": "d0133387-1d3f-5906-af1d-4a514eca182f"}, {"artist": "Leesha Hannigan", "artistIds": ["0c5d1acd-714b-4e7a-b7bf-e3450b305337"], "availability": ["arena", "mtgo", "paper"], "boosterTypes": ["default"], "borderColor": "black", "colorIdentity": ["W"], "colors": ["W"], "convertedManaCost": 4.0, "count": 1, "edhrecRank": 12516, "finishes": ["nonfoil", "foil"], "flavorText": "Basri carries on his god's legacy, spreading her teachings throughout the Multiverse.", "foreignData": [{"flavorText": "Basri führt das Vermächtnis seiner Göttin fort und verbreitet ihre Lehren im gesamten Multiversum.", "identifiers": {"multiverseId": "485590", "scryfallId": "95a8be41-8605-4dbb-817b-b445e4167b2d"}, "language": "German", "multiverseId": 485590, "name": "Basris Anhängerin", "text": "Lebensverknüpfung (Schaden, der von dieser Kreatur zugefügt wird, lässt dich entsprechend viele Lebenspunkte dazuerhalten.)\nWenn Basris Anhängerin ins Spiel kommt, lege je eine +1/+1-Marke auf bis zu zwei andere Kreaturen deiner Wahl, die du kontrollierst.", "type": "Kreatur — Katze, Kleriker"}, {"flavorText": "Basri prosigue el legado de su diosa y difunde sus enseñanzas por todo el Multiverso.", "identifiers": {"multiverseId": "485849", "scryfallId": "24c69413-6402-49b1-ba8e-d22f7310aca7"}, "language": "Spanish", "multiverseId": 485849, "name": "Acólita de Basri", "text": "Vínculo vital. (El daño hecho por esta criatura también hace que ganes esa misma cantidad de vidas.)\nCuando la Acólita de Basri entre al campo de batalla, elige hasta otras dos criaturas objetivo que controlas y pon un contador +1/+1 sobre cada una.", "type": "Criatura — Clérigo felino"}, {"flavorText": "Basri poursuit l'œuvre de sa déesse et transmet ses enseignements d'un bout à l'autre du Multivers.", "identifiers": {"multiverseId": "486108", "scryfallId": "336b777f-5bfb-4caf-ab75-0e9a95331f4b"}, "language": "French", "multiverseId": 486108, "name": "Acolyte de Basri", "text": "Lien de vie (Les blessures infligées par cette créature vous font aussi gagner autant de points de vie.)\nQuand l'Acolyte de Basri arrive sur le champ de bataille, ciblez jusqu'à deux autres créatures que vous contrôlez. Mettez un marqueur +1/+1 sur chacune d'elles.", "type": "Créature : chat et clerc"}, {"flavorText": "Basri diffonde la parola della sua dea, tramandandone gli insegnamenti in ogni angolo del Multiverso.", "identifiers": {"multiverseId": "486367", "scryfallId": "66fbcabc-2032-4480-a076-dc5fc34462bb"}, "language": "Italian", "multiverseId": 486367, "name": "Accolita di Basri", "text": "Legame vitale (Il danno inflitto da questa creatura ti fa anche guadagnare altrettanti punti vita.)\nQuando l'Accolita di Basri entra nel campo di battaglia, scegli fino a due altre creature bersaglio che controlli e metti un segnalino +1/+1 su ciascuna.", "type": "Creatura — Chierico Felino"}, {"flavorText": "バスリは神の遺産を継承しており、多元宇宙に教えを広めている。", "identifiers": {"multiverseId": "486626", "scryfallId": "2de6f8cc-61ab-4f0f-af82-0754096c6120"}, "language": "Japanese", "multiverseId": 486626, "name": "バスリの侍祭", "text": "絆魂（このクリーチャーがダメージを与えると、さらにあなたはその点数分のライフを得る。）\nバスリの侍祭が戦場に出たとき、他の、あなたがコントロールしているクリーチャー最大２体を対象とし、それらの上に＋１/＋１カウンターをそれぞれ１個置く。", "type": "クリーチャー — 猫・クレリック"}, {"flavorText": "바스리는 자신이 섬기는 신의 족적을 따르며, 다우주 전체에 그녀의 가르침을 퍼뜨린다.", "identifiers": {"multiverseId": "486885", "scryfallId": "5875bfc7-cb3f-41f4-8b99-b7b59265123f"}, "language": "Korean", "multiverseId": 486885, "name": "바스리의 시종", "text": "생명연결 (이 생물이 피해를 입히면, 당신은 그 피해만큼의 생명점을 얻는다.)\n바스리의 시종이 전장에 들어올 때, 당신이 조종하는 다른 생물을 최대 두 개까지 목표로 정한다. 그 생물들에 +1/+1 카운터를 한 개씩 올려놓는다.", "type": "생물 — 고양이 성직자"}, {"flavorText": "Basri perpetua o legado de sua deusa, divulgando os ensinamentos dela Multiverso afora.", "identifiers": {"multiverseId": "487144", "scryfallId": "480d02d5-0de6-430f-ad82-dfa32a442328"}, "language": "Portuguese (Brazil)", "multiverseId": 487144, "name": "Acólita de Basri", "text": "Vínculo com a vida (O dano causado por esta criatura também faz com que você ganhe uma quantidade equivalente de pontos de vida.)\nQuando Acólita de Basri entrar no campo de batalha, coloque um marcador +1/+1 em cada uma de até duas outras criaturas alvo que você controla.", "type": "Criatura — Felino Clérigo"}, {"flavorText": "Базри хранит наследие своей богини, распространяя ее учение по всей Мультивселенной.", "identifiers": {"multiverseId": "487403", "scryfallId": "63e73bf2-0a22-4161-9064-e3aab7a7bdc7"}, "language": "Russian", "multiverseId": 487403, "name": "Послушница Базри", "text": "Цепь жизни (Повреждения, наносимые этим существом, также заставляют вас получить такое же количество жизней.)\nКогда Послушница Базри выходит на поле битвы, положите один жетон +1/+1 на каждое из не более двух других целевых существ под вашим контролем.", "type": "Существо — Кошка Священник"}, {"flavorText": "巴席利继承他的神明遗志，继续在多重宇宙中传扬其教诲。", "identifiers": {"multiverseId": "487662", "scryfallId": "f52bbba6-b8cb-4e4f-af28-58b920d035ad"}, "language": "Chinese Simplified", "multiverseId": 487662, "name": "巴席利的侍僧", "text": "系命（此生物所造成的伤害会让你获得等量的生命。）\n当巴席利的侍僧进战场时，在至多两个其他目标由你操控的生物上各放置一个+1/+1指示物。", "type": "生物 ～猫／僧侣"}, {"flavorText": "巴席利繼承他的神明遺志，繼續在多重宇宙中傳揚其教誨。", "identifiers": {"multiverseId": "487921", "scryfallId": "46f2497e-b23a-45ae-980b-79a7f5160669"}, "language": "Chinese Traditional", "multiverseId": 487921, "name": "巴席利的侍僧", "text": "繫命（此生物所造成的傷害會讓你獲得等量的生命。）\n當巴席利的侍僧進戰場時，在至多兩個其他目標由你操控的生物上各放置一個+1/+1指示物。", "type": "生物 ～貓／僧侶"}], "frameVersion": "2015", "hasFoil": true, "hasNonFoil": true, "identifiers": {"cardsphereFoilId": "67894", "cardsphereId": "67674", "mcmId": "467734", "mcmMetaId": "307034", "mtgArenaId": "71790", "mtgjsonV4Id": "4b6fcfd7-8bdd-50bb-ad4c-e5f0cd7d054e", "mtgoId": "81243", "multiverseId": "485331", "scryfallCardBackId": "0aeebaf5-8c7d-4636-9e82-8c27447861f7", "scryfallId": "08d1dd97-2675-4953-ab95-d47d23abfe05", "scryfallIllustrationId": "78957806-0bae-4309-9080-52b4cbb443d0", "scryfallOracleId": "92c824da-2351-43bd-9fa0-d09709ad8205", "tcgplayerProductId": "215507"}, "isFoil": false, "keywords": ["Lifelink"], "language": "English", "layout": "normal", "legalities": {"brawl": "Legal", "commander": "Legal", "duel": "Legal", "explorer": "Legal", "gladiator": "Legal", "historic": "Legal", "legacy": "Legal", "modern": "Legal", "oathbreaker": "Legal", "pauper": "Legal", "paupercommander": "Legal", "penny": "Legal", "pioneer": "Legal", "timeless": "Legal", "vintage": "Legal"}, "manaCost": "{2}{W}{W}", "manaValue": 4.0, "name": "Basri's Acolyte", "number": "8", "originalText": "Lifelink (Damage dealt by this creature also causes you to gain that much life.)\nWhen Basri's Acolyte enters the battlefield, put a +1/+1 counter on each of up to two other target creatures you control.", "originalType": "Creature — Cat Cleric", "power": "2", "printings": ["J22", "M21", "PLST"], "purchaseUrls": {"cardmarket": "https://mtgjson.com/links/fe743019f4528b7f", "tcgplayer": "https://mtgjson.com/links/6d12c6b5805539ac"}, "rarity": "common", "rulings": [{"date": "2020-06-23", "text": "You can't target the same creature twice with the triggered ability of Basri's Acolyte to give it two +1/+1 counters."}], "setCode": "M21", "sourceProducts": {"foil": ["547f7fe8-5bf3-5b1f-b7d5-2348edfeb15f", "61ee3ba9-54d4-55e6-8c49-3977d922f30e"], "nonfoil": ["1f778b30-fced-5a87-8b15-bd8d8f629a27", "61ee3ba9-54d4-55e6-8c49-3977d922f30e", "ca9092e8-a921-5e37-ab9d-4b0f76bb0d01"]}, "subtypes": ["Cat", "Cleric"], "supertypes": [], "text": "Lifelink (Damage dealt by this creature also causes you to gain that much life.)\nWhen Basri's Acolyte enters, put a +1/+1 counter on each of up to two other target creatures you control.", "toughness": "3", "type": "Creature — Cat Cleric", "types": ["Creature"], "uuid": "0019b544-ed73-5c43-80d0-0826d38d709c", "variations": ["c945537e-0dd8-55cd-a4d7-f225e2843993"]}, {"artist": "Paul Scott Canavan", "artistIds": ["c19bfb77-5099-4f7c-8585-6eaf367712c9"], "availability": ["arena", "mtgo", "paper"], "boosterTypes": ["default"], "borderColor": "black", "colorIdentity": ["W"], "colors": ["W"], "convertedManaCost": 2.0, "count": 1, "edhrecRank": 7811, "edhrecSaltiness": 0.36, "finishes": ["nonfoil", "foil"], "flavorText": "\"The will to fight and act as one is not limited to a single world. Oketra's teachings are universal.\"\n—Basri Ket", "foreignData": [{"flavorText": "„Der Wille, zusammen zu kämpfen und zu agieren, beschränkt sich nicht nur auf eine Welt. Oketras Lehren sind universell.\"\n—Basri Ket", "identifiers": {"multiverseId": "485592", "scryfallId": "c5128187-d8ed-4925-aaaf-56df77b30cee"}, "language": "German", "multiverseId": 485592, "name": "Basris Solidarität", "text": "Lege auf jede Kreatur, die du kontrollierst, eine +1/+1-Marke.", "type": "Hexerei"}, {"flavorText": "\"La voluntad de luchar y actuar como uno solo no se limita a un único mundo. Las enseñanzas de Oketra son universales\".\n—Basri Ket", "identifiers": {"multiverseId": "485851", "scryfallId": "0875e0eb-f41d-41eb-84ce-eb305a66ec8e"}, "language": "Spanish", "multiverseId": 485851, "name": "Solidaridad de Basri", "text": "Pon un contador +1/+1 sobre cada criatura que controlas.", "type": "Conjuro"}, {"flavorText": "« La volonté de combattre et d'agir à l'unisson ne se limite pas à un seul monde. Les enseignements d'Oketra sont universels. »\n—Basri Ket", "identifiers": {"multiverseId": "486110", "scryfallId": "6dab0c44-7464-4592-a336-7afe692031c9"}, "language": "French", "multiverseId": 486110, "name": "Solidarité de Basri", "text": "Mettez un marqueur +1/+1 sur chaque créature que vous contrôlez.", "type": "Rituel"}, {"flavorText": "\"La volontà di combattere e agire all'unisono non si limita a un unico mondo. Gli insegnamenti di Oketra sono universali.\"\n—Basri Ket", "identifiers": {"multiverseId": "486369", "scryfallId": "cc2b23c7-a79a-4310-832b-ce02e3046c14"}, "language": "Italian", "multiverseId": 486369, "name": "Solidarietà di Basri", "text": "Metti un segnalino +1/+1 su ogni creatura che controlli.", "type": "Stregoneria"}, {"flavorText": "「一体となって戦い行動するという意思は一つの世界に限ったものではない。オケチラ様の教えは普遍である。」\n――バスリ・ケト", "identifiers": {"multiverseId": "486628", "scryfallId": "522fd516-cd0d-4211-a349-6b4099b8941d"}, "language": "Japanese", "multiverseId": 486628, "name": "バスリの結束", "text": "あなたがコントロールしている各クリーチャーの上に＋１/＋１カウンターをそれぞれ１個置く。", "type": "ソーサリー"}, {"flavorText": "\"하나가 되어 싸우고 행동하고자 하는 의지는 한 세계에 국한되어 있지 않아. 오케트라님의 가르침은 만고불변하지.\"\n—바스리 케트", "identifiers": {"multiverseId": "486887", "scryfallId": "8ad64788-0e21-433b-b15c-90ff65d67927"}, "language": "Korean", "multiverseId": 486887, "name": "바스리의 결속", "text": "당신이 조종하는 각 생물에 +1/+1 카운터를 올려놓는다.", "type": "집중마법"}, {"flavorText": "\"A vontade de lutar e agir em união não está limitada a um único mundo. Os ensinamentos de Oketra são universais.\"\n— Basri Ket", "identifiers": {"multiverseId": "487146", "scryfallId": "b95feaea-eaa5-4b02-9573-6b56d31dca02"}, "language": "Portuguese (Brazil)", "multiverseId": 487146, "name": "Solidariedade de Basri", "text": "Coloque um marcador +1/+1 em cada criatura que você controla.", "type": "Feitiço"}, {"flavorText": "«Воля сражаться и действовать, как один, не ограничивается одним миром. Учение Окетры подходит любому».\n— Базри Кет", "identifiers": {"multiverseId": "487405", "scryfallId": "c8d936fd-e9c0-4f46-8ec7-c6d26af5443b"}, "language": "Russian", "multiverseId": 487405, "name": "Солидарность Базри", "text": "Положите один жетон +1/+1 на каждое существо под вашим контролем.", "type": "Волшебство"}, {"flavorText": "「『齐勇如一』之道并非只在一个世界中通用，欧柯塔的教诲放之四海而皆准。」\n～巴席利柯特", "identifiers": {"multiverseId": "487664", "scryfallId": "3babb525-05c6-43ec-adf7-e861056b0fd7"}, "language": "Chinese Simplified", "multiverseId": 487664, "name": "巴席利的团结", "text": "在每个由你操控的生物上各放置一个+1/+1指示物。", "type": "法术"}, {"flavorText": "「『齊勇如一』之道並非只在一個世界中通用，歐柯塔的教誨放之四海而皆準。」\n～巴席利柯特", "identifiers": {"multiverseId": "487923", "scryfallId": "1f0c9e49-635f-4e78-861f-4e9bcee044ea"}, "language": "Chinese Traditional", "multiverseId": 487923, "name": "巴席利的團結", "text": "在每個由你操控的生物上各放置一個+1/+1指示物。", "type": "巫術"}], "frameVersion": "2015", "hasFoil": true, "hasNonFoil": true, "identifiers": {"cardsphereFoilId": "67896", "cardsphereId": "67673", "mcmId": "467719", "mcmMetaId": "307029", "mtgArenaId": "71792", "mtgjsonV4Id": "8dee4a65-b5db-5fcd-83e7-a4a695ecb09f", "mtgoId": "81247", "multiverseId": "485333", "scryfallCardBackId": "0aeebaf5-8c7d-4636-9e82-8c27447861f7", "scryfallId": "c2e6fdc0-bdd4-4bba-b8f1-bbc8dfad038e", "scryfallIllustrationId": "acf87b4b-1593-4ab9-9545-6a1d9970489a", "scryfallOracleId": "68281e06-64e3-490b-8691-8f4169614ec0", "tcgplayerProductId": "215505"}, "isFoil": false, "language": "English", "layout": "normal", "legalities": {"brawl": "Legal", "commander": "Legal", "duel": "Legal", "explorer": "Legal", "gladiator": "Legal", "historic": "Legal", "legacy": "Legal", "modern": "Legal", "oathbreaker": "Legal", "penny": "Legal", "pioneer": "Legal", "timeless": "Legal", "vintage": "Legal"}, "manaCost": "{1}{W}", "manaValue": 2.0, "name": "Basri's Solidarity", "number": "10", "originalText": "Put a +1/+1 counter on each creature you control.", "originalType": "Sorcery", "printings": ["M21", "PLST"], "purchaseUrls": {"cardmarket": "https://mtgjson.com/links/256615053f78ea84", "tcgplayer": "https://mtgjson.com/links/41599d8f39f818c0"}, "rarity": "uncommon", "setCode": "M21", "sourceProducts": {"foil": ["547f7fe8-5bf3-5b1f-b7d5-2348edfeb15f", "61ee3ba9-54d4-55e6-8c49-3977d922f30e"], "nonfoil": ["61ee3ba9-54d4-55e6-8c49-3977d922f30e", "ca9092e8-a921-5e37-ab9d-4b0f76bb0d01"]}, "subtypes": [], "supertypes": [], "text": "Put a +1/+1 counter on each creature you control.", "type": "Sorcery", "types": ["Sorcery"], "uuid": "db960319-4880-5fa6-9db0-b8409fc91156", "variations": ["54073ee6-e09e-506f-a58c-dbd57b15557b"]}, {"artist": "Zoltan Boros", "artistIds": ["1885e6cb-c827-4896-994e-3d0a027d602f"], "availability": ["arena", "mtgo", "paper"], "boosterTypes": ["default"], "borderColor": "black", "colorIdentity": ["W"], "colors": ["W"], "convertedManaCost": 5.0, "count": 1, "edhrecRank": 20934, "edhrecSaltiness": 0.09, "finishes": ["nonfoil", "foil"], "flavorText": "\"You know it's a great show when the Azorius arrest the props, too!\"\n—Judith, the Scourge Diva", "foreignData": [{"flavorText": "„Es ist immer ein großes Spektakel, wenn die Azorius sogar die Requisiten konfiszieren!\"\n—Judith, geißelnde Diva", "identifiers": {"multiverseId": "485617", "scryfallId": "c2c1a0a4-3400-4333-8feb-81c8e53c10e2"}, "language": "German", "multiverseId": 485617, "name": "Den Tatort absichern", "text": "Schicke eine bleibende Karte deiner Wahl, die kein Land ist, ins Exil. Ihr Beherrscher erzeugt einen 1/1 weißen Soldat-Kreaturenspielstein.", "type": "Hexerei"}, {"flavorText": "\"¡Qué gran función! ¡Los azorios hasta arrestan el decorado!\".\n—Judith, diva de la flagelación", "identifiers": {"multiverseId": "485876", "scryfallId": "39d12d67-80aa-47f7-8dd4-df002a1330a1"}, "language": "Spanish", "multiverseId": 485876, "name": "Salvaguardar el lugar", "text": "Exilia el permanente objetivo que no sea tierra. Su controlador crea una ficha de criatura Soldado blanca 1/1.", "type": "Conjuro"}, {"flavorText": "« Tu sais que le spectacle est réussi quand les Azorius se mettent à arrêter aussi les accessoires ! »\n—Judith, diva du fléau", "identifiers": {"multiverseId": "486135", "scryfallId": "20205b90-9842-44a4-8109-d71c44f004f0"}, "language": "French", "multiverseId": 486135, "name": "Sécuriser les lieux", "text": "Exilez le permanent non-terrain ciblé. Son contrôleur crée un jeton de créature 1/1 blanche Soldat.", "type": "Rituel"}, {"flavorText": "\"Sai che è un grande spettacolo quando gli Azorius arrestano perfino gli oggetti di scena!\"\n—Judith, la Diva del Flagello", "identifiers": {"multiverseId": "486394", "scryfallId": "5d3b438e-7095-4086-b4ea-fe46e9e705ff"}, "language": "Italian", "multiverseId": 486394, "name": "Proteggere la Zona", "text": "Esilia un permanente non terra bersaglio. Il suo controllore crea una pedina creatura Soldato 1/1 bianca.", "type": "Stregoneria"}, {"flavorText": "「アゾリウスが小道具を差し押さえに来たときだって、いつも楽しいショーになるでしょ！」\n――災いの歌姫、ジュディス", "identifiers": {"multiverseId": "486653", "scryfallId": "9ed5f898-b9c9-4de7-bed6-a8d1344a0f98"}, "language": "Japanese", "multiverseId": 486653, "name": "現場保存", "text": "土地でないパーマネント１つを対象とし、それを追放する。それのコントローラーは、白の１/１の兵士・クリーチャー・トークンを１体生成する。", "type": "ソーサリー"}, {"flavorText": "\"아조리우스가 소품들도 체포한다는 것은 그게 바로 멋진 공연이란 뜻이지!\"\n—재앙의 여주인공, 주디스", "identifiers": {"multiverseId": "486912", "scryfallId": "68724e3e-7d3f-44cf-b6ef-234da5192b6b"}, "language": "Korean", "multiverseId": 486912, "name": "현장 확보", "text": "대지가 아닌 지속물을 목표로 정한다. 그 지속물을 추방한다. 그 지속물의 조종자는 1/1 백색 병사 생물 토큰 한 개를 만든다.", "type": "집중마법"}, {"flavorText": "\"Você sabe que o show foi bom quando os Azorius chegam apreendendo até os objetos de cena!\"\n— Judith, Diva do Flagelo", "identifiers": {"multiverseId": "487171", "scryfallId": "c51c11c1-9c62-49b6-9dde-ac93bcea2f1c"}, "language": "Portuguese (Brazil)", "multiverseId": 487171, "name": "Proteger a Cena", "text": "Exile a permanente alvo que não seja um terreno. Seu controlador cria uma ficha de criatura branca 1/1 do tipo Soldado.", "type": "Feitiço"}, {"flavorText": "«Если Азориусы и реквизит арестовывают, то представление точно удалось на славу!»\n— Джудит, Бичующая Дива", "identifiers": {"multiverseId": "487430", "scryfallId": "99b383d8-e0f7-4dde-a06e-f902d36f84c3"}, "language": "Russian", "multiverseId": 487430, "name": "Выставить Охрану", "text": "Изгоните целевой не являющийся землей перманент. Контролирующий его игрок создает одну фишку существа 1/1 белый Солдат.", "type": "Волшебство"}, {"flavorText": "「当俄佐立人连道具都一起逮捕的时候，你就知道这一定是场好戏！」\n～灾祸歌伶裘蒂丝", "identifiers": {"multiverseId": "487689", "scryfallId": "537f9aae-e0b5-4271-894b-b3dc63d0855d"}, "language": "Chinese Simplified", "multiverseId": 487689, "name": "保护现场", "text": "放逐目标非地永久物。其操控者派出一个1/1白色士兵衍生生物。", "type": "法术"}, {"flavorText": "「當俄佐立人連道具都一起逮捕的時候，你就知道這一定是場好戲！」\n～災禍歌伶裘蒂絲", "identifiers": {"multiverseId": "487948", "scryfallId": "26b5509e-118a-4775-964e-de4f0f875a04"}, "language": "Chinese Traditional", "multiverseId": 487948, "name": "保護現場", "text": "放逐目標非地永久物。其操控者派出一個1/1白色士兵衍生生物。", "type": "巫術"}], "frameVersion": "2015", "hasFoil": true, "hasNonFoil": true, "identifiers": {"cardsphereFoilId": "68083", "cardsphereId": "67814", "mcmId": "472224", "mcmMetaId": "308399", "mtgArenaId": "71817", "mtgjsonV4Id": "1cd71693-5d2c-5fa1-8802-92d3f10f6a3a", "mtgoId": "81297", "multiverseId": "485358", "scryfallCardBackId": "0aeebaf5-8c7d-4636-9e82-8c27447861f7", "scryfallId": "d6467d96-e43a-4b1e-b6ce-578d991077b5", "scryfallIllustrationId": "e67df9cb-9c4e-426d-ade7-f0cb769c937d", "scryfallOracleId": "d6a9746c-eba5-4735-aec1-e70edba2c686", "tcgplayerProductId": "215852"}, "isFoil": false, "language": "English", "layout": "normal", "legalities": {"brawl": "Legal", "commander": "Legal", "duel": "Legal", "explorer": "Legal", "gladiator": "Legal", "historic": "Legal", "legacy": "Legal", "modern": "Legal", "oathbreaker": "Legal", "pauper": "Legal", "paupercommander": "Legal", "penny": "Legal", "pioneer": "Legal", "timeless": "Legal", "vintage": "Legal"}, "manaCost": "{4}{W}", "manaValue": 5.0, "name": "Secure the Scene", "number": "35", "originalText": "Exile target nonland permanent. Its controller creates a 1/1 white Soldier creature token.", "originalType": "Sorcery", "printings": ["M21"], "purchaseUrls": {"cardmarket": "https://mtgjson.com/links/bc26ed3155eec56b", "tcgplayer": "https://mtgjson.com/links/f72bd19bfa9f351a"}, "rarity": "common", "rulings": [{"date": "2020-06-23", "text": "If the target nonland permanent is an illegal target by the time Secure the Scene tries to resolve, the spell won't resolve. No player will create a Soldier token."}], "setCode": "M21", "sourceProducts": {"foil": ["547f7fe8-5bf3-5b1f-b7d5-2348edfeb15f", "61ee3ba9-54d4-55e6-8c49-3977d922f30e"], "nonfoil": ["61ee3ba9-54d4-55e6-8c49-3977d922f30e", "ca9092e8-a921-5e37-ab9d-4b0f76bb0d01"]}, "subtypes": [], "supertypes": [], "text": "Exile target nonland permanent. Its controller creates a 1/1 white Soldier creature token.", "type": "Sorcery", "types": ["Sorcery"], "uuid": "19da977f-bd0c-5294-9b40-676d727afbc3"}, {"artist": "David Gaillet", "artistIds": ["3496c5b4-57bf-4e5e-8bac-a1e05a911a2d"], "availability": ["arena", "mtgo", "paper"], "boosterTypes": ["default"], "borderColor": "black", "colorIdentity": ["W"], "colors": ["W"], "convertedManaCost": 2.0, "count": 1, "edhrecRank": 8729, "edhrecSaltiness": 0.33, "finishes": ["nonfoil", "foil"], "foreignData": [{"identifiers": {"multiverseId": "485601", "scryfallId": "e4c4ff80-4cb3-463e-b099-167383e9a27c"}, "language": "German", "multiverseId": 485601, "name": "Tapferer Widerstand", "text": "Lege eine +1/+1-Marke auf eine Kreatur deiner Wahl, die du kontrollierst. Sie erhält bis zum Ende des Zuges Schutz vor einer Farbe, die du bestimmst. (Sie kann von nichts dieser Farbe geblockt oder als Ziel bestimmt werden, Schaden zugefügt bekommen oder verzaubert oder ausgerüstet werden.)", "type": "Spontanzauber"}, {"identifiers": {"multiverseId": "485860", "scryfallId": "952423f3-935a-4320-b653-9d58d55958e0"}, "language": "Spanish", "multiverseId": 485860, "name": "Hito de resistencia", "text": "Pon un contador +1/+1 sobre la criatura objetivo que controlas. Gana protección contra el color de tu elección hasta el final del turno. (No puede ser bloqueada, hecha objetivo, recibir daño, estar encantada o ser equipada por nada de ese color.)", "type": "Instantáneo"}, {"identifiers": {"multiverseId": "486119", "scryfallId": "e95c20a7-51bd-45a9-89fd-ad4ab4ed4a41"}, "language": "French", "multiverseId": 486119, "name": "Haut fait de résistance", "text": "Mettez un marqueur +1/+1 sur une créature ciblée que vous contrôlez. Elle acquiert la protection contre la couleur de votre choix jusqu'à la fin du tour. (Elle ne peut pas être bloquée, ciblée, blessée, enchantée ou équipée par une source de la couleur choisie.)", "type": "Éphémère"}, {"identifiers": {"multiverseId": "486378", "scryfallId": "cc4ce552-db72-447b-bb25-9bd4479a0c0d"}, "language": "Italian", "multiverseId": 486378, "name": "Atto di Resistenza", "text": "Metti un segnalino +1/+1 su una creatura bersaglio che controlli. Ha protezione da un colore a tua scelta fino alla fine del turno. (Non può essere bloccata, bersagliata, non le può essere inflitto danno, né può essere incantata o equipaggiata da nulla di quel colore.)", "type": "Istantaneo"}, {"identifiers": {"multiverseId": "486637", "scryfallId": "aee11214-af85-49f8-9771-259dea7ae184"}, "language": "Japanese", "multiverseId": 486637, "name": "抵抗の妙技", "text": "あなたがコントロールしているクリーチャー１体を対象とし、それの上に＋１/＋１カウンターを１個置く。色１色を選ぶ。ターン終了時まで、それはプロテクション（その選んだ色）を得る。（それは選ばれた色のものによっては、ブロックされず、対象にならず、ダメージを受けず、エンチャントされず、装備されない。）", "type": "インスタント"}, {"identifiers": {"multiverseId": "486896", "scryfallId": "90cd5745-e8c1-418e-93d6-f73694764c00"}, "language": "Korean", "multiverseId": 486896, "name": "저항의 묘기", "text": "당신이 조종하는 생물을 목표로 정한다. 그 생물에 +1/+1 카운터 한 개를 올려놓는다. 그 생물은 턴종료까지 당신이 선택한 색으로부터 보호를 얻는다. (이 생물은 그 색 원천에게 방어될 수 없고, 그 색 원천의 목표로 정해질 수 없고, 그 색 원천으로부터 피해를 입지 않고, 그 색 원천이 부여되거나 장착될 수 없다.)", "type": "순간마법"}, {"identifiers": {"multiverseId": "487155", "scryfallId": "da688108-59a1-4016-8b8f-bee6673155cb"}, "language": "Portuguese (Brazil)", "multiverseId": 487155, "name": "Demonstração de Resistência", "text": "Coloque um marcador +1/+1 na criatura alvo que você controla. Ela ganha proteção contra a cor de sua escolha até o final do turno. (Ela não pode ser bloqueada, ser alvo, sofrer dano, ser encantada nem equipada por nada daquela cor.)", "type": "Mágica Instantânea"}, {"identifiers": {"multiverseId": "487414", "scryfallId": "53f89f42-2aff-4466-abb8-de9d888494e0"}, "language": "Russian", "multiverseId": 487414, "name": "Подвиг Выносливости", "text": "Положите один жетон +1/+1 на целевое существо под вашим контролем. Оно получает Защиту от выбранного вами цвета до конца хода. (Объекты того цвета не могут блокировать его, делать его своей целью, наносить ему повреждения, зачаровывать или снаряжать.)", "type": "Мгновенное заклинание"}, {"identifiers": {"multiverseId": "487673", "scryfallId": "ced66745-3428-4697-a102-a936608c81ae"}, "language": "Chinese Simplified", "multiverseId": 487673, "name": "反抗技艺", "text": "在目标由你操控的生物上放置一个+1/+1指示物。选择一种颜色。该生物获得反该色保护异能直到回合结束。（它不能被该色的东西阻挡、指定为目标、造成伤害、结附或是装备。）", "type": "瞬间"}, {"identifiers": {"multiverseId": "487932", "scryfallId": "dd28976e-14b3-4349-b0ce-1fbeb7b69eaa"}, "language": "Chinese Traditional", "multiverseId": 487932, "name": "反抗技藝", "text": "在目標由你操控的生物上放置一個+1/+1指示物。選擇一種顏色。該生物獲得反該色保護異能直到回合結束。（它不能被該色的東西阻擋、指定為目標、造成傷害、結附或是裝備。）", "type": "瞬間"}], "frameVersion": "2015", "hasFoil": true, "hasNonFoil": true, "identifiers": {"cardsphereFoilId": "67946", "cardsphereId": "67805", "mcmId": "472244", "mcmMetaId": "210307", "mtgArenaId": "71801", "mtgjsonV4Id": "21b1791c-93b5-5e59-9bb7-d5363a28a3bd", "mtgoId": "81265", "multiverseId": "485342", "scryfallCardBackId": "0aeebaf5-8c7d-4636-9e82-8c27447861f7", "scryfallId": "73148b3b-73d3-4f57-8b67-1e91fbe112b9", "scryfallIllustrationId": "2954a9be-202f-4bde-93cf-f4caf4378742", "scryfallOracleId": "2038f505-7b03-4c63-bc44-c5139729dd05", "tcgplayerProductId": "215848"}, "isFoil": false, "isReprint": true, "language": "English", "layout": "normal", "legalities": {"brawl": "Legal", "commander": "Legal", "duel": "Legal", "explorer": "Legal", "gladiator": "Legal", "historic": "Legal", "legacy": "Legal", "modern": "Legal", "oathbreaker": "Legal", "pauper": "Legal", "paupercommander": "Legal", "penny": "Legal", "pioneer": "Legal", "timeless": "Legal", "vintage": "Legal"}, "manaCost": "{1}{W}", "manaValue": 2.0, "name": "Feat of Resistance", "number": "19", "originalText": "Put a +1/+1 counter on target creature you control. It gains protection from the color of your choice until end of turn. (It can't be blocked, targeted, dealt damage, enchanted, or equipped by anything of that color.)", "originalType": "Instant", "printings": ["KTK", "M21", "PLST"], "purchaseUrls": {"cardmarket": "https://mtgjson.com/links/e04910b4fd0c60d4", "tcgplayer": "https://mtgjson.com/links/10663fd7c6523e18"}, "rarity": "common", "rulings": [{"date": "2014-09-20", "text": "You choose the color as Feat of Resistance resolves."}], "setCode": "M21", "sourceProducts": {"foil": ["547f7fe8-5bf3-5b1f-b7d5-2348edfeb15f", "61ee3ba9-54d4-55e6-8c49-3977d922f30e"], "nonfoil": ["61ee3ba9-54d4-55e6-8c49-3977d922f30e", "ca9092e8-a921-5e37-ab9d-4b0f76bb0d01"]}, "subtypes": [], "supertypes": [], "text": "Put a +1/+1 counter on target creature you control. It gains protection from the color of your choice until end of turn. (It can't be blocked, targeted, dealt damage, enchanted, or equipped by anything of that color.)", "type": "Instant", "types": ["Instant"], "uuid": "56a98be7-1df5-5b21-8c00-996fbabd40b7"}, {"artist": "Karl Kopinski", "artistIds": ["0fad2c48-a56e-4a0b-b512-224f6f238f20"], "availability": ["arena", "paper"], "boosterTypes": ["default"], "borderColor": "black", "colorIdentity": ["W"], "colors": ["W"], "convertedManaCost": 5.0, "count": 1, "edhrecRank": 485, "edhrecSaltiness": 1.02, "finishes": ["nonfoil"], "flavorText": "Avacyn's holy warriors kept hope alive in her darkest hours. Now they will carry that hope across Innistrad.", "foreignData": [], "frameVersion": "2015", "hasFoil": false, "hasNonFoil": true, "identifiers": {"cardsphereId": "68511", "mcmId": "473634", "mcmMetaId": "205337", "mtgArenaId": "72157", "mtgjsonV4Id": "a2856972-ec6c-50b7-ab9f-0590882fb94e", "multiverseId": "489579", "scryfallCardBackId": "0aeebaf5-8c7d-4636-9e82-8c27447861f7", "scryfallId": "fbb70e7b-2a68-436e-96a4-32a88fb87da0", "scryfallIllustrationId": "807a2576-007b-44ea-91dc-85ec6f4dd0db", "scryfallOracleId": "cc65ac73-5bef-4ecb-ad8e-39199084c027", "tcgplayerProductId": "216264"}, "isFoil": false, "isReprint": true, "language": "English", "layout": "normal", "legalities": {"brawl": "Legal", "commander": "Legal", "duel": "Legal", "gladiator": "Legal", "historic": "Legal", "legacy": "Legal", "modern": "Legal", "oathbreaker": "Legal", "penny": "Legal", "timeless": "Legal", "vintage": "Legal"}, "manaCost": "{3}{W}{W}", "manaValue": 5.0, "name": "Cathars' Crusade", "number": "95", "printings": ["AVR", "C14", "C16", "CM2", "JMP", "MB2"], "purchaseUrls": {"cardmarket": "https://mtgjson.com/links/8274f5f47a98fd22", "tcgplayer": "https://mtgjson.com/links/18c1eb0959390224"}, "rarity": "rare", "rulings": [{"date": "2012-05-01", "text": "The creature that entered and caused the ability to trigger will also get a +1/+1 counter, provided it's still on the battlefield when the ability resolves."}], "securityStamp": "oval", "setCode": "JMP", "sourceProducts": {"nonfoil": ["ca9092e8-a921-5e37-ab9d-4b0f76bb0d01"]}, "subtypes": [], "supertypes": [], "text": "Whenever a creature you control enters, put a +1/+1 counter on each creature you control.", "type": "Enchantment", "types": ["Enchantment"], "uuid": "82c3c0b6-de7e-5b30-b94e-b4d3d3720acb"}, {"artist": "Alayna Danner", "artistIds": ["bb677b1a-ce51-4888-83d6-5a94de461ff9"], "availability": ["arena", "mtgo", "paper"], "boosterTypes": ["default"], "borderColor": "black", "colorIdentity": ["W"], "colors": [], "convertedManaCost": 0.0, "count": 1, "edhrecRank": 1293, "edhrecSaltiness": 0.02, "finishes": ["nonfoil"], "flavorText": "Wildflowers here bloom not with the season but with the ebb and flow of magic.", "foreignData": [], "frameVersion": "2015", "hasFoil": false, "hasNonFoil": true, "identifiers": {"cardsphereId": "68322", "mcmId": "472504", "mcmMetaId": "308454", "mtgArenaId": "72138", "mtgjsonV4Id": "7c68d9bf-c8f3-5f62-9707-61a4603c8c59", "mtgoId": "81817", "multiverseId": "489202", "scryfallCardBackId": "0aeebaf5-8c7d-4636-9e82-8c27447861f7", "scryfallId": "fe424eb3-7df8-4317-8776-6d960afbb90a", "scryfallIllustrationId": "a1053374-9774-4ca6-bb77-1f55ca3c079b", "scryfallOracleId": "d1946630-e224-40db-8f0d-388b09622288", "tcgplayerProductId": "215961"}, "isFoil": false, "language": "English", "layout": "normal", "legalities": {"brawl": "Legal", "commander": "Legal", "duel": "Legal", "gladiator": "Legal", "historic": "Legal", "legacy": "Legal", "oathbreaker": "Legal", "pauper": "Legal", "paupercommander": "Legal", "timeless": "Legal", "vintage": "Legal"}, "manaValue": 0.0, "name": "Thriving Heath", "number": "35", "printings": ["AFC", "BLC", "CLU", "CMM", "J22", "JMP", "LCC", "MOC", "NCC", "WHO"], "purchaseUrls": {"cardmarket": "https://mtgjson.com/links/3abca15268a38607", "tcgplayer": "https://mtgjson.com/links/fcfa2b1cb41bcbfc"}, "rarity": "common", "setCode": "JMP", "sourceProducts": {"nonfoil": ["ca9092e8-a921-5e37-ab9d-4b0f76bb0d01"]}, "subtypes": [], "supertypes": [], "text": "Thriving Heath enters tapped. As it enters, choose a color other than white.\n{T}: Add {W} or one mana of the chosen color.", "type": "Land", "types": ["Land"], "uuid": "9c8d7f2c-a1cc-58b7-8432-c005eca33629"}, {"artist": "John Avon", "artistIds": ["798f3932-30e0-4420-aa3f-db4d613f89ca"], "availability": ["arena", "mtgo", "paper"], "boosterTypes": ["default"], "borderColor": "black", "colorIdentity": ["W"], "colors": [], "convertedManaCost": 0.0, "count": 6, "edhrecSaltiness": 0.28, "finishes": ["nonfoil", "foil"], "foreignData": [{"identifiers": {"multiverseId": "488476", "scryfallId": "6adbf942-550d-4274-84f7-ff3253206b5f"}, "language": "German", "multiverseId": 488476, "name": "Ebene", "type": "Standardland — Ebene"}, {"identifiers": {"multiverseId": "488491", "scryfallId": "cff25fbf-3cfe-4272-9912-95b1b993a5ef"}, "language": "Spanish", "multiverseId": 488491, "name": "Llanura", "type": "Tierra básica — Llanura"}, {"identifiers": {"multiverseId": "488506", "scryfallId": "1ffb2f93-00c9-4726-859d-a1f8599c9811"}, "language": "French", "multiverseId": 488506, "name": "Plaine", "type": "Terrain de base : plaine"}, {"identifiers": {"multiverseId": "488521", "scryfallId": "d66e1eb5-1e77-48bd-aaaa-d87f9f1e1b32"}, "language": "Italian", "multiverseId": 488521, "name": "Pianura", "type": "Terra Base — Pianura"}, {"identifiers": {"multiverseId": "488536", "scryfallId": "174ba6c4-99c9-4b93-837b-cc8b3c462cd6"}, "language": "Japanese", "multiverseId": 488536, "name": "平地", "type": "基本土地 — 平地"}, {"identifiers": {"multiverseId": "488551", "scryfallId": "e6c29c29-686b-422f-8f31-12c3406c9cdb"}, "language": "Korean", "multiverseId": 488551, "name": "들", "type": "기본 대지 — 들"}, {"identifiers": {"multiverseId": "488566", "scryfallId": "c8ca0a7c-2bd6-4f25-83ab-04a874480dd5"}, "language": "Portuguese (Brazil)", "multiverseId": 488566, "name": "Planície", "type": "Terreno Básico — Planície"}, {"identifiers": {"multiverseId": "488581", "scryfallId": "f14f3787-3aca-4f78-a114-0f39660cc08a"}, "language": "Russian", "multiverseId": 488581, "name": "Равнина", "type": "Базовая Земля — Равнина"}, {"identifiers": {"multiverseId": "488596", "scryfallId": "e6ea1605-e674-4e2d-8e34-c78c6808a49e"}, "language": "Chinese Simplified", "multiverseId": 488596, "name": "平原", "type": "基本地 ～平原"}, {"identifiers": {"multiverseId": "488611", "scryfallId": "bf42231f-e209-4366-8cf9-f5816bd539e9"}, "language": "Chinese Traditional", "multiverseId": 488611, "name": "平原", "type": "基本地 ～平原"}], "frameVersion": "2015", "hasFoil": true, "hasNonFoil": true, "identifiers": {"cardsphereFoilId": "68894", "cardsphereId": "67960", "mcmId": "471199", "mtgArenaId": "72080", "mtgjsonV4Id": "7ff36161-2dcf-589c-affa-6955250a7cd4", "mtgoId": "81199", "multiverseId": "488461", "scryfallCardBackId": "0aeebaf5-8c7d-4636-9e82-8c27447861f7", "scryfallId": "4be96696-aff8-4ef9-97dc-8221ef745de9", "scryfallIllustrationId": "4e796899-39a3-4ba0-b300-5ae650de1483", "scryfallOracleId": "bc71ebf6-2056-41f7-be35-b2e5c34afa99", "tcgplayerProductId": "215713"}, "isFoil": false, "isReprint": true, "language": "English", "layout": "normal", "legalities": {"alchemy": "Legal", "brawl": "Legal", "commander": "Legal", "duel": "Legal", "explorer": "Legal", "future": "Legal", "gladiator": "Legal", "historic": "Legal", "legacy": "Legal", "modern": "Legal", "oathbreaker": "Legal", "pauper": "Legal", "paupercommander": "Legal", "penny": "Legal", "pioneer": "Legal", "predh": "Legal", "premodern": "Legal", "standard": "Legal", "standardbrawl": "Legal", "timeless": "Legal", "vintage": "Legal"}, "manaValue": 0.0, "name": "Plains", "number": "260", "originalText": "W", "originalType": "Basic Land — Plains", "printings": ["10E", "2ED", "2XM", "30A", "3ED", "40K", "4BB", "4ED", "5ED", "6ED", "7ED", "8ED", "9ED", "ACR", "AFR", "AKH", "AKR", "ALA", "ANA", "ANB", "ARC", "ATH", "AVR", "BBD", "BFZ", "BLB", "BRB", "BRC", "BRO", "C13", "C14", "C15", "C16", "C17", "C18", "C19", "CED", "CEI", "CHK", "CLB", "CLU", "CM2", "CMA", "CMD", "CMM", "CMR", "CST", "DDC", "DDE", "DDF", "DDG", "DDH", "DDI", "DDK", "DDL", "DDN", "DDO", "DDP", "DDQ", "DMR", "DMU", "DOM", "DSK", "DTK", "DVD", "E01", "ELD", "FBB", "FDN", "FRF", "G17", "GK1", "GK2", "GN2", "GN3", "GNT", "GRN", "GS1", "H09", "HBG", "HOP", "HOU", "ICE", "IKO", "INV", "ISD", "ITP", "J14", "J22", "JMP", "KHM", "KLD", "KLR", "KTK", "LCI", "LEA", "LEB", "LRW", "LTR", "M10", "M11", "M12", "M13", "M14", "M15", "M19", "M20", "M21", "MBS", "MD1", "ME1", "ME3", "MH2", "MH3", "MID", "MIR", "MKM", "MMQ", "MOM", "MRD", "NEO", "NPH", "ODY", "OLEP", "ONE", "ONS", "ORI", "OTJ", "P02", "P23", "PAL00", "PAL01", "PAL03", "PAL04", "PAL05", "PAL06", "PAL99", "PALP", "PANA", "PARL", "PC2", "PCA", "PDGM", "PELP", "PF19", "PF20", "PGPX", "PGRU", "PIP", "PLST", "PMPS", "PMPS06", "PMPS07", "PMPS08", "PMPS09", "PMPS10", "PMPS11", "POR", "PPP1", "PRM", "PRW2", "PRWK", "PS11", "PSAL", "PSS2", "PSS3", "PSS4", "PTC", "PTK", "PZ2", "RAV", "REX", "RIX", "RNA", "ROE", "RQS", "RTR", "S99", "SCD", "SHM", "SIR", "SLD", "SLP", "SNC", "SOI", "SOM", "STX", "SUM", "TD0", "TD2", "THB", "THS", "TMP", "TPR", "TSP", "UGL", "UND", "UNF", "UNH", "USG", "UST", "VOW", "WAR", "WC00", "WC02", "WC03", "WC04", "WC97", "WC98", "WHO", "WOE", "XANA", "XLN", "ZEN", "ZNR"], "purchaseUrls": {"tcgplayer": "https://mtgjson.com/links/9b120aacc07dc465"}, "rarity": "common", "setCode": "M21", "sourceProducts": {"foil": ["547f7fe8-5bf3-5b1f-b7d5-2348edfeb15f", "61ee3ba9-54d4-55e6-8c49-3977d922f30e"], "nonfoil": ["1f778b30-fced-5a87-8b15-bd8d8f629a27", "61ee3ba9-54d4-55e6-8c49-3977d922f30e", "ca9092e8-a921-5e37-ab9d-4b0f76bb0d01"]}, "subtypes": ["Plains"], "supertypes": ["Basic"], "text": "({T}: Add {W}.)", "type": "Basic Land — Plains", "types": ["Land"], "uuid": "983bac6e-2e3d-5459-8798-480e84d3b6af", "variations": ["daf4f9c6-393d-54b5-9a07-78c109bca43e", "364598a6-6bce-53b0-9755-4e726858f269", "d6c798e1-56b7-5edf-9253-d2fdf7c6c79f"]}, {"artist": "Lius Lasahido", "artistIds": ["0a0e9093-ce44-4a69-93a7-09b63e7c330d"], "availability": ["arena", "paper"], "boosterTypes": ["default"], "borderColor": "black", "colorIdentity": ["W"], "colors": [], "convertedManaCost": 0.0, "count": 1, "edhrecSaltiness": 0.28, "finishes": ["nonfoil"], "foreignData": [], "frameVersion": "2015", "hasFoil": false, "hasNonFoil": true, "identifiers": {"cardsphereId": "68469", "mcmId": "473569", "mtgArenaId": "72563", "mtgjsonV4Id": "729ea95f-c247-5764-88e3-4a68ec5836e5", "multiverseId": "489627", "scryfallCardBackId": "0aeebaf5-8c7d-4636-9e82-8c27447861f7", "scryfallId": "a334360b-2943-4442-8557-e0a5efd272b7", "scryfallIllustrationId": "9200394e-5c1d-4b3e-9756-87cb07c02395", "scryfallOracleId": "bc71ebf6-2056-41f7-be35-b2e5c34afa99", "tcgplayerProductId": "216246"}, "isFoil": false, "isReprint": true, "language": "English", "layout": "normal", "legalities": {"alchemy": "Legal", "brawl": "Legal", "commander": "Legal", "duel": "Legal", "explorer": "Legal", "future": "Legal", "gladiator": "Legal", "historic": "Legal", "legacy": "Legal", "modern": "Legal", "oathbreaker": "Legal", "pauper": "Legal", "paupercommander": "Legal", "penny": "Legal", "pioneer": "Legal", "predh": "Legal", "premodern": "Legal", "standard": "Legal", "standardbrawl": "Legal", "timeless": "Legal", "vintage": "Legal"}, "manaValue": 0.0, "name": "Plains", "number": "43", "printings": ["10E", "2ED", "2XM", "30A", "3ED", "40K", "4BB", "4ED", "5ED", "6ED", "7ED", "8ED", "9ED", "ACR", "AFR", "AKH", "AKR", "ALA", "ANA", "ANB", "ARC", "ATH", "AVR", "BBD", "BFZ", "BLB", "BRB", "BRC", "BRO", "C13", "C14", "C15", "C16", "C17", "C18", "C19", "CED", "CEI", "CHK", "CLB", "CLU", "CM2", "CMA", "CMD", "CMM", "CMR", "CST", "DDC", "DDE", "DDF", "DDG", "DDH", "DDI", "DDK", "DDL", "DDN", "DDO", "DDP", "DDQ", "DMR", "DMU", "DOM", "DSK", "DTK", "DVD", "E01", "ELD", "FBB", "FDN", "FRF", "G17", "GK1", "GK2", "GN2", "GN3", "GNT", "GRN", "GS1", "H09", "HBG", "HOP", "HOU", "ICE", "IKO", "INV", "ISD", "ITP", "J14", "J22", "JMP", "KHM", "KLD", "KLR", "KTK", "LCI", "LEA", "LEB", "LRW", "LTR", "M10", "M11", "M12", "M13", "M14", "M15", "M19", "M20", "M21", "MBS", "MD1", "ME1", "ME3", "MH2", "MH3", "MID", "MIR", "MKM", "MMQ", "MOM", "MRD", "NEO", "NPH", "ODY", "OLEP", "ONE", "ONS", "ORI", "OTJ", "P02", "P23", "PAL00", "PAL01", "PAL03", "PAL04", "PAL05", "PAL06", "PAL99", "PALP", "PANA", "PARL", "PC2", "PCA", "PDGM", "PELP", "PF19", "PF20", "PGPX", "PGRU", "PIP", "PLST", "PMPS", "PMPS06", "PMPS07", "PMPS08", "PMPS09", "PMPS10", "PMPS11", "POR", "PPP1", "PRM", "PRW2", "PRWK", "PS11", "PSAL", "PSS2", "PSS3", "PSS4", "PTC", "PTK", "PZ2", "RAV", "REX", "RIX", "RNA", "ROE", "RQS", "RTR", "S99", "SCD", "SHM", "SIR", "SLD", "SLP", "SNC", "SOI", "SOM", "STX", "SUM", "TD0", "TD2", "THB", "THS", "TMP", "TPR", "TSP", "UGL", "UND", "UNF", "UNH", "USG", "UST", "VOW", "WAR", "WC00", "WC02", "WC03", "WC04", "WC97", "WC98", "WHO", "WOE", "XANA", "XLN", "ZEN", "ZNR"], "purchaseUrls": {"tcgplayer": "https://mtgjson.com/links/44a415f9982fcb5b"}, "rarity": "common", "setCode": "JMP", "sourceProducts": {"nonfoil": ["ca9092e8-a921-5e37-ab9d-4b0f76bb0d01"]}, "subtypes": ["Plains"], "supertypes": ["Basic"], "text": "({T}: Add {W}.)", "type": "Basic Land — Plains", "types": ["Land"], "uuid": "96a94835-2cf2-5518-887f-a9d610127f3f", "variations": ["bc5af6ce-b68a-562d-a6ee-d991096581c8", "43a09983-5ffe-584d-9a7e-b2456766ded6", "7743d92d-5965-517c-9fc2-814701a245c5", "7f8f84ac-0c12-5d17-8aa3-81cd0cbd496e", "b1a5f044-35b2-56b2-8d3b-5c5066224c40", "dac3cc6e-ddde-5d7a-a32b-0c2f6f426d0e", "f7397177-fb1c-578a-b133-d189c54190e6"]}], "name": "Heavily Armored (1)", "releaseDate": "2020-07-17", "sealedProductUuids": null, "sideBoard": [], "type": "Jumpstart"}}