{"meta": {"date": "2024-09-03", "version": "5.2.2+20240903"}, "data": {"code": "WC99", "commander": [], "mainBoard": [{"artist": "Kaja Foglio", "artistIds": ["e8b85539-756a-4eac-ac66-a2258d7cf547"], "availability": ["paper"], "borderColor": "gold", "colorIdentity": [], "colors": [], "convertedManaCost": 3.0, "count": 1, "edhrecRank": 12381, "edhrecSaltiness": 0.33, "finishes": ["nonfoil", "signed"], "flavorText": "\"I am reminded of the fable of the silver egg. Its owner cracks it open to see what jewels it holds, only to discover a simple yellow yolk.\"\n—Karn, silver golem", "foreignData": [], "frameVersion": "1997", "hasFoil": false, "hasNonFoil": true, "identifiers": {"mcmId": "250028", "mtgjsonV4Id": "35c71abc-b9ba-54b7-80d0-b5428f94bdcc", "scryfallCardBackId": "407ed11d-7b6f-4e1c-ab00-f49c25f170e3", "scryfallId": "53894298-7f03-408f-947d-c734d86cfeca", "scryfallIllustrationId": "287814b9-06e1-4c88-8068-bd2a7323e282", "scryfallOracleId": "54b5e429-7a44-480d-bea4-4f8eeb7449b5", "tcgplayerProductId": "164921"}, "isFoil": false, "isReprint": true, "isStarter": true, "language": "English", "layout": "normal", "legalities": {}, "manaCost": "{3}", "manaValue": 3.0, "name": "Bottle Gnomes", "number": "js278", "power": "1", "printings": ["10E", "9ED", "C14", "CM2", "DD2", "F03", "JVC", "MRD", "PLST", "PRM", "PS11", "TMP", "TPR", "WC98", "WC99"], "purchaseUrls": {"tcgplayer": "https://mtgjson.com/links/5df50f31cfa12b7c"}, "rarity": "uncommon", "setCode": "WC99", "signature": "Jakub Šlemr", "sourceProducts": {"nonfoil": ["d3446c61-c66e-56c6-8e10-32bdab78dda4"]}, "subtypes": ["Gnome"], "supertypes": [], "text": "Sacrifice Bottle Gnomes: You gain 3 life.", "toughness": "3", "type": "Artifact Creature — Gnome", "types": ["Artifact", "Creature"], "uuid": "82014e55-6df2-512d-9d94-b149965fd0d9", "variations": ["2cabb46e-21c3-5c1c-97e8-5caf71c8b645"]}, {"artist": "John Zeleznik", "artistIds": ["7d96bd59-7779-4740-8658-953f518ff805"], "availability": ["paper"], "borderColor": "gold", "colorIdentity": ["B"], "colors": ["B"], "convertedManaCost": 3.0, "count": 1, "edhrecRank": 8433, "edhrecSaltiness": 0.35, "finishes": ["nonfoil", "signed"], "flavorText": "They exist to cease.", "foreignData": [], "frameVersion": "1997", "hasFoil": false, "hasNonFoil": true, "identifiers": {"mcmId": "249767", "mtgjsonV4Id": "f961134c-0e6c-5dad-974d-7c0b14d10327", "scryfallCardBackId": "407ed11d-7b6f-4e1c-ab00-f49c25f170e3", "scryfallId": "194d4a09-4ab2-40ac-bbbe-d1165798658e", "scryfallIllustrationId": "c5e2ae3e-be2c-46b9-b0de-9aac2673f312", "scryfallOracleId": "f22fcd17-bc24-41df-81ce-6d11208861b9", "tcgplayerProductId": "164935"}, "isFoil": false, "isReprint": true, "isReserved": true, "isStarter": true, "keywords": ["Trample"], "language": "English", "layout": "normal", "legalities": {}, "manaCost": "{2}{B}", "manaValue": 3.0, "name": "Phyrexian Negator", "number": "js65", "power": "5", "printings": ["DDE", "G04", "PRM", "UDS", "WC99"], "purchaseUrls": {"tcgplayer": "https://mtgjson.com/links/9155c5c5c97f5e7d"}, "rarity": "rare", "rulings": [{"date": "2004-10-04", "text": "Sacrificing this card does not prevent you from having to make the other sacrifices."}], "setCode": "WC99", "signature": "Jakub Šlemr", "sourceProducts": {"nonfoil": ["d3446c61-c66e-56c6-8e10-32bdab78dda4"]}, "subtypes": ["Phyrexian", "Horror"], "supertypes": [], "text": "Trample\nWhenever Phyrexian Negator is dealt damage, sacrifice that many permanents.", "toughness": "5", "type": "Creature — Phyrexian Horror", "types": ["Creature"], "uuid": "7f899069-48e8-5130-a819-1a4291ce2df1", "variations": ["52c5a44e-b49a-5bfd-ad0d-c38ff699b96b"]}, {"artist": "Kev Walker", "artistIds": ["f366a0ee-a0cd-466d-ba6a-90058c7a31a6"], "availability": ["paper"], "borderColor": "gold", "colorIdentity": ["B"], "colors": ["B"], "convertedManaCost": 5.0, "count": 3, "edhrecRank": 9935, "finishes": ["nonfoil", "signed"], "flavorText": "\"The final stage of the illness: delirium, convulsions, and death.\"\n—Phyrexian progress notes", "foreignData": [], "frameVersion": "1997", "hasFoil": false, "hasNonFoil": true, "identifiers": {"mcmId": "249769", "mtgjsonV4Id": "11999780-cf3f-5df9-9b80-6e90c8489ff6", "scryfallCardBackId": "407ed11d-7b6f-4e1c-ab00-f49c25f170e3", "scryfallId": "df3492bc-038a-46c9-b60f-496a9fa8195b", "scryfallIllustrationId": "6b5b2c21-5e58-421d-8be4-de3ce5488e1b", "scryfallOracleId": "aff9e844-9e03-490b-b44f-10d385738cc6", "tcgplayerProductId": "164936"}, "isFoil": false, "isReprint": true, "isStarter": true, "language": "English", "layout": "normal", "legalities": {}, "manaCost": "{3}{B}{B}", "manaValue": 5.0, "name": "Phyrexian Plaguelord", "number": "js62", "power": "4", "printings": ["8ED", "C15", "CMA", "DDE", "J22", "PLST", "TD2", "ULG", "WC99"], "purchaseUrls": {"tcgplayer": "https://mtgjson.com/links/d4e0e7889cc11ec0"}, "rarity": "rare", "setCode": "WC99", "signature": "Jakub Šlemr", "sourceProducts": {"nonfoil": ["d3446c61-c66e-56c6-8e10-32bdab78dda4"]}, "subtypes": ["Phyrexian", "Carrier"], "supertypes": [], "text": "{T}, Sacrifice Phyrexian Plaguelord: Target creature gets -4/-4 until end of turn.\nSacrifice a creature: Target creature gets -1/-1 until end of turn.", "toughness": "4", "type": "Creature — Phyrexian Carrier", "types": ["Creature"], "uuid": "808ac62e-9860-523d-873c-e741e3ffdcab"}, {"artist": "Carl Critchlow", "artistIds": ["17948f16-611a-44b8-8d10-9895a0bdfff1"], "availability": ["paper"], "borderColor": "gold", "colorIdentity": ["B"], "colors": ["B"], "convertedManaCost": 2.0, "count": 3, "edhrecRank": 8843, "edhrecSaltiness": 0.2, "finishes": ["nonfoil", "signed"], "flavorText": "\"For all the priceless tomes they have destroyed, one would think they would taste better.\"\n—Davvol, Evincar of Rath", "foreignData": [], "frameVersion": "1997", "hasFoil": false, "hasNonFoil": true, "identifiers": {"mcmId": "249770", "mtgjsonV4Id": "dc4518be-b881-5d98-a28c-07ef3d6b404e", "scryfallCardBackId": "407ed11d-7b6f-4e1c-ab00-f49c25f170e3", "scryfallId": "866bc98c-a5db-4de5-ad5d-70d4d3cbd621", "scryfallIllustrationId": "fba238bb-ed71-4d11-b78d-04d1e57e8a0a", "scryfallOracleId": "2fa1bbfd-92b5-482c-b32d-4cdc286474c4", "tcgplayerProductId": "164940"}, "isFoil": false, "isReprint": true, "isStarter": true, "language": "English", "layout": "normal", "legalities": {}, "manaCost": "{1}{B}", "manaValue": 2.0, "name": "Ravenous Rats", "number": "js68", "power": "1", "printings": ["10E", "8ED", "9ED", "DDD", "DDJ", "DPA", "GVL", "INV", "M13", "P02", "PS11", "S99", "UDS", "WC99"], "purchaseUrls": {"tcgplayer": "https://mtgjson.com/links/50d514ea0a0f85c8"}, "rarity": "common", "setCode": "WC99", "signature": "Jakub Šlemr", "sourceProducts": {"nonfoil": ["d3446c61-c66e-56c6-8e10-32bdab78dda4"]}, "subtypes": ["Rat"], "supertypes": [], "text": "When Ravenous Rats enters, target opponent discards a card.", "toughness": "1", "type": "Creature — Rat", "types": ["Creature"], "uuid": "0f866ab1-bee3-582a-adc6-cb830949f434"}, {"artist": "Henry Van Der Linde", "artistIds": ["85767099-afb2-47ee-a251-ddfe6fe8a03e"], "availability": ["paper"], "borderColor": "gold", "colorIdentity": [], "colors": [], "convertedManaCost": 3.0, "count": 2, "edhrecRank": 24963, "edhrecSaltiness": 0.31, "finishes": ["nonfoil", "signed"], "foreignData": [], "frameVersion": "1997", "hasFoil": false, "hasNonFoil": true, "identifiers": {"mcmId": "249771", "mtgjsonV4Id": "8397e448-aec4-5ff8-a3a9-66798f5c7e50", "scryfallCardBackId": "407ed11d-7b6f-4e1c-ab00-f49c25f170e3", "scryfallId": "1ba051be-123d-48b1-9557-dec405bc1da7", "scryfallIllustrationId": "273af3c3-aacf-44ae-a685-894c2f233556", "scryfallOracleId": "963de959-848d-48df-90fa-88a6d988b9fe", "tcgplayerProductId": "164948"}, "isFoil": false, "isReprint": true, "isStarter": true, "keywords": ["Echo"], "language": "English", "layout": "normal", "legalities": {}, "manaCost": "{3}", "manaValue": 3.0, "name": "Ticking Gnomes", "number": "js136b", "power": "3", "printings": ["EMA", "ULG", "WC99"], "purchaseUrls": {"tcgplayer": "https://mtgjson.com/links/79cfffd98dddc466"}, "rarity": "uncommon", "setCode": "WC99", "signature": "Jakub Šlemr", "sourceProducts": {"nonfoil": ["d3446c61-c66e-56c6-8e10-32bdab78dda4"]}, "subtypes": ["Gnome"], "supertypes": [], "text": "Echo {3} (At the beginning of your upkeep, if this came under your control since the beginning of your last upkeep, sacrifice it unless you pay its echo cost.)\nSacrifice Ticking Gnomes: It deals 1 damage to any target.", "toughness": "3", "type": "Artifact Creature — Gnome", "types": ["Artifact", "Creature"], "uuid": "ef0ec894-a563-5ff7-bec6-c63e76502b9f"}, {"artist": "D. Alexander Gregory", "artistIds": ["38433e15-f0f5-4223-a985-2d13c4aa0922"], "availability": ["paper"], "borderColor": "gold", "colorIdentity": [], "colors": [], "convertedManaCost": 1.0, "count": 3, "edhrecRank": 23480, "edhrecSaltiness": 0.17, "finishes": ["nonfoil", "signed"], "foreignData": [], "frameVersion": "1997", "hasFoil": false, "hasNonFoil": true, "identifiers": {"mcmId": "249772", "mtgjsonV4Id": "e876a015-30da-5ff7-8236-0336a30a3f58", "scryfallCardBackId": "407ed11d-7b6f-4e1c-ab00-f49c25f170e3", "scryfallId": "51694451-d762-4c22-b9a1-61ce4716826b", "scryfallIllustrationId": "97dc3e54-2325-4cb2-9568-538bef0b46d6", "scryfallOracleId": "514752ea-d453-41d4-97cf-b1dcdb4b4a08", "tcgplayerProductId": "164924"}, "isFoil": false, "isReprint": true, "isReserved": true, "isStarter": true, "language": "English", "layout": "normal", "legalities": {}, "manaCost": "{1}", "manaValue": 1.0, "name": "Cursed Scroll", "number": "js281", "printings": ["OLEP", "TMP", "TPR", "VMA", "WC98", "WC99"], "purchaseUrls": {"tcgplayer": "https://mtgjson.com/links/5c13eff6286fb390"}, "rarity": "rare", "rulings": [{"date": "2008-08-01", "text": "If you have no cards in hand, you still have to name a card. Then you fail to reveal one (since there aren’t any). Since the named card wasn’t revealed, no damage is dealt."}], "setCode": "WC99", "signature": "Jakub Šlemr", "sourceProducts": {"nonfoil": ["d3446c61-c66e-56c6-8e10-32bdab78dda4"]}, "subtypes": [], "supertypes": [], "text": "{3}, {T}: Choose a card name, then reveal a card at random from your hand. If that card has the chosen name, Cursed Scroll deals 2 damage to any target.", "type": "Artifact", "types": ["Artifact"], "uuid": "491635b4-f056-5765-b3b3-e4f8fc7d9f87", "variations": ["1164f9a0-fd80-5e0d-a907-150222092fef", "70dc718c-b23b-51a8-b9d8-36433a438d79", "3cbdfd9e-5c94-5ef1-8dc8-4601f4138b60"]}, {"artist": "Dan Frazier", "artistIds": ["059bba56-5feb-42e4-8c2e-e2f1e6ba11f9"], "availability": ["paper"], "borderColor": "gold", "colorIdentity": [], "colors": [], "convertedManaCost": 2.0, "count": 4, "edhrecRank": 20422, "edhrecSaltiness": 0.27, "finishes": ["nonfoil", "signed"], "foreignData": [], "frameVersion": "1997", "hasFoil": false, "hasNonFoil": true, "identifiers": {"mcmId": "249773", "mtgjsonV4Id": "f8b20bf7-8db0-5642-899b-a6b8480b35c5", "scryfallCardBackId": "407ed11d-7b6f-4e1c-ab00-f49c25f170e3", "scryfallId": "6e2ffcb9-e94f-4799-ae42-797091df2e09", "scryfallIllustrationId": "fe4cf815-8b8b-4aaf-afb1-54992203bdcd", "scryfallOracleId": "ca1144c2-49a3-49b4-9085-3094141769ea", "tcgplayerProductId": "164937"}, "isFoil": false, "isReprint": true, "isReserved": true, "isStarter": true, "language": "English", "layout": "normal", "legalities": {}, "manaCost": "{2}", "manaValue": 2.0, "name": "Powder Keg", "number": "js136a", "printings": ["P04", "PRM", "UDS", "WC99"], "purchaseUrls": {"tcgplayer": "https://mtgjson.com/links/f13df754f414fb43"}, "rarity": "rare", "rulings": [{"date": "2004-10-04", "text": "Only destroys artifacts and creatures with exactly the specified cost. It does not mean “less than or equal to”."}, {"date": "2004-10-04", "text": "Putting on a counter is optional. If you forget, you can’t go back later even if it is something you usually do."}], "setCode": "WC99", "signature": "Jakub Šlemr", "sourceProducts": {"nonfoil": ["d3446c61-c66e-56c6-8e10-32bdab78dda4"]}, "subtypes": [], "supertypes": [], "text": "At the beginning of your upkeep, you may put a fuse counter on Powder Keg.\n{T}, Sacrifice Powder Keg: Destroy each artifact and creature with mana value equal to the number of fuse counters on Powder Keg.", "type": "Artifact", "types": ["Artifact"], "uuid": "2175fa35-53e9-57ed-85f1-042003a7eb3e"}, {"artist": "Brian Snõddy", "artistIds": ["770b4e16-de76-49ed-949f-84e6d2e06d25"], "availability": ["paper"], "borderColor": "gold", "colorIdentity": ["B"], "colors": ["B"], "convertedManaCost": 3.0, "count": 2, "edhrecRank": 9595, "edhrecSaltiness": 0.21, "finishes": ["nonfoil", "signed"], "foreignData": [], "frameVersion": "1997", "hasFoil": false, "hasNonFoil": true, "identifiers": {"mcmId": "249774", "mtgjsonV4Id": "403467f2-ed67-5f6f-9191-15b6a58d0fc6", "scryfallCardBackId": "407ed11d-7b6f-4e1c-ab00-f49c25f170e3", "scryfallId": "de839585-564e-4d5c-9782-8ca6b021fc7b", "scryfallIllustrationId": "45d27b1b-9d3b-4309-b0f6-7ae9434554fe", "scryfallOracleId": "59b02ca7-e7bd-4820-ac32-87ea1a8c64c0", "tcgplayerProductId": "164923"}, "isFoil": false, "isReprint": true, "isReserved": true, "isStarter": true, "keywords": ["Buyback"], "language": "English", "layout": "normal", "legalities": {}, "manaCost": "{2}{B}", "manaValue": 3.0, "name": "Corpse Dance", "number": "js116", "printings": ["TMP", "TPR", "WC99"], "purchaseUrls": {"tcgplayer": "https://mtgjson.com/links/4ac6d47fe51c6f44"}, "rarity": "rare", "rulings": [{"date": "2004-10-04", "text": "Corpse Dance only exiles the card if the card is still on the battlefield at the beginning of the end step."}, {"date": "2008-04-01", "text": "The effect only grants Haste until the end of the current turn. If the creature somehow manages to stick around until a later turn, it will no longer have Haste."}], "setCode": "WC99", "signature": "Jakub Šlemr", "sourceProducts": {"nonfoil": ["d3446c61-c66e-56c6-8e10-32bdab78dda4"]}, "subtypes": [], "supertypes": [], "text": "Buyback {2} (You may pay an additional {2} as you cast this spell. If you do, put this card into your hand as it resolves.)\nReturn the top creature card of your graveyard to the battlefield. That creature gains haste until end of turn. Exile it at the beginning of the next end step.", "type": "Instant", "types": ["Instant"], "uuid": "71f63966-d8b2-59ea-97ec-ffcbe3cb65d8"}, {"artist": "Tom Fleming", "artistIds": ["e220996f-9956-4049-9485-8599b61ce8a9"], "availability": ["paper"], "borderColor": "gold", "colorIdentity": ["B"], "colors": ["B"], "convertedManaCost": 1.0, "count": 4, "edhrecRank": 48, "edhrecSaltiness": 0.55, "finishes": ["nonfoil", "signed"], "flavorText": "\"From void evolved Phyrexia. Great Yawgmoth, Father of Machines, saw its perfection. Thus The Grand Evolution began.\"\n—*Phyrexian Scriptures*", "foreignData": [], "frameVersion": "1997", "hasFoil": false, "hasNonFoil": true, "identifiers": {"mcmId": "249775", "mtgjsonV4Id": "52987dfd-e204-5d90-8988-642c35930c7f", "scryfallCardBackId": "407ed11d-7b6f-4e1c-ab00-f49c25f170e3", "scryfallId": "8b1f1d56-6771-4e53-912e-a81620df505e", "scryfallIllustrationId": "d4e12cc8-d06a-4978-aa20-ff4e6b77b7b3", "scryfallOracleId": "53f7c868-b03e-4fc2-8dcf-a75bbfa3272b", "tcgplayerProductId": "164925"}, "isFoil": false, "isReprint": true, "isStarter": true, "language": "English", "layout": "normal", "legalities": {}, "manaCost": "{B}", "manaValue": 1.0, "name": "Dark Ritual", "number": "js127", "printings": ["2ED", "30A", "3ED", "40K", "4BB", "4ED", "5ED", "A25", "BRB", "BTD", "CED", "CEI", "CST", "DDC", "DDE", "DKM", "DVD", "FBB", "G09", "HOP", "ICE", "ITP", "J21", "LEA", "LEB", "MB2", "ME4", "MIR", "MMQ", "MP2", "PLST", "PMEI", "PRM", "PTC", "RQS", "SLD", "SLP", "STA", "SUM", "TMP", "TPR", "USG", "V13", "VMA", "WC01", "WC99"], "purchaseUrls": {"tcgplayer": "https://mtgjson.com/links/d83d4f81663ec819"}, "rarity": "common", "setCode": "WC99", "signature": "Jakub Šlemr", "sourceProducts": {"nonfoil": ["d3446c61-c66e-56c6-8e10-32bdab78dda4"]}, "subtypes": [], "supertypes": [], "text": "Add {B}{B}{B}.", "type": "Instant", "types": ["Instant"], "uuid": "c9daed09-c39c-56a0-aaf7-f0ba76cb4415"}, {"artist": "Ron Spencer", "artistIds": ["dab52c11-0564-4207-a4a1-c1735c946a65"], "availability": ["paper"], "borderColor": "gold", "colorIdentity": ["B"], "colors": ["B"], "convertedManaCost": 2.0, "count": 4, "edhrecRank": 9823, "edhrecSaltiness": 0.06, "finishes": ["nonfoil", "signed"], "flavorText": "Greven *il*-Vec lifted Vhati off his feet. \"The fall will give you time to think on your failure.\"", "foreignData": [], "frameVersion": "1997", "hasFoil": false, "hasNonFoil": true, "identifiers": {"mcmId": "249776", "mtgjsonV4Id": "401f9c64-2735-56e4-849f-39423a376f10", "scryfallCardBackId": "407ed11d-7b6f-4e1c-ab00-f49c25f170e3", "scryfallId": "283982a8-e2a2-44dd-8f15-81c0f1e20d54", "scryfallIllustrationId": "080c6f23-5a4d-4a8d-99f3-4ee0ce252f86", "scryfallOracleId": "058917c1-21ab-488a-9f9c-591c55f3c596", "tcgplayerProductId": "164926"}, "isFoil": false, "isReprint": true, "isStarter": true, "language": "English", "layout": "normal", "legalities": {}, "manaCost": "{1}{B}", "manaValue": 2.0, "name": "Diabolic Edict", "number": "js128", "printings": ["A25", "BTD", "J22", "MH1", "MP2", "PAL01", "PLST", "PMEI", "PRM", "TMP", "TPR", "WC99"], "purchaseUrls": {"tcgplayer": "https://mtgjson.com/links/ed1d77df5accb16d"}, "rarity": "common", "setCode": "WC99", "signature": "Jakub Šlemr", "sourceProducts": {"nonfoil": ["d3446c61-c66e-56c6-8e10-32bdab78dda4"]}, "subtypes": [], "supertypes": [], "text": "Target player sacrifices a creature.", "type": "Instant", "types": ["Instant"], "uuid": "7e5584b6-8f0e-5530-bdb0-a2612a9d3aba"}, {"artist": "Chippy", "artistIds": ["a36f01a0-e51a-48b2-a556-b9b3bc73f969"], "availability": ["paper"], "borderColor": "gold", "colorIdentity": ["B"], "colors": ["B"], "convertedManaCost": 2.0, "count": 1, "edhrecRank": 22451, "finishes": ["nonfoil", "signed"], "flavorText": "The grave robbers arrived the day after the burial. They were a day too late.", "foreignData": [], "frameVersion": "1997", "hasFoil": false, "hasNonFoil": true, "identifiers": {"mcmId": "249777", "mtgjsonV4Id": "fc82519d-5b21-51a3-9bab-a2176de19e2a", "scryfallCardBackId": "407ed11d-7b6f-4e1c-ab00-f49c25f170e3", "scryfallId": "ce59d6be-5b43-45bd-94b6-366c823f749f", "scryfallIllustrationId": "409264a4-2a5c-4384-8103-3703fe4c04e3", "scryfallOracleId": "2c769dfc-79be-4fcb-840c-b72cafdd0a23", "tcgplayerProductId": "164939"}, "isFoil": false, "isReprint": true, "isStarter": true, "keywords": ["Cycling"], "language": "English", "layout": "normal", "legalities": {}, "manaCost": "{1}{B}", "manaValue": 2.0, "name": "Rapid Decay", "number": "js67", "printings": ["UDS", "WC99"], "purchaseUrls": {"tcgplayer": "https://mtgjson.com/links/d8230ed61f63bcd0"}, "rarity": "rare", "rulings": [{"date": "2004-10-04", "text": "You pick the cards during announcement. If any are not there on resolution, any others that are there are still affected."}], "setCode": "WC99", "signature": "Jakub Šlemr", "sourceProducts": {"nonfoil": ["d3446c61-c66e-56c6-8e10-32bdab78dda4"]}, "subtypes": [], "supertypes": [], "text": "Exile up to three target cards from a single graveyard.\nCycling {2} ({2}, Discard this card: Draw a card.)", "type": "Instant", "types": ["Instant"], "uuid": "88f6feff-b9c3-5cc1-b4a5-694fc8c2cb93", "variations": ["0c72024e-8e6d-5726-bab5-753964d02dfc"]}, {"artist": "Gary Leach", "artistIds": ["fb608209-fd37-435a-b2fb-a158aeb3f927"], "availability": ["paper"], "borderColor": "gold", "colorIdentity": ["B"], "colors": ["B"], "convertedManaCost": 1.0, "count": 1, "edhrecRank": 66, "edhrecSaltiness": 1.29, "finishes": ["nonfoil", "signed"], "flavorText": "\"I write upon clean white parchment with a sharp quill and the blood of my students, divining their secrets.\"\n—Shauku, Endbringer", "foreignData": [], "frameVersion": "1997", "hasFoil": false, "hasNonFoil": true, "identifiers": {"cardsphereId": "47312", "mcmId": "249779", "mtgjsonV4Id": "80ffcda4-0a1d-50b9-a72b-cb2e5c4e80ca", "scryfallCardBackId": "407ed11d-7b6f-4e1c-ab00-f49c25f170e3", "scryfallId": "796018f1-f1e0-41ab-be55-9cb61bb2e9fe", "scryfallIllustrationId": "1ffab604-294c-4568-aa4c-54a1205983e3", "scryfallOracleId": "ededbdae-d9dc-4206-9335-d7158f2d7700", "tcgplayerProductId": "164949"}, "isFoil": false, "isReprint": true, "isStarter": true, "language": "English", "layout": "normal", "legalities": {}, "manaCost": "{B}", "manaValue": 1.0, "name": "Vampiric Tutor", "number": "js161", "printings": ["6ED", "CMR", "DMR", "EMA", "G00", "J18", "OLEP", "PLST", "PRM", "VIS", "VMA", "WC99"], "purchaseUrls": {"tcgplayer": "https://mtgjson.com/links/56355a536b2b7802"}, "rarity": "rare", "rulings": [{"date": "2016-06-08", "text": "The \"shuffle and put the card on top\" is a single action. If an effect causes the top card of the library to be face up, the second card down is not revealed."}], "setCode": "WC99", "signature": "Jakub Šlemr", "sourceProducts": {"nonfoil": ["d3446c61-c66e-56c6-8e10-32bdab78dda4"]}, "subtypes": [], "supertypes": [], "text": "Search your library for a card, then shuffle and put that card on top. You lose 2 life.", "type": "Instant", "types": ["Instant"], "uuid": "acb2862b-932e-5ac4-99e7-0d01421d7c27"}, {"artist": "Lawrence Snelly", "artistIds": ["ef99ff34-0fa4-43bb-92c9-62e7bab1b228"], "availability": ["paper"], "borderColor": "gold", "colorIdentity": ["B"], "colors": ["B"], "convertedManaCost": 1.0, "count": 4, "edhrecRank": 3068, "edhrecSaltiness": 0.53, "finishes": ["nonfoil", "signed"], "flavorText": "\"We decide who is worthy of our works.\"\n—Gix, Yawgmoth praetor", "foreignData": [], "frameVersion": "1997", "hasFoil": false, "hasNonFoil": true, "identifiers": {"mcmId": "249780", "mtgjsonV4Id": "8b5b6882-fe06-53d5-a2a7-aa933ba444dc", "scryfallCardBackId": "407ed11d-7b6f-4e1c-ab00-f49c25f170e3", "scryfallId": "8b6538fb-7fea-41e2-93c8-d76e10e9782f", "scryfallIllustrationId": "92797dd7-06e3-4c95-b27a-de17dc3524c2", "scryfallOracleId": "33d405ea-7a9a-4970-b70f-9c05d90dd6f0", "tcgplayerProductId": "164927"}, "isFoil": false, "isReprint": true, "isStarter": true, "language": "English", "layout": "normal", "legalities": {}, "manaCost": "{B}", "manaValue": 1.0, "name": "Duress", "number": "js132", "printings": ["7ED", "DBL", "DDC", "DMR", "DTK", "DVD", "EMA", "F05", "IMA", "J21", "M10", "M11", "M13", "M14", "M19", "M20", "M21", "MD1", "MID", "ONE", "PAL00", "PANA", "PD3", "PIDW", "PLST", "PMEI", "PRM", "SLD", "STA", "USG", "WC01", "WC02", "WC99", "XLN"], "purchaseUrls": {"tcgplayer": "https://mtgjson.com/links/7ffe02be5909f436"}, "rarity": "common", "setCode": "WC99", "signature": "Jakub Šlemr", "sourceProducts": {"nonfoil": ["d3446c61-c66e-56c6-8e10-32bdab78dda4"]}, "subtypes": [], "supertypes": [], "text": "Target opponent reveals their hand. You choose a noncreature, nonland card from it. That player discards that card.", "type": "Sorcery", "types": ["Sorcery"], "uuid": "46782662-20dc-53cb-a859-f479437e02a4"}, {"artist": "Mike Kimble", "artistIds": ["06235390-cfc9-4418-827c-02d890bf54e5"], "availability": ["paper"], "borderColor": "gold", "colorIdentity": ["B"], "colors": ["B"], "convertedManaCost": 3.0, "count": 2, "edhrecRank": 22049, "edhrecSaltiness": 0.29, "finishes": ["nonfoil", "signed"], "flavorText": "There are medicines for all afflictions but idleness.\n—Suq'Ata saying", "foreignData": [], "frameVersion": "1997", "hasFoil": false, "hasNonFoil": true, "identifiers": {"mcmId": "249781", "mtgjsonV4Id": "daf4d579-93b6-55ff-91ea-1ea6d3c6fdf1", "scryfallCardBackId": "407ed11d-7b6f-4e1c-ab00-f49c25f170e3", "scryfallId": "df17adec-41ef-4f19-8af6-cdec1a5db6e7", "scryfallIllustrationId": "11e9d39a-342d-4a08-9495-395de5f36fcb", "scryfallOracleId": "c19e3560-d304-4d91-aa2a-463d7dbb35bb", "tcgplayerProductId": "164944"}, "isFoil": false, "isReprint": true, "isStarter": true, "language": "English", "layout": "normal", "legalities": {}, "manaCost": "{2}{B}", "manaValue": 3.0, "name": "Stupor", "number": "js158", "printings": ["6ED", "MIR", "PAL00", "PLST", "PRM", "TSB", "WC99"], "purchaseUrls": {"tcgplayer": "https://mtgjson.com/links/404ca6965c7fb26d"}, "rarity": "uncommon", "setCode": "WC99", "signature": "Jakub Šlemr", "sourceProducts": {"nonfoil": ["d3446c61-c66e-56c6-8e10-32bdab78dda4"]}, "subtypes": [], "supertypes": [], "text": "Target opponent discards a card at random, then discards a card.", "type": "Sorcery", "types": ["Sorcery"], "uuid": "e29a725e-4ccb-54f6-bee5-6a17cf326f42"}, {"artist": "Ron Spencer", "artistIds": ["dab52c11-0564-4207-a4a1-c1735c946a65"], "availability": ["paper"], "borderColor": "gold", "colorIdentity": ["B"], "colors": ["B"], "convertedManaCost": 3.0, "count": 3, "edhrecRank": 2360, "edhrecSaltiness": 1.18, "finishes": ["nonfoil", "signed"], "foreignData": [], "frameVersion": "1997", "hasFoil": false, "hasNonFoil": true, "identifiers": {"cardsphereId": "47320", "mcmId": "249782", "mtgjsonV4Id": "6c00f3e5-d526-5424-9adc-73b806c16fe3", "scryfallCardBackId": "407ed11d-7b6f-4e1c-ab00-f49c25f170e3", "scryfallId": "2d9dd0bc-6169-4fce-96ed-0e929e2902a6", "scryfallIllustrationId": "1eb67adf-187c-47e5-9fac-8db33729aaae", "scryfallOracleId": "322f0459-f394-44f0-977b-55fd0cbe0712", "tcgplayerProductId": "164951"}, "isFoil": false, "isReprint": true, "isReserved": true, "isStarter": true, "language": "English", "layout": "normal", "legalities": {}, "manaCost": "{2}{B}", "manaValue": 3.0, "name": "Yawgmoth's Will", "number": "js171", "printings": ["G07", "PRM", "USG", "VMA", "WC00", "WC99"], "purchaseUrls": {"tcgplayer": "https://mtgjson.com/links/00d6b7e017220feb"}, "rarity": "rare", "rulings": [{"date": "2004-10-04", "text": "If an effect asks you to discard a card, you can’t “discard” something that is in your graveyard. Those cards are not in your hand. Thus, Cycling abilities of cards in the graveyard can’t be activated."}, {"date": "2004-10-04", "text": "If you cast a Buyback spell, then there will be two effects trying to replace where the card goes. You get to choose if the Buyback returns the card to your hand or the card gets exiled."}, {"date": "2004-10-04", "text": "If you play a card using Yawgmoth’s Will and something triggers only when “cast from your hand”, that something will not trigger. Such things trigger based on where the card came from."}, {"date": "2004-10-04", "text": "It will exile itself since it goes to the graveyard after its effect starts."}, {"date": "2004-10-04", "text": "The second ability creates a replacement effect. It applies to both costs and effects."}, {"date": "2004-10-04", "text": "To “play a card” is to either cast a spell or to put a land onto the battlefield using the main phase special action."}, {"date": "2006-10-15", "text": "You cannot Suspend a card from your graveyard, only your hand."}], "setCode": "WC99", "signature": "Jakub Šlemr", "sourceProducts": {"nonfoil": ["d3446c61-c66e-56c6-8e10-32bdab78dda4"]}, "subtypes": [], "supertypes": [], "text": "Until end of turn, you may play lands and cast spells from your graveyard.\nIf a card would be put into your graveyard from anywhere this turn, exile that card instead.", "type": "Sorcery", "types": ["Sorcery"], "uuid": "37f6700b-4fd6-5d55-a1d6-1386c3cf088e"}, {"artist": "Rob Alexander", "artistIds": ["35906871-6c78-4ab2-9ed1-e6792c8efb74"], "availability": ["paper"], "borderColor": "gold", "colorIdentity": ["B"], "colors": [], "convertedManaCost": 0.0, "count": 2, "edhrecRank": 10916, "edhrecSaltiness": 0.06, "finishes": ["nonfoil", "signed"], "foreignData": [], "frameVersion": "1997", "hasFoil": false, "hasNonFoil": true, "identifiers": {"mcmId": "249783", "mtgjsonV4Id": "00a4b301-7d93-54b4-b9e7-94127faa4737", "scryfallCardBackId": "407ed11d-7b6f-4e1c-ab00-f49c25f170e3", "scryfallId": "7cb5cfee-84d0-4f3c-a9d7-fe18991e8684", "scryfallIllustrationId": "9ce3d97e-f1f3-46ea-adf3-e3e0fce3c110", "scryfallOracleId": "f3bf22cf-0a6f-4fb6-ba82-63ce290308d6", "tcgplayerProductId": "164941"}, "isFoil": false, "isReprint": true, "isStarter": true, "language": "English", "layout": "normal", "legalities": {}, "manaValue": 0.0, "name": "Spawning Pool", "number": "js142", "printings": ["10E", "ULG", "WC99"], "purchaseUrls": {"tcgplayer": "https://mtgjson.com/links/04a8e49308b49e8c"}, "rarity": "uncommon", "rulings": [{"date": "2008-08-01", "text": "A noncreature permanent that turns into a creature can attack, and its {T} abilities can be activated, only if its controller has continuously controlled that permanent since the beginning of their most recent turn. It doesn’t matter how long the permanent has been a creature."}, {"date": "2009-10-01", "text": "Activating the ability that turns it into a creature while it’s already a creature will override any effects that set its power and/or toughness to a specific number. However, any effect that raises or lowers power and/or toughness (such as the effect created by Giant Growth, Glorious Anthem, or a +1/+1 counter) will continue to apply."}], "setCode": "WC99", "signature": "Jakub Šlemr", "sourceProducts": {"nonfoil": ["d3446c61-c66e-56c6-8e10-32bdab78dda4"]}, "subtypes": [], "supertypes": [], "text": "Spawning Pool enters tapped.\n{T}: Add {B}.\n{1}{B}: Spawning Pool becomes a 1/1 black Skeleton creature with \"{B}: Regenerate this creature\" until end of turn. It's still a land. (If it regenerates, the next time it would be destroyed this turn, it isn't. Instead tap it, remove all damage from it, and remove it from combat.)", "type": "Land", "types": ["Land"], "uuid": "bf2e40db-fcba-59db-aaf0-560887cf4bd7"}, {"artist": "John Avon", "artistIds": ["798f3932-30e0-4420-aa3f-db4d613f89ca"], "availability": ["paper"], "borderColor": "gold", "colorIdentity": ["B"], "colors": [], "convertedManaCost": 0.0, "count": 5, "edhrecSaltiness": 0.29, "finishes": ["nonfoil", "signed"], "foreignData": [], "frameVersion": "1997", "hasFoil": false, "hasNonFoil": true, "identifiers": {"mcmId": "249784", "mtgjsonV4Id": "ef55e91e-8a0d-5899-8ace-63d61d4acbb5", "scryfallCardBackId": "407ed11d-7b6f-4e1c-ab00-f49c25f170e3", "scryfallId": "aa6b4b26-f5a1-4932-b1a8-afff458d206b", "scryfallIllustrationId": "af0b892a-1a61-4293-b942-12c934600e49", "scryfallOracleId": "56719f6a-1a6c-4c0a-8d21-18f7d7350b68", "tcgplayerProductId": "164947"}, "isFoil": false, "isReprint": true, "isStarter": true, "language": "English", "layout": "normal", "legalities": {}, "manaValue": 0.0, "name": "Swamp", "number": "js339", "printings": ["10E", "2ED", "2XM", "30A", "3ED", "40K", "4BB", "4ED", "5ED", "6ED", "7ED", "8ED", "9ED", "ACR", "AFR", "AKH", "AKR", "ALA", "ANA", "ANB", "ARC", "ATH", "AVR", "BBD", "BFZ", "BLB", "BRB", "BRC", "BRO", "BTD", "C13", "C14", "C15", "C16", "C17", "C18", "C19", "CED", "CEI", "CHK", "CLB", "CLU", "CM2", "CMA", "CMD", "CMM", "CST", "DDC", "DDD", "DDE", "DDH", "DDJ", "DDK", "DDM", "DDN", "DDP", "DDQ", "DDR", "DKM", "DMR", "DMU", "DOM", "DPA", "DSK", "DTK", "DVD", "E01", "ELD", "FBB", "FDN", "FRF", "G17", "GK1", "GK2", "GN2", "GN3", "GNT", "GRN", "GVL", "H09", "HBG", "HOP", "HOU", "ICE", "IKO", "INV", "ISD", "ITP", "J14", "J22", "JMP", "KHM", "KLD", "KLR", "KTK", "LCI", "LEA", "LEB", "LRW", "LTR", "M10", "M11", "M12", "M13", "M14", "M15", "M19", "M20", "M21", "MBS", "MD1", "ME1", "ME3", "MH2", "MH3", "MID", "MIR", "MKM", "MMQ", "MOM", "MRD", "NEO", "NPH", "ODY", "OLEP", "ONE", "ONS", "ORI", "OTJ", "P02", "P23", "PAL00", "PAL01", "PAL03", "PAL04", "PAL05", "PAL06", "PAL99", "PALP", "PANA", "PARL", "PC2", "PCA", "PD3", "PELP", "PF19", "PF20", "PGPX", "PGRU", "PHUK", "PIP", "PLST", "PMPS", "PMPS06", "PMPS07", "PMPS08", "PMPS09", "PMPS10", "PMPS11", "POR", "PPP1", "PRM", "PRW2", "PRWK", "PS11", "PSAL", "PSS2", "PSS3", "PSS4", "PTC", "PTK", "RAV", "REX", "RIX", "RNA", "ROE", "RQS", "RTR", "S99", "SCD", "SHM", "SIR", "SLD", "SNC", "SOI", "SOM", "STX", "SUM", "TD0", "TD2", "THB", "THS", "TMP", "TPR", "TSP", "UGL", "UND", "UNF", "UNH", "USG", "UST", "VOW", "WAR", "WC01", "WC02", "WC03", "WC97", "WC98", "WC99", "WHO", "WOE", "XANA", "XLN", "ZEN", "ZNR"], "purchaseUrls": {"tcgplayer": "https://mtgjson.com/links/6bb7fb26b3e9ec79"}, "rarity": "common", "setCode": "WC99", "signature": "Jakub Šlemr", "sourceProducts": {"nonfoil": ["d3446c61-c66e-56c6-8e10-32bdab78dda4"]}, "subtypes": ["Swamp"], "supertypes": ["Basic"], "text": "({T}: Add {B}.)", "type": "Basic Land — Swamp", "types": ["Land"], "uuid": "b2f29b41-d5bf-5d45-bc9f-0b209229659d", "variations": ["6f7748f8-c5c5-51f4-8257-21cc3e5122be", "38b3024c-47a6-560f-990f-002c8b4c0ea9"]}, {"artist": "Brom", "artistIds": ["bd79c951-2552-45dd-aae7-a333c2b7c1ef"], "availability": ["paper"], "borderColor": "gold", "colorIdentity": ["B"], "colors": [], "convertedManaCost": 0.0, "count": 5, "edhrecSaltiness": 0.29, "finishes": ["nonfoil", "signed"], "foreignData": [], "frameVersion": "1997", "hasFoil": false, "hasNonFoil": true, "identifiers": {"mtgjsonV4Id": "b5ad6b1c-0c41-5109-bbd6-9326f903e683", "scryfallCardBackId": "407ed11d-7b6f-4e1c-ab00-f49c25f170e3", "scryfallId": "a1973dcf-b22c-478a-b782-6d355cb74904", "scryfallIllustrationId": "bf15950f-cff4-442c-ab48-96f2042d49a2", "scryfallOracleId": "56719f6a-1a6c-4c0a-8d21-18f7d7350b68", "tcgplayerProductId": "164945"}, "isFoil": false, "isReprint": true, "isStarter": true, "language": "English", "layout": "normal", "legalities": {}, "manaValue": 0.0, "name": "Swamp", "number": "js340a", "printings": ["10E", "2ED", "2XM", "30A", "3ED", "40K", "4BB", "4ED", "5ED", "6ED", "7ED", "8ED", "9ED", "ACR", "AFR", "AKH", "AKR", "ALA", "ANA", "ANB", "ARC", "ATH", "AVR", "BBD", "BFZ", "BLB", "BRB", "BRC", "BRO", "BTD", "C13", "C14", "C15", "C16", "C17", "C18", "C19", "CED", "CEI", "CHK", "CLB", "CLU", "CM2", "CMA", "CMD", "CMM", "CST", "DDC", "DDD", "DDE", "DDH", "DDJ", "DDK", "DDM", "DDN", "DDP", "DDQ", "DDR", "DKM", "DMR", "DMU", "DOM", "DPA", "DSK", "DTK", "DVD", "E01", "ELD", "FBB", "FDN", "FRF", "G17", "GK1", "GK2", "GN2", "GN3", "GNT", "GRN", "GVL", "H09", "HBG", "HOP", "HOU", "ICE", "IKO", "INV", "ISD", "ITP", "J14", "J22", "JMP", "KHM", "KLD", "KLR", "KTK", "LCI", "LEA", "LEB", "LRW", "LTR", "M10", "M11", "M12", "M13", "M14", "M15", "M19", "M20", "M21", "MBS", "MD1", "ME1", "ME3", "MH2", "MH3", "MID", "MIR", "MKM", "MMQ", "MOM", "MRD", "NEO", "NPH", "ODY", "OLEP", "ONE", "ONS", "ORI", "OTJ", "P02", "P23", "PAL00", "PAL01", "PAL03", "PAL04", "PAL05", "PAL06", "PAL99", "PALP", "PANA", "PARL", "PC2", "PCA", "PD3", "PELP", "PF19", "PF20", "PGPX", "PGRU", "PHUK", "PIP", "PLST", "PMPS", "PMPS06", "PMPS07", "PMPS08", "PMPS09", "PMPS10", "PMPS11", "POR", "PPP1", "PRM", "PRW2", "PRWK", "PS11", "PSAL", "PSS2", "PSS3", "PSS4", "PTC", "PTK", "RAV", "REX", "RIX", "RNA", "ROE", "RQS", "RTR", "S99", "SCD", "SHM", "SIR", "SLD", "SNC", "SOI", "SOM", "STX", "SUM", "TD0", "TD2", "THB", "THS", "TMP", "TPR", "TSP", "UGL", "UND", "UNF", "UNH", "USG", "UST", "VOW", "WAR", "WC01", "WC02", "WC03", "WC97", "WC98", "WC99", "WHO", "WOE", "XANA", "XLN", "ZEN", "ZNR"], "purchaseUrls": {"tcgplayer": "https://mtgjson.com/links/8d21d1b563b757c5"}, "rarity": "common", "setCode": "WC99", "signature": "Jakub Šlemr", "sourceProducts": {"nonfoil": ["d3446c61-c66e-56c6-8e10-32bdab78dda4"]}, "subtypes": ["Swamp"], "supertypes": ["Basic"], "text": "({T}: Add {B}.)", "type": "Basic Land — Swamp", "types": ["Land"], "uuid": "6f7748f8-c5c5-51f4-8257-21cc3e5122be", "variations": ["b2f29b41-d5bf-5d45-bc9f-0b209229659d", "38b3024c-47a6-560f-990f-002c8b4c0ea9"]}, {"artist": "Dan Frazier", "artistIds": ["059bba56-5feb-42e4-8c2e-e2f1e6ba11f9"], "availability": ["paper"], "borderColor": "gold", "colorIdentity": ["B"], "colors": [], "convertedManaCost": 0.0, "count": 5, "edhrecSaltiness": 0.29, "finishes": ["nonfoil", "signed"], "foreignData": [], "frameVersion": "1997", "hasFoil": false, "hasNonFoil": true, "identifiers": {"mtgjsonV4Id": "11ba3cf4-63a4-5fd2-8e30-e3ac7e036682", "scryfallCardBackId": "407ed11d-7b6f-4e1c-ab00-f49c25f170e3", "scryfallId": "c11d5d19-382f-4c63-b0bf-6a44fcd288b0", "scryfallIllustrationId": "ee08e97b-434b-4728-85b3-be5249883021", "scryfallOracleId": "56719f6a-1a6c-4c0a-8d21-18f7d7350b68", "tcgplayerProductId": "164946"}, "isFoil": false, "isReprint": true, "isStarter": true, "language": "English", "layout": "normal", "legalities": {}, "manaValue": 0.0, "name": "Swamp", "number": "js340b", "printings": ["10E", "2ED", "2XM", "30A", "3ED", "40K", "4BB", "4ED", "5ED", "6ED", "7ED", "8ED", "9ED", "ACR", "AFR", "AKH", "AKR", "ALA", "ANA", "ANB", "ARC", "ATH", "AVR", "BBD", "BFZ", "BLB", "BRB", "BRC", "BRO", "BTD", "C13", "C14", "C15", "C16", "C17", "C18", "C19", "CED", "CEI", "CHK", "CLB", "CLU", "CM2", "CMA", "CMD", "CMM", "CST", "DDC", "DDD", "DDE", "DDH", "DDJ", "DDK", "DDM", "DDN", "DDP", "DDQ", "DDR", "DKM", "DMR", "DMU", "DOM", "DPA", "DSK", "DTK", "DVD", "E01", "ELD", "FBB", "FDN", "FRF", "G17", "GK1", "GK2", "GN2", "GN3", "GNT", "GRN", "GVL", "H09", "HBG", "HOP", "HOU", "ICE", "IKO", "INV", "ISD", "ITP", "J14", "J22", "JMP", "KHM", "KLD", "KLR", "KTK", "LCI", "LEA", "LEB", "LRW", "LTR", "M10", "M11", "M12", "M13", "M14", "M15", "M19", "M20", "M21", "MBS", "MD1", "ME1", "ME3", "MH2", "MH3", "MID", "MIR", "MKM", "MMQ", "MOM", "MRD", "NEO", "NPH", "ODY", "OLEP", "ONE", "ONS", "ORI", "OTJ", "P02", "P23", "PAL00", "PAL01", "PAL03", "PAL04", "PAL05", "PAL06", "PAL99", "PALP", "PANA", "PARL", "PC2", "PCA", "PD3", "PELP", "PF19", "PF20", "PGPX", "PGRU", "PHUK", "PIP", "PLST", "PMPS", "PMPS06", "PMPS07", "PMPS08", "PMPS09", "PMPS10", "PMPS11", "POR", "PPP1", "PRM", "PRW2", "PRWK", "PS11", "PSAL", "PSS2", "PSS3", "PSS4", "PTC", "PTK", "RAV", "REX", "RIX", "RNA", "ROE", "RQS", "RTR", "S99", "SCD", "SHM", "SIR", "SLD", "SNC", "SOI", "SOM", "STX", "SUM", "TD0", "TD2", "THB", "THS", "TMP", "TPR", "TSP", "UGL", "UND", "UNF", "UNH", "USG", "UST", "VOW", "WAR", "WC01", "WC02", "WC03", "WC97", "WC98", "WC99", "WHO", "WOE", "XANA", "XLN", "ZEN", "ZNR"], "purchaseUrls": {"tcgplayer": "https://mtgjson.com/links/18d453738c68236f"}, "rarity": "common", "setCode": "WC99", "signature": "Jakub Šlemr", "sourceProducts": {"nonfoil": ["d3446c61-c66e-56c6-8e10-32bdab78dda4"]}, "subtypes": ["Swamp"], "supertypes": ["Basic"], "text": "({T}: Add {B}.)", "type": "Basic Land — Swamp", "types": ["Land"], "uuid": "38b3024c-47a6-560f-990f-002c8b4c0ea9", "variations": ["b2f29b41-d5bf-5d45-bc9f-0b209229659d", "6f7748f8-c5c5-51f4-8257-21cc3e5122be"]}, {"artist": "Kev Walker", "artistIds": ["f366a0ee-a0cd-466d-ba6a-90058c7a31a6"], "availability": ["paper"], "borderColor": "gold", "colorIdentity": ["B"], "colors": [], "convertedManaCost": 0.0, "count": 1, "edhrecRank": 2270, "edhrecSaltiness": 0.26, "finishes": ["nonfoil", "signed"], "flavorText": "The seed of a world's evil.", "foreignData": [], "frameVersion": "1997", "hasFoil": false, "hasNonFoil": true, "identifiers": {"cardsphereId": "47314", "mcmId": "249788", "mtgjsonV4Id": "5267b882-7b5d-5bc1-8731-a94cdc409f0a", "scryfallCardBackId": "407ed11d-7b6f-4e1c-ab00-f49c25f170e3", "scryfallId": "b0845c9e-3ab5-4ee5-8bb6-1d83053028a3", "scryfallIllustrationId": "e5033346-9fdd-4768-a322-ea0385563ea4", "scryfallOracleId": "73b8cf90-3c71-4f8b-a29f-61894b7f27c9", "tcgplayerProductId": "164950"}, "isFoil": false, "isReprint": true, "isReserved": true, "isStarter": true, "language": "English", "layout": "normal", "legalities": {}, "manaValue": 0.0, "name": "Volrath's Stronghold", "number": "js143", "printings": ["STH", "TPR", "WC98", "WC99"], "purchaseUrls": {"tcgplayer": "https://mtgjson.com/links/8684b5e4372deeb6"}, "rarity": "rare", "setCode": "WC99", "signature": "Jakub Šlemr", "sourceProducts": {"nonfoil": ["d3446c61-c66e-56c6-8e10-32bdab78dda4"]}, "subtypes": [], "supertypes": ["Legendary"], "text": "{T}: Add {C}.\n{1}{B}, {T}: Put target creature card from your graveyard on top of your library.", "type": "Legendary Land", "types": ["Land"], "uuid": "557215d8-0e92-5e91-9adf-b740c58a32e5"}, {"artist": "Una Fricker", "artistIds": ["0471a371-1bf8-49f2-8e76-cbe3a0bfa7e8"], "availability": ["paper"], "borderColor": "gold", "colorIdentity": [], "colors": [], "convertedManaCost": 0.0, "count": 4, "edhrecRank": 1033, "edhrecSaltiness": 0.76, "finishes": ["nonfoil", "signed"], "flavorText": "\"The land promises nothing and keeps its promise.\"\n—Oracle *en*-Vec", "foreignData": [], "frameVersion": "1997", "hasFoil": false, "hasNonFoil": true, "identifiers": {"cardsphereId": "47316", "mcmId": "249789", "mtgjsonV4Id": "a858afdc-3095-58b0-80d6-dcd3d41f6895", "scryfallCardBackId": "407ed11d-7b6f-4e1c-ab00-f49c25f170e3", "scryfallId": "c30379d7-a441-479c-bd39-d1f4ad86bcb7", "scryfallIllustrationId": "38cf1045-0520-4a67-a25e-dc7bb3acead6", "scryfallOracleId": "09a70ae8-3859-4a09-901d-dce063fa3b5f", "tcgplayerProductId": "162391"}, "isFoil": false, "isReprint": true, "isStarter": true, "language": "English", "layout": "normal", "legalities": {}, "manaValue": 0.0, "name": "Wasteland", "number": "js330", "printings": ["EMA", "EXP", "G10", "J15", "LTC", "MB2", "MPR", "OLGC", "PIP", "PRM", "SLD", "TMP", "TPR", "WC98", "WC99", "ZNE"], "purchaseUrls": {"tcgplayer": "https://mtgjson.com/links/5e90e2db8cce7366"}, "rarity": "uncommon", "setCode": "WC99", "signature": "Jakub Šlemr", "sourceProducts": {"nonfoil": ["d3446c61-c66e-56c6-8e10-32bdab78dda4"]}, "subtypes": [], "supertypes": [], "text": "{T}: Add {C}.\n{T}, Sacrifice Wasteland: Destroy target nonbasic land.", "type": "Land", "types": ["Land"], "uuid": "aa6c5cb3-65d7-583c-a39f-3c1c57137677", "variations": ["a0f67c1d-2b68-5ac6-a7a8-3da8754b9f0a"]}], "name": "Jakub Šlemr - Mono-Black Control", "releaseDate": "1999-08-04", "sealedProductUuids": null, "sideBoard": [{"artist": "Kaja Foglio", "artistIds": ["e8b85539-756a-4eac-ac66-a2258d7cf547"], "availability": ["paper"], "borderColor": "gold", "colorIdentity": [], "colors": [], "convertedManaCost": 3.0, "count": 1, "edhrecRank": 12381, "edhrecSaltiness": 0.33, "finishes": ["nonfoil", "signed"], "flavorText": "\"I am reminded of the fable of the silver egg. Its owner cracks it open to see what jewels it holds, only to discover a simple yellow yolk.\"\n—Karn, silver golem", "foreignData": [], "frameVersion": "1997", "hasFoil": false, "hasNonFoil": true, "identifiers": {"mtgjsonV4Id": "e6f8d884-91ef-5368-a912-b70339ea819b", "scryfallCardBackId": "407ed11d-7b6f-4e1c-ab00-f49c25f170e3", "scryfallId": "c39aa7d3-97da-4962-a0e5-a1bc17ff0ebc", "scryfallIllustrationId": "287814b9-06e1-4c88-8068-bd2a7323e282", "scryfallOracleId": "54b5e429-7a44-480d-bea4-4f8eeb7449b5", "tcgplayerProductId": "164920"}, "isAlternative": true, "isFoil": false, "isReprint": true, "isStarter": true, "language": "English", "layout": "normal", "legalities": {}, "manaCost": "{3}", "manaValue": 3.0, "name": "Bottle Gnomes", "number": "js278sb", "power": "1", "printings": ["10E", "9ED", "C14", "CM2", "DD2", "F03", "JVC", "MRD", "PLST", "PRM", "PS11", "TMP", "TPR", "WC98", "WC99"], "purchaseUrls": {"tcgplayer": "https://mtgjson.com/links/60c30a7e7db63473"}, "rarity": "uncommon", "setCode": "WC99", "signature": "Jakub Šlemr", "sourceProducts": {"nonfoil": ["d3446c61-c66e-56c6-8e10-32bdab78dda4"]}, "subtypes": ["Gnome"], "supertypes": [], "text": "Sacrifice Bottle Gnomes: You gain 3 life.", "toughness": "3", "type": "Artifact Creature — Gnome", "types": ["Artifact", "Creature"], "uuid": "2cabb46e-21c3-5c1c-97e8-5caf71c8b645", "variations": ["82014e55-6df2-512d-9d94-b149965fd0d9"]}, {"artist": "Ron Spencer", "artistIds": ["dab52c11-0564-4207-a4a1-c1735c946a65"], "availability": ["paper"], "borderColor": "gold", "colorIdentity": ["B"], "colors": ["B"], "convertedManaCost": 1.0, "count": 2, "edhrecRank": 17943, "edhrecSaltiness": 0.08, "finishes": ["nonfoil", "signed"], "flavorText": "It's all fun and games until someone loses an eye.", "foreignData": [], "frameVersion": "1997", "hasFoil": false, "hasNonFoil": true, "identifiers": {"mcmId": "249791", "mtgjsonV4Id": "26c21996-2ceb-5093-8721-deeb1862d6af", "scryfallCardBackId": "407ed11d-7b6f-4e1c-ab00-f49c25f170e3", "scryfallId": "524c21ae-793f-4cb8-ab51-975afc8a409c", "scryfallIllustrationId": "98cb1ac6-f369-4bca-9b40-729e29a267ce", "scryfallOracleId": "d64a51be-2dd1-485f-98fa-c93d4c296e68", "tcgplayerProductId": "164922"}, "isFoil": false, "isReprint": true, "isStarter": true, "language": "English", "layout": "normal", "legalities": {}, "manaCost": "{B}", "manaValue": 1.0, "name": "Carrion Beetles", "number": "js122sb", "power": "1", "printings": ["USG", "WC99"], "purchaseUrls": {"tcgplayer": "https://mtgjson.com/links/46e79af241996a2b"}, "rarity": "common", "rulings": [{"date": "2004-10-04", "text": "If any of the targets are not there on resolution, the others are still affected."}, {"date": "2004-10-04", "text": "You pick the 0, 1, 2, or 3 target cards on announcement."}], "setCode": "WC99", "signature": "Jakub Šlemr", "sourceProducts": {"nonfoil": ["d3446c61-c66e-56c6-8e10-32bdab78dda4"]}, "subtypes": ["Insect"], "supertypes": [], "text": "{2}{B}, {T}: Exile up to three target cards from a single graveyard.", "toughness": "1", "type": "Creature — Insect", "types": ["Creature"], "uuid": "73702cb4-840c-5bcf-891c-8da1ab2bd9f8"}, {"artist": "Hannibal King", "artistIds": ["47fa68ed-4d79-4116-a562-fc0c11096e81"], "availability": ["paper"], "borderColor": "gold", "colorIdentity": ["B"], "colors": ["B"], "convertedManaCost": 4.0, "count": 1, "edhrecRank": 20128, "edhrecSaltiness": 0.27, "finishes": ["nonfoil", "signed"], "foreignData": [], "frameVersion": "1997", "hasFoil": false, "hasNonFoil": true, "identifiers": {"mcmId": "249792", "mtgjsonV4Id": "ed6e024e-485a-53e8-86ff-052eb5ca5d77", "scryfallCardBackId": "407ed11d-7b6f-4e1c-ab00-f49c25f170e3", "scryfallId": "139f9fe4-7120-48ac-a9bd-548374452024", "scryfallIllustrationId": "01bbf230-a8d3-48e3-9512-603c6e26c739", "scryfallOracleId": "c0d3dfc0-1ff2-4ac3-98eb-32eaa5b84c05", "tcgplayerProductId": "164928"}, "isFoil": false, "isReprint": true, "isStarter": true, "keywords": ["Buyback"], "language": "English", "layout": "normal", "legalities": {}, "manaCost": "{2}{B}{B}", "manaValue": 4.0, "name": "Evincar's Justice", "number": "js134sb", "printings": ["CMA", "CMD", "PLST", "TMP", "TPR", "WC99"], "purchaseUrls": {"tcgplayer": "https://mtgjson.com/links/820edc919aede6b1"}, "rarity": "common", "setCode": "WC99", "signature": "Jakub Šlemr", "sourceProducts": {"nonfoil": ["d3446c61-c66e-56c6-8e10-32bdab78dda4"]}, "subtypes": [], "supertypes": [], "text": "Buyback {3} (You may pay an additional {3} as you cast this spell. If you do, put this card into your hand as it resolves.)\nEvincar's Justice deals 2 damage to each creature and each player.", "type": "Sorcery", "types": ["Sorcery"], "uuid": "0b4a35ce-b123-5b37-b0ce-fe6807b48698"}, {"artist": "Brom", "artistIds": ["bd79c951-2552-45dd-aae7-a333c2b7c1ef"], "availability": ["paper"], "borderColor": "gold", "colorIdentity": ["B"], "colors": ["B"], "convertedManaCost": 5.0, "count": 1, "edhrecRank": 6941, "edhrecSaltiness": 0.62, "finishes": ["nonfoil", "signed"], "flavorText": "\"I will flay the skin from your flesh and the flesh from your bones and scrape your bones dry. And still you will not have suffered enough.\"\n—Greven *il*-Vec, to Gerrard", "foreignData": [], "frameVersion": "1997", "hasFoil": false, "hasNonFoil": true, "identifiers": {"cardsphereId": "47273", "mcmId": "249793", "mtgjsonV4Id": "f81ddea0-77dc-56e4-8d20-cbea5a852283", "scryfallCardBackId": "407ed11d-7b6f-4e1c-ab00-f49c25f170e3", "scryfallId": "f90ac2ef-fd2c-48e5-a90b-4404dc27e96b", "scryfallIllustrationId": "b44d5067-4648-4557-b9df-39f4c9593eec", "scryfallOracleId": "40601061-1b25-4db8-8b99-33324ce945cf", "tcgplayerProductId": "164931"}, "isFoil": false, "isReprint": true, "isReserved": true, "isStarter": true, "language": "English", "layout": "normal", "legalities": {}, "manaCost": "{3}{B}{B}", "manaValue": 5.0, "name": "Hatred", "number": "js64sb", "printings": ["EXO", "WC99"], "purchaseUrls": {"tcgplayer": "https://mtgjson.com/links/857335057d59d151"}, "rarity": "rare", "rulings": [{"date": "2004-10-04", "text": "The life payment is part of the cost to cast Hatred, so it is lost if this spell is countered."}], "setCode": "WC99", "signature": "Jakub Šlemr", "sourceProducts": {"nonfoil": ["d3446c61-c66e-56c6-8e10-32bdab78dda4"]}, "subtypes": [], "supertypes": [], "text": "As an additional cost to cast this spell, pay X life.\nTarget creature gets +X/+0 until end of turn.", "type": "Instant", "types": ["Instant"], "uuid": "ada48c40-2bd7-5cd4-97a8-b5111b5deb0e"}, {"artist": "Rebecca Guay", "artistIds": ["f8f662fa-d597-46a3-afb2-91d6e13243e2"], "availability": ["paper"], "borderColor": "gold", "colorIdentity": ["B"], "colors": ["B"], "convertedManaCost": 3.0, "count": 2, "edhrecRank": 19524, "edhrecSaltiness": 0.5, "finishes": ["nonfoil", "signed"], "flavorText": "\"There will come a time when the voices of soil and seedling will sing only laments.\"\n—Oracle *en*-Vec", "foreignData": [], "frameVersion": "1997", "hasFoil": false, "hasNonFoil": true, "identifiers": {"mcmId": "249794", "mtgjsonV4Id": "b7eb7178-1d88-5a28-b7dc-37357832e303", "scryfallCardBackId": "407ed11d-7b6f-4e1c-ab00-f49c25f170e3", "scryfallId": "7698d0c8-c9ed-42a5-b53e-75daac60a8d6", "scryfallIllustrationId": "aefbf475-f60a-434f-9f78-bd0873970172", "scryfallOracleId": "dd84d291-cb7a-4f44-81cd-9f1181bb5ae5", "tcgplayerProductId": "164932"}, "isFoil": false, "isReprint": true, "isStarter": true, "language": "English", "layout": "normal", "legalities": {}, "manaCost": "{2}{B}", "manaValue": 3.0, "name": "Perish", "number": "js147sb", "printings": ["6ED", "PLST", "TMP", "WC99"], "purchaseUrls": {"tcgplayer": "https://mtgjson.com/links/2827e857eebb69a4"}, "rarity": "uncommon", "setCode": "WC99", "signature": "Jakub Šlemr", "sourceProducts": {"nonfoil": ["d3446c61-c66e-56c6-8e10-32bdab78dda4"]}, "subtypes": [], "supertypes": [], "text": "Destroy all green creatures. They can't be regenerated.", "type": "Sorcery", "types": ["Sorcery"], "uuid": "093270da-6a05-580d-b8ed-13cf40938d32"}, {"artist": "D. Alexander Gregory", "artistIds": ["38433e15-f0f5-4223-a985-2d13c4aa0922"], "availability": ["paper"], "borderColor": "gold", "colorIdentity": ["B"], "colors": ["B"], "convertedManaCost": 4.0, "count": 1, "edhrecRank": 19612, "edhrecSaltiness": 1.14, "finishes": ["nonfoil", "signed"], "flavorText": "\"My finest warrior was lost to the Phyrexians. I pray that Lady Selenia died honorably.\"\n—Radiant, archangel", "foreignData": [], "frameVersion": "1997", "hasFoil": false, "hasNonFoil": true, "identifiers": {"mcmId": "249795", "mtgjsonV4Id": "80c0a0c8-b942-5060-8aea-d48a0cd7428d", "scryfallCardBackId": "407ed11d-7b6f-4e1c-ab00-f49c25f170e3", "scryfallId": "b5b3e2b1-029c-43f2-882b-cdc0f429f694", "scryfallIllustrationId": "177ca197-3071-4975-a637-de7fbb143692", "scryfallOracleId": "676c4cfa-f929-43aa-95cc-df81a596c2a2", "tcgplayerProductId": "164933"}, "isFoil": false, "isReprint": true, "isStarter": true, "language": "English", "layout": "normal", "legalities": {}, "manaCost": "{2}{B}{B}", "manaValue": 4.0, "name": "Persecute", "number": "js146sb", "printings": ["7ED", "8ED", "9ED", "USG", "WC01", "WC99"], "purchaseUrls": {"tcgplayer": "https://mtgjson.com/links/b5941de027884553"}, "rarity": "rare", "rulings": [{"date": "2004-10-04", "text": "The color is chosen on resolution."}], "setCode": "WC99", "signature": "Jakub Šlemr", "sourceProducts": {"nonfoil": ["d3446c61-c66e-56c6-8e10-32bdab78dda4"]}, "subtypes": [], "supertypes": [], "text": "Choose a color. Target player reveals their hand and discards all cards of that color.", "type": "Sorcery", "types": ["Sorcery"], "uuid": "e3db3dba-33ab-5ab6-9ed0-f1cc6d317288"}, {"artist": "John Zeleznik", "artistIds": ["7d96bd59-7779-4740-8658-953f518ff805"], "availability": ["paper"], "borderColor": "gold", "colorIdentity": ["B"], "colors": ["B"], "convertedManaCost": 3.0, "count": 2, "edhrecRank": 8433, "edhrecSaltiness": 0.35, "finishes": ["nonfoil", "signed"], "flavorText": "They exist to cease.", "foreignData": [], "frameVersion": "1997", "hasFoil": false, "hasNonFoil": true, "identifiers": {"mtgjsonV4Id": "7ba5e430-0d7e-57de-b323-b7779ef4ef43", "scryfallCardBackId": "407ed11d-7b6f-4e1c-ab00-f49c25f170e3", "scryfallId": "de51da2a-8771-4a27-b15f-13be8a17d536", "scryfallIllustrationId": "c5e2ae3e-be2c-46b9-b0de-9aac2673f312", "scryfallOracleId": "f22fcd17-bc24-41df-81ce-6d11208861b9", "tcgplayerProductId": "164934"}, "isAlternative": true, "isFoil": false, "isReprint": true, "isReserved": true, "isStarter": true, "keywords": ["Trample"], "language": "English", "layout": "normal", "legalities": {}, "manaCost": "{2}{B}", "manaValue": 3.0, "name": "Phyrexian Negator", "number": "js65sb", "power": "5", "printings": ["DDE", "G04", "PRM", "UDS", "WC99"], "purchaseUrls": {"tcgplayer": "https://mtgjson.com/links/2963470cea60dad0"}, "rarity": "rare", "rulings": [{"date": "2004-10-04", "text": "Sacrificing this card does not prevent you from having to make the other sacrifices."}], "setCode": "WC99", "signature": "Jakub Šlemr", "sourceProducts": {"nonfoil": ["d3446c61-c66e-56c6-8e10-32bdab78dda4"]}, "subtypes": ["Phyrexian", "Horror"], "supertypes": [], "text": "Trample\nWhenever Phyrexian Negator is dealt damage, sacrifice that many permanents.", "toughness": "5", "type": "Creature — Phyrexian Horror", "types": ["Creature"], "uuid": "52c5a44e-b49a-5bfd-ad0d-c38ff699b96b", "variations": ["7f899069-48e8-5130-a819-1a4291ce2df1"]}, {"artist": "Chippy", "artistIds": ["a36f01a0-e51a-48b2-a556-b9b3bc73f969"], "availability": ["paper"], "borderColor": "gold", "colorIdentity": ["B"], "colors": ["B"], "convertedManaCost": 2.0, "count": 3, "edhrecRank": 22451, "finishes": ["nonfoil", "signed"], "flavorText": "The grave robbers arrived the day after the burial. They were a day too late.", "foreignData": [], "frameVersion": "1997", "hasFoil": false, "hasNonFoil": true, "identifiers": {"mtgjsonV4Id": "b31cfe7d-5a9c-590a-bc9f-1fba79eaf720", "scryfallCardBackId": "407ed11d-7b6f-4e1c-ab00-f49c25f170e3", "scryfallId": "97a247cf-7426-44b8-922d-18a5e9ef837b", "scryfallIllustrationId": "409264a4-2a5c-4384-8103-3703fe4c04e3", "scryfallOracleId": "2c769dfc-79be-4fcb-840c-b72cafdd0a23", "tcgplayerProductId": "164938"}, "isAlternative": true, "isFoil": false, "isReprint": true, "isStarter": true, "keywords": ["Cycling"], "language": "English", "layout": "normal", "legalities": {}, "manaCost": "{1}{B}", "manaValue": 2.0, "name": "Rapid Decay", "number": "js67sb", "printings": ["UDS", "WC99"], "purchaseUrls": {"tcgplayer": "https://mtgjson.com/links/fd0ed4b069ba3216"}, "rarity": "rare", "rulings": [{"date": "2004-10-04", "text": "You pick the cards during announcement. If any are not there on resolution, any others that are there are still affected."}], "setCode": "WC99", "signature": "Jakub Šlemr", "sourceProducts": {"nonfoil": ["d3446c61-c66e-56c6-8e10-32bdab78dda4"]}, "subtypes": [], "supertypes": [], "text": "Exile up to three target cards from a single graveyard.\nCycling {2} ({2}, Discard this card: Draw a card.)", "type": "Instant", "types": ["Instant"], "uuid": "0c72024e-8e6d-5726-bab5-753964d02dfc", "variations": ["88f6feff-b9c3-5cc1-b4a5-694fc8c2cb93"]}, {"artist": "Doug Chaffee", "artistIds": ["dd587b27-dca3-4219-aa55-b285a7a77030"], "availability": ["paper"], "borderColor": "gold", "colorIdentity": [], "colors": [], "convertedManaCost": 2.0, "count": 1, "edhrecRank": 5905, "edhrecSaltiness": 1.35, "finishes": ["nonfoil", "signed"], "flavorText": "A sphere pushes equally in all directions.", "foreignData": [], "frameVersion": "1997", "hasFoil": false, "hasNonFoil": true, "identifiers": {"cardsphereId": "47302", "mcmId": "249796", "mtgjsonV4Id": "60cf5b09-3984-505a-8e73-f546b874ad54", "scryfallCardBackId": "407ed11d-7b6f-4e1c-ab00-f49c25f170e3", "scryfallId": "01a04ebd-aeeb-47b4-bfe0-0a8fa58624c5", "scryfallIllustrationId": "caa0394c-2273-419d-83e1-8353ae2c0e9b", "scryfallOracleId": "09c96077-3804-4f12-a613-5bebc5e0413f", "tcgplayerProductId": "164942"}, "isFoil": false, "isReprint": true, "isStarter": true, "language": "English", "layout": "normal", "legalities": {}, "manaCost": "{2}", "manaValue": 2.0, "name": "Sphere of Resistance", "number": "js139sb", "printings": ["EXO", "MPS", "SLD", "VMA", "WC99"], "purchaseUrls": {"tcgplayer": "https://mtgjson.com/links/08a5809bc129dc4f"}, "rarity": "rare", "rulings": [{"date": "2004-10-04", "text": "It affects all players, including you."}], "setCode": "WC99", "signature": "Jakub Šlemr", "sourceProducts": {"nonfoil": ["d3446c61-c66e-56c6-8e10-32bdab78dda4"]}, "subtypes": [], "supertypes": [], "text": "Spells cost {1} more to cast.", "type": "Artifact", "types": ["Artifact"], "uuid": "c6b7ff8f-7b10-52c5-a24e-4e758704f788"}, {"artist": "Anson Maddocks", "artistIds": ["634430a7-b5c3-4e4a-b2ac-164e084e47c9"], "availability": ["paper"], "borderColor": "gold", "colorIdentity": ["B"], "colors": ["B"], "convertedManaCost": 3.0, "count": 1, "edhrecRank": 16940, "edhrecSaltiness": 0.2, "finishes": ["nonfoil", "signed"], "flavorText": "When the alliance between Balduvia and Kjeldor deprived Stromgald of easy victories, its agents were forced to fuel their rituals with their own flesh.", "foreignData": [], "frameVersion": "1997", "hasFoil": false, "hasNonFoil": true, "identifiers": {"mcmId": "249797", "mtgjsonV4Id": "b52409ea-16b3-5586-ae85-a8caf53a7a60", "scryfallCardBackId": "407ed11d-7b6f-4e1c-ab00-f49c25f170e3", "scryfallId": "0a4cf65d-c96a-40e6-8a26-da9885b5bc98", "scryfallIllustrationId": "eb6eb6d1-943f-41e0-a0c3-18a7051e7e06", "scryfallOracleId": "c8312964-5cf0-435a-8757-ea1bb67258a4", "tcgplayerProductId": "164943"}, "isFoil": false, "isReprint": true, "isStarter": true, "language": "English", "layout": "normal", "legalities": {}, "manaCost": "{1}{B}{B}", "manaValue": 3.0, "name": "Stromgald Cabal", "number": "js157sb", "power": "2", "printings": ["5ED", "6ED", "ICE", "ME2", "PTC", "WC99"], "purchaseUrls": {"tcgplayer": "https://mtgjson.com/links/f290088c0165bd1a"}, "rarity": "rare", "setCode": "WC99", "signature": "Jakub Šlemr", "sourceProducts": {"nonfoil": ["d3446c61-c66e-56c6-8e10-32bdab78dda4"]}, "subtypes": ["Human", "Knight"], "supertypes": [], "text": "{T}, Pay 1 life: Counter target white spell.", "toughness": "2", "type": "Creature — Human Knight", "types": ["Creature"], "uuid": "43094724-3388-52f5-866a-4be30116f9de"}], "type": "World Championship Deck"}}