{"meta": {"date": "2024-09-03", "version": "5.2.2+20240903"}, "data": {"code": "WC01", "commander": [], "mainBoard": [{"artist": "Jerry Tiritilli", "artistIds": ["54366fc1-c5b1-4faa-a7a5-de2abc119de1"], "availability": ["paper"], "borderColor": "gold", "colorIdentity": ["G"], "colors": ["G"], "convertedManaCost": 1.0, "count": 4, "edhrecRank": 62, "edhrecSaltiness": 0.14, "finishes": ["nonfoil", "signed"], "flavorText": "Llanowar covers a million square miles, yet nobody enters the forest without the elves knowing it.", "foreignData": [], "frameVersion": "1997", "hasFoil": false, "hasNonFoil": true, "identifiers": {"mcmId": "249549", "mtgjsonV4Id": "2eb460e7-3a65-5a48-894a-16813f8f1c35", "scryfallCardBackId": "420c2336-e212-4109-8525-b0fc69201351", "scryfallId": "d3455a72-c3c1-45a8-9bb7-c7c9e1c83ed0", "scryfallIllustrationId": "d1f90e0c-b127-421e-b0b6-d3152f7a8863", "scryfallOracleId": "68954295-54e3-4303-a6bc-fc4547a4e3a3", "tcgplayerProductId": "165088"}, "isFoil": false, "isReprint": true, "isStarter": true, "language": "English", "layout": "normal", "legalities": {}, "manaCost": "{G}", "manaValue": 1.0, "name": "Llanowar Elves", "number": "jt253", "power": "1", "printings": ["10E", "2ED", "30A", "3ED", "4BB", "4ED", "5ED", "6ED", "7ED", "9ED", "ATH", "BRB", "BTD", "C14", "CED", "CEI", "CMA", "DD1", "DOM", "EMA", "EVG", "FBB", "FDN", "FNM", "GN3", "GNT", "LEA", "LEB", "M10", "M11", "M12", "M19", "P30H", "PANA", "PDCI", "PDOM", "PLST", "PRES", "PRM", "PTC", "SLD", "SUM", "WC00", "WC01", "WC02", "WC99"], "purchaseUrls": {"tcgplayer": "https://mtgjson.com/links/cedb5e6df4c9740e"}, "rarity": "common", "setCode": "WC01", "signature": "Jan Tomcani", "sourceProducts": {"nonfoil": ["d47229f8-1a0d-53d7-aa58-3884c89abad4"]}, "subtypes": ["Elf", "Druid"], "supertypes": [], "text": "{T}: Add {G}.", "toughness": "1", "type": "Creature — Elf Druid", "types": ["Creature"], "uuid": "54636d33-44df-5288-93af-a4188484f52b"}, {"artist": "Edward P. Beard, Jr.", "artistIds": ["b845b8ee-aeea-4822-bcf9-7230625ac95c"], "availability": ["paper"], "borderColor": "gold", "colorIdentity": ["G"], "colors": ["G"], "convertedManaCost": 1.0, "count": 4, "edhrecRank": 39, "edhrecSaltiness": 0.25, "finishes": ["nonfoil", "signed"], "foreignData": [], "frameVersion": "1997", "hasFoil": false, "hasNonFoil": true, "identifiers": {"mcmId": "249550", "mtgjsonV4Id": "5b81ab03-ff53-5d16-ba32-e8e4acf493ba", "scryfallCardBackId": "420c2336-e212-4109-8525-b0fc69201351", "scryfallId": "75a4cad2-4367-4084-8fe5-f85e49ca828d", "scryfallIllustrationId": "c4a881a5-88b0-492b-9636-301196ab1742", "scryfallOracleId": "d3a0b660-358c-41bd-9cd2-41fbf3491b1a", "tcgplayerProductId": "165068"}, "isFoil": false, "isReprint": true, "isStarter": true, "keywords": ["Flying"], "language": "English", "layout": "normal", "legalities": {}, "manaCost": "{G}", "manaValue": 1.0, "name": "Birds of Paradise", "number": "jt231", "power": "0", "printings": ["10E", "2ED", "30A", "3ED", "4BB", "4ED", "5ED", "6ED", "7ED", "8ED", "BLC", "CED", "CEI", "CN2", "DMR", "FBB", "GK2", "LEA", "LEB", "LTC", "M10", "M11", "M12", "PLST", "PM11", "PRM", "PTC", "RAV", "RVR", "SLD", "SUM", "WC00", "WC01", "WC02", "WC98"], "purchaseUrls": {"tcgplayer": "https://mtgjson.com/links/eedfc518bcc33562"}, "rarity": "rare", "setCode": "WC01", "signature": "Jan Tomcani", "sourceProducts": {"nonfoil": ["d47229f8-1a0d-53d7-aa58-3884c89abad4"]}, "subtypes": ["Bird"], "supertypes": [], "text": "Flying\n{T}: Add one mana of any color.", "toughness": "1", "type": "Creature — Bird", "types": ["Creature"], "uuid": "bf64b63c-5926-5a49-aeb0-643491fb1204"}, {"artist": "Eric Peterson", "artistIds": ["0fc26d3b-4c0e-41d1-8eb3-286ab55a2328"], "availability": ["paper"], "borderColor": "gold", "colorIdentity": ["G"], "colors": ["G"], "convertedManaCost": 4.0, "count": 4, "edhrecRank": 24783, "finishes": ["nonfoil", "signed"], "foreignData": [], "frameVersion": "1997", "hasFoil": false, "hasNonFoil": true, "identifiers": {"mcmId": "249551", "mtgjsonV4Id": "f2edc8cf-0450-5afd-9001-ba2845d83a05", "scryfallCardBackId": "420c2336-e212-4109-8525-b0fc69201351", "scryfallId": "7d583168-33f4-4a2b-9f9e-117050debb76", "scryfallIllustrationId": "d321cae6-892f-4915-97f8-fe21dfa5d7cd", "scryfallOracleId": "d6ee8bd6-0207-46ee-9892-c1d1b23b934e", "tcgplayerProductId": "165069"}, "isFoil": false, "isReprint": true, "isStarter": true, "keywords": ["Fading", "Shroud"], "language": "English", "layout": "normal", "legalities": {}, "manaCost": "{2}{G}{G}", "manaValue": 4.0, "name": "Blastoderm", "number": "jt102", "power": "5", "printings": ["DDD", "F05", "GVL", "NEM", "PLST", "PRM", "VMA", "WC00", "WC01"], "purchaseUrls": {"tcgplayer": "https://mtgjson.com/links/3f1934af0be85962"}, "rarity": "common", "setCode": "WC01", "signature": "Jan Tomcani", "sourceProducts": {"nonfoil": ["d47229f8-1a0d-53d7-aa58-3884c89abad4"]}, "subtypes": ["Beast"], "supertypes": [], "text": "Shroud (This creature can't be the target of spells or abilities.)\nFading 3 (This creature enters with three fade counters on it. At the beginning of your upkeep, remove a fade counter from it. If you can't, sacrifice it.)", "toughness": "5", "type": "Creature — Beast", "types": ["Creature"], "uuid": "c7a42509-8729-5464-9c7a-4d971dee115f"}, {"artist": "Matt Cavotta", "artistIds": ["2e6a0611-9411-4ba4-98e3-c0e18cbf9f83"], "availability": ["paper"], "borderColor": "gold", "colorIdentity": ["G", "R", "W"], "colors": ["G"], "convertedManaCost": 3.0, "count": 4, "edhrecRank": 24671, "edhrecSaltiness": 0.06, "finishes": ["nonfoil", "signed"], "foreignData": [], "frameVersion": "1997", "hasFoil": false, "hasNonFoil": true, "identifiers": {"mcmId": "249552", "mtgjsonV4Id": "5eb49580-22b5-5064-b5a4-90dc08f4728b", "scryfallCardBackId": "420c2336-e212-4109-8525-b0fc69201351", "scryfallId": "88b9281b-471a-4491-84bb-dbdd48f71393", "scryfallIllustrationId": "c268b9d4-a431-420d-b015-e49d96eead24", "scryfallOracleId": "8d4d6806-cb01-49e3-91cc-fb0e7f7a8684", "tcgplayerProductId": "165098"}, "isFoil": false, "isReprint": true, "isStarter": true, "keywords": ["Kicker"], "language": "English", "layout": "normal", "legalities": {}, "manaCost": "{2}{G}", "manaValue": 3.0, "name": "Thornscape Battlemage", "number": "jt94", "power": "2", "printings": ["DDE", "MM3", "PLS", "PLST", "TSB", "WC01", "WC02"], "purchaseUrls": {"tcgplayer": "https://mtgjson.com/links/7a111d1ecc8fb198"}, "rarity": "uncommon", "rulings": [{"date": "2017-03-14", "text": "If Thornscape Battlemage is put onto the battlefield as the result of a spell or ability, there’s no opportunity to kick it."}, {"date": "2017-03-14", "text": "Kicker costs don’t change a spell’s mana cost or mana value."}, {"date": "2017-03-14", "text": "You can pay any particular kicker cost only once. You can’t pay it multiple times to get multiples of either triggered ability."}, {"date": "2017-03-14", "text": "You choose whether to kick a spell as you cast it, and you pay that much along with the spell’s mana cost at the same time. Kicking a spell is always optional."}], "setCode": "WC01", "signature": "Jan Tomcani", "sourceProducts": {"nonfoil": ["d47229f8-1a0d-53d7-aa58-3884c89abad4"]}, "subtypes": ["Elf", "Wizard"], "supertypes": [], "text": "Kicker {R} and/or {W} (You may pay an additional {R} and/or {W} as you cast this spell.)\nWhen Thornscape Battlemage enters, if it was kicked with its {R} kicker, it deals 2 damage to any target.\nWhen Thornscape Battlemage enters, if it was kicked with its {W} kicker, destroy target artifact.", "toughness": "2", "type": "Creature — Elf Wizard", "types": ["Creature"], "uuid": "2e549ae7-c31c-5b1c-a824-33dfa71b955e"}, {"artist": "Glen Angus", "artistIds": ["7be3b9e4-de9b-4a3d-884e-e67b9681d409"], "availability": ["paper"], "borderColor": "gold", "colorIdentity": ["B", "G"], "colors": ["B", "G"], "convertedManaCost": 5.0, "count": 2, "edhrecRank": 18527, "finishes": ["nonfoil", "signed"], "foreignData": [], "frameVersion": "1997", "hasFoil": false, "hasNonFoil": true, "identifiers": {"mcmId": "249553", "mtgjsonV4Id": "c128374c-e136-5728-b8b0-753785b0a60b", "scryfallCardBackId": "420c2336-e212-4109-8525-b0fc69201351", "scryfallId": "ce956487-639e-49ea-a48a-e168322398dd", "scryfallIllustrationId": "f4567b05-8623-4d38-96b9-ea0529479ab8", "scryfallOracleId": "3913c7f2-86b7-4dd4-84a6-9bd4c1c66781", "tcgplayerProductId": "165095"}, "isFoil": false, "isReprint": true, "isStarter": true, "language": "English", "layout": "normal", "legalities": {}, "manaCost": "{3}{B}{G}", "manaValue": 5.0, "name": "Spiritmonger", "number": "jt121", "power": "6", "printings": ["APC", "CNS", "DMR", "IMA", "PGPX", "PRM", "VMA", "WC01"], "purchaseUrls": {"tcgplayer": "https://mtgjson.com/links/b5be951b3fff9021"}, "rarity": "rare", "rulings": [{"date": "2022-12-08", "text": "Activating the regeneration ability creates a replacement effect that acts like a shield, replacing the next time Spiritmonger would be destroyed that turn. This shield works against effects that try to destroy Spiritmonger or lethal damage that would be dealt to Spiritmonger."}, {"date": "2022-12-08", "text": "Spiritmonger can regenerate even if it isn’t in combat, it’s already tapped, or it’s undamaged."}, {"date": "2022-12-08", "text": "Spiritmonger’s last ability causes it to become only the chosen color. It will no longer be the colors it was previously."}, {"date": "2022-12-08", "text": "You can activate the regeneration ability even if Spiritmonger isn’t at risk of being destroyed."}], "setCode": "WC01", "signature": "Jan Tomcani", "sourceProducts": {"nonfoil": ["d47229f8-1a0d-53d7-aa58-3884c89abad4"]}, "subtypes": ["Beast"], "supertypes": [], "text": "Whenever Spiritmonger deals damage to a creature, put a +1/+1 counter on Spiritmonger.\n{B}: Regenerate Spiritmonger.\n{G}: Spiritmonger becomes the color of your choice until end of turn.", "toughness": "6", "type": "Creature — Beast", "types": ["Creature"], "uuid": "1c9e2cef-241d-5006-ac5d-4bdf1fa7b184"}, {"artist": "Pete Venters", "artistIds": ["d54c4a1a-c0c5-4834-84db-125d341f3ad8"], "availability": ["paper"], "borderColor": "gold", "colorIdentity": ["R"], "colors": ["R"], "convertedManaCost": 4.0, "count": 2, "edhrecRank": 10534, "edhrecSaltiness": 0.71, "finishes": ["nonfoil", "signed"], "flavorText": "\"For dim-witted, thick-skulled genetic mutants, they have pretty good aim.\"\n—Sisay", "foreignData": [], "frameVersion": "1997", "hasFoil": false, "hasNonFoil": true, "identifiers": {"mcmId": "249554", "mtgjsonV4Id": "50f02d5e-ceef-55c1-8b7d-fad25430ee24", "scryfallCardBackId": "420c2336-e212-4109-8525-b0fc69201351", "scryfallId": "5a813c2d-6a20-4a9b-b437-42ed963b1d9f", "scryfallIllustrationId": "0f2212ad-6d9c-47d3-a458-484e85fb062e", "scryfallOracleId": "b215196a-3716-451f-bdbd-d16c05ace5b4", "tcgplayerProductId": "165074"}, "isFoil": false, "isReprint": true, "isStarter": true, "language": "English", "layout": "normal", "legalities": {}, "manaCost": "{3}{R}", "manaValue": 4.0, "name": "Flametongue Kavu", "number": "jt60", "power": "4", "printings": ["C14", "CM2", "CMD", "DD2", "DMR", "E01", "F05", "GN3", "HOP", "JMP", "JVC", "PLS", "PLST", "PRM", "PZ1", "TD0", "VMA", "WC01", "WC02"], "purchaseUrls": {"tcgplayer": "https://mtgjson.com/links/62b0ec29ae53611e"}, "rarity": "uncommon", "rulings": [{"date": "2022-12-08", "text": "Flametongue Kavu’s ability can target itself. If it’s the only creature on the battlefield as its ability triggers, its ability must target itself."}], "setCode": "WC01", "signature": "Jan Tomcani", "sourceProducts": {"nonfoil": ["d47229f8-1a0d-53d7-aa58-3884c89abad4"]}, "subtypes": ["Kavu"], "supertypes": [], "text": "When Flametongue Kavu enters, it deals 4 damage to target creature.", "toughness": "2", "type": "Creature — Kavu", "types": ["Creature"], "uuid": "1fe9645d-9f43-5250-915a-8858f21c124b", "variations": ["3883e527-33cc-5ca4-8bcd-4b57608826a7", "b61c02d9-1fca-5b68-b292-a6fd99d312d1"]}, {"artist": "John Howe", "artistIds": ["040fab39-e3db-4d09-9b2d-214a4e40c6fa"], "availability": ["paper"], "borderColor": "gold", "colorIdentity": ["G"], "colors": ["G"], "convertedManaCost": 5.0, "count": 2, "edhrecRank": 25331, "edhrecSaltiness": 0.18, "finishes": ["nonfoil", "signed"], "flavorText": "\"They weren't part of my plan, but Gaea insisted.\"\n—Urza", "foreignData": [], "frameVersion": "1997", "hasFoil": false, "hasNonFoil": true, "identifiers": {"mcmId": "249555", "mtgjsonV4Id": "5aea4b83-306f-511d-9e54-3ece0c291a5f", "scryfallCardBackId": "420c2336-e212-4109-8525-b0fc69201351", "scryfallId": "0a3034f2-a4dc-42f3-8e68-9407dabad540", "scryfallIllustrationId": "d72783d8-c4bf-4723-8f91-ec4485e6f0ed", "scryfallOracleId": "82c583ab-8158-4074-a3ff-b7a05ecc8ab1", "tcgplayerProductId": "165087"}, "isFoil": false, "isReprint": true, "isStarter": true, "language": "English", "layout": "normal", "legalities": {}, "manaCost": "{3}{G}{G}", "manaValue": 5.0, "name": "Kavu Chameleon", "number": "jt191", "power": "4", "printings": ["INV", "WC01"], "purchaseUrls": {"tcgplayer": "https://mtgjson.com/links/37775f178e5754c2"}, "rarity": "uncommon", "rulings": [{"date": "2004-10-04", "text": "Counterspells can be cast that target it, but when they resolve they simply don’t counter it since it can’t be countered."}, {"date": "2004-10-04", "text": "The new color replaces all previous colors."}], "setCode": "WC01", "signature": "Jan Tomcani", "sourceProducts": {"nonfoil": ["d47229f8-1a0d-53d7-aa58-3884c89abad4"]}, "subtypes": ["Kavu"], "supertypes": [], "text": "This spell can't be countered.\n{G}: Kavu Chameleon becomes the color of your choice until end of turn.", "toughness": "4", "type": "Creature — Kavu", "types": ["Creature"], "uuid": "87c57be6-c691-5f63-ac4e-5e55d72c501d", "variations": ["56409896-9aeb-53a3-b498-9a5f9418199e"]}, {"artist": "Val Mayerik", "artistIds": ["289e552e-3b58-484f-a939-64a01426e84d"], "availability": ["paper"], "borderColor": "gold", "colorIdentity": ["G", "R"], "colors": ["G", "R"], "convertedManaCost": 3.0, "count": 4, "edhrecRank": 1691, "edhrecSaltiness": 0.16, "finishes": ["nonfoil", "signed"], "foreignData": [], "frameVersion": "1997", "hasFoil": false, "hasNonFoil": true, "identifiers": {"mcmId": "249557", "mtgjsonV4Id": "ef1cd74a-e4ab-5c57-a39d-499431df9700", "scryfallCardBackId": "420c2336-e212-4109-8525-b0fc69201351", "scryfallId": "2b9006f6-a436-49d9-bb6a-886093e92cf5", "scryfallIllustrationId": "10e142a8-b47c-42a4-b57b-2ce0150bf00e", "scryfallOracleId": "e23d6f3b-0e18-423b-943b-15db7837255b", "tcgplayerProductId": "165073"}, "isFoil": false, "isReprint": true, "isStarter": true, "language": "English", "layout": "normal", "legalities": {}, "manaCost": "{1}{R}{G}", "manaValue": 3.0, "name": "Fires of Yavimaya", "number": "jt246", "printings": ["ARC", "C13", "CNS", "DDL", "HOP", "INV", "PC2", "PCA", "PLST", "SCD", "TD0", "VMA", "WC01"], "purchaseUrls": {"tcgplayer": "https://mtgjson.com/links/f433bf786bdb9c54"}, "rarity": "uncommon", "setCode": "WC01", "signature": "Jan Tomcani", "sourceProducts": {"nonfoil": ["d47229f8-1a0d-53d7-aa58-3884c89abad4"]}, "subtypes": [], "supertypes": [], "text": "Creatures you control have haste.\nSacrifice Fires of Yavimaya: Target creature gets +2/+2 until end of turn.", "type": "Enchantment", "types": ["Enchantment"], "uuid": "3cdf4531-d7b2-521f-bd9c-aad97e7afa14"}, {"artist": "Carl Critchlow", "artistIds": ["17948f16-611a-44b8-8d10-9895a0bdfff1"], "availability": ["paper"], "borderColor": "gold", "colorIdentity": ["G"], "colors": ["G"], "convertedManaCost": 5.0, "count": 4, "edhrecRank": 14808, "finishes": ["nonfoil", "signed"], "foreignData": [], "frameVersion": "1997", "hasFoil": false, "hasNonFoil": true, "identifiers": {"mcmId": "249558", "mtgjsonV4Id": "6438b51f-080c-5f7f-a5f7-7834755ae1d0", "scryfallCardBackId": "420c2336-e212-4109-8525-b0fc69201351", "scryfallId": "93ebc493-451e-495a-8e1e-b972d0abf4c4", "scryfallIllustrationId": "c257d052-88fa-42e4-97fa-9fe9352e79f5", "scryfallOracleId": "7b31ecf8-5266-4376-ace0-8b873706c4ea", "tcgplayerProductId": "165094"}, "isFoil": false, "isReprint": true, "isStarter": true, "keywords": ["Fading"], "language": "English", "layout": "normal", "legalities": {}, "manaCost": "{4}{G}", "manaValue": 5.0, "name": "Saproling Burst", "number": "jt113", "printings": ["NEM", "VMA", "WC00", "WC01"], "purchaseUrls": {"tcgplayer": "https://mtgjson.com/links/5a06248a0b3f0299"}, "rarity": "rare", "rulings": [{"date": "2004-10-04", "text": "Each token knows which Saproling Burst it came from."}], "setCode": "WC01", "signature": "Jan Tomcani", "sourceProducts": {"nonfoil": ["d47229f8-1a0d-53d7-aa58-3884c89abad4"]}, "subtypes": [], "supertypes": [], "text": "Fading 7 (This enchantment enters with seven fade counters on it. At the beginning of your upkeep, remove a fade counter from it. If you can't, sacrifice it.)\nRemove a fade counter from Saproling Burst: Create a green Saproling creature token. It has \"This creature's power and toughness are each equal to the number of fade counters on Saproling Burst.\"\nWhen Saproling Burst leaves the battlefield, destroy all tokens created with Saproling Burst. They can't be regenerated.", "type": "Enchantment", "types": ["Enchantment"], "uuid": "33a91217-8ea8-5362-900e-52a211c09643"}, {"artist": "David Martin", "artistIds": ["996ad764-4ae0-4952-8bb5-5a75c9d68275", "3a243c17-3baa-4b53-9599-645311cd7d3d"], "availability": ["paper"], "borderColor": "gold", "colorIdentity": ["R", "U"], "colors": ["R"], "convertedManaCost": 4.0, "count": 4, "edhrecRank": 9508, "faceConvertedManaCost": 2.0, "faceManaValue": 2.0, "faceName": "Fire", "finishes": ["nonfoil", "signed"], "foreignData": [], "frameVersion": "1997", "hasFoil": false, "hasNonFoil": true, "identifiers": {"mcmId": "249559", "mtgjsonV4Id": "216ec437-fcb0-56a2-9727-b19aaeb2d3e1", "scryfallCardBackId": "420c2336-e212-4109-8525-b0fc69201351", "scryfallId": "841b28eb-e16b-434e-aaaa-6a5ae8bccc19", "scryfallIllustrationId": "c890cb20-7e04-4ad0-96a6-8854cd409c14", "scryfallOracleId": "ae92942b-919c-4ea9-b693-85fcef765d5a", "tcgplayerProductId": "165072"}, "isAlternative": true, "isFoil": false, "isReprint": true, "isStarter": true, "language": "English", "layout": "split", "legalities": {}, "manaCost": "{1}{R}", "manaValue": 4.0, "name": "Fire // Ice", "number": "jt128", "otherFaceIds": ["b19dce14-e609-502e-ae93-2450e316174f"], "printings": ["APC", "CMD", "DDJ", "DMR", "F06", "MH2", "PLST", "PRM", "UMA", "WC01", "WC02"], "purchaseUrls": {"tcgplayer": "https://mtgjson.com/links/7968b4668e490c58"}, "rarity": "uncommon", "setCode": "WC01", "side": "a", "signature": "Jan Tomcani", "sourceProducts": {"nonfoil": ["d47229f8-1a0d-53d7-aa58-3884c89abad4"]}, "subtypes": [], "supertypes": [], "text": "Fire deals 2 damage divided as you choose among one or two targets.", "type": "Instant", "types": ["Instant"], "uuid": "bdbc176e-6ecb-5e4a-af3c-6a7acac0fe7c", "variations": ["53c1660b-569f-5067-83b8-019782f543eb"]}, {"artist": "Matthew D. Wilson", "artistIds": ["4fbafd13-0cf9-42a1-870d-7f8ea276f140"], "availability": ["paper"], "borderColor": "gold", "colorIdentity": ["R"], "colors": ["R"], "convertedManaCost": 3.0, "count": 2, "edhrecRank": 13277, "finishes": ["nonfoil", "signed"], "foreignData": [], "frameVersion": "1997", "hasFoil": false, "hasNonFoil": true, "identifiers": {"mcmId": "249560", "mtgjsonV4Id": "bff90775-221b-5f3c-8b73-89691691fbbb", "scryfallCardBackId": "420c2336-e212-4109-8525-b0fc69201351", "scryfallId": "37a3fec5-d3ee-4822-8e5b-63264edd0302", "scryfallIllustrationId": "114cb9c1-f611-4d20-8004-a691cbd4824a", "scryfallOracleId": "363f8c66-fe0c-44b9-987d-1d160e3f9c54", "tcgplayerProductId": "165100"}, "isAlternative": true, "isFoil": false, "isReprint": true, "isStarter": true, "keywords": ["Kicker"], "language": "English", "layout": "normal", "legalities": {}, "manaCost": "{2}{R}", "manaValue": 3.0, "name": "Urza's Rage", "number": "jt178", "printings": ["C15", "DDE", "INV", "MH1", "PLST", "STA", "WC01"], "purchaseUrls": {"tcgplayer": "https://mtgjson.com/links/c76cd2dfdd2fd875"}, "rarity": "rare", "rulings": [{"date": "2019-06-14", "text": "A spell or ability that counters spells can still target Urza's Rage. When that spell or ability resolves, Urza's Rage won't be countered, but any additional effects of that spell or ability will still happen."}, {"date": "2019-06-14", "text": "If the target for Urza's Rage becomes an illegal target, the spell won't resolve and will be put into its owner's graveyard with no effect. This is true even if its damage can't be prevented and even though it can't be countered."}], "setCode": "WC01", "signature": "Jan Tomcani", "sourceProducts": {"nonfoil": ["d47229f8-1a0d-53d7-aa58-3884c89abad4"]}, "subtypes": [], "supertypes": [], "text": "Kicker {8}{R} (You may pay an additional {8}{R} as you cast this spell.)\nThis spell can't be countered.\nUrza's Rage deals 3 damage to any target. If this spell was kicked, instead it deals 10 damage to that permanent or player and the damage can't be prevented.", "type": "Instant", "types": ["Instant"], "uuid": "2a5d683b-9127-5681-84f8-f5ef500c6eb8", "variations": ["46871421-906f-5216-9695-f260dd965317", "7d7cf9f9-024d-53d7-a68a-da26ee7958ce"]}, {"artist": "D. J. Cleland-Hura", "artistIds": ["87d21070-2432-4167-8aab-5968af1c14f3"], "availability": ["paper"], "borderColor": "gold", "colorIdentity": ["G"], "colors": [], "convertedManaCost": 0.0, "count": 1, "edhrecSaltiness": 0.35, "finishes": ["nonfoil", "signed"], "foreignData": [], "frameVersion": "1997", "hasFoil": false, "hasNonFoil": true, "identifiers": {"mcmId": "249561", "mtgjsonV4Id": "d1c95a95-8ecb-5b8f-9ad2-62f6008fe006", "scryfallCardBackId": "420c2336-e212-4109-8525-b0fc69201351", "scryfallId": "34fa98a0-5dce-4914-a827-964c4a596ed5", "scryfallIllustrationId": "a719ba4a-0ca1-401c-b766-7c810870b275", "scryfallOracleId": "b34bb2dc-c1af-4d77-b0b3-a0fb342a5fc6", "tcgplayerProductId": "165076"}, "isFoil": false, "isReprint": true, "isStarter": true, "language": "English", "layout": "normal", "legalities": {}, "manaValue": 0.0, "name": "Forest", "number": "jt328", "printings": ["10E", "2ED", "2XM", "30A", "3ED", "40K", "4BB", "4ED", "5ED", "6ED", "7ED", "8ED", "9ED", "ACR", "AFR", "AKH", "AKR", "ALA", "ANA", "ANB", "ARC", "ATH", "AVR", "BBD", "BFZ", "BLB", "BRB", "BRO", "BTD", "C13", "C14", "C15", "C16", "C17", "C18", "C19", "CED", "CEI", "CHK", "CLB", "CLU", "CM2", "CMA", "CMD", "CMM", "CMR", "CST", "DD1", "DDD", "DDE", "DDG", "DDH", "DDJ", "DDL", "DDM", "DDO", "DDP", "DDR", "DDS", "DDU", "DKM", "DMR", "DMU", "DOM", "DPA", "DSK", "DTK", "E01", "ELD", "EVG", "FBB", "FRF", "G17", "GK1", "GK2", "GN2", "GN3", "GNT", "GRN", "GS1", "GVL", "H09", "HBG", "HOP", "HOU", "ICE", "IKO", "INV", "ISD", "ITP", "J14", "J22", "JMP", "KHM", "KLD", "KLR", "KTK", "LCI", "LEA", "LEB", "LRW", "LTR", "M10", "M11", "M12", "M13", "M14", "M15", "M19", "M20", "M21", "MBS", "ME1", "ME3", "MH2", "MH3", "MID", "MIR", "MKM", "MMQ", "MOM", "MRD", "NEO", "NPH", "ODY", "OLEP", "ONE", "ONS", "ORI", "OTJ", "P02", "P23", "PAL00", "PAL01", "PAL03", "PAL04", "PAL05", "PAL06", "PAL99", "PALP", "PANA", "PARL", "PC2", "PCA", "PELP", "PF19", "PF20", "PGPX", "PGRU", "PIP", "PLST", "PMPS", "PMPS06", "PMPS07", "PMPS08", "PMPS09", "PMPS10", "PMPS11", "POR", "PPP1", "PRM", "PRW2", "PRWK", "PS11", "PSAL", "PSS2", "PSS3", "PSS4", "PTC", "PTK", "PZ2", "RAV", "REX", "RIX", "RNA", "ROE", "RQS", "RTR", "S99", "SCD", "SHM", "SIR", "SLD", "SNC", "SOI", "SOM", "STX", "SUM", "TD0", "TD2", "THB", "THS", "TMP", "TPR", "TSP", "UGL", "UND", "UNF", "UNH", "USG", "UST", "VOW", "WAR", "WC00", "WC01", "WC02", "WC03", "WC04", "WC97", "WC98", "WC99", "WHO", "WOE", "XANA", "XLN", "ZEN", "ZNR"], "purchaseUrls": {"tcgplayer": "https://mtgjson.com/links/dcb8aae779235fcd"}, "rarity": "common", "setCode": "WC01", "signature": "Jan Tomcani", "sourceProducts": {"nonfoil": ["d47229f8-1a0d-53d7-aa58-3884c89abad4"]}, "subtypes": ["Forest"], "supertypes": ["Basic"], "text": "({T}: Add {G}.)", "type": "Basic Land — Forest", "types": ["Land"], "uuid": "21e18535-3800-5bb8-8888-fb25d3bbd986", "variations": ["feb5e408-9eab-51b0-8331-9201b8a41b09", "840b6c0c-c9b3-50e7-a765-89f538e6b675", "bbe9eeec-edf2-59de-ab8b-561f373273f8", "c9cd8380-ca45-5acd-9c46-b627b2884db5", "dc1ad08b-e57a-54d7-a43d-00c1f1c2bbdb", "b37d4975-af6b-5df7-8986-5d36420a903c", "4a48288d-85ae-5a1d-9382-b696cfebe85f"]}, {"artist": "Rob Alexander", "artistIds": ["35906871-6c78-4ab2-9ed1-e6792c8efb74"], "availability": ["paper"], "borderColor": "gold", "colorIdentity": ["G"], "colors": [], "convertedManaCost": 0.0, "count": 1, "edhrecSaltiness": 0.35, "finishes": ["nonfoil", "signed"], "foreignData": [], "frameVersion": "1997", "hasFoil": false, "hasNonFoil": true, "identifiers": {"mtgjsonV4Id": "b6c54d24-0506-5759-bcbd-c6f82b29ff19", "scryfallCardBackId": "420c2336-e212-4109-8525-b0fc69201351", "scryfallId": "794b8b40-8cab-413d-8638-011bf769f2e2", "scryfallIllustrationId": "373e1871-4787-42c2-bc57-c02d7f1f1ae3", "scryfallOracleId": "b34bb2dc-c1af-4d77-b0b3-a0fb342a5fc6", "tcgplayerProductId": "165075"}, "isFoil": false, "isReprint": true, "isStarter": true, "language": "English", "layout": "normal", "legalities": {}, "manaValue": 0.0, "name": "Forest", "number": "jt329", "printings": ["10E", "2ED", "2XM", "30A", "3ED", "40K", "4BB", "4ED", "5ED", "6ED", "7ED", "8ED", "9ED", "ACR", "AFR", "AKH", "AKR", "ALA", "ANA", "ANB", "ARC", "ATH", "AVR", "BBD", "BFZ", "BLB", "BRB", "BRO", "BTD", "C13", "C14", "C15", "C16", "C17", "C18", "C19", "CED", "CEI", "CHK", "CLB", "CLU", "CM2", "CMA", "CMD", "CMM", "CMR", "CST", "DD1", "DDD", "DDE", "DDG", "DDH", "DDJ", "DDL", "DDM", "DDO", "DDP", "DDR", "DDS", "DDU", "DKM", "DMR", "DMU", "DOM", "DPA", "DSK", "DTK", "E01", "ELD", "EVG", "FBB", "FRF", "G17", "GK1", "GK2", "GN2", "GN3", "GNT", "GRN", "GS1", "GVL", "H09", "HBG", "HOP", "HOU", "ICE", "IKO", "INV", "ISD", "ITP", "J14", "J22", "JMP", "KHM", "KLD", "KLR", "KTK", "LCI", "LEA", "LEB", "LRW", "LTR", "M10", "M11", "M12", "M13", "M14", "M15", "M19", "M20", "M21", "MBS", "ME1", "ME3", "MH2", "MH3", "MID", "MIR", "MKM", "MMQ", "MOM", "MRD", "NEO", "NPH", "ODY", "OLEP", "ONE", "ONS", "ORI", "OTJ", "P02", "P23", "PAL00", "PAL01", "PAL03", "PAL04", "PAL05", "PAL06", "PAL99", "PALP", "PANA", "PARL", "PC2", "PCA", "PELP", "PF19", "PF20", "PGPX", "PGRU", "PIP", "PLST", "PMPS", "PMPS06", "PMPS07", "PMPS08", "PMPS09", "PMPS10", "PMPS11", "POR", "PPP1", "PRM", "PRW2", "PRWK", "PS11", "PSAL", "PSS2", "PSS3", "PSS4", "PTC", "PTK", "PZ2", "RAV", "REX", "RIX", "RNA", "ROE", "RQS", "RTR", "S99", "SCD", "SHM", "SIR", "SLD", "SNC", "SOI", "SOM", "STX", "SUM", "TD0", "TD2", "THB", "THS", "TMP", "TPR", "TSP", "UGL", "UND", "UNF", "UNH", "USG", "UST", "VOW", "WAR", "WC00", "WC01", "WC02", "WC03", "WC04", "WC97", "WC98", "WC99", "WHO", "WOE", "XANA", "XLN", "ZEN", "ZNR"], "purchaseUrls": {"tcgplayer": "https://mtgjson.com/links/77bd85a573612660"}, "rarity": "common", "setCode": "WC01", "signature": "Jan Tomcani", "sourceProducts": {"nonfoil": ["d47229f8-1a0d-53d7-aa58-3884c89abad4"]}, "subtypes": ["Forest"], "supertypes": ["Basic"], "text": "({T}: Add {G}.)", "type": "Basic Land — Forest", "types": ["Land"], "uuid": "feb5e408-9eab-51b0-8331-9201b8a41b09", "variations": ["21e18535-3800-5bb8-8888-fb25d3bbd986", "840b6c0c-c9b3-50e7-a765-89f538e6b675", "bbe9eeec-edf2-59de-ab8b-561f373273f8", "c9cd8380-ca45-5acd-9c46-b627b2884db5", "dc1ad08b-e57a-54d7-a43d-00c1f1c2bbdb", "b37d4975-af6b-5df7-8986-5d36420a903c", "4a48288d-85ae-5a1d-9382-b696cfebe85f"]}, {"artist": "John Avon", "artistIds": ["798f3932-30e0-4420-aa3f-db4d613f89ca"], "availability": ["paper"], "borderColor": "gold", "colorIdentity": ["G"], "colors": [], "convertedManaCost": 0.0, "count": 1, "edhrecSaltiness": 0.35, "finishes": ["nonfoil", "signed"], "foreignData": [], "frameVersion": "1997", "hasFoil": false, "hasNonFoil": true, "identifiers": {"mtgjsonV4Id": "4c8a7a55-daeb-592a-832f-81b2684c8758", "scryfallCardBackId": "420c2336-e212-4109-8525-b0fc69201351", "scryfallId": "913e6724-4860-4795-a079-f8141e25f225", "scryfallIllustrationId": "74980bb4-4270-404b-a441-1dd53bdb4682", "scryfallOracleId": "b34bb2dc-c1af-4d77-b0b3-a0fb342a5fc6", "tcgplayerProductId": "165080"}, "isFoil": false, "isReprint": true, "isStarter": true, "language": "English", "layout": "normal", "legalities": {}, "manaValue": 0.0, "name": "Forest", "number": "jt347", "printings": ["10E", "2ED", "2XM", "30A", "3ED", "40K", "4BB", "4ED", "5ED", "6ED", "7ED", "8ED", "9ED", "ACR", "AFR", "AKH", "AKR", "ALA", "ANA", "ANB", "ARC", "ATH", "AVR", "BBD", "BFZ", "BLB", "BRB", "BRO", "BTD", "C13", "C14", "C15", "C16", "C17", "C18", "C19", "CED", "CEI", "CHK", "CLB", "CLU", "CM2", "CMA", "CMD", "CMM", "CMR", "CST", "DD1", "DDD", "DDE", "DDG", "DDH", "DDJ", "DDL", "DDM", "DDO", "DDP", "DDR", "DDS", "DDU", "DKM", "DMR", "DMU", "DOM", "DPA", "DSK", "DTK", "E01", "ELD", "EVG", "FBB", "FRF", "G17", "GK1", "GK2", "GN2", "GN3", "GNT", "GRN", "GS1", "GVL", "H09", "HBG", "HOP", "HOU", "ICE", "IKO", "INV", "ISD", "ITP", "J14", "J22", "JMP", "KHM", "KLD", "KLR", "KTK", "LCI", "LEA", "LEB", "LRW", "LTR", "M10", "M11", "M12", "M13", "M14", "M15", "M19", "M20", "M21", "MBS", "ME1", "ME3", "MH2", "MH3", "MID", "MIR", "MKM", "MMQ", "MOM", "MRD", "NEO", "NPH", "ODY", "OLEP", "ONE", "ONS", "ORI", "OTJ", "P02", "P23", "PAL00", "PAL01", "PAL03", "PAL04", "PAL05", "PAL06", "PAL99", "PALP", "PANA", "PARL", "PC2", "PCA", "PELP", "PF19", "PF20", "PGPX", "PGRU", "PIP", "PLST", "PMPS", "PMPS06", "PMPS07", "PMPS08", "PMPS09", "PMPS10", "PMPS11", "POR", "PPP1", "PRM", "PRW2", "PRWK", "PS11", "PSAL", "PSS2", "PSS3", "PSS4", "PTC", "PTK", "PZ2", "RAV", "REX", "RIX", "RNA", "ROE", "RQS", "RTR", "S99", "SCD", "SHM", "SIR", "SLD", "SNC", "SOI", "SOM", "STX", "SUM", "TD0", "TD2", "THB", "THS", "TMP", "TPR", "TSP", "UGL", "UND", "UNF", "UNH", "USG", "UST", "VOW", "WAR", "WC00", "WC01", "WC02", "WC03", "WC04", "WC97", "WC98", "WC99", "WHO", "WOE", "XANA", "XLN", "ZEN", "ZNR"], "purchaseUrls": {"tcgplayer": "https://mtgjson.com/links/c9dad43381fdf017"}, "rarity": "common", "setCode": "WC01", "signature": "Jan Tomcani", "sourceProducts": {"nonfoil": ["d47229f8-1a0d-53d7-aa58-3884c89abad4"]}, "subtypes": ["Forest"], "supertypes": ["Basic"], "text": "({T}: Add {G}.)", "type": "Basic Land — Forest", "types": ["Land"], "uuid": "840b6c0c-c9b3-50e7-a765-89f538e6b675", "variations": ["21e18535-3800-5bb8-8888-fb25d3bbd986", "feb5e408-9eab-51b0-8331-9201b8a41b09", "bbe9eeec-edf2-59de-ab8b-561f373273f8", "c9cd8380-ca45-5acd-9c46-b627b2884db5", "dc1ad08b-e57a-54d7-a43d-00c1f1c2bbdb", "b37d4975-af6b-5df7-8986-5d36420a903c", "4a48288d-85ae-5a1d-9382-b696cfebe85f"]}, {"artist": "Donato Giancola", "artistIds": ["90332db2-aecb-4d79-917b-95cbeb8d0cb6"], "availability": ["paper"], "borderColor": "gold", "colorIdentity": ["G"], "colors": [], "convertedManaCost": 0.0, "count": 1, "edhrecSaltiness": 0.35, "finishes": ["nonfoil", "signed"], "foreignData": [], "frameVersion": "1997", "hasFoil": false, "hasNonFoil": true, "identifiers": {"mtgjsonV4Id": "f203c113-e32a-5fe5-b75b-6ff1dee1d439", "scryfallCardBackId": "420c2336-e212-4109-8525-b0fc69201351", "scryfallId": "eeacc55d-d548-498a-8bc6-ac1ddcade841", "scryfallIllustrationId": "55768170-10d0-49ba-89a2-2bdc9ecd1817", "scryfallOracleId": "b34bb2dc-c1af-4d77-b0b3-a0fb342a5fc6", "tcgplayerProductId": "165078"}, "isFoil": false, "isReprint": true, "isStarter": true, "language": "English", "layout": "normal", "legalities": {}, "manaValue": 0.0, "name": "Forest", "number": "jt347a", "printings": ["10E", "2ED", "2XM", "30A", "3ED", "40K", "4BB", "4ED", "5ED", "6ED", "7ED", "8ED", "9ED", "ACR", "AFR", "AKH", "AKR", "ALA", "ANA", "ANB", "ARC", "ATH", "AVR", "BBD", "BFZ", "BLB", "BRB", "BRO", "BTD", "C13", "C14", "C15", "C16", "C17", "C18", "C19", "CED", "CEI", "CHK", "CLB", "CLU", "CM2", "CMA", "CMD", "CMM", "CMR", "CST", "DD1", "DDD", "DDE", "DDG", "DDH", "DDJ", "DDL", "DDM", "DDO", "DDP", "DDR", "DDS", "DDU", "DKM", "DMR", "DMU", "DOM", "DPA", "DSK", "DTK", "E01", "ELD", "EVG", "FBB", "FRF", "G17", "GK1", "GK2", "GN2", "GN3", "GNT", "GRN", "GS1", "GVL", "H09", "HBG", "HOP", "HOU", "ICE", "IKO", "INV", "ISD", "ITP", "J14", "J22", "JMP", "KHM", "KLD", "KLR", "KTK", "LCI", "LEA", "LEB", "LRW", "LTR", "M10", "M11", "M12", "M13", "M14", "M15", "M19", "M20", "M21", "MBS", "ME1", "ME3", "MH2", "MH3", "MID", "MIR", "MKM", "MMQ", "MOM", "MRD", "NEO", "NPH", "ODY", "OLEP", "ONE", "ONS", "ORI", "OTJ", "P02", "P23", "PAL00", "PAL01", "PAL03", "PAL04", "PAL05", "PAL06", "PAL99", "PALP", "PANA", "PARL", "PC2", "PCA", "PELP", "PF19", "PF20", "PGPX", "PGRU", "PIP", "PLST", "PMPS", "PMPS06", "PMPS07", "PMPS08", "PMPS09", "PMPS10", "PMPS11", "POR", "PPP1", "PRM", "PRW2", "PRWK", "PS11", "PSAL", "PSS2", "PSS3", "PSS4", "PTC", "PTK", "PZ2", "RAV", "REX", "RIX", "RNA", "ROE", "RQS", "RTR", "S99", "SCD", "SHM", "SIR", "SLD", "SNC", "SOI", "SOM", "STX", "SUM", "TD0", "TD2", "THB", "THS", "TMP", "TPR", "TSP", "UGL", "UND", "UNF", "UNH", "USG", "UST", "VOW", "WAR", "WC00", "WC01", "WC02", "WC03", "WC04", "WC97", "WC98", "WC99", "WHO", "WOE", "XANA", "XLN", "ZEN", "ZNR"], "purchaseUrls": {"tcgplayer": "https://mtgjson.com/links/56cd760effe4d079"}, "rarity": "common", "setCode": "WC01", "signature": "Jan Tomcani", "sourceProducts": {"nonfoil": ["d47229f8-1a0d-53d7-aa58-3884c89abad4"]}, "subtypes": ["Forest"], "supertypes": ["Basic"], "text": "({T}: Add {G}.)", "type": "Basic Land — Forest", "types": ["Land"], "uuid": "bbe9eeec-edf2-59de-ab8b-561f373273f8", "variations": ["21e18535-3800-5bb8-8888-fb25d3bbd986", "feb5e408-9eab-51b0-8331-9201b8a41b09", "840b6c0c-c9b3-50e7-a765-89f538e6b675", "c9cd8380-ca45-5acd-9c46-b627b2884db5", "dc1ad08b-e57a-54d7-a43d-00c1f1c2bbdb", "b37d4975-af6b-5df7-8986-5d36420a903c", "4a48288d-85ae-5a1d-9382-b696cfebe85f"]}, {"artist": "Rob Alexander", "artistIds": ["35906871-6c78-4ab2-9ed1-e6792c8efb74"], "availability": ["paper"], "borderColor": "gold", "colorIdentity": ["G"], "colors": [], "convertedManaCost": 0.0, "count": 1, "edhrecSaltiness": 0.35, "finishes": ["nonfoil", "signed"], "foreignData": [], "frameVersion": "1997", "hasFoil": false, "hasNonFoil": true, "identifiers": {"mtgjsonV4Id": "d884d6dc-cb16-5c2d-a47c-40dc1b1c0a25", "scryfallCardBackId": "420c2336-e212-4109-8525-b0fc69201351", "scryfallId": "09bf63e1-fe77-4d5e-b557-13eecfbc42b4", "scryfallIllustrationId": "054cb181-16a1-45f4-9709-73c1575dff4a", "scryfallOracleId": "b34bb2dc-c1af-4d77-b0b3-a0fb342a5fc6", "tcgplayerProductId": "165081"}, "isFoil": false, "isReprint": true, "isStarter": true, "language": "English", "layout": "normal", "legalities": {}, "manaValue": 0.0, "name": "Forest", "number": "jt348", "printings": ["10E", "2ED", "2XM", "30A", "3ED", "40K", "4BB", "4ED", "5ED", "6ED", "7ED", "8ED", "9ED", "ACR", "AFR", "AKH", "AKR", "ALA", "ANA", "ANB", "ARC", "ATH", "AVR", "BBD", "BFZ", "BLB", "BRB", "BRO", "BTD", "C13", "C14", "C15", "C16", "C17", "C18", "C19", "CED", "CEI", "CHK", "CLB", "CLU", "CM2", "CMA", "CMD", "CMM", "CMR", "CST", "DD1", "DDD", "DDE", "DDG", "DDH", "DDJ", "DDL", "DDM", "DDO", "DDP", "DDR", "DDS", "DDU", "DKM", "DMR", "DMU", "DOM", "DPA", "DSK", "DTK", "E01", "ELD", "EVG", "FBB", "FRF", "G17", "GK1", "GK2", "GN2", "GN3", "GNT", "GRN", "GS1", "GVL", "H09", "HBG", "HOP", "HOU", "ICE", "IKO", "INV", "ISD", "ITP", "J14", "J22", "JMP", "KHM", "KLD", "KLR", "KTK", "LCI", "LEA", "LEB", "LRW", "LTR", "M10", "M11", "M12", "M13", "M14", "M15", "M19", "M20", "M21", "MBS", "ME1", "ME3", "MH2", "MH3", "MID", "MIR", "MKM", "MMQ", "MOM", "MRD", "NEO", "NPH", "ODY", "OLEP", "ONE", "ONS", "ORI", "OTJ", "P02", "P23", "PAL00", "PAL01", "PAL03", "PAL04", "PAL05", "PAL06", "PAL99", "PALP", "PANA", "PARL", "PC2", "PCA", "PELP", "PF19", "PF20", "PGPX", "PGRU", "PIP", "PLST", "PMPS", "PMPS06", "PMPS07", "PMPS08", "PMPS09", "PMPS10", "PMPS11", "POR", "PPP1", "PRM", "PRW2", "PRWK", "PS11", "PSAL", "PSS2", "PSS3", "PSS4", "PTC", "PTK", "PZ2", "RAV", "REX", "RIX", "RNA", "ROE", "RQS", "RTR", "S99", "SCD", "SHM", "SIR", "SLD", "SNC", "SOI", "SOM", "STX", "SUM", "TD0", "TD2", "THB", "THS", "TMP", "TPR", "TSP", "UGL", "UND", "UNF", "UNH", "USG", "UST", "VOW", "WAR", "WC00", "WC01", "WC02", "WC03", "WC04", "WC97", "WC98", "WC99", "WHO", "WOE", "XANA", "XLN", "ZEN", "ZNR"], "purchaseUrls": {"tcgplayer": "https://mtgjson.com/links/77ee30d42da7549e"}, "rarity": "common", "setCode": "WC01", "signature": "Jan Tomcani", "sourceProducts": {"nonfoil": ["d47229f8-1a0d-53d7-aa58-3884c89abad4"]}, "subtypes": ["Forest"], "supertypes": ["Basic"], "text": "({T}: Add {G}.)", "type": "Basic Land — Forest", "types": ["Land"], "uuid": "c9cd8380-ca45-5acd-9c46-b627b2884db5", "variations": ["21e18535-3800-5bb8-8888-fb25d3bbd986", "feb5e408-9eab-51b0-8331-9201b8a41b09", "840b6c0c-c9b3-50e7-a765-89f538e6b675", "bbe9eeec-edf2-59de-ab8b-561f373273f8", "dc1ad08b-e57a-54d7-a43d-00c1f1c2bbdb", "b37d4975-af6b-5df7-8986-5d36420a903c", "4a48288d-85ae-5a1d-9382-b696cfebe85f"]}, {"artist": "Alan Pollack", "artistIds": ["70c20ea3-5ad6-4082-a337-6e994ae5828e"], "availability": ["paper"], "borderColor": "gold", "colorIdentity": ["G"], "colors": [], "convertedManaCost": 0.0, "count": 1, "edhrecSaltiness": 0.35, "finishes": ["nonfoil", "signed"], "foreignData": [], "frameVersion": "1997", "hasFoil": false, "hasNonFoil": true, "identifiers": {"mtgjsonV4Id": "844a66ee-f347-57c4-a08e-3f1ea99f3db7", "scryfallCardBackId": "420c2336-e212-4109-8525-b0fc69201351", "scryfallId": "2e3019bf-c69e-4c61-b3d1-a8c4967031bb", "scryfallIllustrationId": "fa22785f-b981-4217-8518-bf952353451d", "scryfallOracleId": "b34bb2dc-c1af-4d77-b0b3-a0fb342a5fc6", "tcgplayerProductId": "165082"}, "isFoil": false, "isReprint": true, "isStarter": true, "language": "English", "layout": "normal", "legalities": {}, "manaValue": 0.0, "name": "Forest", "number": "jt348a", "printings": ["10E", "2ED", "2XM", "30A", "3ED", "40K", "4BB", "4ED", "5ED", "6ED", "7ED", "8ED", "9ED", "ACR", "AFR", "AKH", "AKR", "ALA", "ANA", "ANB", "ARC", "ATH", "AVR", "BBD", "BFZ", "BLB", "BRB", "BRO", "BTD", "C13", "C14", "C15", "C16", "C17", "C18", "C19", "CED", "CEI", "CHK", "CLB", "CLU", "CM2", "CMA", "CMD", "CMM", "CMR", "CST", "DD1", "DDD", "DDE", "DDG", "DDH", "DDJ", "DDL", "DDM", "DDO", "DDP", "DDR", "DDS", "DDU", "DKM", "DMR", "DMU", "DOM", "DPA", "DSK", "DTK", "E01", "ELD", "EVG", "FBB", "FRF", "G17", "GK1", "GK2", "GN2", "GN3", "GNT", "GRN", "GS1", "GVL", "H09", "HBG", "HOP", "HOU", "ICE", "IKO", "INV", "ISD", "ITP", "J14", "J22", "JMP", "KHM", "KLD", "KLR", "KTK", "LCI", "LEA", "LEB", "LRW", "LTR", "M10", "M11", "M12", "M13", "M14", "M15", "M19", "M20", "M21", "MBS", "ME1", "ME3", "MH2", "MH3", "MID", "MIR", "MKM", "MMQ", "MOM", "MRD", "NEO", "NPH", "ODY", "OLEP", "ONE", "ONS", "ORI", "OTJ", "P02", "P23", "PAL00", "PAL01", "PAL03", "PAL04", "PAL05", "PAL06", "PAL99", "PALP", "PANA", "PARL", "PC2", "PCA", "PELP", "PF19", "PF20", "PGPX", "PGRU", "PIP", "PLST", "PMPS", "PMPS06", "PMPS07", "PMPS08", "PMPS09", "PMPS10", "PMPS11", "POR", "PPP1", "PRM", "PRW2", "PRWK", "PS11", "PSAL", "PSS2", "PSS3", "PSS4", "PTC", "PTK", "PZ2", "RAV", "REX", "RIX", "RNA", "ROE", "RQS", "RTR", "S99", "SCD", "SHM", "SIR", "SLD", "SNC", "SOI", "SOM", "STX", "SUM", "TD0", "TD2", "THB", "THS", "TMP", "TPR", "TSP", "UGL", "UND", "UNF", "UNH", "USG", "UST", "VOW", "WAR", "WC00", "WC01", "WC02", "WC03", "WC04", "WC97", "WC98", "WC99", "WHO", "WOE", "XANA", "XLN", "ZEN", "ZNR"], "purchaseUrls": {"tcgplayer": "https://mtgjson.com/links/bca42305ee583ee5"}, "rarity": "common", "setCode": "WC01", "signature": "Jan Tomcani", "sourceProducts": {"nonfoil": ["d47229f8-1a0d-53d7-aa58-3884c89abad4"]}, "subtypes": ["Forest"], "supertypes": ["Basic"], "text": "({T}: Add {G}.)", "type": "Basic Land — Forest", "types": ["Land"], "uuid": "dc1ad08b-e57a-54d7-a43d-00c1f1c2bbdb", "variations": ["21e18535-3800-5bb8-8888-fb25d3bbd986", "feb5e408-9eab-51b0-8331-9201b8a41b09", "840b6c0c-c9b3-50e7-a765-89f538e6b675", "bbe9eeec-edf2-59de-ab8b-561f373273f8", "c9cd8380-ca45-5acd-9c46-b627b2884db5", "b37d4975-af6b-5df7-8986-5d36420a903c", "4a48288d-85ae-5a1d-9382-b696cfebe85f"]}, {"artist": "Rob Alexander", "artistIds": ["35906871-6c78-4ab2-9ed1-e6792c8efb74"], "availability": ["paper"], "borderColor": "gold", "colorIdentity": ["G"], "colors": [], "convertedManaCost": 0.0, "count": 1, "edhrecSaltiness": 0.35, "finishes": ["nonfoil", "signed"], "foreignData": [], "frameVersion": "1997", "hasFoil": false, "hasNonFoil": true, "identifiers": {"mtgjsonV4Id": "ce291369-1b5f-556d-bf40-55604da7027a", "scryfallCardBackId": "420c2336-e212-4109-8525-b0fc69201351", "scryfallId": "8f0fa40d-c6a6-4e2a-9121-4ea6fc8ed5d5", "scryfallIllustrationId": "6bba618d-31bf-435b-8438-7f1ee0ac8a53", "scryfallOracleId": "b34bb2dc-c1af-4d77-b0b3-a0fb342a5fc6", "tcgplayerProductId": "165077"}, "isFoil": false, "isReprint": true, "isStarter": true, "language": "English", "layout": "normal", "legalities": {}, "manaValue": 0.0, "name": "Forest", "number": "jt349", "printings": ["10E", "2ED", "2XM", "30A", "3ED", "40K", "4BB", "4ED", "5ED", "6ED", "7ED", "8ED", "9ED", "ACR", "AFR", "AKH", "AKR", "ALA", "ANA", "ANB", "ARC", "ATH", "AVR", "BBD", "BFZ", "BLB", "BRB", "BRO", "BTD", "C13", "C14", "C15", "C16", "C17", "C18", "C19", "CED", "CEI", "CHK", "CLB", "CLU", "CM2", "CMA", "CMD", "CMM", "CMR", "CST", "DD1", "DDD", "DDE", "DDG", "DDH", "DDJ", "DDL", "DDM", "DDO", "DDP", "DDR", "DDS", "DDU", "DKM", "DMR", "DMU", "DOM", "DPA", "DSK", "DTK", "E01", "ELD", "EVG", "FBB", "FRF", "G17", "GK1", "GK2", "GN2", "GN3", "GNT", "GRN", "GS1", "GVL", "H09", "HBG", "HOP", "HOU", "ICE", "IKO", "INV", "ISD", "ITP", "J14", "J22", "JMP", "KHM", "KLD", "KLR", "KTK", "LCI", "LEA", "LEB", "LRW", "LTR", "M10", "M11", "M12", "M13", "M14", "M15", "M19", "M20", "M21", "MBS", "ME1", "ME3", "MH2", "MH3", "MID", "MIR", "MKM", "MMQ", "MOM", "MRD", "NEO", "NPH", "ODY", "OLEP", "ONE", "ONS", "ORI", "OTJ", "P02", "P23", "PAL00", "PAL01", "PAL03", "PAL04", "PAL05", "PAL06", "PAL99", "PALP", "PANA", "PARL", "PC2", "PCA", "PELP", "PF19", "PF20", "PGPX", "PGRU", "PIP", "PLST", "PMPS", "PMPS06", "PMPS07", "PMPS08", "PMPS09", "PMPS10", "PMPS11", "POR", "PPP1", "PRM", "PRW2", "PRWK", "PS11", "PSAL", "PSS2", "PSS3", "PSS4", "PTC", "PTK", "PZ2", "RAV", "REX", "RIX", "RNA", "ROE", "RQS", "RTR", "S99", "SCD", "SHM", "SIR", "SLD", "SNC", "SOI", "SOM", "STX", "SUM", "TD0", "TD2", "THB", "THS", "TMP", "TPR", "TSP", "UGL", "UND", "UNF", "UNH", "USG", "UST", "VOW", "WAR", "WC00", "WC01", "WC02", "WC03", "WC04", "WC97", "WC98", "WC99", "WHO", "WOE", "XANA", "XLN", "ZEN", "ZNR"], "purchaseUrls": {"tcgplayer": "https://mtgjson.com/links/42e26d3739481566"}, "rarity": "common", "setCode": "WC01", "signature": "Jan Tomcani", "sourceProducts": {"nonfoil": ["d47229f8-1a0d-53d7-aa58-3884c89abad4"]}, "subtypes": ["Forest"], "supertypes": ["Basic"], "text": "({T}: Add {G}.)", "type": "Basic Land — Forest", "types": ["Land"], "uuid": "b37d4975-af6b-5df7-8986-5d36420a903c", "variations": ["21e18535-3800-5bb8-8888-fb25d3bbd986", "feb5e408-9eab-51b0-8331-9201b8a41b09", "840b6c0c-c9b3-50e7-a765-89f538e6b675", "bbe9eeec-edf2-59de-ab8b-561f373273f8", "c9cd8380-ca45-5acd-9c46-b627b2884db5", "dc1ad08b-e57a-54d7-a43d-00c1f1c2bbdb", "4a48288d-85ae-5a1d-9382-b696cfebe85f"]}, {"artist": "Alan Pollack", "artistIds": ["70c20ea3-5ad6-4082-a337-6e994ae5828e"], "availability": ["paper"], "borderColor": "gold", "colorIdentity": ["G"], "colors": [], "convertedManaCost": 0.0, "count": 1, "edhrecSaltiness": 0.35, "finishes": ["nonfoil", "signed"], "foreignData": [], "frameVersion": "1997", "hasFoil": false, "hasNonFoil": true, "identifiers": {"mtgjsonV4Id": "dd1c09b3-e0eb-5d9f-a61e-6ccfcd545954", "scryfallCardBackId": "420c2336-e212-4109-8525-b0fc69201351", "scryfallId": "192ac805-deb4-4275-8473-01b5abb7b385", "scryfallIllustrationId": "a9f660ea-65e1-4025-a26a-6f93189c471c", "scryfallOracleId": "b34bb2dc-c1af-4d77-b0b3-a0fb342a5fc6", "tcgplayerProductId": "165079"}, "isFoil": false, "isReprint": true, "isStarter": true, "language": "English", "layout": "normal", "legalities": {}, "manaValue": 0.0, "name": "Forest", "number": "jt349a", "printings": ["10E", "2ED", "2XM", "30A", "3ED", "40K", "4BB", "4ED", "5ED", "6ED", "7ED", "8ED", "9ED", "ACR", "AFR", "AKH", "AKR", "ALA", "ANA", "ANB", "ARC", "ATH", "AVR", "BBD", "BFZ", "BLB", "BRB", "BRO", "BTD", "C13", "C14", "C15", "C16", "C17", "C18", "C19", "CED", "CEI", "CHK", "CLB", "CLU", "CM2", "CMA", "CMD", "CMM", "CMR", "CST", "DD1", "DDD", "DDE", "DDG", "DDH", "DDJ", "DDL", "DDM", "DDO", "DDP", "DDR", "DDS", "DDU", "DKM", "DMR", "DMU", "DOM", "DPA", "DSK", "DTK", "E01", "ELD", "EVG", "FBB", "FRF", "G17", "GK1", "GK2", "GN2", "GN3", "GNT", "GRN", "GS1", "GVL", "H09", "HBG", "HOP", "HOU", "ICE", "IKO", "INV", "ISD", "ITP", "J14", "J22", "JMP", "KHM", "KLD", "KLR", "KTK", "LCI", "LEA", "LEB", "LRW", "LTR", "M10", "M11", "M12", "M13", "M14", "M15", "M19", "M20", "M21", "MBS", "ME1", "ME3", "MH2", "MH3", "MID", "MIR", "MKM", "MMQ", "MOM", "MRD", "NEO", "NPH", "ODY", "OLEP", "ONE", "ONS", "ORI", "OTJ", "P02", "P23", "PAL00", "PAL01", "PAL03", "PAL04", "PAL05", "PAL06", "PAL99", "PALP", "PANA", "PARL", "PC2", "PCA", "PELP", "PF19", "PF20", "PGPX", "PGRU", "PIP", "PLST", "PMPS", "PMPS06", "PMPS07", "PMPS08", "PMPS09", "PMPS10", "PMPS11", "POR", "PPP1", "PRM", "PRW2", "PRWK", "PS11", "PSAL", "PSS2", "PSS3", "PSS4", "PTC", "PTK", "PZ2", "RAV", "REX", "RIX", "RNA", "ROE", "RQS", "RTR", "S99", "SCD", "SHM", "SIR", "SLD", "SNC", "SOI", "SOM", "STX", "SUM", "TD0", "TD2", "THB", "THS", "TMP", "TPR", "TSP", "UGL", "UND", "UNF", "UNH", "USG", "UST", "VOW", "WAR", "WC00", "WC01", "WC02", "WC03", "WC04", "WC97", "WC98", "WC99", "WHO", "WOE", "XANA", "XLN", "ZEN", "ZNR"], "purchaseUrls": {"tcgplayer": "https://mtgjson.com/links/a1c309cdebd7a432"}, "rarity": "common", "setCode": "WC01", "signature": "Jan Tomcani", "sourceProducts": {"nonfoil": ["d47229f8-1a0d-53d7-aa58-3884c89abad4"]}, "subtypes": ["Forest"], "supertypes": ["Basic"], "text": "({T}: Add {G}.)", "type": "Basic Land — Forest", "types": ["Land"], "uuid": "4a48288d-85ae-5a1d-9382-b696cfebe85f", "variations": ["21e18535-3800-5bb8-8888-fb25d3bbd986", "feb5e408-9eab-51b0-8331-9201b8a41b09", "840b6c0c-c9b3-50e7-a765-89f538e6b675", "bbe9eeec-edf2-59de-ab8b-561f373273f8", "c9cd8380-ca45-5acd-9c46-b627b2884db5", "dc1ad08b-e57a-54d7-a43d-00c1f1c2bbdb", "b37d4975-af6b-5df7-8986-5d36420a903c"]}, {"artist": "D. J. Cleland-Hura", "artistIds": ["87d21070-2432-4167-8aab-5968af1c14f3"], "availability": ["paper"], "borderColor": "gold", "colorIdentity": ["R"], "colors": [], "convertedManaCost": 0.0, "count": 1, "edhrecSaltiness": 0.35, "finishes": ["nonfoil", "signed"], "foreignData": [], "frameVersion": "1997", "hasFoil": false, "hasNonFoil": true, "identifiers": {"mcmId": "249565", "mtgjsonV4Id": "f2726fbd-4e70-5ee6-aa3c-2be2c9e90802", "scryfallCardBackId": "420c2336-e212-4109-8525-b0fc69201351", "scryfallId": "8210d0bb-1309-4de2-bd46-58759c72158f", "scryfallIllustrationId": "f4416054-2999-4655-8b85-1633eb2ca550", "scryfallOracleId": "a3fb7228-e76b-4e96-a40e-20b5fed75685", "tcgplayerProductId": "165089"}, "isFoil": false, "isReprint": true, "isStarter": true, "language": "English", "layout": "normal", "legalities": {}, "manaValue": 0.0, "name": "Mountain", "number": "jt337", "printings": ["10E", "2ED", "2XM", "30A", "3ED", "40K", "4BB", "4ED", "5ED", "6ED", "7ED", "8ED", "9ED", "ACR", "AFR", "AKH", "AKR", "ALA", "ANA", "ANB", "ARC", "ARN", "ATH", "AVR", "BBD", "BFZ", "BLB", "BRB", "BRC", "BRO", "BTD", "C13", "C14", "C15", "C16", "C17", "C18", "C19", "CED", "CEI", "CHK", "CLB", "CLU", "CM2", "CMA", "CMD", "CMM", "CMR", "CST", "DD1", "DD2", "DDE", "DDG", "DDH", "DDI", "DDJ", "DDK", "DDL", "DDN", "DDP", "DDS", "DDT", "DDU", "DKM", "DMR", "DMU", "DOM", "DPA", "DSK", "DTK", "E01", "ELD", "EVG", "FBB", "FRF", "G17", "GK1", "GK2", "GN2", "GN3", "GNT", "GRN", "GS1", "H09", "HBG", "HOP", "HOU", "ICE", "IKO", "INV", "ISD", "ITP", "J14", "J22", "JMP", "JVC", "KHM", "KLD", "KLR", "KTK", "LCI", "LEA", "LEB", "LRW", "LTR", "M10", "M11", "M12", "M13", "M14", "M15", "M19", "M20", "M21", "MBS", "ME1", "ME3", "MH2", "MH3", "MID", "MIR", "MKM", "MMQ", "MOM", "MRD", "NEO", "NPH", "ODY", "OLEP", "ONE", "ONS", "ORI", "OTJ", "P02", "P23", "PAL00", "PAL01", "PAL03", "PAL04", "PAL05", "PAL06", "PAL99", "PALP", "PANA", "PARL", "PC2", "PCA", "PD2", "PELP", "PF19", "PF20", "PGPX", "PGRU", "PIP", "PL24", "PLST", "PMPS", "PMPS06", "PMPS07", "PMPS08", "PMPS09", "PMPS10", "PMPS11", "POR", "PPP1", "PRM", "PRW2", "PRWK", "PS11", "PSAL", "PSS2", "PSS3", "PSS4", "PTC", "PTK", "PZ2", "RAV", "REX", "RIX", "RNA", "ROE", "RQS", "RTR", "S99", "SCD", "SHM", "SIR", "SLD", "SNC", "SOI", "SOM", "STX", "SUM", "TD0", "THB", "THS", "TMP", "TPR", "TSP", "UGL", "UND", "UNF", "UNH", "USG", "UST", "VOW", "WAR", "WC00", "WC01", "WC02", "WC03", "WC97", "WC98", "WC99", "WHO", "WOE", "XANA", "XLN", "ZEN", "ZNR"], "purchaseUrls": {"tcgplayer": "https://mtgjson.com/links/35231934a37c0d81"}, "rarity": "common", "setCode": "WC01", "signature": "Jan Tomcani", "sourceProducts": {"nonfoil": ["d47229f8-1a0d-53d7-aa58-3884c89abad4"]}, "subtypes": ["Mountain"], "supertypes": ["Basic"], "text": "({T}: Add {R}.)", "type": "Basic Land — Mountain", "types": ["Land"], "uuid": "b5f5c3b6-617e-5a8e-807b-5937d17dd651", "variations": ["8a913b69-514f-5b49-9b10-50630fbef759", "0281f8cb-468a-51b3-8500-f9a9f8a44b82", "b3e17780-bcb2-568f-ae4c-7682d638b2a7", "f38c1663-9739-581f-a604-5c6f822960dd", "24977c65-ef06-536b-a7cb-7b09c419795e"]}, {"artist": "Terry Springer", "artistIds": ["c4f5c052-0049-47f6-8524-cbf26a85851f"], "availability": ["paper"], "borderColor": "gold", "colorIdentity": ["R"], "colors": [], "convertedManaCost": 0.0, "count": 1, "edhrecSaltiness": 0.35, "finishes": ["nonfoil", "signed"], "foreignData": [], "frameVersion": "1997", "hasFoil": false, "hasNonFoil": true, "identifiers": {"mtgjsonV4Id": "88b32156-03d9-5481-ba8c-0c9f6e2392db", "scryfallCardBackId": "420c2336-e212-4109-8525-b0fc69201351", "scryfallId": "2472bfbc-ab29-455d-8ce4-7faa2cd33abc", "scryfallIllustrationId": "18ae0b7d-93bd-4beb-b9d5-a78194f690d8", "scryfallOracleId": "a3fb7228-e76b-4e96-a40e-20b5fed75685", "tcgplayerProductId": "165091"}, "isFoil": false, "isReprint": true, "isStarter": true, "language": "English", "layout": "normal", "legalities": {}, "manaValue": 0.0, "name": "Mountain", "number": "jt343", "printings": ["10E", "2ED", "2XM", "30A", "3ED", "40K", "4BB", "4ED", "5ED", "6ED", "7ED", "8ED", "9ED", "ACR", "AFR", "AKH", "AKR", "ALA", "ANA", "ANB", "ARC", "ARN", "ATH", "AVR", "BBD", "BFZ", "BLB", "BRB", "BRC", "BRO", "BTD", "C13", "C14", "C15", "C16", "C17", "C18", "C19", "CED", "CEI", "CHK", "CLB", "CLU", "CM2", "CMA", "CMD", "CMM", "CMR", "CST", "DD1", "DD2", "DDE", "DDG", "DDH", "DDI", "DDJ", "DDK", "DDL", "DDN", "DDP", "DDS", "DDT", "DDU", "DKM", "DMR", "DMU", "DOM", "DPA", "DSK", "DTK", "E01", "ELD", "EVG", "FBB", "FRF", "G17", "GK1", "GK2", "GN2", "GN3", "GNT", "GRN", "GS1", "H09", "HBG", "HOP", "HOU", "ICE", "IKO", "INV", "ISD", "ITP", "J14", "J22", "JMP", "JVC", "KHM", "KLD", "KLR", "KTK", "LCI", "LEA", "LEB", "LRW", "LTR", "M10", "M11", "M12", "M13", "M14", "M15", "M19", "M20", "M21", "MBS", "ME1", "ME3", "MH2", "MH3", "MID", "MIR", "MKM", "MMQ", "MOM", "MRD", "NEO", "NPH", "ODY", "OLEP", "ONE", "ONS", "ORI", "OTJ", "P02", "P23", "PAL00", "PAL01", "PAL03", "PAL04", "PAL05", "PAL06", "PAL99", "PALP", "PANA", "PARL", "PC2", "PCA", "PD2", "PELP", "PF19", "PF20", "PGPX", "PGRU", "PIP", "PL24", "PLST", "PMPS", "PMPS06", "PMPS07", "PMPS08", "PMPS09", "PMPS10", "PMPS11", "POR", "PPP1", "PRM", "PRW2", "PRWK", "PS11", "PSAL", "PSS2", "PSS3", "PSS4", "PTC", "PTK", "PZ2", "RAV", "REX", "RIX", "RNA", "ROE", "RQS", "RTR", "S99", "SCD", "SHM", "SIR", "SLD", "SNC", "SOI", "SOM", "STX", "SUM", "TD0", "THB", "THS", "TMP", "TPR", "TSP", "UGL", "UND", "UNF", "UNH", "USG", "UST", "VOW", "WAR", "WC00", "WC01", "WC02", "WC03", "WC97", "WC98", "WC99", "WHO", "WOE", "XANA", "XLN", "ZEN", "ZNR"], "purchaseUrls": {"tcgplayer": "https://mtgjson.com/links/38b1c1c4a36d0cf6"}, "rarity": "common", "setCode": "WC01", "signature": "Jan Tomcani", "sourceProducts": {"nonfoil": ["d47229f8-1a0d-53d7-aa58-3884c89abad4"]}, "subtypes": ["Mountain"], "supertypes": ["Basic"], "text": "({T}: Add {R}.)", "type": "Basic Land — Mountain", "types": ["Land"], "uuid": "0281f8cb-468a-51b3-8500-f9a9f8a44b82", "variations": ["b5f5c3b6-617e-5a8e-807b-5937d17dd651", "8a913b69-514f-5b49-9b10-50630fbef759", "b3e17780-bcb2-568f-ae4c-7682d638b2a7", "f38c1663-9739-581f-a604-5c6f822960dd", "24977c65-ef06-536b-a7cb-7b09c419795e"]}, {"artist": "Matt Cavotta", "artistIds": ["2e6a0611-9411-4ba4-98e3-c0e18cbf9f83"], "availability": ["paper"], "borderColor": "gold", "colorIdentity": ["R"], "colors": [], "convertedManaCost": 0.0, "count": 1, "edhrecSaltiness": 0.35, "finishes": ["nonfoil", "signed"], "foreignData": [], "frameVersion": "1997", "hasFoil": false, "hasNonFoil": true, "identifiers": {"mtgjsonV4Id": "8a2cc79d-4c86-5114-9b1d-c5b770c2fec0", "scryfallCardBackId": "420c2336-e212-4109-8525-b0fc69201351", "scryfallId": "5d3b9039-ffd0-4265-9854-9c722c88a40f", "scryfallIllustrationId": "c23176a6-33e1-47af-82f2-568c675d28ba", "scryfallOracleId": "a3fb7228-e76b-4e96-a40e-20b5fed75685", "tcgplayerProductId": "165090"}, "isFoil": false, "isReprint": true, "isStarter": true, "language": "English", "layout": "normal", "legalities": {}, "manaValue": 0.0, "name": "Mountain", "number": "jt343a", "printings": ["10E", "2ED", "2XM", "30A", "3ED", "40K", "4BB", "4ED", "5ED", "6ED", "7ED", "8ED", "9ED", "ACR", "AFR", "AKH", "AKR", "ALA", "ANA", "ANB", "ARC", "ARN", "ATH", "AVR", "BBD", "BFZ", "BLB", "BRB", "BRC", "BRO", "BTD", "C13", "C14", "C15", "C16", "C17", "C18", "C19", "CED", "CEI", "CHK", "CLB", "CLU", "CM2", "CMA", "CMD", "CMM", "CMR", "CST", "DD1", "DD2", "DDE", "DDG", "DDH", "DDI", "DDJ", "DDK", "DDL", "DDN", "DDP", "DDS", "DDT", "DDU", "DKM", "DMR", "DMU", "DOM", "DPA", "DSK", "DTK", "E01", "ELD", "EVG", "FBB", "FRF", "G17", "GK1", "GK2", "GN2", "GN3", "GNT", "GRN", "GS1", "H09", "HBG", "HOP", "HOU", "ICE", "IKO", "INV", "ISD", "ITP", "J14", "J22", "JMP", "JVC", "KHM", "KLD", "KLR", "KTK", "LCI", "LEA", "LEB", "LRW", "LTR", "M10", "M11", "M12", "M13", "M14", "M15", "M19", "M20", "M21", "MBS", "ME1", "ME3", "MH2", "MH3", "MID", "MIR", "MKM", "MMQ", "MOM", "MRD", "NEO", "NPH", "ODY", "OLEP", "ONE", "ONS", "ORI", "OTJ", "P02", "P23", "PAL00", "PAL01", "PAL03", "PAL04", "PAL05", "PAL06", "PAL99", "PALP", "PANA", "PARL", "PC2", "PCA", "PD2", "PELP", "PF19", "PF20", "PGPX", "PGRU", "PIP", "PL24", "PLST", "PMPS", "PMPS06", "PMPS07", "PMPS08", "PMPS09", "PMPS10", "PMPS11", "POR", "PPP1", "PRM", "PRW2", "PRWK", "PS11", "PSAL", "PSS2", "PSS3", "PSS4", "PTC", "PTK", "PZ2", "RAV", "REX", "RIX", "RNA", "ROE", "RQS", "RTR", "S99", "SCD", "SHM", "SIR", "SLD", "SNC", "SOI", "SOM", "STX", "SUM", "TD0", "THB", "THS", "TMP", "TPR", "TSP", "UGL", "UND", "UNF", "UNH", "USG", "UST", "VOW", "WAR", "WC00", "WC01", "WC02", "WC03", "WC97", "WC98", "WC99", "WHO", "WOE", "XANA", "XLN", "ZEN", "ZNR"], "purchaseUrls": {"tcgplayer": "https://mtgjson.com/links/cf332c2e199126b1"}, "rarity": "common", "setCode": "WC01", "signature": "Jan Tomcani", "sourceProducts": {"nonfoil": ["d47229f8-1a0d-53d7-aa58-3884c89abad4"]}, "subtypes": ["Mountain"], "supertypes": ["Basic"], "text": "({T}: Add {R}.)", "type": "Basic Land — Mountain", "types": ["Land"], "uuid": "b3e17780-bcb2-568f-ae4c-7682d638b2a7", "variations": ["b5f5c3b6-617e-5a8e-807b-5937d17dd651", "8a913b69-514f-5b49-9b10-50630fbef759", "0281f8cb-468a-51b3-8500-f9a9f8a44b82", "f38c1663-9739-581f-a604-5c6f822960dd", "24977c65-ef06-536b-a7cb-7b09c419795e"]}, {"artist": "Ron Walotsky", "artistIds": ["c7d4e16c-7b55-4ba6-81b9-2d923b8bf9dc"], "availability": ["paper"], "borderColor": "gold", "colorIdentity": [], "colors": [], "convertedManaCost": 0.0, "count": 2, "edhrecRank": 92, "edhrecSaltiness": 0.25, "finishes": ["nonfoil", "signed"], "foreignData": [], "frameVersion": "1997", "hasFoil": false, "hasNonFoil": true, "identifiers": {"mcmId": "249569", "mtgjsonV4Id": "50813bb9-5f36-5d5d-8220-19de426cbd96", "scryfallCardBackId": "420c2336-e212-4109-8525-b0fc69201351", "scryfallId": "bc126f6b-1118-4021-96ef-e547bde565ce", "scryfallIllustrationId": "1600a60f-380e-48d0-b411-0e33685ff6ba", "scryfallOracleId": "f25351e3-539b-4bbc-b92d-6480acf4d722", "tcgplayerProductId": "165071"}, "isFoil": false, "isReprint": true, "isStarter": true, "language": "English", "layout": "normal", "legalities": {}, "manaValue": 0.0, "name": "City of Brass", "number": "jt327", "printings": ["2X2", "5ED", "6ED", "7ED", "8ED", "ARN", "BCHR", "CHR", "MB2", "MD1", "ME4", "MMA", "OLEP", "PRM", "PSUS", "PTC", "RIN", "WC00", "WC01", "WC02", "WC03", "WC97", "WC98"], "purchaseUrls": {"tcgplayer": "https://mtgjson.com/links/905b1ed21a94d30f"}, "rarity": "rare", "rulings": [{"date": "2004-10-04", "text": "If you tap City of Brass while you are casting a spell or activating an ability, its ability will trigger and wait. When you finish casting that spell or activating that ability, City of Brass's triggered ability is put on the stack on top of it. City of Brass's ability will resolve first."}, {"date": "2004-10-04", "text": "On the other hand, you can tap City of Brass, put its triggered ability on the stack, and then respond to that ability by casting an instant or activating an ability using that mana. In that case, the instant spell or activated ability will resolve first."}, {"date": "2004-10-04", "text": "The first ability triggers no matter how the land becomes tapped."}], "setCode": "WC01", "signature": "Jan Tomcani", "sourceProducts": {"nonfoil": ["d47229f8-1a0d-53d7-aa58-3884c89abad4"]}, "subtypes": [], "supertypes": [], "text": "Whenever City of Brass becomes tapped, it deals 1 damage to you.\n{T}: Add one mana of any color.", "type": "Land", "types": ["Land"], "uuid": "e8bc1a34-79f1-5658-b338-d07b7485da95"}, {"artist": "Rob Alexander", "artistIds": ["35906871-6c78-4ab2-9ed1-e6792c8efb74"], "availability": ["paper"], "borderColor": "gold", "colorIdentity": ["B", "G"], "colors": [], "convertedManaCost": 0.0, "count": 2, "edhrecRank": 176, "edhrecSaltiness": 0.1, "finishes": ["nonfoil", "signed"], "foreignData": [], "frameVersion": "1997", "hasFoil": false, "hasNonFoil": true, "identifiers": {"mcmId": "249570", "mtgjsonV4Id": "e241d38c-b86e-5557-8785-c9460b4e1116", "scryfallCardBackId": "420c2336-e212-4109-8525-b0fc69201351", "scryfallId": "712aff1a-a816-4f0c-9bbe-41f94f504614", "scryfallIllustrationId": "eb4eaa2d-e169-4bdb-b815-d441c9aef3fb", "scryfallOracleId": "32116127-cf96-4a1b-8896-a1ebc087b597", "tcgplayerProductId": "189743"}, "isFoil": false, "isReprint": true, "isStarter": true, "language": "English", "layout": "normal", "legalities": {}, "manaValue": 0.0, "name": "Llanowar Wastes", "number": "jt141", "printings": ["10E", "9ED", "APC", "BLC", "BRO", "C19", "C20", "C21", "M15", "M3C", "ORI", "OTC", "PBRO", "PRM", "WC01"], "purchaseUrls": {"tcgplayer": "https://mtgjson.com/links/bfadcc0a8b257c54"}, "rarity": "rare", "rulings": [{"date": "2015-06-22", "text": "Like most lands, each land in this cycle is colorless. The damage dealt to you is dealt by a colorless source."}, {"date": "2015-06-22", "text": "The damage dealt to you is part of the second mana ability. It doesn't use the stack and can't be responded to."}], "setCode": "WC01", "signature": "Jan Tomcani", "sourceProducts": {"nonfoil": ["d47229f8-1a0d-53d7-aa58-3884c89abad4"]}, "subtypes": [], "supertypes": [], "text": "{T}: Add {C}.\n{T}: Add {B} or {G}. Llanowar Wastes deals 1 damage to you.", "type": "Land", "types": ["Land"], "uuid": "0d33b997-95c7-55c7-85e6-9ae7ec639cbd"}, {"artist": "Rob Alexander", "artistIds": ["35906871-6c78-4ab2-9ed1-e6792c8efb74"], "availability": ["paper"], "borderColor": "gold", "colorIdentity": ["B", "R"], "colors": [], "convertedManaCost": 0.0, "count": 2, "edhrecRank": 244, "edhrecSaltiness": 0.1, "finishes": ["nonfoil", "signed"], "foreignData": [], "frameVersion": "1997", "hasFoil": false, "hasNonFoil": true, "identifiers": {"mcmId": "249571", "mtgjsonV4Id": "53ba146a-5cd3-56fe-986d-c4998cf54cb0", "scryfallCardBackId": "420c2336-e212-4109-8525-b0fc69201351", "scryfallId": "249a844d-0e93-4ee0-abb5-c69bce2d6708", "scryfallIllustrationId": "28e06825-6a2b-4c7d-89c0-421a534847ee", "scryfallOracleId": "f5c38c01-4a40-469f-91a0-7479daf4e8e7", "tcgplayerProductId": "165096"}, "isAlternative": true, "isFoil": false, "isReprint": true, "isStarter": true, "language": "English", "layout": "normal", "legalities": {}, "manaValue": 0.0, "name": "Sulfurous Springs", "number": "jt345", "printings": ["10E", "5ED", "6ED", "7ED", "9ED", "DKM", "DMU", "ICE", "LTC", "M3C", "OTC", "PDMU", "PRM", "PTC", "WC01", "WC97"], "purchaseUrls": {"tcgplayer": "https://mtgjson.com/links/10f324be14a6d83e"}, "rarity": "rare", "setCode": "WC01", "signature": "Jan Tomcani", "sourceProducts": {"nonfoil": ["d47229f8-1a0d-53d7-aa58-3884c89abad4"]}, "subtypes": [], "supertypes": [], "text": "{T}: Add {C}.\n{T}: Add {B} or {R}. Sulfurous Springs deals 1 damage to you.", "type": "Land", "types": ["Land"], "uuid": "c7862764-e84e-50b4-b150-214d0a8fe842", "variations": ["47dfb47c-3f05-57b6-a825-e72ed35dedae", "521a8e07-482e-5aff-86b2-b27ffb56aedb"]}, {"artist": "Scott Bailey", "artistIds": ["0ebb52bf-cf87-4c03-b975-2d9df7095334"], "availability": ["paper"], "borderColor": "gold", "colorIdentity": ["G", "R"], "colors": [], "convertedManaCost": 0.0, "count": 3, "edhrecRank": 311, "edhrecSaltiness": 0.07, "finishes": ["nonfoil", "signed"], "foreignData": [], "frameVersion": "1997", "hasFoil": false, "hasNonFoil": true, "identifiers": {"mcmId": "249572", "mtgjsonV4Id": "ab8eecdd-3338-546d-8e57-09bbedeeaf1e", "scryfallCardBackId": "420c2336-e212-4109-8525-b0fc69201351", "scryfallId": "17dcc79a-ca76-463a-a9ac-3b5ea60aaaca", "scryfallIllustrationId": "498e9195-a266-4878-b52e-b67c130f4fae", "scryfallOracleId": "bd912666-f37f-4767-af6f-9e6d0fcccacf", "tcgplayerProductId": "165085"}, "isFoil": false, "isReprint": true, "isStarter": true, "language": "English", "layout": "normal", "legalities": {}, "manaValue": 0.0, "name": "Karplusan Forest", "number": "jt336", "printings": ["10E", "5ED", "6ED", "7ED", "9ED", "BLC", "C16", "DKM", "DMU", "ICE", "M3C", "OLEP", "PDMU", "PRM", "PTC", "WC00", "WC01", "WC02", "WC98"], "purchaseUrls": {"tcgplayer": "https://mtgjson.com/links/c16609b330e58e19"}, "rarity": "rare", "setCode": "WC01", "signature": "Jan Tomcani", "sourceProducts": {"nonfoil": ["d47229f8-1a0d-53d7-aa58-3884c89abad4"]}, "subtypes": [], "supertypes": [], "text": "{T}: Add {C}.\n{T}: Add {R} or {G}. Karplusan Forest deals 1 damage to you.", "type": "Land", "types": ["Land"], "uuid": "822ae665-b471-5711-b8a6-3fd42bd59be9"}, {"artist": "Jerry Tiritilli", "artistIds": ["54366fc1-c5b1-4faa-a7a5-de2abc119de1"], "availability": ["paper"], "borderColor": "gold", "colorIdentity": [], "colors": [], "convertedManaCost": 0.0, "count": 4, "edhrecRank": 12250, "edhrecSaltiness": 0.35, "finishes": ["nonfoil", "signed"], "flavorText": "Rishada is the gateway to free trade—but the key will cost you.", "foreignData": [], "frameVersion": "1997", "hasFoil": false, "hasNonFoil": true, "identifiers": {"cardsphereId": "47296", "mcmId": "249573", "mtgjsonV4Id": "d8f35bdb-6c98-5f95-92b8-b48b601f5b46", "scryfallCardBackId": "0aeebaf5-8c7d-4636-9e82-8c27447861f7", "scryfallId": "6949fe68-f895-4c91-945c-8e473a6de2bf", "scryfallIllustrationId": "b5852d09-e1bc-4f42-8d29-0d49a010dfdc", "scryfallOracleId": "f3e8dc56-2810-474e-a6a7-9c3555f94ae9", "tcgplayerProductId": "165093"}, "isFoil": false, "isReprint": true, "isStarter": true, "language": "English", "layout": "normal", "legalities": {}, "manaValue": 0.0, "name": "Rishadan Port", "number": "jt324", "printings": ["A25", "J15", "MB2", "MMQ", "OLGC", "PRM", "WC00", "WC01"], "purchaseUrls": {"tcgplayer": "https://mtgjson.com/links/f5f4ae00e886f73a"}, "rarity": "rare", "rulings": [{"date": "2018-03-16", "text": "Once you announce that you're casting a spell or activating an ability, no player may take other actions until the spell or ability has been paid for. Notably, players can't try to tap your lands to stop you from paying."}], "setCode": "WC01", "signature": "Jan Tomcani", "sourceProducts": {"nonfoil": ["d47229f8-1a0d-53d7-aa58-3884c89abad4"]}, "subtypes": [], "supertypes": [], "text": "{T}: Add {C}.\n{1}, {T}: Tap target land.", "type": "Land", "types": ["Land"], "uuid": "73b72578-d127-5bf6-8584-592c765c97ae", "variations": ["a01ec045-a4c1-55f9-9d52-6ebde9a7442e"]}], "name": "Jan Tomcani - Dark Fires", "releaseDate": "2001-08-08", "sealedProductUuids": null, "sideBoard": [{"artist": "John Howe", "artistIds": ["040fab39-e3db-4d09-9b2d-214a4e40c6fa"], "availability": ["paper"], "borderColor": "gold", "colorIdentity": ["G"], "colors": ["G"], "convertedManaCost": 5.0, "count": 2, "edhrecRank": 25331, "edhrecSaltiness": 0.18, "finishes": ["nonfoil", "signed"], "flavorText": "\"They weren't part of my plan, but Gaea insisted.\"\n—Urza", "foreignData": [], "frameVersion": "1997", "hasFoil": false, "hasNonFoil": true, "identifiers": {"mtgjsonV4Id": "06185fa2-49c4-50ec-9b77-e14ceb5ede78", "scryfallCardBackId": "420c2336-e212-4109-8525-b0fc69201351", "scryfallId": "df7718fe-0137-4b0d-95cc-f02813f9d970", "scryfallIllustrationId": "d72783d8-c4bf-4723-8f91-ec4485e6f0ed", "scryfallOracleId": "82c583ab-8158-4074-a3ff-b7a05ecc8ab1", "tcgplayerProductId": "165086"}, "isAlternative": true, "isFoil": false, "isReprint": true, "isStarter": true, "language": "English", "layout": "normal", "legalities": {}, "manaCost": "{3}{G}{G}", "manaValue": 5.0, "name": "Kavu Chameleon", "number": "jt191sb", "power": "4", "printings": ["INV", "WC01"], "purchaseUrls": {"tcgplayer": "https://mtgjson.com/links/d21e5de6f72ceab7"}, "rarity": "uncommon", "rulings": [{"date": "2004-10-04", "text": "Counterspells can be cast that target it, but when they resolve they simply don’t counter it since it can’t be countered."}, {"date": "2004-10-04", "text": "The new color replaces all previous colors."}], "setCode": "WC01", "signature": "Jan Tomcani", "sourceProducts": {"nonfoil": ["d47229f8-1a0d-53d7-aa58-3884c89abad4"]}, "subtypes": ["Kavu"], "supertypes": [], "text": "This spell can't be countered.\n{G}: Kavu Chameleon becomes the color of your choice until end of turn.", "toughness": "4", "type": "Creature — Kavu", "types": ["Creature"], "uuid": "56409896-9aeb-53a3-b498-9a5f9418199e", "variations": ["87c57be6-c691-5f63-ac4e-5e55d72c501d"]}, {"artist": "Kev Walker", "artistIds": ["f366a0ee-a0cd-466d-ba6a-90058c7a31a6"], "availability": ["paper"], "borderColor": "gold", "colorIdentity": ["R"], "colors": ["R"], "convertedManaCost": 8.0, "count": 2, "edhrecRank": 7012, "edhrecSaltiness": 2.5, "finishes": ["nonfoil", "signed"], "flavorText": "For his family, Barrin made a funeral pyre of Tolaria.", "foreignData": [], "frameVersion": "1997", "hasFoil": false, "hasNonFoil": true, "identifiers": {"mcmId": "249574", "mtgjsonV4Id": "74c4ee5a-3487-5673-8fc6-67f84ecb0522", "scryfallCardBackId": "420c2336-e212-4109-8525-b0fc69201351", "scryfallId": "74c5f897-9ff9-4fdf-9820-45a61e5dce75", "scryfallIllustrationId": "8c72fdff-a3a4-42a0-a5cb-c39a8716c26f", "scryfallOracleId": "47496941-8007-45a0-a981-76c683cbddc1", "tcgplayerProductId": "165092"}, "isFoil": false, "isReprint": true, "isStarter": true, "language": "English", "layout": "normal", "legalities": {}, "manaCost": "{6}{R}{R}", "manaValue": 8.0, "name": "Obliterate", "number": "jt156sb", "printings": ["8ED", "INV", "PLST", "V16", "WC01"], "purchaseUrls": {"tcgplayer": "https://mtgjson.com/links/a5940f8a65244ef4"}, "rarity": "rare", "rulings": [{"date": "2004-10-04", "text": "Counterspells can be cast that target it, but when they resolve they simply don’t counter it since it can’t be countered."}], "setCode": "WC01", "signature": "Jan Tomcani", "sourceProducts": {"nonfoil": ["d47229f8-1a0d-53d7-aa58-3884c89abad4"]}, "subtypes": [], "supertypes": [], "text": "This spell can't be countered.\nDestroy all artifacts, creatures, and lands. They can't be regenerated.", "type": "Sorcery", "types": ["Sorcery"], "uuid": "737c8cb5-2f6b-5511-9e62-a8d45a267ed4"}, {"artist": "Mike Ploog", "artistIds": ["4a9465c4-1545-4ab6-91e7-60252b90bed4"], "availability": ["paper"], "borderColor": "gold", "colorIdentity": ["B", "G", "R"], "colors": ["R"], "convertedManaCost": 3.0, "count": 3, "edhrecRank": 26000, "edhrecSaltiness": 0.07, "finishes": ["nonfoil", "signed"], "foreignData": [], "frameVersion": "1997", "hasFoil": false, "hasNonFoil": true, "identifiers": {"mcmId": "249575", "mtgjsonV4Id": "0dd404e5-99c1-5688-a368-97705453d2bf", "scryfallCardBackId": "420c2336-e212-4109-8525-b0fc69201351", "scryfallId": "6b26fa12-82b3-4fa8-807e-12dd53ce7758", "scryfallIllustrationId": "2b69cc42-d0e7-4214-a03a-99dff4c10ba6", "scryfallOracleId": "9aa66e7d-d5e3-4c48-9c68-b61ff2af0b1a", "tcgplayerProductId": "165099"}, "isFoil": false, "isReprint": true, "isStarter": true, "keywords": ["Kicker"], "language": "English", "layout": "normal", "legalities": {}, "manaCost": "{2}{R}", "manaValue": 3.0, "name": "Thunderscape Battlemage", "number": "jt75sb", "power": "2", "printings": ["DDE", "PLS", "WC01", "WC02"], "purchaseUrls": {"tcgplayer": "https://mtgjson.com/links/676ec60c950b311a"}, "rarity": "uncommon", "setCode": "WC01", "signature": "Jan Tomcani", "sourceProducts": {"nonfoil": ["d47229f8-1a0d-53d7-aa58-3884c89abad4"]}, "subtypes": ["Human", "Wizard"], "supertypes": [], "text": "Kicker {1}{B} and/or {G} (You may pay an additional {1}{B} and/or {G} as you cast this spell.)\nWhen Thunderscape Battlemage enters, if it was kicked with its {1}{B} kicker, target player discards two cards.\nWhen Thunderscape Battlemage enters, if it was kicked with its {G} kicker, destroy target enchantment.", "toughness": "2", "type": "Creature — Human Wizard", "types": ["Creature"], "uuid": "9ab9847e-f45f-5605-9801-ff930e74f058"}, {"artist": "Mike Ploog", "artistIds": ["4a9465c4-1545-4ab6-91e7-60252b90bed4"], "availability": ["paper"], "borderColor": "gold", "colorIdentity": ["R"], "colors": ["R"], "convertedManaCost": 4.0, "count": 3, "edhrecRank": 23649, "edhrecSaltiness": 0.06, "finishes": ["nonfoil", "signed"], "foreignData": [], "frameVersion": "1997", "hasFoil": false, "hasNonFoil": true, "identifiers": {"mcmId": "249576", "mtgjsonV4Id": "a7b22f12-8ba6-5e31-b6f6-62e6f1d3d074", "scryfallCardBackId": "420c2336-e212-4109-8525-b0fc69201351", "scryfallId": "c8748a46-7de5-4c7d-84a9-6cf2e8a5c78a", "scryfallIllustrationId": "02c2ad75-ee04-4e0a-ac18-6d40018ecec7", "scryfallOracleId": "877c34ca-6eff-42ce-b4d7-8a2071d0290a", "tcgplayerProductId": "165070"}, "isFoil": false, "isReprint": true, "isStarter": true, "language": "English", "layout": "normal", "legalities": {}, "manaCost": "{3}{R}", "manaValue": 4.0, "name": "Blood Oath", "number": "jt177sb", "printings": ["MMQ", "WC01"], "purchaseUrls": {"tcgplayer": "https://mtgjson.com/links/9bda1f23daf48d67"}, "rarity": "rare", "setCode": "WC01", "signature": "Jan Tomcani", "sourceProducts": {"nonfoil": ["d47229f8-1a0d-53d7-aa58-3884c89abad4"]}, "subtypes": [], "supertypes": [], "text": "Choose a card type. Target opponent reveals their hand. Blood Oath deals 3 damage to that player for each card of the chosen type revealed this way. (Artifact, battle, creature, enchantment, instant, kindred, land, planeswalker, and sorcery are card types.)", "type": "Instant", "types": ["Instant"], "uuid": "37c95a0f-08b1-50eb-bdcb-b46e23cb1095"}, {"artist": "Christopher Moeller", "artistIds": ["21e10012-06ae-44f2-b38d-3824dd2e73d4"], "availability": ["paper"], "borderColor": "gold", "colorIdentity": ["R"], "colors": ["R"], "convertedManaCost": 4.0, "count": 3, "edhrecRank": 13202, "edhrecSaltiness": 1.81, "finishes": ["nonfoil", "signed"], "flavorText": "\"It is a slaughter, the death of a sea. Never speak of it again.\"\n—The Lord of Atlantis", "foreignData": [], "frameVersion": "1997", "hasFoil": false, "hasNonFoil": true, "identifiers": {"mcmId": "249577", "mtgjsonV4Id": "7c3cf990-4077-5184-8bab-8186da048831", "scryfallCardBackId": "420c2336-e212-4109-8525-b0fc69201351", "scryfallId": "fc807868-bf6f-4d62-8ca3-51ec6c507df7", "scryfallIllustrationId": "15e6b4f2-e9cc-450f-9cb1-c515ecad4141", "scryfallOracleId": "3a51485b-31b2-4fa5-824a-a919f9d28ca8", "tcgplayerProductId": "189739"}, "isFoil": false, "isReprint": true, "isStarter": true, "language": "English", "layout": "normal", "legalities": {}, "manaCost": "{3}{R}", "manaValue": 4.0, "name": "Boil", "number": "jt177sba", "printings": ["6ED", "7ED", "8ED", "MP2", "TMP", "WC00", "WC01", "WC98", "WC99"], "purchaseUrls": {"tcgplayer": "https://mtgjson.com/links/dead0950fcd9159b"}, "rarity": "uncommon", "setCode": "WC01", "signature": "Jan Tomcani", "sourceProducts": {"nonfoil": ["d47229f8-1a0d-53d7-aa58-3884c89abad4"]}, "subtypes": [], "supertypes": [], "text": "Destroy all Islands.", "type": "Instant", "types": ["Instant"], "uuid": "0b191749-2740-5749-9316-cbb0e6701a2a"}, {"artist": "John Avon", "artistIds": ["798f3932-30e0-4420-aa3f-db4d613f89ca"], "availability": ["paper"], "borderColor": "gold", "colorIdentity": ["G"], "colors": ["G"], "convertedManaCost": 2.0, "count": 2, "edhrecRank": 10077, "edhrecSaltiness": 0.43, "finishes": ["nonfoil", "signed"], "flavorText": "Gaea battles rampant death with abundant life.", "foreignData": [], "frameVersion": "1997", "hasFoil": false, "hasNonFoil": true, "identifiers": {"mcmId": "249578", "mtgjsonV4Id": "0afb4f11-5e18-5e38-8c46-9f2eca08ae99", "scryfallCardBackId": "420c2336-e212-4109-8525-b0fc69201351", "scryfallId": "daed0e25-fdfb-410f-81d1-f79fc9a35e3c", "scryfallIllustrationId": "c4efe2b8-1f8d-41cb-b2d4-42f7c01b5527", "scryfallOracleId": "f627e125-15af-4e53-b34e-82b60e4ec87b", "tcgplayerProductId": "165097"}, "isFoil": false, "isReprint": true, "isStarter": true, "language": "English", "layout": "normal", "legalities": {}, "manaCost": "{1}{G}", "manaValue": 2.0, "name": "Tangle", "number": "jt213sb", "printings": ["INV", "PLST", "VMA", "WC01"], "purchaseUrls": {"tcgplayer": "https://mtgjson.com/links/3ef9c7ffdda1e9f2"}, "rarity": "uncommon", "rulings": [{"date": "2004-10-04", "text": "It identifies the creatures that are not going to untap at the time this spell resolves."}], "setCode": "WC01", "signature": "Jan Tomcani", "sourceProducts": {"nonfoil": ["d47229f8-1a0d-53d7-aa58-3884c89abad4"]}, "subtypes": [], "supertypes": [], "text": "Prevent all combat damage that would be dealt this turn.\nEach attacking creature doesn't untap during its controller's next untap step.", "type": "Instant", "types": ["Instant"], "uuid": "10518ece-2e59-565a-87fd-60732978063e"}], "type": "World Championship Deck"}}