{"meta": {"date": "2024-09-03", "version": "5.2.2+20240903"}, "data": {"code": "WC04", "commander": [], "mainBoard": [{"artist": "Scott M. Fischer", "artistIds": ["23b0cf43-3e43-44c6-8329-96446eca5bce"], "availability": ["paper"], "borderColor": "gold", "colorIdentity": ["G"], "colors": ["G"], "convertedManaCost": 3.0, "count": 4, "edhrecRank": 14166, "finishes": ["nonfoil", "signed"], "flavorText": "Because the elves are so in touch with Mirrodin's nature, they understand best how to dismantle it.", "foreignData": [], "frameVersion": "2003", "hasFoil": false, "hasNonFoil": true, "identifiers": {"mcmId": "249108", "mtgjsonV4Id": "9c061330-ffa8-5f9f-93af-1c07d5a1be71", "scryfallCardBackId": "896307e5-1c5d-49c0-8fb5-8d1059bc1115", "scryfallId": "679b0efa-8ad6-41c6-bb4e-3b32358dbcd8", "scryfallIllustrationId": "a05fc398-86a6-4b58-9fb7-92af481bcbc1", "scryfallOracleId": "5aa6d553-a144-4c5b-83fa-65e931903899", "tcgplayerProductId": "174373"}, "isFoil": false, "isReprint": true, "isStarter": true, "language": "English", "layout": "normal", "legalities": {}, "manaCost": "{2}{G}", "manaValue": 3.0, "name": "Viridian Shaman", "number": "jn139", "power": "2", "printings": ["10E", "9ED", "C15", "DDU", "MRD", "PLST", "SLD", "WC04"], "purchaseUrls": {"tcgplayer": "https://mtgjson.com/links/a901b11a988ac0e3"}, "rarity": "uncommon", "setCode": "WC04", "signature": "Julien Nuijten", "sourceProducts": {"nonfoil": ["ff76a195-61e6-58ad-abf1-0abeca8b223b"]}, "subtypes": ["Elf", "Shaman"], "supertypes": [], "text": "When Viridian Shaman enters, destroy target artifact.", "toughness": "2", "type": "Creature — Elf Shaman", "types": ["Creature"], "uuid": "28795632-37c5-595e-9f8b-b0a819f5554a"}, {"artist": "Terese Nielsen", "artistIds": ["eb55171c-2342-45f4-a503-2d5a75baf752"], "availability": ["paper"], "borderColor": "gold", "colorIdentity": ["G"], "colors": ["G"], "convertedManaCost": 3.0, "count": 4, "edhrecRank": 60, "edhrecSaltiness": 0.26, "finishes": ["nonfoil", "signed"], "flavorText": "She remembers every word spoken, from the hero's oath to the baby's cry.", "foreignData": [], "frameVersion": "2003", "hasFoil": false, "hasNonFoil": true, "identifiers": {"mcmId": "249109", "mtgjsonV4Id": "8ea4401c-22db-54a7-9395-56b4b13768cc", "scryfallCardBackId": "896307e5-1c5d-49c0-8fb5-8d1059bc1115", "scryfallId": "c523bdf0-7e61-4b28-bd94-1a21b00aa494", "scryfallIllustrationId": "9ee21d9a-a2db-41ef-b1b3-87d2c047a5b4", "scryfallOracleId": "30b24e8e-3b0e-4d8e-90f3-f66eb7c1858c", "tcgplayerProductId": "174354"}, "isFoil": false, "isReprint": true, "isStarter": true, "language": "English", "layout": "normal", "legalities": {}, "manaCost": "{1}{G}{G}", "manaValue": 3.0, "name": "Eternal Witness", "number": "jn86", "power": "2", "printings": ["2X2", "5DN", "C15", "CM2", "CMA", "CMD", "CMM", "CMR", "DDJ", "F08", "M3C", "MIC", "MMA", "P30A", "PLST", "PRM", "PUMA", "PZ1", "SCD", "SLD", "TD0", "TSR", "UMA", "WC04"], "purchaseUrls": {"tcgplayer": "https://mtgjson.com/links/40e86c9956597459"}, "rarity": "uncommon", "rulings": [{"date": "2021-03-19", "text": "If a resolving spell puts Eternal Witness onto the battlefield, Eternal Witness's ability can target that card if it's put into your graveyard as it resolves."}], "setCode": "WC04", "signature": "Julien Nuijten", "sourceProducts": {"nonfoil": ["ff76a195-61e6-58ad-abf1-0abeca8b223b"]}, "subtypes": ["Human", "Shaman"], "supertypes": [], "text": "When Eternal Witness enters, you may return target card from your graveyard to your hand.", "toughness": "1", "type": "Creature — Human Shaman", "types": ["Creature"], "uuid": "d26cc418-cf59-5360-8e7d-40bab63d36c7"}, {"artist": "Justin Sweet", "artistIds": ["bb15780e-8f96-4823-b258-a7a9fd79b02c"], "availability": ["paper"], "borderColor": "gold", "colorIdentity": ["W"], "colors": ["W"], "convertedManaCost": 7.0, "count": 4, "edhrecRank": 8667, "finishes": ["nonfoil", "signed"], "foreignData": [], "frameVersion": "2003", "hasFoil": false, "hasNonFoil": true, "identifiers": {"mcmId": "249110", "mtgjsonV4Id": "6bd7aa5b-22bf-523a-9179-dc188b0caa7f", "scryfallCardBackId": "896307e5-1c5d-49c0-8fb5-8d1059bc1115", "scryfallId": "8e622273-d692-43df-be1f-8aaf2101fae2", "scryfallIllustrationId": "205c027f-81fe-4d98-ac0b-1afd910f7712", "scryfallOracleId": "04d8615c-3883-4251-9790-1d8a4a40e142", "tcgplayerProductId": "174353"}, "isAlternative": true, "isFoil": false, "isReprint": true, "isStarter": true, "keywords": ["Cycling", "Flying", "Plainscycling"], "language": "English", "layout": "normal", "legalities": {}, "manaCost": "{5}{W}{W}", "manaValue": 7.0, "name": "Eternal Dragon", "number": "jn12", "power": "5", "printings": ["AFC", "C13", "C20", "PPRO", "PRM", "SCG", "VMA", "WC04"], "purchaseUrls": {"tcgplayer": "https://mtgjson.com/links/a1732e129953fe51"}, "rarity": "rare", "rulings": [{"date": "2009-02-01", "text": "Plainscycling is a form of cycling. Any ability that triggers on a card being cycled also triggers on Plainscycling this card. Any ability that stops a cycling ability from being activated also stops Plainscycling from being activated."}, {"date": "2009-02-01", "text": "Plainscycling is an activated ability. Effects that interact with activated abilities (such as Stifle or Rings of Brighthearth) will interact with Plainscycling. Effects that interact with spells (such as Remove Soul or Faerie Tauntings) will not."}, {"date": "2009-02-01", "text": "Unlike the normal cycling ability, Plainscycling doesn't allow you to draw a card. Instead, it lets you search your library for a Plains card. After you find a Plains card in your library, you reveal it, put it into your hand, then shuffle your library."}, {"date": "2009-02-01", "text": "You can choose to find any card with the Plains land type, including nonbasic lands. You can also choose not to find a card, even if there is a Plains card in your library."}], "setCode": "WC04", "signature": "Julien Nuijten", "sourceProducts": {"nonfoil": ["ff76a195-61e6-58ad-abf1-0abeca8b223b"]}, "subtypes": ["Dragon", "Spirit"], "supertypes": [], "text": "Flying\n{3}{W}{W}: Return Eternal Dragon from your graveyard to your hand. Activate only during your upkeep.\nPlainscycling {2} ({2}, Discard this card: Search your library for a Plains card, reveal it, put it into your hand, then shuffle.)", "toughness": "5", "type": "Creature — Dragon Spirit", "types": ["Creature"], "uuid": "62f82076-1473-56bd-b74c-d185b455a072", "variations": ["7c862143-4376-5d1f-89bf-c860910b5fbf"]}, {"artist": "Ron Spears", "artistIds": ["fce9030b-86bd-4439-b06a-920a1eeb184c"], "availability": ["paper"], "borderColor": "gold", "colorIdentity": ["W"], "colors": ["W"], "convertedManaCost": 3.0, "count": 4, "edhrecRank": 9665, "edhrecSaltiness": 0.29, "finishes": ["nonfoil", "signed"], "flavorText": "\"The hum of the universe is never off-key.\"\n—Mystic elder", "foreignData": [], "frameVersion": "2003", "hasFoil": false, "hasNonFoil": true, "identifiers": {"mcmId": "249111", "mtgjsonV4Id": "1db089a7-f421-5b64-bec6-bdfc814a2b86", "scryfallCardBackId": "896307e5-1c5d-49c0-8fb5-8d1059bc1115", "scryfallId": "9abc2e5e-dabc-45a4-a229-53ad1ed7e6c0", "scryfallIllustrationId": "a4d9a3d3-1f0e-46c2-869d-68e59e2dfcfd", "scryfallOracleId": "70f14b10-8129-4249-a267-8b4be5d9befa", "tcgplayerProductId": "174350"}, "isFoil": false, "isReprint": true, "isStarter": true, "language": "English", "layout": "normal", "legalities": {}, "manaCost": "{2}{W}", "manaValue": 3.0, "name": "Astral Slide", "number": "jn4", "printings": ["F06", "ONS", "PRM", "VMA", "WC04"], "purchaseUrls": {"tcgplayer": "https://mtgjson.com/links/52c332a10ceb00d8"}, "rarity": "uncommon", "rulings": [{"date": "2004-10-04", "text": "If a player cycles a card during the end step, the creature that is exiled won't come back until the end of the next turn."}, {"date": "2008-08-01", "text": "If a face-down card is exiled, it turns face-up and remains face-up when it returns to the battlefield. This does not trigger any abilities that would trigger on it being turned face-up."}], "setCode": "WC04", "signature": "Julien Nuijten", "sourceProducts": {"nonfoil": ["ff76a195-61e6-58ad-abf1-0abeca8b223b"]}, "subtypes": [], "supertypes": [], "text": "Whenever a player cycles a card, you may exile target creature. If you do, return that card to the battlefield under its owner's control at the beginning of the next end step.", "type": "Enchantment", "types": ["Enchantment"], "uuid": "e5d7fc92-477c-532b-8f50-64d1e319caa7"}, {"artist": "Dave Dorman", "artistIds": ["9235458b-ce92-45bd-a430-a72ecd8e6176"], "availability": ["paper"], "borderColor": "gold", "colorIdentity": ["W"], "colors": ["W"], "convertedManaCost": 3.0, "count": 4, "edhrecRank": 13777, "edhrecSaltiness": 0.12, "finishes": ["nonfoil", "signed"], "foreignData": [], "frameVersion": "2003", "hasFoil": false, "hasNonFoil": true, "identifiers": {"mcmId": "249112", "mtgjsonV4Id": "53ffde1c-8ab4-5eab-abfa-61ca37c19d43", "scryfallCardBackId": "896307e5-1c5d-49c0-8fb5-8d1059bc1115", "scryfallId": "a9e29314-735e-4fed-9147-0ea963d1e963", "scryfallIllustrationId": "c389cb67-72e2-4ec7-ae87-ec625d9db80f", "scryfallOracleId": "aa4ecefa-808e-4706-af16-4ea5af9743fc", "tcgplayerProductId": "174368"}, "isFoil": false, "isReprint": true, "isStarter": true, "keywords": ["Cycling"], "language": "English", "layout": "normal", "legalities": {}, "manaCost": "{2}{W}", "manaValue": 3.0, "name": "Renewed Faith", "number": "jn50", "printings": ["A25", "AKH", "AKR", "DMR", "ONS", "PLST", "VMA", "WC03", "WC04"], "purchaseUrls": {"tcgplayer": "https://mtgjson.com/links/2396ff8263e82d59"}, "rarity": "common", "rulings": [{"date": "2018-01-19", "text": "There are many important moments in the story, but the most crucial—called \"story spotlights\"—are shown on cards. These cards have the Planeswalker symbol in their text box; this symbol has no effect on gameplay. You can read more about these events in the official Magic fiction at http://www.mtgstory.com."}, {"date": "2022-12-08", "text": "The cycling ability and the triggered ability are separate. If the triggered ability doesn't resolve (because, for example, it has been countered, or all of its targets have become illegal), the cycling ability will still resolve, and you'll draw a card."}, {"date": "2022-12-08", "text": "When you cycle this card, first the cycling ability goes on the stack, then the triggered ability goes on the stack on top of it. The triggered ability will resolve before you draw a card from the cycling ability."}], "setCode": "WC04", "signature": "Julien Nuijten", "sourceProducts": {"nonfoil": ["ff76a195-61e6-58ad-abf1-0abeca8b223b"]}, "subtypes": [], "supertypes": [], "text": "You gain 6 life.\nCycling {1}{W} ({1}{W}, Discard this card: Draw a card.)\nWhen you cycle Renewed Faith, you may gain 2 life.", "type": "Instant", "types": ["Instant"], "uuid": "358d6b14-9e98-550d-8f5a-abeb99636cd4"}, {"artist": "Daren Bader", "artistIds": ["7da1a585-c875-45e4-b322-5da9e8e1f651"], "availability": ["paper"], "borderColor": "gold", "colorIdentity": ["W"], "colors": ["W"], "convertedManaCost": 3.0, "count": 2, "edhrecRank": 11862, "edhrecSaltiness": 0.28, "finishes": ["nonfoil", "signed"], "foreignData": [], "frameVersion": "2003", "hasFoil": false, "hasNonFoil": true, "identifiers": {"mcmId": "249113", "mtgjsonV4Id": "422b431b-82d8-5ee3-8b77-b1c4afd8ac72", "scryfallCardBackId": "896307e5-1c5d-49c0-8fb5-8d1059bc1115", "scryfallId": "a85375eb-7131-46ed-b323-55ba04828418", "scryfallIllustrationId": "ca205c88-f8ef-49f7-be82-a4db536129bb", "scryfallOracleId": "b302bce5-d7ad-46d8-9dbf-8159e8709b4f", "tcgplayerProductId": "174375"}, "isFoil": false, "isReprint": true, "isStarter": true, "keywords": ["Storm"], "language": "English", "layout": "normal", "legalities": {}, "manaCost": "{1}{W}{W}", "manaValue": 3.0, "name": "Wing Shards", "number": "jn25", "printings": ["C14", "C17", "F07", "IMA", "MH1", "PLST", "PRM", "SCG", "WC03", "WC04"], "purchaseUrls": {"tcgplayer": "https://mtgjson.com/links/7990b538c832c1ce"}, "rarity": "uncommon", "rulings": [{"date": "2019-06-14", "text": "An “attacking creature” is one that has been declared as an attacker or put onto the battlefield attacking during a turn’s combat. Unless that creature leaves combat, it continues to be an attacking creature through the end of combat step, even if the player it was attacking has left the game or the planeswalker it was attacking has left combat."}, {"date": "2019-06-14", "text": "If you cast Wing Shards after combat damage has been dealt, only creatures that survived combat can be sacrificed."}, {"date": "2019-06-14", "text": "Storm counts spells cast before the spell with storm was cast. Spells cast after the spell with storm was cast but before the storm ability resolves aren’t counted."}, {"date": "2019-06-14", "text": "The copies storm creates are created on the stack, so they’re not cast. Abilities that trigger when a player casts a spell (such as storm) won’t trigger."}, {"date": "2019-06-14", "text": "The storm ability and the copies it creates all resolve before the spell with storm. They resolve even if the spell with storm is countered."}, {"date": "2019-06-14", "text": "Wing Shards doesn’t target the creature to be sacrificed. The target player chooses the creature as it resolves."}], "setCode": "WC04", "signature": "Julien Nuijten", "sourceProducts": {"nonfoil": ["ff76a195-61e6-58ad-abf1-0abeca8b223b"]}, "subtypes": [], "supertypes": [], "text": "Target player sacrifices an attacking creature.\nStorm (When you cast this spell, copy it for each spell cast before it this turn. You may choose new targets for the copies.)", "type": "Instant", "types": ["Instant"], "uuid": "37afe434-b21c-58bd-a31c-de503604886e"}, {"artist": "Greg Hildebrandt & Tim Hildebrandt", "artistIds": ["020f967b-0d2f-4166-aabe-901dba8bc7ec", "caa7228c-f74c-4145-91fb-1af8d623c353"], "availability": ["paper"], "borderColor": "gold", "colorIdentity": ["W"], "colors": ["W"], "convertedManaCost": 6.0, "count": 2, "edhrecRank": 4099, "edhrecSaltiness": 0.4, "finishes": ["nonfoil", "signed"], "flavorText": "Ixidor had only to imagine their ruin and Akroma made it so.", "foreignData": [], "frameVersion": "2003", "hasFoil": false, "hasNonFoil": true, "identifiers": {"mcmId": "249114", "mtgjsonV4Id": "328cda74-825c-5262-841b-9908be872137", "scryfallCardBackId": "896307e5-1c5d-49c0-8fb5-8d1059bc1115", "scryfallId": "c9eaed83-a5f9-49bf-93e4-e6e749ea3204", "scryfallIllustrationId": "0cf7d49d-80e5-4da1-88c7-d34427fe0916", "scryfallOracleId": "ae19dce5-c9fc-4fbe-99b5-dc6a12124a68", "tcgplayerProductId": "174349"}, "isAlternative": true, "isFoil": false, "isReprint": true, "isStarter": true, "keywords": ["Cycling"], "language": "English", "layout": "normal", "legalities": {}, "manaCost": "{4}{W}{W}", "manaValue": 6.0, "name": "Akroma's Vengeance", "number": "jn2", "printings": ["A25", "C18", "C20", "CMA", "CMD", "HOP", "ONS", "V13", "WC04"], "purchaseUrls": {"tcgplayer": "https://mtgjson.com/links/68312b768bd8ef15"}, "rarity": "rare", "rulings": [{"date": "2008-10-01", "text": "Cycling is an activated ability. Effects that interact with activated abilities (such as Stifle or Rings of Brighthearth) will interact with cycling. Effects that interact with spells (such as Remove Soul or Faerie Tauntings) will not."}], "setCode": "WC04", "signature": "Julien Nuijten", "sourceProducts": {"nonfoil": ["ff76a195-61e6-58ad-abf1-0abeca8b223b"]}, "subtypes": [], "supertypes": [], "text": "Destroy all artifacts, creatures, and enchantments.\nCycling {3} ({3}, Discard this card: Draw a card.)", "type": "Sorcery", "types": ["Sorcery"], "uuid": "a0c62004-c40f-54ba-8689-bd6bf8d49025", "variations": ["1521f283-90ff-5d1c-be56-3f6605f34b94"]}, {"artist": "Adam Rex", "artistIds": ["445bd2fb-4a70-4599-87a4-83cf5979fc56"], "availability": ["paper"], "borderColor": "gold", "colorIdentity": ["W"], "colors": ["W"], "convertedManaCost": 4.0, "count": 2, "edhrecRank": 6326, "finishes": ["nonfoil", "signed"], "foreignData": [], "frameVersion": "2003", "hasFoil": false, "hasNonFoil": true, "identifiers": {"mcmId": "249115", "mtgjsonV4Id": "868a62db-6843-54ba-894c-d3f110b7c137", "scryfallCardBackId": "896307e5-1c5d-49c0-8fb5-8d1059bc1115", "scryfallId": "67fd68fe-1cf2-4bd9-a6d3-75b78ef53c1b", "scryfallIllustrationId": "785535b7-0d9f-4a5b-b1e0-e4f520652bdb", "scryfallOracleId": "67a98359-6f02-4556-ad47-c01b643686d6", "tcgplayerProductId": "174352"}, "isAlternative": true, "isFoil": false, "isReprint": true, "isStarter": true, "keywords": ["Cycling"], "language": "English", "layout": "normal", "legalities": {}, "manaCost": "{X}{X}{2}{W}{W}", "manaValue": 4.0, "name": "Decree of Justice", "number": "jn8", "printings": ["A25", "C14", "C20", "DDO", "G07", "J22", "MH3", "PLST", "PRM", "SCG", "TD0", "VMA", "WC03", "WC04"], "purchaseUrls": {"tcgplayer": "https://mtgjson.com/links/1544922b46fbbc90"}, "rarity": "rare", "rulings": [{"date": "2018-03-16", "text": "A mana cost of {X}{X} means that you pay twice X. If you want X to be 3, you pay {8}{W}{W} to cast Decree of Justice."}, {"date": "2022-12-08", "text": "The cycling ability and the triggered ability are separate. If the triggered ability doesn't resolve (because, for example, it has been countered, or all of its targets have become illegal), the cycling ability will still resolve, and you'll draw a card."}, {"date": "2022-12-08", "text": "When you cycle this card, first the cycling ability goes on the stack, then the triggered ability goes on the stack on top of it. The triggered ability will resolve before you draw a card from the cycling ability."}], "setCode": "WC04", "signature": "Julien Nuijten", "sourceProducts": {"nonfoil": ["ff76a195-61e6-58ad-abf1-0abeca8b223b"]}, "subtypes": [], "supertypes": [], "text": "Create X 4/4 white Angel creature tokens with flying.\nCycling {2}{W} ({2}{W}, Discard this card: Draw a card.)\nWhen you cycle Decree of Justice, you may pay {X}. If you do, create X 1/1 white Soldier creature tokens.", "type": "Sorcery", "types": ["Sorcery"], "uuid": "d744e3a2-1ca2-5f41-ae11-56fc6ab53711", "variations": ["5edfcf76-a0b0-5b66-a070-443d6394ae83"]}, {"artist": "Rob Alexander", "artistIds": ["35906871-6c78-4ab2-9ed1-e6792c8efb74"], "availability": ["paper"], "borderColor": "gold", "colorIdentity": ["G"], "colors": ["G"], "convertedManaCost": 5.0, "count": 1, "edhrecRank": 22745, "edhrecSaltiness": 0.93, "finishes": ["nonfoil", "signed"], "flavorText": "To renew the land, plow the land. To destroy the land, do nothing.\n—Druids' saying", "foreignData": [], "frameVersion": "2003", "hasFoil": false, "hasNonFoil": true, "identifiers": {"mcmId": "249117", "mtgjsonV4Id": "2739caeb-ad18-5f85-8034-a44fb9e7f578", "scryfallCardBackId": "896307e5-1c5d-49c0-8fb5-8d1059bc1115", "scryfallId": "861a545e-38b9-4978-ada8-deb630986039", "scryfallIllustrationId": "80cf1ee5-7017-44a4-b42d-a78cbb5d0e1a", "scryfallOracleId": "23b36aef-961f-4a78-9652-8594ad73102e", "tcgplayerProductId": "174366"}, "isFoil": false, "isReprint": true, "isStarter": true, "language": "English", "layout": "normal", "legalities": {}, "manaCost": "{3}{G}{G}", "manaValue": 5.0, "name": "Plow Under", "number": "jn272", "printings": ["8ED", "UDS", "WC00", "WC04"], "purchaseUrls": {"tcgplayer": "https://mtgjson.com/links/e2cee1f06393b12e"}, "rarity": "rare", "rulings": [{"date": "2004-10-04", "text": "The owner decides the order the two lands are stacked there."}], "setCode": "WC04", "signature": "Julien Nuijten", "sourceProducts": {"nonfoil": ["ff76a195-61e6-58ad-abf1-0abeca8b223b"]}, "subtypes": [], "supertypes": [], "text": "Put two target lands on top of their owners' libraries.", "type": "Sorcery", "types": ["Sorcery"], "uuid": "64cc52a9-9f11-5481-bf4b-df4c2e3f838b", "variations": ["4024a5a8-df44-5269-8b90-ecd1cbe7c0c0"]}, {"artist": "Tom Kyffin", "artistIds": ["8f43afbf-ce7e-4c01-8815-6d51eaa801cd"], "availability": ["paper"], "borderColor": "gold", "colorIdentity": ["G"], "colors": ["G"], "convertedManaCost": 2.0, "count": 4, "edhrecRank": 26, "edhrecSaltiness": 0.15, "finishes": ["nonfoil", "signed"], "flavorText": "Nature grows solutions to her problems.", "foreignData": [], "frameVersion": "2003", "hasFoil": false, "hasNonFoil": true, "identifiers": {"mcmId": "249118", "mtgjsonV4Id": "42d6a4a6-d0d1-532f-9842-d75c0509d36c", "scryfallCardBackId": "896307e5-1c5d-49c0-8fb5-8d1059bc1115", "scryfallId": "4cdf07ce-bb48-4d3d-91d2-40df9fbe14f6", "scryfallIllustrationId": "76a720a9-0644-4e3b-8f16-ca5eefe5957e", "scryfallOracleId": "8539f295-5d58-4436-a73a-b9277c4c7795", "tcgplayerProductId": "174367"}, "isFoil": false, "isReprint": true, "isStarter": true, "language": "English", "layout": "normal", "legalities": {}, "manaCost": "{1}{G}", "manaValue": 2.0, "name": "Rampant Growth", "number": "jn274", "printings": ["10E", "2X2", "40K", "6ED", "7ED", "8ED", "9ED", "AFC", "BLC", "BTD", "C15", "C16", "C21", "CMM", "CMR", "DDS", "DPA", "HOP", "LCC", "LTC", "M10", "M12", "M3C", "MIR", "MM2", "NCC", "NEC", "OTC", "P09", "PIP", "PLST", "PRM", "PS11", "PSAL", "PW23", "SLD", "TD0", "TMP", "TPR", "WC04"], "purchaseUrls": {"tcgplayer": "https://mtgjson.com/links/af3042cf5f705362"}, "rarity": "common", "rulings": [{"date": "2004-10-04", "text": "Because the \"search\" requires you to find a card with certain characteristics, you don't have to find the card if you don't want to."}, {"date": "2004-10-04", "text": "The land does not count toward your one per turn limit because it was put onto the battlefield by an effect."}], "setCode": "WC04", "signature": "Julien Nuijten", "sourceProducts": {"nonfoil": ["ff76a195-61e6-58ad-abf1-0abeca8b223b"]}, "subtypes": [], "supertypes": [], "text": "Search your library for a basic land card, put that card onto the battlefield tapped, then shuffle.", "type": "Sorcery", "types": ["Sorcery"], "uuid": "b12c6c36-b819-5585-8e45-3f8c4d96c785"}, {"artist": "Kev Walker", "artistIds": ["f366a0ee-a0cd-466d-ba6a-90058c7a31a6"], "availability": ["paper"], "borderColor": "gold", "colorIdentity": ["W"], "colors": ["W"], "convertedManaCost": 4.0, "count": 4, "edhrecRank": 397, "edhrecSaltiness": 0.49, "finishes": ["nonfoil", "signed"], "foreignData": [], "frameVersion": "2003", "hasFoil": false, "hasNonFoil": true, "identifiers": {"mcmId": "249119", "mtgjsonV4Id": "df0b0efc-d2d4-5b70-be1e-7075a942a0d2", "scryfallCardBackId": "896307e5-1c5d-49c0-8fb5-8d1059bc1115", "scryfallId": "f5293c89-d01a-444c-b4f5-2e29ced0076f", "scryfallIllustrationId": "b57c4db3-b71b-4780-b4a3-81dd1e085e26", "scryfallOracleId": "34515b16-c9a4-4f98-8c77-416a7a523407", "tcgplayerProductId": "174376"}, "isAlternative": true, "isFoil": false, "isReprint": true, "isStarter": true, "language": "English", "layout": "normal", "legalities": {}, "manaCost": "{2}{W}{W}", "manaValue": 4.0, "name": "Wrath of God", "number": "jn58", "printings": ["10E", "2ED", "2XM", "30A", "3ED", "4BB", "4ED", "5ED", "6ED", "7ED", "8ED", "9ED", "AKR", "BRB", "C13", "CED", "CEI", "CMM", "DMR", "EMA", "FBB", "LEA", "LEB", "MP2", "P07", "PLST", "POR", "PRM", "PTC", "PZ1", "SLD", "SUM", "V14", "WC00", "WC03", "WC04"], "purchaseUrls": {"tcgplayer": "https://mtgjson.com/links/2e068e5fe2a12602"}, "rarity": "rare", "setCode": "WC04", "signature": "Julien Nuijten", "sourceProducts": {"nonfoil": ["ff76a195-61e6-58ad-abf1-0abeca8b223b"]}, "subtypes": [], "supertypes": [], "text": "Destroy all creatures. They can't be regenerated.", "type": "Sorcery", "types": ["Sorcery"], "uuid": "5d1471a0-002c-54bc-bd43-6b8488af5ae9", "variations": ["f80b5ac5-0117-58a5-9f24-91c50764c8eb"]}, {"artist": "John Avon", "artistIds": ["798f3932-30e0-4420-aa3f-db4d613f89ca"], "availability": ["paper"], "borderColor": "gold", "colorIdentity": ["G"], "colors": [], "convertedManaCost": 0.0, "count": 3, "edhrecSaltiness": 0.35, "finishes": ["nonfoil", "signed"], "foreignData": [], "frameVersion": "2003", "hasFoil": false, "hasNonFoil": true, "identifiers": {"mcmId": "249120", "mtgjsonV4Id": "d642c0b5-953e-56e3-9753-e69eb66867b9", "scryfallCardBackId": "896307e5-1c5d-49c0-8fb5-8d1059bc1115", "scryfallId": "0ae275b5-fdf8-4590-8848-432a06ce19bf", "scryfallIllustrationId": "a008404e-decd-462e-a94b-d70c7f1217c5", "scryfallOracleId": "b34bb2dc-c1af-4d77-b0b3-a0fb342a5fc6", "tcgplayerProductId": "174355"}, "isFoil": false, "isReprint": true, "isStarter": true, "language": "English", "layout": "normal", "legalities": {}, "manaValue": 0.0, "name": "Forest", "number": "jn347", "printings": ["10E", "2ED", "2XM", "30A", "3ED", "40K", "4BB", "4ED", "5ED", "6ED", "7ED", "8ED", "9ED", "ACR", "AFR", "AKH", "AKR", "ALA", "ANA", "ANB", "ARC", "ATH", "AVR", "BBD", "BFZ", "BLB", "BRB", "BRO", "BTD", "C13", "C14", "C15", "C16", "C17", "C18", "C19", "CED", "CEI", "CHK", "CLB", "CLU", "CM2", "CMA", "CMD", "CMM", "CMR", "CST", "DD1", "DDD", "DDE", "DDG", "DDH", "DDJ", "DDL", "DDM", "DDO", "DDP", "DDR", "DDS", "DDU", "DKM", "DMR", "DMU", "DOM", "DPA", "DSK", "DTK", "E01", "ELD", "EVG", "FBB", "FRF", "G17", "GK1", "GK2", "GN2", "GN3", "GNT", "GRN", "GS1", "GVL", "H09", "HBG", "HOP", "HOU", "ICE", "IKO", "INV", "ISD", "ITP", "J14", "J22", "JMP", "KHM", "KLD", "KLR", "KTK", "LCI", "LEA", "LEB", "LRW", "LTR", "M10", "M11", "M12", "M13", "M14", "M15", "M19", "M20", "M21", "MBS", "ME1", "ME3", "MH2", "MH3", "MID", "MIR", "MKM", "MMQ", "MOM", "MRD", "NEO", "NPH", "ODY", "OLEP", "ONE", "ONS", "ORI", "OTJ", "P02", "P23", "PAL00", "PAL01", "PAL03", "PAL04", "PAL05", "PAL06", "PAL99", "PALP", "PANA", "PARL", "PC2", "PCA", "PELP", "PF19", "PF20", "PGPX", "PGRU", "PIP", "PLST", "PMPS", "PMPS06", "PMPS07", "PMPS08", "PMPS09", "PMPS10", "PMPS11", "POR", "PPP1", "PRM", "PRW2", "PRWK", "PS11", "PSAL", "PSS2", "PSS3", "PSS4", "PTC", "PTK", "PZ2", "RAV", "REX", "RIX", "RNA", "ROE", "RQS", "RTR", "S99", "SCD", "SHM", "SIR", "SLD", "SNC", "SOI", "SOM", "STX", "SUM", "TD0", "TD2", "THB", "THS", "TMP", "TPR", "TSP", "UGL", "UND", "UNF", "UNH", "USG", "UST", "VOW", "WAR", "WC00", "WC01", "WC02", "WC03", "WC04", "WC97", "WC98", "WC99", "WHO", "WOE", "XANA", "XLN", "ZEN", "ZNR"], "purchaseUrls": {"tcgplayer": "https://mtgjson.com/links/faeb636076d5ca9f"}, "rarity": "common", "setCode": "WC04", "signature": "Julien Nuijten", "sourceProducts": {"nonfoil": ["ff76a195-61e6-58ad-abf1-0abeca8b223b"]}, "subtypes": ["Forest"], "supertypes": ["Basic"], "text": "({T}: Add {G}.)", "type": "Basic Land — Forest", "types": ["Land"], "uuid": "11458b6a-4075-5156-b7d0-97a1e03fc450", "variations": ["ce7bd755-d12e-53ef-8f0e-98e79b683f1b", "a20f1334-6ba6-545c-8fdf-5b1650a4b10a"]}, {"artist": "John Avon", "artistIds": ["798f3932-30e0-4420-aa3f-db4d613f89ca"], "availability": ["paper"], "borderColor": "gold", "colorIdentity": ["G"], "colors": [], "convertedManaCost": 0.0, "count": 2, "edhrecSaltiness": 0.35, "finishes": ["nonfoil", "signed"], "foreignData": [], "frameVersion": "2003", "hasFoil": false, "hasNonFoil": true, "identifiers": {"mtgjsonV4Id": "c6cd3ee7-2753-5718-915c-c6f40bb15f91", "scryfallCardBackId": "896307e5-1c5d-49c0-8fb5-8d1059bc1115", "scryfallId": "76426cae-c1da-41f0-afe2-1c860b41dfc2", "scryfallIllustrationId": "74980bb4-4270-404b-a441-1dd53bdb4682", "scryfallOracleId": "b34bb2dc-c1af-4d77-b0b3-a0fb342a5fc6", "tcgplayerProductId": "174356"}, "isFoil": false, "isReprint": true, "isStarter": true, "language": "English", "layout": "normal", "legalities": {}, "manaValue": 0.0, "name": "Forest", "number": "jn348", "printings": ["10E", "2ED", "2XM", "30A", "3ED", "40K", "4BB", "4ED", "5ED", "6ED", "7ED", "8ED", "9ED", "ACR", "AFR", "AKH", "AKR", "ALA", "ANA", "ANB", "ARC", "ATH", "AVR", "BBD", "BFZ", "BLB", "BRB", "BRO", "BTD", "C13", "C14", "C15", "C16", "C17", "C18", "C19", "CED", "CEI", "CHK", "CLB", "CLU", "CM2", "CMA", "CMD", "CMM", "CMR", "CST", "DD1", "DDD", "DDE", "DDG", "DDH", "DDJ", "DDL", "DDM", "DDO", "DDP", "DDR", "DDS", "DDU", "DKM", "DMR", "DMU", "DOM", "DPA", "DSK", "DTK", "E01", "ELD", "EVG", "FBB", "FRF", "G17", "GK1", "GK2", "GN2", "GN3", "GNT", "GRN", "GS1", "GVL", "H09", "HBG", "HOP", "HOU", "ICE", "IKO", "INV", "ISD", "ITP", "J14", "J22", "JMP", "KHM", "KLD", "KLR", "KTK", "LCI", "LEA", "LEB", "LRW", "LTR", "M10", "M11", "M12", "M13", "M14", "M15", "M19", "M20", "M21", "MBS", "ME1", "ME3", "MH2", "MH3", "MID", "MIR", "MKM", "MMQ", "MOM", "MRD", "NEO", "NPH", "ODY", "OLEP", "ONE", "ONS", "ORI", "OTJ", "P02", "P23", "PAL00", "PAL01", "PAL03", "PAL04", "PAL05", "PAL06", "PAL99", "PALP", "PANA", "PARL", "PC2", "PCA", "PELP", "PF19", "PF20", "PGPX", "PGRU", "PIP", "PLST", "PMPS", "PMPS06", "PMPS07", "PMPS08", "PMPS09", "PMPS10", "PMPS11", "POR", "PPP1", "PRM", "PRW2", "PRWK", "PS11", "PSAL", "PSS2", "PSS3", "PSS4", "PTC", "PTK", "PZ2", "RAV", "REX", "RIX", "RNA", "ROE", "RQS", "RTR", "S99", "SCD", "SHM", "SIR", "SLD", "SNC", "SOI", "SOM", "STX", "SUM", "TD0", "TD2", "THB", "THS", "TMP", "TPR", "TSP", "UGL", "UND", "UNF", "UNH", "USG", "UST", "VOW", "WAR", "WC00", "WC01", "WC02", "WC03", "WC04", "WC97", "WC98", "WC99", "WHO", "WOE", "XANA", "XLN", "ZEN", "ZNR"], "purchaseUrls": {"tcgplayer": "https://mtgjson.com/links/9238b3cde8a7f266"}, "rarity": "common", "setCode": "WC04", "signature": "Julien Nuijten", "sourceProducts": {"nonfoil": ["ff76a195-61e6-58ad-abf1-0abeca8b223b"]}, "subtypes": ["Forest"], "supertypes": ["Basic"], "text": "({T}: Add {G}.)", "type": "Basic Land — Forest", "types": ["Land"], "uuid": "ce7bd755-d12e-53ef-8f0e-98e79b683f1b", "variations": ["11458b6a-4075-5156-b7d0-97a1e03fc450", "a20f1334-6ba6-545c-8fdf-5b1650a4b10a"]}, {"artist": "John Avon", "artistIds": ["798f3932-30e0-4420-aa3f-db4d613f89ca"], "availability": ["paper"], "borderColor": "gold", "colorIdentity": ["G"], "colors": [], "convertedManaCost": 0.0, "count": 2, "edhrecSaltiness": 0.35, "finishes": ["nonfoil", "signed"], "foreignData": [], "frameVersion": "2003", "hasFoil": false, "hasNonFoil": true, "identifiers": {"mtgjsonV4Id": "5d2bc96e-a31f-5e3d-bd98-a34423d1dc6f", "scryfallCardBackId": "896307e5-1c5d-49c0-8fb5-8d1059bc1115", "scryfallId": "8c48b157-1ecb-41e9-9697-7e2c75b22975", "scryfallIllustrationId": "b9aa17de-a31a-4ce7-ac53-a535527e4e24", "scryfallOracleId": "b34bb2dc-c1af-4d77-b0b3-a0fb342a5fc6", "tcgplayerProductId": "174357"}, "isFoil": false, "isReprint": true, "isStarter": true, "language": "English", "layout": "normal", "legalities": {}, "manaValue": 0.0, "name": "Forest", "number": "jn350", "printings": ["10E", "2ED", "2XM", "30A", "3ED", "40K", "4BB", "4ED", "5ED", "6ED", "7ED", "8ED", "9ED", "ACR", "AFR", "AKH", "AKR", "ALA", "ANA", "ANB", "ARC", "ATH", "AVR", "BBD", "BFZ", "BLB", "BRB", "BRO", "BTD", "C13", "C14", "C15", "C16", "C17", "C18", "C19", "CED", "CEI", "CHK", "CLB", "CLU", "CM2", "CMA", "CMD", "CMM", "CMR", "CST", "DD1", "DDD", "DDE", "DDG", "DDH", "DDJ", "DDL", "DDM", "DDO", "DDP", "DDR", "DDS", "DDU", "DKM", "DMR", "DMU", "DOM", "DPA", "DSK", "DTK", "E01", "ELD", "EVG", "FBB", "FRF", "G17", "GK1", "GK2", "GN2", "GN3", "GNT", "GRN", "GS1", "GVL", "H09", "HBG", "HOP", "HOU", "ICE", "IKO", "INV", "ISD", "ITP", "J14", "J22", "JMP", "KHM", "KLD", "KLR", "KTK", "LCI", "LEA", "LEB", "LRW", "LTR", "M10", "M11", "M12", "M13", "M14", "M15", "M19", "M20", "M21", "MBS", "ME1", "ME3", "MH2", "MH3", "MID", "MIR", "MKM", "MMQ", "MOM", "MRD", "NEO", "NPH", "ODY", "OLEP", "ONE", "ONS", "ORI", "OTJ", "P02", "P23", "PAL00", "PAL01", "PAL03", "PAL04", "PAL05", "PAL06", "PAL99", "PALP", "PANA", "PARL", "PC2", "PCA", "PELP", "PF19", "PF20", "PGPX", "PGRU", "PIP", "PLST", "PMPS", "PMPS06", "PMPS07", "PMPS08", "PMPS09", "PMPS10", "PMPS11", "POR", "PPP1", "PRM", "PRW2", "PRWK", "PS11", "PSAL", "PSS2", "PSS3", "PSS4", "PTC", "PTK", "PZ2", "RAV", "REX", "RIX", "RNA", "ROE", "RQS", "RTR", "S99", "SCD", "SHM", "SIR", "SLD", "SNC", "SOI", "SOM", "STX", "SUM", "TD0", "TD2", "THB", "THS", "TMP", "TPR", "TSP", "UGL", "UND", "UNF", "UNH", "USG", "UST", "VOW", "WAR", "WC00", "WC01", "WC02", "WC03", "WC04", "WC97", "WC98", "WC99", "WHO", "WOE", "XANA", "XLN", "ZEN", "ZNR"], "purchaseUrls": {"tcgplayer": "https://mtgjson.com/links/457b09e95416304b"}, "rarity": "common", "setCode": "WC04", "signature": "Julien Nuijten", "sourceProducts": {"nonfoil": ["ff76a195-61e6-58ad-abf1-0abeca8b223b"]}, "subtypes": ["Forest"], "supertypes": ["Basic"], "text": "({T}: Add {G}.)", "type": "Basic Land — Forest", "types": ["Land"], "uuid": "a20f1334-6ba6-545c-8fdf-5b1650a4b10a", "variations": ["11458b6a-4075-5156-b7d0-97a1e03fc450", "ce7bd755-d12e-53ef-8f0e-98e79b683f1b"]}, {"artist": "Matthew Mitchell", "artistIds": ["eea336ef-ca95-4394-ba83-f35d7c2ff13b"], "availability": ["paper"], "borderColor": "gold", "colorIdentity": ["W"], "colors": [], "convertedManaCost": 0.0, "count": 2, "edhrecSaltiness": 0.28, "finishes": ["nonfoil", "signed"], "foreignData": [], "frameVersion": "2003", "hasFoil": false, "hasNonFoil": true, "identifiers": {"mcmId": "249125", "mtgjsonV4Id": "d7b0b59a-5bb8-5770-b263-1fe6da80f2db", "scryfallCardBackId": "896307e5-1c5d-49c0-8fb5-8d1059bc1115", "scryfallId": "933be7f9-9bfe-45cf-9dfc-60f72cd58db1", "scryfallIllustrationId": "5b568f25-52bb-474b-aac2-881489e4e7ea", "scryfallOracleId": "bc71ebf6-2056-41f7-be35-b2e5c34afa99", "tcgplayerProductId": "174362"}, "isFoil": false, "isReprint": true, "isStarter": true, "language": "English", "layout": "normal", "legalities": {}, "manaValue": 0.0, "name": "Plains", "number": "jn332", "printings": ["10E", "2ED", "2XM", "30A", "3ED", "40K", "4BB", "4ED", "5ED", "6ED", "7ED", "8ED", "9ED", "ACR", "AFR", "AKH", "AKR", "ALA", "ANA", "ANB", "ARC", "ATH", "AVR", "BBD", "BFZ", "BLB", "BRB", "BRC", "BRO", "C13", "C14", "C15", "C16", "C17", "C18", "C19", "CED", "CEI", "CHK", "CLB", "CLU", "CM2", "CMA", "CMD", "CMM", "CMR", "CST", "DDC", "DDE", "DDF", "DDG", "DDH", "DDI", "DDK", "DDL", "DDN", "DDO", "DDP", "DDQ", "DMR", "DMU", "DOM", "DSK", "DTK", "DVD", "E01", "ELD", "FBB", "FDN", "FRF", "G17", "GK1", "GK2", "GN2", "GN3", "GNT", "GRN", "GS1", "H09", "HBG", "HOP", "HOU", "ICE", "IKO", "INV", "ISD", "ITP", "J14", "J22", "JMP", "KHM", "KLD", "KLR", "KTK", "LCI", "LEA", "LEB", "LRW", "LTR", "M10", "M11", "M12", "M13", "M14", "M15", "M19", "M20", "M21", "MBS", "MD1", "ME1", "ME3", "MH2", "MH3", "MID", "MIR", "MKM", "MMQ", "MOM", "MRD", "NEO", "NPH", "ODY", "OLEP", "ONE", "ONS", "ORI", "OTJ", "P02", "P23", "PAL00", "PAL01", "PAL03", "PAL04", "PAL05", "PAL06", "PAL99", "PALP", "PANA", "PARL", "PC2", "PCA", "PDGM", "PELP", "PF19", "PF20", "PGPX", "PGRU", "PIP", "PLST", "PMPS", "PMPS06", "PMPS07", "PMPS08", "PMPS09", "PMPS10", "PMPS11", "POR", "PPP1", "PRM", "PRW2", "PRWK", "PS11", "PSAL", "PSS2", "PSS3", "PSS4", "PTC", "PTK", "PZ2", "RAV", "REX", "RIX", "RNA", "ROE", "RQS", "RTR", "S99", "SCD", "SHM", "SIR", "SLD", "SLP", "SNC", "SOI", "SOM", "STX", "SUM", "TD0", "TD2", "THB", "THS", "TMP", "TPR", "TSP", "UGL", "UND", "UNF", "UNH", "USG", "UST", "VOW", "WAR", "WC00", "WC02", "WC03", "WC04", "WC97", "WC98", "WHO", "WOE", "XANA", "XLN", "ZEN", "ZNR"], "purchaseUrls": {"tcgplayer": "https://mtgjson.com/links/b30d00b9b3dc0002"}, "rarity": "common", "setCode": "WC04", "signature": "Julien Nuijten", "sourceProducts": {"nonfoil": ["ff76a195-61e6-58ad-abf1-0abeca8b223b"]}, "subtypes": ["Plains"], "supertypes": ["Basic"], "text": "({T}: Add {W}.)", "type": "Basic Land — Plains", "types": ["Land"], "uuid": "d50a6f25-d392-55e6-a34e-f83ad2b89c33", "variations": ["73404779-21ec-5ba9-95b9-b0f5b14e6322", "bec44e2a-f7b7-5c19-9cc3-e2b2d5b34de6", "c12a1457-1535-5597-abd6-958682358d18", "4af848de-8e1a-5b01-82bc-de65e7aca9b2", "bbbf6e51-e012-5781-846e-bb74f856ebd6"]}, {"artist": "John Avon", "artistIds": ["798f3932-30e0-4420-aa3f-db4d613f89ca"], "availability": ["paper"], "borderColor": "gold", "colorIdentity": ["W"], "colors": [], "convertedManaCost": 0.0, "count": 2, "edhrecSaltiness": 0.28, "finishes": ["nonfoil", "signed"], "foreignData": [], "frameVersion": "2003", "hasFoil": false, "hasNonFoil": true, "identifiers": {"mtgjsonV4Id": "ca59c69f-8368-5bbe-bd36-5841aec48b67", "scryfallCardBackId": "896307e5-1c5d-49c0-8fb5-8d1059bc1115", "scryfallId": "18b2a328-226b-4052-9d22-1a52c9f72e1d", "scryfallIllustrationId": "8bf8a6e8-eac2-4afa-ad0f-69e8462063a3", "scryfallOracleId": "bc71ebf6-2056-41f7-be35-b2e5c34afa99", "tcgplayerProductId": "174364"}, "isFoil": false, "isReprint": true, "isStarter": true, "language": "English", "layout": "normal", "legalities": {}, "manaValue": 0.0, "name": "Plains", "number": "jn333", "printings": ["10E", "2ED", "2XM", "30A", "3ED", "40K", "4BB", "4ED", "5ED", "6ED", "7ED", "8ED", "9ED", "ACR", "AFR", "AKH", "AKR", "ALA", "ANA", "ANB", "ARC", "ATH", "AVR", "BBD", "BFZ", "BLB", "BRB", "BRC", "BRO", "C13", "C14", "C15", "C16", "C17", "C18", "C19", "CED", "CEI", "CHK", "CLB", "CLU", "CM2", "CMA", "CMD", "CMM", "CMR", "CST", "DDC", "DDE", "DDF", "DDG", "DDH", "DDI", "DDK", "DDL", "DDN", "DDO", "DDP", "DDQ", "DMR", "DMU", "DOM", "DSK", "DTK", "DVD", "E01", "ELD", "FBB", "FDN", "FRF", "G17", "GK1", "GK2", "GN2", "GN3", "GNT", "GRN", "GS1", "H09", "HBG", "HOP", "HOU", "ICE", "IKO", "INV", "ISD", "ITP", "J14", "J22", "JMP", "KHM", "KLD", "KLR", "KTK", "LCI", "LEA", "LEB", "LRW", "LTR", "M10", "M11", "M12", "M13", "M14", "M15", "M19", "M20", "M21", "MBS", "MD1", "ME1", "ME3", "MH2", "MH3", "MID", "MIR", "MKM", "MMQ", "MOM", "MRD", "NEO", "NPH", "ODY", "OLEP", "ONE", "ONS", "ORI", "OTJ", "P02", "P23", "PAL00", "PAL01", "PAL03", "PAL04", "PAL05", "PAL06", "PAL99", "PALP", "PANA", "PARL", "PC2", "PCA", "PDGM", "PELP", "PF19", "PF20", "PGPX", "PGRU", "PIP", "PLST", "PMPS", "PMPS06", "PMPS07", "PMPS08", "PMPS09", "PMPS10", "PMPS11", "POR", "PPP1", "PRM", "PRW2", "PRWK", "PS11", "PSAL", "PSS2", "PSS3", "PSS4", "PTC", "PTK", "PZ2", "RAV", "REX", "RIX", "RNA", "ROE", "RQS", "RTR", "S99", "SCD", "SHM", "SIR", "SLD", "SLP", "SNC", "SOI", "SOM", "STX", "SUM", "TD0", "TD2", "THB", "THS", "TMP", "TPR", "TSP", "UGL", "UND", "UNF", "UNH", "USG", "UST", "VOW", "WAR", "WC00", "WC02", "WC03", "WC04", "WC97", "WC98", "WHO", "WOE", "XANA", "XLN", "ZEN", "ZNR"], "purchaseUrls": {"tcgplayer": "https://mtgjson.com/links/14e8622eedbdfad9"}, "rarity": "common", "setCode": "WC04", "signature": "Julien Nuijten", "sourceProducts": {"nonfoil": ["ff76a195-61e6-58ad-abf1-0abeca8b223b"]}, "subtypes": ["Plains"], "supertypes": ["Basic"], "text": "({T}: Add {W}.)", "type": "Basic Land — Plains", "types": ["Land"], "uuid": "4af848de-8e1a-5b01-82bc-de65e7aca9b2", "variations": ["73404779-21ec-5ba9-95b9-b0f5b14e6322", "bec44e2a-f7b7-5c19-9cc3-e2b2d5b34de6", "d50a6f25-d392-55e6-a34e-f83ad2b89c33", "c12a1457-1535-5597-abd6-958682358d18", "bbbf6e51-e012-5781-846e-bb74f856ebd6"]}, {"artist": "Fred Fields", "artistIds": ["9c77c81a-3b3f-4e94-a834-327d01cd6b35"], "availability": ["paper"], "borderColor": "gold", "colorIdentity": ["W"], "colors": [], "convertedManaCost": 0.0, "count": 2, "edhrecSaltiness": 0.28, "finishes": ["nonfoil", "signed"], "foreignData": [], "frameVersion": "2003", "hasFoil": false, "hasNonFoil": true, "identifiers": {"mtgjsonV4Id": "48447bc1-468f-55f0-a322-ad829e432fee", "scryfallCardBackId": "896307e5-1c5d-49c0-8fb5-8d1059bc1115", "scryfallId": "cd825844-18af-4c35-9a37-595c6fc8084d", "scryfallIllustrationId": "aa49e81a-04c8-45c6-87cf-011db0265b77", "scryfallOracleId": "bc71ebf6-2056-41f7-be35-b2e5c34afa99", "tcgplayerProductId": "174363"}, "isFoil": false, "isReprint": true, "isStarter": true, "language": "English", "layout": "normal", "legalities": {}, "manaValue": 0.0, "name": "Plains", "number": "jn334", "printings": ["10E", "2ED", "2XM", "30A", "3ED", "40K", "4BB", "4ED", "5ED", "6ED", "7ED", "8ED", "9ED", "ACR", "AFR", "AKH", "AKR", "ALA", "ANA", "ANB", "ARC", "ATH", "AVR", "BBD", "BFZ", "BLB", "BRB", "BRC", "BRO", "C13", "C14", "C15", "C16", "C17", "C18", "C19", "CED", "CEI", "CHK", "CLB", "CLU", "CM2", "CMA", "CMD", "CMM", "CMR", "CST", "DDC", "DDE", "DDF", "DDG", "DDH", "DDI", "DDK", "DDL", "DDN", "DDO", "DDP", "DDQ", "DMR", "DMU", "DOM", "DSK", "DTK", "DVD", "E01", "ELD", "FBB", "FDN", "FRF", "G17", "GK1", "GK2", "GN2", "GN3", "GNT", "GRN", "GS1", "H09", "HBG", "HOP", "HOU", "ICE", "IKO", "INV", "ISD", "ITP", "J14", "J22", "JMP", "KHM", "KLD", "KLR", "KTK", "LCI", "LEA", "LEB", "LRW", "LTR", "M10", "M11", "M12", "M13", "M14", "M15", "M19", "M20", "M21", "MBS", "MD1", "ME1", "ME3", "MH2", "MH3", "MID", "MIR", "MKM", "MMQ", "MOM", "MRD", "NEO", "NPH", "ODY", "OLEP", "ONE", "ONS", "ORI", "OTJ", "P02", "P23", "PAL00", "PAL01", "PAL03", "PAL04", "PAL05", "PAL06", "PAL99", "PALP", "PANA", "PARL", "PC2", "PCA", "PDGM", "PELP", "PF19", "PF20", "PGPX", "PGRU", "PIP", "PLST", "PMPS", "PMPS06", "PMPS07", "PMPS08", "PMPS09", "PMPS10", "PMPS11", "POR", "PPP1", "PRM", "PRW2", "PRWK", "PS11", "PSAL", "PSS2", "PSS3", "PSS4", "PTC", "PTK", "PZ2", "RAV", "REX", "RIX", "RNA", "ROE", "RQS", "RTR", "S99", "SCD", "SHM", "SIR", "SLD", "SLP", "SNC", "SOI", "SOM", "STX", "SUM", "TD0", "TD2", "THB", "THS", "TMP", "TPR", "TSP", "UGL", "UND", "UNF", "UNH", "USG", "UST", "VOW", "WAR", "WC00", "WC02", "WC03", "WC04", "WC97", "WC98", "WHO", "WOE", "XANA", "XLN", "ZEN", "ZNR"], "purchaseUrls": {"tcgplayer": "https://mtgjson.com/links/495261ec361afed8"}, "rarity": "common", "setCode": "WC04", "signature": "Julien Nuijten", "sourceProducts": {"nonfoil": ["ff76a195-61e6-58ad-abf1-0abeca8b223b"]}, "subtypes": ["Plains"], "supertypes": ["Basic"], "text": "({T}: Add {W}.)", "type": "Basic Land — Plains", "types": ["Land"], "uuid": "bbbf6e51-e012-5781-846e-bb74f856ebd6", "variations": ["73404779-21ec-5ba9-95b9-b0f5b14e6322", "bec44e2a-f7b7-5c19-9cc3-e2b2d5b34de6", "d50a6f25-d392-55e6-a34e-f83ad2b89c33", "c12a1457-1535-5597-abd6-958682358d18", "4af848de-8e1a-5b01-82bc-de65e7aca9b2"]}, {"artist": "Heather Hudson", "artistIds": ["4441fe52-9e41-40c1-9b74-8510426279ab"], "availability": ["paper"], "borderColor": "gold", "colorIdentity": ["W"], "colors": [], "convertedManaCost": 0.0, "count": 4, "edhrecRank": 980, "edhrecSaltiness": 0.04, "finishes": ["nonfoil", "signed"], "foreignData": [], "frameVersion": "2003", "hasFoil": false, "hasNonFoil": true, "identifiers": {"mcmId": "249128", "mtgjsonV4Id": "36fa52ec-986e-54fb-b3d9-276c620b8adf", "scryfallCardBackId": "896307e5-1c5d-49c0-8fb5-8d1059bc1115", "scryfallId": "695a3998-229d-46db-8577-b167c6a335d0", "scryfallIllustrationId": "cee4e93f-a71a-4d2d-8468-1b820ba6ccbf", "scryfallOracleId": "8dec6fcf-1254-4b1b-ba23-7a3e492a7241", "tcgplayerProductId": "174371"}, "isFoil": false, "isReprint": true, "isStarter": true, "keywords": ["Cycling"], "language": "English", "layout": "normal", "legalities": {}, "manaValue": 0.0, "name": "Secluded Steppe", "number": "jn324", "printings": ["ARC", "C13", "C14", "C15", "C17", "C18", "C20", "C21", "CM2", "CMA", "CMD", "CMR", "DDC", "DDO", "DVD", "HA2", "MH1", "MKC", "ONC", "ONS", "VMA", "WC04"], "purchaseUrls": {"tcgplayer": "https://mtgjson.com/links/1e887438de8e0753"}, "rarity": "common", "setCode": "WC04", "signature": "Julien Nuijten", "sourceProducts": {"nonfoil": ["ff76a195-61e6-58ad-abf1-0abeca8b223b"]}, "subtypes": [], "supertypes": [], "text": "Secluded Steppe enters tapped.\n{T}: Add {W}.\nCycling {W} ({W}, Discard this card: Draw a card.)", "type": "Land", "types": ["Land"], "uuid": "e3168e82-8b1d-5ece-80f9-394aadb3f42b"}, {"artist": "Heather Hudson", "artistIds": ["4441fe52-9e41-40c1-9b74-8510426279ab"], "availability": ["paper"], "borderColor": "gold", "colorIdentity": ["G"], "colors": [], "convertedManaCost": 0.0, "count": 4, "edhrecRank": 870, "edhrecSaltiness": 0.06, "finishes": ["nonfoil", "signed"], "foreignData": [], "frameVersion": "2003", "hasFoil": false, "hasNonFoil": true, "identifiers": {"mcmId": "249129", "mtgjsonV4Id": "ab445193-9acb-5252-9820-79a08df77f88", "scryfallCardBackId": "896307e5-1c5d-49c0-8fb5-8d1059bc1115", "scryfallId": "7efe9525-001b-46bd-ace3-72aa89faf22e", "scryfallIllustrationId": "bea0bfca-aeaa-4a84-9198-d763908059c9", "scryfallOracleId": "9f8fe514-77ed-41b4-a6f3-c6f095bb97be", "tcgplayerProductId": "174372"}, "isFoil": false, "isReprint": true, "isStarter": true, "keywords": ["Cycling"], "language": "English", "layout": "normal", "legalities": {}, "manaValue": 0.0, "name": "Tranquil Thicket", "number": "jn326", "printings": ["ARC", "BLC", "C13", "C14", "C17", "C18", "C21", "CM2", "CMA", "CMD", "DD1", "DDJ", "DDU", "EVG", "HA2", "LTC", "M3C", "MH1", "MKC", "ONS", "PF23", "TD0", "VMA", "WC04"], "purchaseUrls": {"tcgplayer": "https://mtgjson.com/links/04d4f3eb209b457f"}, "rarity": "common", "setCode": "WC04", "signature": "Julien Nuijten", "sourceProducts": {"nonfoil": ["ff76a195-61e6-58ad-abf1-0abeca8b223b"]}, "subtypes": [], "supertypes": [], "text": "Tranquil Thicket enters tapped.\n{T}: Add {G}.\nCycling {G} ({G}, Discard this card: Draw a card.)", "type": "Land", "types": ["Land"], "uuid": "0e05e30b-4a9b-54de-a4b3-c23ca4b25e9d"}, {"artist": "Anthony S. Waters", "artistIds": ["f009de11-3c8d-4663-b996-ca0c3e997fad"], "availability": ["paper"], "borderColor": "gold", "colorIdentity": [], "colors": [], "convertedManaCost": 0.0, "count": 4, "edhrecRank": 58, "edhrecSaltiness": 0.23, "finishes": ["nonfoil", "signed"], "foreignData": [], "frameVersion": "2003", "hasFoil": false, "hasNonFoil": true, "identifiers": {"cardsphereId": "47319", "mcmId": "249130", "mtgjsonV4Id": "f10fbc71-c1af-50ee-95c7-7ea42df3a852", "scryfallCardBackId": "896307e5-1c5d-49c0-8fb5-8d1059bc1115", "scryfallId": "16f6ba7d-76fd-4f98-a41e-fde9a6f3ab64", "scryfallIllustrationId": "d35eca95-6fc4-402d-aaff-c950295a372f", "scryfallOracleId": "29737a60-3ebd-40d9-b935-c4f54b90d45d", "tcgplayerProductId": "174374"}, "isFoil": false, "isReprint": true, "isStarter": true, "language": "English", "layout": "normal", "legalities": {}, "manaValue": 0.0, "name": "Windswept Heath", "number": "jn328", "printings": ["EXP", "G09", "KTK", "MH3", "ONS", "PMH3", "PRM", "WC04", "ZNE"], "purchaseUrls": {"tcgplayer": "https://mtgjson.com/links/6f6c07653907fd7a"}, "rarity": "rare", "setCode": "WC04", "signature": "Julien Nuijten", "sourceProducts": {"nonfoil": ["ff76a195-61e6-58ad-abf1-0abeca8b223b"]}, "subtypes": [], "supertypes": [], "text": "{T}, Pay 1 life, Sacrifice Windswept Heath: Search your library for a Forest or Plains card, put it onto the battlefield, then shuffle.", "type": "Land", "types": ["Land"], "uuid": "3e285299-4d4b-5263-87aa-3fd3264de198"}], "name": "Julien Nuijten - Green-White Astral Slide", "releaseDate": "2004-09-01", "sealedProductUuids": null, "sideBoard": [{"artist": "Kev Walker", "artistIds": ["f366a0ee-a0cd-466d-ba6a-90058c7a31a6"], "availability": ["paper"], "borderColor": "gold", "colorIdentity": ["G"], "colors": ["G"], "convertedManaCost": 1.0, "count": 4, "edhrecRank": 18009, "edhrecSaltiness": 0.18, "finishes": ["nonfoil", "signed"], "flavorText": "\"Ashes to ashes, rust to rust.\"\n—Viridian shaman", "foreignData": [], "frameVersion": "2003", "hasFoil": false, "hasNonFoil": true, "identifiers": {"mcmId": "249131", "mtgjsonV4Id": "1c3acbf9-6a81-56b0-83ff-f971f039e223", "scryfallCardBackId": "896307e5-1c5d-49c0-8fb5-8d1059bc1115", "scryfallId": "96905be0-3f92-49ef-a7a1-00dd09d5c507", "scryfallIllustrationId": "e57ba8c6-3269-4636-98b3-18e60179bfe0", "scryfallOracleId": "0ff78353-a26e-4b5a-948d-1c3b41d2dd1f", "tcgplayerProductId": "174361"}, "isFoil": false, "isReprint": true, "isStarter": true, "language": "English", "layout": "normal", "legalities": {}, "manaCost": "{G}", "manaValue": 1.0, "name": "Oxidize", "number": "jn79sb", "printings": ["DST", "P05", "PLST", "PRM", "WC04"], "purchaseUrls": {"tcgplayer": "https://mtgjson.com/links/851e2ac165e05d0b"}, "rarity": "uncommon", "setCode": "WC04", "signature": "Julien Nuijten", "sourceProducts": {"nonfoil": ["ff76a195-61e6-58ad-abf1-0abeca8b223b"]}, "subtypes": [], "supertypes": [], "text": "Destroy target artifact. It can't be regenerated.", "type": "Instant", "types": ["Instant"], "uuid": "09fdc8dd-a446-579a-9a06-60eb9b344d7b"}, {"artist": "Ittoku", "artistIds": ["d3a47c28-84e9-4b53-a236-5066ae1bb62f"], "availability": ["paper"], "borderColor": "gold", "colorIdentity": ["G"], "colors": ["G"], "convertedManaCost": 5.0, "count": 2, "edhrecRank": 7345, "edhrecSaltiness": 0.46, "finishes": ["nonfoil", "signed"], "foreignData": [], "frameVersion": "2003", "hasFoil": false, "hasNonFoil": true, "identifiers": {"mcmId": "249132", "mtgjsonV4Id": "ebd3c538-44bd-5c62-8be3-ab311189e778", "scryfallCardBackId": "896307e5-1c5d-49c0-8fb5-8d1059bc1115", "scryfallId": "4cd551b9-7d98-47c0-97a3-d5525c49b23f", "scryfallIllustrationId": "060a7b95-c796-4722-bd13-750d165a252a", "scryfallOracleId": "685a7f67-6809-4386-990f-c52d1846a584", "tcgplayerProductId": "174369"}, "isFoil": false, "isReprint": true, "isStarter": true, "keywords": ["Entwine"], "language": "English", "layout": "normal", "legalities": {}, "manaCost": "{4}{G}", "manaValue": 5.0, "name": "Rude Awakening", "number": "jn92sb", "printings": ["5DN", "DDD", "GVL", "MMA", "WC04"], "purchaseUrls": {"tcgplayer": "https://mtgjson.com/links/420571a4f3997a1c"}, "rarity": "rare", "rulings": [{"date": "2008-08-01", "text": "A noncreature permanent that turns into a creature can attack, and its {T} abilities can be activated, only if its controller has continuously controlled that permanent since the beginning of their most recent turn. It doesn’t matter how long the permanent has been a creature."}, {"date": "2013-06-07", "text": "Lands that enter the battlefield or otehrwise come under your control after Rude Awakening resolves won’t be affected."}], "setCode": "WC04", "signature": "Julien Nuijten", "sourceProducts": {"nonfoil": ["ff76a195-61e6-58ad-abf1-0abeca8b223b"]}, "subtypes": [], "supertypes": [], "text": "Choose one —\n• Untap all lands you control.\n• Until end of turn, lands you control become 2/2 creatures that are still lands.\nEntwine {2}{G} (Choose both if you pay the entwine cost.)", "type": "Sorcery", "types": ["Sorcery"], "uuid": "a331c467-4ab2-5ba8-8701-b1fa55285991"}, {"artist": "Thomas M. Baxa", "artistIds": ["ff346569-557d-4043-ae44-97c2c7cabd7d"], "availability": ["paper"], "borderColor": "gold", "colorIdentity": [], "colors": [], "convertedManaCost": 1.0, "count": 3, "edhrecRank": 9171, "finishes": ["nonfoil", "signed"], "foreignData": [], "frameVersion": "2003", "hasFoil": false, "hasNonFoil": true, "identifiers": {"mcmId": "249133", "mtgjsonV4Id": "9ab9739b-de6b-5415-9a3b-fc5bc1ce3383", "scryfallCardBackId": "896307e5-1c5d-49c0-8fb5-8d1059bc1115", "scryfallId": "96150f3d-3116-473a-8a13-484d98561ffa", "scryfallIllustrationId": "f84d275e-0a14-4245-8178-28582cc9c286", "scryfallOracleId": "4538ec2c-867e-412b-b6e3-a57f8e29ba84", "tcgplayerProductId": "174370"}, "isAlternative": true, "isFoil": false, "isReprint": true, "isStarter": true, "language": "English", "layout": "normal", "legalities": {}, "manaCost": "{1}", "manaValue": 1.0, "name": "Scrabbling Claws", "number": "jn237sb", "printings": ["C18", "MRD", "RNA", "WC04"], "purchaseUrls": {"tcgplayer": "https://mtgjson.com/links/7c75b131a37dea26"}, "rarity": "uncommon", "setCode": "WC04", "signature": "Julien Nuijten", "sourceProducts": {"nonfoil": ["ff76a195-61e6-58ad-abf1-0abeca8b223b"]}, "subtypes": [], "supertypes": [], "text": "{T}: Target player exiles a card from their graveyard.\n{1}, Sacrifice Scrabbling Claws: Exile target card from a graveyard. Draw a card.", "type": "Artifact", "types": ["Artifact"], "uuid": "eb0a2239-6036-5c5c-81bc-9e7f21e2ef84", "variations": ["b6d3f2fc-d4d3-55e2-a6de-947d521c1be3"]}, {"artist": "Gary Ruddell", "artistIds": ["086111c7-93f0-4bab-b339-6fe1c00d693c"], "availability": ["paper"], "borderColor": "gold", "colorIdentity": ["W"], "colors": ["W"], "convertedManaCost": 2.0, "count": 3, "edhrecRank": 17868, "finishes": ["nonfoil", "signed"], "foreignData": [], "frameVersion": "2003", "hasFoil": false, "hasNonFoil": true, "identifiers": {"mcmId": "249134", "mtgjsonV4Id": "3743e9ae-c0ce-5cca-972d-2fde9bf8dc2c", "scryfallCardBackId": "896307e5-1c5d-49c0-8fb5-8d1059bc1115", "scryfallId": "c14603d7-bdef-4355-8b6f-6a3094a8a0c1", "scryfallIllustrationId": "5e5b771c-e5ae-4ba7-8991-d2f09f76b931", "scryfallOracleId": "df2738fe-9cd1-4347-8808-105fcfde1190", "tcgplayerProductId": "174351"}, "isFoil": false, "isReprint": true, "isStarter": true, "language": "English", "layout": "normal", "legalities": {}, "manaCost": "{1}{W}", "manaValue": 2.0, "name": "Circle of Protection: Red", "number": "jn13sb", "printings": ["2ED", "30A", "3ED", "4BB", "4ED", "5ED", "6ED", "7ED", "8ED", "9ED", "CED", "CEI", "F05", "FBB", "ICE", "ITP", "LEA", "LEB", "PRM", "PTC", "RQS", "SUM", "TMP", "WC04", "WC97"], "purchaseUrls": {"tcgplayer": "https://mtgjson.com/links/f55f408eceb844da"}, "rarity": "uncommon", "rulings": [{"date": "2004-10-04", "text": "A source of damage is a permanent, a spell on the stack (including one that creates a permanent), or any object referred to by an object on the stack. A source doesn’t need to be capable of dealing damage to be a legal choice."}, {"date": "2004-10-04", "text": "Can be used even when there is no damage to prevent. It prevents the next damage (if any) from the source this turn."}], "setCode": "WC04", "signature": "Julien Nuijten", "sourceProducts": {"nonfoil": ["ff76a195-61e6-58ad-abf1-0abeca8b223b"]}, "subtypes": [], "supertypes": [], "text": "{1}: The next time a red source of your choice would deal damage to you this turn, prevent that damage.", "type": "Enchantment", "types": ["Enchantment"], "uuid": "35764900-c902-5bf9-802b-11e0d6a2c22a"}, {"artist": "Rob Alexander", "artistIds": ["35906871-6c78-4ab2-9ed1-e6792c8efb74"], "availability": ["paper"], "borderColor": "gold", "colorIdentity": ["G"], "colors": ["G"], "convertedManaCost": 5.0, "count": 3, "edhrecRank": 22745, "edhrecSaltiness": 0.93, "finishes": ["nonfoil", "signed"], "flavorText": "To renew the land, plow the land. To destroy the land, do nothing.\n—Druids' saying", "foreignData": [], "frameVersion": "2003", "hasFoil": false, "hasNonFoil": true, "identifiers": {"mtgjsonV4Id": "0023f81f-e305-565b-b775-25fc2cea6954", "scryfallCardBackId": "896307e5-1c5d-49c0-8fb5-8d1059bc1115", "scryfallId": "fd12efad-be0e-41a8-a835-e2f309af244a", "scryfallIllustrationId": "80cf1ee5-7017-44a4-b42d-a78cbb5d0e1a", "scryfallOracleId": "23b36aef-961f-4a78-9652-8594ad73102e", "tcgplayerProductId": "174365"}, "isAlternative": true, "isFoil": false, "isReprint": true, "isStarter": true, "language": "English", "layout": "normal", "legalities": {}, "manaCost": "{3}{G}{G}", "manaValue": 5.0, "name": "Plow Under", "number": "jn272sb", "printings": ["8ED", "UDS", "WC00", "WC04"], "purchaseUrls": {"tcgplayer": "https://mtgjson.com/links/687837757e522172"}, "rarity": "rare", "rulings": [{"date": "2004-10-04", "text": "The owner decides the order the two lands are stacked there."}], "setCode": "WC04", "signature": "Julien Nuijten", "sourceProducts": {"nonfoil": ["ff76a195-61e6-58ad-abf1-0abeca8b223b"]}, "subtypes": [], "supertypes": [], "text": "Put two target lands on top of their owners' libraries.", "type": "Sorcery", "types": ["Sorcery"], "uuid": "4024a5a8-df44-5269-8b90-ecd1cbe7c0c0", "variations": ["64cc52a9-9f11-5481-bf4b-df4c2e3f838b"]}], "type": "World Championship Deck"}}