{"meta": {"date": "2024-09-03", "version": "5.2.2+20240903"}, "data": {"code": "SLD", "commander": [], "mainBoard": [{"artist": "Ryo Kamei", "artistIds": ["2cc6be0b-2866-47ab-8978-69d83eaca42b"], "availability": ["paper"], "borderColor": "black", "colorIdentity": ["W"], "colors": ["W"], "convertedManaCost": 3.0, "count": 1, "edhrecRank": 597, "edhrecSaltiness": 0.52, "finishes": ["nonfoil", "foil"], "flavorText": "\"I know she is somewhere in the Multiverse. I will find her no matter what, even if it means I have to travel all worlds that exist.\"\n—Kaito Shizuki", "foreignData": [], "frameVersion": "2015", "hasFoil": true, "hasNonFoil": true, "identifiers": {"cardsphereFoilId": "91140", "mtgjsonV4Id": "86fe1bfe-376d-5147-a43b-71bef0120c1b", "scryfallCardBackId": "0aeebaf5-8c7d-4636-9e82-8c27447861f7", "scryfallId": "d0ccb445-53dc-40d7-abea-d6d8dff60ce4", "scryfallIllustrationId": "b14ac798-0acb-498c-ac8f-f04913bc4604", "scryfallOracleId": "57c9ff89-dd30-467b-bb3e-499eeea8cb94", "tcgplayerProductId": "267859"}, "isFoil": true, "isReprint": true, "language": "English", "layout": "normal", "legalities": {"brawl": "Legal", "commander": "Legal", "duel": "Legal", "explorer": "Legal", "gladiator": "Legal", "historic": "Legal", "legacy": "Legal", "modern": "Legal", "oathbreaker": "Legal", "penny": "Legal", "pioneer": "Legal", "predh": "Legal", "timeless": "Legal", "vintage": "Legal"}, "manaCost": "{2}{W}", "manaValue": 3.0, "name": "Idyllic Tutor", "number": "1020", "originalReleaseDate": "2022-02-18", "printings": ["MOR", "PRM", "PTHB", "SLD", "THB"], "purchaseUrls": {"tcgplayer": "https://mtgjson.com/links/740da7c314f69ebd"}, "rarity": "rare", "securityStamp": "oval", "setCode": "SLD", "sourceProducts": {"foil": ["df15b1a3-8599-5b4e-af40-bd2a12e42804"], "nonfoil": ["3f3f6181-29c5-5d0c-98c3-f4276ecf147e"]}, "subsets": ["Kamigawa: The Manga: The Cards"], "subtypes": [], "supertypes": [], "text": "Search your library for an enchantment card, reveal it, put it into your hand, then shuffle.", "type": "Sorcery", "types": ["Sorcery"], "uuid": "0b920de3-eee6-54d3-b1b3-7176d8e47ad1", "variations": ["8db9486f-7ca8-595c-b472-05e041b0c3fc", "a71b5be3-5676-513e-af98-d3805af7ea04"]}, {"artist": "Ryo Kamei", "artistIds": ["2cc6be0b-2866-47ab-8978-69d83eaca42b"], "availability": ["paper"], "borderColor": "black", "colorIdentity": ["W"], "colors": ["W"], "convertedManaCost": 1.0, "count": 1, "edhrecRank": 11, "edhrecSaltiness": 0.53, "finishes": ["nonfoil", "foil"], "flavorText": "\"Rather than be hunted in the shadows, I choose to face the real enemy. I am not afraid of monsters I can see.\"\n—The Emperor", "foreignData": [], "frameVersion": "2015", "hasFoil": true, "hasNonFoil": true, "identifiers": {"cardsphereFoilId": "91171", "mtgjsonV4Id": "3b179a24-84f2-53f6-b4eb-1457a1926deb", "scryfallCardBackId": "0aeebaf5-8c7d-4636-9e82-8c27447861f7", "scryfallId": "a004dc79-3857-4663-930c-59b2240e84bc", "scryfallIllustrationId": "6823f8de-ac05-4770-bb08-a0e33b76a2f4", "scryfallOracleId": "b1544f21-7e98-461b-aed5-e748b0168c52", "tcgplayerProductId": "267878"}, "isAlternative": true, "isFoil": true, "isReprint": true, "language": "English", "layout": "normal", "legalities": {"brawl": "Legal", "commander": "Legal", "duel": "Legal", "gladiator": "Legal", "historic": "Banned", "legacy": "Legal", "oathbreaker": "Legal", "predh": "Legal", "premodern": "Legal", "timeless": "Legal", "vintage": "Legal"}, "manaCost": "{W}", "manaValue": 1.0, "name": "Swords to Plowshares", "number": "1021", "originalReleaseDate": "2022-02-18", "printings": ["2ED", "30A", "3ED", "40K", "4BB", "4ED", "A25", "AFC", "ATH", "BBD", "BLC", "BRB", "BRC", "C16", "C17", "CED", "CEI", "CMM", "CMR", "CNS", "CST", "DDF", "DMR", "EMA", "F01", "FBB", "GN3", "ICE", "IMA", "J13", "J21", "LCC", "LEA", "LEB", "LTC", "M3C", "MB2", "ME2", "ME4", "MIC", "MKC", "MOC", "NCC", "NEC", "OLEP", "ONC", "PIP", "PLST", "PRM", "PTC", "SCD", "SLD", "SLP", "SPG", "STA", "SUM", "TD0", "V13", "VMA", "VOC", "WC97", "WHO", "WOC"], "purchaseUrls": {"tcgplayer": "https://mtgjson.com/links/a57cb987bbf8ae26"}, "rarity": "rare", "rulings": [{"date": "2022-12-08", "text": "Use the power of the creature from when it was last on the battlefield to determine how much life is gained."}], "securityStamp": "oval", "setCode": "SLD", "sourceProducts": {"foil": ["df15b1a3-8599-5b4e-af40-bd2a12e42804"], "nonfoil": ["3f3f6181-29c5-5d0c-98c3-f4276ecf147e"]}, "subsets": ["Kamigawa: The Manga: The Cards"], "subtypes": [], "supertypes": [], "text": "Exile target creature. Its controller gains life equal to its power.", "type": "Instant", "types": ["Instant"], "uuid": "1f56bb70-91d3-591c-95d7-6d7103dd7f0a", "variations": ["1f8ea226-550c-59df-ac54-ae49b84716dd", "562d772a-96c5-5217-b70f-fe1adb24fa32", "0ba51819-42ff-5cd3-9242-2ec04dd7f0be", "d92ce913-2122-5181-b276-e4e6dd31b9e5", "c4100878-b071-5d59-a5eb-cb98428e6611"]}, {"artist": "Ryo Kamei", "artistIds": ["2cc6be0b-2866-47ab-8978-69d83eaca42b"], "availability": ["paper"], "borderColor": "black", "colorIdentity": ["U"], "colors": ["U"], "convertedManaCost": 3.0, "count": 1, "edhrecRank": 605, "edhrecSaltiness": 0.48, "finishes": ["nonfoil", "foil"], "flavorText": "\"Whoever Tezzeret is working with is after more than the Emperor.\"\n—Tamiyo", "foreignData": [], "frameVersion": "2015", "hasFoil": true, "hasNonFoil": true, "identifiers": {"cardsphereFoilId": "91135", "mtgjsonV4Id": "828a73a5-24fb-5040-bfe2-84d860dc39c2", "scryfallCardBackId": "0aeebaf5-8c7d-4636-9e82-8c27447861f7", "scryfallId": "b9e8c1c1-1917-4858-afd1-ea4412d02375", "scryfallIllustrationId": "91b03f84-9633-4bd0-b0cf-32b01cf53eb9", "scryfallOracleId": "f02682f0-26c0-4032-9df3-273b6a45d0a8", "tcgplayerProductId": "267879"}, "isFoil": true, "isReprint": true, "language": "English", "layout": "normal", "legalities": {"brawl": "Legal", "commander": "Legal", "duel": "Legal", "explorer": "Legal", "gladiator": "Legal", "historic": "Legal", "legacy": "Legal", "modern": "Legal", "oathbreaker": "Legal", "pioneer": "Legal", "timeless": "Legal", "vintage": "Legal"}, "manaCost": "{2}{U}", "manaValue": 3.0, "name": "Solve the Equation", "number": "1022", "originalReleaseDate": "2022-02-18", "printings": ["SLD", "STX"], "purchaseUrls": {"tcgplayer": "https://mtgjson.com/links/5c95b8401ba96481"}, "rarity": "rare", "securityStamp": "oval", "setCode": "SLD", "sourceProducts": {"foil": ["df15b1a3-8599-5b4e-af40-bd2a12e42804"], "nonfoil": ["3f3f6181-29c5-5d0c-98c3-f4276ecf147e"]}, "subsets": ["Kamigawa: The Manga: The Cards"], "subtypes": [], "supertypes": [], "text": "Search your library for an instant or sorcery card, reveal it, put it into your hand, then shuffle.", "type": "Sorcery", "types": ["Sorcery"], "uuid": "5151c92a-cdb6-544e-ad06-4f22d0a4329d"}, {"artist": "Ryo Kamei", "artistIds": ["2cc6be0b-2866-47ab-8978-69d83eaca42b"], "availability": ["paper"], "borderColor": "black", "colorIdentity": ["B"], "colors": ["B"], "convertedManaCost": 3.0, "count": 1, "edhrecRank": 1242, "edhrecSaltiness": 0.96, "finishes": ["nonfoil", "foil"], "flavorText": "\"Wake up, new Phyrexian Planeswalker! You will not be the last.\"\n—Jin-Gitaxias", "foreignData": [], "frameVersion": "2015", "hasFoil": true, "hasNonFoil": true, "identifiers": {"cardsphereFoilId": "91134", "mtgjsonV4Id": "5b031de1-71f3-59ff-9b28-d8f327441c39", "scryfallCardBackId": "0aeebaf5-8c7d-4636-9e82-8c27447861f7", "scryfallId": "5c4e9151-d8b7-43f6-ac21-a8760cc04c7a", "scryfallIllustrationId": "b3ffdbf7-eef6-490c-a748-f802dfb49aa9", "scryfallOracleId": "6d56aeb1-0a50-46b6-abdb-cd6575a98dc3", "tcgplayerProductId": "267881"}, "isFoil": true, "isReprint": true, "language": "English", "layout": "normal", "legalities": {"commander": "Legal", "duel": "Legal", "legacy": "Legal", "modern": "Legal", "oathbreaker": "Legal", "penny": "Legal", "predh": "Legal", "vintage": "Legal"}, "manaCost": "{1}{B}{B}", "manaValue": 3.0, "name": "Praetor's Grasp", "number": "1023", "originalReleaseDate": "2022-02-18", "printings": ["NPH", "SLD"], "purchaseUrls": {"tcgplayer": "https://mtgjson.com/links/708567425b79c539"}, "rarity": "rare", "rulings": [{"date": "2011-06-01", "text": "Other players, including the card’s owner, can’t look at the card while it remains exiled."}, {"date": "2011-06-01", "text": "Playing a card exiled with Praetor’s Grasp follows all the normal rules for playing that card. You must pay its costs, and you must follow all timing restrictions, for example."}], "securityStamp": "oval", "setCode": "SLD", "sourceProducts": {"foil": ["df15b1a3-8599-5b4e-af40-bd2a12e42804"], "nonfoil": ["3f3f6181-29c5-5d0c-98c3-f4276ecf147e"]}, "subsets": ["Kamigawa: The Manga: The Cards"], "subtypes": [], "supertypes": [], "text": "Search target opponent's library for a card and exile it face down. Then that player shuffles. You may play that card for as long as it remains exiled.", "type": "Sorcery", "types": ["Sorcery"], "uuid": "63d376a1-dcf3-5efa-b250-1eb25ad1ca84"}, {"artist": "Ryo Kamei", "artistIds": ["2cc6be0b-2866-47ab-8978-69d83eaca42b"], "availability": ["paper"], "borderColor": "black", "colorIdentity": ["G"], "colors": ["G"], "convertedManaCost": 1.0, "count": 1, "edhrecRank": 426, "edhrecSaltiness": 0.73, "finishes": ["nonfoil", "foil"], "flavorText": "\"I won't tell you or anyone else where my son is. Ever.\"\n—Tamiyo", "foreignData": [], "frameVersion": "2015", "hasFoil": true, "hasNonFoil": true, "identifiers": {"cardsphereFoilId": "91138", "mtgjsonV4Id": "0400002c-a168-5606-b2e8-5e2bf95e1d9c", "scryfallCardBackId": "0aeebaf5-8c7d-4636-9e82-8c27447861f7", "scryfallId": "d727c345-4c96-4087-bfe3-f54b47b01da6", "scryfallIllustrationId": "1f74f35f-eefe-4450-a923-86744f238210", "scryfallOracleId": "002965be-a36f-4a09-9ce0-c6535bca1703", "tcgplayerProductId": "267882"}, "isFoil": true, "isReprint": true, "language": "English", "layout": "normal", "legalities": {"brawl": "Legal", "commander": "Legal", "duel": "Legal", "explorer": "Banned", "gladiator": "Legal", "historic": "Banned", "legacy": "Legal", "modern": "Legal", "oathbreaker": "Legal", "pioneer": "Banned", "timeless": "Legal", "vintage": "Legal"}, "manaCost": "{G}", "manaValue": 1.0, "name": "Veil of Summer", "number": "1024", "originalReleaseDate": "2022-02-18", "printings": ["M20", "MB2", "PLST", "SLD"], "purchaseUrls": {"tcgplayer": "https://mtgjson.com/links/476d2435a1181326"}, "rarity": "rare", "rulings": [{"date": "2019-07-12", "text": "A spell or ability that counters spells can still target your spells after Veil of Summer resolves. When that spell or ability resolves, your spell won’t be countered, but any additional effects of the countering spell or ability will still happen."}, {"date": "2019-07-12", "text": "If your opponents have cast more than one blue or black spell, you still draw only one card as Veil of Summer resolves."}, {"date": "2019-07-12", "text": "Veil of Summer has no effect until it resolves. It can be countered."}], "securityStamp": "oval", "setCode": "SLD", "sourceProducts": {"foil": ["df15b1a3-8599-5b4e-af40-bd2a12e42804"], "nonfoil": ["3f3f6181-29c5-5d0c-98c3-f4276ecf147e"]}, "subsets": ["Kamigawa: The Manga: The Cards"], "subtypes": [], "supertypes": [], "text": "Draw a card if an opponent has cast a blue or black spell this turn. Spells you control can't be countered this turn. You and permanents you control gain hexproof from blue and from black until end of turn. (You and they can't be the targets of blue or black spells or abilities your opponents control.)", "type": "Instant", "types": ["Instant"], "uuid": "9f5509f4-de0c-5088-941a-0b52fe07ee16"}], "name": "Kamigawa The Manga The Cards foil", "releaseDate": "2022-02-18", "sealedProductUuids": null, "sideBoard": [], "type": "Secret Lair Drop"}}