{"meta": {"date": "2024-09-03", "version": "5.2.2+20240903"}, "data": {"code": "RQS", "commander": [], "mainBoard": [{"artist": "Mark Poole", "artistIds": ["bfdeaf09-f915-4058-8e8b-bcac3bc43c33"], "availability": ["paper"], "borderColor": "white", "colorIdentity": ["U"], "colors": [], "convertedManaCost": 0.0, "count": 4, "edhrecSaltiness": 0.76, "finishes": ["nonfoil"], "foreignData": [], "frameVersion": "1993", "hasFoil": false, "hasNonFoil": true, "identifiers": {"mtgjsonV4Id": "6ce57a53-db20-5ff1-95ca-fc1c30cbadbd", "scryfallCardBackId": "0aeebaf5-8c7d-4636-9e82-8c27447861f7", "scryfallId": "19be2858-b22d-4bab-a3af-532e952c88de", "scryfallIllustrationId": "39b3cdc9-259b-40ab-8a8c-5ecd8c879fd0", "scryfallOracleId": "b2c6aa39-2d2a-459c-a555-fb48ba993373"}, "isFoil": false, "isReprint": true, "isStarter": true, "language": "English", "layout": "normal", "legalities": {"alchemy": "Legal", "brawl": "Legal", "commander": "Legal", "duel": "Legal", "explorer": "Legal", "future": "Legal", "gladiator": "Legal", "historic": "Legal", "legacy": "Legal", "modern": "Legal", "oathbreaker": "Legal", "oldschool": "Legal", "pauper": "Legal", "paupercommander": "Legal", "penny": "Legal", "pioneer": "Legal", "predh": "Legal", "premodern": "Legal", "standard": "Legal", "standardbrawl": "Legal", "timeless": "Legal", "vintage": "Legal"}, "manaValue": 0.0, "name": "Island", "number": "55", "printings": ["10E", "2ED", "2XM", "30A", "3ED", "40K", "4BB", "4ED", "5ED", "6ED", "7ED", "8ED", "9ED", "ACR", "AFR", "AKH", "AKR", "ALA", "ANA", "ANB", "ARC", "AVR", "BBD", "BFZ", "BLB", "BRB", "BRC", "BRO", "BTD", "C13", "C14", "C15", "C16", "C17", "C18", "C19", "CED", "CEI", "CHK", "CLB", "CLU", "CM2", "CMA", "CMD", "CMM", "CMR", "CST", "DD2", "DDE", "DDF", "DDH", "DDI", "DDJ", "DDM", "DDN", "DDO", "DDQ", "DDS", "DDT", "DDU", "DMR", "DMU", "DOM", "DPA", "DSK", "DTK", "E01", "ELD", "FBB", "FRF", "G17", "GK1", "GK2", "GN2", "GN3", "GNT", "GRN", "GS1", "H09", "HBG", "HOP", "HOU", "ICE", "IKO", "INV", "ISD", "ITP", "J14", "J22", "JMP", "JVC", "KHM", "KLD", "KLR", "KTK", "LCI", "LEA", "LEB", "LRW", "LTR", "M10", "M11", "M12", "M13", "M14", "M15", "M19", "M20", "M21", "MBS", "ME1", "ME3", "MH2", "MH3", "MID", "MIR", "MKM", "MMQ", "MOM", "MRD", "NEO", "NPH", "ODY", "OLEP", "ONE", "ONS", "ORI", "OTJ", "P02", "P23", "PAL00", "PAL01", "PAL02", "PAL03", "PAL04", "PAL05", "PAL06", "PAL99", "PALP", "PANA", "PARL", "PC2", "PCA", "PELP", "PF19", "PF20", "PGPX", "PGRU", "PIP", "PLST", "PMPS", "PMPS06", "PMPS07", "PMPS08", "PMPS09", "PMPS10", "PMPS11", "POR", "PPP1", "PRM", "PRW2", "PRWK", "PS11", "PSAL", "PSS2", "PSS3", "PSS4", "PTC", "PTK", "PZ2", "RAV", "REX", "RIX", "RNA", "ROE", "RQS", "RTR", "S99", "SCD", "SHM", "SIR", "SLD", "SNC", "SOI", "SOM", "STX", "SUM", "TD0", "TD2", "THB", "THS", "TMP", "TPR", "TSP", "UGL", "UND", "UNF", "UNH", "USG", "UST", "VOW", "WAR", "WC00", "WC01", "WC02", "WC03", "WC04", "WC97", "WC98", "WHO", "WOE", "XANA", "XLN", "ZEN", "ZNR"], "purchaseUrls": {}, "rarity": "common", "setCode": "RQS", "sourceProducts": {"nonfoil": ["92398ec1-f5a7-5c41-9820-49d990807c48"]}, "subtypes": ["Island"], "supertypes": ["Basic"], "text": "({T}: Add {U}.)", "type": "Basic Land — Island", "types": ["Land"], "uuid": "f3a0ad91-c953-5727-9bfc-e8a99b604f99", "variations": ["0e2d51db-fdde-50e7-9e10-5b709712c9fc"]}, {"artist": "Douglas Shuler", "artistIds": ["a9ddb513-51c7-455c-ab8f-5b90aae9f75b"], "availability": ["paper"], "borderColor": "white", "colorIdentity": ["R"], "colors": [], "convertedManaCost": 0.0, "count": 4, "edhrecSaltiness": 0.35, "finishes": ["nonfoil"], "foreignData": [], "frameVersion": "1993", "hasFoil": false, "hasNonFoil": true, "identifiers": {"mtgjsonV4Id": "5146d874-3732-5ac2-8f29-14ba9b79fc3a", "scryfallCardBackId": "0aeebaf5-8c7d-4636-9e82-8c27447861f7", "scryfallId": "8d30feea-b30d-4a6e-9357-f2148c9a8bcf", "scryfallIllustrationId": "79a416f1-96d6-45cf-bb0d-e3b22c012a99", "scryfallOracleId": "a3fb7228-e76b-4e96-a40e-20b5fed75685"}, "isFoil": false, "isReprint": true, "isStarter": true, "language": "English", "layout": "normal", "legalities": {"alchemy": "Legal", "brawl": "Legal", "commander": "Legal", "duel": "Legal", "explorer": "Legal", "future": "Legal", "gladiator": "Legal", "historic": "Legal", "legacy": "Legal", "modern": "Legal", "oathbreaker": "Legal", "pauper": "Legal", "paupercommander": "Legal", "penny": "Legal", "pioneer": "Legal", "predh": "Legal", "premodern": "Legal", "standard": "Legal", "standardbrawl": "Legal", "timeless": "Legal", "vintage": "Legal"}, "manaValue": 0.0, "name": "Mountain", "number": "60", "printings": ["10E", "2ED", "2XM", "30A", "3ED", "40K", "4BB", "4ED", "5ED", "6ED", "7ED", "8ED", "9ED", "ACR", "AFR", "AKH", "AKR", "ALA", "ANA", "ANB", "ARC", "ARN", "ATH", "AVR", "BBD", "BFZ", "BLB", "BRB", "BRC", "BRO", "BTD", "C13", "C14", "C15", "C16", "C17", "C18", "C19", "CED", "CEI", "CHK", "CLB", "CLU", "CM2", "CMA", "CMD", "CMM", "CMR", "CST", "DD1", "DD2", "DDE", "DDG", "DDH", "DDI", "DDJ", "DDK", "DDL", "DDN", "DDP", "DDS", "DDT", "DDU", "DKM", "DMR", "DMU", "DOM", "DPA", "DSK", "DTK", "E01", "ELD", "EVG", "FBB", "FRF", "G17", "GK1", "GK2", "GN2", "GN3", "GNT", "GRN", "GS1", "H09", "HBG", "HOP", "HOU", "ICE", "IKO", "INV", "ISD", "ITP", "J14", "J22", "JMP", "JVC", "KHM", "KLD", "KLR", "KTK", "LCI", "LEA", "LEB", "LRW", "LTR", "M10", "M11", "M12", "M13", "M14", "M15", "M19", "M20", "M21", "MBS", "ME1", "ME3", "MH2", "MH3", "MID", "MIR", "MKM", "MMQ", "MOM", "MRD", "NEO", "NPH", "ODY", "OLEP", "ONE", "ONS", "ORI", "OTJ", "P02", "P23", "PAL00", "PAL01", "PAL03", "PAL04", "PAL05", "PAL06", "PAL99", "PALP", "PANA", "PARL", "PC2", "PCA", "PD2", "PELP", "PF19", "PF20", "PGPX", "PGRU", "PIP", "PL24", "PLST", "PMPS", "PMPS06", "PMPS07", "PMPS08", "PMPS09", "PMPS10", "PMPS11", "POR", "PPP1", "PRM", "PRW2", "PRWK", "PS11", "PSAL", "PSS2", "PSS3", "PSS4", "PTC", "PTK", "PZ2", "RAV", "REX", "RIX", "RNA", "ROE", "RQS", "RTR", "S99", "SCD", "SHM", "SIR", "SLD", "SNC", "SOI", "SOM", "STX", "SUM", "TD0", "THB", "THS", "TMP", "TPR", "TSP", "UGL", "UND", "UNF", "UNH", "USG", "UST", "VOW", "WAR", "WC00", "WC01", "WC02", "WC03", "WC97", "WC98", "WC99", "WHO", "WOE", "XANA", "XLN", "ZEN", "ZNR"], "purchaseUrls": {}, "rarity": "common", "setCode": "RQS", "sourceProducts": {"nonfoil": ["92398ec1-f5a7-5c41-9820-49d990807c48"]}, "subtypes": ["Mountain"], "supertypes": ["Basic"], "text": "({T}: Add {R}.)", "type": "Basic Land — Mountain", "types": ["Land"], "uuid": "ca6af89d-4d2f-5399-97c0-44983dc4ef92", "variations": ["7075129b-2243-570d-a0fe-a5cf824a8a2e", "b97f7d02-af99-57b8-9370-89dcfe0e3381"]}, {"artist": "Dan Frazier", "artistIds": ["059bba56-5feb-42e4-8c2e-e2f1e6ba11f9"], "availability": ["paper"], "borderColor": "white", "colorIdentity": ["B"], "colors": [], "convertedManaCost": 0.0, "count": 4, "edhrecSaltiness": 0.29, "finishes": ["nonfoil"], "foreignData": [], "frameVersion": "1993", "hasFoil": false, "hasNonFoil": true, "identifiers": {"mtgjsonV4Id": "8dfe5602-d587-5884-a74a-c34464b53931", "scryfallCardBackId": "0aeebaf5-8c7d-4636-9e82-8c27447861f7", "scryfallId": "38a52061-543a-4b8b-af22-646dc6cd1563", "scryfallIllustrationId": "e329fb85-5db8-4c67-b861-8904ce73e818", "scryfallOracleId": "56719f6a-1a6c-4c0a-8d21-18f7d7350b68"}, "isFoil": false, "isReprint": true, "isStarter": true, "language": "English", "layout": "normal", "legalities": {"alchemy": "Legal", "brawl": "Legal", "commander": "Legal", "duel": "Legal", "explorer": "Legal", "future": "Legal", "gladiator": "Legal", "historic": "Legal", "legacy": "Legal", "modern": "Legal", "oathbreaker": "Legal", "pauper": "Legal", "paupercommander": "Legal", "penny": "Legal", "pioneer": "Legal", "predh": "Legal", "premodern": "Legal", "standard": "Legal", "standardbrawl": "Legal", "timeless": "Legal", "vintage": "Legal"}, "manaValue": 0.0, "name": "Swamp", "number": "57", "printings": ["10E", "2ED", "2XM", "30A", "3ED", "40K", "4BB", "4ED", "5ED", "6ED", "7ED", "8ED", "9ED", "ACR", "AFR", "AKH", "AKR", "ALA", "ANA", "ANB", "ARC", "ATH", "AVR", "BBD", "BFZ", "BLB", "BRB", "BRC", "BRO", "BTD", "C13", "C14", "C15", "C16", "C17", "C18", "C19", "CED", "CEI", "CHK", "CLB", "CLU", "CM2", "CMA", "CMD", "CMM", "CST", "DDC", "DDD", "DDE", "DDH", "DDJ", "DDK", "DDM", "DDN", "DDP", "DDQ", "DDR", "DKM", "DMR", "DMU", "DOM", "DPA", "DSK", "DTK", "DVD", "E01", "ELD", "FBB", "FDN", "FRF", "G17", "GK1", "GK2", "GN2", "GN3", "GNT", "GRN", "GVL", "H09", "HBG", "HOP", "HOU", "ICE", "IKO", "INV", "ISD", "ITP", "J14", "J22", "JMP", "KHM", "KLD", "KLR", "KTK", "LCI", "LEA", "LEB", "LRW", "LTR", "M10", "M11", "M12", "M13", "M14", "M15", "M19", "M20", "M21", "MBS", "MD1", "ME1", "ME3", "MH2", "MH3", "MID", "MIR", "MKM", "MMQ", "MOM", "MRD", "NEO", "NPH", "ODY", "OLEP", "ONE", "ONS", "ORI", "OTJ", "P02", "P23", "PAL00", "PAL01", "PAL03", "PAL04", "PAL05", "PAL06", "PAL99", "PALP", "PANA", "PARL", "PC2", "PCA", "PD3", "PELP", "PF19", "PF20", "PGPX", "PGRU", "PHUK", "PIP", "PLST", "PMPS", "PMPS06", "PMPS07", "PMPS08", "PMPS09", "PMPS10", "PMPS11", "POR", "PPP1", "PRM", "PRW2", "PRWK", "PS11", "PSAL", "PSS2", "PSS3", "PSS4", "PTC", "PTK", "RAV", "REX", "RIX", "RNA", "ROE", "RQS", "RTR", "S99", "SCD", "SHM", "SIR", "SLD", "SNC", "SOI", "SOM", "STX", "SUM", "TD0", "TD2", "THB", "THS", "TMP", "TPR", "TSP", "UGL", "UND", "UNF", "UNH", "USG", "UST", "VOW", "WAR", "WC01", "WC02", "WC03", "WC97", "WC98", "WC99", "WHO", "WOE", "XANA", "XLN", "ZEN", "ZNR"], "purchaseUrls": {}, "rarity": "common", "setCode": "RQS", "sourceProducts": {"nonfoil": ["92398ec1-f5a7-5c41-9820-49d990807c48"]}, "subtypes": ["Swamp"], "supertypes": ["Basic"], "text": "({T}: Add {B}.)", "type": "Basic Land — Swamp", "types": ["Land"], "uuid": "2ea44f17-f609-538d-86f8-8d2430beb5d4", "variations": ["d2e1e28c-355e-5938-80db-7e397ca9bfaa", "ff24e7dc-5f53-511c-9cb8-1c2a8f567c23"]}, {"artist": "Anson Maddocks", "artistIds": ["634430a7-b5c3-4e4a-b2ac-164e084e47c9"], "availability": ["paper"], "borderColor": "white", "colorIdentity": ["B"], "colors": ["B"], "convertedManaCost": 1.0, "count": 2, "edhrecRank": 20571, "finishes": ["nonfoil"], "flavorText": "\"For something is amiss or out of place When mice with wings can wear a human face.\"\n—Theodore Roethke, \"The Bat\"", "foreignData": [], "frameVersion": "1993", "hasFoil": false, "hasNonFoil": true, "identifiers": {"mtgjsonV4Id": "9ad111f0-9dad-5467-ab32-38ff2b91be1e", "scryfallCardBackId": "0aeebaf5-8c7d-4636-9e82-8c27447861f7", "scryfallId": "7221d5e4-9c21-4c44-b78f-8340172d5203", "scryfallIllustrationId": "9a555ac7-807a-4a65-a656-3d9a7fb756c7", "scryfallOracleId": "da66f1db-0fde-4112-ae8e-0e63fc686835"}, "isFoil": false, "isReprint": true, "isStarter": true, "keywords": ["Flying"], "language": "English", "layout": "normal", "legalities": {"commander": "Legal", "duel": "Legal", "legacy": "Legal", "modern": "Legal", "oathbreaker": "Legal", "oldschool": "Legal", "pauper": "Legal", "paupercommander": "Legal", "penny": "Legal", "predh": "Legal", "premodern": "Legal", "vintage": "Legal"}, "manaCost": "{B}", "manaValue": 1.0, "name": "Vampire Bats", "number": "25", "power": "0", "printings": ["10E", "4BB", "4ED", "5ED", "DDD", "GVL", "ITP", "LEG", "REN", "RQS"], "purchaseUrls": {}, "rarity": "common", "setCode": "RQS", "sourceProducts": {"nonfoil": ["92398ec1-f5a7-5c41-9820-49d990807c48"]}, "subtypes": ["Bat"], "supertypes": [], "text": "Flying (This creature can't be blocked except by creatures with flying or reach.)\n{B}: Vampire Bats gets +1/+0 until end of turn. Activate no more than twice each turn.", "toughness": "1", "type": "Creature — Bat", "types": ["Creature"], "uuid": "558c375e-1ab4-5f1b-bebe-4d0e94f2da48"}, {"artist": "Anson Maddocks", "artistIds": ["634430a7-b5c3-4e4a-b2ac-164e084e47c9"], "availability": ["paper"], "borderColor": "white", "colorIdentity": ["R"], "colors": ["R"], "convertedManaCost": 3.0, "count": 1, "edhrecRank": 15758, "edhrecSaltiness": 0.07, "finishes": ["nonfoil"], "flavorText": "In a rare display of ingenuity, the Orcs invented an incredibly destructive weapon. Most Orcish artillerists are those who dared criticize its effectiveness.", "foreignData": [], "frameVersion": "1993", "hasFoil": false, "hasNonFoil": true, "identifiers": {"mtgjsonV4Id": "3756b4e6-07b7-50bc-917d-fcb46b1014c0", "scryfallCardBackId": "0aeebaf5-8c7d-4636-9e82-8c27447861f7", "scryfallId": "a4412e5f-4cb8-449b-ab8a-23fcf3f597e8", "scryfallIllustrationId": "56ab42bd-9040-4359-8da6-7a4ce048cc90", "scryfallOracleId": "c000811e-bde7-4840-a3bb-9714d5c977eb"}, "isFoil": false, "isReprint": true, "isStarter": true, "language": "English", "layout": "normal", "legalities": {"commander": "Legal", "duel": "Legal", "legacy": "Legal", "modern": "Legal", "oathbreaker": "Legal", "oldschool": "Legal", "paupercommander": "Restricted", "penny": "Legal", "predh": "Legal", "premodern": "Legal", "vintage": "Legal"}, "manaCost": "{1}{R}{R}", "manaValue": 3.0, "name": "Orcish Artillery", "number": "35", "power": "1", "printings": ["10E", "2ED", "30A", "3ED", "4BB", "4ED", "5ED", "6ED", "7ED", "8ED", "9ED", "CED", "CEI", "FBB", "ITP", "LEA", "LEB", "PLST", "RQS", "SUM"], "purchaseUrls": {}, "rarity": "uncommon", "rulings": [{"date": "2004-10-04", "text": "You do not take the 3 points of damage if the ability doesn’t resolve because the target is illegal."}], "setCode": "RQS", "sourceProducts": {"nonfoil": ["92398ec1-f5a7-5c41-9820-49d990807c48"]}, "subtypes": ["Orc", "Warrior"], "supertypes": [], "text": "{T}: Orcish Artillery deals 2 damage to any target and 3 damage to you.", "toughness": "3", "type": "Creature — Orc Warrior", "types": ["Creature"], "uuid": "9b8c6845-c5b1-5cc5-8d2f-1cf744458203"}, {"artist": "Kaja Foglio", "artistIds": ["e8b85539-756a-4eac-ac66-a2258d7cf547"], "availability": ["paper"], "borderColor": "white", "colorIdentity": ["B"], "colors": ["B"], "convertedManaCost": 3.0, "count": 1, "edhrecRank": 15414, "edhrecSaltiness": 0.33, "finishes": ["nonfoil"], "foreignData": [], "frameVersion": "1993", "hasFoil": false, "hasNonFoil": true, "identifiers": {"mtgjsonV4Id": "cfdf07a3-4713-5a5e-8163-4c3c0364bd63", "scryfallCardBackId": "0aeebaf5-8c7d-4636-9e82-8c27447861f7", "scryfallId": "5f38e59e-9688-4372-98da-4eb07bebe89b", "scryfallIllustrationId": "342aa7e1-9303-425d-ae75-e733cb1da3b6", "scryfallOracleId": "3e4cb1b2-e2cc-4925-a226-6c6f1501d9c1"}, "isFoil": false, "isReprint": true, "isStarter": true, "language": "English", "layout": "normal", "legalities": {"commander": "Legal", "duel": "Legal", "legacy": "Legal", "oathbreaker": "Legal", "oldschool": "Legal", "paupercommander": "Restricted", "predh": "Legal", "premodern": "Legal", "vintage": "Legal"}, "manaCost": "{1}{B}{B}", "manaValue": 3.0, "name": "Sorceress Queen", "number": "23", "power": "1", "printings": ["3ED", "4BB", "4ED", "5ED", "ARN", "FBB", "ITP", "RQS", "SUM"], "purchaseUrls": {}, "rarity": "rare", "setCode": "RQS", "sourceProducts": {"nonfoil": ["92398ec1-f5a7-5c41-9820-49d990807c48"]}, "subtypes": ["Human", "Wizard"], "supertypes": [], "text": "{T}: Target creature other than Sorceress Queen has base power and toughness 0/2 until end of turn.", "toughness": "1", "type": "Creature — Human Wizard", "types": ["Creature"], "uuid": "f454cd27-2484-5ef4-a8f4-ecc4e8e46008"}, {"artist": "Jeff A. Menges", "artistIds": ["14a1de4b-1237-4e7b-8868-b71e87c9a46e"], "availability": ["paper"], "borderColor": "white", "colorIdentity": [], "colors": [], "convertedManaCost": 2.0, "count": 1, "edhrecRank": 21624, "finishes": ["nonfoil"], "flavorText": "By the time Mishra was defeated, no mage was foolish enough to rely heavily on walls.", "foreignData": [], "frameVersion": "1993", "hasFoil": false, "hasNonFoil": true, "identifiers": {"mtgjsonV4Id": "9d5dc0af-b2d3-5bdb-a200-3a9ea0c955e1", "scryfallCardBackId": "0aeebaf5-8c7d-4636-9e82-8c27447861f7", "scryfallId": "353b0834-1c08-478f-a3a9-1f17b51494de", "scryfallIllustrationId": "ffa92365-85b9-49ed-9751-51bcee52b4ce", "scryfallOracleId": "e7b91fba-8d96-4040-95e8-f0023b65c497"}, "isFoil": false, "isReprint": true, "isStarter": true, "language": "English", "layout": "normal", "legalities": {"commander": "Legal", "duel": "Legal", "legacy": "Legal", "oathbreaker": "Legal", "oldschool": "Legal", "pauper": "Legal", "paupercommander": "Legal", "predh": "Legal", "premodern": "Legal", "vintage": "Legal"}, "manaCost": "{2}", "manaValue": 2.0, "name": "Battering Ram", "number": "47", "power": "1", "printings": ["4BB", "4ED", "5ED", "ATQ", "ITP", "REN", "RIN", "RQS"], "purchaseUrls": {}, "rarity": "common", "rulings": [{"date": "2008-10-01", "text": "A maximum of one nonbanding creature can join an attacking band no matter how many creatures with banding are in it."}, {"date": "2008-10-01", "text": "Creatures in the same band must all attack the same player or planeswalker."}, {"date": "2008-10-01", "text": "If a creature with banding attacks, it can team up with any number of other attacking creatures with banding (and up to one nonbanding creature) and attack as a unit called a “band.” The band can be blocked by any creature that could block a single creature in the band. Blocking any creature in a band blocks the entire band. If a creature with banding is blocked, the attacking player chooses how the blockers’ damage is assigned."}, {"date": "2009-10-01", "text": "If a creature in combat has banding, its controller assigns damage for creatures blocking or blocked by it. That player can ignore the damage assignment order when making this assignment."}], "setCode": "RQS", "sourceProducts": {"nonfoil": ["92398ec1-f5a7-5c41-9820-49d990807c48"]}, "subtypes": ["Construct"], "supertypes": [], "text": "At the beginning of combat on your turn, Battering Ram gains banding until end of combat. (Any creatures with banding, and up to one without, can attack in a band. Bands are blocked as a group. If any creatures with banding you control are being blocked by a creature, you divide that creature's combat damage, not its controller, among any of the creatures it's blocking.)\nWhenever Battering Ram becomes blocked by a Wall, destroy that Wall at end of combat.", "toughness": "1", "type": "Artifact Creature — Construct", "types": ["Artifact", "Creature"], "uuid": "139bd3ea-f4ce-511d-aab8-7ea6ccde2b3d"}, {"artist": "Drew Tucker", "artistIds": ["22eef389-7b21-4dda-95dc-4c9a0f1bf4dd"], "availability": ["paper"], "borderColor": "white", "colorIdentity": [], "colors": [], "convertedManaCost": 6.0, "count": 1, "edhrecRank": 24029, "edhrecSaltiness": 0.24, "finishes": ["nonfoil"], "foreignData": [], "frameVersion": "1993", "hasFoil": false, "hasNonFoil": true, "identifiers": {"mtgjsonV4Id": "fd16681d-b3fc-59de-8a67-ffec76a3fdb6", "scryfallCardBackId": "0aeebaf5-8c7d-4636-9e82-8c27447861f7", "scryfallId": "7a5521ee-a7fb-4aae-b300-8a440e56389e", "scryfallIllustrationId": "7538ca3f-1464-497c-bebe-876d46abac38", "scryfallOracleId": "eb97c8db-ac6c-476c-b14d-87785e9c82f0"}, "isFoil": false, "isReprint": true, "isStarter": true, "language": "English", "layout": "normal", "legalities": {"commander": "Legal", "duel": "Legal", "legacy": "Legal", "oathbreaker": "Legal", "oldschool": "Legal", "paupercommander": "Restricted", "penny": "Legal", "predh": "Legal", "premodern": "Legal", "vintage": "Legal"}, "manaCost": "{6}", "manaValue": 6.0, "name": "Clockwork Beast", "number": "48", "power": "0", "printings": ["2ED", "30A", "3ED", "4BB", "4ED", "5ED", "BTD", "CED", "CEI", "FBB", "ITP", "LEA", "LEB", "ME1", "RQS", "SUM"], "purchaseUrls": {}, "rarity": "rare", "rulings": [{"date": "2004-10-04", "text": "Can attack or block even if it has no counters."}, {"date": "2004-10-04", "text": "Loses a counter even if it is affected by a Fog-like effect which prevents it from dealing damage."}, {"date": "2007-09-16", "text": "Clockwork Beast’s last ability resolves, you can choose to put fewer than X +1/+0 counters on it."}, {"date": "2007-09-16", "text": "If Clockwork Beast has seven or fewer +1/+0 counters on it when its last ability resolves, it can wind up a maximum of seven such counters on it. If it has seven or more +1/+0 counters on it, the ability will have no effect."}, {"date": "2007-09-16", "text": "This is a change from the most recent wording. Now, if some other spell or ability causes +1/+0 counters to be put on Clockwork Beast, it can wind up with more than seven such counters on it."}], "setCode": "RQS", "sourceProducts": {"nonfoil": ["92398ec1-f5a7-5c41-9820-49d990807c48"]}, "subtypes": ["Beast"], "supertypes": [], "text": "Clockwork Beast enters with seven +1/+0 counters on it.\nAt end of combat, if Clockwork Beast attacked or blocked this combat, remove a +1/+0 counter from it.\n{X}, {T}: Put up to X +1/+0 counters on Clockwork Beast. This ability can't cause the total number of +1/+0 counters on Clockwork Beast to be greater than seven. Activate only during your upkeep.", "toughness": "4", "type": "Artifact Creature — Beast", "types": ["Artifact", "Creature"], "uuid": "95b47caf-3776-57ba-ba0c-f6c6e16826f1"}, {"artist": "Mark Tedin", "artistIds": ["9ee9a9cc-c09e-486f-918b-69f80cbc4188"], "availability": ["paper"], "borderColor": "white", "colorIdentity": [], "colors": [], "convertedManaCost": 4.0, "count": 1, "edhrecRank": 17482, "finishes": ["nonfoil"], "foreignData": [], "frameVersion": "1993", "hasFoil": false, "hasNonFoil": true, "identifiers": {"mtgjsonV4Id": "e969fdfc-8d44-58c5-a976-065ae251062f", "scryfallCardBackId": "0aeebaf5-8c7d-4636-9e82-8c27447861f7", "scryfallId": "2af7373a-c863-4ea0-aea7-1933d96920b4", "scryfallIllustrationId": "438a22fe-b464-49b7-b44b-717ce9056d51", "scryfallOracleId": "39ee576a-0803-4063-9c84-f2b537e4d44c"}, "isFoil": false, "isReprint": true, "isStarter": true, "language": "English", "layout": "normal", "legalities": {"commander": "Legal", "duel": "Legal", "legacy": "Legal", "modern": "Legal", "oathbreaker": "Legal", "oldschool": "Legal", "penny": "Legal", "pioneer": "Legal", "predh": "Legal", "premodern": "Legal", "vintage": "Legal"}, "manaCost": "{4}", "manaValue": 4.0, "name": "Jayemdae Tome", "number": "50", "printings": ["10E", "2ED", "30A", "3ED", "4BB", "4ED", "5ED", "6ED", "7ED", "8ED", "CED", "CEI", "FBB", "ITP", "LEA", "LEB", "M13", "ORI", "PS11", "PTC", "RQS", "SUM"], "purchaseUrls": {}, "rarity": "rare", "setCode": "RQS", "sourceProducts": {"nonfoil": ["92398ec1-f5a7-5c41-9820-49d990807c48"]}, "subtypes": [], "supertypes": [], "text": "{4}, {T}: Draw a card.", "type": "Artifact", "types": ["Artifact"], "uuid": "05f66d1f-5fe7-56b3-ae22-56ad08ef1290"}, {"artist": "Richard Thomas", "artistIds": ["596b3aac-b331-4e1e-ae41-9ec2d3b653e1"], "availability": ["paper"], "borderColor": "white", "colorIdentity": ["U"], "colors": ["U"], "convertedManaCost": 1.0, "count": 1, "edhrecRank": 9301, "edhrecSaltiness": 0.56, "finishes": ["nonfoil"], "foreignData": [], "frameVersion": "1993", "hasFoil": false, "hasNonFoil": true, "identifiers": {"mtgjsonV4Id": "e4442727-c3be-535a-bba1-291efec2aebd", "scryfallCardBackId": "0aeebaf5-8c7d-4636-9e82-8c27447861f7", "scryfallId": "a3a049d0-4f5e-4b43-a48b-521cda5cdc1a", "scryfallIllustrationId": "2c0f8da0-af8a-4e93-be82-4d4b164361a5", "scryfallOracleId": "39412e6d-2837-4729-abf9-e64a5ba87e40"}, "isFoil": false, "isReprint": true, "isStarter": true, "language": "English", "layout": "normal", "legalities": {"commander": "Legal", "duel": "Legal", "legacy": "Legal", "oathbreaker": "Legal", "oldschool": "Legal", "pauper": "Legal", "paupercommander": "Legal", "penny": "Legal", "predh": "Legal", "premodern": "Legal", "vintage": "Legal"}, "manaCost": "{X}{U}", "manaValue": 1.0, "name": "Power Sink", "number": "11", "printings": ["2ED", "30A", "3ED", "4BB", "4ED", "5ED", "6ED", "BTD", "CED", "CEI", "FBB", "ICE", "ITP", "LEA", "LEB", "MIR", "PLST", "PTC", "RQS", "SUM", "TMP", "USG", "VMA"], "purchaseUrls": {}, "rarity": "common", "rulings": [{"date": "2004-10-04", "text": "Does not increase the mana cost of the spell. It just requires a separate expenditure in order for it to succeed."}, {"date": "2004-10-04", "text": "When this spell resolves, you either pay X mana or let your lands become tapped. The lands that become tapped are not “tapped for mana”. If you choose to pay, you may pay the X mana using whatever mana abilities you want to use."}, {"date": "2010-03-01", "text": "Only lands that actually have mana abilities will get tapped. This includes basic lands and lands with mana abilities printed on them, as well as lands which have been granted a mana ability by some effect."}], "setCode": "RQS", "sourceProducts": {"nonfoil": ["92398ec1-f5a7-5c41-9820-49d990807c48"]}, "subtypes": [], "supertypes": [], "text": "Counter target spell unless its controller pays {X}. If that player doesn't, they tap all lands with mana abilities they control and lose all unspent mana.", "type": "Instant", "types": ["Instant"], "uuid": "b87375da-6ae2-59fd-a9ae-70c6827ae5a3"}, {"artist": "Randy Asplund-Faith", "artistIds": ["d2da8270-bbdb-4c49-b84d-bf5a380e8a78"], "availability": ["paper"], "borderColor": "white", "colorIdentity": ["R"], "colors": ["R"], "convertedManaCost": 1.0, "count": 1, "edhrecRank": 19450, "finishes": ["nonfoil"], "foreignData": [], "frameVersion": "1993", "hasFoil": false, "hasNonFoil": true, "identifiers": {"mtgjsonV4Id": "ba2ba478-7184-5e6e-8e1a-6bb244cf83da", "scryfallCardBackId": "0aeebaf5-8c7d-4636-9e82-8c27447861f7", "scryfallId": "761172c9-a215-4bc1-85de-cca36ba0f5c2", "scryfallIllustrationId": "d3fe8be5-1227-4440-b042-5922f4c9c199", "scryfallOracleId": "daa90a75-c600-41bd-9311-ec21cf51480b"}, "isFoil": false, "isReprint": true, "isStarter": true, "language": "English", "layout": "normal", "legalities": {"commander": "Legal", "duel": "Legal", "legacy": "Legal", "modern": "Legal", "oathbreaker": "Legal", "oldschool": "Legal", "penny": "Legal", "predh": "Legal", "premodern": "Legal", "vintage": "Legal"}, "manaCost": "{X}{R}", "manaValue": 1.0, "name": "Detonate", "number": "29", "printings": ["4BB", "4ED", "5ED", "ATQ", "ITP", "ME4", "MRD", "PLST", "PTC", "REN", "RIN", "RQS"], "purchaseUrls": {}, "rarity": "uncommon", "rulings": [{"date": "2004-10-04", "text": "If the artifact becomes an illegal target before resolution, then no damage is done."}], "setCode": "RQS", "sourceProducts": {"nonfoil": ["92398ec1-f5a7-5c41-9820-49d990807c48"]}, "subtypes": [], "supertypes": [], "text": "Destroy target artifact with mana value X. It can't be regenerated. Detonate deals X damage to that artifact's controller.", "type": "Sorcery", "types": ["Sorcery"], "uuid": "38450a7a-772a-5316-a228-8c05e7fb1db1"}, {"artist": "Mark Tedin", "artistIds": ["9ee9a9cc-c09e-486f-918b-69f80cbc4188"], "availability": ["paper"], "borderColor": "white", "colorIdentity": ["R"], "colors": ["R"], "convertedManaCost": 1.0, "count": 1, "edhrecRank": 3687, "edhrecSaltiness": 0.14, "finishes": ["nonfoil"], "foreignData": [], "frameVersion": "1993", "hasFoil": false, "hasNonFoil": true, "identifiers": {"mtgjsonV4Id": "f59f2d04-98bb-56db-b71b-53ae44fb6968", "scryfallCardBackId": "0aeebaf5-8c7d-4636-9e82-8c27447861f7", "scryfallId": "8401bb3d-d7b9-40cb-8e6a-4b0bfd7c0bd6", "scryfallIllustrationId": "0e6684f8-c8d0-4928-b147-f4640a86bf3a", "scryfallOracleId": "aa7714b0-2bfb-458a-8ebf-37ec2c53383e"}, "isFoil": false, "isReprint": true, "isStarter": true, "language": "English", "layout": "normal", "legalities": {"commander": "Legal", "duel": "Legal", "legacy": "Legal", "modern": "Legal", "oathbreaker": "Legal", "oldschool": "Legal", "pauper": "Legal", "paupercommander": "Legal", "penny": "Legal", "predh": "Legal", "premodern": "Legal", "vintage": "Legal"}, "manaCost": "{X}{R}", "manaValue": 1.0, "name": "Fireball", "number": "31", "printings": ["2ED", "30A", "3ED", "4BB", "4ED", "5ED", "ARC", "ATH", "BTD", "C13", "CED", "CEI", "CLB", "DD2", "DST", "FBB", "IMA", "ITP", "JVC", "LEA", "LEB", "M10", "M11", "M12", "ME4", "OLEP", "P05", "PARL", "PD2", "PLST", "PMEI", "PRM", "PTC", "RQS", "SUM", "WC04"], "purchaseUrls": {}, "rarity": "common", "rulings": [{"date": "2017-11-17", "text": "Fireball's damage is divided as Fireball resolves, not as it's cast, because there are no choices involved. The division involves only targets that are still legal as Fireball resolves."}, {"date": "2017-11-17", "text": "For example, if X is 5 and you choose three target creatures, Fireball has a total cost of {7}{R} (even though its mana cost is just {5}{R} and its mana value is 6). If those creatures are all still legal targets as Fireball resolves, it deals 1 damage to each of them."}, {"date": "2017-11-17", "text": "You can target more than X creatures. However, if the number of legal targets at the time Fireball resolves is greater than X, none of them will be dealt any damage."}, {"date": "2017-11-17", "text": "You may cast Fireball with zero targets, regardless of the value chosen for X. If you do so, it will not be a targeted spell, and no damage will actually be dealt when it resolves."}], "setCode": "RQS", "sourceProducts": {"nonfoil": ["92398ec1-f5a7-5c41-9820-49d990807c48"]}, "subtypes": [], "supertypes": [], "text": "This spell costs {1} more to cast for each target beyond the first.\nFireball deals X damage divided evenly, rounded down, among any number of targets.", "type": "Sorcery", "types": ["Sorcery"], "uuid": "35c4b3b7-00c9-5890-93a3-b7751231a383"}, {"artist": "Jesper Myrfors", "artistIds": ["c011318e-8503-48c1-a990-46e50aff48a0"], "availability": ["paper"], "borderColor": "white", "colorIdentity": ["B"], "colors": ["B"], "convertedManaCost": 4.0, "count": 1, "edhrecRank": 21741, "edhrecSaltiness": 0.2, "finishes": ["nonfoil"], "foreignData": [], "frameVersion": "1993", "hasFoil": false, "hasNonFoil": true, "identifiers": {"mtgjsonV4Id": "1076c017-db99-5096-bc3d-01310dfafbf5", "scryfallCardBackId": "0aeebaf5-8c7d-4636-9e82-8c27447861f7", "scryfallId": "ebd80b68-0425-483e-94ff-e0763af71ece", "scryfallIllustrationId": "fe89edee-d57b-49b8-966d-dbf2c1254db9", "scryfallOracleId": "0d61239f-28e4-4adb-8f6e-b56e9c8699af"}, "isFoil": false, "isReprint": true, "isStarter": true, "keywords": ["Enchant"], "language": "English", "layout": "normal", "legalities": {"commander": "Legal", "duel": "Legal", "legacy": "Legal", "oathbreaker": "Legal", "oldschool": "Legal", "predh": "Legal", "premodern": "Legal", "vintage": "Legal"}, "manaCost": "{2}{B}{B}", "manaValue": 4.0, "name": "Cursed Land", "number": "17", "printings": ["2ED", "30A", "3ED", "4BB", "4ED", "5ED", "CED", "CEI", "FBB", "ITP", "LEA", "LEB", "RQS", "SUM"], "purchaseUrls": {}, "rarity": "uncommon", "setCode": "RQS", "sourceProducts": {"nonfoil": ["92398ec1-f5a7-5c41-9820-49d990807c48"]}, "subtypes": ["Aura"], "supertypes": [], "text": "Enchant land\nAt the beginning of the upkeep of enchanted land's controller, Cursed Land deals 1 damage to that player.", "type": "Enchantment — Aura", "types": ["Enchantment"], "uuid": "cb272d4d-057a-5d04-9cad-955ddbb0131e"}, {"artist": "Kaja Foglio", "artistIds": ["e8b85539-756a-4eac-ac66-a2258d7cf547"], "availability": ["paper"], "borderColor": "white", "colorIdentity": ["U"], "colors": ["U"], "convertedManaCost": 3.0, "count": 1, "edhrecRank": 11630, "edhrecSaltiness": 1.3, "finishes": ["nonfoil"], "foreignData": [], "frameVersion": "1993", "hasFoil": false, "hasNonFoil": true, "identifiers": {"mtgjsonV4Id": "61aa9ef2-bc26-5118-97ae-3c85e906f366", "scryfallCardBackId": "0aeebaf5-8c7d-4636-9e82-8c27447861f7", "scryfallId": "c8bf4f80-c5fd-47f3-9477-e8dce2d8eb72", "scryfallIllustrationId": "99bcba76-cb94-4065-af24-ae9a6890ca49", "scryfallOracleId": "7a756cd1-29a8-4edf-bb74-fbb5b4020022"}, "isFoil": false, "isReprint": true, "isStarter": true, "language": "English", "layout": "normal", "legalities": {"commander": "Legal", "duel": "Legal", "legacy": "Legal", "oathbreaker": "Legal", "oldschool": "Legal", "predh": "Legal", "premodern": "Legal", "vintage": "Legal"}, "manaCost": "{2}{U}", "manaValue": 3.0, "name": "Energy Flux", "number": "8", "printings": ["3ED", "4BB", "4ED", "5ED", "ATQ", "FBB", "ITP", "MB2", "ME4", "MMQ", "PLST", "RQS", "SUM", "WC00"], "purchaseUrls": {}, "rarity": "uncommon", "setCode": "RQS", "sourceProducts": {"nonfoil": ["92398ec1-f5a7-5c41-9820-49d990807c48"]}, "subtypes": [], "supertypes": [], "text": "All artifacts have \"At the beginning of your upkeep, sacrifice this artifact unless you pay {2}.\"", "type": "Enchantment", "types": ["Enchantment"], "uuid": "ef31de15-32b7-5c13-8695-eae5f073a546"}, {"artist": "Quinton Hoover", "artistIds": ["1a2db619-92a5-431a-822b-101cdcc5bd5d"], "availability": ["paper"], "borderColor": "white", "colorIdentity": ["U"], "colors": ["U"], "convertedManaCost": 3.0, "count": 1, "edhrecRank": 24494, "finishes": ["nonfoil"], "foreignData": [], "frameVersion": "1993", "hasFoil": false, "hasNonFoil": true, "identifiers": {"mtgjsonV4Id": "a8f87c4a-62e8-5bd3-9778-6870a8c4f09f", "scryfallCardBackId": "0aeebaf5-8c7d-4636-9e82-8c27447861f7", "scryfallId": "f87ea9f3-4dc4-4d79-854d-665915278c91", "scryfallIllustrationId": "aa256e54-afd7-434c-9b9f-69f14e41b0d2", "scryfallOracleId": "2ff92886-5c17-47a4-a02b-a97432d9203e"}, "isFoil": false, "isReprint": true, "isStarter": true, "keywords": ["Enchant"], "language": "English", "layout": "normal", "legalities": {"commander": "Legal", "duel": "Legal", "legacy": "Legal", "oathbreaker": "Legal", "oldschool": "Legal", "predh": "Legal", "premodern": "Legal", "vintage": "Legal"}, "manaCost": "{2}{U}", "manaValue": 3.0, "name": "Feedback", "number": "9", "printings": ["2ED", "30A", "3ED", "4BB", "4ED", "5ED", "CED", "CEI", "FBB", "ITP", "LEA", "LEB", "RQS", "SUM"], "purchaseUrls": {}, "rarity": "uncommon", "setCode": "RQS", "sourceProducts": {"nonfoil": ["92398ec1-f5a7-5c41-9820-49d990807c48"]}, "subtypes": ["Aura"], "supertypes": [], "text": "Enchant enchantment\nAt the beginning of the upkeep of enchanted enchantment's controller, Feedback deals 1 damage to that player.", "type": "Enchantment — Aura", "types": ["Enchantment"], "uuid": "9346c169-ec63-561b-8566-f50f32d8e249"}, {"artist": "Dan Frazier", "artistIds": ["059bba56-5feb-42e4-8c2e-e2f1e6ba11f9"], "availability": ["paper"], "borderColor": "white", "colorIdentity": ["R"], "colors": ["R"], "convertedManaCost": 4.0, "count": 1, "edhrecRank": 18773, "finishes": ["nonfoil"], "foreignData": [], "frameVersion": "1993", "hasFoil": false, "hasNonFoil": true, "identifiers": {"mtgjsonV4Id": "1b5d56b1-b105-5071-967c-7c6943fe12b2", "scryfallCardBackId": "0aeebaf5-8c7d-4636-9e82-8c27447861f7", "scryfallId": "6184400c-9652-44c5-81bb-3072bfa84dee", "scryfallIllustrationId": "13e2d7f0-2109-4de2-9972-9d91a06c6013", "scryfallOracleId": "0b16a650-68b0-44dc-a9e1-15b7966e0b18"}, "isFoil": false, "isReprint": true, "isStarter": true, "language": "English", "layout": "normal", "legalities": {"commander": "Legal", "duel": "Legal", "legacy": "Legal", "oathbreaker": "Legal", "oldschool": "Legal", "pauper": "Legal", "paupercommander": "Legal", "penny": "Legal", "predh": "Legal", "premodern": "Legal", "vintage": "Legal"}, "manaCost": "{3}{R}", "manaValue": 4.0, "name": "Orcish Oriflamme", "number": "36", "printings": ["2ED", "30A", "3ED", "4BB", "4ED", "5ED", "6ED", "7ED", "CED", "CEI", "EMA", "FBB", "ITP", "LEA", "LEB", "PLST", "RQS", "SUM"], "purchaseUrls": {}, "rarity": "uncommon", "setCode": "RQS", "sourceProducts": {"nonfoil": ["92398ec1-f5a7-5c41-9820-49d990807c48"]}, "subtypes": [], "supertypes": [], "text": "Attacking creatures you control get +1/+0.", "type": "Enchantment", "types": ["Enchantment"], "uuid": "2d2eb5d4-476b-5ed2-9894-56003e499437"}], "name": "Kazz's Second Deck", "releaseDate": "1996-06-10", "sealedProductUuids": null, "sideBoard": [], "type": "Intro Pack"}}