{"meta": {"date": "2024-09-03", "version": "5.2.2+20240903"}, "data": {"code": "SLD", "commander": [], "mainBoard": [{"artist": "Mark Riddick", "artistIds": ["cf42923a-d452-4225-be49-3932262423d4"], "availability": ["paper"], "borderColor": "black", "colorIdentity": ["B"], "colors": ["B"], "convertedManaCost": 5.0, "count": 1, "edhrecRank": 2065, "edhrecSaltiness": 0.65, "finishes": ["nonfoil", "foil"], "foreignData": [], "frameEffects": ["fullart"], "frameVersion": "2015", "hasFoil": true, "hasNonFoil": true, "identifiers": {"cardsphereFoilId": "110633", "cardsphereId": "110607", "mtgjsonV4Id": "fc621533-7d59-582a-b69b-e6348df079b2", "scryfallCardBackId": "0aeebaf5-8c7d-4636-9e82-8c27447861f7", "scryfallId": "0affc8ed-9ba1-47fe-aa81-8fde61345bfc", "scryfallIllustrationId": "0b704c84-74fc-48f4-88d6-2b00f8fedde3", "scryfallOracleId": "79a1783f-ea7e-4cdf-95f5-53b383d38c66", "tcgplayerProductId": "514518"}, "isFoil": true, "isFullArt": true, "isReprint": true, "keywords": ["Partner"], "language": "English", "layout": "normal", "leadershipSkills": {"brawl": false, "commander": true, "oathbreaker": true}, "legalities": {"commander": "Legal", "duel": "Legal", "legacy": "Legal", "oathbreaker": "Legal", "vintage": "Legal"}, "loyalty": "4", "manaCost": "{4}{B}", "manaValue": 5.0, "name": "Tevesh Szat, Doom of Fools", "number": "1199", "originalReleaseDate": "2023-08-29", "printings": ["CMR", "PLST", "PRM", "SLD"], "promoTypes": ["poster"], "purchaseUrls": {"tcgplayer": "https://mtgjson.com/links/cc7ed505c496b4ab"}, "rarity": "mythic", "rulings": [{"date": "2020-11-10", "text": "An effect that checks whether you control your commander is satisfied if you control one or both of your two commanders."}, {"date": "2020-11-10", "text": "As the third ability is resolving, you'll gain control of all commanders that were already on the battlefield before the commanders from the command zone enter the battlefield under your control."}, {"date": "2020-11-10", "text": "Both commanders start in the command zone, and the remaining 98 cards (or 58 cards in a Commander Draft game) of your deck are shuffled to become your library."}, {"date": "2020-11-10", "text": "For the second ability of Tevesh Szat, Doom of Fools, you choose whether to sacrifice anything and what to sacrifice as the ability resolves."}, {"date": "2020-11-10", "text": "If something refers to your commander while you have two commanders, it refers to one of them of your choice. If you are instructed to perform an action on your commander (e.g. put it from the command zone into your hand due to Command Beacon), you choose one of your commanders at the time the effect happens."}, {"date": "2020-11-10", "text": "If you leave the game, each commander you gained control of is returned to its previous controller's control. Each commander that entered the battlefield under your control is exiled (from there, its owner may return it to the command zone)."}, {"date": "2020-11-10", "text": "If your Commander deck has two commanders, you can only include cards whose own color identities are also found in your commanders' combined color identities. If Falthis and Kediss are your commanders, your deck may contain cards with black and/or red in their color identity, but not cards with green, white, or blue."}, {"date": "2020-11-10", "text": "Once the game begins, your two commanders are tracked separately. If you cast one, you won't have to pay an additional {2} the first time you cast the other. A player loses the game after having been dealt 21 damage from any one of them, not from both of them combined."}, {"date": "2020-11-10", "text": "To have two commanders, both must have the partner ability as the game begins. Losing the ability during the game doesn't cause either to cease to be your commander."}, {"date": "2020-11-10", "text": "You can choose two commanders with partner that are the same color or colors. In Commander Draft, you can even choose two of the same commander with partner if you drafted them. If you do this, make sure you keep the number of times you've cast each from the command zone clear for \"commander tax\" purposes."}], "securityStamp": "oval", "setCode": "SLD", "sourceProducts": {"foil": ["009a4c37-55e9-5f2c-b06e-ea5d6314a0f8"], "nonfoil": ["59b65bce-37f9-552a-a63e-91d4c4c9662f"]}, "subsets": ["Keep Partying Hard, Shred Harder Than You Previously Thought Possible"], "subtypes": ["Szat"], "supertypes": ["Legendary"], "text": "[+2]: Create two 0/1 black Thrull creature tokens.\n[+1]: You may sacrifice another creature or planeswalker. If you do, draw two cards, then draw another card if the sacrificed permanent was a commander.\n[−10]: Gain control of all commanders. Put all commanders from the command zone onto the battlefield under your control.\nTevesh Szat, Doom of Fools can be your commander.\nPartner", "type": "Legendary Planeswalker — Szat", "types": ["Planeswalker"], "uuid": "ca946f86-9096-5094-9f41-58ecf23f374a"}, {"artist": "rishxxv", "artistIds": ["4d600f5e-853e-4f54-a943-be1275ae3af5"], "availability": ["paper"], "borderColor": "black", "colorIdentity": ["R"], "colors": ["R"], "convertedManaCost": 6.0, "count": 1, "edhrecRank": 2243, "edhrecSaltiness": 1.19, "finishes": ["nonfoil", "foil"], "foreignData": [], "frameEffects": ["legendary", "fullart"], "frameVersion": "2015", "hasFoil": true, "hasNonFoil": true, "identifiers": {"cardsphereFoilId": "110621", "cardsphereId": "110608", "mtgjsonV4Id": "a68de1ab-bf61-569b-9701-dfac51efd4a8", "scryfallCardBackId": "0aeebaf5-8c7d-4636-9e82-8c27447861f7", "scryfallId": "0424f97c-b8ba-4c19-9238-cf2d7eed150f", "scryfallIllustrationId": "91f8348e-2691-442b-a4f1-9df3c0fe380b", "scryfallOracleId": "f890d51a-dc90-4179-8423-4738a72a527c", "tcgplayerProductId": "514504"}, "isFoil": true, "isFullArt": true, "isReprint": true, "language": "English", "layout": "normal", "leadershipSkills": {"brawl": false, "commander": true, "oathbreaker": false}, "legalities": {"commander": "Legal", "duel": "Legal", "legacy": "Legal", "modern": "Legal", "oathbreaker": "Legal", "penny": "Legal", "predh": "Legal", "vintage": "Legal"}, "manaCost": "{5}{R}", "manaValue": 6.0, "name": "Godo, Bandit Warlord", "number": "1200", "originalReleaseDate": "2023-09-15", "power": "3", "printings": ["2XM", "C16", "CHK", "CMM", "OCM1", "SLD"], "promoTypes": ["poster"], "purchaseUrls": {"tcgplayer": "https://mtgjson.com/links/8d3cff318813a393"}, "rarity": "rare", "rulings": [{"date": "2020-08-07", "text": "Unlike many effects that grant additional combat phases, you don't get an additional main phase with Godo, Bandit Warlord's ability. The additional combat phase happens immediately after the first combat phase."}], "securityStamp": "oval", "setCode": "SLD", "sourceProducts": {"foil": ["009a4c37-55e9-5f2c-b06e-ea5d6314a0f8"], "nonfoil": ["59b65bce-37f9-552a-a63e-91d4c4c9662f"]}, "subsets": ["Keep Partying Hard, Shred Harder Than You Previously Thought Possible"], "subtypes": ["Human", "Barbarian"], "supertypes": ["Legendary"], "text": "When Godo, Bandit Warlord enters, you may search your library for an Equipment card, put it onto the battlefield, then shuffle.\nWhenever Godo attacks for the first time each turn, untap it and all Samurai you control. After this phase, there is an additional combat phase.", "toughness": "3", "type": "Legendary Creature — Human Barbarian", "types": ["Creature"], "uuid": "ef22f649-2f96-53b6-aecd-e075c0da0f1b"}, {"artist": "WolfSkullJack", "artistIds": ["e3e7e24b-c62f-4eff-acc2-ebd3a85c3d60"], "availability": ["paper"], "borderColor": "black", "colorIdentity": ["R"], "colors": ["R"], "convertedManaCost": 3.0, "count": 1, "edhrecRank": 2845, "edhrecSaltiness": 0.42, "finishes": ["nonfoil", "foil"], "foreignData": [], "frameEffects": ["fullart"], "frameVersion": "2015", "hasFoil": true, "hasNonFoil": true, "identifiers": {"cardsphereFoilId": "110625", "cardsphereId": "110609", "mtgjsonV4Id": "d35130b3-972c-509e-854d-da06f663b368", "scryfallCardBackId": "0aeebaf5-8c7d-4636-9e82-8c27447861f7", "scryfallId": "864d028f-b57f-4f68-9694-c5a2bd7295b9", "scryfallIllustrationId": "0babea36-8cfe-49ec-beac-6e48385b45bd", "scryfallOracleId": "b1fbfcf3-6921-4417-a58e-0f5e5d34a105", "tcgplayerProductId": "514519"}, "isFoil": true, "isFullArt": true, "isReprint": true, "keywords": ["Partner"], "language": "English", "layout": "normal", "leadershipSkills": {"brawl": false, "commander": true, "oathbreaker": true}, "legalities": {"commander": "Legal", "duel": "Legal", "legacy": "Legal", "oathbreaker": "Legal", "vintage": "Legal"}, "loyalty": "0", "manaCost": "{2}{R}", "manaValue": 3.0, "name": "Jeska, Thrice Reborn", "number": "1201", "originalReleaseDate": "2023-09-15", "printings": ["CMR", "PRM", "SLD"], "promoTypes": ["poster"], "purchaseUrls": {"tcgplayer": "https://mtgjson.com/links/25b59ed483a66d33"}, "rarity": "mythic", "rulings": [{"date": "2020-11-10", "text": "An effect that checks whether you control your commander is satisfied if you control one or both of your two commanders."}, {"date": "2020-11-10", "text": "Both commanders start in the command zone, and the remaining 98 cards (or 58 cards in a Commander Draft game) of your deck are shuffled to become your library."}, {"date": "2020-11-10", "text": "For a creature affected by Jeska's second ability, if that creature has trample, only the damage dealt to the defending player is tripled (as long as that player is one of your opponents). For example, say you activate that ability targeting a 5/5 creature with trample, attack one of your opponents with that creature, and that creature is blocked by a 3/3 creature. You could assign 3 damage to the blocking creature and 2 damage to the defending player. If you did, your attacker would deal 3 damage to the blocking creature and 6 damage (2 damage tripled) to the defending player. All of the damage remains combat damage."}, {"date": "2020-11-10", "text": "If a creature is targeted by Jeska's second ability twice, combat damage it would deal one of your opponents is multiplied by nine. Three abilities multiply the damage by twenty-seven, and so on."}, {"date": "2020-11-10", "text": "If something refers to your commander while you have two commanders, it refers to one of them of your choice. If you are instructed to perform an action on your commander (e.g. put it from the command zone into your hand due to Command Beacon), you choose one of your commanders at the time the effect happens."}, {"date": "2020-11-10", "text": "If you cast Jeska, Thrice Reborn and she is your commander, that casting counts for her first ability."}, {"date": "2020-11-10", "text": "If your Commander deck has two commanders, you can only include cards whose own color identities are also found in your commanders' combined color identities. If Falthis and Kediss are your commanders, your deck may contain cards with black and/or red in their color identity, but not cards with green, white, or blue."}, {"date": "2020-11-10", "text": "Once the game begins, your two commanders are tracked separately. If you cast one, you won't have to pay an additional {2} the first time you cast the other. A player loses the game after having been dealt 21 damage from any one of them, not from both of them combined."}, {"date": "2020-11-10", "text": "To have two commanders, both must have the partner ability as the game begins. Losing the ability during the game doesn't cause either to cease to be your commander."}, {"date": "2020-11-10", "text": "You can choose two commanders with partner that are the same color or colors. In Commander Draft, you can even choose two of the same commander with partner if you drafted them. If you do this, make sure you keep the number of times you've cast each from the command zone clear for \"commander tax\" purposes."}], "securityStamp": "oval", "setCode": "SLD", "sourceProducts": {"foil": ["009a4c37-55e9-5f2c-b06e-ea5d6314a0f8"], "nonfoil": ["59b65bce-37f9-552a-a63e-91d4c4c9662f"]}, "subsets": ["Keep Partying Hard, Shred Harder Than You Previously Thought Possible"], "subtypes": ["Jeska"], "supertypes": ["Legendary"], "text": "Jeska, Thrice Reborn enters with a loyalty counter on her for each time you've cast a commander from the command zone this game.\n[0]: Choose target creature. Until your next turn, if that creature would deal combat damage to one of your opponents, it deals triple that damage to that player instead.\n[−X]: Jeska, Thrice Reborn deals X damage to each of up to three targets.\nJeska, Thrice Reborn can be your commander.\nPartner", "type": "Legendary Planeswalker — Jeska", "types": ["Planeswalker"], "uuid": "e0579d7e-7e78-5a38-9c04-6341ac6235fc"}, {"artist": "N.C. Winters", "artistIds": ["17bd7e61-bae4-4393-8b80-37902e5aebd9"], "availability": ["paper"], "borderColor": "black", "colorIdentity": ["B", "R"], "colors": ["B", "R"], "convertedManaCost": 3.0, "count": 1, "edhrecRank": 9213, "edhrecSaltiness": 0.46, "finishes": ["nonfoil", "foil"], "foreignData": [], "frameEffects": ["legendary", "fullart"], "frameVersion": "2015", "hasFoil": true, "hasNonFoil": true, "identifiers": {"cardsphereFoilId": "110635", "cardsphereId": "110610", "mtgjsonV4Id": "1feffb31-6c07-5ace-9326-1a488d721e31", "scryfallCardBackId": "0aeebaf5-8c7d-4636-9e82-8c27447861f7", "scryfallId": "4e439cd0-5ba1-45af-a868-f408e0a50465", "scryfallIllustrationId": "1f1ce0b6-b89e-4920-8a73-7c95605d0666", "scryfallOracleId": "1b355139-4891-436c-9079-0ce17ecc2d65", "tcgplayerProductId": "514506"}, "isFoil": true, "isFullArt": true, "isReprint": true, "keywords": ["Partner"], "language": "English", "layout": "normal", "leadershipSkills": {"brawl": false, "commander": true, "oathbreaker": false}, "legalities": {"commander": "Legal", "duel": "Restricted", "legacy": "Legal", "oathbreaker": "Legal", "vintage": "Legal"}, "manaCost": "{1}{B}{R}", "manaValue": 3.0, "name": "Vial Smasher the Fierce", "number": "1202", "originalReleaseDate": "2023-09-15", "power": "2", "printings": ["C16", "CMR", "PRM", "PZ2", "SLD"], "promoTypes": ["poster"], "purchaseUrls": {"tcgplayer": "https://mtgjson.com/links/4552a5e46b109d03"}, "rarity": "mythic", "rulings": [{"date": "2017-04-17", "text": "Vial Smasher the Fierce is banned as a commander in Duel Commander format, but it may be part of your deck."}, {"date": "2020-11-10", "text": "An effect that checks whether you control your commander is satisfied if you control one or both of your two commanders."}, {"date": "2020-11-10", "text": "Both commanders start in the command zone, and the remaining 98 cards (or 58 cards in a Commander Draft game) of your deck are shuffled to become your library."}, {"date": "2020-11-10", "text": "For spells with {X} in their mana costs, use the value chosen for X to determine the spell's mana value."}, {"date": "2020-11-10", "text": "If something refers to your commander while you have two commanders, it refers to one of them of your choice. If you are instructed to perform an action on your commander (e.g. put it from the command zone into your hand due to Command Beacon), you choose one of your commanders at the time the effect happens."}, {"date": "2020-11-10", "text": "If your Commander deck has two commanders, you can only include cards whose own color identities are also found in your commanders' combined color identities. If Falthis and Kediss are your commanders, your deck may contain cards with black and/or red in their color identity, but not cards with green, white, or blue."}, {"date": "2020-11-10", "text": "Once the game begins, your two commanders are tracked separately. If you cast one, you won't have to pay an additional {2} the first time you cast the other. A player loses the game after having been dealt 21 damage from any one of them, not from both of them combined."}, {"date": "2020-11-10", "text": "The opponent to be dealt damage is chosen at random while the triggered ability is resolving. After that opponent is chosen, you choose whether damage will be dealt to that player or to a planeswalker they control, and if so, which planeswalker. No player may take any actions between the damage recipient being chosen and the damage being dealt."}, {"date": "2020-11-10", "text": "To have two commanders, both must have the partner ability as the game begins. Losing the ability during the game doesn't cause either to cease to be your commander."}, {"date": "2020-11-10", "text": "Vial Smasher has to be on the battlefield at the moment you cast your first spell. If that spell causes Vial Smasher to leave the battlefield as an additional cost to cast it, Vial Smasher's ability can't trigger. If that spell is Vial Smasher itself, Vial Smasher's ability can't trigger."}, {"date": "2020-11-10", "text": "Vial Smasher's triggered ability resolves before the spell that caused it to trigger. If Vial Smasher's ability resolves and the spell that caused it to trigger has been countered, use that spell's mana value as it last existed on the stack to determine how much damage is dealt."}, {"date": "2020-11-10", "text": "Vial Smasher's triggered ability triggers when you cast your first spell each turn, regardless of whose turn it is."}, {"date": "2020-11-10", "text": "You can choose two commanders with partner that are the same color or colors. In Commander Draft, you can even choose two of the same commander with partner if you drafted them. If you do this, make sure you keep the number of times you've cast each from the command zone clear for \"commander tax\" purposes."}], "securityStamp": "oval", "setCode": "SLD", "sourceProducts": {"foil": ["009a4c37-55e9-5f2c-b06e-ea5d6314a0f8"], "nonfoil": ["59b65bce-37f9-552a-a63e-91d4c4c9662f"]}, "subsets": ["Keep Partying Hard, Shred Harder Than You Previously Thought Possible"], "subtypes": ["Goblin", "Berserker"], "supertypes": ["Legendary"], "text": "Whenever you cast your first spell each turn, choose an opponent at random. Vial Smasher the Fierce deals damage equal to that spell's mana value to that player or a planeswalker that player controls.\nPartner (You can have two commanders if both have partner.)", "toughness": "3", "type": "Legendary Creature — Goblin Berserker", "types": ["Creature"], "uuid": "663b1f77-4248-5b08-9c31-c68bfd88138d"}], "name": "Keep Partying Hard Shred Harder Than You Previously Thought Possible foil", "releaseDate": "2023-08-29", "sealedProductUuids": null, "sideBoard": [], "type": "Secret Lair Drop"}}