{"meta": {"date": "2024-09-03", "version": "5.2.2+20240903"}, "data": {"code": "8ED", "commander": [], "mainBoard": [{"artist": "Heather Hudson", "artistIds": ["4441fe52-9e41-40c1-9b74-8510426279ab"], "availability": ["mtgo", "paper"], "boosterTypes": ["default"], "borderColor": "white", "colorIdentity": ["W"], "colors": ["W"], "convertedManaCost": 1.0, "count": 2, "edhrecRank": 16628, "edhrecSaltiness": 0.1, "finishes": ["nonfoil"], "flavorText": "Its eye the glaring sun, its cry the keening wind.", "foreignData": [{"flavorText": "Sein Auge ist wie die brennende Sonne, sein Ruf wie der scharfe Wind.", "identifiers": {"multiverseId": "162664", "scryfallId": "706f0c66-8e5a-4158-8166-bd05ce269e87"}, "language": "German", "multiverseId": 162664, "name": "Sonnenschwanz-Falke", "text": "Fliegend (Diese Kreatur kann nur von fliegenden Kreaturen geblockt werden.)", "type": "Kreatur — Vogel"}, {"flavorText": "Su ojo es el sol deslumbrador, su grito es el viento cortante.", "identifiers": {"multiverseId": "165301", "scryfallId": "f6c2b421-14d9-4f1f-a0b4-c351f7c80ff1"}, "language": "Spanish", "multiverseId": 165301, "name": "Halcón colasol", "text": "Vuela. (Esta criatura no puede ser bloqueada excepto por criaturas que tengan la habilidad de volar.)", "type": "Criatura — Ave"}, {"flavorText": "Son regard a la radiance du soleil ; son cri, l'intensité du vent.", "identifiers": {"multiverseId": "163021", "scryfallId": "b68912cb-2cd6-4d61-9473-160b41a5411b"}, "language": "French", "multiverseId": 163021, "name": "Faucon mordoré", "text": "Vol (Cette créature ne peut être bloquée que par des créatures avec le vol.)", "type": "Créature : oiseau"}, {"flavorText": "Il suo occhio è il sole abbagliante, il suo grido è il vento tagliente.", "identifiers": {"multiverseId": "164944", "scryfallId": "8bfd52b1-0264-43ea-a171-4fe329af129d"}, "language": "Italian", "multiverseId": 164944, "name": "Falco Astrocoda", "text": "Volare (Questa creatura non può essere bloccata tranne che da creature con volare.)", "type": "Creatura — Uccello"}, {"identifiers": {"scryfallId": "6386cf18-d546-4e44-9581-3dc69c93ceb0"}, "language": "Japanese", "name": "陽光尾の鷹"}, {"flavorText": "Seu olho, o sol fulgurante; seu grito, o vento penetrante.", "identifiers": {"multiverseId": "165658", "scryfallId": "2172ffbb-24c2-43d9-b72f-91b1905ecf28"}, "language": "Portuguese (Brazil)", "multiverseId": 165658, "name": "Falcão da Cauda Solar", "text": "Voar (Esta criatura só pode ser bloqueada por criaturas com a habilidade de voar.)", "type": "Criatura — Ave"}], "frameVersion": "2003", "hasFoil": false, "hasNonFoil": true, "identifiers": {"cardsphereFoilId": "3243", "cardsphereId": "3244", "mcmId": "687", "mcmMetaId": "5720", "mtgjsonV4Id": "29d82cba-9ed2-54b3-ace8-782958200a12", "mtgoFoilId": "19506", "mtgoId": "19505", "multiverseId": "45189", "scryfallCardBackId": "0aeebaf5-8c7d-4636-9e82-8c27447861f7", "scryfallId": "69414b6a-421e-4895-9262-d3097078fb12", "scryfallIllustrationId": "f0a01511-ee22-497d-8ba9-40d10bbd827a", "scryfallOracleId": "a8d31e2f-7b2e-4135-8074-9e6ef778bd80", "tcgplayerProductId": "11011"}, "isFoil": false, "isReprint": true, "keywords": ["Flying"], "language": "English", "layout": "normal", "legalities": {"commander": "Legal", "duel": "Legal", "legacy": "Legal", "modern": "Legal", "oathbreaker": "Legal", "pauper": "Legal", "paupercommander": "Legal", "penny": "Legal", "pioneer": "Legal", "predh": "Legal", "premodern": "Legal", "vintage": "Legal"}, "manaCost": "{W}", "manaValue": 1.0, "name": "Suntail Hawk", "number": "51", "originalText": "Flying (This creature can't be blocked except by creatures with flying.)", "originalType": "Creature - Bird", "power": "1", "printings": ["10E", "8ED", "9ED", "JUD", "M14", "PS11"], "purchaseUrls": {"cardmarket": "https://mtgjson.com/links/df2a46c6be73a953", "tcgplayer": "https://mtgjson.com/links/fc3e66a20f677018"}, "rarity": "common", "setCode": "8ED", "sourceProducts": {"nonfoil": ["b9faa8ee-eaaa-54ab-94cc-56e664d6ad90", "c8dfa84a-38d1-5fcd-bab4-ed0050d81559"]}, "subtypes": ["Bird"], "supertypes": [], "text": "Flying", "toughness": "1", "type": "Creature — Bird", "types": ["Creature"], "uuid": "4592ffa0-23f7-5daf-a584-9bff5bfbe96c", "variations": ["07624a09-5464-51be-b0b2-cef2d231b37d"]}, {"artist": "Richard Sardinha", "artistIds": ["a3cce4f0-fbf5-4883-aac7-fb28b993b132"], "availability": ["mtgo", "paper"], "boosterTypes": ["default"], "borderColor": "white", "colorIdentity": ["W"], "colors": ["W"], "convertedManaCost": 1.0, "count": 2, "edhrecRank": 17790, "edhrecSaltiness": 0.33, "finishes": ["nonfoil"], "flavorText": "\"I heard their eerie howling, the wolves calling their kindred across the frozen plains.\"\n—Onean scout", "foreignData": [{"flavorText": "„Ich hörte ein unheimliches Heulen, die Wölfe versammelten ihre Rudel auf den gefrorenen Ebenen.\" —Oneanischer Späher", "identifiers": {"multiverseId": "162667", "scryfallId": "d7950877-6288-42ae-aae7-625d2073b90e"}, "language": "German", "multiverseId": 162667, "name": "Tundrawölfe", "text": "Erstschlag (Diese Kreatur fügt Kampfschaden vor Kreaturen ohne Erstschlag zu.)", "type": "Kreatur — Wolf"}, {"flavorText": "\"Oí sus aullidos espectrales, los lobos llamando a sus parientes a través de las praderas congeladas\". —Explorador oneano", "identifiers": {"multiverseId": "165304", "scryfallId": "27195d83-87c0-465d-9332-d4db4bf1079d"}, "language": "Spanish", "multiverseId": 165304, "name": "Lobos de la tundra", "text": "Daña primero. (Esta criatura hace daño de combate antes que las criaturas sin la habilidad de dañar primero.)", "type": "Criatura — Lobo"}, {"flavorText": "« J'entendis alors leur hurlement lugubre ; les loups appelaient leurs frères sur la plaine glacée. » — Un éclaireur onéan.", "identifiers": {"multiverseId": "163024", "scryfallId": "702f22ce-8ffa-4e28-bcd2-8b4e40ae5be9"}, "language": "French", "multiverseId": 163024, "name": "Loups de la toundra", "text": "Initiative (Cette créature inflige des blessures de combat avant les créatures sans l'initiative.)", "type": "Créature : loup"}, {"flavorText": "\"Ho udito il loro ululato sovrannaturale, i lupi che chiamavano i propri simili attraverso le pianure gelate\". —scout Oneano", "identifiers": {"multiverseId": "164947", "scryfallId": "c4c2a0a1-ee7f-4a3b-97f5-0f54c8f5d50b"}, "language": "Italian", "multiverseId": 164947, "name": "Lupi della Tundra", "text": "Attacco improvviso (Questa creatura infligge il danno da combattimento prima delle creature senza attacco improvviso.)", "type": "Creatura — Lupo"}, {"identifiers": {"scryfallId": "00e149e3-ee9f-4c7e-b6c1-1d316e47fd95"}, "language": "Japanese", "name": "ツンドラ狼"}, {"flavorText": "\"Eu ouço seus uivos lúgubres, os lobos chamam sua família por toda a planície congelada.\" — Batedor de Oneah", "identifiers": {"multiverseId": "165661", "scryfallId": "0b26bf48-7a7b-418f-a564-4827b581f7d4"}, "language": "Portuguese (Brazil)", "multiverseId": 165661, "name": "Lobos da Tundra", "text": "Iniciativa (Esta criatura causa dano de combate antes de criaturas sem a habilidade de iniciativa.)", "type": "Criatura — Lobo"}], "frameVersion": "2003", "hasFoil": false, "hasNonFoil": true, "identifiers": {"cardsphereFoilId": "3283", "cardsphereId": "3284", "mcmId": "690", "mcmMetaId": "6182", "mtgjsonV4Id": "ca372c03-67b9-5f84-b963-c0062e0c17e3", "mtgoFoilId": "19542", "mtgoId": "19541", "multiverseId": "45167", "scryfallCardBackId": "0aeebaf5-8c7d-4636-9e82-8c27447861f7", "scryfallId": "030d414a-5155-41cc-8b01-07d297254d1c", "scryfallIllustrationId": "e1fa953e-d15a-499d-9434-4fe74fb6e265", "scryfallOracleId": "2155864e-5788-4e72-a800-e2cf25cf59a7", "tcgplayerProductId": "11014"}, "isFoil": false, "isReprint": true, "keywords": ["First strike"], "language": "English", "layout": "normal", "legalities": {"commander": "Legal", "duel": "Legal", "legacy": "Legal", "modern": "Legal", "oathbreaker": "Legal", "pauper": "Legal", "paupercommander": "Legal", "predh": "Legal", "premodern": "Legal", "vintage": "Legal"}, "manaCost": "{W}", "manaValue": 1.0, "name": "Tundra Wolves", "number": "54", "originalText": "First strike (This creature deals combat damage before creatures without first strike.)", "originalType": "Creature - Wolf", "power": "1", "printings": ["10E", "4BB", "4ED", "5ED", "6ED", "8ED", "LEG", "PS11", "REN"], "purchaseUrls": {"cardmarket": "https://mtgjson.com/links/8cead8b1e70be345", "tcgplayer": "https://mtgjson.com/links/681cf5e872a2328f"}, "rarity": "common", "setCode": "8ED", "sourceProducts": {"nonfoil": ["b9faa8ee-eaaa-54ab-94cc-56e664d6ad90", "c8dfa84a-38d1-5fcd-bab4-ed0050d81559"]}, "subtypes": ["Wolf"], "supertypes": [], "text": "First strike (This creature deals combat damage before creatures without first strike.)", "toughness": "1", "type": "Creature — Wolf", "types": ["Creature"], "uuid": "376d2e38-7676-5584-9b82-7b0ee7c59a56", "variations": ["dd7bb79b-2f32-5673-ab36-97f45541fc50"]}, {"artist": "Marc Fishman", "artistIds": ["d50dd2c3-34ae-4eb1-8948-cb4b38d7e4b9"], "availability": ["mtgo", "paper"], "boosterTypes": ["default"], "borderColor": "white", "colorIdentity": ["W"], "colors": ["W"], "convertedManaCost": 2.0, "count": 2, "edhrecRank": 13382, "finishes": ["nonfoil"], "flavorText": "If only every message were as perfect as its bearer.", "foreignData": [{"flavorText": "Wenn nur jede Nachricht so gut wäre wie ihr Überbringer.", "identifiers": {"multiverseId": "162609", "scryfallId": "d18209b5-6af9-4734-b5e8-d40b78f7efe7"}, "language": "German", "multiverseId": 162609, "name": "Engelsgleicher Helfer", "text": "Fliegend (Diese Kreatur kann nur von fliegenden Kreaturen geblockt werden.)\n{T}: Eine angreifende oder blockende Kreatur deiner Wahl erhält +1/+1 bis zum Ende des Zuges.", "type": "Kreatur — Geist"}, {"flavorText": "Ojalá todo mensaje fuera tan perfecto como su mensajero.", "identifiers": {"multiverseId": "165247", "scryfallId": "2baa729b-ed75-42f0-a8b8-c23402df00f7"}, "language": "Spanish", "multiverseId": 165247, "name": "Paje angélico", "text": "Vuela. (Esta criatura no puede ser bloqueada excepto por criaturas que tengan la habilidad de volar.)\n{T}: La criatura atacante o bloqueadora objetivo obtiene +1/+1 hasta el final del turno.", "type": "Criatura — Espíritu"}, {"flavorText": "Si seulement chaque message était aussi beau, aussi pur, que son porteur.", "identifiers": {"multiverseId": "162967", "scryfallId": "b0047f1b-981b-4789-b48b-3f61a9abe64a"}, "language": "French", "multiverseId": 162967, "name": "Page angélique", "text": "Vol (Cette créature ne peut être bloquée que par des créatures avec le vol.)\n{T} : La créature attaquante ou bloqueuse ciblée gagne +1/+1 jusqu'à la fin du tour.", "type": "Créature : esprit"}, {"flavorText": "Se solo tutti i messaggi fossero perfetti come i loro messaggeri.", "identifiers": {"multiverseId": "164890", "scryfallId": "45b8e805-5939-46d7-9456-0452ea8b4851"}, "language": "Italian", "multiverseId": 164890, "name": "Paggio Angelico", "text": "Volare (Questa creatura non può essere bloccata tranne che da creature con volare.)\n{T}: La creatura bersaglio che sta attaccando o bloccando prende +1/+1 fino alla fine del turno.", "type": "Creatura — Spirito"}, {"identifiers": {"scryfallId": "aa0fc66a-d617-4be7-afd8-b1ffa8a3115e"}, "language": "Japanese", "name": "天使の従者"}, {"flavorText": "Se ao menos todas as mensagens fossem tão perfeitas quanto seus portadores.", "identifiers": {"multiverseId": "165604", "scryfallId": "5df1f941-211d-4d48-bcd6-a1040e84e9f6"}, "language": "Portuguese (Brazil)", "multiverseId": 165604, "name": "Pajem Angelical", "text": "Voar (Esta criatura só pode ser bloqueada por criaturas com a habilidade de voar.)\n{T}: A criatura alvo atacante ou bloqueadora recebe +1/+1 até o final do turno.", "type": "Criatura — Espírito"}], "frameVersion": "2003", "hasFoil": false, "hasNonFoil": true, "identifiers": {"cardsphereFoilId": "2661", "cardsphereId": "2662", "mcmId": "638", "mcmMetaId": "183", "mtgjsonV4Id": "ac562b42-57a3-5459-9c1a-6828f2ed47ff", "mtgoFoilId": "19266", "mtgoId": "19265", "multiverseId": "45172", "scryfallCardBackId": "0aeebaf5-8c7d-4636-9e82-8c27447861f7", "scryfallId": "c70a624f-3d5a-4519-8711-bd163da305c7", "scryfallIllustrationId": "79c6d915-b3d5-4707-9f91-6a28b39a58ce", "scryfallOracleId": "f7f76abc-8656-4e97-9b7f-7f89ca3e6d93", "tcgplayerProductId": "10962"}, "isFoil": false, "isReprint": true, "keywords": ["Flying"], "language": "English", "layout": "normal", "legalities": {"brawl": "Legal", "commander": "Legal", "duel": "Legal", "gladiator": "Legal", "historic": "Legal", "legacy": "Legal", "modern": "Legal", "oathbreaker": "Legal", "pauper": "Legal", "paupercommander": "Legal", "penny": "Legal", "predh": "Legal", "premodern": "Legal", "timeless": "Legal", "vintage": "Legal"}, "manaCost": "{1}{W}", "manaValue": 2.0, "name": "Angelic Page", "number": "2", "originalText": "Flying (This creature can't be blocked except by creatures with flying.)\n{T}: Target attacking or blocking creature gets +1/+1 until end of turn.", "originalType": "Creature - Spirit", "power": "1", "printings": ["7ED", "8ED", "A25", "BRB", "DDC", "DVD", "J22", "JMP", "PLST", "PSAL", "USG"], "purchaseUrls": {"cardmarket": "https://mtgjson.com/links/a20ede3b565c5b05", "tcgplayer": "https://mtgjson.com/links/aa90c84406e8984b"}, "rarity": "common", "setCode": "8ED", "sourceProducts": {"nonfoil": ["b9faa8ee-eaaa-54ab-94cc-56e664d6ad90", "c8dfa84a-38d1-5fcd-bab4-ed0050d81559"]}, "subtypes": ["Angel", "Spirit"], "supertypes": [], "text": "Flying\n{T}: Target attacking or blocking creature gets +1/+1 until end of turn.", "toughness": "1", "type": "Creature — Angel Spirit", "types": ["Creature"], "uuid": "f158a58f-02d6-534c-a1bc-6e221c4559a9", "variations": ["855a5041-b13f-55ca-a09b-dda777c77599"]}, {"artist": "James Bernardin", "artistIds": ["9b287d6b-17a3-4e6e-8221-5057166fd608"], "availability": ["mtgo", "paper"], "boosterTypes": ["default"], "borderColor": "white", "colorIdentity": ["W"], "colors": ["W"], "convertedManaCost": 2.0, "count": 2, "edhrecRank": 16092, "finishes": ["nonfoil"], "flavorText": "\"He can split a marshfly in two from halfway across the range.\"\n—Onean sergeant", "foreignData": [{"flavorText": "„Er kann über das halbe Schlachtfeld hinweg eine Sumpffliege in zwei Teile zerlegen.\" —Oneanischer Hauptmann", "identifiers": {"multiverseId": "162628", "scryfallId": "972a07f2-139a-4ea3-a7f9-3869c66d0d7b"}, "language": "German", "multiverseId": 162628, "name": "Armbrustträger", "text": "{T}: Der Armbrustträger fügt einer angreifenden oder blockenden Kreatur deiner Wahl 1 Schadenspunkt zu.", "type": "Kreatur — Soldat"}, {"flavorText": "\"Puede partir a una mosca del pantano en dos desde la mitad del campo de tiro.\"—Sargento oneano", "identifiers": {"multiverseId": "165265", "scryfallId": "291427be-8ad5-4471-aee4-c122b92b9a5c"}, "language": "Spanish", "multiverseId": 165265, "name": "Infantería de ballesta", "text": "{T}: La Infantería de ballesta hace 1 punto de daño a la criatura atacante o bloqueadora objetivo.", "type": "Criatura — Soldado"}, {"flavorText": "« Il peut couper en deux une mouche des marais qui traverse le champ de tir. » — Un sergent onéan", "identifiers": {"multiverseId": "162985", "scryfallId": "d4f6f7ad-86d6-454b-9cca-e6d4c27e3a5e"}, "language": "French", "multiverseId": 162985, "name": "Arbalétriers à pied", "text": "{T} : Ces Arbalétriers à pied infligent 1 blessure à la créature attaquante ou bloqueuse ciblée.", "type": "Créature : soldat"}, {"flavorText": "\"Può dividere in due una mosca delle paludi anche alla massima distanza.\" —Sergente oneano", "identifiers": {"multiverseId": "164908", "scryfallId": "d9641cf5-d919-4dd2-84ee-57279e2b3799"}, "language": "Italian", "multiverseId": 164908, "name": "Fante Balestriere", "text": "{T}: Il Fante Balestriere infligge 1 danno a una creatura bersaglio che sta attaccando o bloccando.", "type": "Creatura — Soldato"}, {"identifiers": {"scryfallId": "9a8a02c9-ec98-4710-8ae4-795177a9895f"}, "language": "Japanese", "name": "弩弓歩兵"}, {"flavorText": "\"Ele é capaz de partir uma mosca ao meio, na metade do alcance.\" — Sargento de Oneah", "identifiers": {"multiverseId": "165622", "scryfallId": "a8be021d-7f8e-4e6a-98e1-4d1a36272807"}, "language": "Portuguese (Brazil)", "multiverseId": 165622, "name": "Infantaria com Balista", "text": "{T}: Infantaria com Balista causa 1 ponto de dano à criatura alvo atacante ou bloqueadora.", "type": "Criatura — Soldado"}], "frameVersion": "2003", "hasFoil": false, "hasNonFoil": true, "identifiers": {"cardsphereFoilId": "2759", "cardsphereId": "2760", "mcmId": "651", "mcmMetaId": "1206", "mtgjsonV4Id": "f9b4e5b4-6c21-58fa-808b-9d39bb028826", "mtgoFoilId": "19306", "mtgoId": "19305", "multiverseId": "45171", "scryfallCardBackId": "0aeebaf5-8c7d-4636-9e82-8c27447861f7", "scryfallId": "0d47101c-ead0-42a6-b37b-0e5d294959c9", "scryfallIllustrationId": "d6e61d32-faf1-4979-95f2-989ddaa574d0", "scryfallOracleId": "dd99d791-3305-4195-ad12-96d958a28764", "tcgplayerProductId": "10975"}, "isFoil": false, "isReprint": true, "language": "English", "layout": "normal", "legalities": {"commander": "Legal", "duel": "Legal", "legacy": "Legal", "modern": "Legal", "oathbreaker": "Legal", "pauper": "Legal", "paupercommander": "Legal", "penny": "Legal", "predh": "Legal", "premodern": "Legal", "vintage": "Legal"}, "manaCost": "{1}{W}", "manaValue": 2.0, "name": "Crossbow Infantry", "number": "15", "originalText": "{T}: Crossbow Infantry deals 1 damage to target attacking or blocking creature.", "originalType": "Creature - Soldier", "power": "1", "printings": ["7ED", "8ED", "9ED", "MMQ", "PLST"], "purchaseUrls": {"cardmarket": "https://mtgjson.com/links/06f7c12be3493267", "tcgplayer": "https://mtgjson.com/links/a33b670e96746c21"}, "rarity": "common", "setCode": "8ED", "sourceProducts": {"nonfoil": ["b9faa8ee-eaaa-54ab-94cc-56e664d6ad90", "c8dfa84a-38d1-5fcd-bab4-ed0050d81559"]}, "subtypes": ["Human", "Soldier", "Archer"], "supertypes": [], "text": "{T}: Crossbow Infantry deals 1 damage to target attacking or blocking creature.", "toughness": "1", "type": "Creature — Human Soldier Archer", "types": ["Creature"], "uuid": "8c15f862-30f3-577b-b6a0-fe9e999b0da9", "variations": ["4e6543b3-731b-5f61-a9f2-e5176d228787"]}, {"artist": "D. Alexander Gregory", "artistIds": ["38433e15-f0f5-4223-a985-2d13c4aa0922"], "availability": ["mtgo", "paper"], "boosterTypes": ["default"], "borderColor": "white", "colorIdentity": ["W"], "colors": ["W"], "convertedManaCost": 3.0, "count": 3, "edhrecRank": 23927, "finishes": ["nonfoil"], "flavorText": "Age wears the flesh but galvanizes the soul.", "foreignData": [{"flavorText": "Zeit heilt Wunden, verwandelt sie aber gleichzeitig in Runzeln.", "identifiers": {"multiverseId": "162668", "scryfallId": "5bd45471-a24e-4042-bf94-13a6d6c6528e"}, "language": "German", "multiverseId": 162668, "name": "Ehrwürdiger Mönch", "text": "Wenn der Ehrwürdige Mönch ins Spiel kommt, erhältst du 2 Lebenspunkte dazu.", "type": "Kreatur — Kleriker"}, {"flavorText": "La edad desgasta el cuerpo pero exalta el alma.", "identifiers": {"multiverseId": "165305", "scryfallId": "f4088b7a-f546-4572-b39a-a782621cda42"}, "language": "Spanish", "multiverseId": 165305, "name": "Monje venerable", "text": "Cuando el Monje venerable entre en juego, gana 2 vidas.", "type": "Criatura — Clérigo"}, {"flavorText": "L'âge use la chair, mais renforce l'âme.", "identifiers": {"multiverseId": "163025", "scryfallId": "c29c50f5-017a-4dfc-89e2-4eef8108d9e3"}, "language": "French", "multiverseId": 163025, "name": "Moine vénérable", "text": "Quand le Moine vénérable arrive en jeu, vous gagnez 2 points de vie.", "type": "Créature : clerc"}, {"flavorText": "L'età consuma la carne ma galvanizza l'anima.", "identifiers": {"multiverseId": "164948", "scryfallId": "bb4d3c96-7f0c-4432-a178-bf35362a8065"}, "language": "Italian", "multiverseId": 164948, "name": "Monaco Venerabile", "text": "Quando il Monaco Venerabile entra in gioco, guadagni 2 punti vita.", "type": "Creatura — Chierico"}, {"identifiers": {"scryfallId": "aff1665e-74dc-4d95-a5be-326913623d3a"}, "language": "Japanese", "name": "ありがたい老修道士"}, {"flavorText": "A idade desgasta a carne mas fortalece a alma.", "identifiers": {"multiverseId": "165662", "scryfallId": "e3ebd15f-3b7e-4c49-95ee-a78597b74feb"}, "language": "Portuguese (Brazil)", "multiverseId": 165662, "name": "Monge Venerável", "text": "Quando Monge Venerável entra em jogo, você ganha 2 pontos de vida.", "type": "Criatura — Clérigo"}], "frameVersion": "2003", "hasFoil": false, "hasNonFoil": true, "identifiers": {"cardsphereFoilId": "3307", "cardsphereId": "3308", "mcmId": "691", "mcmMetaId": "6311", "mtgjsonV4Id": "fb939b20-24a1-51ed-b1e4-7b366f9c2d03", "mtgoFoilId": "19072", "mtgoId": "19071", "multiverseId": "45175", "scryfallCardBackId": "0aeebaf5-8c7d-4636-9e82-8c27447861f7", "scryfallId": "bb78fad6-71d8-49a2-8e32-34675aaec796", "scryfallIllustrationId": "82e48d71-581f-4f4b-a006-910de15f1171", "scryfallOracleId": "5c5cfa6d-857f-44a9-80f7-46f016ef71e4", "tcgplayerProductId": "11015"}, "isFoil": false, "isReprint": true, "language": "English", "layout": "normal", "legalities": {"commander": "Legal", "duel": "Legal", "legacy": "Legal", "modern": "Legal", "oathbreaker": "Legal", "pauper": "Legal", "paupercommander": "Legal", "penny": "Legal", "predh": "Legal", "premodern": "Legal", "vintage": "Legal"}, "manaCost": "{2}{W}", "manaValue": 3.0, "name": "Venerable Monk", "number": "55", "originalText": "When Venerable Monk comes into play, you gain 2 life.", "originalType": "Creature - Cleric", "power": "2", "printings": ["10E", "6ED", "7ED", "8ED", "9ED", "DDC", "DVD", "POR", "PS11", "S99", "STH"], "purchaseUrls": {"cardmarket": "https://mtgjson.com/links/28aaa053f0e67e49", "tcgplayer": "https://mtgjson.com/links/ec2981d8cbeaabef"}, "rarity": "common", "setCode": "8ED", "sourceProducts": {"nonfoil": ["b9faa8ee-eaaa-54ab-94cc-56e664d6ad90", "c8dfa84a-38d1-5fcd-bab4-ed0050d81559"]}, "subtypes": ["Human", "Monk", "Cleric"], "supertypes": [], "text": "When Venerable Monk enters, you gain 2 life.", "toughness": "2", "type": "Creature — Human Monk Cleric", "types": ["Creature"], "uuid": "b2d651ef-4080-5a14-bc85-753afbe19586", "variations": ["af029109-1261-5377-91ed-5d0ea2be15c1"]}, {"artist": "John Howe", "artistIds": ["040fab39-e3db-4d09-9b2d-214a4e40c6fa"], "availability": ["mtgo", "paper"], "boosterTypes": ["default"], "borderColor": "white", "colorIdentity": ["W"], "colors": ["W"], "convertedManaCost": 3.0, "count": 1, "edhrecRank": 16992, "finishes": ["nonfoil"], "flavorText": "To outrace the griffin\n—Kipamu expression meaning \"to do the impossible\"", "foreignData": [{"flavorText": "Dem Greifen entfliehen —Kipamu-Redewendung für „etwas unmögliches tun\"", "identifiers": {"multiverseId": "162630", "scryfallId": "b3779c68-c405-4832-a291-65aeda961fcd"}, "language": "German", "multiverseId": 162630, "name": "Herabstoßender Greif", "text": "Fliegend (Diese Kreatur kann nur von fliegenden Kreaturen geblockt werden.)\nDer Herabstoßende Greif wird beim Angreifen nicht getappt.", "type": "Kreatur — Greif"}, {"flavorText": "Ser más veloz que el grifo Expresión kípamu que significa \"hacer lo imposible\"", "identifiers": {"multiverseId": "165267", "scryfallId": "13a1153e-18b6-4177-b4d4-49293bdb71e5"}, "language": "Spanish", "multiverseId": 165267, "name": "Grifo en picada", "text": "Vuela. (Esta criatura no puede ser bloqueada excepto por criaturas que tengan la habilidad de volar.)\nEl Grifo en picada no se gira al atacar.", "type": "Criatura — Grifo"}, {"flavorText": "Aller plus vite que le griffon — Expression kipamue signifiant « Réussir l'impossible »", "identifiers": {"multiverseId": "162987", "scryfallId": "85993da5-b8be-43de-aa1e-7aeab3ac6063"}, "language": "French", "multiverseId": 162987, "name": "Griffon plongeur", "text": "Vol (Cette créature ne peut être bloquée que par des créatures avec le vol.)\nAttaquer avec ce Griffon plongeur ne le fait pas s'engager.", "type": "Créature : griffon"}, {"flavorText": "Seminare il grifone —espressione di Tolaria che significa \"fare l'impossibile\"", "identifiers": {"multiverseId": "164910", "scryfallId": "34e11fa0-f35b-4bc0-8104-64ffc1671777"}, "language": "Italian", "multiverseId": 164910, "name": "Grifone in Picchiata", "text": "Volare (Questa creatura non può essere bloccata tranne che da creature con volare.)\nIl Grifone in Picchiata attacca senza TAPpare.", "type": "Creatura — Grifone"}, {"identifiers": {"scryfallId": "ec118b88-cf42-4496-9bf7-81c78fcb1059"}, "language": "Japanese", "name": "急降下するグリフィン"}, {"flavorText": "Correr mais que o grifo — Expressão de Kipamu que significa \"fazer o impossível\"", "identifiers": {"multiverseId": "165624", "scryfallId": "84079184-1e5b-4af3-8750-8a458d3eade6"}, "language": "Portuguese (Brazil)", "multiverseId": 165624, "name": "Grifo Mergulhador", "text": "Voar (Esta criatura só pode ser bloqueada por criaturas com a habilidade de voar.)\nGrifo Mergulhador não é virado para atacar.", "type": "Criatura — Grifo"}], "frameVersion": "2003", "hasFoil": false, "hasNonFoil": true, "identifiers": {"cardsphereFoilId": "2795", "cardsphereId": "2796", "mcmId": "653", "mcmMetaId": "1541", "mtgjsonV4Id": "09305d6f-8f4c-5e48-9c28-71ba55163d5f", "mtgoFoilId": "19230", "mtgoId": "19229", "multiverseId": "45176", "scryfallCardBackId": "0aeebaf5-8c7d-4636-9e82-8c27447861f7", "scryfallId": "bfeb0854-87e7-4236-9791-8fe601704200", "scryfallIllustrationId": "e125ae1d-c667-4df1-8b68-a83de4ec273e", "scryfallOracleId": "8785f9b4-eea2-4b45-9ae4-194b9a715702", "tcgplayerProductId": "10977"}, "isFoil": false, "isReprint": true, "keywords": ["Flying", "Vigilance"], "language": "English", "layout": "normal", "legalities": {"commander": "Legal", "duel": "Legal", "legacy": "Legal", "modern": "Legal", "oathbreaker": "Legal", "pauper": "Legal", "paupercommander": "Legal", "penny": "Legal", "predh": "Legal", "premodern": "Legal", "vintage": "Legal"}, "manaCost": "{1}{W}{W}", "manaValue": 3.0, "name": "Diving Griffin", "number": "17", "originalText": "Flying (This creature can't be blocked except by creatures with flying.)\nAttacking doesn't cause Diving Griffin to tap.", "originalType": "Creature - Griffin", "power": "2", "printings": ["8ED", "PCY"], "purchaseUrls": {"cardmarket": "https://mtgjson.com/links/7eadcef7d966bc7e", "tcgplayer": "https://mtgjson.com/links/2835d9e462d2bff2"}, "rarity": "common", "setCode": "8ED", "sourceProducts": {"nonfoil": ["b9faa8ee-eaaa-54ab-94cc-56e664d6ad90", "c8dfa84a-38d1-5fcd-bab4-ed0050d81559"]}, "subtypes": ["Griffin"], "supertypes": [], "text": "Flying, vigilance", "toughness": "2", "type": "Creature — Griffin", "types": ["Creature"], "uuid": "6e187702-8381-5a7d-88c0-225ab85e5661", "variations": ["c450e020-dda4-59d0-a22e-c01549099ac6"]}, {"artist": "Matthew D. Wilson", "artistIds": ["4fbafd13-0cf9-42a1-870d-7f8ea276f140"], "availability": ["mtgo", "paper"], "boosterTypes": ["default"], "borderColor": "white", "colorIdentity": ["W"], "colors": ["W"], "convertedManaCost": 4.0, "count": 1, "edhrecRank": 25188, "edhrecSaltiness": 0.27, "finishes": ["nonfoil"], "flavorText": "She reads the battlefield like a map, always seeking the shortest route to victory.", "foreignData": [{"flavorText": "Sie liest das Schlachtfeld wie eine Landkarte, immer nach dem kürzesten Weg zum Sieg suchend.", "identifiers": {"multiverseId": "162657", "scryfallId": "f1a6aded-a56d-4583-af57-991c502ebbeb"}, "language": "German", "multiverseId": 162657, "name": "Erfahrener Marschall", "text": "Immer wenn der Erfahrene Marschall angreift, kannst du eine Kreatur deiner Wahl tappen.", "type": "Kreatur — Soldat"}, {"flavorText": "Ella lee el campo de batalla como un mapa, siempre buscando la ruta más corta hacia la victoria.", "identifiers": {"multiverseId": "165294", "scryfallId": "41907ab3-7479-4cb8-9f53-be058974d316"}, "language": "Spanish", "multiverseId": 165294, "name": "Mariscal experimentado", "text": "Siempre que el Mariscal experimentado ataque, puedes girar la criatura objetivo.", "type": "Criatura — Soldado"}, {"flavorText": "Les maréchaux sont prompts à créer des boulevards pour leurs armées.", "identifiers": {"multiverseId": "163014", "scryfallId": "4cc0afb7-a1b1-4b8d-8c9b-21326a107100"}, "language": "French", "multiverseId": 163014, "name": "Maréchale aguerrie", "text": "À chaque fois que la Maréchale aguerrie attaque, vous pouvez engager une créature ciblée.", "type": "Créature : soldat"}, {"flavorText": "Legge il campo di battaglia come una mappa, sempre alla ricerca della strada più breve per la vittoria.", "identifiers": {"multiverseId": "164937", "scryfallId": "f93042c0-37f1-4e23-9ec2-305a61b06b72"}, "language": "Italian", "multiverseId": 164937, "name": "Maresciallo Veterano", "text": "Ogniqualvolta il Maresciallo Veterano attacca, puoi TAPpare una creatura bersaglio.", "type": "Creatura — Soldato"}, {"identifiers": {"scryfallId": "7da629ec-0b46-4a06-9abb-55f72e3ca932"}, "language": "Japanese", "name": "歴戦の司令官"}, {"flavorText": "Ela avalia o campo de batalha como se fosse um mapa, procurando pelo caminho mais curto para a vitória.", "identifiers": {"multiverseId": "165651", "scryfallId": "ee168df3-9b3c-4643-a6dd-3ddfef31322e"}, "language": "Portuguese (Brazil)", "multiverseId": 165651, "name": "Marechal Experiente", "text": "Toda vez que Marechal Experiente atacar, você pode virar a criatura alvo.", "type": "Criatura — Soldado"}], "frameVersion": "2003", "hasFoil": false, "hasNonFoil": true, "identifiers": {"cardsphereFoilId": "3174", "cardsphereId": "3175", "mcmId": "680", "mcmMetaId": "5022", "mtgjsonV4Id": "bd04afe1-29d1-56d7-821d-3557be3e62ee", "mtgoFoilId": "19112", "mtgoId": "19111", "multiverseId": "45193", "scryfallCardBackId": "0aeebaf5-8c7d-4636-9e82-8c27447861f7", "scryfallId": "80ae1da2-f752-481c-a0e8-3c73f6b4ccbe", "scryfallIllustrationId": "6de97d5e-bc2a-44da-89c5-990aabdb253d", "scryfallOracleId": "0c7239bf-dc8a-4d79-867e-7a4225568c49", "tcgplayerProductId": "11004"}, "isFoil": false, "isReprint": true, "language": "English", "layout": "normal", "legalities": {"commander": "Legal", "duel": "Legal", "legacy": "Legal", "modern": "Legal", "oathbreaker": "Legal", "paupercommander": "Restricted", "penny": "Legal", "predh": "Legal", "premodern": "Legal", "vintage": "Legal"}, "manaCost": "{2}{W}{W}", "manaValue": 4.0, "name": "Seasoned Marshal", "number": "44", "originalText": "Whenever Seasoned Marshal attacks, you may tap target creature.", "originalType": "Creature - Soldier", "power": "2", "printings": ["7ED", "8ED", "9ED", "BRB", "DDF", "POR", "USG"], "purchaseUrls": {"cardmarket": "https://mtgjson.com/links/ae1f180b43499199", "tcgplayer": "https://mtgjson.com/links/26f20374a103601b"}, "rarity": "uncommon", "rulings": [{"date": "2004-10-04", "text": "Can target an already tapped creature if you want."}], "setCode": "8ED", "sourceProducts": {"nonfoil": ["b9faa8ee-eaaa-54ab-94cc-56e664d6ad90", "c8dfa84a-38d1-5fcd-bab4-ed0050d81559"]}, "subtypes": ["Human", "Soldier"], "supertypes": [], "text": "Whenever Seasoned Marshal attacks, you may tap target creature.", "toughness": "2", "type": "Creature — Human Soldier", "types": ["Creature"], "uuid": "c353d8c6-6c90-54c6-8e96-3d43fac212ba", "variations": ["cb412893-7e48-57f8-bf21-024c123068fd"]}, {"artist": "Melissa A. Benson", "artistIds": ["9ade7727-1436-4828-9a1d-487c3d2ad1d9"], "availability": ["mtgo", "paper"], "boosterTypes": ["default"], "borderColor": "white", "colorIdentity": ["W"], "colors": ["W"], "convertedManaCost": 5.0, "count": 2, "edhrecRank": 17983, "edhrecSaltiness": 0.36, "finishes": ["nonfoil"], "flavorText": "A song of life soars over fields of blood.", "foreignData": [{"flavorText": "Ein Lied des Lebens erhebt sich über den blutgetränkten Schlachtfeldern.", "identifiers": {"multiverseId": "162607", "scryfallId": "55b30b9e-e648-4e5a-9ba5-5eeeed775412"}, "language": "German", "multiverseId": 162607, "name": "Engel der Gnade", "text": "Fliegend (Diese Kreatur kann nur von fliegenden Kreaturen geblockt werden.)\nWenn der Engel der Gnade ins Spiel kommt, erhältst du 3 Lebenspunkte dazu.", "type": "Kreatur — Engel"}, {"flavorText": "Una canción de vida vuela sobre los campos de sangre.", "identifiers": {"multiverseId": "165245", "scryfallId": "8690dacb-4093-4053-b4ef-3ee7855bf1b1"}, "language": "Spanish", "multiverseId": 165245, "name": "Ángel de piedad", "text": "Vuela. (Esta criatura no puede ser bloqueada excepto por criaturas que tengan la habilidad de volar.)Cuando el Ángel de piedad entre en juego, gana 3 vidas.", "type": "Criatura — Ángel"}, {"flavorText": "Un hymne à la vie planant au-dessus de cultures de sang.", "identifiers": {"multiverseId": "162965", "scryfallId": "c0d3e1df-0a57-4013-b352-364c0057b569"}, "language": "French", "multiverseId": 162965, "name": "Ange de miséricorde", "text": "Vol (Cette créature ne peut être bloquée que par des créatures avec le vol.)\nQuand l'Ange de miséricorde arrive en jeu, vous gagnez 3 points de vie.", "type": "Créature : ange"}, {"flavorText": "Una canzone di vita sorvola campi di sangue.", "identifiers": {"multiverseId": "164888", "scryfallId": "8944a15b-fc12-470b-a796-f7153b1890ae"}, "language": "Italian", "multiverseId": 164888, "name": "Angelo della Misericordia", "text": "Volare (Questa creatura non può essere bloccata tranne che da creature con volare.)\nQuando l'Angelo della Misericordia entra in gioco, guadagni 3 punti vita.", "type": "Creatura — Angelo"}, {"identifiers": {"scryfallId": "b550f2eb-4e45-410d-88cb-8cee9acaacb4"}, "language": "Japanese", "name": "慈悲の天使"}, {"flavorText": "Uma canção de vida paira sobre campos de sangue.", "identifiers": {"multiverseId": "165602", "scryfallId": "ab560149-f048-48b2-8e03-42a1efa09962"}, "language": "Portuguese (Brazil)", "multiverseId": 165602, "name": "Anjo de Misericórdia", "text": "Voar (Esta criatura só pode ser bloqueada por criaturas com a habilidade de voar.)\nQuando Anjo de Misericórdia entra em jogo, você ganha 3 pontos de vida.", "type": "Criatura — Anjo"}], "frameVersion": "2003", "hasFoil": false, "hasNonFoil": true, "identifiers": {"cardsphereFoilId": "2659", "cardsphereId": "2660", "mcmId": "637", "mcmMetaId": "176", "mtgjsonV4Id": "4853ef43-f985-5c37-b61d-8c833a8bfee1", "mtgoFoilId": "19036", "mtgoId": "19035", "multiverseId": "45195", "scryfallCardBackId": "0aeebaf5-8c7d-4636-9e82-8c27447861f7", "scryfallId": "552cc36c-4d02-44ee-b36a-f58ff14c6f3d", "scryfallIllustrationId": "fff6302b-dc54-4f17-8160-63e7602a7624", "scryfallOracleId": "a2daaf32-dbfe-4618-892e-0da24f63a44a", "tcgplayerProductId": "10961"}, "isFoil": false, "isReprint": true, "keywords": ["Flying"], "language": "English", "layout": "normal", "legalities": {"brawl": "Legal", "commander": "Legal", "duel": "Legal", "gladiator": "Legal", "historic": "Legal", "legacy": "Legal", "modern": "Legal", "oathbreaker": "Legal", "pauper": "Legal", "paupercommander": "Legal", "penny": "Legal", "predh": "Legal", "premodern": "Legal", "timeless": "Legal", "vintage": "Legal"}, "manaCost": "{4}{W}", "manaValue": 5.0, "name": "Angel of Mercy", "number": "1", "originalText": "Flying (This creature can't be blocked except by creatures with flying.)\nWhen Angel of Mercy comes into play, you gain 3 life.", "originalType": "Creature - Angel", "power": "3", "printings": ["10E", "8ED", "9ED", "DDC", "DVD", "IMA", "INV", "JMP", "P02", "PLST", "PS11", "PSAL", "S99"], "purchaseUrls": {"cardmarket": "https://mtgjson.com/links/ff7eb9e5c95ca491", "tcgplayer": "https://mtgjson.com/links/876f903ed8484293"}, "rarity": "uncommon", "setCode": "8ED", "sourceProducts": {"nonfoil": ["b9faa8ee-eaaa-54ab-94cc-56e664d6ad90", "c8dfa84a-38d1-5fcd-bab4-ed0050d81559"]}, "subtypes": ["Angel"], "supertypes": [], "text": "Flying\nWhen Angel of Mercy enters, you gain 3 life.", "toughness": "3", "type": "Creature — Angel", "types": ["Creature"], "uuid": "fa5ac0d2-e14b-537f-bad8-53e0c473c3b3", "variations": ["ff3276f4-392f-5656-9b3e-eb5110287bb1"]}, {"artist": "Tristan Elwell", "artistIds": ["94764133-a3a6-4bc4-b29b-2b328d9657f6"], "availability": ["mtgo", "paper"], "boosterTypes": ["default"], "borderColor": "white", "colorIdentity": ["W"], "colors": ["W"], "convertedManaCost": 5.0, "count": 1, "edhrecRank": 26786, "finishes": ["nonfoil"], "flavorText": "The key to winning any fight is simply staying alive.", "foreignData": [{"flavorText": "Wenn man einen Kampf gewinnen will, muss man vor allem am Leben bleiben.", "identifiers": {"multiverseId": "162662", "scryfallId": "1cc1c82b-137a-4eba-b301-c4767eac8966"}, "language": "German", "multiverseId": 162662, "name": "Gestandene Verteidiger", "text": "Wenn die Gestandenen Verteidiger ins Spiel kommen, erhältst du 4 Lebenspunkte dazu.", "type": "Kreatur — Soldat"}, {"flavorText": "\"La clave para ganar cualquier batalla es sencillamente permanecer vivo.\"", "identifiers": {"multiverseId": "165299", "scryfallId": "9904ef8c-fb88-4c79-96a3-44298c6e2731"}, "language": "Spanish", "multiverseId": 165299, "name": "Defensores inquebrantables", "text": "Cuando los Defensores inquebrantables entren en juego, gana 4 vidas.", "type": "Criatura — Soldado"}, {"flavorText": "Pour vaincre, il faut rester vivant.", "identifiers": {"multiverseId": "163019", "scryfallId": "bd0d5364-cf15-43a8-9d87-34f818a5b4e0"}, "language": "French", "multiverseId": 163019, "name": "Défenseurs inébranlables", "text": "Quand ces Défenseurs inébranlables arrivent en jeu, vous gagnez 4 points de vie.", "type": "Créature : soldat"}, {"flavorText": "Il segreto per vincere qualsiasi scontro è semplicemente restare vivi.", "identifiers": {"multiverseId": "164942", "scryfallId": "220e8fc9-60e5-4957-bcec-4a3015c1ff53"}, "language": "Italian", "multiverseId": 164942, "name": "Difensori Risoluti", "text": "Quando i Difensori Risoluti entrano in gioco, guadagni 4 punti vita.", "type": "Creatura — Soldato"}, {"identifiers": {"scryfallId": "e0661e91-a68c-4808-a618-aa84d665fb01"}, "language": "Japanese", "name": "堅牢な防衛隊"}, {"flavorText": "\"A chave para vencer qualquer luta é manter-se vivo.\"", "identifiers": {"multiverseId": "165656", "scryfallId": "41d22785-488d-484c-98a0-4ec16a16a0bc"}, "language": "Portuguese (Brazil)", "multiverseId": 165656, "name": "Defensores Inabaláveis", "text": "Quando Defensores Inabaláveis entra em jogo, você ganha 4 pontos de vida.", "type": "Criatura — Soldado"}], "frameVersion": "2003", "hasFoil": false, "hasNonFoil": true, "identifiers": {"cardsphereFoilId": "3229", "cardsphereId": "3230", "mcmId": "685", "mcmMetaId": "5592", "mtgjsonV4Id": "c1b859ee-cbd8-5b73-a149-55fe0aabbe05", "mtgoFoilId": "19404", "mtgoId": "19403", "multiverseId": "45196", "scryfallCardBackId": "0aeebaf5-8c7d-4636-9e82-8c27447861f7", "scryfallId": "04a162ae-dfe1-43e0-adf7-3d1365f3a681", "scryfallIllustrationId": "bcaded75-8607-4406-a32b-f489897b7d64", "scryfallOracleId": "ec8bf245-4b2c-432b-9b2a-8d7b9224258c", "tcgplayerProductId": "11009"}, "isFoil": false, "isReprint": true, "language": "English", "layout": "normal", "legalities": {"commander": "Legal", "duel": "Legal", "legacy": "Legal", "modern": "Legal", "oathbreaker": "Legal", "pauper": "Legal", "paupercommander": "Legal", "penny": "Legal", "predh": "Legal", "premodern": "Legal", "vintage": "Legal"}, "manaCost": "{3}{W}{W}", "manaValue": 5.0, "name": "Staunch Defenders", "number": "49", "originalText": "When Staunch Defenders comes into play, you gain 4 life.", "originalType": "Creature - Soldier", "power": "3", "printings": ["6ED", "7ED", "8ED", "FNM", "PRM", "TMP", "TPR", "WC98"], "purchaseUrls": {"cardmarket": "https://mtgjson.com/links/b64a206c23c9ddc9", "tcgplayer": "https://mtgjson.com/links/246f66f412231764"}, "rarity": "uncommon", "setCode": "8ED", "sourceProducts": {"nonfoil": ["b9faa8ee-eaaa-54ab-94cc-56e664d6ad90", "c8dfa84a-38d1-5fcd-bab4-ed0050d81559"]}, "subtypes": ["Human", "Soldier"], "supertypes": [], "text": "When Staunch Defenders enters, you gain 4 life.", "toughness": "4", "type": "Creature — Human Soldier", "types": ["Creature"], "uuid": "a61ac001-f2a2-50ac-8aa3-1345f3a2c1df", "variations": ["50fc86ec-b1ea-5af4-9e56-dc9b78a89dc8"]}, {"artist": "Greg Hildebrandt & Tim Hildebrandt", "artistIds": ["020f967b-0d2f-4166-aabe-901dba8bc7ec", "caa7228c-f74c-4145-91fb-1af8d623c353"], "availability": ["mtgo", "paper"], "boosterTypes": ["default"], "borderColor": "white", "colorIdentity": ["W"], "colors": ["W"], "convertedManaCost": 1.0, "count": 1, "edhrecRank": 19437, "finishes": ["nonfoil"], "foreignData": [{"identifiers": {"multiverseId": "162635", "scryfallId": "63cec379-a981-42b3-97a3-d4ecb08f0fcb"}, "language": "German", "multiverseId": 162635, "name": "Heilbalsam", "text": "Bestimme eines ein Spieler deiner Wahl erhält 3 Lebenspunkte dazu, oder verhindere in diesem Zug die nächsten 3 Schadenspunkte bei einer Kreatur oder einem Spieler deiner Wahl.", "type": "Spontanzauber"}, {"identifiers": {"multiverseId": "165272", "scryfallId": "50dd0805-6965-4190-afbc-2fa0b8357048"}, "language": "Spanish", "multiverseId": 165272, "name": "Bálsamo de curación", "text": "Elige uno: El jugador objetivo gana 3 vidas; o prevén los siguientes 3 puntos de daño que se le fuera a hacer a la criatura o jugador objetivo este turno.", "type": "Instantáneo"}, {"identifiers": {"multiverseId": "162992", "scryfallId": "87ae5ab4-1f95-4f31-9dab-de09edd9bea1"}, "language": "French", "multiverseId": 162992, "name": "Onguent de soins", "text": "Choisissez l'un Le joueur ciblé gagne 3 points de vie ; ou prévenez, ce tour-ci, les prochaines 3 blessures sur une cible, créature ou joueur.", "type": "Éphémère"}, {"identifiers": {"multiverseId": "164915", "scryfallId": "44799c85-9fdf-4ab8-85c9-5c613c4eb31a"}, "language": "Italian", "multiverseId": 164915, "name": "Balsamo Curaferite", "text": "Scegli una delle seguenti Il giocatore bersaglio guadagna 3 punti vita; oppure previeni i prossimi 3 danni che verrebbero inflitti a una creatura o a un giocatore bersaglio in questo turno.", "type": "Istantaneo"}, {"identifiers": {"scryfallId": "e16b089c-774a-484d-a064-4800cbf4c7cf"}, "language": "Japanese", "name": "治癒の軟膏"}, {"identifiers": {"multiverseId": "165629", "scryfallId": "f5f68495-01b5-4f47-8e36-4f55fbfd32f3"}, "language": "Portuguese (Brazil)", "multiverseId": 165629, "name": "Bálsamo Restaurador", "text": "Escolha um O jogador alvo ganha 3 pontos de vida; ou, previne os próximos 3 pontos de dano que seriam causados à criatura alvo ou jogador alvo neste turno.", "type": "Mágica Instantânea"}], "frameVersion": "2003", "hasFoil": false, "hasNonFoil": true, "identifiers": {"cardsphereFoilId": "2908", "cardsphereId": "2909", "mcmId": "658", "mcmMetaId": "2630", "mtgjsonV4Id": "bc122e41-3db9-5785-a0a3-49ad91aa67f0", "mtgoFoilId": "19332", "mtgoId": "19331", "multiverseId": "45180", "scryfallCardBackId": "0aeebaf5-8c7d-4636-9e82-8c27447861f7", "scryfallId": "41703ace-78e3-474e-b06a-43260c060471", "scryfallIllustrationId": "09e096fc-9426-4543-b771-d08eb9ace009", "scryfallOracleId": "8da8644c-75a1-4fe9-8e94-900d948d631c", "tcgplayerProductId": "10982"}, "isFoil": false, "isReprint": true, "language": "English", "layout": "normal", "legalities": {"commander": "Legal", "duel": "Legal", "legacy": "Legal", "modern": "Legal", "oathbreaker": "Legal", "pauper": "Legal", "paupercommander": "Legal", "penny": "Legal", "predh": "Legal", "premodern": "Legal", "vintage": "Legal"}, "manaCost": "{W}", "manaValue": 1.0, "name": "Healing Salve", "number": "22", "originalText": "Choose one Target player gains 3 life; or prevent the next 3 damage that would be dealt to target creature or player this turn.", "originalType": "Instant", "printings": ["2ED", "30A", "3ED", "4BB", "4ED", "5ED", "6ED", "7ED", "8ED", "BRB", "CED", "CEI", "DDC", "DVD", "FBB", "ITP", "LEA", "LEB", "ME4", "MIR", "RQS", "SUM", "USG"], "purchaseUrls": {"cardmarket": "https://mtgjson.com/links/26fad0fb645a1e06", "tcgplayer": "https://mtgjson.com/links/fc6a0a9f9c165188"}, "rarity": "common", "setCode": "8ED", "sourceProducts": {"nonfoil": ["b9faa8ee-eaaa-54ab-94cc-56e664d6ad90", "c8dfa84a-38d1-5fcd-bab4-ed0050d81559"]}, "subtypes": [], "supertypes": [], "text": "Choose one —\n• Target player gains 3 life.\n• Prevent the next 3 damage that would be dealt to any target this turn.", "type": "Instant", "types": ["Instant"], "uuid": "4eabc2c4-cbd5-5e4d-9e85-e1405b73aad0", "variations": ["aa7b7c8c-2ba4-5a4f-96bd-9e0882aaf38b"]}, {"artist": "Kev Walker", "artistIds": ["f366a0ee-a0cd-466d-ba6a-90058c7a31a6"], "availability": ["mtgo", "paper"], "boosterTypes": ["default"], "borderColor": "white", "colorIdentity": ["W"], "colors": ["W"], "convertedManaCost": 1.0, "count": 1, "edhrecRank": 3884, "edhrecSaltiness": 0.31, "finishes": ["nonfoil"], "flavorText": "\"I am bound to all my children. I share in their joys, I rage at their injuries.\"", "foreignData": [{"flavorText": "„Ich bin mit allen meinen Kindern verbunden. Ich teile ihre Freude und leide an ihren Verletzungen mit.\"", "identifiers": {"multiverseId": "162660", "scryfallId": "2027bc8c-7b36-4081-8a91-edb6b8d0ba36"}, "language": "German", "multiverseId": 162660, "name": "Geisteskontakt", "text": "Immer wenn die verzauberte Kreatur Schaden zufügt, erhältst du ebenso viele Lebenspunkte dazu.", "type": "Kreaturenverzauberung"}, {"flavorText": "\"Tengo un vínculo con todos mis hijos. Comparto sus alegrías, me encolerizan sus heridas\".", "identifiers": {"multiverseId": "165297", "scryfallId": "07052519-aa95-4b19-8ec9-dea75d3d6620"}, "language": "Spanish", "multiverseId": 165297, "name": "Vínculo espiritual", "text": "Siempre que la criatura encantada haga daño, ganas esa cantidad de vida.", "type": "Encantar criatura"}, {"flavorText": "« Je suis en contact avec tous mes enfants. Je partage leurs joies ; j'enrage quand ils sont meurtris. »", "identifiers": {"multiverseId": "163017", "scryfallId": "5b22cbb9-9a07-4485-aa6e-4397a0ca9bbb"}, "language": "French", "multiverseId": 163017, "name": "Liaison psychique", "text": "À chaque fois que la créature enchantée inflige des blessures, vous gagnez autant de points de vie.", "type": "Enchanter : créature"}, {"flavorText": "\"Sono legata a tutti i miei figli. Condivido le loro gioie, mi infurio per i loro dolori\".", "identifiers": {"multiverseId": "164940", "scryfallId": "506fb400-abeb-4be3-b086-b6db8702808c"}, "language": "Italian", "multiverseId": 164940, "name": "Legame Spirituale", "text": "Ogniqualvolta la creatura incantata infligge danno, guadagni altrettanti punti vita.", "type": "Incanta Creatura"}, {"identifiers": {"scryfallId": "d770b48b-0f91-478a-b669-59b5238f31f0"}, "language": "Japanese", "name": "魂の絆"}, {"flavorText": "\"Sou ligada a todos os meus filhos. Compartilho suas alegrias e me enfureço por suas feridas.\"", "identifiers": {"multiverseId": "165654", "scryfallId": "c3b6d995-5af8-480e-87be-de541cf298e8"}, "language": "Portuguese (Brazil)", "multiverseId": 165654, "name": "Vínculo Espiritual", "text": "Toda vez que a criatura encantada causar dano, você ganha aquela quantidade em pontos de vida.", "type": "Encantar Criatura"}], "frameVersion": "2003", "hasFoil": false, "hasNonFoil": true, "identifiers": {"cardsphereFoilId": "3219", "cardsphereId": "3220", "mcmId": "683", "mcmMetaId": "5501", "mtgjsonV4Id": "d1588134-38c2-58d0-82f5-781b1558e40d", "mtgoFoilId": "19548", "mtgoId": "19547", "multiverseId": "45183", "scryfallCardBackId": "0aeebaf5-8c7d-4636-9e82-8c27447861f7", "scryfallId": "8f4f4f0c-d17c-42b6-b216-1548c51b91f5", "scryfallIllustrationId": "fafdd650-cb07-47c1-bb7f-35ea17b4678d", "scryfallOracleId": "c77ff526-c0a8-45c7-9730-2e306a0d01b8", "tcgplayerProductId": "11007"}, "isFoil": false, "isReprint": true, "keywords": ["Enchant"], "language": "English", "layout": "normal", "legalities": {"commander": "Legal", "duel": "Legal", "legacy": "Legal", "modern": "Legal", "oathbreaker": "Legal", "pauper": "Legal", "paupercommander": "Legal", "predh": "Legal", "premodern": "Legal", "vintage": "Legal"}, "manaCost": "{W}", "manaValue": 1.0, "name": "Spirit Link", "number": "47", "originalText": "Whenever enchanted creature deals damage, you gain that much life.", "originalType": "Enchant Creature", "printings": ["10E", "4BB", "4ED", "5ED", "6ED", "7ED", "8ED", "9ED", "DMR", "LEG", "PLST", "PSAL", "REN", "WC98"], "purchaseUrls": {"cardmarket": "https://mtgjson.com/links/82c8d8d821355742", "tcgplayer": "https://mtgjson.com/links/25c2e1779c9cb9a6"}, "rarity": "uncommon", "rulings": [{"date": "2022-12-08", "text": "The triggered ability triggers when the enchanted creature deals any damage, not only combat damage."}, {"date": "2022-12-08", "text": "Unlike the lifelink ability, the ability of Spirit Link is a triggered ability that goes on the stack and may be responded to. Notably, if the enchanted creature deals damage at the same time you’re dealt enough damage to reduce your life total to 0 or less, you’ll lose the game before you can gain any life."}], "setCode": "8ED", "sourceProducts": {"nonfoil": ["b9faa8ee-eaaa-54ab-94cc-56e664d6ad90", "c8dfa84a-38d1-5fcd-bab4-ed0050d81559"]}, "subtypes": ["Aura"], "supertypes": [], "text": "Enchant creature (Target a creature as you cast this. This card enters attached to that creature.)\nWhenever enchanted creature deals damage, you gain that much life.", "type": "Enchantment — Aura", "types": ["Enchantment"], "uuid": "4ebbc8c1-adb1-55d5-a641-44fab2686390", "variations": ["73f03b0c-eff6-5a11-83bf-391c016c305d"]}, {"artist": "Christopher Moeller", "artistIds": ["21e10012-06ae-44f2-b38d-3824dd2e73d4"], "availability": ["mtgo", "paper"], "boosterTypes": ["default"], "borderColor": "white", "colorIdentity": ["W"], "colors": ["W"], "convertedManaCost": 2.0, "count": 1, "edhrecRank": 16451, "edhrecSaltiness": 0.07, "finishes": ["nonfoil"], "flavorText": "Even an enemy is a valuable resource.", "foreignData": [{"flavorText": "Sogar Feinde können wertvolle Hilfen sein.", "identifiers": {"multiverseId": "162619", "scryfallId": "9b7a198e-112d-42ed-b622-f646d176ad30"}, "language": "German", "multiverseId": 162619, "name": "Gesegnete Wendung", "text": "Du erhältst für jede Kreatur, die dich angreift, 3 Lebenpunkte dazu.", "type": "Spontanzauber"}, {"flavorText": "Incluso un enemigo es un recurso valioso.", "identifiers": {"multiverseId": "165256", "scryfallId": "0568b0aa-9ae5-4c29-9c87-b68256ffe88f"}, "language": "Spanish", "multiverseId": 165256, "name": "Inversión afortunada", "text": "Gana 3 vidas por cada criatura que te ataque.", "type": "Instantáneo"}, {"flavorText": "Tout peut servir, même l'ennemi.", "identifiers": {"multiverseId": "162976", "scryfallId": "e125aa10-88b2-4bf8-b9ba-3bbf018b498f"}, "language": "French", "multiverseId": 162976, "name": "Inversion bénie", "text": "Vous gagnez 3 points de vie pour chaque créature qui vous attaque.", "type": "Éphémère"}, {"flavorText": "Anche un nemico può essere una risorsa preziosa.", "identifiers": {"multiverseId": "164899", "scryfallId": "50475865-3249-4e27-bbb6-be0d3b9fa9e7"}, "language": "Italian", "multiverseId": 164899, "name": "Inversione Benedetta", "text": "Guadagni 3 punti vita per ogni creatura che ti sta attaccando.", "type": "Istantaneo"}, {"identifiers": {"scryfallId": "38483c9b-78b7-4276-9caa-3d7fbbf61610"}, "language": "Japanese", "name": "幸いなる逆転"}, {"flavorText": "Até um inimigo é um recurso valioso.", "identifiers": {"multiverseId": "165613", "scryfallId": "342850f0-1fe4-4aff-ba23-86c4f3abcfe0"}, "language": "Portuguese (Brazil)", "multiverseId": 165613, "name": "Inversão Abençoada", "text": "Você ganha 3 pontos de vida para cada criatura que o estiver atacando.", "type": "Mágica Instantânea"}], "frameVersion": "2003", "hasFoil": false, "hasNonFoil": true, "identifiers": {"cardsphereFoilId": "2687", "cardsphereId": "2688", "mcmId": "643", "mcmMetaId": "572", "mtgjsonV4Id": "a4176c64-d902-5ab9-9eed-b7ec6ead6b38", "mtgoFoilId": "19284", "mtgoId": "19283", "multiverseId": "45216", "scryfallCardBackId": "0aeebaf5-8c7d-4636-9e82-8c27447861f7", "scryfallId": "806d854b-a165-4d40-86d7-d6a0aa17ce18", "scryfallIllustrationId": "b83ad3e8-504b-46e7-93e4-9c61e8e52f39", "scryfallOracleId": "70e0b676-61a2-4dcf-8f61-d9281467ed43", "tcgplayerProductId": "10967"}, "isFoil": false, "isReprint": true, "language": "English", "layout": "normal", "legalities": {"commander": "Legal", "duel": "Legal", "legacy": "Legal", "modern": "Legal", "oathbreaker": "Legal", "penny": "Legal", "predh": "Legal", "premodern": "Legal", "vintage": "Legal"}, "manaCost": "{1}{W}", "manaValue": 2.0, "name": "Blessed Reversal", "number": "7", "originalText": "You gain 3 life for each creature attacking you.", "originalType": "Instant", "printings": ["7ED", "8ED", "PLST", "POR", "ULG"], "purchaseUrls": {"cardmarket": "https://mtgjson.com/links/63c64b21454c2de6", "tcgplayer": "https://mtgjson.com/links/9d8bc6b8bf8baadc"}, "rarity": "rare", "rulings": [{"date": "2004-10-04", "text": "The creatures are counted on resolution."}], "setCode": "8ED", "sourceProducts": {"nonfoil": ["b9faa8ee-eaaa-54ab-94cc-56e664d6ad90", "c8dfa84a-38d1-5fcd-bab4-ed0050d81559"]}, "subtypes": [], "supertypes": [], "text": "You gain 3 life for each creature attacking you.", "type": "Instant", "types": ["Instant"], "uuid": "3705cd37-11b7-5e71-995a-344dc1306fa8", "variations": ["96cbde2c-1e0f-595e-8161-1f56bb4821a0"]}, {"artist": "Robert Bliss", "artistIds": ["df700ada-8491-4072-a261-e12b3225986d"], "availability": ["mtgo", "paper"], "boosterTypes": ["default"], "borderColor": "white", "colorIdentity": ["W"], "colors": ["W"], "convertedManaCost": 2.0, "count": 1, "edhrecRank": 5131, "edhrecSaltiness": 0.41, "finishes": ["nonfoil"], "flavorText": "For the first time in his life, Grakk felt a little warm and fuzzy inside.", "foreignData": [{"flavorText": "Ein Friedlicher ist einer, der sich totschießen lässt, um zu beweisen, dass der andere der Aggressor gewesen ist.", "identifiers": {"multiverseId": "162646", "scryfallId": "69b41e72-2e24-4a93-8426-1ee3b4c7f7ab"}, "language": "German", "multiverseId": 162646, "name": "Pazifismus", "text": "Die verzauberte Kreatur kann nicht angreifen oder blocken.", "type": "Kreaturenverzauberung"}, {"flavorText": "Por primera vez en su vida, Grakk sintió ternura en su interior.", "identifiers": {"multiverseId": "165283", "scryfallId": "8a607881-9ae6-4fd6-bf1f-89c7df41ac79"}, "language": "Spanish", "multiverseId": 165283, "name": "Pacifismo", "text": "La criatura encantada no puede atacar ni bloquear.", "type": "Encantar criatura"}, {"flavorText": "Pour la première fois dans sa vie, Grakk sentit une douce chaleur se répandre en lui.", "identifiers": {"multiverseId": "163003", "scryfallId": "79960d22-bb38-43b4-a08c-50f2c9405a8d"}, "language": "French", "multiverseId": 163003, "name": "Pacifisme", "text": "La créature enchantée ne peut ni attaquer ni bloquer.", "type": "Enchanter : créature"}, {"flavorText": "Per la prima volta nella propria vita, Grakk sentì una sensazione di calore e confusione dentro di sé.", "identifiers": {"multiverseId": "164926", "scryfallId": "1f79a6b9-ae3f-47a4-930e-08b2e0eaf170"}, "language": "Italian", "multiverseId": 164926, "name": "Pacifismo", "text": "La creatura incantata non può attaccare né bloccare.", "type": "Incanta Creatura"}, {"identifiers": {"scryfallId": "41d28683-4bf7-403e-9938-729095e655a5"}, "language": "Japanese", "name": "平和な心"}, {"flavorText": "Pela primeira vez na vida, Grakk sentiu-se aquecido e confuso por dentro.", "identifiers": {"multiverseId": "165640", "scryfallId": "b4736962-7c09-40c9-a6d6-4ce755fc4402"}, "language": "Portuguese (Brazil)", "multiverseId": 165640, "name": "Pacifismo", "text": "A criatura encantada não pode atacar nem bloquear.", "type": "Encantar Criatura"}], "frameVersion": "2003", "hasFoil": false, "hasNonFoil": true, "identifiers": {"cardsphereFoilId": "3062", "cardsphereId": "3063", "mcmId": "669", "mcmMetaId": "4060", "mtgjsonV4Id": "f7515a39-235f-5226-b28c-bb4b4da9ab21", "mtgoFoilId": "18956", "mtgoId": "18955", "multiverseId": "45186", "scryfallCardBackId": "0aeebaf5-8c7d-4636-9e82-8c27447861f7", "scryfallId": "9b8a9d48-ca39-4275-ba1e-f584a3b647df", "scryfallIllustrationId": "258e9351-2108-4dbe-97a8-3eeb9c7b502a", "scryfallOracleId": "5f5e0b10-c8cf-450c-bfd3-bcb0528ec330", "tcgplayerProductId": "10993"}, "isFoil": false, "isReprint": true, "keywords": ["Enchant"], "language": "English", "layout": "normal", "legalities": {"alchemy": "Legal", "brawl": "Legal", "commander": "Legal", "duel": "Legal", "explorer": "Legal", "gladiator": "Legal", "historic": "Legal", "legacy": "Legal", "modern": "Legal", "oathbreaker": "Legal", "pauper": "Legal", "paupercommander": "Legal", "penny": "Legal", "pioneer": "Legal", "predh": "Legal", "premodern": "Legal", "timeless": "Legal", "vintage": "Legal"}, "manaCost": "{1}{W}", "manaValue": 2.0, "name": "Pacifism", "number": "33", "originalText": "Enchanted creature can't attack or block.", "originalType": "Enchant Creature", "printings": ["10E", "6ED", "7ED", "8ED", "9ED", "A25", "ANB", "ATH", "BBD", "BRB", "DDC", "DMR", "DTK", "DVD", "EMA", "FDN", "IKO", "JMP", "M10", "M11", "M12", "M13", "M14", "M20", "MIR", "ONS", "PLST", "PS11", "PSAL", "TMP", "TPR", "USG", "WC04"], "purchaseUrls": {"cardmarket": "https://mtgjson.com/links/1e113f093d7007e3", "tcgplayer": "https://mtgjson.com/links/b16722dbbe611b10"}, "rarity": "common", "setCode": "8ED", "sourceProducts": {"nonfoil": ["b9faa8ee-eaaa-54ab-94cc-56e664d6ad90", "c8dfa84a-38d1-5fcd-bab4-ed0050d81559"]}, "subtypes": ["Aura"], "supertypes": [], "text": "Enchant creature\nEnchanted creature can't attack or block.", "type": "Enchantment — Aura", "types": ["Enchantment"], "uuid": "7c8a159a-9607-56ea-9ffe-90f9e4f9f74d", "variations": ["bade6410-8620-51cc-a7bf-de22465c1b07"]}, {"artist": "Kev Walker", "artistIds": ["f366a0ee-a0cd-466d-ba6a-90058c7a31a6"], "availability": ["mtgo", "paper"], "boosterTypes": ["default"], "borderColor": "white", "colorIdentity": ["W"], "colors": ["W"], "convertedManaCost": 3.0, "count": 1, "edhrecRank": 4989, "edhrecSaltiness": 0.16, "finishes": ["nonfoil"], "flavorText": "Each victory adds a new verse.", "foreignData": [{"flavorText": "Jeder Sieg führt zu einer neuen Strophe.", "identifiers": {"multiverseId": "162633", "scryfallId": "fdf1f864-d57a-49b0-8908-8c1f490e855c"}, "language": "German", "multiverseId": 162633, "name": "Glorreiche Hymne", "text": "Kreaturen, die du kontrollierst, erhalten +1/+1.", "type": "Verzauberung"}, {"flavorText": "Cada victoria agrega un verso nuevo.", "identifiers": {"multiverseId": "165270", "scryfallId": "8b2ec01c-b307-48d8-bd4e-fa96d477dde6"}, "language": "Spanish", "multiverseId": 165270, "name": "Himno glorioso", "text": "Las criaturas que controles obtienen +1/+1.", "type": "Encantamiento"}, {"flavorText": "Chaque victoire y ajoute un verset.", "identifiers": {"multiverseId": "162990", "scryfallId": "ce8b3516-1ed9-4cbc-ae0a-1b55b4086875"}, "language": "French", "multiverseId": 162990, "name": "Antienne glorieuse", "text": "Les créatures que vous contrôlez gagnent +1/+1.", "type": "Enchantement"}, {"flavorText": "Ogni vittoria aggiunge una nuova strofa.", "identifiers": {"multiverseId": "164913", "scryfallId": "b9db4bf8-8407-4702-9a8e-fcd4f203ec81"}, "language": "Italian", "multiverseId": 164913, "name": "Inno Glorioso", "text": "Le creature che controlli prendono +1/+1.", "type": "Incantesimo"}, {"identifiers": {"scryfallId": "c2bc16ab-11c3-4466-8f73-a1cf876b28ee"}, "language": "Japanese", "name": "栄光の頌歌"}, {"flavorText": "Cada vitória acrescenta um novo verso.", "identifiers": {"multiverseId": "165627", "scryfallId": "ddb06435-75be-45b5-9aff-8824d4d2a4ff"}, "language": "Portuguese (Brazil)", "multiverseId": 165627, "name": "Antífona Gloriosa", "text": "As criaturas que você controla recebem +1/+1.", "type": "Encantamento"}], "frameVersion": "2003", "hasFoil": false, "hasNonFoil": true, "identifiers": {"cardsphereFoilId": "2884", "cardsphereId": "2885", "mcmId": "656", "mcmMetaId": "2361", "mtgjsonV4Id": "c8092f13-2111-529e-910e-9732a57c790f", "mtgoFoilId": "19108", "mtgoId": "19107", "multiverseId": "45218", "scryfallCardBackId": "0aeebaf5-8c7d-4636-9e82-8c27447861f7", "scryfallId": "45f95890-0258-431c-b639-c0aba27b8039", "scryfallIllustrationId": "1b1a6269-0822-4f73-b61f-ef580839e425", "scryfallOracleId": "e3886fe8-9b76-4613-8891-4ec74657c087", "tcgplayerProductId": "10980"}, "isFoil": false, "isReprint": true, "language": "English", "layout": "normal", "legalities": {"brawl": "Legal", "commander": "Legal", "duel": "Legal", "explorer": "Legal", "gladiator": "Legal", "historic": "Legal", "legacy": "Legal", "modern": "Legal", "oathbreaker": "Legal", "penny": "Legal", "pioneer": "Legal", "predh": "Legal", "premodern": "Legal", "timeless": "Legal", "vintage": "Legal"}, "manaCost": "{1}{W}{W}", "manaValue": 3.0, "name": "Glorious Anthem", "number": "20", "originalText": "Creatures you control get +1/+1.", "originalType": "Enchantment", "printings": ["10E", "7ED", "8ED", "9ED", "M21", "PJAS", "PJJT", "PJSE", "PM21", "PRM", "PS11", "PSUS", "USG"], "purchaseUrls": {"cardmarket": "https://mtgjson.com/links/04554a1800271746", "tcgplayer": "https://mtgjson.com/links/8ef5eb390312d0af"}, "rarity": "rare", "setCode": "8ED", "sourceProducts": {"nonfoil": ["b9faa8ee-eaaa-54ab-94cc-56e664d6ad90", "c8dfa84a-38d1-5fcd-bab4-ed0050d81559"]}, "subtypes": [], "supertypes": [], "text": "Creatures you control get +1/+1.", "type": "Enchantment", "types": ["Enchantment"], "uuid": "c2dd11fd-4c50-5d6d-a90a-70a29eae3f61", "variations": ["e1b35d25-26da-5788-a5bb-beaa164bd58e"]}, {"artist": "Carl Critchlow", "artistIds": ["17948f16-611a-44b8-8d10-9895a0bdfff1"], "availability": ["mtgo", "paper"], "boosterTypes": ["default"], "borderColor": "white", "colorIdentity": ["W"], "colors": ["W"], "convertedManaCost": 4.0, "count": 1, "edhrecRank": 18345, "edhrecSaltiness": 0.18, "finishes": ["nonfoil"], "flavorText": "\"Why do we pray to the Ancestor? Because She listens.\"\n—Mystic elder", "foreignData": [{"flavorText": "„Warum beten wir zu der Ahnfrau? Weil Sie uns zuhört.\" —Älterer Mystiker", "identifiers": {"multiverseId": "162622", "scryfallId": "0a90b5b2-ca13-43c0-a204-ef4b16ed1d72"}, "language": "German", "multiverseId": 162622, "name": "Züchtigen", "text": "Zerstöre eine angreifende Kreatur deiner Wahl. Du erhältst Lebenspunkte in Höhe ihrer Stärke dazu.", "type": "Spontanzauber"}, {"flavorText": "\"¿Por qué le rezamos a la Antepasada? Porque Ella escucha.\"—Anciano místico", "identifiers": {"multiverseId": "165259", "scryfallId": "6afe49f9-4984-499f-965a-2655f330ba7f"}, "language": "Spanish", "multiverseId": 165259, "name": "Reprender", "text": "Destruye la criatura atacante objetivo. Ganas una cantidad de vida igual a su fuerza.", "type": "Instantáneo"}, {"flavorText": "« Pourquoi prions-nous l'Ancêtre ? Parce qu'Elle écoute. » —Un doyen des mystiques", "identifiers": {"multiverseId": "162979", "scryfallId": "46901559-14c1-4dba-99e3-1602011e1c40"}, "language": "French", "multiverseId": 162979, "name": "Punition", "text": "Détruisez la créature attaquante ciblée. Vous gagnez autant de points de vie que sa force.", "type": "Éphémère"}, {"flavorText": "\"Perché preghiamo l'Antenata? Perché ci ascolta.\" —Anziano mistico", "identifiers": {"multiverseId": "164902", "scryfallId": "e2b1f8c4-20c6-4312-9193-9abb8c17fdb9"}, "language": "Italian", "multiverseId": 164902, "name": "Castigare", "text": "Distruggi una creatura attaccante bersaglio. Guadagni un ammontare di punti vita pari alla sua forza.", "type": "Istantaneo"}, {"identifiers": {"scryfallId": "1bd696f6-3cc4-49f4-97d8-188945f4b02a"}, "language": "Japanese", "name": "懲罰"}, {"flavorText": "\"Por que rezamos para a Ancestral? Porque Ela escuta.\" — Ancião místico", "identifiers": {"multiverseId": "165616", "scryfallId": "13febaf7-cf87-4ba2-9fb8-610f3a8c3e05"}, "language": "Portuguese (Brazil)", "multiverseId": 165616, "name": "Castigar", "text": "Destrói a criatura alvo atacante. Você ganha uma quantidade de pontos de vida igual ao poder dela.", "type": "Mágica Instantânea"}], "frameVersion": "2003", "hasFoil": false, "hasNonFoil": true, "identifiers": {"cardsphereFoilId": "2717", "cardsphereId": "2718", "mcmId": "645", "mcmMetaId": "947", "mtgjsonV4Id": "89c0cc9e-50f4-5947-84cb-f0fa8bacbf3b", "mtgoFoilId": "19508", "mtgoId": "19507", "multiverseId": "45200", "scryfallCardBackId": "0aeebaf5-8c7d-4636-9e82-8c27447861f7", "scryfallId": "80972578-36fb-4bc2-9593-f9b10fb8424c", "scryfallIllustrationId": "80941507-0653-404f-9a6a-3c84f11fa2bc", "scryfallOracleId": "b7553f3f-5de1-409c-a184-e12e40f017ab", "tcgplayerProductId": "10969"}, "isFoil": false, "isReprint": true, "language": "English", "layout": "normal", "legalities": {"commander": "Legal", "duel": "Legal", "legacy": "Legal", "modern": "Legal", "oathbreaker": "Legal", "predh": "Legal", "premodern": "Legal", "vintage": "Legal"}, "manaCost": "{3}{W}", "manaValue": 4.0, "name": "Chastise", "number": "9", "originalText": "Destroy target attacking creature. You gain life equal to its power.", "originalType": "Instant", "printings": ["8ED", "9ED", "JUD", "PLST"], "purchaseUrls": {"cardmarket": "https://mtgjson.com/links/fddcccf218d01c04", "tcgplayer": "https://mtgjson.com/links/ccd45860ef9f985a"}, "rarity": "uncommon", "setCode": "8ED", "sourceProducts": {"nonfoil": ["b9faa8ee-eaaa-54ab-94cc-56e664d6ad90", "c8dfa84a-38d1-5fcd-bab4-ed0050d81559"]}, "subtypes": [], "supertypes": [], "text": "Destroy target attacking creature. You gain life equal to its power.", "type": "Instant", "types": ["Instant"], "uuid": "2110183a-10c1-53c9-b74a-ee59d6372220", "variations": ["63a92b84-7770-5aca-b4da-d8d2c47c042f"]}, {"artist": "Donato Giancola", "artistIds": ["90332db2-aecb-4d79-917b-95cbeb8d0cb6"], "availability": ["mtgo", "paper"], "boosterTypes": ["default"], "borderColor": "white", "colorIdentity": [], "colors": [], "convertedManaCost": 1.0, "count": 1, "edhrecRank": 23892, "finishes": ["nonfoil"], "flavorText": "Blessed by a thousand prayers.", "foreignData": [{"flavorText": "Durch tausend Gebete gesegnet.", "identifiers": {"multiverseId": "162918", "scryfallId": "0db9c5e7-cbb3-46cb-b5e9-6c17d6a16b8b"}, "language": "German", "multiverseId": 162918, "name": "Elfenbeinkelch", "text": "Immer wenn ein Spieler einen weißen Zauberspruch spielt, kannst du {1} bezahlen. Falls du dies tust, erhältst du 1 Lebenspunkt dazu.", "type": "Artefakt"}, {"flavorText": "Bendecida por mil oraciones.", "identifiers": {"multiverseId": "165555", "scryfallId": "d69b3135-b4e4-418c-a2b3-3adfc8a14b2b"}, "language": "Spanish", "multiverseId": 165555, "name": "Copa de marfil", "text": "Siempre que un jugador juegue un hechizo blanco, puedes pagar {1}. Si lo haces, ganas 1 vida.", "type": "Artefacto"}, {"flavorText": "Bénie par un millier de prières.", "identifiers": {"multiverseId": "163275", "scryfallId": "5bca611d-e99b-4023-bba5-d1ed278a2e21"}, "language": "French", "multiverseId": 163275, "name": "Coupe d'ivoire", "text": "À chaque fois qu'un joueur joue un sort blanc, vous pouvez payer {1}. Si vous faites ainsi, vous gagnez 1 point de vie.", "type": "Artefact"}, {"flavorText": "Benedetto da un migliaio di preghiere.", "identifiers": {"multiverseId": "165198", "scryfallId": "d574e365-09ab-42a0-9bd7-e81322faa613"}, "language": "Italian", "multiverseId": 165198, "name": "Coppa d'Avorio", "text": "Ogniqualvolta un giocatore gioca una magia bianca, puoi spendere {1}. Se lo fai, guadagni 1 punto vita.", "type": "Artefatto"}, {"identifiers": {"scryfallId": "7ef5e00c-1e3d-4529-99bb-48eece7c4b66"}, "language": "Japanese", "name": "象牙の杯"}, {"flavorText": "Abençoado por mil preces.", "identifiers": {"multiverseId": "165912", "scryfallId": "2803c96f-6398-4187-9739-43b94e7ca534"}, "language": "Portuguese (Brazil)", "multiverseId": 165912, "name": "Cálice de Marfim", "text": "Toda vez que um jogador jogar uma mágica branca, você pode pagar {1}. Se o fizer, você ganha 1 ponto de vida.", "type": "Artefato"}], "frameVersion": "2003", "hasFoil": false, "hasNonFoil": true, "identifiers": {"cardsphereFoilId": "2952", "cardsphereId": "2953", "mcmId": "941", "mcmMetaId": "2929", "mtgjsonV4Id": "4188a426-c438-5246-b20c-3ae0ed4bd338", "mtgoFoilId": "18980", "mtgoId": "18979", "multiverseId": "45458", "scryfallCardBackId": "0aeebaf5-8c7d-4636-9e82-8c27447861f7", "scryfallId": "fc4cd379-caba-485c-8c0f-e59804c387c6", "scryfallIllustrationId": "41c5755f-5391-4656-a82a-5d6f94a9c0f8", "scryfallOracleId": "8e2017c3-057d-4e30-bd60-f486fddbc6ca", "tcgplayerProductId": "11265"}, "isFoil": false, "isReprint": true, "language": "English", "layout": "normal", "legalities": {"commander": "Legal", "duel": "Legal", "legacy": "Legal", "modern": "Legal", "oathbreaker": "Legal", "penny": "Legal", "predh": "Legal", "premodern": "Legal", "vintage": "Legal"}, "manaCost": "{1}", "manaValue": 1.0, "name": "Ivory Cup", "number": "305", "originalText": "Whenever a player plays a white spell, you may pay {1}. If you do, you gain 1 life.", "originalType": "Artifact", "printings": ["2ED", "30A", "3ED", "4BB", "4ED", "5ED", "6ED", "7ED", "8ED", "CED", "CEI", "FBB", "LEA", "LEB", "SUM"], "purchaseUrls": {"cardmarket": "https://mtgjson.com/links/aa4a8f64400616d9", "tcgplayer": "https://mtgjson.com/links/5e22b3b3c6a4db64"}, "rarity": "uncommon", "setCode": "8ED", "sourceProducts": {"nonfoil": ["b9faa8ee-eaaa-54ab-94cc-56e664d6ad90", "c8dfa84a-38d1-5fcd-bab4-ed0050d81559"]}, "subtypes": [], "supertypes": [], "text": "Whenever a player casts a white spell, you may pay {1}. If you do, you gain 1 life.", "type": "Artifact", "types": ["Artifact"], "uuid": "8550f492-a15a-5efe-954f-335e8a7d4330", "variations": ["e304b5e1-806b-5014-b09d-0e7b00b66efa"]}, {"artist": "John Avon", "artistIds": ["798f3932-30e0-4420-aa3f-db4d613f89ca"], "availability": ["mtgo", "paper"], "boosterTypes": ["default"], "borderColor": "white", "colorIdentity": ["W"], "colors": [], "convertedManaCost": 0.0, "count": 17, "edhrecSaltiness": 0.28, "finishes": ["nonfoil"], "foreignData": [{"identifiers": {"multiverseId": "162944", "scryfallId": "de8f3007-5913-48c9-af6a-c5cf6824e843"}, "language": "German", "multiverseId": 162944, "name": "Ebene", "type": "Standardland — Ebene"}, {"identifiers": {"multiverseId": "165581", "scryfallId": "e45a7bbe-c5c9-4123-815e-4239243c3c8a"}, "language": "Spanish", "multiverseId": 165581, "name": "Llanura", "type": "Tierra básica — Llanura"}, {"identifiers": {"multiverseId": "163301", "scryfallId": "1ee31140-f331-4236-8bf0-90d25b1c6054"}, "language": "French", "multiverseId": 163301, "name": "Plaine", "type": "Terrain de base : Plaine"}, {"identifiers": {"multiverseId": "165224", "scryfallId": "32600b70-94ed-4df4-9a42-8fb8e307a68f"}, "language": "Italian", "multiverseId": 165224, "name": "Pianura", "type": "Terra Base — Pianura"}, {"identifiers": {"scryfallId": "bb3f7216-80f7-4add-93d6-d899baeeceb6"}, "language": "Japanese", "name": "平地"}, {"identifiers": {"multiverseId": "165938", "scryfallId": "8f33ec92-9320-4c01-8689-effcaf4388a6"}, "language": "Portuguese (Brazil)", "multiverseId": 165938, "name": "Planície", "type": "Terreno Básico — Planície"}], "frameVersion": "2003", "hasFoil": false, "hasNonFoil": true, "identifiers": {"cardsphereFoilId": "3086", "cardsphereId": "3087", "mcmId": "967", "mtgjsonV4Id": "c6ebac42-bc3c-523e-9b65-f48a94beb68e", "mtgoFoilId": "19374", "mtgoId": "19373", "multiverseId": "46437", "scryfallCardBackId": "0aeebaf5-8c7d-4636-9e82-8c27447861f7", "scryfallId": "a37c667a-f035-49b2-9f34-9831e186ae82", "scryfallIllustrationId": "346a9b6a-f43e-4680-80fd-05acf07cb247", "scryfallOracleId": "bc71ebf6-2056-41f7-be35-b2e5c34afa99", "tcgplayerProductId": "18342"}, "isFoil": false, "isReprint": true, "language": "English", "layout": "normal", "legalities": {"alchemy": "Legal", "brawl": "Legal", "commander": "Legal", "duel": "Legal", "explorer": "Legal", "future": "Legal", "gladiator": "Legal", "historic": "Legal", "legacy": "Legal", "modern": "Legal", "oathbreaker": "Legal", "pauper": "Legal", "paupercommander": "Legal", "penny": "Legal", "pioneer": "Legal", "predh": "Legal", "premodern": "Legal", "standard": "Legal", "standardbrawl": "Legal", "timeless": "Legal", "vintage": "Legal"}, "manaValue": 0.0, "name": "Plains", "number": "331", "originalText": "W", "originalType": "Basic Land - Plains", "printings": ["10E", "2ED", "2XM", "30A", "3ED", "40K", "4BB", "4ED", "5ED", "6ED", "7ED", "8ED", "9ED", "ACR", "AFR", "AKH", "AKR", "ALA", "ANA", "ANB", "ARC", "ATH", "AVR", "BBD", "BFZ", "BLB", "BRB", "BRC", "BRO", "C13", "C14", "C15", "C16", "C17", "C18", "C19", "CED", "CEI", "CHK", "CLB", "CLU", "CM2", "CMA", "CMD", "CMM", "CMR", "CST", "DDC", "DDE", "DDF", "DDG", "DDH", "DDI", "DDK", "DDL", "DDN", "DDO", "DDP", "DDQ", "DMR", "DMU", "DOM", "DSK", "DTK", "DVD", "E01", "ELD", "FBB", "FDN", "FRF", "G17", "GK1", "GK2", "GN2", "GN3", "GNT", "GRN", "GS1", "H09", "HBG", "HOP", "HOU", "ICE", "IKO", "INV", "ISD", "ITP", "J14", "J22", "JMP", "KHM", "KLD", "KLR", "KTK", "LCI", "LEA", "LEB", "LRW", "LTR", "M10", "M11", "M12", "M13", "M14", "M15", "M19", "M20", "M21", "MBS", "MD1", "ME1", "ME3", "MH2", "MH3", "MID", "MIR", "MKM", "MMQ", "MOM", "MRD", "NEO", "NPH", "ODY", "OLEP", "ONE", "ONS", "ORI", "OTJ", "P02", "P23", "PAL00", "PAL01", "PAL03", "PAL04", "PAL05", "PAL06", "PAL99", "PALP", "PANA", "PARL", "PC2", "PCA", "PDGM", "PELP", "PF19", "PF20", "PGPX", "PGRU", "PIP", "PLST", "PMPS", "PMPS06", "PMPS07", "PMPS08", "PMPS09", "PMPS10", "PMPS11", "POR", "PPP1", "PRM", "PRW2", "PRWK", "PS11", "PSAL", "PSS2", "PSS3", "PSS4", "PTC", "PTK", "PZ2", "RAV", "REX", "RIX", "RNA", "ROE", "RQS", "RTR", "S99", "SCD", "SHM", "SIR", "SLD", "SLP", "SNC", "SOI", "SOM", "STX", "SUM", "TD0", "TD2", "THB", "THS", "TMP", "TPR", "TSP", "UGL", "UND", "UNF", "UNH", "USG", "UST", "VOW", "WAR", "WC00", "WC02", "WC03", "WC04", "WC97", "WC98", "WHO", "WOE", "XANA", "XLN", "ZEN", "ZNR"], "purchaseUrls": {"tcgplayer": "https://mtgjson.com/links/b8478db44c43a4c5"}, "rarity": "common", "setCode": "8ED", "sourceProducts": {"nonfoil": ["304750be-9cf2-53d9-9590-d82eab67eaed", "4195f77f-9837-5107-a265-9f334292bc39", "7bf5d834-005d-5141-b884-9a2d7c9e983f", "9b5e4776-6f1d-5463-b1eb-1f3f6cc333ea", "b9faa8ee-eaaa-54ab-94cc-56e664d6ad90", "c8dfa84a-38d1-5fcd-bab4-ed0050d81559"]}, "subtypes": ["Plains"], "supertypes": ["Basic"], "text": "({T}: Add {W}.)", "type": "Basic Land — Plains", "types": ["Land"], "uuid": "d4facd58-20e3-5032-ab7f-97b5478cfa15", "variations": ["e37eab30-b842-558e-9378-6db02acac4b6", "c005f67e-6d2d-5524-bc4c-f9ce1818edd6", "255b949b-48f2-5cb2-a8dd-ce61243f799b", "d845fcc0-55f8-5cf4-9600-22bfdfd19901", "1ec09c95-8523-5eb4-b27e-036306e677ae", "6bfa3eca-3f4d-5bd4-af21-b4f4dd4540e1", "eb74b1ce-66e5-56e9-b685-72b1762bf840"]}], "name": "Life Boost", "releaseDate": "2003-07-28", "sealedProductUuids": null, "sideBoard": [], "type": "Theme Deck"}}