{"meta": {"date": "2024-09-03", "version": "5.2.2+20240903"}, "data": {"code": "JMP", "commander": [], "mainBoard": [{"artist": "Lars Grant-West", "artistIds": ["21ed6499-c4d3-4965-ab02-6c7228275bec"], "availability": ["arena", "paper"], "boosterTypes": ["default"], "borderColor": "black", "colorIdentity": ["R"], "colors": ["R"], "convertedManaCost": 2.0, "count": 1, "edhrecRank": 15608, "edhrecSaltiness": 0.08, "finishes": ["nonfoil"], "flavorText": "To Hazoret, those who fight for her are her beloved children.", "foreignData": [], "frameVersion": "2015", "hasFoil": false, "hasNonFoil": true, "identifiers": {"cardsphereId": "68707", "mcmId": "474529", "mcmMetaId": "225601", "mtgArenaId": "72358", "mtgjsonV4Id": "bb3f0161-eafb-5e2e-87b0-f8a0e407a8f1", "multiverseId": "489486", "scryfallCardBackId": "0aeebaf5-8c7d-4636-9e82-8c27447861f7", "scryfallId": "c3b633bf-a77e-4b78-b729-a83896abf17c", "scryfallIllustrationId": "e173395c-40c7-4dbd-be5b-ee0ae77d5ef7", "scryfallOracleId": "8603e2d4-93f3-491a-91e7-a187fc6db599", "tcgplayerProductId": "216602"}, "isFoil": false, "isReprint": true, "language": "English", "layout": "normal", "legalities": {"brawl": "Legal", "commander": "Legal", "duel": "Legal", "explorer": "Legal", "gladiator": "Legal", "historic": "Legal", "legacy": "Legal", "modern": "Legal", "oathbreaker": "Legal", "paupercommander": "Restricted", "pioneer": "Legal", "timeless": "Legal", "vintage": "Legal"}, "manaCost": "{1}{R}", "manaValue": 2.0, "name": "Bloodrage Brawler", "number": "296", "power": "4", "printings": ["AKH", "JMP"], "purchaseUrls": {"cardmarket": "https://mtgjson.com/links/4f5b1e7df9de1ebe", "tcgplayer": "https://mtgjson.com/links/a2a17af9a9e3bf48"}, "rarity": "uncommon", "rulings": [{"date": "2017-04-18", "text": "You can cast Bloodrage Brawler even if you have no other cards in your hand. If you have no cards in hand as its ability resolves, nothing happens."}], "setCode": "JMP", "sourceProducts": {"nonfoil": ["ca9092e8-a921-5e37-ab9d-4b0f76bb0d01"]}, "subtypes": ["Minotaur", "Warrior"], "supertypes": [], "text": "When Bloodrage Brawler enters, discard a card.", "toughness": "3", "type": "Creature — Minotaur Warrior", "types": ["Creature"], "uuid": "3567c50e-129d-549b-bf3b-8d65f044a16d"}, {"artist": "Jason Rainville", "artistIds": ["6ed7e669-579b-443d-b223-e5cbcb2a7483"], "availability": ["arena", "mtgo", "paper"], "boosterTypes": ["default"], "borderColor": "black", "colorIdentity": ["B", "R"], "colors": ["R"], "convertedManaCost": 5.0, "count": 1, "edhrecRank": 13040, "edhrecSaltiness": 0.11, "finishes": ["nonfoil"], "foreignData": [], "frameEffects": ["legendary"], "frameVersion": "2015", "hasFoil": false, "hasNonFoil": true, "identifiers": {"cardsphereId": "68637", "mcmId": "474084", "mcmMetaId": "308574", "mtgArenaId": "72128", "mtgjsonV4Id": "183f040c-e534-5345-88a3-5f7070ccdecd", "mtgoId": "81797", "multiverseId": "489192", "scryfallCardBackId": "0aeebaf5-8c7d-4636-9e82-8c27447861f7", "scryfallId": "274cdb39-1454-4c9b-acd8-4f762a48e71f", "scryfallIllustrationId": "c5d8abdd-48d4-4b85-8fe8-658530728a96", "scryfallOracleId": "561c1ce9-41e7-474a-9476-bb9a7d24f0d5", "tcgplayerProductId": "216361"}, "isFoil": false, "language": "English", "layout": "normal", "leadershipSkills": {"brawl": false, "commander": true, "oathbreaker": false}, "legalities": {"brawl": "Legal", "commander": "Legal", "duel": "Legal", "gladiator": "Legal", "historic": "Legal", "legacy": "Legal", "oathbreaker": "Legal", "timeless": "Legal", "vintage": "Legal"}, "manaCost": "{3}{R}{R}", "manaValue": 5.0, "name": "Sethron, Hurloon General", "number": "25", "power": "4", "printings": ["JMP", "PL21"], "purchaseUrls": {"cardmarket": "https://mtgjson.com/links/8f4e7f19e3ede436", "tcgplayer": "https://mtgjson.com/links/dedab76939fcd32e"}, "rarity": "rare", "securityStamp": "oval", "setCode": "JMP", "sourceProducts": {"nonfoil": ["ca9092e8-a921-5e37-ab9d-4b0f76bb0d01"]}, "subtypes": ["Minotaur", "Warrior"], "supertypes": ["Legendary"], "text": "Whenever Sethron, Hurloon General or another nontoken Minotaur you control enters, create a 2/3 red Minotaur creature token.\n{2}{B/R}: Minotaurs you control get +1/+0 and gain menace and haste until end of turn. ({B/R} can be paid with either {B} or {R}.)", "toughness": "4", "type": "Legendary Creature — Minotaur Warrior", "types": ["Creature"], "uuid": "9a54ef89-8a73-5481-a56a-b06477f984d5"}, {"artist": "Yohann Schepacz", "artistIds": ["c40c8ec8-d8b3-48a5-8de2-a7c96cbded5b"], "availability": ["arena", "paper"], "boosterTypes": ["default"], "borderColor": "black", "colorIdentity": ["R"], "colors": ["R"], "convertedManaCost": 4.0, "count": 1, "edhrecRank": 21458, "finishes": ["nonfoil"], "flavorText": "Minotaurs favor magic that manifests as weapons wrapped in flame.", "foreignData": [], "frameVersion": "2015", "hasFoil": false, "hasNonFoil": true, "identifiers": {"cardsphereId": "68884", "mcmId": "474784", "mcmMetaId": "225615", "mtgArenaId": "72432", "mtgjsonV4Id": "4a371818-abb4-541b-b56c-e2364d27a01a", "multiverseId": "489560", "scryfallCardBackId": "0aeebaf5-8c7d-4636-9e82-8c27447861f7", "scryfallId": "d2c9ea25-7a5e-4b6d-b071-e929f6b652c4", "scryfallIllustrationId": "6743085d-6e8f-4802-b49d-719a15c5d488", "scryfallOracleId": "33a7a1e9-23b4-4cde-baf1-b1c0165c6729", "tcgplayerProductId": "216661"}, "isFoil": false, "isReprint": true, "language": "English", "layout": "normal", "legalities": {"brawl": "Legal", "commander": "Legal", "duel": "Legal", "explorer": "Legal", "gladiator": "Legal", "historic": "Legal", "legacy": "Legal", "modern": "Legal", "oathbreaker": "Legal", "paupercommander": "Restricted", "pioneer": "Legal", "timeless": "Legal", "vintage": "Legal"}, "manaCost": "{3}{R}", "manaValue": 4.0, "name": "Warfire Javelineer", "number": "370", "power": "2", "printings": ["AKH", "JMP"], "purchaseUrls": {"cardmarket": "https://mtgjson.com/links/df792172cc3cc374", "tcgplayer": "https://mtgjson.com/links/5646b7378e6737c2"}, "rarity": "uncommon", "rulings": [{"date": "2017-04-18", "text": "A split card only counts once for Warfire Javelineer’s ability, even if it’s both an instant and a sorcery."}], "setCode": "JMP", "sourceProducts": {"nonfoil": ["ca9092e8-a921-5e37-ab9d-4b0f76bb0d01"]}, "subtypes": ["Minotaur", "Warrior"], "supertypes": [], "text": "When Warfire Javelineer enters, it deals X damage to target creature an opponent controls, where X is the number of instant and sorcery cards in your graveyard.", "toughness": "3", "type": "Creature — Minotaur Warrior", "types": ["Creature"], "uuid": "a15ee6fd-aec0-57c9-b5a0-1423cc2a0a28"}, {"artist": "Greg Staples", "artistIds": ["93d65564-bf00-447b-8406-e2031f03b6b1"], "availability": ["arena", "paper"], "boosterTypes": ["default"], "borderColor": "black", "colorIdentity": ["R"], "colors": ["R"], "convertedManaCost": 4.0, "count": 1, "edhrecRank": 24092, "finishes": ["nonfoil"], "flavorText": "\"You have led us to triumph over the forces of Mogis!\" said Brygus the Brave, clapping the Champion on the back. The Champion wiped the sweat and blood from her brow. \"I count eight graves,\" she said. \"Too many to call this a victory.\"\n—*The Theriad*", "foreignData": [], "frameVersion": "2015", "hasFoil": false, "hasNonFoil": true, "identifiers": {"cardsphereId": "68711", "mcmId": "474549", "mcmMetaId": "208773", "mtgArenaId": "72363", "mtgjsonV4Id": "83735f31-1955-599e-8b13-11dc827ab99e", "multiverseId": "489491", "scryfallCardBackId": "0aeebaf5-8c7d-4636-9e82-8c27447861f7", "scryfallId": "8b8c80ea-7b29-4335-ba7b-3e51a5a104a9", "scryfallIllustrationId": "6c9f7862-86f0-4506-81a6-03e065150337", "scryfallOracleId": "03a9ac3f-f6e4-4ade-9770-cf723434b7e8", "tcgplayerProductId": "216609"}, "isFoil": false, "isReprint": true, "language": "English", "layout": "normal", "legalities": {"brawl": "Legal", "commander": "Legal", "duel": "Legal", "explorer": "Legal", "gladiator": "Legal", "historic": "Legal", "legacy": "Legal", "modern": "Legal", "oathbreaker": "Legal", "pauper": "Legal", "paupercommander": "Legal", "penny": "Legal", "pioneer": "Legal", "timeless": "Legal", "vintage": "Legal"}, "manaCost": "{2}{R}{R}", "manaValue": 4.0, "name": "Borderland Minotaur", "number": "301", "power": "4", "printings": ["JMP", "THS"], "purchaseUrls": {"cardmarket": "https://mtgjson.com/links/222d31fa8e073774", "tcgplayer": "https://mtgjson.com/links/6d96e9da39b8b492"}, "rarity": "common", "setCode": "JMP", "sourceProducts": {"nonfoil": ["ca9092e8-a921-5e37-ab9d-4b0f76bb0d01"]}, "subtypes": ["Minotaur", "Warrior"], "supertypes": [], "toughness": "3", "type": "Creature — Minotaur Warrior", "types": ["Creature"], "uuid": "f06e1f63-dac1-5018-a784-1610122f9b55"}, {"artist": "Bryan Sola", "artistIds": ["e6879299-a28b-48bc-8db1-9cafcf36de09"], "availability": ["arena", "mtgo", "paper"], "boosterTypes": ["default"], "borderColor": "black", "colorIdentity": ["R"], "colors": ["R"], "convertedManaCost": 2.0, "count": 1, "edhrecRank": 19305, "edhrecSaltiness": 0.08, "finishes": ["nonfoil"], "flavorText": "\"The gods don't speak to mortals with gentle entreaties. They speak with thunder and fury.\"", "foreignData": [], "frameVersion": "2015", "hasFoil": false, "hasNonFoil": true, "identifiers": {"cardsphereId": "68486", "mcmId": "472939", "mcmMetaId": "308504", "mtgArenaId": "72125", "mtgjsonV4Id": "1f0bc4af-b1b8-5cf0-8731-0ef1a42c849f", "mtgoId": "81791", "multiverseId": "489189", "scryfallCardBackId": "0aeebaf5-8c7d-4636-9e82-8c27447861f7", "scryfallId": "af648aaf-a8e0-4291-acf9-5f8533728f92", "scryfallIllustrationId": "ccfdbb62-ceaf-4a80-b12d-0e922c52d843", "scryfallOracleId": "3ad5af12-1741-427d-92c4-6a730cd4faa2", "tcgplayerProductId": "216101"}, "isFoil": false, "keywords": ["Prowess"], "language": "English", "layout": "normal", "legalities": {"brawl": "Legal", "commander": "Legal", "duel": "Legal", "gladiator": "Legal", "historic": "Legal", "legacy": "Legal", "oathbreaker": "Legal", "pauper": "Legal", "paupercommander": "Legal", "timeless": "Legal", "vintage": "Legal"}, "manaCost": "{1}{R}", "manaValue": 2.0, "name": "Lightning Visionary", "number": "22", "power": "2", "printings": ["JMP"], "purchaseUrls": {"cardmarket": "https://mtgjson.com/links/8cbf42cebc588a83", "tcgplayer": "https://mtgjson.com/links/0b26cd5bf8570072"}, "rarity": "common", "setCode": "JMP", "sourceProducts": {"nonfoil": ["ca9092e8-a921-5e37-ab9d-4b0f76bb0d01"]}, "subtypes": ["Minotaur", "Shaman"], "supertypes": [], "text": "Prowess (Whenever you cast a noncreature spell, this creature gets +1/+1 until end of turn.)", "toughness": "1", "type": "Creature — Minotaur Shaman", "types": ["Creature"], "uuid": "c1a8f157-536c-5b22-a532-c9c29d91cf59"}, {"artist": "Phill Simmer", "artistIds": ["b1f04826-a04f-4bb8-b8be-5fcd97bd00c5"], "availability": ["arena", "paper"], "boosterTypes": ["default"], "borderColor": "black", "colorIdentity": ["R"], "colors": ["R"], "convertedManaCost": 3.0, "count": 1, "edhrecRank": 18537, "finishes": ["nonfoil"], "flavorText": "\"Their only dreams are of full stomachs.\"\n—Kleon the Iron-Booted", "foreignData": [], "frameVersion": "2015", "hasFoil": false, "hasNonFoil": true, "identifiers": {"cardsphereId": "68855", "mcmId": "474719", "mcmMetaId": "208781", "mtgArenaId": "72411", "mtgjsonV4Id": "2c180df5-84dd-5622-9ec6-628a7a6a808f", "multiverseId": "489539", "scryfallCardBackId": "0aeebaf5-8c7d-4636-9e82-8c27447861f7", "scryfallId": "b6fef9f8-ff3e-4a3f-a3ff-4534ff0c3946", "scryfallIllustrationId": "d353a224-56a2-4c87-b5a6-d0982ca95c3a", "scryfallOracleId": "dd36aea8-9f1c-4daf-86f6-ab9307279ce7", "tcgplayerProductId": "216657"}, "isFoil": false, "isReprint": true, "keywords": ["Haste"], "language": "English", "layout": "normal", "legalities": {"brawl": "Legal", "commander": "Legal", "duel": "Legal", "explorer": "Legal", "gladiator": "Legal", "historic": "Legal", "legacy": "Legal", "modern": "Legal", "oathbreaker": "Legal", "pauper": "Legal", "paupercommander": "Legal", "penny": "Legal", "pioneer": "Legal", "timeless": "Legal", "vintage": "Legal"}, "manaCost": "{2}{R}", "manaValue": 3.0, "name": "Minotaur Skullcleaver", "number": "349", "power": "2", "printings": ["JMP", "THS"], "purchaseUrls": {"cardmarket": "https://mtgjson.com/links/68290bcad24fcf1d", "tcgplayer": "https://mtgjson.com/links/78eae23df10336ec"}, "rarity": "common", "setCode": "JMP", "sourceProducts": {"nonfoil": ["ca9092e8-a921-5e37-ab9d-4b0f76bb0d01"]}, "subtypes": ["Minotaur", "Berserker"], "supertypes": [], "text": "Haste\nWhen Minotaur Skullcleaver enters, it gets +2/+0 until end of turn.", "toughness": "2", "type": "Creature — Minotaur Berserker", "types": ["Creature"], "uuid": "0d6d100f-67b9-548b-81f4-99ede2f74521"}, {"artist": "Joseph Meehan", "artistIds": ["6befd6d5-7f8d-4b7c-87e3-5511391a3359"], "availability": ["arena", "paper"], "boosterTypes": ["default"], "borderColor": "black", "colorIdentity": ["R"], "colors": ["R"], "convertedManaCost": 3.0, "count": 1, "edhrecRank": 17052, "edhrecSaltiness": 0.22, "finishes": ["nonfoil"], "flavorText": "\"Those wings are no advantage. I will pin them to the ceiling of the Hekma.\"", "foreignData": [], "frameVersion": "2015", "hasFoil": false, "hasNonFoil": true, "identifiers": {"cardsphereId": "68856", "mcmId": "474724", "mcmMetaId": "225608", "mtgArenaId": "72412", "mtgjsonV4Id": "cecfb7d1-6900-5336-bf08-2c76115152a4", "multiverseId": "489540", "scryfallCardBackId": "0aeebaf5-8c7d-4636-9e82-8c27447861f7", "scryfallId": "cbd65150-a698-4f23-836c-5cd0fb153eb3", "scryfallIllustrationId": "de6e8a13-56a3-4da5-a9cb-9b75fcdb7dac", "scryfallOracleId": "cbb6c481-bcf1-459d-a6fb-bb46cc521368", "tcgplayerProductId": "216659"}, "isFoil": false, "isReprint": true, "keywords": ["Reach"], "language": "English", "layout": "normal", "legalities": {"brawl": "Legal", "commander": "Legal", "duel": "Legal", "explorer": "Legal", "gladiator": "Legal", "historic": "Legal", "legacy": "Legal", "modern": "Legal", "oathbreaker": "Legal", "pauper": "Legal", "paupercommander": "Legal", "penny": "Legal", "pioneer": "Legal", "timeless": "Legal", "vintage": "Legal"}, "manaCost": "{2}{R}", "manaValue": 3.0, "name": "Minotaur Sureshot", "number": "350", "power": "2", "printings": ["AKH", "JMP"], "purchaseUrls": {"cardmarket": "https://mtgjson.com/links/566830ef4030a63b", "tcgplayer": "https://mtgjson.com/links/d6195f55bac5df05"}, "rarity": "common", "setCode": "JMP", "sourceProducts": {"nonfoil": ["ca9092e8-a921-5e37-ab9d-4b0f76bb0d01"]}, "subtypes": ["Minotaur", "Archer"], "supertypes": [], "text": "Reach (This creature can block creatures with flying.)\n{1}{R}: Minotaur Sureshot gets +1/+0 until end of turn.", "toughness": "3", "type": "Creature — Minotaur Archer", "types": ["Creature"], "uuid": "e7365281-c30f-5c12-908f-866349a71ef6"}, {"artist": "Phill Simmer", "artistIds": ["b1f04826-a04f-4bb8-b8be-5fcd97bd00c5"], "availability": ["arena", "paper"], "boosterTypes": ["default"], "borderColor": "black", "colorIdentity": ["R"], "colors": ["R"], "convertedManaCost": 5.0, "count": 1, "edhrecRank": 16194, "edhrecSaltiness": 0.46, "finishes": ["nonfoil"], "flavorText": "A minotaur does not distinguish between human, satyr, and triton. They are all meat.", "foreignData": [], "frameVersion": "2015", "hasFoil": false, "hasNonFoil": true, "identifiers": {"cardsphereId": "68828", "mcmId": "474629", "mcmMetaId": "209605", "mtgArenaId": "72383", "mtgjsonV4Id": "5fd47f0a-de46-57af-8151-b541c64105c2", "multiverseId": "489511", "scryfallCardBackId": "0aeebaf5-8c7d-4636-9e82-8c27447861f7", "scryfallId": "be522ae8-9cf4-4c63-9a1c-0010d482c00a", "scryfallIllustrationId": "084c8771-7500-4d02-9824-b7589ced2cd3", "scryfallOracleId": "0c8ab7bf-7b6a-4a34-b988-9f3f4d84a9ea", "tcgplayerProductId": "216633"}, "isFoil": false, "isReprint": true, "language": "English", "layout": "normal", "legalities": {"brawl": "Legal", "commander": "Legal", "duel": "Legal", "explorer": "Legal", "gladiator": "Legal", "historic": "Legal", "legacy": "Legal", "modern": "Legal", "oathbreaker": "Legal", "pauper": "Legal", "paupercommander": "Legal", "penny": "Legal", "pioneer": "Legal", "timeless": "Legal", "vintage": "Legal"}, "manaCost": "{4}{R}", "manaValue": 5.0, "name": "Flurry of Horns", "number": "321", "printings": ["JMP", "JOU"], "purchaseUrls": {"cardmarket": "https://mtgjson.com/links/634256c6d47c6997", "tcgplayer": "https://mtgjson.com/links/a0358e866ff58aa0"}, "rarity": "common", "setCode": "JMP", "sourceProducts": {"nonfoil": ["ca9092e8-a921-5e37-ab9d-4b0f76bb0d01"]}, "subtypes": [], "supertypes": [], "text": "Create two 2/3 red Minotaur creature tokens with haste.", "type": "Sorcery", "types": ["Sorcery"], "uuid": "6674a4a5-cc16-52aa-a35e-52d4f1070339"}, {"artist": "Greg Staples", "artistIds": ["93d65564-bf00-447b-8406-e2031f03b6b1"], "availability": ["arena", "paper"], "boosterTypes": ["default"], "borderColor": "black", "colorIdentity": ["R"], "colors": ["R"], "convertedManaCost": 1.0, "count": 1, "edhrecRank": 18849, "finishes": ["nonfoil"], "flavorText": "Scream: muffled. Pockets: emptied. Neck function: never the same again.", "foreignData": [], "frameVersion": "2015", "hasFoil": false, "hasNonFoil": true, "identifiers": {"cardsphereId": "68857", "mcmId": "474729", "mcmMetaId": "207246", "mtgArenaId": "72414", "mtgjsonV4Id": "a12da2c0-1cfb-5586-afdb-8c04615192eb", "multiverseId": "489542", "scryfallCardBackId": "0aeebaf5-8c7d-4636-9e82-8c27447861f7", "scryfallId": "3d36724e-0669-43f9-9d10-f67562b8c6bc", "scryfallIllustrationId": "44b96788-2ad7-4a0a-9f31-74f9da29c58a", "scryfallOracleId": "2e4f08c2-1bad-4a85-8aad-9bb34a5579b1", "tcgplayerProductId": "216660"}, "isFoil": false, "isReprint": true, "language": "English", "layout": "normal", "legalities": {"brawl": "Legal", "commander": "Legal", "duel": "Legal", "explorer": "Legal", "gladiator": "Legal", "historic": "Legal", "legacy": "Legal", "modern": "Legal", "oathbreaker": "Legal", "pauper": "Legal", "paupercommander": "Legal", "penny": "Legal", "pioneer": "Legal", "timeless": "Legal", "vintage": "Legal"}, "manaCost": "{R}", "manaValue": 1.0, "name": "Mugging", "number": "352", "printings": ["GTC", "JMP", "RVR"], "purchaseUrls": {"cardmarket": "https://mtgjson.com/links/37b63d91f0c55b02", "tcgplayer": "https://mtgjson.com/links/e3781ca37d271a81"}, "rarity": "common", "setCode": "JMP", "sourceProducts": {"nonfoil": ["ca9092e8-a921-5e37-ab9d-4b0f76bb0d01"]}, "subtypes": [], "supertypes": [], "text": "Mugging deals 2 damage to target creature. That creature can't block this turn.", "type": "Sorcery", "types": ["Sorcery"], "uuid": "fff24045-ad81-5683-bf9d-871a85c3bbca"}, {"artist": "Mathias Kollros", "artistIds": ["2ae0dd12-047c-4efb-80d7-bccc3bac5fba"], "availability": ["arena", "mtgo", "paper"], "boosterTypes": ["default"], "borderColor": "black", "colorIdentity": ["R"], "colors": ["R"], "convertedManaCost": 3.0, "count": 1, "edhrecRank": 11745, "edhrecSaltiness": 0.13, "finishes": ["nonfoil", "foil"], "flavorText": "There was no witty retort, no confident boast to accompany the attack. There was only pain.", "foreignData": [{"flavorText": "Es gab keinen geistreichen Kommentar, keine selbstbewusste Prahlerei … Es gab nur Schmerz.", "identifiers": {"multiverseId": "485742", "scryfallId": "f638edb6-d79e-4402-8262-b3baff7d6fe7"}, "language": "German", "multiverseId": 485742, "name": "Seele versengen", "text": "Seele versengen fügt einer Kreatur oder einem Planeswalker deiner Wahl 5 Schadenspunkte zu. Jene bleibende Karte verliert Unzerstörbarkeit bis zum Ende des Zuges.", "type": "Spontanzauber"}, {"flavorText": "No hubo una réplica ingeniosa ni un fanfarroneo altanero que acompañase el ataque. Solo dolor.", "identifiers": {"multiverseId": "486001", "scryfallId": "d5e76028-66df-4ec3-9354-ceef5cf953af"}, "language": "Spanish", "multiverseId": 486001, "name": "Calcinar el alma", "text": "Calcinar el alma hace 5 puntos de daño a la criatura o planeswalker objetivo. Ese permanente pierde la habilidad de indestructible hasta el final del turno.", "type": "Instantáneo"}, {"flavorText": "Il n'y avait ni remarque cinglante ni fanfaronnade pour accompagner l'attaque. Seulement la douleur.", "identifiers": {"multiverseId": "486260", "scryfallId": "25515dea-0402-41d1-93fa-f3150fdaa58d"}, "language": "French", "multiverseId": 486260, "name": "Calcination de l'âme", "text": "La Calcination de l'âme inflige 5 blessures à une cible, créature ou planeswalker. Ce permanent perd l'indestructible jusqu'à la fin du tour.", "type": "Éphémère"}, {"flavorText": "Nessuna osservazione spiritosa, né spavalde vanterie accompagnarono l'attacco. Ci fu soltanto dolore.", "identifiers": {"multiverseId": "486519", "scryfallId": "45a591dd-3a07-44b9-b710-557cb8e6f4d6"}, "language": "Italian", "multiverseId": 486519, "name": "Ustione dell'Anima", "text": "L'Ustione dell'Anima infligge 5 danni a una creatura o a un planeswalker bersaglio. Quel permanente perde indistruttibile fino alla fine del turno.", "type": "Istantaneo"}, {"flavorText": "その攻撃には、気の利いた反論も威勢のいい言葉も伴わなかった。ただ苦痛のみがあった。", "identifiers": {"multiverseId": "486778", "scryfallId": "92f7a198-cf68-49e7-9d48-732bb1a9aa85"}, "language": "Japanese", "multiverseId": 486778, "name": "魂焦がし", "text": "クリーチャー１体かプレインズウォーカー１体を対象とする。魂焦がしはそれに５点のダメージを与える。ターン終了時まで、そのパーマネントは破壊不能を失う。", "type": "インスタント"}, {"flavorText": "공격과 함께 날려보낼 재치 있는 대꾸도, 자신 있는 자랑도 없었다. 오직 고통만이 있었다.", "identifiers": {"multiverseId": "487037", "scryfallId": "36ef0e91-5c57-4c60-a3e6-b32ba457c055"}, "language": "Korean", "multiverseId": 487037, "name": "영혼 태우기", "text": "생물 또는 플레인즈워커를 목표로 정한다. 영혼 태우기는 그 목표에게 피해 5점을 입힌다. 그 지속물은 턴종료까지 무적을 잃는다.", "type": "순간마법"}, {"flavorText": "Não houve resposta sagaz nem vanglória para acompanhar o ataque. Só houve dor.", "identifiers": {"multiverseId": "487296", "scryfallId": "e809f7f5-ba9a-46fc-a83c-3551806f20fb"}, "language": "Portuguese (Brazil)", "multiverseId": 487296, "name": "Abrasamento da Alma", "text": "Abrasamento da Alma causa 5 pontos de dano à criatura ou ao planeswalker alvo. Aquela permanente perde indestrutível até o final do turno.", "type": "Mágica Instantânea"}, {"flavorText": "Атаку не сопровождали ни язвительные насмешки, ни самоуверенное хвастовство. Только боль.", "identifiers": {"multiverseId": "487555", "scryfallId": "2a521128-58b8-4ee9-9e4b-00a41df298d4"}, "language": "Russian", "multiverseId": 487555, "name": "Сжигание Души", "text": "Сжигание Души наносит 5 повреждений целевому существу или planeswalker'у. Тот перманент теряет Неразрушимость до конца хода.", "type": "Мгновенное заклинание"}, {"flavorText": "这次攻击带来的，没有机智回击，也没有自满吹嘘。只有无尽痛楚。", "identifiers": {"multiverseId": "487814", "scryfallId": "e32395f3-89ae-4096-a43a-5c6fbd5003a6"}, "language": "Chinese Simplified", "multiverseId": 487814, "name": "炙烤灵魂", "text": "炙烤灵魂对目标生物或鹏洛客造成5点伤害。该永久物失去不灭异能直到回合结束。", "type": "瞬间"}, {"flavorText": "這次攻擊帶來的，沒有機智回擊，也沒有自滿吹噓。只有無盡痛楚。", "identifiers": {"multiverseId": "488073", "scryfallId": "c9c0e82d-f087-4503-b2cb-7b990841cf21"}, "language": "Chinese Traditional", "multiverseId": 488073, "name": "炙烤靈魂", "text": "炙烤靈魂對目標生物或鵬洛客造成5點傷害。該永久物失去不滅異能直到回合結束。", "type": "瞬間"}], "frameVersion": "2015", "hasFoil": true, "hasNonFoil": true, "identifiers": {"cardsphereFoilId": "68099", "cardsphereId": "67682", "mcmId": "468124", "mcmMetaId": "307224", "mtgArenaId": "71942", "mtgjsonV4Id": "81c142b0-2a4f-5be7-8345-8ff04a1c3e7b", "mtgoId": "81547", "multiverseId": "485483", "scryfallCardBackId": "0aeebaf5-8c7d-4636-9e82-8c27447861f7", "scryfallId": "62584e4f-dac1-4d99-ac0a-6a2451603889", "scryfallIllustrationId": "afa42ceb-ab6c-4b03-a328-a98c0a2e1e97", "scryfallOracleId": "1ef73b3b-ab4a-494b-b969-dcde995cee34", "tcgplayerProductId": "215536"}, "isFoil": false, "language": "English", "layout": "normal", "legalities": {"brawl": "Legal", "commander": "Legal", "duel": "Legal", "explorer": "Legal", "gladiator": "Legal", "historic": "Legal", "legacy": "Legal", "modern": "Legal", "oathbreaker": "Legal", "pioneer": "Legal", "timeless": "Legal", "vintage": "Legal"}, "manaCost": "{2}{R}", "manaValue": 3.0, "name": "Soul Sear", "number": "160", "originalText": "Soul Sear deals 5 damage to target creature or planeswalker. That permanent loses indestructible until end of turn.", "originalType": "Instant", "printings": ["M21"], "purchaseUrls": {"cardmarket": "https://mtgjson.com/links/b1ac5e9204370ac5", "tcgplayer": "https://mtgjson.com/links/ed1bc98d30c4c885"}, "rarity": "uncommon", "rulings": [{"date": "2020-06-23", "text": "Soul Sear can target a creature or planeswalker that doesn't have indestructible."}], "setCode": "M21", "sourceProducts": {"foil": ["547f7fe8-5bf3-5b1f-b7d5-2348edfeb15f", "61ee3ba9-54d4-55e6-8c49-3977d922f30e"], "nonfoil": ["61ee3ba9-54d4-55e6-8c49-3977d922f30e", "ca9092e8-a921-5e37-ab9d-4b0f76bb0d01", "fde63a47-9596-54e4-9947-93c68a27d7a2"]}, "subtypes": [], "supertypes": [], "text": "Soul Sear deals 5 damage to target creature or planeswalker. That permanent loses indestructible until end of turn.", "type": "Instant", "types": ["Instant"], "uuid": "80b05e9c-9081-5663-8f8f-435d32b2f527"}, {"artist": "Jakub Kasper", "artistIds": ["36901417-ce61-4636-8b77-6db14a9cb68a"], "availability": ["arena", "mtgo", "paper"], "boosterTypes": ["default"], "borderColor": "black", "colorIdentity": ["R"], "colors": ["R"], "convertedManaCost": 2.0, "count": 1, "edhrecRank": 11371, "edhrecSaltiness": 0.33, "finishes": ["nonfoil", "foil"], "flavorText": "To survive imminent doom, it sometimes takes a foolhardy soul who acts first and fears later.", "foreignData": [{"flavorText": "So manche tollkühne Seele sprang dem Tod von der Schippe, weil sie erst handelte und sich später fürchtete.", "identifiers": {"multiverseId": "485745", "scryfallId": "252c95c9-1af1-44cb-a456-289663e823e0"}, "language": "German", "multiverseId": 485745, "name": "Sicherer Stoß", "text": "Eine Kreatur deiner Wahl erhält +3/+0 und Erstschlag bis zum Ende des Zuges. (Sie fügt Kampfschaden vor Kreaturen ohne Erstschlag zu.)", "type": "Spontanzauber"}, {"flavorText": "A veces, para sobrevivir al fracaso inminente, se necesita un alma inocente que actúe primero y se asuste después.", "identifiers": {"multiverseId": "486004", "scryfallId": "22a47afe-2f9e-41f5-be82-9c84c96cbe3d"}, "language": "Spanish", "multiverseId": 486004, "name": "Arremetida segura", "text": "La criatura objetivo obtiene +3/+0 y gana la habilidad de dañar primero hasta el final del turno. (Hace daño de combate antes que las criaturas sin la habilidad de dañar primero.)", "type": "Instantáneo"}, {"flavorText": "Pour survivre à une mort imminente, il faut parfois qu'une âme téméraire agisse avant de succomber à ses peurs.", "identifiers": {"multiverseId": "486263", "scryfallId": "ba1eaf50-6a5c-4c73-be73-6fc201230431"}, "language": "French", "multiverseId": 486263, "name": "Frappe assurée", "text": "La créature ciblée gagne +3/+0 et acquiert l'initiative jusqu'à la fin du tour. (Elle inflige des blessures de combat avant les créatures sans l'initiative.)", "type": "Éphémère"}, {"flavorText": "Per sopravvivere alla tragedia imminente, a volte serve un'anima avventata, che prima agisca e poi si spaventi.", "identifiers": {"multiverseId": "486522", "scryfallId": "8ac6ab78-9a2c-4156-9303-d06d18f7b59f"}, "language": "Italian", "multiverseId": 486522, "name": "Colpo Sicuro", "text": "Una creatura bersaglio prende +3/+0 e ha attacco improvviso fino alla fine del turno. (Infligge danno da combattimento prima delle creature senza attacco improvviso.)", "type": "Istantaneo"}, {"flavorText": "死を目前にすると、恐れるより先に無謀な行動をする者がいる。", "identifiers": {"multiverseId": "486781", "scryfallId": "51b31e72-b91b-4b8d-ace1-ab1b78b71ad6"}, "language": "Japanese", "multiverseId": 486781, "name": "確実な一撃", "text": "クリーチャー１体を対象とする。ターン終了時まで、それは＋３/＋０の修整を受け、先制攻撃を得る。（それは先制攻撃を持たないクリーチャーよりも先に戦闘ダメージを与える。）", "type": "インスタント"}, {"flavorText": "임박한 파멸에서 살아남으려면 때로는 가장 먼저 행동하고 나중에 두려워하는 무모한 자가 필요하다.", "identifiers": {"multiverseId": "487040", "scryfallId": "f4bbbbfd-83fb-4470-9c3b-e9867d85c0d1"}, "language": "Korean", "multiverseId": 487040, "name": "확실한 일격", "text": "생물을 목표로 정한다. 그 생물은 턴종료까지 +3/+0을 받고 선제공격을 얻는다. (이 생물은 선제공격이 없는 생물보다 먼저 전투피해를 입힌다.)", "type": "순간마법"}, {"flavorText": "Às vezes, para sobreviver a um fim iminente, é necessário ter uma alma temerária que aja primeiro e tema depois.", "identifiers": {"multiverseId": "487299", "scryfallId": "851bf958-dd60-4c1f-a38a-50193cfd2ca2"}, "language": "Portuguese (Brazil)", "multiverseId": 487299, "name": "Golpe Certeiro", "text": "A criatura alvo recebe +3/+0 e ganha iniciativa até o final do turno. (Ela causa dano de combate antes das criaturas sem iniciativa.)", "type": "Mágica Instantânea"}, {"flavorText": "Чтобы спастись от верной гибели, иногда нужен безрассудный боец, который сначала будет действовать, а уже потом — бояться.", "identifiers": {"multiverseId": "487558", "scryfallId": "65016de1-7bb1-4d17-8004-c995490a2cc7"}, "language": "Russian", "multiverseId": 487558, "name": "Верный Удар", "text": "Целевое существо получает +3/+0 и Первый удар до конца хода. (Оно наносит боевые повреждения раньше существ без Первого удара.)", "type": "Мгновенное заклинание"}, {"flavorText": "在末日来临之时，想要生存，有时需要鲁莽之士的义无反顾。", "identifiers": {"multiverseId": "487817", "scryfallId": "d76b6be0-3fe9-4bf2-990a-c987358ccd59"}, "language": "Chinese Simplified", "multiverseId": 487817, "name": "必中一击", "text": "直到回合结束，目标生物得+3/+0且获得先攻异能。（它会比不具先攻异能的生物提前造成战斗伤害。）", "type": "瞬间"}, {"flavorText": "在末日來臨之時，想要生存，有時需要魯莽之士的義無反顧。", "identifiers": {"multiverseId": "488076", "scryfallId": "6928a44b-4e84-44fb-98ff-5b5575cb2510"}, "language": "Chinese Traditional", "multiverseId": 488076, "name": "必中一擊", "text": "直到回合結束，目標生物得+3/+0且獲得先攻異能。（它會比不具先攻異能的生物提前造成戰鬥傷害。）", "type": "瞬間"}], "frameVersion": "2015", "hasFoil": true, "hasNonFoil": true, "identifiers": {"cardsphereFoilId": "68109", "cardsphereId": "67857", "mcmId": "472004", "mcmMetaId": "220811", "mtgArenaId": "71945", "mtgjsonV4Id": "046efd79-2d46-5a1b-8d14-7291dff9a73b", "mtgoId": "81553", "multiverseId": "485486", "scryfallCardBackId": "0aeebaf5-8c7d-4636-9e82-8c27447861f7", "scryfallId": "064a6f1c-a058-4cc8-b467-5dbecb5eeb99", "scryfallIllustrationId": "195c2950-9ffa-4a77-a5e7-5b3978cefb43", "scryfallOracleId": "fb694e7e-f66e-4958-b6ed-aa74bc9ac43e", "tcgplayerProductId": "215890"}, "isFoil": false, "isReprint": true, "language": "English", "layout": "normal", "legalities": {"brawl": "Legal", "commander": "Legal", "duel": "Legal", "explorer": "Legal", "gladiator": "Legal", "historic": "Legal", "legacy": "Legal", "modern": "Legal", "oathbreaker": "Legal", "pauper": "Legal", "paupercommander": "Legal", "penny": "Legal", "pioneer": "Legal", "timeless": "Legal", "vintage": "Legal"}, "manaCost": "{1}{R}", "manaValue": 2.0, "name": "Sure Strike", "number": "163", "originalText": "Target creature gets +3/+0 and gains first strike until end of turn. (It deals combat damage before creatures without first strike.)", "originalType": "Instant", "printings": ["BFZ", "DBL", "GRN", "M19", "M21", "PLST", "VOW", "XLN"], "purchaseUrls": {"cardmarket": "https://mtgjson.com/links/e2ed18755673f0f8", "tcgplayer": "https://mtgjson.com/links/8809bd3079e9089c"}, "rarity": "common", "setCode": "M21", "sourceProducts": {"foil": ["547f7fe8-5bf3-5b1f-b7d5-2348edfeb15f", "61ee3ba9-54d4-55e6-8c49-3977d922f30e"], "nonfoil": ["61ee3ba9-54d4-55e6-8c49-3977d922f30e", "a598f9ce-12cf-5a24-9442-0305527400f0", "ca9092e8-a921-5e37-ab9d-4b0f76bb0d01"]}, "subtypes": [], "supertypes": [], "text": "Target creature gets +3/+0 and gains first strike until end of turn.", "type": "Instant", "types": ["Instant"], "uuid": "f23de900-1b77-554d-8701-d7e157e996c6"}, {"artist": "Jason Felix", "artistIds": ["af42a44c-8ec3-47a7-9047-5d29ddad186d"], "availability": ["arena", "paper"], "boosterTypes": ["default"], "borderColor": "black", "colorIdentity": [], "colors": [], "convertedManaCost": 3.0, "count": 1, "edhrecRank": 130, "edhrecSaltiness": 0.26, "finishes": ["nonfoil"], "foreignData": [], "frameVersion": "2015", "hasFoil": false, "hasNonFoil": true, "identifiers": {"cardsphereId": "68635", "mcmId": "474079", "mcmMetaId": "226524", "mtgArenaId": "72531", "mtgjsonV4Id": "ce14bc28-b420-57b3-957c-db9e40089f91", "multiverseId": "489452", "scryfallCardBackId": "0aeebaf5-8c7d-4636-9e82-8c27447861f7", "scryfallId": "e64d51b3-20a2-4cc3-bd70-7f165940c157", "scryfallIllustrationId": "839cb1cd-4571-4ccd-9be5-3be2251e4df3", "scryfallOracleId": "c02c5547-b9c9-4b2d-9d12-e87bfba8f2d2", "tcgplayerProductId": "216364"}, "isFoil": false, "isReprint": true, "language": "English", "layout": "normal", "legalities": {"brawl": "Legal", "commander": "Legal", "duel": "Legal", "gladiator": "Legal", "historic": "Legal", "legacy": "Legal", "oathbreaker": "Legal", "timeless": "Legal", "vintage": "Legal"}, "manaCost": "{3}", "manaValue": 3.0, "name": "Herald's Horn", "number": "469", "printings": ["40K", "C17", "CLB", "CMM", "JMP", "LCC", "LTC", "M3C", "MOC", "PL22", "PLST", "PZ2"], "purchaseUrls": {"cardmarket": "https://mtgjson.com/links/22c3eeced35966d3", "tcgplayer": "https://mtgjson.com/links/2c373286f2521ccd"}, "rarity": "uncommon", "rulings": [{"date": "2017-08-25", "text": "If you don't put the top card of your library into your hand, you put it back on top of your library without revealing it. You'll draw it in that turn's draw step."}, {"date": "2017-08-25", "text": "If you somehow control a Herald's Horn with no chosen creature type, no spells will cost less to cast, not even creature spells with no creature type. You'll be able to look at the top card of your library at the beginning of each of your upkeeps, but you can never put it into your hand this way, even if it's a creature card with no creature type."}, {"date": "2017-08-25", "text": "The effect of Herald's Horn reduces only generic mana in a spell's cost. If that cost has no generic mana, the cost isn't reduced."}, {"date": "2017-08-25", "text": "To determine the total cost of a spell, start with the mana cost or alternative cost you're paying, add any cost increases, then apply any cost reductions. The mana value of the spell remains unchanged, no matter what the total cost to cast it was."}, {"date": "2017-08-25", "text": "You can't choose multiple creature types, such as \"Cat Warrior.\" A Cat Warrior is both a Cat and a Warrior. It's affected by anything that affects either type and unaffected by things that affect non-Cat or non-Warrior creatures."}, {"date": "2017-08-25", "text": "You must choose an existing creature type, such as Vampire or Cat. Card types such as \"artifact\" can't be chosen."}], "setCode": "JMP", "sourceProducts": {"nonfoil": ["ca9092e8-a921-5e37-ab9d-4b0f76bb0d01"]}, "subtypes": [], "supertypes": [], "text": "As Herald's Horn enters, choose a creature type.\nCreature spells you cast of the chosen type cost {1} less to cast.\nAt the beginning of your upkeep, look at the top card of your library. If it's a creature card of the chosen type, you may reveal it and put it into your hand.", "type": "Artifact", "types": ["Artifact"], "uuid": "246b9b2b-2ee2-5693-b93e-6b6e786ddb8e"}, {"artist": "Johannes Voss", "artistIds": ["3593dd7e-c547-4a32-81cd-7da725f60118"], "availability": ["arena", "mtgo", "paper"], "boosterTypes": ["default"], "borderColor": "black", "colorIdentity": ["R"], "colors": [], "convertedManaCost": 0.0, "count": 1, "edhrecRank": 1369, "edhrecSaltiness": 0.03, "finishes": ["nonfoil"], "flavorText": "As eons passed, the rock wore away, revealing the rich colors at the mountain's heart.", "foreignData": [], "frameVersion": "2015", "hasFoil": false, "hasNonFoil": true, "identifiers": {"cardsphereId": "68324", "mcmId": "472514", "mcmMetaId": "308464", "mtgArenaId": "72136", "mtgjsonV4Id": "e92c01e4-f1b6-5653-bc2c-3be042f7e96d", "mtgoId": "81813", "multiverseId": "489200", "scryfallCardBackId": "0aeebaf5-8c7d-4636-9e82-8c27447861f7", "scryfallId": "15481459-3703-4185-ad27-105d95691e9d", "scryfallIllustrationId": "5da6f84f-f091-422e-ba23-172dee4aca0f", "scryfallOracleId": "91fceb34-0f2d-4392-be27-00dcd765637f", "tcgplayerProductId": "215955"}, "isFoil": false, "language": "English", "layout": "normal", "legalities": {"brawl": "Legal", "commander": "Legal", "duel": "Legal", "gladiator": "Legal", "historic": "Legal", "legacy": "Legal", "oathbreaker": "Legal", "pauper": "Legal", "paupercommander": "Legal", "timeless": "Legal", "vintage": "Legal"}, "manaValue": 0.0, "name": "Thriving Bluff", "number": "33", "printings": ["BLC", "CLU", "CMM", "J22", "JMP", "LCC", "NCC", "WHO"], "purchaseUrls": {"cardmarket": "https://mtgjson.com/links/e45ce581e2cc0d2f", "tcgplayer": "https://mtgjson.com/links/acf7db2f001f0e9c"}, "rarity": "common", "setCode": "JMP", "sourceProducts": {"nonfoil": ["ca9092e8-a921-5e37-ab9d-4b0f76bb0d01"]}, "subtypes": [], "supertypes": [], "text": "Thriving Bluff enters tapped. As it enters, choose a color other than red.\n{T}: Add {R} or one mana of the chosen color.", "type": "Land", "types": ["Land"], "uuid": "115710ca-4067-5c4d-8800-9955aa264285"}, {"artist": "Cliff Childs", "artistIds": ["ed6f7e03-20ba-4c73-bdda-4a4928480721"], "availability": ["arena", "mtgo", "paper"], "boosterTypes": ["default"], "borderColor": "black", "colorIdentity": ["R"], "colors": [], "convertedManaCost": 0.0, "count": 6, "edhrecSaltiness": 0.35, "finishes": ["nonfoil", "foil"], "foreignData": [{"identifiers": {"multiverseId": "488485", "scryfallId": "1ca37100-9639-4ce0-8f9e-57080fda1f79"}, "language": "German", "multiverseId": 488485, "name": "Gebirge", "type": "Standardland — Gebirge"}, {"identifiers": {"multiverseId": "488500", "scryfallId": "0481558e-c369-4942-aea4-526fbb7528f7"}, "language": "Spanish", "multiverseId": 488500, "name": "Montaña", "type": "Tierra básica — Montaña"}, {"identifiers": {"multiverseId": "488515", "scryfallId": "95d04448-88dc-414a-a8ef-d1e44658eee6"}, "language": "French", "multiverseId": 488515, "name": "Montagne", "type": "Terrain de base : montagne"}, {"identifiers": {"multiverseId": "488530", "scryfallId": "945143b1-7354-4f71-9fa9-184753727513"}, "language": "Italian", "multiverseId": 488530, "name": "Montagna", "type": "Terra Base — Montagna"}, {"identifiers": {"multiverseId": "488545", "scryfallId": "268d9a17-7209-4f04-9863-1f7e30d6c79b"}, "language": "Japanese", "multiverseId": 488545, "name": "山", "type": "基本土地 — 山"}, {"identifiers": {"multiverseId": "488560", "scryfallId": "2df6dc03-4f51-451a-a98a-d5406a0cd567"}, "language": "Korean", "multiverseId": 488560, "name": "산", "type": "기본 대지 — 산"}, {"identifiers": {"multiverseId": "488575", "scryfallId": "5b3aef81-aff8-4517-a3fc-1774bc0585fa"}, "language": "Portuguese (Brazil)", "multiverseId": 488575, "name": "Montanha", "type": "Terreno Básico — Montanha"}, {"identifiers": {"multiverseId": "488590", "scryfallId": "a88c6477-ed50-4dfb-965d-2327ceda352b"}, "language": "Russian", "multiverseId": 488590, "name": "Гора", "type": "Базовая Земля — Гора"}, {"identifiers": {"multiverseId": "488605", "scryfallId": "2ecf847c-687e-46bb-9a89-f531f0bb3315"}, "language": "Chinese Simplified", "multiverseId": 488605, "name": "山脉", "type": "基本地 ～山脉"}, {"identifiers": {"multiverseId": "488620", "scryfallId": "3a82c9e6-3b3b-4bff-96b0-dda28c44370d"}, "language": "Chinese Traditional", "multiverseId": 488620, "name": "山脈", "type": "基本地 ～山脈"}], "frameVersion": "2015", "hasFoil": true, "hasNonFoil": true, "identifiers": {"cardsphereFoilId": "68896", "cardsphereId": "67957", "mcmId": "471154", "mtgArenaId": "72089", "mtgjsonV4Id": "c99ae80c-01e6-5520-9f4d-0878ff557b4e", "mtgoId": "81217", "multiverseId": "488470", "scryfallCardBackId": "0aeebaf5-8c7d-4636-9e82-8c27447861f7", "scryfallId": "b92c8925-ecfc-4ece-b83a-f12e98a938ab", "scryfallIllustrationId": "11ce9f45-c0be-4bcb-888a-d2592fadec06", "scryfallOracleId": "a3fb7228-e76b-4e96-a40e-20b5fed75685", "tcgplayerProductId": "215722"}, "isFoil": false, "isReprint": true, "language": "English", "layout": "normal", "legalities": {"alchemy": "Legal", "brawl": "Legal", "commander": "Legal", "duel": "Legal", "explorer": "Legal", "future": "Legal", "gladiator": "Legal", "historic": "Legal", "legacy": "Legal", "modern": "Legal", "oathbreaker": "Legal", "pauper": "Legal", "paupercommander": "Legal", "penny": "Legal", "pioneer": "Legal", "predh": "Legal", "premodern": "Legal", "standard": "Legal", "standardbrawl": "Legal", "timeless": "Legal", "vintage": "Legal"}, "manaValue": 0.0, "name": "Mountain", "number": "269", "originalText": "R", "originalType": "Basic Land — Mountain", "printings": ["10E", "2ED", "2XM", "30A", "3ED", "40K", "4BB", "4ED", "5ED", "6ED", "7ED", "8ED", "9ED", "ACR", "AFR", "AKH", "AKR", "ALA", "ANA", "ANB", "ARC", "ARN", "ATH", "AVR", "BBD", "BFZ", "BLB", "BRB", "BRC", "BRO", "BTD", "C13", "C14", "C15", "C16", "C17", "C18", "C19", "CED", "CEI", "CHK", "CLB", "CLU", "CM2", "CMA", "CMD", "CMM", "CMR", "CST", "DD1", "DD2", "DDE", "DDG", "DDH", "DDI", "DDJ", "DDK", "DDL", "DDN", "DDP", "DDS", "DDT", "DDU", "DKM", "DMR", "DMU", "DOM", "DPA", "DSK", "DTK", "E01", "ELD", "EVG", "FBB", "FRF", "G17", "GK1", "GK2", "GN2", "GN3", "GNT", "GRN", "GS1", "H09", "HBG", "HOP", "HOU", "ICE", "IKO", "INV", "ISD", "ITP", "J14", "J22", "JMP", "JVC", "KHM", "KLD", "KLR", "KTK", "LCI", "LEA", "LEB", "LRW", "LTR", "M10", "M11", "M12", "M13", "M14", "M15", "M19", "M20", "M21", "MBS", "ME1", "ME3", "MH2", "MH3", "MID", "MIR", "MKM", "MMQ", "MOM", "MRD", "NEO", "NPH", "ODY", "OLEP", "ONE", "ONS", "ORI", "OTJ", "P02", "P23", "PAL00", "PAL01", "PAL03", "PAL04", "PAL05", "PAL06", "PAL99", "PALP", "PANA", "PARL", "PC2", "PCA", "PD2", "PELP", "PF19", "PF20", "PGPX", "PGRU", "PIP", "PL24", "PLST", "PMPS", "PMPS06", "PMPS07", "PMPS08", "PMPS09", "PMPS10", "PMPS11", "POR", "PPP1", "PRM", "PRW2", "PRWK", "PS11", "PSAL", "PSS2", "PSS3", "PSS4", "PTC", "PTK", "PZ2", "RAV", "REX", "RIX", "RNA", "ROE", "RQS", "RTR", "S99", "SCD", "SHM", "SIR", "SLD", "SNC", "SOI", "SOM", "STX", "SUM", "TD0", "THB", "THS", "TMP", "TPR", "TSP", "UGL", "UND", "UNF", "UNH", "USG", "UST", "VOW", "WAR", "WC00", "WC01", "WC02", "WC03", "WC97", "WC98", "WC99", "WHO", "WOE", "XANA", "XLN", "ZEN", "ZNR"], "purchaseUrls": {"tcgplayer": "https://mtgjson.com/links/c35f03cf3db9e8b8"}, "rarity": "common", "setCode": "M21", "sourceProducts": {"foil": ["547f7fe8-5bf3-5b1f-b7d5-2348edfeb15f", "61ee3ba9-54d4-55e6-8c49-3977d922f30e"], "nonfoil": ["61ee3ba9-54d4-55e6-8c49-3977d922f30e", "a598f9ce-12cf-5a24-9442-0305527400f0", "ca9092e8-a921-5e37-ab9d-4b0f76bb0d01"]}, "subtypes": ["Mountain"], "supertypes": ["Basic"], "text": "({T}: Add {R}.)", "type": "Basic Land — Mountain", "types": ["Land"], "uuid": "0ef985c1-e2c4-5e7b-baa9-8014da1fc934", "variations": ["b3c01104-639b-53a0-9613-b9c00afa9daa", "9db2788f-544b-5631-8c27-e9470cc6adfe", "3cabbf32-9716-54d5-a2b0-cf3e65bb573f"]}, {"artist": "Adam Paquette", "artistIds": ["89023dad-e6c0-41e0-83fb-eb2bfbbdc3f2"], "availability": ["arena", "paper"], "boosterTypes": ["default"], "borderColor": "black", "colorIdentity": ["R"], "colors": [], "convertedManaCost": 0.0, "count": 1, "edhrecSaltiness": 0.35, "finishes": ["nonfoil"], "foreignData": [], "frameVersion": "2015", "hasFoil": false, "hasNonFoil": true, "identifiers": {"cardsphereId": "68636", "mcmId": "474069", "mtgArenaId": "72589", "mtgjsonV4Id": "198f5763-3a54-57f4-b1d6-47243cc0cce8", "multiverseId": "489653", "scryfallCardBackId": "0aeebaf5-8c7d-4636-9e82-8c27447861f7", "scryfallId": "99c3decf-4a32-45ff-b7f6-ea2d52387c89", "scryfallIllustrationId": "1eae052e-b4ba-47c2-9c05-a2d406410abe", "scryfallOracleId": "a3fb7228-e76b-4e96-a40e-20b5fed75685", "tcgplayerProductId": "216366"}, "isFoil": false, "isReprint": true, "language": "English", "layout": "normal", "legalities": {"alchemy": "Legal", "brawl": "Legal", "commander": "Legal", "duel": "Legal", "explorer": "Legal", "future": "Legal", "gladiator": "Legal", "historic": "Legal", "legacy": "Legal", "modern": "Legal", "oathbreaker": "Legal", "pauper": "Legal", "paupercommander": "Legal", "penny": "Legal", "pioneer": "Legal", "predh": "Legal", "premodern": "Legal", "standard": "Legal", "standardbrawl": "Legal", "timeless": "Legal", "vintage": "Legal"}, "manaValue": 0.0, "name": "Mountain", "number": "69", "printings": ["10E", "2ED", "2XM", "30A", "3ED", "40K", "4BB", "4ED", "5ED", "6ED", "7ED", "8ED", "9ED", "ACR", "AFR", "AKH", "AKR", "ALA", "ANA", "ANB", "ARC", "ARN", "ATH", "AVR", "BBD", "BFZ", "BLB", "BRB", "BRC", "BRO", "BTD", "C13", "C14", "C15", "C16", "C17", "C18", "C19", "CED", "CEI", "CHK", "CLB", "CLU", "CM2", "CMA", "CMD", "CMM", "CMR", "CST", "DD1", "DD2", "DDE", "DDG", "DDH", "DDI", "DDJ", "DDK", "DDL", "DDN", "DDP", "DDS", "DDT", "DDU", "DKM", "DMR", "DMU", "DOM", "DPA", "DSK", "DTK", "E01", "ELD", "EVG", "FBB", "FRF", "G17", "GK1", "GK2", "GN2", "GN3", "GNT", "GRN", "GS1", "H09", "HBG", "HOP", "HOU", "ICE", "IKO", "INV", "ISD", "ITP", "J14", "J22", "JMP", "JVC", "KHM", "KLD", "KLR", "KTK", "LCI", "LEA", "LEB", "LRW", "LTR", "M10", "M11", "M12", "M13", "M14", "M15", "M19", "M20", "M21", "MBS", "ME1", "ME3", "MH2", "MH3", "MID", "MIR", "MKM", "MMQ", "MOM", "MRD", "NEO", "NPH", "ODY", "OLEP", "ONE", "ONS", "ORI", "OTJ", "P02", "P23", "PAL00", "PAL01", "PAL03", "PAL04", "PAL05", "PAL06", "PAL99", "PALP", "PANA", "PARL", "PC2", "PCA", "PD2", "PELP", "PF19", "PF20", "PGPX", "PGRU", "PIP", "PL24", "PLST", "PMPS", "PMPS06", "PMPS07", "PMPS08", "PMPS09", "PMPS10", "PMPS11", "POR", "PPP1", "PRM", "PRW2", "PRWK", "PS11", "PSAL", "PSS2", "PSS3", "PSS4", "PTC", "PTK", "PZ2", "RAV", "REX", "RIX", "RNA", "ROE", "RQS", "RTR", "S99", "SCD", "SHM", "SIR", "SLD", "SNC", "SOI", "SOM", "STX", "SUM", "TD0", "THB", "THS", "TMP", "TPR", "TSP", "UGL", "UND", "UNF", "UNH", "USG", "UST", "VOW", "WAR", "WC00", "WC01", "WC02", "WC03", "WC97", "WC98", "WC99", "WHO", "WOE", "XANA", "XLN", "ZEN", "ZNR"], "purchaseUrls": {"tcgplayer": "https://mtgjson.com/links/94fb1e48e9a8bda2"}, "rarity": "common", "setCode": "JMP", "sourceProducts": {"nonfoil": ["ca9092e8-a921-5e37-ab9d-4b0f76bb0d01"]}, "subtypes": ["Mountain"], "supertypes": ["Basic"], "text": "({T}: Add {R}.)", "type": "Basic Land — Mountain", "types": ["Land"], "uuid": "3e9318de-15bf-53df-b89f-a73ff9930714", "variations": ["2a7ca032-f5a6-5f6a-85d9-d56f38a10962", "e6d85336-b24d-5180-b9aa-5ceb86db19d5", "16c51de0-a63d-5030-8f0a-9bf62e7b0004", "bc5d5a2c-0237-5157-8577-ae4e17e49bde", "4b7d8a15-3c56-5f5e-ac05-d2f3cff4ea7f", "cf82442b-636d-5efc-a977-cb986936a2be", "8d156bd9-7abb-54c8-b532-0fe5d7570ba1"]}], "name": "Minotaurs (1)", "releaseDate": "2020-07-17", "sealedProductUuids": null, "sideBoard": [], "type": "Jumpstart"}}