{"meta": {"date": "2024-09-03", "version": "5.2.2+20240903"}, "data": {"code": "SLD", "commander": [], "mainBoard": [{"artist": "Martin Ansin", "artistIds": ["f13b4e0a-ed55-4666-8371-f99c30cad605"], "availability": ["paper"], "borderColor": "borderless", "colorIdentity": ["B"], "colors": ["B"], "convertedManaCost": 3.0, "count": 1, "edhrecRank": 1096, "edhrecSaltiness": 0.34, "finishes": ["nonfoil", "foil"], "foreignData": [], "frameVersion": "2015", "hasFoil": true, "hasNonFoil": true, "identifiers": {"cardsphereFoilId": "85942", "cardsphereId": "85916", "mtgjsonV4Id": "fd88da28-6d05-5a46-9a8f-afe3eb37c245", "scryfallCardBackId": "0aeebaf5-8c7d-4636-9e82-8c27447861f7", "scryfallId": "03da66e3-a369-4433-a2b8-8625403d34b0", "scryfallIllustrationId": "5ec7f5b3-5622-48bd-84df-968b110d90d3", "scryfallOracleId": "fd74f8eb-0253-42dd-8277-186d4934da38", "tcgplayerProductId": "251750"}, "isFoil": false, "isFullArt": true, "isReprint": true, "language": "English", "layout": "normal", "legalities": {"brawl": "Legal", "commander": "Legal", "duel": "Legal", "gladiator": "Legal", "historic": "Legal", "legacy": "Legal", "modern": "Legal", "oathbreaker": "Legal", "predh": "Legal", "timeless": "Legal", "vintage": "Legal"}, "manaCost": "{1}{B/P}{B/P}", "manaValue": 3.0, "name": "Dismember", "number": "321", "originalReleaseDate": "2021-10-15", "printings": ["F12", "MD1", "MM2", "NPH", "PLST", "PRM", "PW22", "SLD", "SPG", "TSR"], "promoTypes": ["poster"], "purchaseUrls": {"tcgplayer": "https://mtgjson.com/links/6546c22d63129976"}, "rarity": "rare", "rulings": [{"date": "2024-06-07", "text": "A Phyrexian mana symbol contributes 1 toward the mana value of a card, even if life is paid for it. Specifically, Dismember's mana value is always 3."}], "securityStamp": "oval", "setCode": "SLD", "sourceProducts": {"foil": ["6e171d4a-24b9-5bb5-a093-1ca17521973f"], "nonfoil": ["eee50b20-c0d3-54b7-8c19-464044191100"]}, "subsets": ["Monster Movie Marathon"], "subtypes": [], "supertypes": [], "text": "({B/P} can be paid with either {B} or 2 life.)\nTarget creature gets -5/-5 until end of turn.", "type": "Instant", "types": ["Instant"], "uuid": "efe33cfc-84e7-5229-a54a-4ef5f28e57e2", "variations": ["cf205fec-95fc-5a8a-8b8b-e3e0d9808780"]}, {"artist": "Martin Ansin", "artistIds": ["f13b4e0a-ed55-4666-8371-f99c30cad605"], "availability": ["paper"], "borderColor": "borderless", "colorIdentity": ["R"], "colors": ["R"], "convertedManaCost": 9.0, "count": 1, "edhrecRank": 24, "edhrecSaltiness": 0.63, "finishes": ["nonfoil", "foil"], "foreignData": [], "frameVersion": "2015", "hasFoil": true, "hasNonFoil": true, "identifiers": {"cardsphereFoilId": "85943", "cardsphereId": "85914", "mtgjsonV4Id": "44318105-3756-5cbe-8be5-0953887fb8a5", "scryfallCardBackId": "0aeebaf5-8c7d-4636-9e82-8c27447861f7", "scryfallId": "4a184a4a-2c8c-4a10-9b26-a174859fa1e8", "scryfallIllustrationId": "abd4b1b7-cb95-457d-a7d7-430b5bfcf560", "scryfallOracleId": "7a2484a9-04fd-41a0-8224-610c1c07ed10", "tcgplayerProductId": "251752"}, "isFoil": false, "isFullArt": true, "isReprint": true, "language": "English", "layout": "normal", "legalities": {"commander": "Legal", "duel": "Legal", "legacy": "Legal", "modern": "Legal", "oathbreaker": "Legal", "penny": "Legal", "vintage": "Legal"}, "manaCost": "{8}{R}", "manaValue": 9.0, "name": "Blasphemous Act", "number": "322", "originalReleaseDate": "2021-10-15", "printings": ["2XM", "40K", "BLC", "BRC", "C14", "C16", "C18", "C21", "CLB", "CM2", "CMM", "CMR", "ISD", "LCC", "LTC", "NCC", "PIP", "PLST", "PRM", "SCD", "SLD", "VOC", "WHO"], "promoTypes": ["poster"], "purchaseUrls": {"tcgplayer": "https://mtgjson.com/links/0e94ec4810a6fdb5"}, "rarity": "rare", "rulings": [{"date": "2020-11-10", "text": "Although players may respond to Blasphemous Act once it's been cast, once it's announced, they can't respond before the cost is calculated and paid."}, {"date": "2020-11-10", "text": "Blasphemous Act's ability can't reduce the total cost to cast the spell below {R}."}, {"date": "2020-11-10", "text": "The total cost to cast Blasphemous Act is locked in before you pay that cost. For example, if there are three creatures on the battlefield, including one you can sacrifice to add {C}, the total cost of Blasphemous Act is {5}{R}. Then you can sacrifice the creature when you activate mana abilities just before paying the cost."}, {"date": "2020-11-10", "text": "To determine the total cost of a spell, start with the mana cost or alternative cost you're paying, add any cost increases, then apply any cost reductions (such as that of Blasphemous Act). The mana value of the spell is determined only by its mana cost, no matter what the total cost to cast the spell was."}], "securityStamp": "oval", "setCode": "SLD", "sourceProducts": {"foil": ["6e171d4a-24b9-5bb5-a093-1ca17521973f"], "nonfoil": ["eee50b20-c0d3-54b7-8c19-464044191100"]}, "subsets": ["Monster Movie Marathon"], "subtypes": [], "supertypes": [], "text": "This spell costs {1} less to cast for each creature on the battlefield.\nBlasphemous Act deals 13 damage to each creature.", "type": "Sorcery", "types": ["Sorcery"], "uuid": "5d5b41b0-aa8b-5d2c-a698-b62149bbb3b4"}, {"artist": "Martin Ansin", "artistIds": ["f13b4e0a-ed55-4666-8371-f99c30cad605"], "availability": ["paper"], "borderColor": "borderless", "colorIdentity": ["G"], "colors": ["G"], "convertedManaCost": 3.0, "count": 1, "edhrecRank": 22, "edhrecSaltiness": 0.39, "finishes": ["nonfoil", "foil"], "foreignData": [], "frameVersion": "2015", "hasFoil": true, "hasNonFoil": true, "identifiers": {"cardsphereFoilId": "85945", "cardsphereId": "85913", "mtgjsonV4Id": "736fe6b0-f393-50d3-b5c6-bb836c029ac8", "scryfallCardBackId": "0aeebaf5-8c7d-4636-9e82-8c27447861f7", "scryfallId": "a23446e7-8573-4e8e-8698-e4ca62424416", "scryfallIllustrationId": "9cf30ea2-3af4-4b69-9c80-ff2005e32196", "scryfallOracleId": "7735eeba-693b-47e2-bd51-414379cf1016", "tcgplayerProductId": "251754"}, "isFoil": false, "isFullArt": true, "isReprint": true, "language": "English", "layout": "normal", "legalities": {"commander": "Legal", "duel": "Legal", "legacy": "Legal", "modern": "Legal", "oathbreaker": "Legal", "predh": "Legal", "vintage": "Legal"}, "manaCost": "{2}{G}", "manaValue": 3.0, "name": "Beast Within", "number": "323", "originalReleaseDate": "2021-10-15", "printings": ["AFC", "BBD", "BLC", "C16", "C19", "C20", "C21", "CLB", "CMR", "CN2", "DDL", "DMC", "LCC", "LTC", "M3C", "MIC", "NCC", "NEC", "NPH", "ONC", "PC2", "PCA", "PLST", "PW23", "SCD", "SLD", "TSR", "WHO"], "promoTypes": ["poster"], "purchaseUrls": {"tcgplayer": "https://mtgjson.com/links/cf9ffb28c50824ef"}, "rarity": "rare", "rulings": [{"date": "2013-07-01", "text": "If the permanent is still a legal target but is not destroyed (perhaps because it regenerated or has indestructible), its controller still gets the Beast token."}, {"date": "2021-03-19", "text": "If the target permanent is an illegal target by the time Beast Within tries to resolve, the spell won't resolve. No player creates a Beast token. If the target is legal but not destroyed (most likely because it has indestructible), its controller does create a Beast token."}], "securityStamp": "oval", "setCode": "SLD", "sourceProducts": {"foil": ["6e171d4a-24b9-5bb5-a093-1ca17521973f"], "nonfoil": ["eee50b20-c0d3-54b7-8c19-464044191100"]}, "subsets": ["Monster Movie Marathon"], "subtypes": [], "supertypes": [], "text": "Destroy target permanent. Its controller creates a 3/3 green Beast creature token.", "type": "Instant", "types": ["Instant"], "uuid": "f3d01750-3ff4-5741-ab04-80c751d78c2d"}, {"artist": "Martin Ansin", "artistIds": ["f13b4e0a-ed55-4666-8371-f99c30cad605"], "availability": ["paper"], "borderColor": "borderless", "colorIdentity": [], "colors": [], "convertedManaCost": 1.0, "count": 1, "edhrecRank": 1457, "edhrecSaltiness": 0.97, "finishes": ["nonfoil", "foil"], "foreignData": [], "frameVersion": "2015", "hasFoil": true, "hasNonFoil": true, "identifiers": {"cardsphereFoilId": "85944", "cardsphereId": "85918", "mtgjsonV4Id": "ceac846e-6452-5f5a-a8d6-d4dea5f3fb64", "scryfallCardBackId": "0aeebaf5-8c7d-4636-9e82-8c27447861f7", "scryfallId": "c1b5c132-c4d0-42df-bc5b-e7fe0a31a9e7", "scryfallIllustrationId": "b1f258af-61e7-4a0f-b7d7-9111acc50bbf", "scryfallOracleId": "753cb2b2-24ce-484f-a2d0-be6fd2c67ebd", "tcgplayerProductId": "251756"}, "isFoil": false, "isFullArt": true, "isReprint": true, "language": "English", "layout": "normal", "legalities": {"brawl": "Legal", "commander": "Legal", "duel": "Legal", "explorer": "Legal", "gladiator": "Legal", "historic": "Legal", "legacy": "Legal", "modern": "Legal", "oathbreaker": "Legal", "pioneer": "Legal", "timeless": "Legal", "vintage": "Legal"}, "manaCost": "{1}", "manaValue": 1.0, "name": "Grafdigger's Cage", "number": "324", "originalReleaseDate": "2021-10-15", "printings": ["DKA", "M20", "MB2", "MM3", "PM20", "PRM", "SLD"], "promoTypes": ["poster"], "purchaseUrls": {"tcgplayer": "https://mtgjson.com/links/976fbc9cebe0374b"}, "rarity": "rare", "rulings": [{"date": "2019-07-12", "text": "If an effect exiles a card from a library and allows a player to cast it, that player may do so. The spell is cast from exile, not a library."}, {"date": "2019-07-12", "text": "Look at the card as it exists in your graveyard to determine whether it can enter the battlefield. For example, Sculpting Steel can be put onto the battlefield as a copy of a creature, but Phyrexian Metamorph can’t be put onto the battlefield, even if it would copy a noncreature artifact."}, {"date": "2019-07-12", "text": "Manifesting a card from a graveyard or library is an impossible action while Grafdigger’s Cage is on the battlefield."}, {"date": "2019-07-12", "text": "Players can still play lands from graveyards or libraries if an effect allows them to do so."}], "securityStamp": "oval", "setCode": "SLD", "sourceProducts": {"foil": ["6e171d4a-24b9-5bb5-a093-1ca17521973f"], "nonfoil": ["eee50b20-c0d3-54b7-8c19-464044191100"]}, "subsets": ["Monster Movie Marathon"], "subtypes": [], "supertypes": [], "text": "Creature cards in graveyards and libraries can't enter the battlefield.\nPlayers can't cast spells from graveyards or libraries.", "type": "Artifact", "types": ["Artifact"], "uuid": "939390c3-307a-5fbe-bcf0-ebe8ae2aeaff"}], "name": "Monster Movie Marathon", "releaseDate": "2021-10-15", "sealedProductUuids": null, "sideBoard": [], "type": "Secret Lair Drop"}}