{"meta": {"date": "2024-09-03", "version": "5.2.2+20240903"}, "data": {"code": "SLD", "commander": [], "mainBoard": [{"artist": "Tomohito", "artistIds": ["528f80a0-b79f-456e-a65f-8a46cfdd48f5"], "availability": ["paper"], "borderColor": "black", "colorIdentity": ["W"], "colors": [], "convertedManaCost": 0.0, "count": 1, "edhrecRank": 670, "edhrecSaltiness": 0.08, "finishes": ["nonfoil", "foil"], "foreignData": [], "frameVersion": "2015", "hasFoil": true, "hasNonFoil": true, "identifiers": {"cardsphereFoilId": "91161", "mtgjsonV4Id": "94273a36-fe05-59ce-9675-ffb49c3a4293", "scryfallCardBackId": "0aeebaf5-8c7d-4636-9e82-8c27447861f7", "scryfallId": "e9b431fd-7a4b-4cba-b5cb-554d7813b1f5", "scryfallIllustrationId": "fae74d12-3f01-4b38-a60e-ca77c1273f82", "scryfallOracleId": "3589bcfc-42b0-414a-adce-bc690dc631c8", "tcgplayerProductId": "267910"}, "isFoil": false, "isFullArt": true, "isReprint": true, "keywords": ["Hideaway"], "language": "Japanese", "layout": "normal", "legalities": {"commander": "Legal", "duel": "Legal", "legacy": "Legal", "modern": "Legal", "oathbreaker": "Legal", "penny": "Legal", "predh": "Legal", "vintage": "Legal"}, "manaValue": 0.0, "name": "Windbrisk Heights", "number": "436", "originalReleaseDate": "2022-02-18", "printings": ["C16", "C20", "CLB", "LCC", "LRW", "LTC", "MD1", "NCC", "ONC", "PIP", "SLD", "V12"], "purchaseUrls": {"tcgplayer": "https://mtgjson.com/links/317c23c125f0a324"}, "rarity": "rare", "rulings": [{"date": "2007-10-01", "text": "At the time the ability resolves, you'll get to play the card if you declared three different creatures as attackers at any point in the turn. A creature declared as an attacker in two different attack phases counts only once. A creature that entered attacking (such as a token created by Militia's Pride) doesn't count because you never attacked with it."}, {"date": "2022-04-29", "text": " Any player who has controlled a permanent with a hideaway ability since a card was exiled with it may look at that card."}, {"date": "2022-04-29", "text": "\"Hideaway N\" means \"When this permanent enters the battlefield, look at the top N cards of your library. Exile one of them face down and put the rest on the bottom of your library in a random order. The exiled card gains 'The player who controls the permanent that exiled this card may look at this card in the exile zone.'\""}, {"date": "2022-04-29", "text": "Hideaway now causes you to put the rest of the cards on the bottom of your library in a random order instead of any order."}, {"date": "2022-04-29", "text": "Previously, permanents with hideaway entered the battlefield tapped. This ability has been removed from the definition of hideaway. Older cards have received errata to have an additional paragraph that reads \"[This permanent] enters the battlefield tapped,\" and they now have hideaway 4."}], "securityStamp": "oval", "setCode": "SLD", "sourceProducts": {"foil": ["9e819258-c3a9-5d8d-abbf-21a28b0da70a"], "nonfoil": ["ba38bd94-ca20-53dd-9804-5cb122c6feab"]}, "subsets": ["Pictures of the Floating World"], "subtypes": [], "supertypes": [], "text": "Hideaway 4 (When this land enters, look at the top four cards of your library, exile one face down, then put the rest on the bottom in a random order.)\nWindbrisk Heights enters tapped.\n{T}: Add {W}.\n{W}, {T}: You may play the exiled card without paying its mana cost if you attacked with three or more creatures this turn.", "type": "Land", "types": ["Land"], "uuid": "1a3ea672-6b59-5366-a117-1a67ee9cc050"}, {"artist": "Amayagido", "artistIds": ["1c77964f-0b08-4bf8-a4a1-076ec8da4df0"], "availability": ["paper"], "borderColor": "black", "colorIdentity": ["U"], "colors": [], "convertedManaCost": 0.0, "count": 1, "edhrecRank": 13732, "edhrecSaltiness": 0.09, "finishes": ["nonfoil", "foil"], "foreignData": [], "frameVersion": "2015", "hasFoil": true, "hasNonFoil": true, "identifiers": {"mtgjsonV4Id": "433a766c-f27e-52a3-a199-f76b9dc0255d", "scryfallCardBackId": "0aeebaf5-8c7d-4636-9e82-8c27447861f7", "scryfallId": "1ce8a4de-02ea-4efd-873d-8d936d5b6893", "scryfallIllustrationId": "e98f3f25-e2f8-4793-915a-2d429995073a", "scryfallOracleId": "f748b2fb-6c2a-400a-8e96-fa4e4a1dfe80", "tcgplayerProductId": "267909"}, "isFoil": false, "isFullArt": true, "isReprint": true, "keywords": ["Hideaway"], "language": "Japanese", "layout": "normal", "legalities": {"commander": "Legal", "duel": "Legal", "legacy": "Legal", "modern": "Legal", "oathbreaker": "Legal", "penny": "Legal", "predh": "Legal", "vintage": "Legal"}, "manaValue": 0.0, "name": "Shelldock Isle", "number": "437", "originalReleaseDate": "2022-02-18", "printings": ["LRW", "PLST", "SLD"], "purchaseUrls": {"tcgplayer": "https://mtgjson.com/links/fff628b4fa2370b4"}, "rarity": "rare", "rulings": [{"date": "2007-10-01", "text": "It doesn't matter which library has twenty or fewer cards in it, and you don't have to specify a library."}, {"date": "2022-04-29", "text": " Any player who has controlled a permanent with a hideaway ability since a card was exiled with it may look at that card."}, {"date": "2022-04-29", "text": "\"Hideaway N\" means \"When this permanent enters the battlefield, look at the top N cards of your library. Exile one of them face down and put the rest on the bottom of your library in a random order. The exiled card gains 'The player who controls the permanent that exiled this card may look at this card in the exile zone.'\""}, {"date": "2022-04-29", "text": "Hideaway now causes you to put the rest of the cards on the bottom of your library in a random order instead of any order."}, {"date": "2022-04-29", "text": "Previously, permanents with hideaway entered the battlefield tapped. This ability has been removed from the definition of hideaway. Older cards have received errata to have an additional paragraph that reads \"[This permanent] enters the battlefield tapped,\" and they now have hideaway 4."}], "securityStamp": "oval", "setCode": "SLD", "sourceProducts": {"foil": ["9e819258-c3a9-5d8d-abbf-21a28b0da70a"], "nonfoil": ["ba38bd94-ca20-53dd-9804-5cb122c6feab"]}, "subsets": ["Pictures of the Floating World"], "subtypes": [], "supertypes": [], "text": "Hideaway 4 (When this land enters, look at the top four cards of your library, exile one face down, then put the rest on the bottom in a random order.)\nShelldock Isle enters tapped.\n{T}: Add {U}.\n{U}, {T}: You may play the exiled card without paying its mana cost if a library has twenty or fewer cards in it.", "type": "Land", "types": ["Land"], "uuid": "e47164b5-62b8-55ef-94ac-ad95c4c9b88b", "variations": ["7411bb46-acbd-59e3-861e-9f4cf8514caa"]}, {"artist": "Shie Nanahara", "artistIds": ["723fd839-62d3-4d12-9a0b-60e144923a4a"], "availability": ["paper"], "borderColor": "black", "colorIdentity": ["B"], "colors": [], "convertedManaCost": 0.0, "count": 1, "edhrecRank": 17865, "edhrecSaltiness": 0.09, "finishes": ["nonfoil", "foil"], "foreignData": [], "frameVersion": "2015", "hasFoil": true, "hasNonFoil": true, "identifiers": {"cardsphereFoilId": "91158", "mtgjsonV4Id": "fe407c02-2ca8-5164-a459-6bb8873bd2a8", "scryfallCardBackId": "0aeebaf5-8c7d-4636-9e82-8c27447861f7", "scryfallId": "f0dc73d6-a2b1-4e19-92a5-fe03d1fb3bd2", "scryfallIllustrationId": "96a766b0-8fe3-4eda-8f7c-27c66502cd7b", "scryfallOracleId": "463fc699-f4fc-4112-a6b3-6dcb642203e6", "tcgplayerProductId": "267908"}, "isFoil": false, "isFullArt": true, "isReprint": true, "keywords": ["Hideaway"], "language": "Japanese", "layout": "normal", "legalities": {"commander": "Legal", "duel": "Legal", "legacy": "Legal", "modern": "Legal", "oathbreaker": "Legal", "penny": "Legal", "predh": "Legal", "vintage": "Legal"}, "manaValue": 0.0, "name": "Howltooth Hollow", "number": "438", "originalReleaseDate": "2022-02-18", "printings": ["LRW", "SLD"], "purchaseUrls": {"tcgplayer": "https://mtgjson.com/links/4cbdb93a35f7af93"}, "rarity": "rare", "rulings": [{"date": "2022-04-29", "text": " Any player who has controlled a permanent with a hideaway ability since a card was exiled with it may look at that card."}, {"date": "2022-04-29", "text": "\"Hideaway N\" means \"When this permanent enters the battlefield, look at the top N cards of your library. Exile one of them face down and put the rest on the bottom of your library in a random order. The exiled card gains 'The player who controls the permanent that exiled this card may look at this card in the exile zone.'\""}, {"date": "2022-04-29", "text": "Hideaway now causes you to put the rest of the cards on the bottom of your library in a random order instead of any order."}, {"date": "2022-04-29", "text": "Previously, permanents with hideaway entered the battlefield tapped. This ability has been removed from the definition of hideaway. Older cards have received errata to have an additional paragraph that reads \"[This permanent] enters the battlefield tapped,\" and they now have hideaway 4."}], "securityStamp": "oval", "setCode": "SLD", "sourceProducts": {"foil": ["9e819258-c3a9-5d8d-abbf-21a28b0da70a"], "nonfoil": ["ba38bd94-ca20-53dd-9804-5cb122c6feab"]}, "subsets": ["Pictures of the Floating World"], "subtypes": [], "supertypes": [], "text": "Hideaway 4 (When this land enters, look at the top four cards of your library, exile one face down, then put the rest on the bottom in a random order.)\nHowltooth Hollow enters tapped.\n{T}: Add {B}.\n{B}, {T}: You may play the exiled card without paying its mana cost if each player has no cards in hand.", "type": "Land", "types": ["Land"], "uuid": "7013ac0b-f73b-5f67-a854-38dba4d4d394"}, {"artist": "Nagano", "artistIds": ["ef08f1af-27cb-4543-b718-8d582b46dafd"], "availability": ["paper"], "borderColor": "black", "colorIdentity": ["R"], "colors": [], "convertedManaCost": 0.0, "count": 1, "edhrecRank": 654, "edhrecSaltiness": 0.13, "finishes": ["nonfoil", "foil"], "foreignData": [], "frameEffects": ["inverted"], "frameVersion": "2015", "hasFoil": true, "hasNonFoil": true, "identifiers": {"cardsphereFoilId": "91155", "mtgjsonV4Id": "b7cc0d67-2479-5eff-88e5-27fbefe70a24", "scryfallCardBackId": "0aeebaf5-8c7d-4636-9e82-8c27447861f7", "scryfallId": "a776ebdf-6d32-4e8b-ab7f-ea16adf352bf", "scryfallIllustrationId": "5aa1c1b5-881e-4219-8b0e-4bd9204c2a1e", "scryfallOracleId": "690c7f8e-fea2-4920-afa7-02ff120701a1", "tcgplayerProductId": "267907"}, "isFoil": false, "isFullArt": true, "isReprint": true, "keywords": ["Hideaway"], "language": "Japanese", "layout": "normal", "legalities": {"commander": "Legal", "duel": "Legal", "legacy": "Legal", "modern": "Legal", "oathbreaker": "Legal", "penny": "Legal", "predh": "Legal", "vintage": "Legal"}, "manaValue": 0.0, "name": "Spinerock Knoll", "number": "439", "originalReleaseDate": "2022-02-18", "printings": ["AFC", "C15", "C16", "C20", "CLB", "LRW", "NCC", "PLST", "SLD"], "purchaseUrls": {"tcgplayer": "https://mtgjson.com/links/053c215b1026c85c"}, "rarity": "rare", "rulings": [{"date": "2007-10-01", "text": "At the time the last ability resolves, you'll get to play the card if a player who is currently your opponent, or a player who was your opponent at the time they left the game, has been dealt 7 damage over the course of the turn."}, {"date": "2007-10-01", "text": "It doesn't matter how the opponent was dealt damage or by whom, as long as the total damage is 7 or more. You don't specify an opponent when you activate the ability."}, {"date": "2007-10-01", "text": "You'll get to play the card even if Spinerock Knoll wasn't on the battlefield at the time some or all of the 7 damage was dealt."}, {"date": "2022-04-29", "text": "Any player who has controlled a permanent with a hideaway ability since a card was exiled with it may look at that card."}, {"date": "2022-04-29", "text": "Hideaway now causes you to put the rest of the cards on the bottom of your library in a random order instead of any order."}, {"date": "2022-04-29", "text": "Previously, permanents with hideaway entered the battlefield tapped. This ability has been removed from the definition of hideaway. Older cards have received errata to have an additional paragraph that reads “[This permanent] enters the battlefield tapped,” and they now have hideaway 4."}, {"date": "2022-04-29", "text": "“Hideaway N” means “When this permanent enters the battlefield, look at the top N cards of your library. Exile one of them face down and put the rest on the bottom of your library in a random order. The exiled card gains ‘The player who controls the permanent that exiled this card may look at this card in the exile zone.'”"}], "securityStamp": "oval", "setCode": "SLD", "sourceProducts": {"foil": ["9e819258-c3a9-5d8d-abbf-21a28b0da70a"], "nonfoil": ["ba38bd94-ca20-53dd-9804-5cb122c6feab"]}, "subsets": ["Pictures of the Floating World"], "subtypes": [], "supertypes": [], "text": "Hideaway 4 (When this land enters, look at the top four cards of your library, exile one face down, then put the rest on the bottom in a random order.)\nSpinerock Knoll enters tapped.\n{T}: Add {R}.\n{R}, {T}: You may play the exiled card without paying its mana cost if an opponent was dealt 7 or more damage this turn.", "type": "Land", "types": ["Land"], "uuid": "286b91b5-d000-5a04-9270-919bee430558"}, {"artist": "Maiko Aoji", "artistIds": ["0f984cfd-16e0-4edb-b9ed-881c98539397"], "availability": ["paper"], "borderColor": "black", "colorIdentity": ["G"], "colors": [], "convertedManaCost": 0.0, "count": 1, "edhrecRank": 204, "edhrecSaltiness": 0.13, "finishes": ["nonfoil", "foil"], "foreignData": [], "frameVersion": "2015", "hasFoil": true, "hasNonFoil": true, "identifiers": {"cardsphereFoilId": "91153", "mtgjsonV4Id": "79c9f4a4-4f3f-5926-a3f9-3e21089b0fb3", "scryfallCardBackId": "0aeebaf5-8c7d-4636-9e82-8c27447861f7", "scryfallId": "851a7251-7af5-4137-8422-159314f7351a", "scryfallIllustrationId": "9c01b8fa-6ce3-4193-a6dd-1334b0cbc394", "scryfallOracleId": "7cb9e29f-835f-4155-a2a5-4b778866c773", "tcgplayerProductId": "267906"}, "isFoil": false, "isFullArt": true, "isReprint": true, "keywords": ["Hideaway"], "language": "Japanese", "layout": "normal", "legalities": {"commander": "Legal", "duel": "Legal", "legacy": "Legal", "modern": "Legal", "oathbreaker": "Legal", "penny": "Legal", "predh": "Legal", "vintage": "Legal"}, "manaValue": 0.0, "name": "Mosswort Bridge", "number": "440", "originalReleaseDate": "2022-02-18", "printings": ["AFC", "ARC", "BLC", "C13", "C15", "C16", "C17", "C18", "C20", "C21", "CLB", "DDR", "LCC", "LRW", "MKC", "MOC", "NCC", "SLD"], "purchaseUrls": {"tcgplayer": "https://mtgjson.com/links/a8f243bfcd1d92b3"}, "rarity": "rare", "rulings": [{"date": "2022-04-29", "text": " Any player who has controlled a permanent with a hideaway ability since a card was exiled with it may look at that card."}, {"date": "2022-04-29", "text": "\"Hideaway N\" means \"When this permanent enters the battlefield, look at the top N cards of your library. Exile one of them face down and put the rest on the bottom of your library in a random order. The exiled card gains 'The player who controls the permanent that exiled this card may look at this card in the exile zone.'\""}, {"date": "2022-04-29", "text": "Hideaway now causes you to put the rest of the cards on the bottom of your library in a random order instead of any order."}, {"date": "2022-04-29", "text": "Previously, permanents with hideaway entered the battlefield tapped. This ability has been removed from the definition of hideaway. Older cards have received errata to have an additional paragraph that reads \"[This permanent] enters the battlefield tapped,\" and they now have hideaway 4."}], "securityStamp": "oval", "setCode": "SLD", "sourceProducts": {"foil": ["9e819258-c3a9-5d8d-abbf-21a28b0da70a"], "nonfoil": ["ba38bd94-ca20-53dd-9804-5cb122c6feab"]}, "subsets": ["Pictures of the Floating World"], "subtypes": [], "supertypes": [], "text": "Hideaway 4 (When this land enters, look at the top four cards of your library, exile one face down, then put the rest on the bottom in a random order.)\nMosswort Bridge enters tapped.\n{T}: Add {G}.\n{G}, {T}: You may play the exiled card without paying its mana cost if creatures you control have total power 10 or greater.", "type": "Land", "types": ["Land"], "uuid": "fb418090-eb5c-5d6f-b062-a9a6139927ba"}], "name": "Pictures of the Floating World", "releaseDate": "2022-02-18", "sealedProductUuids": null, "sideBoard": [], "type": "Secret Lair Drop"}}