{"meta": {"date": "2024-09-03", "version": "5.2.2+20240903"}, "data": {"code": "P02", "commander": [], "mainBoard": [{"artist": "Quinton Hoover", "artistIds": ["1a2db619-92a5-431a-822b-101cdcc5bd5d"], "availability": ["paper"], "boosterTypes": ["default"], "borderColor": "black", "colorIdentity": ["G"], "colors": [], "convertedManaCost": 0.0, "count": 3, "edhrecSaltiness": 0.35, "finishes": ["nonfoil"], "foreignData": [{"identifiers": {"scryfallId": "7e67676c-7c1d-409b-a1af-22f743b7c5f2"}, "language": "German", "name": "Wald"}, {"identifiers": {"scryfallId": "53a4e419-ec3c-4bed-bd61-f357ad3195e3"}, "language": "Spanish", "name": "Bosque"}, {"identifiers": {"scryfallId": "c36d22c1-e997-4951-9315-e945edf5c175"}, "language": "French", "name": "Forêt"}, {"identifiers": {"scryfallId": "0258b326-c46e-448f-8555-b060b9accc5e"}, "language": "Italian", "name": "Foresta"}, {"identifiers": {"scryfallId": "f473823b-e15e-468b-b8ca-e81cc14daeb5"}, "language": "Japanese", "name": "森"}, {"identifiers": {"scryfallId": "9f437574-0eee-4490-a959-3cb626eeac50"}, "language": "Portuguese (Brazil)", "name": "Floresta"}], "frameVersion": "1997", "hasFoil": false, "hasNonFoil": true, "identifiers": {"cardsphereId": "36601", "mcmId": "9971", "mtgjsonV4Id": "37320432-6617-5e02-a9cc-a0df02634d69", "multiverseId": "8410", "scryfallCardBackId": "0aeebaf5-8c7d-4636-9e82-8c27447861f7", "scryfallId": "89f4fcbb-86a8-475f-a547-d59014bb7a98", "scryfallIllustrationId": "decff1d0-bcbb-42aa-b48a-d90c0843f798", "scryfallOracleId": "b34bb2dc-c1af-4d77-b0b3-a0fb342a5fc6", "tcgplayerProductId": "134"}, "isFoil": false, "isReprint": true, "language": "English", "layout": "normal", "legalities": {"alchemy": "Legal", "brawl": "Legal", "commander": "Legal", "duel": "Legal", "explorer": "Legal", "future": "Legal", "gladiator": "Legal", "historic": "Legal", "legacy": "Legal", "modern": "Legal", "oathbreaker": "Legal", "pauper": "Legal", "paupercommander": "Legal", "penny": "Legal", "pioneer": "Legal", "predh": "Legal", "premodern": "Legal", "standard": "Legal", "standardbrawl": "Legal", "timeless": "Legal", "vintage": "Legal"}, "manaValue": 0.0, "name": "Forest", "number": "163", "originalText": "G", "originalType": "Land", "printings": ["10E", "2ED", "2XM", "30A", "3ED", "40K", "4BB", "4ED", "5ED", "6ED", "7ED", "8ED", "9ED", "ACR", "AFR", "AKH", "AKR", "ALA", "ANA", "ANB", "ARC", "ATH", "AVR", "BBD", "BFZ", "BLB", "BRB", "BRO", "BTD", "C13", "C14", "C15", "C16", "C17", "C18", "C19", "CED", "CEI", "CHK", "CLB", "CLU", "CM2", "CMA", "CMD", "CMM", "CMR", "CST", "DD1", "DDD", "DDE", "DDG", "DDH", "DDJ", "DDL", "DDM", "DDO", "DDP", "DDR", "DDS", "DDU", "DKM", "DMR", "DMU", "DOM", "DPA", "DSK", "DTK", "E01", "ELD", "EVG", "FBB", "FRF", "G17", "GK1", "GK2", "GN2", "GN3", "GNT", "GRN", "GS1", "GVL", "H09", "HBG", "HOP", "HOU", "ICE", "IKO", "INV", "ISD", "ITP", "J14", "J22", "JMP", "KHM", "KLD", "KLR", "KTK", "LCI", "LEA", "LEB", "LRW", "LTR", "M10", "M11", "M12", "M13", "M14", "M15", "M19", "M20", "M21", "MBS", "ME1", "ME3", "MH2", "MH3", "MID", "MIR", "MKM", "MMQ", "MOM", "MRD", "NEO", "NPH", "ODY", "OLEP", "ONE", "ONS", "ORI", "OTJ", "P02", "P23", "PAL00", "PAL01", "PAL03", "PAL04", "PAL05", "PAL06", "PAL99", "PALP", "PANA", "PARL", "PC2", "PCA", "PELP", "PF19", "PF20", "PGPX", "PGRU", "PIP", "PLST", "PMPS", "PMPS06", "PMPS07", "PMPS08", "PMPS09", "PMPS10", "PMPS11", "POR", "PPP1", "PRM", "PRW2", "PRWK", "PS11", "PSAL", "PSS2", "PSS3", "PSS4", "PTC", "PTK", "PZ2", "RAV", "REX", "RIX", "RNA", "ROE", "RQS", "RTR", "S99", "SCD", "SHM", "SIR", "SLD", "SNC", "SOI", "SOM", "STX", "SUM", "TD0", "TD2", "THB", "THS", "TMP", "TPR", "TSP", "UGL", "UND", "UNF", "UNH", "USG", "UST", "VOW", "WAR", "WC00", "WC01", "WC02", "WC03", "WC04", "WC97", "WC98", "WC99", "WHO", "WOE", "XANA", "XLN", "ZEN", "ZNR"], "purchaseUrls": {"tcgplayer": "https://mtgjson.com/links/a487200d1aca2ecc"}, "rarity": "common", "setCode": "P02", "sourceProducts": {"nonfoil": ["5dd64f97-53d3-565d-8c17-866e55aad20e", "aec58536-a670-5612-a644-00bf6b78fe40", "d491705b-c660-595b-be69-2052ba78bd41"]}, "subtypes": ["Forest"], "supertypes": ["Basic"], "text": "({T}: Add {G}.)", "type": "Basic Land — Forest", "types": ["Land"], "uuid": "5e6307c8-c4a6-5a27-9a77-b7ffac92271e", "variations": ["c46f8daa-1bdb-5821-8a13-d5808d2c5030", "cdc41ceb-9350-52b8-bd36-3d54bdf5d1d5"]}, {"artist": "John Avon", "artistIds": ["798f3932-30e0-4420-aa3f-db4d613f89ca"], "availability": ["paper"], "boosterTypes": ["default"], "borderColor": "black", "colorIdentity": ["U"], "colors": [], "convertedManaCost": 0.0, "count": 5, "edhrecSaltiness": 0.76, "finishes": ["nonfoil"], "foreignData": [{"identifiers": {"scryfallId": "38fe3e51-b4ae-4b3e-8c9b-672cc825ddfd"}, "language": "German", "name": "Insel"}, {"identifiers": {"scryfallId": "bf5861fb-3ede-41b6-a224-7a86bc9ff834"}, "language": "Spanish", "name": "Isla"}, {"identifiers": {"scryfallId": "ccd7e5a7-6c55-4a10-8483-57bb46b77de7"}, "language": "French", "name": "Ile"}, {"identifiers": {"scryfallId": "485e3529-7d60-4900-a2d5-26bbf2b06347"}, "language": "Italian", "name": "Isola"}, {"identifiers": {"scryfallId": "4e0d5660-a8eb-45b6-bbac-de79785f1bc7"}, "language": "Japanese", "name": "島"}, {"identifiers": {"scryfallId": "81bfa227-cdbe-494e-ad5a-9000bab6601f"}, "language": "Portuguese (Brazil)", "name": "Ilha"}], "frameVersion": "1997", "hasFoil": false, "hasNonFoil": true, "identifiers": {"cardsphereId": "36624", "mcmId": "9974", "mtgjsonV4Id": "1e0aa77f-6e52-54d3-a0f4-fdc3c8b0e43a", "multiverseId": "8387", "scryfallCardBackId": "0aeebaf5-8c7d-4636-9e82-8c27447861f7", "scryfallId": "b0a83b1a-a734-4726-9d14-c75ef04798d1", "scryfallIllustrationId": "4d749ab1-ff52-429c-aac1-391a00922f81", "scryfallOracleId": "b2c6aa39-2d2a-459c-a555-fb48ba993373", "tcgplayerProductId": "155"}, "isFoil": false, "isReprint": true, "language": "English", "layout": "normal", "legalities": {"alchemy": "Legal", "brawl": "Legal", "commander": "Legal", "duel": "Legal", "explorer": "Legal", "future": "Legal", "gladiator": "Legal", "historic": "Legal", "legacy": "Legal", "modern": "Legal", "oathbreaker": "Legal", "pauper": "Legal", "paupercommander": "Legal", "penny": "Legal", "pioneer": "Legal", "predh": "Legal", "premodern": "Legal", "standard": "Legal", "standardbrawl": "Legal", "timeless": "Legal", "vintage": "Legal"}, "manaValue": 0.0, "name": "Island", "number": "154", "originalText": "U", "originalType": "Land", "printings": ["10E", "2ED", "2XM", "30A", "3ED", "40K", "4BB", "4ED", "5ED", "6ED", "7ED", "8ED", "9ED", "ACR", "AFR", "AKH", "AKR", "ALA", "ANA", "ANB", "ARC", "AVR", "BBD", "BFZ", "BLB", "BRB", "BRC", "BRO", "BTD", "C13", "C14", "C15", "C16", "C17", "C18", "C19", "CED", "CEI", "CHK", "CLB", "CLU", "CM2", "CMA", "CMD", "CMM", "CMR", "CST", "DD2", "DDE", "DDF", "DDH", "DDI", "DDJ", "DDM", "DDN", "DDO", "DDQ", "DDS", "DDT", "DDU", "DMR", "DMU", "DOM", "DPA", "DSK", "DTK", "E01", "ELD", "FBB", "FRF", "G17", "GK1", "GK2", "GN2", "GN3", "GNT", "GRN", "GS1", "H09", "HBG", "HOP", "HOU", "ICE", "IKO", "INV", "ISD", "ITP", "J14", "J22", "JMP", "JVC", "KHM", "KLD", "KLR", "KTK", "LCI", "LEA", "LEB", "LRW", "LTR", "M10", "M11", "M12", "M13", "M14", "M15", "M19", "M20", "M21", "MBS", "ME1", "ME3", "MH2", "MH3", "MID", "MIR", "MKM", "MMQ", "MOM", "MRD", "NEO", "NPH", "ODY", "OLEP", "ONE", "ONS", "ORI", "OTJ", "P02", "P23", "PAL00", "PAL01", "PAL02", "PAL03", "PAL04", "PAL05", "PAL06", "PAL99", "PALP", "PANA", "PARL", "PC2", "PCA", "PELP", "PF19", "PF20", "PGPX", "PGRU", "PIP", "PLST", "PMPS", "PMPS06", "PMPS07", "PMPS08", "PMPS09", "PMPS10", "PMPS11", "POR", "PPP1", "PRM", "PRW2", "PRWK", "PS11", "PSAL", "PSS2", "PSS3", "PSS4", "PTC", "PTK", "PZ2", "RAV", "REX", "RIX", "RNA", "ROE", "RQS", "RTR", "S99", "SCD", "SHM", "SIR", "SLD", "SNC", "SOI", "SOM", "STX", "SUM", "TD0", "TD2", "THB", "THS", "TMP", "TPR", "TSP", "UGL", "UND", "UNF", "UNH", "USG", "UST", "VOW", "WAR", "WC00", "WC01", "WC02", "WC03", "WC04", "WC97", "WC98", "WHO", "WOE", "XANA", "XLN", "ZEN", "ZNR"], "purchaseUrls": {"tcgplayer": "https://mtgjson.com/links/052153b311551eeb"}, "rarity": "common", "setCode": "P02", "sourceProducts": {"nonfoil": ["57f268ca-c3b9-5c0c-933c-0f46caf26469", "5dd64f97-53d3-565d-8c17-866e55aad20e", "d491705b-c660-595b-be69-2052ba78bd41"]}, "subtypes": ["Island"], "supertypes": ["Basic"], "text": "({T}: Add {U}.)", "type": "Basic Land — Island", "types": ["Land"], "uuid": "5cb3137c-a011-58a3-8a8e-ca1dcc8a267c", "variations": ["709de056-1e70-5816-b2a8-dde675948a87", "a78566cd-eff9-5a23-b09b-891d43799bbc"]}, {"artist": "Fred Fields", "artistIds": ["9c77c81a-3b3f-4e94-a834-327d01cd6b35"], "availability": ["paper"], "boosterTypes": ["default"], "borderColor": "black", "colorIdentity": ["W"], "colors": [], "convertedManaCost": 0.0, "count": 5, "edhrecSaltiness": 0.28, "finishes": ["nonfoil"], "foreignData": [{"identifiers": {"scryfallId": "4fd0b192-ae53-4bdb-ab1b-faed47d82020"}, "language": "German", "name": "Ebene"}, {"identifiers": {"scryfallId": "70141cde-4c28-4ce5-a04a-f3dde6dfc3c8"}, "language": "Spanish", "name": "Llanura"}, {"identifiers": {"scryfallId": "ab749abb-dd1c-4eda-a3ab-2a1f60037cf4"}, "language": "French", "name": "Plaine"}, {"identifiers": {"scryfallId": "893f3a7d-f916-46aa-bcb5-5ea0d031d59d"}, "language": "Italian", "name": "Pianura"}, {"identifiers": {"scryfallId": "a4639612-886f-4356-b369-8971f91fdff4"}, "language": "Japanese", "name": "平地"}, {"identifiers": {"scryfallId": "3c210c5a-9450-4e3c-8971-8df383c23511"}, "language": "Portuguese (Brazil)", "name": "Planície"}], "frameVersion": "1997", "hasFoil": false, "hasNonFoil": true, "identifiers": {"cardsphereId": "36658", "mcmId": "9980", "mtgjsonV4Id": "53354b5e-6252-5b81-8758-0d21e00b9aed", "multiverseId": "8380", "scryfallCardBackId": "0aeebaf5-8c7d-4636-9e82-8c27447861f7", "scryfallId": "27ecf285-c48f-4ac3-9b75-0ee0ff052767", "scryfallIllustrationId": "7697f44a-82e0-4ba3-9629-eb53a38f8a60", "scryfallOracleId": "bc71ebf6-2056-41f7-be35-b2e5c34afa99", "tcgplayerProductId": "189"}, "isFoil": false, "isReprint": true, "language": "English", "layout": "normal", "legalities": {"alchemy": "Legal", "brawl": "Legal", "commander": "Legal", "duel": "Legal", "explorer": "Legal", "future": "Legal", "gladiator": "Legal", "historic": "Legal", "legacy": "Legal", "modern": "Legal", "oathbreaker": "Legal", "pauper": "Legal", "paupercommander": "Legal", "penny": "Legal", "pioneer": "Legal", "predh": "Legal", "premodern": "Legal", "standard": "Legal", "standardbrawl": "Legal", "timeless": "Legal", "vintage": "Legal"}, "manaValue": 0.0, "name": "Plains", "number": "151", "originalText": "W", "originalType": "Land", "printings": ["10E", "2ED", "2XM", "30A", "3ED", "40K", "4BB", "4ED", "5ED", "6ED", "7ED", "8ED", "9ED", "ACR", "AFR", "AKH", "AKR", "ALA", "ANA", "ANB", "ARC", "ATH", "AVR", "BBD", "BFZ", "BLB", "BRB", "BRC", "BRO", "C13", "C14", "C15", "C16", "C17", "C18", "C19", "CED", "CEI", "CHK", "CLB", "CLU", "CM2", "CMA", "CMD", "CMM", "CMR", "CST", "DDC", "DDE", "DDF", "DDG", "DDH", "DDI", "DDK", "DDL", "DDN", "DDO", "DDP", "DDQ", "DMR", "DMU", "DOM", "DSK", "DTK", "DVD", "E01", "ELD", "FBB", "FDN", "FRF", "G17", "GK1", "GK2", "GN2", "GN3", "GNT", "GRN", "GS1", "H09", "HBG", "HOP", "HOU", "ICE", "IKO", "INV", "ISD", "ITP", "J14", "J22", "JMP", "KHM", "KLD", "KLR", "KTK", "LCI", "LEA", "LEB", "LRW", "LTR", "M10", "M11", "M12", "M13", "M14", "M15", "M19", "M20", "M21", "MBS", "MD1", "ME1", "ME3", "MH2", "MH3", "MID", "MIR", "MKM", "MMQ", "MOM", "MRD", "NEO", "NPH", "ODY", "OLEP", "ONE", "ONS", "ORI", "OTJ", "P02", "P23", "PAL00", "PAL01", "PAL03", "PAL04", "PAL05", "PAL06", "PAL99", "PALP", "PANA", "PARL", "PC2", "PCA", "PDGM", "PELP", "PF19", "PF20", "PGPX", "PGRU", "PIP", "PLST", "PMPS", "PMPS06", "PMPS07", "PMPS08", "PMPS09", "PMPS10", "PMPS11", "POR", "PPP1", "PRM", "PRW2", "PRWK", "PS11", "PSAL", "PSS2", "PSS3", "PSS4", "PTC", "PTK", "PZ2", "RAV", "REX", "RIX", "RNA", "ROE", "RQS", "RTR", "S99", "SCD", "SHM", "SIR", "SLD", "SLP", "SNC", "SOI", "SOM", "STX", "SUM", "TD0", "TD2", "THB", "THS", "TMP", "TPR", "TSP", "UGL", "UND", "UNF", "UNH", "USG", "UST", "VOW", "WAR", "WC00", "WC02", "WC03", "WC04", "WC97", "WC98", "WHO", "WOE", "XANA", "XLN", "ZEN", "ZNR"], "purchaseUrls": {"tcgplayer": "https://mtgjson.com/links/aa256d04908d77c2"}, "rarity": "common", "setCode": "P02", "sourceProducts": {"nonfoil": ["5dd64f97-53d3-565d-8c17-866e55aad20e", "d491705b-c660-595b-be69-2052ba78bd41", "e6411d43-1e13-51fc-be3c-14c6f9933c00"]}, "subtypes": ["Plains"], "supertypes": ["Basic"], "text": "({T}: Add {W}.)", "type": "Basic Land — Plains", "types": ["Land"], "uuid": "0d6b107e-68c6-5e28-97ce-6d1932eb4595", "variations": ["5d46745e-85e1-5ae9-a4b1-960b9c1db9fd", "ff7fb962-8fb2-5aec-8998-710212d0d154"]}, {"artist": "Lubov", "artistIds": ["c47bdc81-eb4a-4e8d-b104-3cf7560a6847"], "availability": ["paper"], "boosterTypes": ["default"], "borderColor": "black", "colorIdentity": ["W"], "colors": ["W"], "convertedManaCost": 3.0, "count": 1, "edhrecRank": 26511, "finishes": ["nonfoil"], "flavorText": "\"I dedicate my body to my country And my life to my King.\"\n—Alaborn Soldier's Oath", "foreignData": [{"identifiers": {"scryfallId": "2337e2ff-5ac6-402f-a008-22ca02a162d1"}, "language": "German", "name": "Alabornkämpfer", "type": "Beschwörung eines Soldaten"}, {"identifiers": {"scryfallId": "0d41c6a1-e98f-49bc-bd80-146828bb709f"}, "language": "Spanish", "name": "Soldado de caballeria de Alaborn"}, {"identifiers": {"scryfallId": "4dfc684d-1a11-4e1b-b5cf-efa69a3c6e59"}, "language": "French", "name": "Troupier d'Alaborn"}, {"identifiers": {"scryfallId": "3c6c66c1-0258-47fd-ae9c-caad5812d8fe"}, "language": "Italian", "name": "Fante Alaborn"}, {"identifiers": {"scryfallId": "d72514de-0aba-4ef2-9ee7-ea5994957dea"}, "language": "Japanese", "name": "アラボーンの強兵"}], "frameVersion": "1997", "hasFoil": false, "hasNonFoil": true, "identifiers": {"cardsphereId": "36558", "mcmId": "9944", "mcmMetaId": "99", "mtgjsonV4Id": "6e08f098-ad2b-53f8-a0a1-10bf344926c4", "multiverseId": "6493", "scryfallCardBackId": "0aeebaf5-8c7d-4636-9e82-8c27447861f7", "scryfallId": "e1cd30b4-4ed8-467e-808e-b0caf4196d90", "scryfallIllustrationId": "e3e9ca41-0e31-4671-8d13-c5783eecf0f7", "scryfallOracleId": "17969b71-9612-45ff-b789-1c033f832154", "tcgplayerProductId": "91"}, "isFoil": false, "language": "English", "layout": "normal", "legalities": {"commander": "Legal", "duel": "Legal", "legacy": "Legal", "oathbreaker": "Legal", "pauper": "Legal", "paupercommander": "Legal", "penny": "Legal", "predh": "Legal", "vintage": "Legal"}, "manaCost": "{2}{W}", "manaValue": 3.0, "name": "Alaborn Trooper", "number": "4", "originalType": "Creature - Soldier", "power": "2", "printings": ["ME4", "P02"], "purchaseUrls": {"cardmarket": "https://mtgjson.com/links/91e5e42d58ba215f", "tcgplayer": "https://mtgjson.com/links/f0b8b4e64daef1d0"}, "rarity": "common", "setCode": "P02", "sourceProducts": {"nonfoil": ["5dd64f97-53d3-565d-8c17-866e55aad20e", "d491705b-c660-595b-be69-2052ba78bd41", "e6411d43-1e13-51fc-be3c-14c6f9933c00"]}, "subtypes": ["Human", "Soldier"], "supertypes": [], "toughness": "3", "type": "Creature — Human Soldier", "types": ["Creature"], "uuid": "fd1cdc87-8e3d-506a-849b-4103294ae429"}, {"artist": "Melissa A. Benson", "artistIds": ["9ade7727-1436-4828-9a1d-487c3d2ad1d9"], "availability": ["paper"], "boosterTypes": ["default"], "borderColor": "black", "colorIdentity": ["W"], "colors": ["W"], "convertedManaCost": 5.0, "count": 1, "edhrecRank": 17989, "edhrecSaltiness": 0.36, "finishes": ["nonfoil"], "foreignData": [{"identifiers": {"scryfallId": "5d471dbe-6902-45a8-baf2-b34d6c61257b"}, "language": "German", "name": "Engel der Gnade", "text": "Fliegend\nWenn der Engel der Gnade aus Deiner Hand ins Spiel kommt, erhältst Du 3 Lebenspunkte dazu.", "type": "Beschwörung eines Engels"}, {"identifiers": {"scryfallId": "2a79cadb-1deb-4619-9b5c-b4b23bcaf329"}, "language": "Spanish", "name": "Ángel de piedad"}, {"identifiers": {"scryfallId": "2240d389-68eb-4327-ae5c-9331d64280bc"}, "language": "French", "name": "Ange de miséricorde"}, {"identifiers": {"scryfallId": "2f3a2ce9-325f-45d6-b34b-3b841e821ef9"}, "language": "Italian", "name": "Angelo della Misericordia"}, {"identifiers": {"scryfallId": "bbe68c68-b677-470b-971e-7c36d6e3ab1b"}, "language": "Japanese", "name": "慈悲の天使"}, {"identifiers": {"scryfallId": "cd13f523-9e29-4316-ad65-2edcec2b0259"}, "language": "Portuguese (Brazil)", "name": "Anjo de Misericórdia"}], "frameVersion": "1997", "hasFoil": false, "hasNonFoil": true, "identifiers": {"cardsphereId": "36564", "mcmId": "9948", "mcmMetaId": "176", "mtgjsonV4Id": "83c8a7f8-802d-563a-a5de-9901a5ee0e7e", "multiverseId": "6505", "scryfallCardBackId": "0aeebaf5-8c7d-4636-9e82-8c27447861f7", "scryfallId": "dac5c913-4eb5-4cfb-9c24-223f14f07064", "scryfallIllustrationId": "fff6302b-dc54-4f17-8160-63e7602a7624", "scryfallOracleId": "a2daaf32-dbfe-4618-892e-0da24f63a44a", "tcgplayerProductId": "97"}, "isFoil": false, "keywords": ["Flying"], "language": "English", "layout": "normal", "legalities": {"brawl": "Legal", "commander": "Legal", "duel": "Legal", "gladiator": "Legal", "historic": "Legal", "legacy": "Legal", "modern": "Legal", "oathbreaker": "Legal", "pauper": "Legal", "paupercommander": "Legal", "penny": "Legal", "predh": "Legal", "premodern": "Legal", "timeless": "Legal", "vintage": "Legal"}, "manaCost": "{4}{W}", "manaValue": 5.0, "name": "Angel of Mercy", "number": "8", "originalText": "Flying\nWhen Angel of Mercy comes into play from your hand, you gain 3 life.", "originalType": "Creature - Angel", "power": "3", "printings": ["10E", "8ED", "9ED", "DDC", "DVD", "IMA", "INV", "JMP", "P02", "PLST", "PS11", "PSAL", "S99"], "purchaseUrls": {"cardmarket": "https://mtgjson.com/links/42bda4d7fe9665ff", "tcgplayer": "https://mtgjson.com/links/c56c003f9f8e06f3"}, "rarity": "uncommon", "setCode": "P02", "sourceProducts": {"nonfoil": ["5dd64f97-53d3-565d-8c17-866e55aad20e", "d491705b-c660-595b-be69-2052ba78bd41"]}, "subtypes": ["Angel"], "supertypes": [], "text": "Flying\nWhen Angel of Mercy enters, you gain 3 life.", "toughness": "3", "type": "Creature — Angel", "types": ["Creature"], "uuid": "3af0b117-d8af-50b4-9c78-7afd04196daf"}, {"artist": "Ron Spencer", "artistIds": ["dab52c11-0564-4207-a4a1-c1735c946a65"], "availability": ["paper"], "boosterTypes": ["default"], "borderColor": "black", "colorIdentity": ["G"], "colors": ["G"], "convertedManaCost": 2.0, "count": 1, "edhrecRank": 7907, "finishes": ["nonfoil"], "flavorText": "Every little cub has its mother's teeth to guard it.\n—Elvish saying", "foreignData": [{"identifiers": {"scryfallId": "493a5731-c7c0-483d-b130-84b590d66f82"}, "language": "German", "name": "Bärenjunges", "type": "Beschwörung eines Bären"}, {"identifiers": {"scryfallId": "210b6bec-5ff6-475a-bf8f-9fb26e61a32a"}, "language": "Spanish", "name": "Osezno"}, {"identifiers": {"scryfallId": "ff07f2d3-c04e-4064-bf60-5c19d33881f6"}, "language": "French", "name": "Ourson"}, {"identifiers": {"scryfallId": "99858420-c9c7-4b55-a43e-e0911b14181a"}, "language": "Italian", "name": "Cucciolo d'Orso"}, {"identifiers": {"scryfallId": "bad3acda-8aa7-4101-848b-1e846c901bba"}, "language": "Japanese", "name": "仔熊"}], "frameVersion": "1997", "hasFoil": false, "hasNonFoil": true, "identifiers": {"cardsphereId": "36574", "mcmId": "9883", "mcmMetaId": "502", "mtgjsonV4Id": "e8657da0-755a-52c8-83b1-96f932365166", "multiverseId": "6613", "scryfallCardBackId": "0aeebaf5-8c7d-4636-9e82-8c27447861f7", "scryfallId": "d71abb70-bee5-4823-83dc-db0707023b37", "scryfallIllustrationId": "808de0eb-5a0e-4b2a-bcd4-155059c9ecb3", "scryfallOracleId": "ed206651-3d9b-4546-8d45-0682817192fd", "tcgplayerProductId": "107"}, "isFoil": false, "language": "English", "layout": "normal", "legalities": {"brawl": "Legal", "commander": "Legal", "duel": "Legal", "gladiator": "Legal", "historic": "Legal", "legacy": "Legal", "oathbreaker": "Legal", "pauper": "Legal", "paupercommander": "Legal", "predh": "Legal", "timeless": "Legal", "vintage": "Legal"}, "manaCost": "{1}{G}", "manaValue": 2.0, "name": "Bear Cub", "number": "123", "originalType": "Creature - Bear", "power": "2", "printings": ["J21", "P02", "PLST"], "purchaseUrls": {"cardmarket": "https://mtgjson.com/links/8b884c4b761a6a7a", "tcgplayer": "https://mtgjson.com/links/12193fd42bc8eefb"}, "rarity": "common", "setCode": "P02", "sourceProducts": {"nonfoil": ["5dd64f97-53d3-565d-8c17-866e55aad20e", "aec58536-a670-5612-a644-00bf6b78fe40", "d491705b-c660-595b-be69-2052ba78bd41"]}, "subtypes": ["Bear"], "supertypes": [], "toughness": "2", "type": "Creature — Bear", "types": ["Creature"], "uuid": "f7817572-0f68-597f-9246-b5de379c61b0"}, {"artist": "Una Fricker", "artistIds": ["0471a371-1bf8-49f2-8e76-cbe3a0bfa7e8"], "availability": ["paper"], "boosterTypes": ["default"], "borderColor": "black", "colorIdentity": ["G"], "colors": ["G"], "convertedManaCost": 4.0, "count": 1, "edhrecRank": 11278, "edhrecSaltiness": 0.07, "finishes": ["nonfoil"], "flavorText": "The elvish scout was scrupulous about the truth. She told the traders that gold lay nearby.", "foreignData": [{"identifiers": {"scryfallId": "4ad6d3ee-0f57-41f6-bc75-79aadaa09217"}, "language": "German", "name": "Goldener Bär", "type": "Beschwörung eines Bären"}, {"identifiers": {"scryfallId": "24516cd0-5be0-4ce2-9b3c-30814306738a"}, "language": "Spanish", "name": "Oso dorado"}, {"identifiers": {"scryfallId": "00aadd09-7962-442f-bb4d-c79626d81e5a"}, "language": "French", "name": "Ours dore"}, {"identifiers": {"scryfallId": "b6af71b2-0fee-4f5b-893f-c99ab474f431"}, "language": "Italian", "name": "Orso Dorato"}, {"identifiers": {"scryfallId": "6fe5c2d9-0725-425b-875a-243417dc9579"}, "language": "Japanese", "name": "金色熊"}], "frameVersion": "1997", "hasFoil": false, "hasNonFoil": true, "identifiers": {"cardsphereId": "36616", "mcmId": "9887", "mcmMetaId": "2466", "mtgjsonV4Id": "6f555d59-b21d-55b4-904d-ec8198e3b5cb", "multiverseId": "6616", "scryfallCardBackId": "0aeebaf5-8c7d-4636-9e82-8c27447861f7", "scryfallId": "d7dfc789-7ea0-4eb8-8c3b-2c50fd52cbab", "scryfallIllustrationId": "f5176888-c5c6-47c8-9814-86b8b5bf4f05", "scryfallOracleId": "6ba7ab42-918e-472a-b364-06073cc354d2", "tcgplayerProductId": "149"}, "isFoil": false, "language": "English", "layout": "normal", "legalities": {"commander": "Legal", "duel": "Legal", "legacy": "Legal", "oathbreaker": "Legal", "pauper": "Legal", "paupercommander": "Legal", "predh": "Legal", "vintage": "Legal"}, "manaCost": "{3}{G}", "manaValue": 4.0, "name": "Golden Bear", "number": "127", "originalType": "Creature - Bear", "power": "4", "printings": ["P02", "PLST"], "purchaseUrls": {"cardmarket": "https://mtgjson.com/links/a0839dad51e8761d", "tcgplayer": "https://mtgjson.com/links/7776082d4063973d"}, "rarity": "common", "setCode": "P02", "sourceProducts": {"nonfoil": ["5dd64f97-53d3-565d-8c17-866e55aad20e", "aec58536-a670-5612-a644-00bf6b78fe40", "d491705b-c660-595b-be69-2052ba78bd41"]}, "subtypes": ["Bear"], "supertypes": [], "toughness": "3", "type": "Creature — Bear", "types": ["Creature"], "uuid": "83afde0d-048d-5eef-a7de-97e1f8a80e57"}, {"artist": "Anson Maddocks", "artistIds": ["634430a7-b5c3-4e4a-b2ac-164e084e47c9"], "availability": ["paper"], "boosterTypes": ["default"], "borderColor": "black", "colorIdentity": ["U"], "colors": ["U"], "convertedManaCost": 4.0, "count": 1, "edhrecRank": 25726, "edhrecSaltiness": 0.07, "finishes": ["nonfoil"], "foreignData": [{"identifiers": {"scryfallId": "c4d56cbb-121d-44ef-87fb-fab4d086879c"}, "language": "German", "name": "Krächzender Sceada", "text": "Fliegend\nWenn der Krächzende Sceada aus Deiner Hand ins Spiel kommt, ziehe eine Karte und wähle dann eine Karte aus Deiner Hand und wirf diese ab.", "type": "Beschwörung eines Sceadas"}, {"identifiers": {"scryfallId": "063d331b-716e-4974-998f-b5d332deb245"}, "language": "Spanish", "name": "Draco chillon"}, {"identifiers": {"scryfallId": "bc4021cb-f30d-4c23-b9c1-2cb79b75d831"}, "language": "French", "name": "Drakon grinçant"}, {"identifiers": {"scryfallId": "20326db9-34d5-49bb-8425-79c2a0e12d03"}, "language": "Italian", "name": "Draghetto Urlante"}, {"identifiers": {"scryfallId": "d310a95f-c600-46cd-83be-6a7bc578ae6f"}, "language": "Japanese", "name": "耳障りなドレイク"}], "frameVersion": "1997", "hasFoil": false, "hasNonFoil": true, "identifiers": {"cardsphereId": "36677", "mcmId": "9864", "mcmMetaId": "4982", "mtgjsonV4Id": "b3664770-90ff-57f2-ba31-f7c864efa7e5", "multiverseId": "6523", "scryfallCardBackId": "0aeebaf5-8c7d-4636-9e82-8c27447861f7", "scryfallId": "6c16faac-b093-425b-b1e9-f71602d2f6dd", "scryfallIllustrationId": "12b78184-6215-4525-b434-3eef5543c69b", "scryfallOracleId": "da2ac9fa-52c2-4896-a596-89f287406641", "tcgplayerProductId": "210"}, "isFoil": false, "keywords": ["Flying"], "language": "English", "layout": "normal", "legalities": {"commander": "Legal", "duel": "Legal", "legacy": "Legal", "oathbreaker": "Legal", "pauper": "Legal", "paupercommander": "Legal", "penny": "Legal", "predh": "Legal", "vintage": "Legal"}, "manaCost": "{3}{U}", "manaValue": 4.0, "name": "Screeching Drake", "number": "44", "originalText": "Flying\nWhen Screeching Drake comes into play from your hand, draw a card, then choose and discard a card from your hand.", "originalType": "Creature - Drake", "power": "2", "printings": ["ME2", "P02"], "purchaseUrls": {"cardmarket": "https://mtgjson.com/links/3141160212ef2be9", "tcgplayer": "https://mtgjson.com/links/ab08eb9d7077032f"}, "rarity": "common", "setCode": "P02", "sourceProducts": {"nonfoil": ["5dd64f97-53d3-565d-8c17-866e55aad20e", "d491705b-c660-595b-be69-2052ba78bd41"]}, "subtypes": ["Drake"], "supertypes": [], "text": "Flying\nWhen Screeching Drake enters, draw a card, then discard a card.", "toughness": "2", "type": "Creature — Drake", "types": ["Creature"], "uuid": "ded7a8ef-0d84-59b1-9472-0ef2e695c9b9"}, {"artist": "Mark Tedin", "artistIds": ["9ee9a9cc-c09e-486f-918b-69f80cbc4188"], "availability": ["paper"], "boosterTypes": ["default"], "borderColor": "black", "colorIdentity": ["U"], "colors": ["U"], "convertedManaCost": 4.0, "count": 1, "edhrecRank": 25447, "edhrecSaltiness": 0.33, "finishes": ["nonfoil"], "flavorText": "\"Their ships pollute our air as they themselves pollute our forest.\"\n—Arathel, elvish queen", "foreignData": [{"identifiers": {"scryfallId": "0015f7a2-a34e-483f-8961-dce4e6874218"}, "language": "German", "name": "Luftschiff der Talas", "text": "Fliegend", "type": "Beschwörung eines Schiffs"}, {"identifiers": {"scryfallId": "5fcb9958-c289-4a8f-a3fa-ab46b3862aae"}, "language": "Spanish", "name": "Investigadora Talas"}, {"identifiers": {"scryfallId": "9c4961af-d735-4de9-bb59-98bd33a080bf"}, "language": "French", "name": "Vaisseau volant talien"}, {"identifiers": {"scryfallId": "b087773d-7b69-4081-91a3-58c681494207"}, "language": "Italian", "name": "Nave Volante Talas"}, {"identifiers": {"scryfallId": "acaf87fc-8da0-4b82-86c4-d21ed5686e10"}, "language": "Japanese", "name": "タラスの飛行船"}], "frameVersion": "1997", "hasFoil": false, "hasNonFoil": true, "identifiers": {"cardsphereId": "36690", "mcmId": "9869", "mcmMetaId": "5794", "mtgjsonV4Id": "06f682b8-46e2-5587-95db-7bfe192aca8c", "multiverseId": "6524", "scryfallCardBackId": "0aeebaf5-8c7d-4636-9e82-8c27447861f7", "scryfallId": "80bc3159-f585-45cd-8578-f3bf2fa9b2d1", "scryfallIllustrationId": "76967202-0200-487e-8abc-3cf3daa26f72", "scryfallOracleId": "8cb3f047-bd8b-4a34-8a2b-ced2cc0487eb", "tcgplayerProductId": "223"}, "isFoil": false, "keywords": ["Flying"], "language": "English", "layout": "normal", "legalities": {"commander": "Legal", "duel": "Legal", "legacy": "Legal", "oathbreaker": "Legal", "pauper": "Legal", "paupercommander": "Legal", "predh": "Legal", "vintage": "Legal"}, "manaCost": "{3}{U}", "manaValue": 4.0, "name": "Talas Air Ship", "number": "48", "originalText": "Flying", "originalType": "Creature - Ship", "power": "3", "printings": ["P02"], "purchaseUrls": {"cardmarket": "https://mtgjson.com/links/0c1fa80e3d90914a", "tcgplayer": "https://mtgjson.com/links/e247e632dcdf4e20"}, "rarity": "common", "setCode": "P02", "sourceProducts": {"nonfoil": ["57f268ca-c3b9-5c0c-933c-0f46caf26469", "5dd64f97-53d3-565d-8c17-866e55aad20e", "d491705b-c660-595b-be69-2052ba78bd41"]}, "subtypes": ["Human", "Pirate"], "supertypes": [], "text": "Flying", "toughness": "2", "type": "Creature — Human Pirate", "types": ["Creature"], "uuid": "70bd28c6-a9c5-572e-b6b0-1b8d7fc0fa99"}, {"artist": "Douglas Shuler", "artistIds": ["a9ddb513-51c7-455c-ab8f-5b90aae9f75b"], "availability": ["paper"], "boosterTypes": ["default"], "borderColor": "black", "colorIdentity": ["U"], "colors": ["U"], "convertedManaCost": 2.0, "count": 1, "edhrecRank": 19146, "edhrecSaltiness": 0.09, "finishes": ["nonfoil"], "foreignData": [{"identifiers": {"scryfallId": "c7006414-31f6-43bc-8e83-624dc22de275"}, "language": "German", "name": "Erforscher der Talas", "text": "Fliegend\nWenn der Erforscher der Talas aus Deiner Hand ins Spiel kommt, schaue Dir die Karten auf der Hand Deines Gegners an.", "type": "Beschwörung eines Händlers"}, {"identifiers": {"scryfallId": "15e7c592-9669-4649-ab54-0ac5ba33bb28"}, "language": "Spanish", "name": "Nave aerea talas"}, {"identifiers": {"scryfallId": "e3c2c0b8-d0b5-4208-8295-0b8bc8c59731"}, "language": "French", "name": "Exploratrice de Talas"}, {"identifiers": {"scryfallId": "2ed9148d-55d7-45e0-8c31-88f3459e2dea"}, "language": "Italian", "name": "Esploratrice Talas"}, {"identifiers": {"scryfallId": "9b515b42-cd33-4376-959e-5d4bf431e50d"}, "language": "Japanese", "name": "タラスの探検者"}], "frameVersion": "1997", "hasFoil": false, "hasNonFoil": true, "identifiers": {"cardsphereId": "36691", "mcmId": "9870", "mcmMetaId": "5795", "mtgjsonV4Id": "b2a3918a-3223-5624-b99a-99159d688ee1", "multiverseId": "6522", "scryfallCardBackId": "0aeebaf5-8c7d-4636-9e82-8c27447861f7", "scryfallId": "64f184c9-a716-4ba8-8efa-495358660de5", "scryfallIllustrationId": "1f473dbe-2288-48bd-bc01-9b0aa7b146e9", "scryfallOracleId": "da359465-f823-4989-9acd-249a2a1f3f17", "tcgplayerProductId": "224"}, "isFoil": false, "keywords": ["Flying"], "language": "English", "layout": "normal", "legalities": {"commander": "Legal", "duel": "Legal", "legacy": "Legal", "oathbreaker": "Legal", "pauper": "Legal", "paupercommander": "Legal", "predh": "Legal", "vintage": "Legal"}, "manaCost": "{1}{U}", "manaValue": 2.0, "name": "Talas Explorer", "number": "49", "originalText": "Flying\nWhen Talas Explorer comes into play from your hand, look at your opponent's hand.", "originalType": "Creature - Merchant", "power": "1", "printings": ["P02"], "purchaseUrls": {"cardmarket": "https://mtgjson.com/links/668c01b35ad997d3", "tcgplayer": "https://mtgjson.com/links/2d05179b30675b40"}, "rarity": "common", "setCode": "P02", "sourceProducts": {"nonfoil": ["57f268ca-c3b9-5c0c-933c-0f46caf26469", "5dd64f97-53d3-565d-8c17-866e55aad20e", "d491705b-c660-595b-be69-2052ba78bd41"]}, "subtypes": ["Human", "Pirate", "Scout"], "supertypes": [], "text": "Flying\nWhen Talas Explorer enters, look at target opponent's hand.", "toughness": "1", "type": "Creature — Human Pirate Scout", "types": ["Creature"], "uuid": "f76df1e2-be5f-5592-a574-5001bea3a05e"}, {"artist": "Lubov", "artistIds": ["c47bdc81-eb4a-4e8d-b104-3cf7560a6847"], "availability": ["paper"], "boosterTypes": ["default"], "borderColor": "black", "colorIdentity": ["U"], "colors": ["U"], "convertedManaCost": 2.0, "count": 1, "edhrecRank": 27263, "edhrecSaltiness": 0.17, "finishes": ["nonfoil"], "flavorText": "The trader let loose a laugh that made all around him check their purses.", "foreignData": [{"identifiers": {"scryfallId": "8597f623-28c1-4159-b5e0-d82de1cd576c"}, "language": "German", "name": "Händler der Talas", "type": "Beschwörung eines Händlers"}, {"identifiers": {"scryfallId": "3a50de76-b619-4630-9bc1-060e37b729b9"}, "language": "Spanish", "name": "Explorador talas"}, {"identifiers": {"scryfallId": "985339cf-b440-4d42-ba2e-4050d573c5fc"}, "language": "French", "name": "Marchand de Talas"}, {"identifiers": {"scryfallId": "1ebf532e-26cf-434d-86f6-3e4ae1694410"}, "language": "Italian", "name": "Mercante Talas"}, {"identifiers": {"scryfallId": "ae158651-4f28-4c08-9772-a0acfb66ea4f"}, "language": "Japanese", "name": "タラスの商人"}], "frameVersion": "1997", "hasFoil": false, "hasNonFoil": true, "identifiers": {"cardsphereId": "36692", "mcmId": "9871", "mcmMetaId": "5796", "mtgjsonV4Id": "c11ceb31-7b2a-5b02-9db8-c4b8fc298b73", "multiverseId": "6525", "scryfallCardBackId": "0aeebaf5-8c7d-4636-9e82-8c27447861f7", "scryfallId": "2f779d7e-6e37-49bc-b76d-3bb490ff142b", "scryfallIllustrationId": "dcbdc104-cd02-415e-932b-cfba00fd1af1", "scryfallOracleId": "6469f61d-1b4c-4813-bb4a-99f6e6388d7b", "tcgplayerProductId": "225"}, "isFoil": false, "language": "English", "layout": "normal", "legalities": {"commander": "Legal", "duel": "Legal", "legacy": "Legal", "oathbreaker": "Legal", "pauper": "Legal", "paupercommander": "Legal", "predh": "Legal", "vintage": "Legal"}, "manaCost": "{1}{U}", "manaValue": 2.0, "name": "Talas Merchant", "number": "50", "originalType": "Creature - Merchant", "power": "1", "printings": ["P02"], "purchaseUrls": {"cardmarket": "https://mtgjson.com/links/3de78a3973a7a80d", "tcgplayer": "https://mtgjson.com/links/2585cd5bd8552e12"}, "rarity": "common", "setCode": "P02", "sourceProducts": {"nonfoil": ["57f268ca-c3b9-5c0c-933c-0f46caf26469", "5dd64f97-53d3-565d-8c17-866e55aad20e", "d491705b-c660-595b-be69-2052ba78bd41"]}, "subtypes": ["Human", "Pirate"], "supertypes": [], "toughness": "3", "type": "Creature — Human Pirate", "types": ["Creature"], "uuid": "0eb7db17-9d5e-5d7c-ba08-4159877ba814"}, {"artist": "Heather Hudson", "artistIds": ["4441fe52-9e41-40c1-9b74-8510426279ab"], "availability": ["paper"], "boosterTypes": ["default"], "borderColor": "black", "colorIdentity": ["U"], "colors": ["U"], "convertedManaCost": 2.0, "count": 1, "edhrecRank": 20253, "edhrecSaltiness": 0.08, "finishes": ["nonfoil"], "flavorText": "\"Scouting a battle before you fight it is just good business.\"\n—Jefan, Talas ship captain", "foreignData": [{"identifiers": {"scryfallId": "00d00adc-bfd2-450b-bce0-815807228233"}, "language": "German", "name": "Späher der Talas", "text": "fliegend", "type": "Beschwörung eines Piraten"}, {"identifiers": {"scryfallId": "eae873da-66b0-4a15-903c-604626c04075"}, "language": "Spanish", "name": "Reconocedor talas"}, {"identifiers": {"scryfallId": "440c5e0f-feb9-47a3-bacd-207f9827da6b"}, "language": "French", "name": "Éclaireur de Talas"}, {"identifiers": {"scryfallId": "9c4e2583-8911-4324-b611-62f4eb79248b"}, "language": "Italian", "name": "Esploratore Talas"}, {"identifiers": {"scryfallId": "9745545d-a6d8-4b64-b609-65592de4d43b"}, "language": "Japanese", "name": "タラスの斥候"}], "frameVersion": "1997", "hasFoil": false, "hasNonFoil": true, "identifiers": {"cardsphereId": "36694", "mcmId": "9872", "mcmMetaId": "5798", "mtgjsonV4Id": "46052eb2-9c0a-56df-a31c-8c067a0f7910", "multiverseId": "6521", "scryfallCardBackId": "0aeebaf5-8c7d-4636-9e82-8c27447861f7", "scryfallId": "48e12f17-855e-47e0-b7e3-df5c388b01bb", "scryfallIllustrationId": "41c05007-3391-43c6-86b8-65cef59b772f", "scryfallOracleId": "71b7d5c4-c16c-4c6b-8e2e-e9b5cc128e1f", "tcgplayerProductId": "227"}, "isFoil": false, "keywords": ["Flying"], "language": "English", "layout": "normal", "legalities": {"commander": "Legal", "duel": "Legal", "legacy": "Legal", "oathbreaker": "Legal", "pauper": "Legal", "paupercommander": "Legal", "predh": "Legal", "vintage": "Legal"}, "manaCost": "{1}{U}", "manaValue": 2.0, "name": "Talas Scout", "number": "52", "originalText": "Flying", "originalType": "Creature - Pirate", "power": "1", "printings": ["P02"], "purchaseUrls": {"cardmarket": "https://mtgjson.com/links/733e5117b701a33a", "tcgplayer": "https://mtgjson.com/links/184816e0d427ba91"}, "rarity": "common", "setCode": "P02", "sourceProducts": {"nonfoil": ["57f268ca-c3b9-5c0c-933c-0f46caf26469", "5dd64f97-53d3-565d-8c17-866e55aad20e", "d491705b-c660-595b-be69-2052ba78bd41"]}, "subtypes": ["Human", "Pirate", "Scout"], "supertypes": [], "text": "Flying", "toughness": "2", "type": "Creature — Human Pirate Scout", "types": ["Creature"], "uuid": "81fd67e1-cf2d-54a5-b551-93d4d1bc1b71"}, {"artist": "Lubov", "artistIds": ["c47bdc81-eb4a-4e8d-b104-3cf7560a6847"], "availability": ["paper"], "boosterTypes": ["default"], "borderColor": "black", "colorIdentity": ["W"], "colors": ["W"], "convertedManaCost": 2.0, "count": 1, "edhrecRank": 25801, "edhrecSaltiness": 0.25, "finishes": ["nonfoil"], "flavorText": "Young, yes. Inexperienced, yes. Weak? Don't count on it.", "foreignData": [{"identifiers": {"scryfallId": "aebaf159-3303-4bd7-91f0-5aca431dc192"}, "language": "German", "name": "Tempelnovize", "text": "Wenn der Tempelnovize aus Deiner Hand ins Spiel kommt, erhältst Du 3 Lebenspunkte dazu.", "type": "Beschwörung eines Klerikers"}, {"identifiers": {"scryfallId": "ea4cfbb8-9181-4bf3-8877-0bd5e40de7c9"}, "language": "Spanish", "name": "Acólito del templo"}, {"identifiers": {"scryfallId": "3b0bfa8d-31dc-4500-8e05-6a6a445234d5"}, "language": "French", "name": "Acolyte du temple"}, {"identifiers": {"scryfallId": "bac11420-c9ea-4fd5-a528-a87e351c4f1e"}, "language": "Italian", "name": "Accolito del Tempio"}, {"identifiers": {"scryfallId": "a801f96a-b7d5-4e1a-a037-bba38b1fb8bd"}, "language": "Japanese", "name": "寺院の見習い僧"}], "frameVersion": "1997", "hasFoil": false, "hasNonFoil": true, "identifiers": {"cardsphereId": "36696", "mcmId": "9963", "mcmMetaId": "5873", "mtgjsonV4Id": "5d1e6190-47f8-5f3b-8f3e-6b6ba5ecee73", "multiverseId": "6495", "scryfallCardBackId": "0aeebaf5-8c7d-4636-9e82-8c27447861f7", "scryfallId": "7be7cba2-5673-4bef-aa3d-cbfad8932610", "scryfallIllustrationId": "721500ad-99dc-43d1-b1e9-461ede69913e", "scryfallOracleId": "17e4085e-af44-4ba8-af05-ccfe4b35f96a", "tcgplayerProductId": "229"}, "isFoil": false, "language": "English", "layout": "normal", "legalities": {"commander": "Legal", "duel": "Legal", "legacy": "Legal", "oathbreaker": "Legal", "pauper": "Legal", "paupercommander": "Legal", "penny": "Legal", "predh": "Legal", "vintage": "Legal"}, "manaCost": "{1}{W}", "manaValue": 2.0, "name": "Temple Acolyte", "number": "23", "originalText": "When Temple Acolyte comes into play from your hand, you gain 3 life.", "originalType": "Creature - Cleric", "power": "1", "printings": ["DDF", "ME4", "P02", "PLST"], "purchaseUrls": {"cardmarket": "https://mtgjson.com/links/fea1dad07631b083", "tcgplayer": "https://mtgjson.com/links/b3168f13606a0b91"}, "rarity": "common", "setCode": "P02", "sourceProducts": {"nonfoil": ["5dd64f97-53d3-565d-8c17-866e55aad20e", "d491705b-c660-595b-be69-2052ba78bd41", "e6411d43-1e13-51fc-be3c-14c6f9933c00"]}, "subtypes": ["Human", "Cleric"], "supertypes": [], "text": "When Temple Acolyte enters, you gain 3 life.", "toughness": "3", "type": "Creature — Human Cleric", "types": ["Creature"], "uuid": "724dfe39-01f7-5db8-a143-dbe14b697ebc"}, {"artist": "Ron Spencer", "artistIds": ["dab52c11-0564-4207-a4a1-c1735c946a65"], "availability": ["paper"], "boosterTypes": ["default"], "borderColor": "black", "colorIdentity": ["W"], "colors": ["W"], "convertedManaCost": 4.0, "count": 1, "edhrecRank": 26874, "finishes": ["nonfoil"], "flavorText": "Battle tempers soldiers as fire tempers steel.", "foreignData": [{"identifiers": {"scryfallId": "6d333150-9184-4532-b547-d0048fb634ec"}, "language": "German", "name": "Hohe Wache von Trokin", "type": "Beschwörung eines Ritters"}, {"identifiers": {"scryfallId": "7396f32a-0f03-46bf-9062-dc418c0f3d0a"}, "language": "Spanish", "name": "Alta guardia de Trokin"}, {"identifiers": {"scryfallId": "8aa6c217-73bd-4ec8-bc57-d5dfce7a926c"}, "language": "French", "name": "Haut garde de Trokin"}, {"identifiers": {"scryfallId": "925e93d8-a9c5-46e9-a81c-60adfc906895"}, "language": "Italian", "name": "Guardia Scelta Trokin"}, {"identifiers": {"scryfallId": "6e47d020-72a9-4d19-b00b-b41fa055f206"}, "language": "Japanese", "name": "トローキンの上級近衛兵"}], "frameVersion": "1997", "hasFoil": false, "hasNonFoil": true, "identifiers": {"cardsphereId": "36706", "mcmId": "9966", "mcmMetaId": "6162", "mtgjsonV4Id": "e3dc840d-b549-5799-a1b4-85b67f26a702", "multiverseId": "6496", "scryfallCardBackId": "0aeebaf5-8c7d-4636-9e82-8c27447861f7", "scryfallId": "9c2b9302-fca6-43ca-a01c-03aec51acd0d", "scryfallIllustrationId": "4f11750c-e1fc-4770-99e3-f3c25bd51068", "scryfallOracleId": "51af8662-07e6-4771-8ff2-c54364987698", "tcgplayerProductId": "239"}, "isFoil": false, "language": "English", "layout": "normal", "legalities": {"commander": "Legal", "duel": "Legal", "legacy": "Legal", "oathbreaker": "Legal", "pauper": "Legal", "paupercommander": "Legal", "predh": "Legal", "vintage": "Legal"}, "manaCost": "{3}{W}", "manaValue": 4.0, "name": "Trokin High Guard", "number": "26", "originalType": "Creature - Knight", "power": "3", "printings": ["P02", "PLST"], "purchaseUrls": {"cardmarket": "https://mtgjson.com/links/1176637f5cbfb5fe", "tcgplayer": "https://mtgjson.com/links/97c30952a9624ca5"}, "rarity": "common", "setCode": "P02", "sourceProducts": {"nonfoil": ["5dd64f97-53d3-565d-8c17-866e55aad20e", "d491705b-c660-595b-be69-2052ba78bd41"]}, "subtypes": ["Human", "Knight"], "supertypes": [], "toughness": "3", "type": "Creature — Human Knight", "types": ["Creature"], "uuid": "13b39a81-9d65-5fbc-9b4f-578a0eb7be78"}, {"artist": "Keith Parkinson", "artistIds": ["2179f8c5-d9a1-4e1e-b2f5-c6a7c990914a"], "availability": ["paper"], "boosterTypes": ["default"], "borderColor": "black", "colorIdentity": ["W"], "colors": ["W"], "convertedManaCost": 1.0, "count": 1, "edhrecRank": 25912, "finishes": ["nonfoil"], "flavorText": "People fight hardest on their own soil.", "foreignData": [{"identifiers": {"scryfallId": "e41aa0fc-dec3-4c1e-be2f-668a1c617eda"}, "language": "German", "name": "Freiwillige Miliz", "type": "Beschwörung von Soldaten"}, {"identifiers": {"scryfallId": "da5c9b08-bbf1-4356-9152-ac1b627e3893"}, "language": "Spanish", "name": "Miliciano voluntario"}, {"identifiers": {"scryfallId": "b79bb2da-6c4d-4eb1-a863-ec36825e89a5"}, "language": "French", "name": "Volontaire de la milice"}, {"identifiers": {"scryfallId": "4919d001-e947-42bc-9740-c1822f67f23b"}, "language": "Italian", "name": "Milizia Volontaria"}, {"identifiers": {"scryfallId": "ac19b0b0-521f-4056-8856-5741b3c1b423"}, "language": "Japanese", "name": "志願民兵団"}], "frameVersion": "1997", "hasFoil": false, "hasNonFoil": true, "identifiers": {"cardsphereId": "36712", "mcmId": "9968", "mcmMetaId": "6435", "mtgjsonV4Id": "d6536e98-1879-52d9-9e0e-b50c96572e0b", "multiverseId": "6491", "scryfallCardBackId": "0aeebaf5-8c7d-4636-9e82-8c27447861f7", "scryfallId": "de307b2e-9a1c-4f95-887f-14c9d99577aa", "scryfallIllustrationId": "fc901ed1-9a34-4e1d-9565-7362feac5053", "scryfallOracleId": "4f598459-b776-4ac1-bc69-8fde21674451", "tcgplayerProductId": "245"}, "isFoil": false, "language": "English", "layout": "normal", "legalities": {"commander": "Legal", "duel": "Legal", "legacy": "Legal", "oathbreaker": "Legal", "pauper": "Legal", "paupercommander": "Legal", "predh": "Legal", "vintage": "Legal"}, "manaCost": "{W}", "manaValue": 1.0, "name": "Volunteer Militia", "number": "28", "originalType": "Creature - Soldier", "power": "1", "printings": ["P02", "PTK"], "purchaseUrls": {"cardmarket": "https://mtgjson.com/links/85fd1ea59273b17d", "tcgplayer": "https://mtgjson.com/links/916a864e7f3181b2"}, "rarity": "common", "setCode": "P02", "sourceProducts": {"nonfoil": ["5dd64f97-53d3-565d-8c17-866e55aad20e", "d491705b-c660-595b-be69-2052ba78bd41", "e6411d43-1e13-51fc-be3c-14c6f9933c00"]}, "subtypes": ["Human", "Soldier"], "supertypes": [], "toughness": "2", "type": "Creature — Human Soldier", "types": ["Creature"], "uuid": "110013f9-92fe-514c-93b7-b35688d16310"}, {"artist": "Jeff Miracola", "artistIds": ["9b465bde-3656-4495-ace4-af4ce29999ed"], "availability": ["paper"], "boosterTypes": ["default"], "borderColor": "black", "colorIdentity": ["W"], "colors": ["W"], "convertedManaCost": 3.0, "count": 1, "edhrecRank": 17970, "finishes": ["nonfoil"], "flavorText": "Two little goblins, out in the sun. Down came a griffin, and then there was one.", "foreignData": [{"identifiers": {"scryfallId": "4f8bdcf2-797f-437a-a336-5df8dfaa6e85"}, "language": "German", "name": "Wildgreif", "text": "Fliegend", "type": "Beschwörung eines Greifen"}, {"identifiers": {"scryfallId": "57758b70-084a-482e-92eb-c355671e7e2a"}, "language": "Spanish", "name": "Grifo salvaje"}, {"identifiers": {"scryfallId": "7f8d8cd0-5554-4fcc-a97c-309e79f5502e"}, "language": "French", "name": "Griffon sauvage"}, {"identifiers": {"scryfallId": "1bcdb555-1f96-4116-87e0-a04ffd510823"}, "language": "Italian", "name": "Grifone Selvaggio"}, {"identifiers": {"scryfallId": "340a75ef-ed5b-4a5b-8bb5-f832607b87ba"}, "language": "Japanese", "name": "野生のグリフィン"}], "frameVersion": "1997", "hasFoil": false, "hasNonFoil": true, "identifiers": {"cardsphereId": "36714", "mcmId": "9970", "mcmMetaId": "6621", "mtgjsonV4Id": "27c58baf-74d4-5993-ab76-f287125c3fb0", "multiverseId": "6497", "scryfallCardBackId": "0aeebaf5-8c7d-4636-9e82-8c27447861f7", "scryfallId": "a3b6541a-cda3-4c8a-a5b0-1845169b9b71", "scryfallIllustrationId": "11fbcd8d-1e06-4899-9b71-0aa357717227", "scryfallOracleId": "c643cfe1-5844-4eb1-b1f5-028382411773", "tcgplayerProductId": "247"}, "isFoil": false, "keywords": ["Flying"], "language": "English", "layout": "normal", "legalities": {"commander": "Legal", "duel": "Legal", "legacy": "Legal", "modern": "Legal", "oathbreaker": "Legal", "pauper": "Legal", "paupercommander": "Legal", "penny": "Legal", "predh": "Legal", "vintage": "Legal"}, "manaCost": "{2}{W}", "manaValue": 3.0, "name": "Wild Griffin", "number": "30", "originalText": "Flying", "originalType": "Creature - Griffin", "power": "2", "printings": ["10E", "CN2", "M11", "ME4", "P02", "PLST", "S00", "S99"], "purchaseUrls": {"cardmarket": "https://mtgjson.com/links/42ab700280731ce8", "tcgplayer": "https://mtgjson.com/links/d2e0c5194caea818"}, "rarity": "common", "setCode": "P02", "sourceProducts": {"nonfoil": ["5dd64f97-53d3-565d-8c17-866e55aad20e", "d491705b-c660-595b-be69-2052ba78bd41", "e6411d43-1e13-51fc-be3c-14c6f9933c00"]}, "subtypes": ["Griffin"], "supertypes": [], "text": "Flying", "toughness": "2", "type": "Creature — Griffin", "types": ["Creature"], "uuid": "ff37c3b6-fcb9-5376-9a68-504edefff8d2"}, {"artist": "Cris Dornaus", "artistIds": ["1dece336-cfd2-4d65-865a-71b274d68d77"], "availability": ["paper"], "boosterTypes": ["default"], "borderColor": "black", "colorIdentity": ["G"], "colors": ["G"], "convertedManaCost": 4.0, "count": 1, "edhrecRank": 25972, "finishes": ["nonfoil"], "flavorText": "Busy as a bumblebee, blistered as a goblin.\n—Alaborn saying", "foreignData": [{"identifiers": {"scryfallId": "7b9fb9b8-ff23-43c7-8f0d-6468a93b582a"}, "language": "German", "name": "Hornissenstich", "text": "Der Hornissenstich fügt einer Kreatur oder einem Spieler Deiner Wahl 2 Schadenspunkte zu.", "type": "Hexerei"}, {"identifiers": {"scryfallId": "b105ff73-e9a6-4182-b9e8-7dec3c147f9d"}, "language": "Spanish", "name": "Picadura de abeja"}, {"identifiers": {"scryfallId": "952aabb0-f5f9-4313-bc5d-8f03c1f9f1ef"}, "language": "French", "name": "Piqûre d'abeille"}, {"identifiers": {"scryfallId": "0206cf62-cd1a-4fac-80c8-87e335f49517"}, "language": "Italian", "name": "Puntura d'Ape"}, {"identifiers": {"scryfallId": "347ceb46-ac95-40c4-b47e-c194cb53c4be"}, "language": "Japanese", "name": "蜂の一刺し"}], "frameVersion": "1997", "hasFoil": false, "hasNonFoil": true, "identifiers": {"cardsphereId": "36575", "mcmId": "9884", "mcmMetaId": "509", "mtgjsonV4Id": "e7c10e43-3d5e-5ed6-a761-f4a609f80ed9", "multiverseId": "6633", "scryfallCardBackId": "0aeebaf5-8c7d-4636-9e82-8c27447861f7", "scryfallId": "74dc1f90-8227-47ad-8551-a4e7e565738d", "scryfallIllustrationId": "4b43e0cf-768c-4e7c-9099-b25a4ad5cd31", "scryfallOracleId": "f637d525-2f29-488a-9269-8e5aa377fbb7", "tcgplayerProductId": "108"}, "isFoil": false, "isReprint": true, "language": "English", "layout": "normal", "legalities": {"commander": "Legal", "duel": "Legal", "legacy": "Legal", "oathbreaker": "Legal", "penny": "Legal", "predh": "Legal", "vintage": "Legal"}, "manaCost": "{3}{G}", "manaValue": 4.0, "name": "Bee Sting", "number": "124", "originalText": "Bee Sting deals 2 damage to any one creature or player.", "originalType": "Sorcery", "printings": ["ME4", "P02", "POR"], "purchaseUrls": {"cardmarket": "https://mtgjson.com/links/ffda69daf1e55783", "tcgplayer": "https://mtgjson.com/links/ac7d76fc62a81f6d"}, "rarity": "uncommon", "setCode": "P02", "sourceProducts": {"nonfoil": ["5dd64f97-53d3-565d-8c17-866e55aad20e", "d491705b-c660-595b-be69-2052ba78bd41"]}, "subtypes": [], "supertypes": [], "text": "Bee Sting deals 2 damage to any target.", "type": "Sorcery", "types": ["Sorcery"], "uuid": "7fa6bd82-88cf-5a02-9e08-2f0cbe18f23d"}, {"artist": "David A. Cherry", "artistIds": ["7a6b152c-eb22-4d73-beee-08876768e931"], "availability": ["paper"], "boosterTypes": ["default"], "borderColor": "black", "colorIdentity": ["W"], "colors": ["W"], "convertedManaCost": 4.0, "count": 1, "edhrecRank": 23229, "edhrecSaltiness": 0.07, "finishes": ["nonfoil"], "flavorText": "\"You could die famous or you could die old. I chose old.\"\n—Former soldier", "foreignData": [{"identifiers": {"scryfallId": "69213d15-6350-4de7-b631-efec561b4a24"}, "language": "German", "name": "Pfad der Gewaltlosigkeit", "text": "Zerstöre eine Kreatur Deiner Wahl. Der Besitzer dieser Kreatur erhält 4 Lebenspunkte dazu.", "type": "Hexerei"}, {"identifiers": {"scryfallId": "17e27399-32d8-47b1-97c8-6089279dd414"}, "language": "Spanish", "name": "Camino de la paz"}, {"identifiers": {"scryfallId": "3c2f4f23-805f-40a6-af0b-4baba2755daa"}, "language": "French", "name": "Chemin de paix"}, {"identifiers": {"scryfallId": "2233344c-f58b-4a0f-b337-6496e38555b2"}, "language": "Italian", "name": "Sentiero di Pace"}, {"identifiers": {"scryfallId": "280b8203-9872-453b-b440-1f1586f49da0"}, "language": "Japanese", "name": "平和の道"}, {"identifiers": {"scryfallId": "239f22a1-63cd-4b98-bf52-c3a5b981bbf7"}, "language": "Portuguese (Brazil)", "name": "Caminho da Paz"}], "frameVersion": "1997", "hasFoil": false, "hasNonFoil": true, "identifiers": {"cardsphereId": "36654", "mcmId": "9958", "mcmMetaId": "4103", "mtgjsonV4Id": "83501230-c66a-57fb-a8a6-438f28818214", "multiverseId": "6502", "scryfallCardBackId": "0aeebaf5-8c7d-4636-9e82-8c27447861f7", "scryfallId": "cb14d3f4-09f3-4113-bdc3-0fd753137f7c", "scryfallIllustrationId": "c69fa246-e23c-4fdb-8101-d016b9489e13", "scryfallOracleId": "b7593cf8-4dcb-473b-a2ef-180fffe66738", "tcgplayerProductId": "187"}, "isFoil": false, "isReprint": true, "language": "English", "layout": "normal", "legalities": {"commander": "Legal", "duel": "Legal", "legacy": "Legal", "oathbreaker": "Legal", "pauper": "Legal", "paupercommander": "Legal", "penny": "Legal", "predh": "Legal", "premodern": "Legal", "vintage": "Legal"}, "manaCost": "{3}{W}", "manaValue": 4.0, "name": "Path of Peace", "number": "18", "originalText": "Destroy any one creature. That creature's owner gains 4 life.", "originalType": "Sorcery", "printings": ["A25", "P02", "PLST", "POR", "S99", "USG"], "purchaseUrls": {"cardmarket": "https://mtgjson.com/links/5f7ca985b0478b1c", "tcgplayer": "https://mtgjson.com/links/250f24208fc03eda"}, "rarity": "common", "rulings": [{"date": "2018-03-16", "text": "If the target creature is an illegal target by the time Path of Peace tries to resolve, the spell doesn't resolve. No player gains life."}, {"date": "2018-03-16", "text": "You are a creature's owner if the card representing it began the game in your deck, or if it's a token that entered the battlefield under your control. If Path of Peace targets a creature that you own but an opponent controls, you'll gain 4 life."}], "setCode": "P02", "sourceProducts": {"nonfoil": ["5dd64f97-53d3-565d-8c17-866e55aad20e", "d491705b-c660-595b-be69-2052ba78bd41", "e6411d43-1e13-51fc-be3c-14c6f9933c00"]}, "subtypes": [], "supertypes": [], "text": "Destroy target creature. Its owner gains 4 life.", "type": "Sorcery", "types": ["Sorcery"], "uuid": "62ecf410-4a0c-5c81-8daa-84cfc2efe9c7"}, {"artist": "Randy Gallegos", "artistIds": ["a5048cc7-438a-4378-98e4-da99b78e1db0"], "availability": ["paper"], "boosterTypes": ["default"], "borderColor": "black", "colorIdentity": ["U"], "colors": ["U"], "convertedManaCost": 3.0, "count": 1, "edhrecRank": 8693, "edhrecSaltiness": 0.44, "finishes": ["nonfoil"], "flavorText": "\"First they fight, then they sleep, then they dream. And finally I receive my reward.\"", "foreignData": [{"identifiers": {"scryfallId": "727047ba-9e9f-4d13-8c10-1dd2d1f46f5a"}, "language": "German", "name": "Traumraub", "text": "Ziehe für jede getappte Kreatur, die Dein Gegner im Spiel hat eine Karte.", "type": "Hexerei"}, {"identifiers": {"scryfallId": "a7467d0c-1e45-438a-b2c2-696765af78c9"}, "language": "Spanish", "name": "Sueños robados"}, {"identifiers": {"scryfallId": "baeeb88e-7c19-4466-afdb-da575202e85a"}, "language": "French", "name": "Détournement des rêves"}, {"identifiers": {"scryfallId": "0fddc2d8-2457-48ff-81df-6a3d153e6aab"}, "language": "Italian", "name": "Furto di Sogni"}, {"identifiers": {"scryfallId": "3d512bf2-9ad4-4fef-a350-7b0f4ba1e953"}, "language": "Japanese", "name": "盗まれた夢"}, {"identifiers": {"scryfallId": "5c66f97c-24a6-419b-b8bf-4b37fcebff04"}, "language": "Portuguese (Brazil)", "name": "Furto de Sonhos"}], "frameVersion": "1997", "hasFoil": false, "hasNonFoil": true, "identifiers": {"cardsphereId": "36699", "mcmId": "9875", "mcmMetaId": "5926", "mtgjsonV4Id": "3d13cdc9-5062-57c1-b79f-7f73512a4719", "multiverseId": "6543", "scryfallCardBackId": "0aeebaf5-8c7d-4636-9e82-8c27447861f7", "scryfallId": "a826f84c-24c4-41f9-88a9-a18dc860b9a1", "scryfallIllustrationId": "e9c82ab2-a661-4bc3-a321-3d71244daab1", "scryfallOracleId": "008011e2-7b82-4962-af6e-be627112f37f", "tcgplayerProductId": "232"}, "isFoil": false, "isReprint": true, "language": "English", "layout": "normal", "legalities": {"commander": "Legal", "duel": "Legal", "legacy": "Legal", "oathbreaker": "Legal", "pauper": "Legal", "paupercommander": "Legal", "penny": "Legal", "predh": "Legal", "premodern": "Legal", "vintage": "Legal"}, "manaCost": "{2}{U}", "manaValue": 3.0, "name": "Theft of Dreams", "number": "55", "originalText": "For each tapped creature your opponent has in play, you draw a card.", "originalType": "Sorcery", "printings": ["EXO", "ME4", "P02", "POR"], "purchaseUrls": {"cardmarket": "https://mtgjson.com/links/55253168cbb54edc", "tcgplayer": "https://mtgjson.com/links/cb531499af8aa1d5"}, "rarity": "uncommon", "setCode": "P02", "sourceProducts": {"nonfoil": ["5dd64f97-53d3-565d-8c17-866e55aad20e", "d491705b-c660-595b-be69-2052ba78bd41"]}, "subtypes": [], "supertypes": [], "text": "Draw a card for each tapped creature target opponent controls.", "type": "Sorcery", "types": ["Sorcery"], "uuid": "1f6b87d2-3663-532e-b011-6b95f8ddc236"}, {"artist": "Sam Wood", "artistIds": ["77cecfa2-2494-42a2-b14a-55ad40c6adbb"], "availability": ["paper"], "boosterTypes": ["default"], "borderColor": "black", "colorIdentity": ["U"], "colors": ["U"], "convertedManaCost": 3.0, "count": 1, "edhrecRank": 21550, "edhrecSaltiness": 0.2, "finishes": ["nonfoil"], "flavorText": "\"The ogre had come from out of the blue, so that's where I sent it back.\"\n—Talas wizard", "foreignData": [{"identifiers": {"scryfallId": "3804f975-8243-4416-97be-7f4d2330e6ba"}, "language": "German", "name": "Zeitebbe", "text": "Lege eine Kreatur Deiner Wahl aus dem Spiel zurück oben auf die Bibliothek ihres Besitzers.", "type": "Hexerei"}, {"identifiers": {"scryfallId": "c64e3abf-9032-4bd1-ae3c-cc48260e28c4"}, "language": "Spanish", "name": "Reflujo temporal"}, {"identifiers": {"scryfallId": "1f55318c-84ca-4a8e-a065-f88dcb21baef"}, "language": "French", "name": "Temps du jusant"}, {"identifiers": {"scryfallId": "b26b23b7-dc49-4710-af66-d0734e59eb53"}, "language": "Italian", "name": "Riflusso Temporale"}, {"identifiers": {"scryfallId": "45e8f75b-6708-4a8e-8d08-f17909f7c02a"}, "language": "Japanese", "name": "時の引き潮"}, {"identifiers": {"scryfallId": "139630e8-f78e-4089-9403-36ea4067b41e"}, "language": "Portuguese (Brazil)", "name": "Refluxo do Tempo"}], "frameVersion": "1997", "hasFoil": false, "hasNonFoil": true, "identifiers": {"cardsphereId": "36701", "mcmId": "9877", "mcmMetaId": "6022", "mtgjsonV4Id": "16b80040-c135-5837-b2f9-8015967a6176", "multiverseId": "6532", "scryfallCardBackId": "0aeebaf5-8c7d-4636-9e82-8c27447861f7", "scryfallId": "ea285582-2279-4393-885d-e471d00681e9", "scryfallIllustrationId": "da4a8fb7-281f-4433-80dc-380ca8fcc0d8", "scryfallOracleId": "30cc8f7b-3c28-40f5-8f8f-157e8212280b", "tcgplayerProductId": "234"}, "isFoil": false, "isReprint": true, "language": "English", "layout": "normal", "legalities": {"commander": "Legal", "duel": "Legal", "legacy": "Legal", "modern": "Legal", "oathbreaker": "Legal", "pauper": "Legal", "paupercommander": "Legal", "penny": "Legal", "pioneer": "Legal", "predh": "Legal", "premodern": "Legal", "vintage": "Legal"}, "manaCost": "{2}{U}", "manaValue": 3.0, "name": "Time Ebb", "number": "57", "originalText": "Return any one creature from play to the top of its owner's library.", "originalType": "Sorcery", "printings": ["9ED", "M14", "P02", "PLST", "POR", "S00", "S99", "TMP", "TPR"], "purchaseUrls": {"cardmarket": "https://mtgjson.com/links/fe008e0f669c3d5b", "tcgplayer": "https://mtgjson.com/links/f87cdc14577fd03c"}, "rarity": "common", "setCode": "P02", "sourceProducts": {"nonfoil": ["57f268ca-c3b9-5c0c-933c-0f46caf26469", "5dd64f97-53d3-565d-8c17-866e55aad20e", "d491705b-c660-595b-be69-2052ba78bd41"]}, "subtypes": [], "supertypes": [], "text": "Put target creature on top of its owner's library.", "type": "Sorcery", "types": ["Sorcery"], "uuid": "491786cf-991c-5c20-a11b-958972e016bf"}], "name": "Preconstructed deck 2", "releaseDate": "1998-06-24", "sealedProductUuids": null, "sideBoard": [], "type": "Starter Deck"}}