{"meta": {"date": "2024-09-03", "version": "5.2.2+20240903"}, "data": {"code": "POR", "commander": [], "mainBoard": [{"artist": "Romas Kukalis", "artistIds": ["eabea83d-21b3-41dd-97b5-e22dd4b55e91"], "availability": ["paper"], "boosterTypes": ["default"], "borderColor": "black", "colorIdentity": ["B"], "colors": [], "convertedManaCost": 0.0, "count": 6, "edhrecSaltiness": 0.29, "finishes": ["nonfoil"], "foreignData": [{"identifiers": {"scryfallId": "1155b585-20db-43a2-9f09-e4119b5953e1"}, "language": "German", "name": "Sumpf", "type": "Land"}, {"identifiers": {"scryfallId": "71a9d0cd-4eda-4f1e-8e98-651cac06b128"}, "language": "Spanish", "name": "Pantano"}, {"identifiers": {"scryfallId": "e4c4f596-234d-4720-b6de-e47dd8270e78"}, "language": "French", "name": "Marais"}, {"identifiers": {"scryfallId": "130da8fc-e6b8-4913-b24f-7916ac1d7cef"}, "language": "Japanese", "name": "沼"}], "frameVersion": "1997", "hasFoil": false, "hasNonFoil": true, "identifiers": {"cardsphereId": "36512", "mcmId": "10192", "mtgjsonV4Id": "6256a3f4-08c0-5b55-ab55-a3585f04ce13", "multiverseId": "4412", "scryfallCardBackId": "0aeebaf5-8c7d-4636-9e82-8c27447861f7", "scryfallId": "ec0da69e-4ab6-4ef1-a7ae-4d6c47172c81", "scryfallIllustrationId": "bbbbed20-f096-4c94-8c0c-4a35fbd91d05", "scryfallOracleId": "56719f6a-1a6c-4c0a-8d21-18f7d7350b68", "tcgplayerProductId": "788"}, "isFoil": false, "isReprint": true, "language": "English", "layout": "normal", "legalities": {"alchemy": "Legal", "brawl": "Legal", "commander": "Legal", "duel": "Legal", "explorer": "Legal", "future": "Legal", "gladiator": "Legal", "historic": "Legal", "legacy": "Legal", "modern": "Legal", "oathbreaker": "Legal", "pauper": "Legal", "paupercommander": "Legal", "penny": "Legal", "pioneer": "Legal", "predh": "Legal", "premodern": "Legal", "standard": "Legal", "standardbrawl": "Legal", "timeless": "Legal", "vintage": "Legal"}, "manaValue": 0.0, "name": "Swamp", "number": "204", "originalText": "B", "originalType": "Land", "printings": ["10E", "2ED", "2XM", "30A", "3ED", "40K", "4BB", "4ED", "5ED", "6ED", "7ED", "8ED", "9ED", "ACR", "AFR", "AKH", "AKR", "ALA", "ANA", "ANB", "ARC", "ATH", "AVR", "BBD", "BFZ", "BLB", "BRB", "BRC", "BRO", "BTD", "C13", "C14", "C15", "C16", "C17", "C18", "C19", "CED", "CEI", "CHK", "CLB", "CLU", "CM2", "CMA", "CMD", "CMM", "CST", "DDC", "DDD", "DDE", "DDH", "DDJ", "DDK", "DDM", "DDN", "DDP", "DDQ", "DDR", "DKM", "DMR", "DMU", "DOM", "DPA", "DSK", "DTK", "DVD", "E01", "ELD", "FBB", "FDN", "FRF", "G17", "GK1", "GK2", "GN2", "GN3", "GNT", "GRN", "GVL", "H09", "HBG", "HOP", "HOU", "ICE", "IKO", "INV", "ISD", "ITP", "J14", "J22", "JMP", "KHM", "KLD", "KLR", "KTK", "LCI", "LEA", "LEB", "LRW", "LTR", "M10", "M11", "M12", "M13", "M14", "M15", "M19", "M20", "M21", "MBS", "MD1", "ME1", "ME3", "MH2", "MH3", "MID", "MIR", "MKM", "MMQ", "MOM", "MRD", "NEO", "NPH", "ODY", "OLEP", "ONE", "ONS", "ORI", "OTJ", "P02", "P23", "PAL00", "PAL01", "PAL03", "PAL04", "PAL05", "PAL06", "PAL99", "PALP", "PANA", "PARL", "PC2", "PCA", "PD3", "PELP", "PF19", "PF20", "PGPX", "PGRU", "PHUK", "PIP", "PLST", "PMPS", "PMPS06", "PMPS07", "PMPS08", "PMPS09", "PMPS10", "PMPS11", "POR", "PPP1", "PRM", "PRW2", "PRWK", "PS11", "PSAL", "PSS2", "PSS3", "PSS4", "PTC", "PTK", "RAV", "REX", "RIX", "RNA", "ROE", "RQS", "RTR", "S99", "SCD", "SHM", "SIR", "SLD", "SNC", "SOI", "SOM", "STX", "SUM", "TD0", "TD2", "THB", "THS", "TMP", "TPR", "TSP", "UGL", "UND", "UNF", "UNH", "USG", "UST", "VOW", "WAR", "WC01", "WC02", "WC03", "WC97", "WC98", "WC99", "WHO", "WOE", "XANA", "XLN", "ZEN", "ZNR"], "purchaseUrls": {"tcgplayer": "https://mtgjson.com/links/c18ec0d771822176"}, "rarity": "common", "setCode": "POR", "sourceProducts": {"nonfoil": ["40955f10-1ae5-59ba-aaac-a3a2ae41adcc", "c9a8447f-abb7-5cef-818f-2899c56a7dfa"]}, "subtypes": ["Swamp"], "supertypes": ["Basic"], "text": "({T}: Add {B}.)", "type": "Basic Land — Swamp", "types": ["Land"], "uuid": "41304c50-b867-519b-b563-d3f3233e7c8e", "variations": ["5970dc96-d6a5-52e9-b111-43fb9a65925d", "6d5add97-7ecf-5b5d-a447-8b35b297ab06", "f18e9001-e542-5933-b683-2cf2aedaf857"]}, {"artist": "Eric Peterson", "artistIds": ["0fc26d3b-4c0e-41d1-8eb3-286ab55a2328"], "availability": ["paper"], "boosterTypes": ["default"], "borderColor": "black", "colorIdentity": ["U"], "colors": [], "convertedManaCost": 0.0, "count": 6, "edhrecSaltiness": 0.76, "finishes": ["nonfoil"], "foreignData": [{"identifiers": {"scryfallId": "f77e97ed-b455-480d-9a76-76a4fbc316be"}, "language": "German", "name": "Insel", "type": "Land"}, {"identifiers": {"scryfallId": "b423c8a7-ea83-40fc-ac77-c721a771a698"}, "language": "Spanish", "name": "Isla"}, {"identifiers": {"scryfallId": "8a209926-9ebd-4ffb-b600-a8ac6c27b228"}, "language": "French", "name": "Ile"}, {"identifiers": {"scryfallId": "0a59a45c-7882-4df2-8608-4a106663644c"}, "language": "Japanese", "name": "島"}], "frameVersion": "1997", "hasFoil": false, "hasNonFoil": true, "identifiers": {"cardsphereId": "36423", "mcmId": "10189", "mtgjsonV4Id": "4526c8ab-6e8f-54e5-8249-6cd6d4fa5e45", "multiverseId": "4422", "scryfallCardBackId": "0aeebaf5-8c7d-4636-9e82-8c27447861f7", "scryfallId": "e98d1e6f-5902-4e67-91a6-30eb5c3ce4a1", "scryfallIllustrationId": "cd6f64d4-1b8b-48ca-a453-9cf29c6957a7", "scryfallOracleId": "b2c6aa39-2d2a-459c-a555-fb48ba993373", "tcgplayerProductId": "701"}, "isFoil": false, "isReprint": true, "language": "English", "layout": "normal", "legalities": {"alchemy": "Legal", "brawl": "Legal", "commander": "Legal", "duel": "Legal", "explorer": "Legal", "future": "Legal", "gladiator": "Legal", "historic": "Legal", "legacy": "Legal", "modern": "Legal", "oathbreaker": "Legal", "pauper": "Legal", "paupercommander": "Legal", "penny": "Legal", "pioneer": "Legal", "predh": "Legal", "premodern": "Legal", "standard": "Legal", "standardbrawl": "Legal", "timeless": "Legal", "vintage": "Legal"}, "manaValue": 0.0, "name": "Island", "number": "200", "originalText": "U", "originalType": "Land", "printings": ["10E", "2ED", "2XM", "30A", "3ED", "40K", "4BB", "4ED", "5ED", "6ED", "7ED", "8ED", "9ED", "ACR", "AFR", "AKH", "AKR", "ALA", "ANA", "ANB", "ARC", "AVR", "BBD", "BFZ", "BLB", "BRB", "BRC", "BRO", "BTD", "C13", "C14", "C15", "C16", "C17", "C18", "C19", "CED", "CEI", "CHK", "CLB", "CLU", "CM2", "CMA", "CMD", "CMM", "CMR", "CST", "DD2", "DDE", "DDF", "DDH", "DDI", "DDJ", "DDM", "DDN", "DDO", "DDQ", "DDS", "DDT", "DDU", "DMR", "DMU", "DOM", "DPA", "DSK", "DTK", "E01", "ELD", "FBB", "FRF", "G17", "GK1", "GK2", "GN2", "GN3", "GNT", "GRN", "GS1", "H09", "HBG", "HOP", "HOU", "ICE", "IKO", "INV", "ISD", "ITP", "J14", "J22", "JMP", "JVC", "KHM", "KLD", "KLR", "KTK", "LCI", "LEA", "LEB", "LRW", "LTR", "M10", "M11", "M12", "M13", "M14", "M15", "M19", "M20", "M21", "MBS", "ME1", "ME3", "MH2", "MH3", "MID", "MIR", "MKM", "MMQ", "MOM", "MRD", "NEO", "NPH", "ODY", "OLEP", "ONE", "ONS", "ORI", "OTJ", "P02", "P23", "PAL00", "PAL01", "PAL02", "PAL03", "PAL04", "PAL05", "PAL06", "PAL99", "PALP", "PANA", "PARL", "PC2", "PCA", "PELP", "PF19", "PF20", "PGPX", "PGRU", "PIP", "PLST", "PMPS", "PMPS06", "PMPS07", "PMPS08", "PMPS09", "PMPS10", "PMPS11", "POR", "PPP1", "PRM", "PRW2", "PRWK", "PS11", "PSAL", "PSS2", "PSS3", "PSS4", "PTC", "PTK", "PZ2", "RAV", "REX", "RIX", "RNA", "ROE", "RQS", "RTR", "S99", "SCD", "SHM", "SIR", "SLD", "SNC", "SOI", "SOM", "STX", "SUM", "TD0", "TD2", "THB", "THS", "TMP", "TPR", "TSP", "UGL", "UND", "UNF", "UNH", "USG", "UST", "VOW", "WAR", "WC00", "WC01", "WC02", "WC03", "WC04", "WC97", "WC98", "WHO", "WOE", "XANA", "XLN", "ZEN", "ZNR"], "purchaseUrls": {"tcgplayer": "https://mtgjson.com/links/897b1f636c9fe9a6"}, "rarity": "common", "setCode": "POR", "sourceProducts": {"nonfoil": ["40955f10-1ae5-59ba-aaac-a3a2ae41adcc", "c9a8447f-abb7-5cef-818f-2899c56a7dfa"]}, "subtypes": ["Island"], "supertypes": ["Basic"], "text": "({T}: Add {U}.)", "type": "Basic Land — Island", "types": ["Land"], "uuid": "9423c529-6e6c-5af6-a2d3-d6b7932ee69b", "variations": ["f1e2ecf8-c67f-56fe-85ba-6c2591a2a3bc", "8eaf556c-f058-50e5-abf4-a45cee829b89", "cbf897b5-5621-51bb-98e4-222e1c442889", "c4993564-d770-511c-a183-ea6220b8bf63", "5b4c98f2-d5d9-5fcf-95e1-4c586334412f", "96e916dd-8a96-5052-8510-2014c7eac8ed", "19fb2e61-3218-5311-adb4-3f0431a4b3b5"]}, {"artist": "John Avon", "artistIds": ["798f3932-30e0-4420-aa3f-db4d613f89ca"], "availability": ["paper"], "boosterTypes": ["default"], "borderColor": "black", "colorIdentity": ["G"], "colors": [], "convertedManaCost": 0.0, "count": 3, "edhrecSaltiness": 0.35, "finishes": ["nonfoil"], "foreignData": [{"identifiers": {"scryfallId": "127eda10-4792-4527-b600-1d0349c369bd"}, "language": "German", "name": "Wald", "type": "Land"}, {"identifiers": {"scryfallId": "34f31ae7-0370-4499-ac37-c9bbb0f7ba3a"}, "language": "Spanish", "name": "Bosque"}, {"identifiers": {"scryfallId": "200f274e-dcd6-4903-8d15-e6be34861c8d"}, "language": "French", "name": "Forêt"}, {"identifiers": {"scryfallId": "a4b09ca1-c8ce-4461-8753-bcfb3efab75b"}, "language": "Japanese", "name": "森"}], "frameVersion": "1997", "hasFoil": false, "hasNonFoil": true, "identifiers": {"cardsphereId": "36397", "mcmId": "10188", "mtgjsonV4Id": "00622bc8-187d-5dd9-97d9-d9063eec7c84", "multiverseId": "4413", "scryfallCardBackId": "0aeebaf5-8c7d-4636-9e82-8c27447861f7", "scryfallId": "40146f61-d3f0-45e7-82b5-788ff7b0e520", "scryfallIllustrationId": "097e2136-c891-4770-8591-d3ad8a0f5a6d", "scryfallOracleId": "b34bb2dc-c1af-4d77-b0b3-a0fb342a5fc6", "tcgplayerProductId": "677"}, "isFoil": false, "isReprint": true, "language": "English", "layout": "normal", "legalities": {"alchemy": "Legal", "brawl": "Legal", "commander": "Legal", "duel": "Legal", "explorer": "Legal", "future": "Legal", "gladiator": "Legal", "historic": "Legal", "legacy": "Legal", "modern": "Legal", "oathbreaker": "Legal", "pauper": "Legal", "paupercommander": "Legal", "penny": "Legal", "pioneer": "Legal", "predh": "Legal", "premodern": "Legal", "standard": "Legal", "standardbrawl": "Legal", "timeless": "Legal", "vintage": "Legal"}, "manaValue": 0.0, "name": "Forest", "number": "212", "originalText": "G", "originalType": "Land", "printings": ["10E", "2ED", "2XM", "30A", "3ED", "40K", "4BB", "4ED", "5ED", "6ED", "7ED", "8ED", "9ED", "ACR", "AFR", "AKH", "AKR", "ALA", "ANA", "ANB", "ARC", "ATH", "AVR", "BBD", "BFZ", "BLB", "BRB", "BRO", "BTD", "C13", "C14", "C15", "C16", "C17", "C18", "C19", "CED", "CEI", "CHK", "CLB", "CLU", "CM2", "CMA", "CMD", "CMM", "CMR", "CST", "DD1", "DDD", "DDE", "DDG", "DDH", "DDJ", "DDL", "DDM", "DDO", "DDP", "DDR", "DDS", "DDU", "DKM", "DMR", "DMU", "DOM", "DPA", "DSK", "DTK", "E01", "ELD", "EVG", "FBB", "FRF", "G17", "GK1", "GK2", "GN2", "GN3", "GNT", "GRN", "GS1", "GVL", "H09", "HBG", "HOP", "HOU", "ICE", "IKO", "INV", "ISD", "ITP", "J14", "J22", "JMP", "KHM", "KLD", "KLR", "KTK", "LCI", "LEA", "LEB", "LRW", "LTR", "M10", "M11", "M12", "M13", "M14", "M15", "M19", "M20", "M21", "MBS", "ME1", "ME3", "MH2", "MH3", "MID", "MIR", "MKM", "MMQ", "MOM", "MRD", "NEO", "NPH", "ODY", "OLEP", "ONE", "ONS", "ORI", "OTJ", "P02", "P23", "PAL00", "PAL01", "PAL03", "PAL04", "PAL05", "PAL06", "PAL99", "PALP", "PANA", "PARL", "PC2", "PCA", "PELP", "PF19", "PF20", "PGPX", "PGRU", "PIP", "PLST", "PMPS", "PMPS06", "PMPS07", "PMPS08", "PMPS09", "PMPS10", "PMPS11", "POR", "PPP1", "PRM", "PRW2", "PRWK", "PS11", "PSAL", "PSS2", "PSS3", "PSS4", "PTC", "PTK", "PZ2", "RAV", "REX", "RIX", "RNA", "ROE", "RQS", "RTR", "S99", "SCD", "SHM", "SIR", "SLD", "SNC", "SOI", "SOM", "STX", "SUM", "TD0", "TD2", "THB", "THS", "TMP", "TPR", "TSP", "UGL", "UND", "UNF", "UNH", "USG", "UST", "VOW", "WAR", "WC00", "WC01", "WC02", "WC03", "WC04", "WC97", "WC98", "WC99", "WHO", "WOE", "XANA", "XLN", "ZEN", "ZNR"], "purchaseUrls": {"tcgplayer": "https://mtgjson.com/links/25585388a04b0694"}, "rarity": "common", "setCode": "POR", "sourceProducts": {"nonfoil": ["40955f10-1ae5-59ba-aaac-a3a2ae41adcc", "c9a8447f-abb7-5cef-818f-2899c56a7dfa"]}, "subtypes": ["Forest"], "supertypes": ["Basic"], "text": "({T}: Add {G}.)", "type": "Basic Land — Forest", "types": ["Land"], "uuid": "c6c1e6ca-decd-5f9d-aed5-ec21d7686619", "variations": ["097984fb-70df-59f2-9924-7183d68e9f8c", "75e2ce34-36e2-599c-b3ba-f02c1fd7727c", "fd3d7dbb-1353-507a-880b-bc755ce27cdd", "aa80ba2f-8a0d-5c91-865d-fc7d2a26fc89", "c615f748-729d-54ca-a8eb-2a7953311ce2", "a67d2c87-9a4f-5854-ac14-24758af648ee", "5b1dca0f-5271-53cf-9d32-e6c91812aad6"]}, {"artist": "Charles Gillespie", "artistIds": ["ec2c14ea-79eb-4c55-963f-c46f7cef1c22"], "availability": ["paper"], "boosterTypes": ["default"], "borderColor": "black", "colorIdentity": ["B"], "colors": ["B"], "convertedManaCost": 2.0, "count": 1, "edhrecRank": 27425, "finishes": ["nonfoil"], "flavorText": "\"I say victory is better than honor.\"", "foreignData": [{"identifiers": {"scryfallId": "9ca63a38-9cd5-4326-9b79-aaaf4fe1efa7"}, "language": "German", "name": "Feiger Ritter", "text": "Der Feige Ritter kann nicht blocken.", "type": "Beschwörungszauber"}, {"identifiers": {"scryfallId": "7ad92adf-15fe-486e-8b73-38b7421597d4"}, "language": "Spanish", "name": "Caballero pusilánime"}, {"identifiers": {"scryfallId": "e6bf70e7-fa86-49be-90bc-1aca60ebc9c2"}, "language": "French", "name": "Chevalier poltron"}, {"identifiers": {"scryfallId": "cbb35891-cc20-422e-b727-6df389605dc3"}, "language": "Japanese", "name": "臆病な騎士"}], "frameVersion": "1997", "hasFoil": false, "hasNonFoil": true, "identifiers": {"cardsphereId": "36360", "mcmId": "9992", "mcmMetaId": "1175", "mtgjsonV4Id": "46d0ffed-419c-596c-9672-98bc4eb0ccc8", "multiverseId": "4213", "scryfallCardBackId": "0aeebaf5-8c7d-4636-9e82-8c27447861f7", "scryfallId": "d4cbae27-4a1a-4e16-8876-9a2925c45302", "scryfallIllustrationId": "cb94686c-c8d5-4032-ba20-b9b4c642356d", "scryfallOracleId": "27d138af-7c5d-4c7e-a310-63d5b03f039d", "tcgplayerProductId": "643"}, "isFoil": false, "language": "English", "layout": "normal", "legalities": {"commander": "Legal", "duel": "Legal", "legacy": "Legal", "oathbreaker": "Legal", "pauper": "Legal", "paupercommander": "Legal", "predh": "Legal", "vintage": "Legal"}, "manaCost": "{1}{B}", "manaValue": 2.0, "name": "Craven Knight", "number": "85", "originalText": "Craven Knight can't intercept.", "originalType": "Summon - Creature", "power": "2", "printings": ["POR"], "purchaseUrls": {"cardmarket": "https://mtgjson.com/links/486a99b3fa9b8371", "tcgplayer": "https://mtgjson.com/links/6ff55f3b7479b1d6"}, "rarity": "common", "setCode": "POR", "sourceProducts": {"nonfoil": ["40955f10-1ae5-59ba-aaac-a3a2ae41adcc", "c9a8447f-abb7-5cef-818f-2899c56a7dfa"]}, "subtypes": ["Human", "Knight"], "supertypes": [], "text": "Craven Knight can't block.", "toughness": "2", "type": "Creature — Human Knight", "types": ["Creature"], "uuid": "36df5a31-b3bf-56d1-ade3-9627b7589b0e"}, {"artist": "Colin MacNeil", "artistIds": ["d756eb39-8c2f-4f12-b200-ec0d365479f3"], "availability": ["paper"], "boosterTypes": ["default"], "borderColor": "black", "colorIdentity": ["B"], "colors": ["B"], "convertedManaCost": 3.0, "count": 1, "edhrecRank": 25531, "edhrecSaltiness": 0.06, "finishes": ["nonfoil"], "flavorText": "Not all shadows are cast by light—some are cast by darkness.", "foreignData": [{"identifiers": {"scryfallId": "30154cac-1634-462a-9b90-9fe3c4c697b2"}, "language": "German", "name": "Wildschatten", "text": "Fliegend", "type": "Beschwörungszauber"}, {"identifiers": {"scryfallId": "7f7c8f80-15b8-4577-89ea-60bafdc79035"}, "language": "Spanish", "name": "Sombre feral"}, {"identifiers": {"scryfallId": "e6a7d43d-6336-4ec2-abf5-c8f2fa236142"}, "language": "French", "name": "Mânes funestes"}, {"identifiers": {"scryfallId": "45af8f2b-e8a5-4ac9-a475-4b43c539c5db"}, "language": "Japanese", "name": "残忍な影"}], "frameVersion": "1997", "hasFoil": false, "hasNonFoil": true, "identifiers": {"cardsphereId": "36384", "mcmId": "10000", "mtgjsonV4Id": "0318860a-0ae8-5251-96d3-4ce0aad39a6f", "multiverseId": "4221", "scryfallCardBackId": "0aeebaf5-8c7d-4636-9e82-8c27447861f7", "scryfallId": "c46f4c00-6bf8-440b-9761-b17a0e36c27e", "scryfallIllustrationId": "ba9fc509-d499-43c3-b44c-b478859f3bd6", "scryfallOracleId": "cf26dcb4-e181-4ba5-bc03-b56f57032b85", "tcgplayerProductId": "667"}, "isFoil": false, "isReprint": true, "keywords": ["Flying"], "language": "English", "layout": "normal", "legalities": {"commander": "Legal", "duel": "Legal", "legacy": "Legal", "oathbreaker": "Legal", "pauper": "Legal", "paupercommander": "Legal", "predh": "Legal", "premodern": "Legal", "vintage": "Legal"}, "manaCost": "{2}{B}", "manaValue": 3.0, "name": "Feral Shadow", "number": "93", "originalText": "Flying", "originalType": "Summon - Creature", "power": "2", "printings": ["6ED", "BTD", "MIR", "PLST", "POR", "S99"], "purchaseUrls": {"tcgplayer": "https://mtgjson.com/links/064ab1725e21f139"}, "rarity": "common", "setCode": "POR", "sourceProducts": {"nonfoil": ["40955f10-1ae5-59ba-aaac-a3a2ae41adcc", "c9a8447f-abb7-5cef-818f-2899c56a7dfa"]}, "subtypes": ["Nightstalker"], "supertypes": [], "text": "Flying", "toughness": "1", "type": "Creature — Nightstalker", "types": ["Creature"], "uuid": "6daea72e-ed16-541a-913c-c724c050ea20", "variations": ["0b9699f6-adc7-5212-a9a5-0f56a4847936"]}, {"artist": "Scott M. Fischer", "artistIds": ["23b0cf43-3e43-44c6-8329-96446eca5bce"], "availability": ["paper"], "boosterTypes": ["default"], "borderColor": "black", "colorIdentity": ["B"], "colors": ["B"], "convertedManaCost": 4.0, "count": 1, "edhrecRank": 7230, "finishes": ["nonfoil"], "foreignData": [{"identifiers": {"scryfallId": "41c208f7-cc12-4b94-8cb2-17e2c0a4163c"}, "language": "German", "name": "Totengräber", "text": "Wenn der Totengräber aus Deiner Hand ins Spiel kommt, kannst Du einen Beschwörungszauber aus Deinem Friedhof zurück auf Deine Hand bringen.", "type": "Beschwörungszauber"}, {"identifiers": {"scryfallId": "d2498fe1-3578-4fa3-a4e1-61e07a195888"}, "language": "Spanish", "name": "Desenterrador"}, {"identifiers": {"scryfallId": "ab52ee98-4e7b-4169-bf07-c6c32ffc1fe6"}, "language": "French", "name": "Fossoyeur"}, {"identifiers": {"scryfallId": "86fd2363-760c-40af-92fa-a9bc77e49256"}, "language": "Japanese", "name": "グレイブディガー"}], "frameVersion": "1997", "hasFoil": false, "hasNonFoil": true, "identifiers": {"cardsphereId": "36410", "mcmId": "10002", "mcmMetaId": "2505", "mtgjsonV4Id": "1dd30953-d427-55d7-b82e-f896cbb423c5", "multiverseId": "4223", "scryfallCardBackId": "0aeebaf5-8c7d-4636-9e82-8c27447861f7", "scryfallId": "b979d70e-d514-420f-886c-f60e2bb1861f", "scryfallIllustrationId": "6723dfc4-3cfa-4643-b45d-8faf336b983c", "scryfallOracleId": "1a2030cc-d7ee-4059-b2d7-fb95ea8e267b", "tcgplayerProductId": "688"}, "isFoil": false, "language": "English", "layout": "normal", "legalities": {"brawl": "Legal", "commander": "Legal", "duel": "Legal", "explorer": "Legal", "gladiator": "Legal", "historic": "Legal", "legacy": "Legal", "modern": "Legal", "oathbreaker": "Legal", "pauper": "Legal", "paupercommander": "Legal", "penny": "Legal", "pioneer": "Legal", "predh": "Legal", "premodern": "Legal", "timeless": "Legal", "vintage": "Legal"}, "manaCost": "{3}{B}", "manaValue": 4.0, "name": "Gravedigger", "number": "95", "originalText": "When Gravedigger comes into play from your hand, you may choose to return a summon creature from your discard pile to your hand.", "originalType": "Summon - Creature", "power": "2", "printings": ["10E", "6ED", "7ED", "8ED", "9ED", "AKH", "AKR", "BTD", "CM2", "CMD", "EMA", "HOP", "J22", "M10", "M11", "M12", "M15", "M19", "M20", "ODY", "PDCI", "PLST", "POR", "PS11", "PSAL", "S99", "TMP", "TPR"], "purchaseUrls": {"cardmarket": "https://mtgjson.com/links/1f52fbc4e7372abf", "tcgplayer": "https://mtgjson.com/links/a080e533086a3b33"}, "rarity": "uncommon", "rulings": [{"date": "2009-10-01", "text": "A “creature card” is any card with the type creature, even if it has other types such as artifact, enchantment, or land. Older cards of type summon are also creature cards."}], "setCode": "POR", "sourceProducts": {"nonfoil": ["40955f10-1ae5-59ba-aaac-a3a2ae41adcc", "c9a8447f-abb7-5cef-818f-2899c56a7dfa"]}, "subtypes": ["Zombie"], "supertypes": [], "text": "When Gravedigger enters, you may return target creature card from your graveyard to your hand.", "toughness": "2", "type": "Creature — Zombie", "types": ["Creature"], "uuid": "058bbaab-64ee-5153-95e4-67486c645852"}, {"artist": "John Coulthart", "artistIds": ["55e5567a-7673-418e-8ba2-aee7efd6f94b"], "availability": ["paper"], "boosterTypes": ["default"], "borderColor": "black", "colorIdentity": ["B"], "colors": ["B"], "convertedManaCost": 3.0, "count": 1, "edhrecRank": 24199, "finishes": ["nonfoil"], "flavorText": "Death claims all but the darkest souls.", "foreignData": [{"identifiers": {"scryfallId": "11837d74-9746-4683-96c1-27a56a545d0e"}, "language": "German", "name": "Todbringende Hand", "text": "Zerstöre eine Kreatur Deiner Wahl, die nicht schwarz ist.", "type": "Hexerei"}, {"identifiers": {"scryfallId": "32be5204-f253-43fa-aaa9-6f2daa19ba19"}, "language": "Spanish", "name": "Mano de muerte"}, {"identifiers": {"scryfallId": "e2b1696f-eb74-43f3-92f1-1d1fbfcf208d"}, "language": "French", "name": "Main de mort"}, {"identifiers": {"scryfallId": "0d2a15d2-267f-4db3-880c-09e4e8510ae8"}, "language": "Japanese", "name": "死神の魔手"}], "frameVersion": "1997", "hasFoil": false, "hasNonFoil": true, "identifiers": {"cardsphereId": "36412", "mcmId": "10004", "mtgjsonV4Id": "8bf3c356-2745-593b-a8e4-91456fc56d3b", "multiverseId": "4224", "scryfallCardBackId": "0aeebaf5-8c7d-4636-9e82-8c27447861f7", "scryfallId": "27f136b8-52be-49b9-919b-2b9785254350", "scryfallIllustrationId": "af34a0c7-8351-4ec3-b7ab-3acfddaa49d8", "scryfallOracleId": "dc45b2e3-272b-479b-8e3b-36eead606a3a", "tcgplayerProductId": "21587"}, "isFoil": false, "language": "English", "layout": "normal", "legalities": {"commander": "Legal", "duel": "Legal", "legacy": "Legal", "oathbreaker": "Legal", "pauper": "Legal", "paupercommander": "Legal", "predh": "Legal", "vintage": "Legal"}, "manaCost": "{2}{B}", "manaValue": 3.0, "name": "Hand of Death", "number": "96", "originalText": "Destroy any one creature that isn't black. (A creature is black if it has o\nB in its cost.)", "originalType": "Sorcery", "printings": ["P02", "PLST", "POR", "S00", "S99"], "purchaseUrls": {"tcgplayer": "https://mtgjson.com/links/b8a0b5b251a3d557"}, "rarity": "common", "setCode": "POR", "sourceProducts": {"nonfoil": ["40955f10-1ae5-59ba-aaac-a3a2ae41adcc", "c9a8447f-abb7-5cef-818f-2899c56a7dfa"]}, "subtypes": [], "supertypes": [], "text": "Destroy target nonblack creature.", "type": "Sorcery", "types": ["Sorcery"], "uuid": "a97e1cae-adf2-539e-95c5-3ac5957ff208", "variations": ["ea3ed272-c08f-5537-b152-4d4e7cbec7a7"]}, {"artist": "Steve Luke", "artistIds": ["e2b0133e-a28d-45d1-8843-26285b41d61d"], "availability": ["paper"], "boosterTypes": ["default"], "borderColor": "black", "colorIdentity": ["B"], "colors": ["B"], "convertedManaCost": 3.0, "count": 1, "edhrecRank": 11377, "edhrecSaltiness": 0.62, "finishes": ["nonfoil"], "foreignData": [{"identifiers": {"scryfallId": "c29dfadf-65c1-43b4-8964-585f0d7d0675"}, "language": "German", "name": "Gedankenzersetzung", "text": "Dein Gegner bestimmt zwei Karten aus seiner Hand und wirft diese ab. Wenn Dein Gegner nur eine Karte auf der Hand hat, wirft er diese ab.", "type": "Hexerei"}, {"identifiers": {"scryfallId": "7f0df462-f190-43e4-be96-7dfb2fd203a0"}, "language": "Spanish", "name": "Podredumbre mental"}, {"identifiers": {"scryfallId": "5e3e0371-9a90-4ada-a58c-80c432c07075"}, "language": "French", "name": "Pourrissement cérébral"}, {"identifiers": {"scryfallId": "9f762777-1ac8-47cc-ba16-8794e6b68e2b"}, "language": "Japanese", "name": "精神腐敗"}], "frameVersion": "1997", "hasFoil": false, "hasNonFoil": true, "identifiers": {"cardsphereId": "36439", "mcmId": "10009", "mcmMetaId": "3598", "mtgjsonV4Id": "b8916450-64cd-5db2-921d-123401a1a453", "multiverseId": "4230", "scryfallCardBackId": "0aeebaf5-8c7d-4636-9e82-8c27447861f7", "scryfallId": "b91d355d-8409-4f0b-87ce-7590a8b9ebc0", "scryfallIllustrationId": "9756e56a-421c-4566-ad10-b64de3e7c06b", "scryfallOracleId": "ad44cf74-b717-48fb-9fa2-77512024d76a", "tcgplayerProductId": "717"}, "isFoil": false, "language": "English", "layout": "normal", "legalities": {"brawl": "Legal", "commander": "Legal", "duel": "Legal", "explorer": "Legal", "gladiator": "Legal", "historic": "Legal", "legacy": "Legal", "modern": "Legal", "oathbreaker": "Legal", "pauper": "Legal", "paupercommander": "Legal", "penny": "Legal", "pioneer": "Legal", "predh": "Legal", "premodern": "Legal", "timeless": "Legal", "vintage": "Legal"}, "manaCost": "{2}{B}", "manaValue": 3.0, "name": "Mind Rot", "number": "101", "originalText": "Your opponent chooses and discards two cards from his or her hand. (If your opponent has only one card, he or she discards it.)", "originalType": "Sorcery", "printings": ["10E", "7ED", "8ED", "9ED", "DPA", "DTK", "KLD", "KLR", "M10", "M11", "M12", "M13", "M14", "M15", "M19", "M20", "M21", "ORI", "P02", "PLST", "POR", "PS11", "RTR", "S99", "W16"], "purchaseUrls": {"cardmarket": "https://mtgjson.com/links/b2666e8ae693da42", "tcgplayer": "https://mtgjson.com/links/5d92c2c95e58fa5f"}, "rarity": "common", "setCode": "POR", "sourceProducts": {"nonfoil": ["40955f10-1ae5-59ba-aaac-a3a2ae41adcc", "c9a8447f-abb7-5cef-818f-2899c56a7dfa"]}, "subtypes": [], "supertypes": [], "text": "Target player discards two cards.", "type": "Sorcery", "types": ["Sorcery"], "uuid": "924737f2-81db-5730-b580-a27271b53dcf"}, {"artist": "Colin MacNeil", "artistIds": ["d756eb39-8c2f-4f12-b200-ec0d365479f3"], "availability": ["paper"], "boosterTypes": ["default"], "borderColor": "black", "colorIdentity": ["B"], "colors": ["B"], "convertedManaCost": 1.0, "count": 1, "edhrecRank": 18032, "finishes": ["nonfoil"], "flavorText": "The difference between a nuisance and a threat is often merely a matter of numbers.", "foreignData": [{"identifiers": {"scryfallId": "a8bc980a-0737-42ae-9c3c-48baf23aeeb4"}, "language": "German", "name": "Schmutzratten", "type": "Beschwörungszauber"}, {"identifiers": {"scryfallId": "6273d21a-5815-4206-8834-55f4a429cf2b"}, "language": "Spanish", "name": "Ratas estercolero"}, {"identifiers": {"scryfallId": "5ff2c34d-f13f-443f-822e-a9f375232d54"}, "language": "French", "name": "Rat du fumier"}, {"identifiers": {"scryfallId": "577640f8-efd9-4606-aea8-2f1d87e9b0fb"}, "language": "Japanese", "name": "泥ネズミ"}], "frameVersion": "1997", "hasFoil": false, "hasNonFoil": true, "identifiers": {"cardsphereId": "36450", "mcmId": "10010", "mcmMetaId": "3763", "mtgjsonV4Id": "f140c62a-acfc-5e06-a509-d52a58bf3ab3", "multiverseId": "4231", "scryfallCardBackId": "0aeebaf5-8c7d-4636-9e82-8c27447861f7", "scryfallId": "d4041226-7ce2-46d1-8844-20fa50b6568a", "scryfallIllustrationId": "d8252777-52c5-46fd-9947-4f4152086158", "scryfallOracleId": "bca13a12-6723-4a5e-8f1b-21646a8b3e7e", "tcgplayerProductId": "728"}, "isFoil": false, "language": "English", "layout": "normal", "legalities": {"commander": "Legal", "duel": "Legal", "legacy": "Legal", "oathbreaker": "Legal", "pauper": "Legal", "paupercommander": "Legal", "predh": "Legal", "vintage": "Legal"}, "manaCost": "{B}", "manaValue": 1.0, "name": "Muck Rats", "number": "102", "originalType": "Summon - Creature", "power": "1", "printings": ["P02", "POR", "S99"], "purchaseUrls": {"cardmarket": "https://mtgjson.com/links/0466ea825d850850", "tcgplayer": "https://mtgjson.com/links/703114de315976a1"}, "rarity": "common", "setCode": "POR", "sourceProducts": {"nonfoil": ["40955f10-1ae5-59ba-aaac-a3a2ae41adcc", "c9a8447f-abb7-5cef-818f-2899c56a7dfa"]}, "subtypes": ["Rat"], "supertypes": [], "toughness": "1", "type": "Creature — Rat", "types": ["Creature"], "uuid": "da583dd0-cdb6-5a6d-8868-1c4a02da0070"}, {"artist": "Mike Dringenberg", "artistIds": ["a1407afa-0f54-43f8-938b-88b268074f91"], "availability": ["paper"], "boosterTypes": ["default"], "borderColor": "black", "colorIdentity": ["B"], "colors": ["B"], "convertedManaCost": 4.0, "count": 1, "edhrecRank": 22920, "edhrecSaltiness": 0.14, "finishes": ["nonfoil"], "flavorText": "The less flesh there is, the more teeth there seem to be.", "foreignData": [{"identifiers": {"scryfallId": "08cdff41-52c2-4496-9d1b-024927236f5e"}, "language": "German", "name": "Knochenkrokodil", "type": "Beschwörungszauber"}, {"identifiers": {"scryfallId": "16a5cc93-8b22-413e-94af-b9ae00cb0338"}, "language": "Spanish", "name": "Cocodrilo esquelético"}, {"identifiers": {"scryfallId": "300fa951-21eb-4c49-97ec-03144e741518"}, "language": "French", "name": "Crocodile squelette"}, {"identifiers": {"scryfallId": "1dd803d6-084c-4fe3-93f5-6e2bf91b242a"}, "language": "Japanese", "name": "骸骨クロコダイル"}], "frameVersion": "1997", "hasFoil": false, "hasNonFoil": true, "identifiers": {"cardsphereId": "36493", "mcmId": "10018", "mcmMetaId": "5235", "mtgjsonV4Id": "b33db5de-7f05-57c5-8ebe-eb15a0f9ad2a", "multiverseId": "4239", "scryfallCardBackId": "0aeebaf5-8c7d-4636-9e82-8c27447861f7", "scryfallId": "ebcbbd6f-2915-4b4c-85d3-1d9b55d36c11", "scryfallIllustrationId": "797e8284-fc45-4c39-8e0d-bff2bde248ef", "scryfallOracleId": "90f9440a-0bf8-46eb-9cfa-16fb88a217d8", "tcgplayerProductId": "771"}, "isFoil": false, "language": "English", "layout": "normal", "legalities": {"commander": "Legal", "duel": "Legal", "legacy": "Legal", "oathbreaker": "Legal", "pauper": "Legal", "paupercommander": "Legal", "predh": "Legal", "vintage": "Legal"}, "manaCost": "{3}{B}", "manaValue": 4.0, "name": "Skeletal Crocodile", "number": "110", "originalType": "Summon - Creature", "power": "5", "printings": ["POR"], "purchaseUrls": {"cardmarket": "https://mtgjson.com/links/1390b48ff8cf6c86", "tcgplayer": "https://mtgjson.com/links/c401c5a6be511192"}, "rarity": "common", "setCode": "POR", "sourceProducts": {"nonfoil": ["40955f10-1ae5-59ba-aaac-a3a2ae41adcc", "c9a8447f-abb7-5cef-818f-2899c56a7dfa"]}, "subtypes": ["Crocodile", "Skeleton"], "supertypes": [], "toughness": "1", "type": "Creature — Crocodile Skeleton", "types": ["Creature"], "uuid": "0a07c5ad-ee69-54aa-91a2-5d9bc77a9567"}, {"artist": "Zina Saunders", "artistIds": ["eff6a2bb-7ca1-432e-8af9-aa85ee2359a2"], "availability": ["paper"], "boosterTypes": ["default"], "borderColor": "black", "colorIdentity": ["B"], "colors": ["B"], "convertedManaCost": 3.0, "count": 1, "edhrecRank": 25429, "finishes": ["nonfoil"], "flavorText": "A touch, not comforting, but of death.", "foreignData": [{"identifiers": {"scryfallId": "2cf03e2e-49ec-43b3-8a1f-e0a9d573892f"}, "language": "German", "name": "Berührung des Vampirs", "text": "Die Berührung des Vampirs fügt Deinem Gegner 2 Schadenspunkte zu. Du erhältst 2 Lebenspunkte dazu.", "type": "Hexerei"}, {"identifiers": {"scryfallId": "fae92b4c-c67c-4842-bd38-bbd2c70c9f15"}, "language": "Spanish", "name": "Banquete vampírico"}, {"identifiers": {"scryfallId": "8ebd1e58-a94c-46fd-93fe-56146d0fc9e4"}, "language": "French", "name": "Toucher vampirique"}, {"identifiers": {"scryfallId": "6503f059-4074-41ad-8873-3f905b323503"}, "language": "Japanese", "name": "吸血の感触"}], "frameVersion": "1997", "hasFoil": false, "hasNonFoil": true, "identifiers": {"cardsphereId": "36534", "mcmId": "10023", "mcmMetaId": "6286", "mtgjsonV4Id": "bbaaede4-7e4b-5398-a72d-1a40e93ace59", "multiverseId": "4244", "scryfallCardBackId": "0aeebaf5-8c7d-4636-9e82-8c27447861f7", "scryfallId": "231f7598-8c47-4828-8240-e2a545a7ac5b", "scryfallIllustrationId": "61838462-c3d9-4f27-83e7-4f29ef23cb79", "scryfallOracleId": "b701378f-681b-4840-bd11-1a97c2a675f2", "tcgplayerProductId": "808"}, "isFoil": false, "language": "English", "layout": "normal", "legalities": {"commander": "Legal", "duel": "Legal", "legacy": "Legal", "oathbreaker": "Legal", "pauper": "Legal", "paupercommander": "Legal", "predh": "Legal", "vintage": "Legal"}, "manaCost": "{2}{B}", "manaValue": 3.0, "name": "Vampiric Touch", "number": "115", "originalText": "Vampiric Touch deals 2 damage to your opponent. You gain 2 life.", "originalType": "Sorcery", "printings": ["POR"], "purchaseUrls": {"cardmarket": "https://mtgjson.com/links/3e83863bad13079f", "tcgplayer": "https://mtgjson.com/links/bc71112f4d47edbc"}, "rarity": "common", "setCode": "POR", "sourceProducts": {"nonfoil": ["40955f10-1ae5-59ba-aaac-a3a2ae41adcc", "c9a8447f-abb7-5cef-818f-2899c56a7dfa"]}, "subtypes": [], "supertypes": [], "text": "Vampiric Touch deals 2 damage to target opponent or planeswalker and you gain 2 life.", "type": "Sorcery", "types": ["Sorcery"], "uuid": "33ae2400-0016-5acb-b1ce-5a5704d49f55"}, {"artist": "Rebecca Guay", "artistIds": ["f8f662fa-d597-46a3-afb2-91d6e13243e2"], "availability": ["paper"], "boosterTypes": ["default"], "borderColor": "black", "colorIdentity": ["U"], "colors": ["U"], "convertedManaCost": 1.0, "count": 1, "edhrecRank": 10732, "finishes": ["nonfoil"], "flavorText": "A thousand feathers from a thousand birds, sewn with magic and song.", "foreignData": [{"identifiers": {"scryfallId": "8a352780-b0a5-4921-b71a-97e0a14e6753"}, "language": "German", "name": "Federkleid", "text": "Eine Kreatur Deiner Wahl erhält Flugfähigkeit bis zum Ende des Zuges. Ziehe eine Karte.", "type": "Hexerei"}, {"identifiers": {"scryfallId": "d606febd-c5ca-4cbb-8e44-126fc888f724"}, "language": "Spanish", "name": "Manto plumas"}, {"identifiers": {"scryfallId": "5b9994ee-6abd-425d-b473-561aa05d2f24"}, "language": "French", "name": "Cape de plumes"}, {"identifiers": {"scryfallId": "d5d9a84c-3be2-41ff-a2a8-f987bd06fdaa"}, "language": "Japanese", "name": "羽根の外套"}], "frameVersion": "1997", "hasFoil": false, "hasNonFoil": true, "identifiers": {"cardsphereId": "36352", "mcmId": "10030", "mcmMetaId": "1028", "mtgjsonV4Id": "de1b04b3-b0f1-5cd8-b445-a4d2262655a9", "multiverseId": "4251", "scryfallCardBackId": "0aeebaf5-8c7d-4636-9e82-8c27447861f7", "scryfallId": "9746790c-a426-4135-8c9d-afb82a0c26b8", "scryfallIllustrationId": "6980263d-ea59-4e20-b2c8-7bab4d715f27", "scryfallOracleId": "cb4baf53-51ed-468b-a468-5d7d45a6dc26", "tcgplayerProductId": "636"}, "isFoil": false, "language": "English", "layout": "normal", "legalities": {"commander": "Legal", "duel": "Legal", "legacy": "Legal", "oathbreaker": "Legal", "pauper": "Legal", "paupercommander": "Legal", "predh": "Legal", "vintage": "Legal"}, "manaCost": "{U}", "manaValue": 1.0, "name": "Cloak of Feathers", "number": "44", "originalText": "Any one creature gains flying until the end of the turn. You draw a card.", "originalType": "Sorcery", "printings": ["PLST", "POR"], "purchaseUrls": {"cardmarket": "https://mtgjson.com/links/3b939e3c17a7a231", "tcgplayer": "https://mtgjson.com/links/d2488d829434fba0"}, "rarity": "common", "setCode": "POR", "sourceProducts": {"nonfoil": ["40955f10-1ae5-59ba-aaac-a3a2ae41adcc", "c9a8447f-abb7-5cef-818f-2899c56a7dfa"]}, "subtypes": [], "supertypes": [], "text": "Target creature gains flying until end of turn.\nDraw a card.", "type": "Sorcery", "types": ["Sorcery"], "uuid": "2f16fcb2-3055-500d-8b27-98a61ebe57d6"}, {"artist": "Phil Foglio", "artistIds": ["3bfc0fd7-f6ce-4c3f-a755-aaafc84ac704"], "availability": ["paper"], "boosterTypes": ["default"], "borderColor": "black", "colorIdentity": ["U"], "colors": ["U"], "convertedManaCost": 3.0, "count": 1, "edhrecRank": 25384, "edhrecSaltiness": 0.17, "finishes": ["nonfoil"], "foreignData": [{"identifiers": {"scryfallId": "10ad04de-2a00-44a7-91d5-69162e30dca4"}, "language": "German", "name": "Erzwungener Rückruf", "text": "Sprich den Erzwungenen Rückruf nur, nachdem Du angegriffen wurdest, und bevor Du die Blocker deklarierst.\nBringe eine oder zwei angreifende Kreaturen Deiner Wahl zurück auf die Hand ihrer Besitzer.", "type": "Hexerei"}, {"identifiers": {"scryfallId": "bb47fccb-dd48-49a3-ae33-8f85ff2d26c8"}, "language": "Spanish", "name": "Orden anulación"}, {"identifiers": {"scryfallId": "1c3b6029-26b9-4615-8293-c4be8d3847d5"}, "language": "French", "name": "Ordre de desinvocation"}, {"identifiers": {"scryfallId": "0c9460e2-63af-4f21-93e3-a96ac1d3f0fe"}, "language": "Japanese", "name": "送還命令"}], "frameVersion": "1997", "hasFoil": false, "hasNonFoil": true, "identifiers": {"cardsphereId": "36357", "mcmId": "10034", "mcmMetaId": "1086", "mtgjsonV4Id": "671bb277-0b50-5a63-96f8-6dbcf8d55ec1", "multiverseId": "4255", "scryfallCardBackId": "0aeebaf5-8c7d-4636-9e82-8c27447861f7", "scryfallId": "e61b97fc-fa42-40a6-918e-e06383bfcae3", "scryfallIllustrationId": "c53b0b9d-eca3-49e3-896f-c4b57067fa33", "scryfallOracleId": "fd57dfa5-f29d-4b79-8748-c34a73efb7f0", "tcgplayerProductId": "640"}, "isFoil": false, "language": "English", "layout": "normal", "legalities": {"commander": "Legal", "duel": "Legal", "legacy": "Legal", "oathbreaker": "Legal", "predh": "Legal", "vintage": "Legal"}, "manaCost": "{2}{U}", "manaValue": 3.0, "name": "Command of Unsummoning", "number": "48", "originalText": "Play Command of Unsummoning only after you're attacked, before you declare interceptors.\nReturn any one or two attacking creatures to their owner's hand.", "originalType": "Sorcery", "printings": ["PLST", "POR"], "purchaseUrls": {"cardmarket": "https://mtgjson.com/links/67aca16ac2fa83d5", "tcgplayer": "https://mtgjson.com/links/c50e4f364b291f60"}, "rarity": "uncommon", "setCode": "POR", "sourceProducts": {"nonfoil": ["40955f10-1ae5-59ba-aaac-a3a2ae41adcc", "c9a8447f-abb7-5cef-818f-2899c56a7dfa"]}, "subtypes": [], "supertypes": [], "text": "Cast this spell only during the declare attackers step and only if you've been attacked this step.\nReturn one or two target attacking creatures to their owner's hand.", "type": "Instant", "types": ["Instant"], "uuid": "dc4a1259-b2bb-5373-b77b-5597f1bd5d6c"}, {"artist": "Una Fricker", "artistIds": ["0471a371-1bf8-49f2-8e76-cbe3a0bfa7e8"], "availability": ["paper"], "boosterTypes": ["default"], "borderColor": "black", "colorIdentity": ["U"], "colors": ["U"], "convertedManaCost": 2.0, "count": 1, "edhrecRank": 24560, "edhrecSaltiness": 0.31, "finishes": ["nonfoil"], "flavorText": "Some fishers like to eat eels, and some eels like to eat fishers.", "foreignData": [{"identifiers": {"scryfallId": "a52da5e3-8f26-4087-a5a5-a27c8d4a047f"}, "language": "German", "name": "Korallenaal", "type": "Beschwörungszauber"}, {"identifiers": {"scryfallId": "9710d866-7679-42ec-bc3b-2baf4780c514"}, "language": "Spanish", "name": "Azote del coral"}, {"identifiers": {"scryfallId": "e6d9f265-b643-41d5-accd-2b4626ae19f9"}, "language": "French", "name": "Anguille des coraux"}, {"identifiers": {"scryfallId": "31496cf2-bbd2-431d-88c7-e74dd96fb45f"}, "language": "Japanese", "name": "珊瑚ウツボ"}], "frameVersion": "1997", "hasFoil": false, "hasNonFoil": true, "identifiers": {"cardsphereId": "36358", "mcmId": "10035", "mcmMetaId": "1138", "mtgjsonV4Id": "e8d7749a-71b8-537b-ba01-7f4121a43f68", "multiverseId": "4256", "scryfallCardBackId": "0aeebaf5-8c7d-4636-9e82-8c27447861f7", "scryfallId": "35bbb10f-c118-4905-8329-3963af415178", "scryfallIllustrationId": "88017c4e-208c-414c-941d-575584ad73a4", "scryfallOracleId": "10706fd1-7847-4316-be8d-59b56143ce45", "tcgplayerProductId": "641"}, "isFoil": false, "language": "English", "layout": "normal", "legalities": {"commander": "Legal", "duel": "Legal", "legacy": "Legal", "modern": "Legal", "oathbreaker": "Legal", "pauper": "Legal", "paupercommander": "Legal", "predh": "Legal", "vintage": "Legal"}, "manaCost": "{1}{U}", "manaValue": 2.0, "name": "Coral Eel", "number": "49", "originalType": "Summon - Creature", "power": "2", "printings": ["8ED", "9ED", "POR", "S99"], "purchaseUrls": {"cardmarket": "https://mtgjson.com/links/1b158a084c3094fc", "tcgplayer": "https://mtgjson.com/links/b778e501c81639e5"}, "rarity": "common", "setCode": "POR", "sourceProducts": {"nonfoil": ["40955f10-1ae5-59ba-aaac-a3a2ae41adcc", "c9a8447f-abb7-5cef-818f-2899c56a7dfa"]}, "subtypes": ["Fish"], "supertypes": [], "toughness": "1", "type": "Creature — Fish", "types": ["Creature"], "uuid": "75f7edd2-7cbd-59f8-80d2-e2bc18eb5e0e"}, {"artist": "Dan Frazier", "artistIds": ["059bba56-5feb-42e4-8c2e-e2f1e6ba11f9"], "availability": ["paper"], "boosterTypes": ["default"], "borderColor": "black", "colorIdentity": ["U"], "colors": ["U"], "convertedManaCost": 2.0, "count": 1, "edhrecRank": 24918, "edhrecSaltiness": 0.57, "finishes": ["nonfoil"], "foreignData": [{"identifiers": {"scryfallId": "c95c4baf-c26c-47ed-8976-a17f2b6ca1f9"}, "language": "German", "name": "Raffinierter Dieb", "text": "Fliegend\nWenn der Raffinierte Dieb aus Deiner Hand ins Spiel kommt, schaue Dir die Karten auf der Hand Deines Gegners an.", "type": "Beschwörungszauber"}, {"identifiers": {"scryfallId": "680f9288-4397-491d-8c17-a5b97965327b"}, "language": "Spanish", "name": "Ladrón ingenioso"}, {"identifiers": {"scryfallId": "f85b55e7-7ae6-4b26-a2a9-6a4028f8b7eb"}, "language": "French", "name": "Voleur ingénieux"}, {"identifiers": {"scryfallId": "f05f4b6c-e3fa-432c-be7e-0ec55060b596"}, "language": "Japanese", "name": "空飛ぶ怪盗"}], "frameVersion": "1997", "hasFoil": false, "hasNonFoil": true, "identifiers": {"cardsphereId": "36422", "mcmId": "10044", "mcmMetaId": "2871", "mtgjsonV4Id": "5c8d7f50-3eb9-5af5-80fc-429fdf359d22", "multiverseId": "4265", "scryfallCardBackId": "0aeebaf5-8c7d-4636-9e82-8c27447861f7", "scryfallId": "be341805-b4de-456e-8b46-4ee5fdbca7e0", "scryfallIllustrationId": "73cf43e1-f62e-4e63-b2ea-3bcd8404c818", "scryfallOracleId": "73ea2949-5812-478d-8f09-00743ce4d40f", "tcgplayerProductId": "700"}, "isFoil": false, "keywords": ["Flying"], "language": "English", "layout": "normal", "legalities": {"commander": "Legal", "duel": "Legal", "legacy": "Legal", "oathbreaker": "Legal", "pauper": "Legal", "paupercommander": "Legal", "predh": "Legal", "vintage": "Legal"}, "manaCost": "{1}{U}", "manaValue": 2.0, "name": "Ingenious Thief", "number": "58", "originalText": "Flying\nWhen Ingenious Thief comes into play from your hand, look at your opponent's hand.", "originalType": "Summon - Creature", "power": "1", "printings": ["POR", "S99"], "purchaseUrls": {"cardmarket": "https://mtgjson.com/links/b8963904a750df5f", "tcgplayer": "https://mtgjson.com/links/c5e8124e924709e2"}, "rarity": "uncommon", "setCode": "POR", "sourceProducts": {"nonfoil": ["40955f10-1ae5-59ba-aaac-a3a2ae41adcc", "c9a8447f-abb7-5cef-818f-2899c56a7dfa"]}, "subtypes": ["Human", "Rogue"], "supertypes": [], "text": "Flying\nWhen Ingenious Thief enters, look at target player's hand.", "toughness": "1", "type": "Creature — Human Rogue", "types": ["Creature"], "uuid": "a4042a4c-72a2-507f-9b00-93f6905637b4"}, {"artist": "Christopher Rush", "artistIds": ["c96773f0-346c-4f7d-9271-2d98cc5d86e1"], "availability": ["paper"], "boosterTypes": ["default"], "borderColor": "black", "colorIdentity": ["U"], "colors": ["U"], "convertedManaCost": 4.0, "count": 1, "edhrecRank": 25569, "finishes": ["nonfoil"], "flavorText": "Drakes claim to be dragons—until the dragons show up.", "foreignData": [{"identifiers": {"scryfallId": "a6740093-7963-4c4b-b8e3-3265fb21065e"}, "language": "German", "name": "Schnappender Sceada", "text": "Fliegend", "type": "Beschwörungszauber"}, {"identifiers": {"scryfallId": "01ba261a-7e6d-41ca-8f65-ad2fdc45a8b4"}, "language": "Spanish", "name": "Draco mordiente"}, {"identifiers": {"scryfallId": "843bba81-9eb2-4a3f-842a-e2d6868b195f"}, "language": "French", "name": "Drakon happeur"}, {"identifiers": {"scryfallId": "12d51976-1ac3-486f-99b7-9021174e971c"}, "language": "Japanese", "name": "噛みつきドレイク"}], "frameVersion": "1997", "hasFoil": false, "hasNonFoil": true, "identifiers": {"cardsphereId": "36495", "mcmId": "10053", "mtgjsonV4Id": "1b646ab3-9578-5317-a32b-2c37a7ff01c0", "multiverseId": "4274", "scryfallCardBackId": "0aeebaf5-8c7d-4636-9e82-8c27447861f7", "scryfallId": "7b49dd4c-ead6-4d94-9acb-0518d1f6426e", "scryfallIllustrationId": "02a7ddb7-50c5-430a-a4f1-5ff9988a0b76", "scryfallOracleId": "e15060c3-3773-4548-8747-ff59dcf2b519", "tcgplayerProductId": "773"}, "isFoil": false, "keywords": ["Flying"], "language": "English", "layout": "normal", "legalities": {"brawl": "Legal", "commander": "Legal", "duel": "Legal", "explorer": "Legal", "gladiator": "Legal", "historic": "Legal", "legacy": "Legal", "modern": "Legal", "oathbreaker": "Legal", "pauper": "Legal", "paupercommander": "Legal", "penny": "Legal", "pioneer": "Legal", "predh": "Legal", "timeless": "Legal", "vintage": "Legal"}, "manaCost": "{3}{U}", "manaValue": 4.0, "name": "Snapping Drake", "number": "67", "originalText": "Flying", "originalType": "Summon - Creature", "power": "3", "printings": ["10E", "BTD", "DPA", "M10", "M19", "M20", "PLST", "POR", "PS11", "RAV", "S99"], "purchaseUrls": {"tcgplayer": "https://mtgjson.com/links/f1c0531171ad8aa8"}, "rarity": "common", "setCode": "POR", "sourceProducts": {"nonfoil": ["40955f10-1ae5-59ba-aaac-a3a2ae41adcc", "c9a8447f-abb7-5cef-818f-2899c56a7dfa"]}, "subtypes": ["Drake"], "supertypes": [], "text": "Flying (This creature can't be blocked except by creatures with flying or reach.)", "toughness": "2", "type": "Creature — Drake", "types": ["Creature"], "uuid": "e5735040-dfc6-5f31-b313-99b521cc0a23", "variations": ["e2898af1-3e83-5775-a5e4-3618cc961075"]}, {"artist": "Una Fricker", "artistIds": ["0471a371-1bf8-49f2-8e76-cbe3a0bfa7e8"], "availability": ["paper"], "boosterTypes": ["default"], "borderColor": "black", "colorIdentity": ["U"], "colors": ["U"], "convertedManaCost": 2.0, "count": 1, "edhrecRank": 17295, "edhrecSaltiness": 0.73, "finishes": ["nonfoil"], "flavorText": "Storm crow descending, winter unending. Storm crow departing, summer is starting.", "foreignData": [{"identifiers": {"scryfallId": "f8dc4a58-6013-4ef7-98b2-036c12d070a3"}, "language": "German", "name": "Sturmkrähe", "text": "Fliegend", "type": "Beschwörungszauber"}, {"identifiers": {"scryfallId": "e01a8fa7-8e6a-4588-b631-e9c0e33a835a"}, "language": "Spanish", "name": "Cuervo tempestad"}, {"identifiers": {"scryfallId": "750fc8df-7f96-461c-ba10-c45df3a91c9b"}, "language": "French", "name": "Corbeau de l'orage"}, {"identifiers": {"scryfallId": "ca8f5c45-ed40-4202-b875-9a958f0d7a55"}, "language": "Japanese", "name": "嵐雲のカラス"}], "frameVersion": "1997", "hasFoil": false, "hasNonFoil": true, "identifiers": {"cardsphereId": "36509", "mcmId": "10055", "mtgjsonV4Id": "5d204b8d-9597-5a94-9ee0-5b8eab441012", "multiverseId": "4276", "scryfallCardBackId": "0aeebaf5-8c7d-4636-9e82-8c27447861f7", "scryfallId": "dfe87b59-b456-4532-a695-0dea3110d878", "scryfallIllustrationId": "e3afc26c-9b85-44a9-ab94-04d7a6ff4f48", "scryfallOracleId": "000d5588-5a4c-434e-988d-396632ade42c", "tcgplayerProductId": "786"}, "isFoil": false, "isReprint": true, "keywords": ["Flying"], "language": "English", "layout": "normal", "legalities": {"commander": "Legal", "duel": "Legal", "legacy": "Legal", "modern": "Legal", "oathbreaker": "Legal", "pauper": "Legal", "paupercommander": "Legal", "penny": "Legal", "predh": "Legal", "premodern": "Legal", "vintage": "Legal"}, "manaCost": "{1}{U}", "manaValue": 2.0, "name": "Storm Crow", "number": "69", "originalText": "Flying", "originalType": "Summon - Creature", "power": "1", "printings": ["6ED", "7ED", "8ED", "9ED", "ALL", "PLST", "POR", "S99", "SLD"], "purchaseUrls": {"tcgplayer": "https://mtgjson.com/links/2a52325b6a929fd9"}, "rarity": "common", "setCode": "POR", "sourceProducts": {"nonfoil": ["40955f10-1ae5-59ba-aaac-a3a2ae41adcc", "c9a8447f-abb7-5cef-818f-2899c56a7dfa"]}, "subtypes": ["Bird"], "supertypes": [], "text": "Flying (This creature can't be blocked except by creatures with flying or reach.)", "toughness": "2", "type": "Creature — Bird", "types": ["Creature"], "uuid": "f48b65ad-b88c-5204-b83a-f3e5007ac0c9", "variations": ["6763a230-d521-512c-9671-9fc7f74fda59"]}, {"artist": "Alan Rabinowitz", "artistIds": ["8562e6e1-f7f3-499e-8309-cc5775b37847"], "availability": ["paper"], "boosterTypes": ["default"], "borderColor": "black", "colorIdentity": ["U"], "colors": ["U"], "convertedManaCost": 3.0, "count": 1, "edhrecRank": 21550, "edhrecSaltiness": 0.2, "finishes": ["nonfoil"], "flavorText": "Like the tide, time both ebbs and flows.", "foreignData": [{"identifiers": {"scryfallId": "5449c9ce-e575-4909-84ac-564d00f6ef31"}, "language": "German", "name": "Zeitebbe", "text": "Lege eine Kreatur Deiner Wahl zurück oben auf die Bibliothek ihres Besitzers.", "type": "Hexerei"}, {"identifiers": {"scryfallId": "f3514e26-bd02-426c-bd22-1c679e6c264c"}, "language": "Spanish", "name": "Reflujo temporal"}, {"identifiers": {"scryfallId": "55c8a569-1fdd-4341-b33c-adbb1bf38394"}, "language": "French", "name": "Temps du jusant"}, {"identifiers": {"scryfallId": "a39dd55f-9ec9-467d-b52d-8937bde7bcb8"}, "language": "Japanese", "name": "時の引き潮"}], "frameVersion": "1997", "hasFoil": false, "hasNonFoil": true, "identifiers": {"cardsphereId": "36527", "mcmId": "10061", "mcmMetaId": "6022", "mtgjsonV4Id": "a1ad3f12-622f-568a-8a3f-5010d487ea17", "multiverseId": "4282", "scryfallCardBackId": "0aeebaf5-8c7d-4636-9e82-8c27447861f7", "scryfallId": "e5fd26ca-dc7d-453d-8653-7f967e8f6dc7", "scryfallIllustrationId": "7546b9d2-8547-4aec-abd2-e7b60c34d010", "scryfallOracleId": "30cc8f7b-3c28-40f5-8f8f-157e8212280b", "tcgplayerProductId": "801"}, "isFoil": false, "language": "English", "layout": "normal", "legalities": {"commander": "Legal", "duel": "Legal", "legacy": "Legal", "modern": "Legal", "oathbreaker": "Legal", "pauper": "Legal", "paupercommander": "Legal", "penny": "Legal", "pioneer": "Legal", "predh": "Legal", "premodern": "Legal", "vintage": "Legal"}, "manaCost": "{2}{U}", "manaValue": 3.0, "name": "Time Ebb", "number": "75", "originalText": "Return any one creature to the top of its owner's deck.", "originalType": "Sorcery", "printings": ["9ED", "M14", "P02", "PLST", "POR", "S00", "S99", "TMP", "TPR"], "purchaseUrls": {"cardmarket": "https://mtgjson.com/links/db0b44eb3cba0503", "tcgplayer": "https://mtgjson.com/links/8506645d8942980b"}, "rarity": "common", "setCode": "POR", "sourceProducts": {"nonfoil": ["40955f10-1ae5-59ba-aaac-a3a2ae41adcc", "c9a8447f-abb7-5cef-818f-2899c56a7dfa"]}, "subtypes": [], "supertypes": [], "text": "Put target creature on top of its owner's library.", "type": "Sorcery", "types": ["Sorcery"], "uuid": "a49696ed-2136-5ea2-9b59-e49cbb19aff7"}, {"artist": "John Coulthart", "artistIds": ["55e5567a-7673-418e-8ba2-aee7efd6f94b"], "availability": ["paper"], "boosterTypes": ["default"], "borderColor": "black", "colorIdentity": ["U"], "colors": ["U"], "convertedManaCost": 4.0, "count": 1, "edhrecRank": 26401, "edhrecSaltiness": 0.09, "finishes": ["nonfoil"], "flavorText": "Acting on one good idea is better than hoarding all the world's knowledge.", "foreignData": [{"identifiers": {"scryfallId": "2780848c-5e25-431d-8812-10aeaf322bda"}, "language": "German", "name": "Genialer Einfall", "text": "Ziehe zwei Karten.", "type": "Hexerei"}, {"identifiers": {"scryfallId": "8cca9cb4-9c93-4e19-aaf1-7d4eed5d6e90"}, "language": "Spanish", "name": "Toque de genio"}, {"identifiers": {"scryfallId": "5d716b59-19d4-4b7a-b64e-317dc926d7c8"}, "language": "French", "name": "Toucher de miroitement"}, {"identifiers": {"scryfallId": "472abeec-c9ae-46fc-8cb2-813747457849"}, "language": "Japanese", "name": "一瞬の才気"}], "frameVersion": "1997", "hasFoil": false, "hasNonFoil": true, "identifiers": {"cardsphereId": "36528", "mcmId": "10062", "mcmMetaId": "6077", "mtgjsonV4Id": "22c292c4-4629-5d94-8f37-00b175c20f1f", "multiverseId": "4283", "scryfallCardBackId": "0aeebaf5-8c7d-4636-9e82-8c27447861f7", "scryfallId": "196474ce-e28e-48f0-b407-dc5535adf1b6", "scryfallIllustrationId": "f61718a3-947f-4972-8140-edb2ad69f79e", "scryfallOracleId": "6365aba1-78d3-416c-89cd-9449578eedbf", "tcgplayerProductId": "802"}, "isFoil": false, "language": "English", "layout": "normal", "legalities": {"commander": "Legal", "duel": "Legal", "legacy": "Legal", "oathbreaker": "Legal", "pauper": "Legal", "paupercommander": "Legal", "predh": "Legal", "vintage": "Legal"}, "manaCost": "{3}{U}", "manaValue": 4.0, "name": "Touch of Brilliance", "number": "76", "originalText": "Draw two cards.", "originalType": "Sorcery", "printings": ["P02", "POR", "S99"], "purchaseUrls": {"cardmarket": "https://mtgjson.com/links/1af75d8d4ac2c543", "tcgplayer": "https://mtgjson.com/links/0d026eddfef50afb"}, "rarity": "common", "setCode": "POR", "sourceProducts": {"nonfoil": ["40955f10-1ae5-59ba-aaac-a3a2ae41adcc", "c9a8447f-abb7-5cef-818f-2899c56a7dfa"]}, "subtypes": [], "supertypes": [], "text": "Draw two cards.", "type": "Sorcery", "types": ["Sorcery"], "uuid": "3c65134c-f60d-57a8-81ef-f78d1fa1088c"}, {"artist": "Eric Peterson", "artistIds": ["0fc26d3b-4c0e-41d1-8eb3-286ab55a2328"], "availability": ["paper"], "boosterTypes": ["default"], "borderColor": "black", "colorIdentity": ["G"], "colors": ["G"], "convertedManaCost": 3.0, "count": 1, "edhrecRank": 22642, "edhrecSaltiness": 0.06, "finishes": ["nonfoil"], "flavorText": "\"Hear that? No? *That's* a cat warrior.\"", "foreignData": [{"identifiers": {"scryfallId": "4c81ac50-19df-48a3-915a-3e7a5858d41f"}, "language": "German", "name": "Katzenkriegerelite", "text": "Waldtarnung\n(Wenn der verteidigende Spieler mindestens einen Wald im Spiel hat, kann die Katzenkriegerelite nicht geblockt werden.)", "type": "Beschwörungszauber"}, {"identifiers": {"scryfallId": "43faf548-094d-4179-b277-e986f0163f01"}, "language": "Spanish", "name": "Guerrero felino élite"}, {"identifiers": {"scryfallId": "dd2f8728-73f1-48a9-90a8-0d6e9e00b1c6"}, "language": "French", "name": "Guerrier chat d'élite"}, {"identifiers": {"scryfallId": "48502408-a537-462d-b637-52f01180162b"}, "language": "Japanese", "name": "猫族の精鋭戦士"}], "frameVersion": "1997", "hasFoil": false, "hasNonFoil": true, "identifiers": {"cardsphereId": "36377", "mcmId": "10073", "mtgjsonV4Id": "88d82cec-d2c7-5b15-975c-0d3332b65b4d", "multiverseId": "4294", "scryfallCardBackId": "0aeebaf5-8c7d-4636-9e82-8c27447861f7", "scryfallId": "7396c4e9-b0d8-4b8f-8c17-6f913a967b17", "scryfallIllustrationId": "6c0406ed-91a4-41af-8832-6f79156f1ebd", "scryfallOracleId": "9297e50f-f8a5-4793-b64d-a119404f94ce", "tcgplayerProductId": "660"}, "isFoil": false, "keywords": ["Forestwalk"], "language": "English", "layout": "normal", "legalities": {"commander": "Legal", "duel": "Legal", "legacy": "Legal", "oathbreaker": "Legal", "pauper": "Legal", "paupercommander": "Legal", "penny": "Legal", "predh": "Legal", "vintage": "Legal"}, "manaCost": "{2}{G}", "manaValue": 3.0, "name": "Elite Cat Warrior", "number": "163", "originalText": "Forestwalk (If defending player has any forests in play, Elite Cat Warrior can't be intercepted.)", "originalType": "Summon - Creature", "power": "2", "printings": ["ME4", "PLST", "POR"], "purchaseUrls": {"tcgplayer": "https://mtgjson.com/links/00a8835c8ea2f2ae"}, "rarity": "common", "setCode": "POR", "sourceProducts": {"nonfoil": ["40955f10-1ae5-59ba-aaac-a3a2ae41adcc", "c9a8447f-abb7-5cef-818f-2899c56a7dfa"]}, "subtypes": ["Cat", "Warrior"], "supertypes": [], "text": "Forestwalk (This creature can't be blocked as long as defending player controls a Forest.)", "toughness": "3", "type": "Creature — Cat Warrior", "types": ["Creature"], "uuid": "189dd8e1-7412-53b5-b8a0-56443c5e8349", "variations": ["844d01a4-2cb5-5c52-b132-7221d3a84c69"]}, {"artist": "Dan Frazier", "artistIds": ["059bba56-5feb-42e4-8c2e-e2f1e6ba11f9"], "availability": ["paper"], "boosterTypes": ["default"], "borderColor": "black", "colorIdentity": ["G"], "colors": ["G"], "convertedManaCost": 2.0, "count": 1, "edhrecRank": 20291, "edhrecSaltiness": 0.36, "finishes": ["nonfoil"], "flavorText": "Some cats are born fighters; others need a little persuading.", "foreignData": [{"identifiers": {"scryfallId": "3eee64b4-b6f9-471a-8972-b58133e9f53f"}, "language": "German", "name": "Unheimliches Wachstum", "text": "Eine Kreatur Deiner Wahl erhält +4/+4 bis zum Ende des Zuges.", "type": "Hexerei"}, {"identifiers": {"scryfallId": "d1ec154e-05a1-4309-9cc4-5df9bd05e8ef"}, "language": "Spanish", "name": "Crecimiento mons."}, {"identifiers": {"scryfallId": "f23311d7-f479-443a-8afe-c860f71eb676"}, "language": "French", "name": "Croissance démesurée"}, {"identifiers": {"scryfallId": "c60470b8-ba45-46f3-b853-598c4a764789"}, "language": "Japanese", "name": "超巨大化"}], "frameVersion": "1997", "hasFoil": false, "hasNonFoil": true, "identifiers": {"cardsphereId": "36442", "mcmId": "10084", "mtgjsonV4Id": "f5b8301d-10b5-5658-bd46-6638ad003d83", "multiverseId": "4305", "scryfallCardBackId": "0aeebaf5-8c7d-4636-9e82-8c27447861f7", "scryfallId": "1fd2edb9-0b53-432e-bb3b-171d2a85439d", "scryfallIllustrationId": "13dce669-096d-422c-93d9-a1143cdc92a2", "scryfallOracleId": "35a05836-38d7-45c7-ac9a-996a682c2129", "tcgplayerProductId": "21591"}, "isFoil": false, "language": "English", "layout": "normal", "legalities": {"commander": "Legal", "duel": "Legal", "legacy": "Legal", "modern": "Legal", "oathbreaker": "Legal", "pauper": "Legal", "paupercommander": "Legal", "penny": "Legal", "predh": "Legal", "premodern": "Legal", "vintage": "Legal"}, "manaCost": "{1}{G}", "manaValue": 2.0, "name": "Monstrous Growth", "number": "173", "originalText": "Any one creature gets +4/+4 until the end of the turn.", "originalType": "Sorcery", "printings": ["7ED", "8ED", "P02", "PLST", "POR", "S00", "S99"], "purchaseUrls": {"tcgplayer": "https://mtgjson.com/links/1da6e4f12cdc53a9"}, "rarity": "common", "setCode": "POR", "sourceProducts": {"nonfoil": ["40955f10-1ae5-59ba-aaac-a3a2ae41adcc", "c9a8447f-abb7-5cef-818f-2899c56a7dfa"]}, "subtypes": [], "supertypes": [], "text": "Target creature gets +4/+4 until end of turn.", "type": "Sorcery", "types": ["Sorcery"], "uuid": "40f6a94d-3a35-5f1f-ad92-aa12138f73d8", "variations": ["0740eb1a-ad8b-5850-a227-b95968995eff"]}, {"artist": "Eric Peterson", "artistIds": ["0fc26d3b-4c0e-41d1-8eb3-286ab55a2328"], "availability": ["paper"], "boosterTypes": ["default"], "borderColor": "black", "colorIdentity": ["G"], "colors": ["G"], "convertedManaCost": 5.0, "count": 1, "edhrecRank": 16505, "finishes": ["nonfoil"], "flavorText": "The dogs of war are nothing compared to the cats.", "foreignData": [{"identifiers": {"scryfallId": "1d520354-0ed9-4c6a-8873-f1186929f560"}, "language": "German", "name": "Pantherkrieger", "type": "Beschwörungszauber"}, {"identifiers": {"scryfallId": "54e1c718-30d2-4223-aac2-0793a1f07298"}, "language": "Spanish", "name": "Guerreros pantera"}, {"identifiers": {"scryfallId": "a91ab00f-f771-425d-8689-4b6a9a55a5b4"}, "language": "French", "name": "Guerrières panthères"}, {"identifiers": {"scryfallId": "61359d4b-61e7-45d6-9642-fde39b6f9f1d"}, "language": "Japanese", "name": "豹の戦士"}], "frameVersion": "1997", "hasFoil": false, "hasNonFoil": true, "identifiers": {"cardsphereId": "36461", "mcmId": "10091", "mcmMetaId": "4078", "mtgjsonV4Id": "75afbfeb-79f1-5dcc-804d-bbe34084b34b", "multiverseId": "9845", "scryfallCardBackId": "0aeebaf5-8c7d-4636-9e82-8c27447861f7", "scryfallId": "8be610ce-5b84-416e-b427-98887642ff01", "scryfallIllustrationId": "4f29c9bd-714a-401a-b44d-ceffd5f1cf7e", "scryfallOracleId": "ef7788af-8edc-46df-a5b6-895c734ea423", "tcgplayerProductId": "739"}, "isFoil": false, "isReprint": true, "language": "English", "layout": "normal", "legalities": {"commander": "Legal", "duel": "Legal", "legacy": "Legal", "oathbreaker": "Legal", "pauper": "Legal", "paupercommander": "Legal", "predh": "Legal", "premodern": "Legal", "vintage": "Legal"}, "manaCost": "{4}{G}", "manaValue": 5.0, "name": "Panther Warriors", "number": "180", "originalType": "Summon - Creature", "power": "6", "printings": ["6ED", "POR", "VIS"], "purchaseUrls": {"cardmarket": "https://mtgjson.com/links/0ab5adbc028077fe", "tcgplayer": "https://mtgjson.com/links/f89123093391fe72"}, "rarity": "common", "setCode": "POR", "sourceProducts": {"nonfoil": ["40955f10-1ae5-59ba-aaac-a3a2ae41adcc", "c9a8447f-abb7-5cef-818f-2899c56a7dfa"]}, "subtypes": ["Cat", "Warrior"], "supertypes": [], "toughness": "3", "type": "Creature — Cat Warrior", "types": ["Creature"], "uuid": "734551ab-9679-5c08-bfe6-f0a73303070b"}, {"artist": "Gerry Grace", "artistIds": ["09922e8b-c57f-4374-97e4-c0b86b66ef4b"], "availability": ["paper"], "boosterTypes": ["default"], "borderColor": "black", "colorIdentity": ["G"], "colors": ["G"], "convertedManaCost": 4.0, "count": 1, "edhrecRank": 25969, "finishes": ["nonfoil"], "flavorText": "One of the forest's best protectors is the forest itself.", "foreignData": [{"identifiers": {"scryfallId": "2c78f5e6-548d-4494-ae2d-c43603020128"}, "language": "German", "name": "Baumvolk der Eschen", "type": "Beschwörungszauber"}, {"identifiers": {"scryfallId": "6b1416cd-9817-40f8-9696-27f4b112a394"}, "language": "Spanish", "name": "Pueblo fresnos"}, {"identifiers": {"scryfallId": "f6d86172-19cf-4c00-b2e7-2e79458674e5"}, "language": "French", "name": "Sylvain sorbier"}, {"identifiers": {"scryfallId": "f4707ab8-53e6-4c53-b4a9-3089f40cd3c1"}, "language": "Japanese", "name": "ナナカマドのツリーフォーク"}], "frameVersion": "1997", "hasFoil": false, "hasNonFoil": true, "identifiers": {"cardsphereId": "36485", "mcmId": "10095", "mcmMetaId": "4807", "mtgjsonV4Id": "b6b2dcfb-a6e4-54c8-b872-7da84cddd8ce", "multiverseId": "4316", "scryfallCardBackId": "0aeebaf5-8c7d-4636-9e82-8c27447861f7", "scryfallId": "852a0956-8558-4754-ab57-6f1cc4de740e", "scryfallIllustrationId": "02a0f1f2-ab37-4c88-82aa-729a8d79359f", "scryfallOracleId": "ae37dd07-2926-4801-b89d-3ffad9f0f575", "tcgplayerProductId": "763"}, "isFoil": false, "language": "English", "layout": "normal", "legalities": {"commander": "Legal", "duel": "Legal", "legacy": "Legal", "oathbreaker": "Legal", "pauper": "Legal", "paupercommander": "Legal", "predh": "Legal", "vintage": "Legal"}, "manaCost": "{3}{G}", "manaValue": 4.0, "name": "Rowan Treefolk", "number": "184", "originalType": "Summon - Creature", "power": "3", "printings": ["POR"], "purchaseUrls": {"cardmarket": "https://mtgjson.com/links/27e067f0d824d398", "tcgplayer": "https://mtgjson.com/links/d102831e2bf90a83"}, "rarity": "common", "setCode": "POR", "sourceProducts": {"nonfoil": ["40955f10-1ae5-59ba-aaac-a3a2ae41adcc", "c9a8447f-abb7-5cef-818f-2899c56a7dfa"]}, "subtypes": ["Treefolk"], "supertypes": [], "toughness": "4", "type": "Creature — Treefolk", "types": ["Creature"], "uuid": "34c97a31-117b-52a9-84cb-a5ddcee5b66f"}], "name": "Preconstructed deck 2", "releaseDate": "1997-05-01", "sealedProductUuids": null, "sideBoard": [], "type": "Starter Deck"}}