{"meta": {"date": "2024-09-03", "version": "5.2.2+20240903"}, "data": {"code": "SLD", "commander": [], "mainBoard": [{"artist": "Ayako Ishiguro", "artistIds": ["fd5f7154-aa8d-4a27-a05c-9c03af2d3046"], "availability": ["paper"], "borderColor": "borderless", "colorIdentity": ["W"], "colors": ["W"], "convertedManaCost": 3.0, "count": 1, "edhrecRank": 40, "edhrecSaltiness": 0.37, "finishes": ["nonfoil", "foil"], "flavorText": "Alas, the meowtropolis was struck by a devastating catastrophe, leaving the ground littered with debris.", "foreignData": [], "frameEffects": ["inverted"], "frameVersion": "2015", "hasFoil": true, "hasNonFoil": true, "identifiers": {"cardsphereFoilId": "83469", "cardsphereId": "83465", "mcmId": "651049", "mtgjsonV4Id": "8bf2f3e5-3717-5366-a7fa-e4fc13e5b962", "scryfallCardBackId": "0aeebaf5-8c7d-4636-9e82-8c27447861f7", "scryfallId": "96d4e224-e630-4696-85ef-cf42f9d03ca5", "scryfallIllustrationId": "a5ec99ad-e1ea-47cf-878f-76b1ed368dfb", "scryfallOracleId": "fae37e28-e137-4177-b973-fa8b4dd8f409", "tcgplayerProductId": "251972"}, "isFoil": false, "isFullArt": true, "isReprint": true, "language": "English", "layout": "normal", "legalities": {"commander": "Legal", "duel": "Legal", "legacy": "Legal", "modern": "Legal", "oathbreaker": "Legal", "pauper": "Legal", "paupercommander": "Legal", "vintage": "Legal"}, "manaCost": "{2}{W}", "manaValue": 3.0, "name": "Generous Gift", "number": "369", "originalReleaseDate": "2021-10-22", "printings": ["BLC", "CMM", "CMR", "DMC", "H1R", "LCC", "MH1", "MOC", "NCC", "NEC", "ONC", "PLST", "PRM", "SCD", "SLD", "WOC"], "purchaseUrls": {"tcgplayer": "https://mtgjson.com/links/42351cbd05daf2eb"}, "rarity": "rare", "rulings": [{"date": "2019-06-14", "text": "If the target permanent is an illegal target by the time Generous Gift tries to resolve, the spell doesn't resolve. No player creates an Elephant. If the target is legal but not destroyed (most likely because it has indestructible), its controller does create an Elephant."}], "securityStamp": "oval", "setCode": "SLD", "sourceProducts": {"foil": ["5ccc43cf-7808-5458-a233-4143e24d38be"], "nonfoil": ["c91538d4-debe-5c50-aa88-25c8a46de3ba"]}, "subsets": ["Purrfection"], "subtypes": [], "supertypes": [], "text": "Destroy target permanent. Its controller creates a 3/3 green Elephant creature token.", "type": "Instant", "types": ["Instant"], "uuid": "f5dfdfe2-543d-5eda-bf60-52d493baa285"}, {"artist": "Ayako Ishiguro", "artistIds": ["fd5f7154-aa8d-4a27-a05c-9c03af2d3046"], "availability": ["paper"], "borderColor": "borderless", "colorIdentity": ["R"], "colors": ["R"], "convertedManaCost": 1.0, "count": 1, "edhrecRank": 5267, "edhrecSaltiness": 0.17, "finishes": ["nonfoil", "foil"], "foreignData": [], "frameEffects": ["inverted"], "frameVersion": "2015", "hasFoil": true, "hasNonFoil": true, "identifiers": {"cardsphereFoilId": "83468", "cardsphereId": "83464", "mcmId": "651048", "mtgjsonV4Id": "1995203c-0906-5cb1-be39-08a89dee32d0", "scryfallCardBackId": "0aeebaf5-8c7d-4636-9e82-8c27447861f7", "scryfallId": "bfb7fe8e-e348-4bf9-aa71-65f0675147e4", "scryfallIllustrationId": "58b34471-9bb3-472f-bf7f-792e668f80f5", "scryfallOracleId": "8785f42f-87b9-4a0a-89ce-ea423649ba9c", "tcgplayerProductId": "251971"}, "isFoil": false, "isFullArt": true, "isReprint": true, "language": "English", "layout": "normal", "legalities": {"commander": "Legal", "duel": "Legal", "legacy": "Legal", "oathbreaker": "Legal", "pauper": "Legal", "paupercommander": "Legal", "penny": "Legal", "predh": "Legal", "vintage": "Legal"}, "manaCost": "{R}", "manaValue": 1.0, "name": "Chain Lightning", "number": "370", "originalReleaseDate": "2021-10-22", "printings": ["BBD", "DMR", "EMA", "JMP", "LEG", "MB2", "ME3", "MP2", "PD2", "SLD", "TD0", "VMA"], "purchaseUrls": {"tcgplayer": "https://mtgjson.com/links/ae353d8c5b6d94e7"}, "rarity": "rare", "rulings": [{"date": "2022-12-08", "text": "As Chain Lightning resolves, either the original or one of the copies, the targeted player or the controller of the targeted permanent may copy it. The copy has the same text, target, and color as the resolving spell, though the player creating the copy may choose a new target for it. Once that copy is created (or not), the Chain Lightning finishes resolving and leaves the stack."}, {"date": "2022-12-08", "text": "If the targeted player or permanent is an illegal target as Chain Lightning tries to resolve, the spell doesn’t resolve and none of its effects happen. It can’t be copied."}, {"date": "2022-12-08", "text": "The copy of Chain Lightning is created on the stack, so it’s not cast. Abilities that trigger when a player casts a spell won’t trigger. Players may respond to that spell before it resolves."}, {"date": "2022-12-08", "text": "The player putting the copy of the spell on the stack controls that copy."}], "securityStamp": "oval", "setCode": "SLD", "sourceProducts": {"foil": ["5ccc43cf-7808-5458-a233-4143e24d38be"], "nonfoil": ["c91538d4-debe-5c50-aa88-25c8a46de3ba"]}, "subsets": ["Purrfection"], "subtypes": [], "supertypes": [], "text": "Chain Lightning deals 3 damage to any target. Then that player or that permanent's controller may pay {R}{R}. If the player does, they may copy this spell and may choose a new target for that copy.", "type": "Sorcery", "types": ["Sorcery"], "uuid": "5cddefd7-aeca-5ef8-a454-899e882a3ecf"}, {"artist": "Ayako Ishiguro", "artistIds": ["fd5f7154-aa8d-4a27-a05c-9c03af2d3046"], "availability": ["paper"], "borderColor": "borderless", "colorIdentity": ["G"], "colors": ["G"], "convertedManaCost": 3.0, "count": 1, "edhrecRank": 32, "edhrecSaltiness": 0.11, "finishes": ["nonfoil", "foil"], "flavorText": "In the purrennial garden, the catnip blooms furever.", "foreignData": [], "frameEffects": ["inverted"], "frameVersion": "2015", "hasFoil": true, "hasNonFoil": true, "identifiers": {"cardsphereFoilId": "83471", "cardsphereId": "83467", "mcmId": "651047", "mtgjsonV4Id": "654b9de8-9a48-5368-b3d1-88a07e18df2e", "scryfallCardBackId": "0aeebaf5-8c7d-4636-9e82-8c27447861f7", "scryfallId": "18381713-3f20-4d5d-8cd4-f3d1fdfad4f4", "scryfallIllustrationId": "af4dd85f-4e7e-40fa-8bbb-b20aebc603f3", "scryfallOracleId": "1593ea18-2f2f-4ab4-83fb-6ccc0bec8a90", "tcgplayerProductId": "251975"}, "isFoil": false, "isFullArt": true, "isReprint": true, "language": "English", "layout": "normal", "legalities": {"commander": "Legal", "duel": "Legal", "legacy": "Legal", "modern": "Legal", "oathbreaker": "Legal", "pauper": "Legal", "paupercommander": "Legal", "predh": "Legal", "vintage": "Legal"}, "manaCost": "{2}{G}", "manaValue": 3.0, "name": "Kodama's Reach", "number": "371", "originalReleaseDate": "2021-10-22", "printings": ["C15", "C16", "C17", "C20", "C21", "CHK", "CLB", "CMD", "CMM", "CMR", "DMC", "LCC", "MMA", "MOC", "NCC", "NEC", "OTC", "PRM", "PSAL", "SLD", "TD0", "UMA", "ZNC"], "purchaseUrls": {"tcgplayer": "https://mtgjson.com/links/f97b4bf408b9bca8"}, "rarity": "rare", "rulings": [{"date": "2004-12-01", "text": "You can get just one basic land card if you wish (or even none at all). If you get only one land card, you put it onto the battlefield tapped."}], "securityStamp": "oval", "setCode": "SLD", "sourceProducts": {"foil": ["5ccc43cf-7808-5458-a233-4143e24d38be"], "nonfoil": ["c91538d4-debe-5c50-aa88-25c8a46de3ba"]}, "subsets": ["Purrfection"], "subtypes": ["Arcane"], "supertypes": [], "text": "Search your library for up to two basic land cards, reveal those cards, put one onto the battlefield tapped and the other into your hand, then shuffle.", "type": "Sorcery — Arcane", "types": ["Sorcery"], "uuid": "6bb38ab9-44b2-56f0-a0e0-382d7c744005"}, {"artist": "Ayako Ishiguro", "artistIds": ["fd5f7154-aa8d-4a27-a05c-9c03af2d3046"], "availability": ["paper"], "borderColor": "borderless", "colorIdentity": [], "colors": [], "convertedManaCost": 3.0, "count": 1, "edhrecRank": 2859, "edhrecSaltiness": 0.1, "finishes": ["nonfoil", "foil"], "foreignData": [], "frameEffects": ["inverted"], "frameVersion": "2015", "hasFoil": true, "hasNonFoil": true, "identifiers": {"cardsphereFoilId": "83470", "cardsphereId": "83466", "mcmId": "651046", "mtgjsonV4Id": "92f9864c-8c91-5727-a8eb-56c2cd92a92d", "scryfallCardBackId": "0aeebaf5-8c7d-4636-9e82-8c27447861f7", "scryfallId": "b01b0d7f-5184-4651-a83d-14c27c8bb1bc", "scryfallIllustrationId": "a7f2a965-ab4b-4d92-9995-bd7c166fb960", "scryfallOracleId": "7c3a8766-e440-48c5-a561-197490efdba5", "tcgplayerProductId": "251976"}, "isFoil": false, "isFullArt": true, "isReprint": true, "keywords": ["Equip"], "language": "English", "layout": "normal", "legalities": {"commander": "Legal", "duel": "Legal", "legacy": "Legal", "oathbreaker": "Legal", "vintage": "Legal"}, "manaCost": "{3}", "manaValue": 3.0, "name": "Heirloom Blade", "number": "372", "originalReleaseDate": "2021-10-22", "printings": ["AFC", "C17", "C20", "J22", "LCC", "LTC", "PLST", "PW24", "PZ2", "SLD", "ZNC"], "purchaseUrls": {"tcgplayer": "https://mtgjson.com/links/8e400f7fc1f860c4"}, "rarity": "rare", "rulings": [{"date": "2017-08-25", "text": "\"Artifact\" isn't a creature type."}, {"date": "2017-08-25", "text": "Compare the revealed cards to the creature as it last existed before it died, not to the creature card as it exists in its owner's graveyard, to determine which one you put into your hand."}, {"date": "2017-08-25", "text": "If Heirloom Blade leaves the battlefield at the same time that the equipped creature dies, its triggered ability triggers."}, {"date": "2017-08-25", "text": "If the equipped creature has no creature type, no card can share a creature type with it."}, {"date": "2017-08-25", "text": "If you don't reveal a creature card that shares a type with the creature that died, you'll just reveal and randomize your library."}, {"date": "2017-08-25", "text": "You'll reveal cards until you find one that shares at least one creature type with the creature that died. For example, if a Cat Wizard dies, you'll stop if you reveal a Human Wizard or Cat Soldier."}], "securityStamp": "oval", "setCode": "SLD", "sourceProducts": {"foil": ["5ccc43cf-7808-5458-a233-4143e24d38be"], "nonfoil": ["c91538d4-debe-5c50-aa88-25c8a46de3ba"]}, "subsets": ["Purrfection"], "subtypes": ["Equipment"], "supertypes": [], "text": "Equipped creature gets +3/+1.\nWhenever equipped creature dies, you may reveal cards from the top of your library until you reveal a creature card that shares a creature type with it. Put that card into your hand and the rest on the bottom of your library in a random order.\nEquip {1}", "type": "Artifact — Equipment", "types": ["Artifact"], "uuid": "affbbba1-36b4-56a8-b6fa-4a41117dcb5e"}], "name": "Purrfection", "releaseDate": "2021-10-22", "sealedProductUuids": null, "sideBoard": [], "type": "Secret Lair Drop"}}