{"meta": {"date": "2024-09-03", "version": "5.2.2+20240903"}, "data": {"code": "WC98", "commander": [], "mainBoard": [{"artist": "Nathalie Hertz", "artistIds": ["bd85e4b9-1938-4a16-817f-17e7815f7df3"], "availability": ["paper"], "borderColor": "gold", "colorIdentity": ["U"], "colors": ["U"], "convertedManaCost": 4.0, "count": 1, "edhrecRank": 24732, "edhrecSaltiness": 0.26, "finishes": ["nonfoil", "signed"], "flavorText": "\"A beauty made more so by its fleeting visitations.\"\n—Teferi", "foreignData": [], "frameVersion": "1997", "hasFoil": false, "hasNonFoil": true, "identifiers": {"mcmId": "249886", "mtgjsonV4Id": "abbc0281-44fe-5810-bb3c-e39a76bfb9eb", "scryfallCardBackId": "df9a3149-dae5-4319-85bb-00d37c023360", "scryfallId": "373e0ab0-70d2-4dce-899f-a10274e34213", "scryfallIllustrationId": "e63b8677-8827-40e9-bcd2-87db46833ac3", "scryfallOracleId": "7c158405-d3ef-4c10-a504-7b061ef71a74", "tcgplayerProductId": "164632"}, "isFoil": false, "isReprint": true, "isReserved": true, "isStarter": true, "keywords": ["Flying"], "language": "English", "layout": "normal", "legalities": {}, "manaCost": "{3}{U}", "manaValue": 4.0, "name": "Rainbow Efreet", "number": "rb41", "power": "3", "printings": ["VIS", "WC98"], "purchaseUrls": {"tcgplayer": "https://mtgjson.com/links/144cc5247148fc28"}, "rarity": "rare", "setCode": "WC98", "signature": "Randy Buehler", "sourceProducts": {"nonfoil": ["8f422720-4260-593e-b7c2-f0296e7ba941"]}, "subtypes": ["Efreet"], "supertypes": [], "text": "Flying\n{U}{U}: Rainbow Efreet phases out. (While it's phased out, it's treated as though it doesn't exist. It phases in before you untap during your next untap step.)", "toughness": "1", "type": "Creature — Efreet", "types": ["Creature"], "uuid": "7631d297-14e3-56f0-9073-cdbbdbec7e81"}, {"artist": "Stephen Daniele", "artistIds": ["a267f9bb-072b-410a-a704-50f4d19020d8"], "availability": ["paper"], "borderColor": "gold", "colorIdentity": ["U"], "colors": ["U"], "convertedManaCost": 2.0, "count": 4, "edhrecRank": 16, "edhrecSaltiness": 0.79, "finishes": ["nonfoil", "signed"], "flavorText": "\"It was probably a lousy spell in the first place.\"\n—Ertai, wizard adept", "foreignData": [], "frameVersion": "1997", "hasFoil": false, "hasNonFoil": true, "identifiers": {"mcmId": "249887", "mtgjsonV4Id": "f5592e36-2e8a-5618-a6c3-d82d4d332e0d", "scryfallCardBackId": "df9a3149-dae5-4319-85bb-00d37c023360", "scryfallId": "b230b4f7-0e2a-42ba-a780-27c9714b70a2", "scryfallIllustrationId": "02602346-cc8d-429d-bc6e-3a6495067172", "scryfallOracleId": "cc187110-1148-4090-bbb8-e205694a39f5", "tcgplayerProductId": "164609"}, "isFoil": false, "isReprint": true, "isStarter": true, "language": "English", "layout": "normal", "legalities": {}, "manaCost": "{U}{U}", "manaValue": 2.0, "name": "Counterspell", "number": "rb57", "printings": ["2ED", "30A", "3ED", "4BB", "4ED", "5ED", "6ED", "7ED", "A25", "BRB", "BTD", "CED", "CEI", "CMM", "CMR", "DD2", "DMR", "EMA", "F05", "FBB", "G00", "GN3", "ICE", "JVC", "LEA", "LEB", "MB2", "ME2", "ME4", "MH2", "MMQ", "MP2", "PF24", "PLGM", "PLST", "PMEI", "PRM", "PTC", "S99", "SCD", "SLD", "SS1", "STA", "SUM", "TMP", "TPR", "VMA", "WC00", "WC01", "WC02", "WC97", "WC98"], "purchaseUrls": {"tcgplayer": "https://mtgjson.com/links/feef0d5500564c3b"}, "rarity": "common", "setCode": "WC98", "signature": "Randy Buehler", "sourceProducts": {"nonfoil": ["8f422720-4260-593e-b7c2-f0296e7ba941"]}, "subtypes": [], "supertypes": [], "text": "Counter target spell.", "type": "Instant", "types": ["Instant"], "uuid": "64849db6-5f46-53c3-a52c-613fc5ec81a5"}, {"artist": "Donato Giancola", "artistIds": ["90332db2-aecb-4d79-917b-95cbeb8d0cb6"], "availability": ["paper"], "borderColor": "gold", "colorIdentity": ["U"], "colors": ["U"], "convertedManaCost": 4.0, "count": 4, "edhrecRank": 9086, "edhrecSaltiness": 0.27, "finishes": ["nonfoil", "signed"], "flavorText": "\"There is nothing you can do that I cannot simply deny.\"\n—Ertai, wizard adept", "foreignData": [], "frameVersion": "1997", "hasFoil": false, "hasNonFoil": true, "identifiers": {"mcmId": "249888", "mtgjsonV4Id": "a024c851-0fc4-5c54-9df5-1a306c52d52a", "scryfallCardBackId": "df9a3149-dae5-4319-85bb-00d37c023360", "scryfallId": "5a0f1e52-3926-47ae-b36f-6d6f1e3bf29d", "scryfallIllustrationId": "1e92af98-bf72-4dbc-a86b-2d3c2f238311", "scryfallOracleId": "5c828a5e-10ae-4f63-86fd-2f160af43cc3", "tcgplayerProductId": "164610"}, "isFoil": false, "isReprint": true, "isStarter": true, "language": "English", "layout": "normal", "legalities": {}, "manaCost": "{2}{U}{U}", "manaValue": 4.0, "name": "Dismiss", "number": "rb58a", "printings": ["C13", "C14", "CN2", "J21", "J22", "PAL01", "PRM", "TMP", "TPR", "WC98"], "purchaseUrls": {"tcgplayer": "https://mtgjson.com/links/d8867a4e86de3f35"}, "rarity": "uncommon", "setCode": "WC98", "signature": "Randy Buehler", "sourceProducts": {"nonfoil": ["8f422720-4260-593e-b7c2-f0296e7ba941"]}, "subtypes": [], "supertypes": [], "text": "Counter target spell.\nDraw a card.", "type": "Instant", "types": ["Instant"], "uuid": "0bf463cb-7a7b-599b-9ca4-46be5a70d430"}, {"artist": "Richard Kane Ferguson", "artistIds": ["191620ed-2361-444e-96a6-1fe7ce32ef3b"], "availability": ["paper"], "borderColor": "gold", "colorIdentity": ["U"], "colors": ["U"], "convertedManaCost": 3.0, "count": 2, "edhrecRank": 4389, "edhrecSaltiness": 0.34, "finishes": ["nonfoil", "signed"], "flavorText": "\"If you weren't born with it, you don't need it.\"\n—Grahilah, former trader of Amiqat", "foreignData": [], "frameVersion": "1997", "hasFoil": false, "hasNonFoil": true, "identifiers": {"mcmId": "249889", "mtgjsonV4Id": "8e5da6b4-46f6-57fb-9b0f-d1c7e1284b31", "scryfallCardBackId": "df9a3149-dae5-4319-85bb-00d37c023360", "scryfallId": "1e9318fb-148c-4aa4-960f-60714a4aab92", "scryfallIllustrationId": "aec0617f-8b74-4553-bac2-21d096d4f1c4", "scryfallOracleId": "4b2e9aa9-6f91-41de-84b6-e9a89be06a53", "tcgplayerProductId": "164611"}, "isFoil": false, "isReprint": true, "isStarter": true, "language": "English", "layout": "normal", "legalities": {}, "manaCost": "{1}{U}{U}", "manaValue": 3.0, "name": "Dissipate", "number": "rb61", "printings": ["DBL", "DDJ", "F02", "ISD", "M15", "MID", "MIR", "OLEP", "PLST", "PRM", "WC97", "WC98"], "purchaseUrls": {"tcgplayer": "https://mtgjson.com/links/27f939a9445d0795"}, "rarity": "uncommon", "rulings": [{"date": "2004-10-04", "text": "If the spell is not countered (because the spell it targets can't be countered), then it does not get exiled."}, {"date": "2004-10-04", "text": "The card does not go to the graveyard before being exiled."}], "setCode": "WC98", "signature": "Randy Buehler", "sourceProducts": {"nonfoil": ["8f422720-4260-593e-b7c2-f0296e7ba941"]}, "subtypes": [], "supertypes": [], "text": "Counter target spell. If that spell is countered this way, exile it instead of putting it into its owner's graveyard.", "type": "Instant", "types": ["Instant"], "uuid": "bbc833c4-f999-5f66-b185-b26ef95ac3d2"}, {"artist": "Scott Kirschner", "artistIds": ["a9199ae8-9891-4366-bf5b-42cfb662d840"], "availability": ["paper"], "borderColor": "gold", "colorIdentity": ["U"], "colors": ["U"], "convertedManaCost": 3.0, "count": 3, "edhrecRank": 6565, "edhrecSaltiness": 0.56, "finishes": ["nonfoil", "signed"], "foreignData": [], "frameVersion": "1997", "hasFoil": false, "hasNonFoil": true, "identifiers": {"mcmId": "249890", "mtgjsonV4Id": "67623b55-5f88-54fa-b31d-e5a34c35e72a", "scryfallCardBackId": "df9a3149-dae5-4319-85bb-00d37c023360", "scryfallId": "f0da1392-68a5-4c50-a091-a01b6adbc9b0", "scryfallIllustrationId": "e42cf4ba-0c08-4e2e-bfac-922ce7a26549", "scryfallOracleId": "6e26a525-2584-490d-b106-621c1a30e1fd", "tcgplayerProductId": "164612"}, "isFoil": false, "isReprint": true, "isStarter": true, "keywords": ["Buyback"], "language": "English", "layout": "normal", "legalities": {}, "manaCost": "{1}{U}{U}", "manaValue": 3.0, "name": "Forbid", "number": "rb35", "printings": ["EXO", "F02", "MP2", "PLST", "PRM", "TPR", "WC98"], "purchaseUrls": {"tcgplayer": "https://mtgjson.com/links/68c510ffe2dfb2c9"}, "rarity": "uncommon", "setCode": "WC98", "signature": "Randy Buehler", "sourceProducts": {"nonfoil": ["8f422720-4260-593e-b7c2-f0296e7ba941"]}, "subtypes": [], "supertypes": [], "text": "Buyback—Discard two cards. (You may discard two cards in addition to any other costs as you cast this spell. If you do, put this card into your hand as it resolves.)\nCounter target spell.", "type": "Instant", "types": ["Instant"], "uuid": "ac13cb18-dab0-5b1b-94a7-26418b0ce8e8"}, {"artist": "Bryon Wackwitz", "artistIds": ["c99a114b-c679-47df-a6e9-4f9d3ad5b114"], "availability": ["paper"], "borderColor": "gold", "colorIdentity": ["U"], "colors": ["U"], "convertedManaCost": 1.0, "count": 4, "edhrecRank": 11916, "edhrecSaltiness": 0.38, "finishes": ["nonfoil", "signed"], "foreignData": [], "frameVersion": "1997", "hasFoil": false, "hasNonFoil": true, "identifiers": {"mcmId": "249891", "mtgjsonV4Id": "865278b0-020f-5142-9e7a-305ce766b44c", "scryfallCardBackId": "df9a3149-dae5-4319-85bb-00d37c023360", "scryfallId": "2a8a6461-b71a-476f-8053-87f6d2384408", "scryfallIllustrationId": "010badf5-c395-42d2-a275-b0716ba4f64b", "scryfallOracleId": "896ea218-3019-47e4-b0a0-2487335872bb", "tcgplayerProductId": "164617"}, "isFoil": false, "isReprint": true, "isStarter": true, "language": "English", "layout": "normal", "legalities": {}, "manaCost": "{U}", "manaValue": 1.0, "name": "Force Spike", "number": "rb58b", "printings": ["5ED", "7ED", "DDJ", "F07", "J21", "LEG", "ME3", "PLST", "PRM", "WC98"], "purchaseUrls": {"tcgplayer": "https://mtgjson.com/links/487259335db919dd"}, "rarity": "common", "rulings": [{"date": "2004-10-04", "text": "The payment is optional."}], "setCode": "WC98", "signature": "Randy Buehler", "sourceProducts": {"nonfoil": ["8f422720-4260-593e-b7c2-f0296e7ba941"]}, "subtypes": [], "supertypes": [], "text": "Counter target spell unless its controller pays {1}.", "type": "Instant", "types": ["Instant"], "uuid": "9a90cf78-6c36-5226-b682-fab52e3254d7"}, {"artist": "Bryan Talbot", "artistIds": ["76427e43-406f-43f9-bf47-14147f53cebb"], "availability": ["paper"], "borderColor": "gold", "colorIdentity": ["U"], "colors": ["U"], "convertedManaCost": 2.0, "count": 4, "edhrecRank": 1680, "edhrecSaltiness": 0.09, "finishes": ["nonfoil", "signed"], "flavorText": "\"Controlling time ensures you need never look impulsive again.\"\n—Teferi", "foreignData": [], "frameVersion": "1997", "hasFoil": false, "hasNonFoil": true, "identifiers": {"mcmId": "249892", "mtgjsonV4Id": "5c1a1a7a-4ee8-5960-80e8-c9b2d9ec7481", "scryfallCardBackId": "df9a3149-dae5-4319-85bb-00d37c023360", "scryfallId": "0c4abde5-4f8a-4ab0-b917-01da0f560711", "scryfallIllustrationId": "01c4ad83-22ff-4138-8550-c778ec68746c", "scryfallOracleId": "f6bd2902-7f8b-419e-bbc7-bcab0c1b7e01", "tcgplayerProductId": "189742"}, "isFoil": false, "isReprint": true, "isStarter": true, "language": "English", "layout": "normal", "legalities": {}, "manaCost": "{1}{U}", "manaValue": 2.0, "name": "Impulse", "number": "rb34", "printings": ["BBD", "BTD", "DDN", "DMR", "DMU", "F01", "GN3", "PLST", "PRM", "V13", "VIS", "WC97", "WC98"], "purchaseUrls": {"tcgplayer": "https://mtgjson.com/links/4c95cbe607a9fa36"}, "rarity": "common", "rulings": [{"date": "2004-10-04", "text": "Due to errata, you no longer shuffle your library."}, {"date": "2004-10-04", "text": "This is not a draw."}], "setCode": "WC98", "signature": "Randy Buehler", "sourceProducts": {"nonfoil": ["8f422720-4260-593e-b7c2-f0296e7ba941"]}, "subtypes": [], "supertypes": [], "text": "Look at the top four cards of your library. Put one of them into your hand and the rest on the bottom of your library in any order.", "type": "Instant", "types": ["Instant"], "uuid": "66767441-6022-563b-9638-6c21f3ebde10"}, {"artist": "Christopher Rush", "artistIds": ["c96773f0-346c-4f7d-9271-2d98cc5d86e1"], "availability": ["paper"], "borderColor": "gold", "colorIdentity": ["U"], "colors": ["U"], "convertedManaCost": 2.0, "count": 3, "edhrecRank": 1437, "edhrecSaltiness": 0.38, "finishes": ["nonfoil", "signed"], "flavorText": "\"The fatal flaw in every plan is the assumption that you know more than your enemy.\"\n—Volrath", "foreignData": [], "frameVersion": "1997", "hasFoil": false, "hasNonFoil": true, "identifiers": {"mcmId": "249893", "mtgjsonV4Id": "7b682647-ef4c-50c8-9ddc-281f2e832ea7", "scryfallCardBackId": "df9a3149-dae5-4319-85bb-00d37c023360", "scryfallId": "2e02f99a-3309-475a-950f-0d7c046ed642", "scryfallIllustrationId": "a13e40b6-284c-4f88-aca1-10a1c46a138d", "scryfallOracleId": "c61fe162-2202-4e56-9ba0-393547f9875f", "tcgplayerProductId": "164627"}, "isFoil": false, "isReprint": true, "isStarter": true, "language": "English", "layout": "normal", "legalities": {}, "manaCost": "{1}{U}", "manaValue": 2.0, "name": "Mana Leak", "number": "rb36", "printings": ["2X2", "8ED", "9ED", "BRB", "DDN", "IMA", "M11", "M12", "MM2", "P05", "PAL02", "PLST", "PRM", "PS11", "STH", "TPR", "WC03", "WC04", "WC98"], "purchaseUrls": {"tcgplayer": "https://mtgjson.com/links/dea3ae57107da648"}, "rarity": "common", "setCode": "WC98", "signature": "Randy Buehler", "sourceProducts": {"nonfoil": ["8f422720-4260-593e-b7c2-f0296e7ba941"]}, "subtypes": [], "supertypes": [], "text": "Counter target spell unless its controller pays {3}.", "type": "Instant", "types": ["Instant"], "uuid": "597e43e6-aa64-54d2-9f33-881d72dcc834"}, {"artist": "Mark Tedin", "artistIds": ["9ee9a9cc-c09e-486f-918b-69f80cbc4188"], "availability": ["paper"], "borderColor": "gold", "colorIdentity": ["U"], "colors": ["U"], "convertedManaCost": 2.0, "count": 1, "edhrecRank": 2603, "edhrecSaltiness": 0.31, "finishes": ["nonfoil", "signed"], "flavorText": "\"Um . . . oh . . . what was I saying?\"\n—Reveka, Wizard Savant", "foreignData": [], "frameVersion": "1997", "hasFoil": false, "hasNonFoil": true, "identifiers": {"mcmId": "249894", "mtgjsonV4Id": "1915f7fc-1999-530d-8eb8-055e4decad82", "scryfallCardBackId": "df9a3149-dae5-4319-85bb-00d37c023360", "scryfallId": "1fefc748-8426-4806-9f1b-d20361793d42", "scryfallIllustrationId": "82b124ed-5206-41d3-83f1-3cb8c8700c11", "scryfallOracleId": "bbfb3e4a-b389-4391-8141-13b68c0ef2e0", "tcgplayerProductId": "164629"}, "isFoil": false, "isReprint": true, "isStarter": true, "language": "English", "layout": "normal", "legalities": {}, "manaCost": "{1}{U}", "manaValue": 2.0, "name": "Memory Lapse", "number": "rb32", "printings": ["5ED", "6ED", "7ED", "DDM", "EMA", "G99", "HML", "MIR", "PLST", "PRM", "PTC", "STA", "WC02", "WC98"], "purchaseUrls": {"tcgplayer": "https://mtgjson.com/links/5dc35af57d880ca0"}, "rarity": "common", "rulings": [{"date": "2016-06-08", "text": "Memory Lapse has a self-replacement effect that replaces the spell going to the graveyard before any other effect can replace that event. If the spell was cast using flashback, however, flashback will change the spell's destination from its owner's library to exile."}], "setCode": "WC98", "signature": "Randy Buehler", "sourceProducts": {"nonfoil": ["8f422720-4260-593e-b7c2-f0296e7ba941"]}, "subtypes": [], "supertypes": [], "text": "Counter target spell. If that spell is countered this way, put it on top of its owner's library instead of into that player's graveyard.", "type": "Instant", "types": ["Instant"], "uuid": "0825ceaa-3a11-58e5-a67b-8d745386f8b7"}, {"artist": "Quinton Hoover", "artistIds": ["1a2db619-92a5-431a-822b-101cdcc5bd5d"], "availability": ["paper"], "borderColor": "gold", "colorIdentity": ["U"], "colors": ["U"], "convertedManaCost": 1.0, "count": 4, "edhrecRank": 11660, "edhrecSaltiness": 0.08, "finishes": ["nonfoil", "signed"], "flavorText": "\"I followed her song only to find it was a dirge.\"\n—Crovax", "foreignData": [], "frameVersion": "1997", "hasFoil": false, "hasNonFoil": true, "identifiers": {"mcmId": "249895", "mtgjsonV4Id": "3aac70ee-e8e2-5857-bf99-577852053264", "scryfallCardBackId": "df9a3149-dae5-4319-85bb-00d37c023360", "scryfallId": "b2a21fd7-a13c-4293-9258-b22a412c208b", "scryfallIllustrationId": "1b1a7c05-b100-4cbb-b5e8-b63ae3fc85fc", "scryfallOracleId": "a4a8af4e-8686-45ba-94fd-ccf6cc8adaae", "tcgplayerProductId": "164638"}, "isFoil": false, "isReprint": true, "isStarter": true, "keywords": ["Buyback"], "language": "English", "layout": "normal", "legalities": {}, "manaCost": "{U}", "manaValue": 1.0, "name": "Whispers of the Muse", "number": "rb103", "printings": ["TMP", "TPR", "TSB", "WC98"], "purchaseUrls": {"tcgplayer": "https://mtgjson.com/links/c429614ca2665054"}, "rarity": "uncommon", "setCode": "WC98", "signature": "Randy Buehler", "sourceProducts": {"nonfoil": ["8f422720-4260-593e-b7c2-f0296e7ba941"]}, "subtypes": [], "supertypes": [], "text": "Buyback {5} (You may pay an additional {5} as you cast this spell. If you do, put this card into your hand as it resolves.)\nDraw a card.", "type": "Instant", "types": ["Instant"], "uuid": "63eccbfd-95bf-5b65-bf3c-61255cc9a0d8"}, {"artist": "Mark Tedin", "artistIds": ["9ee9a9cc-c09e-486f-918b-69f80cbc4188"], "availability": ["paper"], "borderColor": "gold", "colorIdentity": [], "colors": [], "convertedManaCost": 4.0, "count": 4, "edhrecRank": 1165, "edhrecSaltiness": 0.77, "finishes": ["nonfoil", "signed"], "foreignData": [], "frameVersion": "1997", "hasFoil": false, "hasNonFoil": true, "identifiers": {"mcmId": "249896", "mtgjsonV4Id": "8ff40ed1-8da0-5955-93ab-115575fa05c2", "scryfallCardBackId": "df9a3149-dae5-4319-85bb-00d37c023360", "scryfallId": "7978b3a3-9139-4388-88fd-5dabca4b14d6", "scryfallIllustrationId": "c895f461-6194-45b4-b820-6577ed426a3c", "scryfallOracleId": "96230edf-568a-47dd-b877-9d92aa58fac8", "tcgplayerProductId": "164630"}, "isFoil": false, "isReprint": true, "isStarter": true, "language": "English", "layout": "normal", "legalities": {}, "manaCost": "{4}", "manaValue": 4.0, "name": "Nevinyrral's Disk", "number": "rb391", "printings": ["2ED", "30A", "3ED", "4BB", "4ED", "5ED", "ATH", "C13", "C14", "C16", "C17", "CED", "CEI", "CMM", "CMR", "EMA", "FBB", "LEA", "LEB", "ME1", "MH2", "PRM", "PTC", "SUM", "V10", "VMA", "WC97", "WC98"], "purchaseUrls": {"tcgplayer": "https://mtgjson.com/links/c876c2a263a26371"}, "rarity": "rare", "rulings": [{"date": "2020-11-10", "text": "You don't sacrifice Nevinyrral's Disk to activate its ability. It's destroyed as part of the ability's resolution if it's still on the battlefield. If an effect gives Nevinyrral's Disk indestructible or regenerates it, it stays on the battlefield."}], "setCode": "WC98", "signature": "Randy Buehler", "sourceProducts": {"nonfoil": ["8f422720-4260-593e-b7c2-f0296e7ba941"]}, "subtypes": [], "supertypes": [], "text": "Nevinyrral's Disk enters tapped.\n{1}, {T}: Destroy all artifacts, creatures, and enchantments.", "type": "Artifact", "types": ["Artifact"], "uuid": "054eeeb1-6f2c-5a11-be98-aa9857c86ab4"}, {"artist": "Randy Gallegos", "artistIds": ["a5048cc7-438a-4378-98e4-da99b78e1db0"], "availability": ["paper"], "borderColor": "gold", "colorIdentity": ["U"], "colors": [], "convertedManaCost": 0.0, "count": 5, "edhrecSaltiness": 0.76, "finishes": ["nonfoil", "signed"], "foreignData": [], "frameVersion": "1997", "hasFoil": false, "hasNonFoil": true, "identifiers": {"mcmId": "249900", "mtgjsonV4Id": "9e56aad2-8f46-51f9-89c4-5337f8f49c0b", "scryfallCardBackId": "df9a3149-dae5-4319-85bb-00d37c023360", "scryfallId": "b345e3ba-a370-4fdf-855d-2f0707133706", "scryfallIllustrationId": "9c8df5b4-d446-4f1f-b184-b797c96cf218", "scryfallOracleId": "b2c6aa39-2d2a-459c-a555-fb48ba993373", "tcgplayerProductId": "164620"}, "isFoil": false, "isReprint": true, "isStarter": true, "language": "English", "layout": "normal", "legalities": {}, "manaValue": 0.0, "name": "Island", "number": "rb335", "printings": ["10E", "2ED", "2XM", "30A", "3ED", "40K", "4BB", "4ED", "5ED", "6ED", "7ED", "8ED", "9ED", "ACR", "AFR", "AKH", "AKR", "ALA", "ANA", "ANB", "ARC", "AVR", "BBD", "BFZ", "BLB", "BRB", "BRC", "BRO", "BTD", "C13", "C14", "C15", "C16", "C17", "C18", "C19", "CED", "CEI", "CHK", "CLB", "CLU", "CM2", "CMA", "CMD", "CMM", "CMR", "CST", "DD2", "DDE", "DDF", "DDH", "DDI", "DDJ", "DDM", "DDN", "DDO", "DDQ", "DDS", "DDT", "DDU", "DMR", "DMU", "DOM", "DPA", "DSK", "DTK", "E01", "ELD", "FBB", "FRF", "G17", "GK1", "GK2", "GN2", "GN3", "GNT", "GRN", "GS1", "H09", "HBG", "HOP", "HOU", "ICE", "IKO", "INV", "ISD", "ITP", "J14", "J22", "JMP", "JVC", "KHM", "KLD", "KLR", "KTK", "LCI", "LEA", "LEB", "LRW", "LTR", "M10", "M11", "M12", "M13", "M14", "M15", "M19", "M20", "M21", "MBS", "ME1", "ME3", "MH2", "MH3", "MID", "MIR", "MKM", "MMQ", "MOM", "MRD", "NEO", "NPH", "ODY", "OLEP", "ONE", "ONS", "ORI", "OTJ", "P02", "P23", "PAL00", "PAL01", "PAL02", "PAL03", "PAL04", "PAL05", "PAL06", "PAL99", "PALP", "PANA", "PARL", "PC2", "PCA", "PELP", "PF19", "PF20", "PGPX", "PGRU", "PIP", "PLST", "PMPS", "PMPS06", "PMPS07", "PMPS08", "PMPS09", "PMPS10", "PMPS11", "POR", "PPP1", "PRM", "PRW2", "PRWK", "PS11", "PSAL", "PSS2", "PSS3", "PSS4", "PTC", "PTK", "PZ2", "RAV", "REX", "RIX", "RNA", "ROE", "RQS", "RTR", "S99", "SCD", "SHM", "SIR", "SLD", "SNC", "SOI", "SOM", "STX", "SUM", "TD0", "TD2", "THB", "THS", "TMP", "TPR", "TSP", "UGL", "UND", "UNF", "UNH", "USG", "UST", "VOW", "WAR", "WC00", "WC01", "WC02", "WC03", "WC04", "WC97", "WC98", "WHO", "WOE", "XANA", "XLN", "ZEN", "ZNR"], "purchaseUrls": {"tcgplayer": "https://mtgjson.com/links/f9f52caf1434abb3"}, "rarity": "common", "setCode": "WC98", "signature": "Randy Buehler", "sourceProducts": {"nonfoil": ["8f422720-4260-593e-b7c2-f0296e7ba941"]}, "subtypes": ["Island"], "supertypes": ["Basic"], "text": "({T}: Add {U}.)", "type": "Basic Land — Island", "types": ["Land"], "uuid": "b33467e6-4ffb-53b3-bf02-01ca9042ef9f", "variations": ["b60add7d-886e-59b5-82c9-a2543854cddf", "dad478ea-8b87-5ff8-956f-a6350f04b28b", "cef04f81-0cfc-53b3-bd1f-8ab03d46bfce"]}, {"artist": "Randy Gallegos", "artistIds": ["a5048cc7-438a-4378-98e4-da99b78e1db0"], "availability": ["paper"], "borderColor": "gold", "colorIdentity": ["U"], "colors": [], "convertedManaCost": 0.0, "count": 5, "edhrecSaltiness": 0.76, "finishes": ["nonfoil", "signed"], "foreignData": [], "frameVersion": "1997", "hasFoil": false, "hasNonFoil": true, "identifiers": {"mtgjsonV4Id": "7ef1a2c8-1ddf-50c1-b207-81cb453d477b", "scryfallCardBackId": "df9a3149-dae5-4319-85bb-00d37c023360", "scryfallId": "be02bac6-4e21-48d7-a7cc-50415c81f031", "scryfallIllustrationId": "4d00ba87-73f6-40bf-ab47-755854042bd1", "scryfallOracleId": "b2c6aa39-2d2a-459c-a555-fb48ba993373", "tcgplayerProductId": "164621"}, "isFoil": false, "isReprint": true, "isStarter": true, "language": "English", "layout": "normal", "legalities": {}, "manaValue": 0.0, "name": "Island", "number": "rb336", "printings": ["10E", "2ED", "2XM", "30A", "3ED", "40K", "4BB", "4ED", "5ED", "6ED", "7ED", "8ED", "9ED", "ACR", "AFR", "AKH", "AKR", "ALA", "ANA", "ANB", "ARC", "AVR", "BBD", "BFZ", "BLB", "BRB", "BRC", "BRO", "BTD", "C13", "C14", "C15", "C16", "C17", "C18", "C19", "CED", "CEI", "CHK", "CLB", "CLU", "CM2", "CMA", "CMD", "CMM", "CMR", "CST", "DD2", "DDE", "DDF", "DDH", "DDI", "DDJ", "DDM", "DDN", "DDO", "DDQ", "DDS", "DDT", "DDU", "DMR", "DMU", "DOM", "DPA", "DSK", "DTK", "E01", "ELD", "FBB", "FRF", "G17", "GK1", "GK2", "GN2", "GN3", "GNT", "GRN", "GS1", "H09", "HBG", "HOP", "HOU", "ICE", "IKO", "INV", "ISD", "ITP", "J14", "J22", "JMP", "JVC", "KHM", "KLD", "KLR", "KTK", "LCI", "LEA", "LEB", "LRW", "LTR", "M10", "M11", "M12", "M13", "M14", "M15", "M19", "M20", "M21", "MBS", "ME1", "ME3", "MH2", "MH3", "MID", "MIR", "MKM", "MMQ", "MOM", "MRD", "NEO", "NPH", "ODY", "OLEP", "ONE", "ONS", "ORI", "OTJ", "P02", "P23", "PAL00", "PAL01", "PAL02", "PAL03", "PAL04", "PAL05", "PAL06", "PAL99", "PALP", "PANA", "PARL", "PC2", "PCA", "PELP", "PF19", "PF20", "PGPX", "PGRU", "PIP", "PLST", "PMPS", "PMPS06", "PMPS07", "PMPS08", "PMPS09", "PMPS10", "PMPS11", "POR", "PPP1", "PRM", "PRW2", "PRWK", "PS11", "PSAL", "PSS2", "PSS3", "PSS4", "PTC", "PTK", "PZ2", "RAV", "REX", "RIX", "RNA", "ROE", "RQS", "RTR", "S99", "SCD", "SHM", "SIR", "SLD", "SNC", "SOI", "SOM", "STX", "SUM", "TD0", "TD2", "THB", "THS", "TMP", "TPR", "TSP", "UGL", "UND", "UNF", "UNH", "USG", "UST", "VOW", "WAR", "WC00", "WC01", "WC02", "WC03", "WC04", "WC97", "WC98", "WHO", "WOE", "XANA", "XLN", "ZEN", "ZNR"], "purchaseUrls": {"tcgplayer": "https://mtgjson.com/links/15bb3df10a588a80"}, "rarity": "common", "setCode": "WC98", "signature": "Randy Buehler", "sourceProducts": {"nonfoil": ["8f422720-4260-593e-b7c2-f0296e7ba941"]}, "subtypes": ["Island"], "supertypes": ["Basic"], "text": "({T}: Add {U}.)", "type": "Basic Land — Island", "types": ["Land"], "uuid": "b60add7d-886e-59b5-82c9-a2543854cddf", "variations": ["b33467e6-4ffb-53b3-bf02-01ca9042ef9f", "dad478ea-8b87-5ff8-956f-a6350f04b28b", "cef04f81-0cfc-53b3-bd1f-8ab03d46bfce"]}, {"artist": "Randy Gallegos", "artistIds": ["a5048cc7-438a-4378-98e4-da99b78e1db0"], "availability": ["paper"], "borderColor": "gold", "colorIdentity": ["U"], "colors": [], "convertedManaCost": 0.0, "count": 4, "edhrecSaltiness": 0.76, "finishes": ["nonfoil", "signed"], "foreignData": [], "frameVersion": "1997", "hasFoil": false, "hasNonFoil": true, "identifiers": {"mtgjsonV4Id": "078fe2d7-3dc9-5beb-b53e-1c71d16e6493", "scryfallCardBackId": "df9a3149-dae5-4319-85bb-00d37c023360", "scryfallId": "65e20596-3f28-42a7-a25c-53104f395176", "scryfallIllustrationId": "35f561cb-5b41-44ff-bd09-9ce7111cad18", "scryfallOracleId": "b2c6aa39-2d2a-459c-a555-fb48ba993373", "tcgplayerProductId": "164622"}, "isFoil": false, "isReprint": true, "isStarter": true, "language": "English", "layout": "normal", "legalities": {}, "manaValue": 0.0, "name": "Island", "number": "rb337", "printings": ["10E", "2ED", "2XM", "30A", "3ED", "40K", "4BB", "4ED", "5ED", "6ED", "7ED", "8ED", "9ED", "ACR", "AFR", "AKH", "AKR", "ALA", "ANA", "ANB", "ARC", "AVR", "BBD", "BFZ", "BLB", "BRB", "BRC", "BRO", "BTD", "C13", "C14", "C15", "C16", "C17", "C18", "C19", "CED", "CEI", "CHK", "CLB", "CLU", "CM2", "CMA", "CMD", "CMM", "CMR", "CST", "DD2", "DDE", "DDF", "DDH", "DDI", "DDJ", "DDM", "DDN", "DDO", "DDQ", "DDS", "DDT", "DDU", "DMR", "DMU", "DOM", "DPA", "DSK", "DTK", "E01", "ELD", "FBB", "FRF", "G17", "GK1", "GK2", "GN2", "GN3", "GNT", "GRN", "GS1", "H09", "HBG", "HOP", "HOU", "ICE", "IKO", "INV", "ISD", "ITP", "J14", "J22", "JMP", "JVC", "KHM", "KLD", "KLR", "KTK", "LCI", "LEA", "LEB", "LRW", "LTR", "M10", "M11", "M12", "M13", "M14", "M15", "M19", "M20", "M21", "MBS", "ME1", "ME3", "MH2", "MH3", "MID", "MIR", "MKM", "MMQ", "MOM", "MRD", "NEO", "NPH", "ODY", "OLEP", "ONE", "ONS", "ORI", "OTJ", "P02", "P23", "PAL00", "PAL01", "PAL02", "PAL03", "PAL04", "PAL05", "PAL06", "PAL99", "PALP", "PANA", "PARL", "PC2", "PCA", "PELP", "PF19", "PF20", "PGPX", "PGRU", "PIP", "PLST", "PMPS", "PMPS06", "PMPS07", "PMPS08", "PMPS09", "PMPS10", "PMPS11", "POR", "PPP1", "PRM", "PRW2", "PRWK", "PS11", "PSAL", "PSS2", "PSS3", "PSS4", "PTC", "PTK", "PZ2", "RAV", "REX", "RIX", "RNA", "ROE", "RQS", "RTR", "S99", "SCD", "SHM", "SIR", "SLD", "SNC", "SOI", "SOM", "STX", "SUM", "TD0", "TD2", "THB", "THS", "TMP", "TPR", "TSP", "UGL", "UND", "UNF", "UNH", "USG", "UST", "VOW", "WAR", "WC00", "WC01", "WC02", "WC03", "WC04", "WC97", "WC98", "WHO", "WOE", "XANA", "XLN", "ZEN", "ZNR"], "purchaseUrls": {"tcgplayer": "https://mtgjson.com/links/6b1f51753f2b84c1"}, "rarity": "common", "setCode": "WC98", "signature": "Randy Buehler", "sourceProducts": {"nonfoil": ["8f422720-4260-593e-b7c2-f0296e7ba941"]}, "subtypes": ["Island"], "supertypes": ["Basic"], "text": "({T}: Add {U}.)", "type": "Basic Land — Island", "types": ["Land"], "uuid": "dad478ea-8b87-5ff8-956f-a6350f04b28b", "variations": ["b33467e6-4ffb-53b3-bf02-01ca9042ef9f", "b60add7d-886e-59b5-82c9-a2543854cddf", "cef04f81-0cfc-53b3-bd1f-8ab03d46bfce"]}, {"artist": "Randy Gallegos", "artistIds": ["a5048cc7-438a-4378-98e4-da99b78e1db0"], "availability": ["paper"], "borderColor": "gold", "colorIdentity": ["U"], "colors": [], "convertedManaCost": 0.0, "count": 4, "edhrecSaltiness": 0.76, "finishes": ["nonfoil", "signed"], "foreignData": [], "frameVersion": "1997", "hasFoil": false, "hasNonFoil": true, "identifiers": {"mtgjsonV4Id": "d0d50fc6-a1c1-5b85-a129-693c542eab25", "scryfallCardBackId": "df9a3149-dae5-4319-85bb-00d37c023360", "scryfallId": "8e25b6dd-5292-4d0e-b8c6-3cf6678b0cd4", "scryfallIllustrationId": "b0c1118e-9503-4cc0-ad38-eac890951ed8", "scryfallOracleId": "b2c6aa39-2d2a-459c-a555-fb48ba993373", "tcgplayerProductId": "164623"}, "isFoil": false, "isReprint": true, "isStarter": true, "language": "English", "layout": "normal", "legalities": {}, "manaValue": 0.0, "name": "Island", "number": "rb338", "printings": ["10E", "2ED", "2XM", "30A", "3ED", "40K", "4BB", "4ED", "5ED", "6ED", "7ED", "8ED", "9ED", "ACR", "AFR", "AKH", "AKR", "ALA", "ANA", "ANB", "ARC", "AVR", "BBD", "BFZ", "BLB", "BRB", "BRC", "BRO", "BTD", "C13", "C14", "C15", "C16", "C17", "C18", "C19", "CED", "CEI", "CHK", "CLB", "CLU", "CM2", "CMA", "CMD", "CMM", "CMR", "CST", "DD2", "DDE", "DDF", "DDH", "DDI", "DDJ", "DDM", "DDN", "DDO", "DDQ", "DDS", "DDT", "DDU", "DMR", "DMU", "DOM", "DPA", "DSK", "DTK", "E01", "ELD", "FBB", "FRF", "G17", "GK1", "GK2", "GN2", "GN3", "GNT", "GRN", "GS1", "H09", "HBG", "HOP", "HOU", "ICE", "IKO", "INV", "ISD", "ITP", "J14", "J22", "JMP", "JVC", "KHM", "KLD", "KLR", "KTK", "LCI", "LEA", "LEB", "LRW", "LTR", "M10", "M11", "M12", "M13", "M14", "M15", "M19", "M20", "M21", "MBS", "ME1", "ME3", "MH2", "MH3", "MID", "MIR", "MKM", "MMQ", "MOM", "MRD", "NEO", "NPH", "ODY", "OLEP", "ONE", "ONS", "ORI", "OTJ", "P02", "P23", "PAL00", "PAL01", "PAL02", "PAL03", "PAL04", "PAL05", "PAL06", "PAL99", "PALP", "PANA", "PARL", "PC2", "PCA", "PELP", "PF19", "PF20", "PGPX", "PGRU", "PIP", "PLST", "PMPS", "PMPS06", "PMPS07", "PMPS08", "PMPS09", "PMPS10", "PMPS11", "POR", "PPP1", "PRM", "PRW2", "PRWK", "PS11", "PSAL", "PSS2", "PSS3", "PSS4", "PTC", "PTK", "PZ2", "RAV", "REX", "RIX", "RNA", "ROE", "RQS", "RTR", "S99", "SCD", "SHM", "SIR", "SLD", "SNC", "SOI", "SOM", "STX", "SUM", "TD0", "TD2", "THB", "THS", "TMP", "TPR", "TSP", "UGL", "UND", "UNF", "UNH", "USG", "UST", "VOW", "WAR", "WC00", "WC01", "WC02", "WC03", "WC04", "WC97", "WC98", "WHO", "WOE", "XANA", "XLN", "ZEN", "ZNR"], "purchaseUrls": {"tcgplayer": "https://mtgjson.com/links/b484e68b825dfc42"}, "rarity": "common", "setCode": "WC98", "signature": "Randy Buehler", "sourceProducts": {"nonfoil": ["8f422720-4260-593e-b7c2-f0296e7ba941"]}, "subtypes": ["Island"], "supertypes": ["Basic"], "text": "({T}: Add {U}.)", "type": "Basic Land — Island", "types": ["Land"], "uuid": "cef04f81-0cfc-53b3-bd1f-8ab03d46bfce", "variations": ["b33467e6-4ffb-53b3-bf02-01ca9042ef9f", "b60add7d-886e-59b5-82c9-a2543854cddf", "dad478ea-8b87-5ff8-956f-a6350f04b28b"]}, {"artist": "Roger Raupp", "artistIds": ["79d6f296-1948-4a24-a2ce-a76e89057f23"], "availability": ["paper"], "borderColor": "gold", "colorIdentity": [], "colors": [], "convertedManaCost": 0.0, "count": 4, "edhrecRank": 12648, "edhrecSaltiness": 0.06, "finishes": ["nonfoil", "signed"], "foreignData": [], "frameVersion": "1997", "hasFoil": false, "hasNonFoil": true, "identifiers": {"mcmId": "249901", "mtgjsonV4Id": "906ca388-dade-522c-9b7e-c3050038c56d", "scryfallCardBackId": "df9a3149-dae5-4319-85bb-00d37c023360", "scryfallId": "fd7d1082-fb32-4f74-8fa2-535bb61b7c0f", "scryfallIllustrationId": "0622efea-1e51-4449-8a28-9b28b996889c", "scryfallOracleId": "ef2bb4fa-f292-4d19-aaa4-cfbe445caf45", "tcgplayerProductId": "164631"}, "isFoil": false, "isReprint": true, "isStarter": true, "language": "English", "layout": "normal", "legalities": {}, "manaValue": 0.0, "name": "Quicksand", "number": "rb166", "printings": ["10E", "9ED", "A25", "CNS", "PLST", "VIS", "WC98", "WWK"], "purchaseUrls": {"tcgplayer": "https://mtgjson.com/links/0e89285e044ccb7a"}, "rarity": "uncommon", "setCode": "WC98", "signature": "Randy Buehler", "sourceProducts": {"nonfoil": ["8f422720-4260-593e-b7c2-f0296e7ba941"]}, "subtypes": [], "supertypes": [], "text": "{T}: Add {C}.\n{T}, Sacrifice Quicksand: Target attacking creature without flying gets -1/-2 until end of turn.", "type": "Land", "types": ["Land"], "uuid": "c3c4c96b-3e87-55e9-b049-989633f66089"}, {"artist": "Stephen Daniele", "artistIds": ["a267f9bb-072b-410a-a704-50f4d19020d8"], "availability": ["paper"], "borderColor": "gold", "colorIdentity": [], "colors": [], "convertedManaCost": 0.0, "count": 4, "edhrecRank": 14453, "edhrecSaltiness": 0.06, "finishes": ["nonfoil", "signed"], "foreignData": [], "frameVersion": "1997", "hasFoil": false, "hasNonFoil": true, "identifiers": {"mcmId": "249902", "mtgjsonV4Id": "64f51de4-24e1-5e77-a708-53f29f143771", "scryfallCardBackId": "df9a3149-dae5-4319-85bb-00d37c023360", "scryfallId": "3bc700c1-7c01-4945-a4f2-0eaa67797168", "scryfallIllustrationId": "3c203594-cf5c-4aad-ae54-340cf96459a2", "scryfallOracleId": "f3658894-3d3d-4cd4-b0ac-c53e1d08747c", "tcgplayerProductId": "164637"}, "isFoil": false, "isReprint": true, "isStarter": true, "language": "English", "layout": "normal", "legalities": {}, "manaValue": 0.0, "name": "Stalking Stones", "number": "rb327", "printings": ["DDF", "MRD", "PLST", "TMP", "TPR", "WC98"], "purchaseUrls": {"tcgplayer": "https://mtgjson.com/links/ee7fb506f41a0ad0"}, "rarity": "uncommon", "rulings": [{"date": "2008-08-01", "text": "A noncreature permanent that turns into a creature can attack, and its {T} abilities can be activated, only if its controller has continuously controlled that permanent since the beginning of their most recent turn. It doesn’t matter how long the permanent has been a creature."}, {"date": "2009-10-01", "text": "Activating the ability that turns it into a creature while it’s already a creature will override any effects that set its power and/or toughness to a specific number. However, any effect that raises or lowers power and/or toughness (such as the effect created by Giant Growth, Glorious Anthem, or a +1/+1 counter) will continue to apply."}], "setCode": "WC98", "signature": "Randy Buehler", "sourceProducts": {"nonfoil": ["8f422720-4260-593e-b7c2-f0296e7ba941"]}, "subtypes": [], "supertypes": [], "text": "{T}: Add {C}.\n{6}: Stalking Stones becomes a 3/3 Elemental artifact creature that's still a land. (This effect lasts indefinitely.)", "type": "Land", "types": ["Land"], "uuid": "66bafc4f-ca4f-5f3f-a7bf-eb2527f2d343"}], "name": "Randy Buehler - Draw, Go", "releaseDate": "1998-08-12", "sealedProductUuids": null, "sideBoard": [{"artist": "Tom Wänerstrand", "artistIds": ["c4e0aa7c-a008-4d71-80ce-d5a1ca0b251b"], "availability": ["paper"], "borderColor": "gold", "colorIdentity": ["U"], "colors": ["U"], "convertedManaCost": 3.0, "count": 2, "edhrecRank": 3278, "edhrecSaltiness": 0.95, "finishes": ["nonfoil", "signed"], "foreignData": [], "frameVersion": "1997", "hasFoil": false, "hasNonFoil": true, "identifiers": {"mcmId": "249903", "mtgjsonV4Id": "4eaf1e3b-a413-594b-9b2b-d5fa6d461f9a", "scryfallCardBackId": "df9a3149-dae5-4319-85bb-00d37c023360", "scryfallId": "a31a6caf-5de4-4a69-b58d-9b5ddfc5b7d6", "scryfallIllustrationId": "e0081945-1eeb-4e2c-b8c8-c1a64c3cf8f7", "scryfallOracleId": "77637eff-2963-4402-88f3-ca346f762fc8", "tcgplayerProductId": "164607"}, "isFoil": false, "isReprint": true, "isStarter": true, "keywords": ["Buyback"], "language": "English", "layout": "normal", "legalities": {}, "manaCost": "{1}{U}{U}", "manaValue": 3.0, "name": "Capsize", "number": "rb55sb", "printings": ["F03", "MP2", "PRM", "TD0", "TMP", "TPR", "WC98"], "purchaseUrls": {"tcgplayer": "https://mtgjson.com/links/10fe6bc4d89022ed"}, "rarity": "common", "setCode": "WC98", "signature": "Randy Buehler", "sourceProducts": {"nonfoil": ["8f422720-4260-593e-b7c2-f0296e7ba941"]}, "subtypes": [], "supertypes": [], "text": "Buyback {3} (You may pay an additional {3} as you cast this spell. If you do, put this card into your hand as it resolves.)\nReturn target permanent to its owner's hand.", "type": "Instant", "types": ["Instant"], "uuid": "eb5003b0-e2ed-5617-8d44-aa7bde3819d3"}, {"artist": "Greg Simanson", "artistIds": ["13f79e83-d576-4017-93b5-54c47313ed88"], "availability": ["paper"], "borderColor": "gold", "colorIdentity": [], "colors": [], "convertedManaCost": 1.0, "count": 1, "edhrecRank": 7332, "edhrecSaltiness": 0.77, "finishes": ["nonfoil", "signed"], "flavorText": "\"Memory is a burden that wears at the soul as weather wears at stone.\"\n—Crovax", "foreignData": [], "frameVersion": "1997", "hasFoil": false, "hasNonFoil": true, "identifiers": {"cardsphereId": "47272", "mcmId": "249904", "mtgjsonV4Id": "1e08a081-3a11-508c-97e6-cd2a6a109b3a", "scryfallCardBackId": "df9a3149-dae5-4319-85bb-00d37c023360", "scryfallId": "082dd404-7bea-40a8-8279-d0faaded3b8a", "scryfallIllustrationId": "e89cd15c-8b17-470d-b2a1-b89fe658d653", "scryfallOracleId": "97560adc-814e-450c-9ca7-f9364e910a0b", "tcgplayerProductId": "164618"}, "isFoil": false, "isReprint": true, "isStarter": true, "keywords": ["Mill"], "language": "English", "layout": "normal", "legalities": {}, "manaCost": "{1}", "manaValue": 1.0, "name": "Grindstone", "number": "rb290sb", "printings": ["MPS", "OTP", "P23", "PRM", "TMP", "TPR", "WC98"], "purchaseUrls": {"tcgplayer": "https://mtgjson.com/links/78a65a9e4bcadb53"}, "rarity": "rare", "rulings": [{"date": "2004-10-04", "text": "If the two cards are both colorless, then the effect does not repeat. It only repeats if both cards have at least one color and at least one color is shared between them."}, {"date": "2024-04-12", "text": "The process can repeat any number of times, as long as two cards that share a color are milled each time."}], "setCode": "WC98", "signature": "Randy Buehler", "sourceProducts": {"nonfoil": ["8f422720-4260-593e-b7c2-f0296e7ba941"]}, "subtypes": [], "supertypes": [], "text": "{3}, {T}: Target player mills two cards. If two cards that share a color were milled this way, repeat this process.", "type": "Artifact", "types": ["Artifact"], "uuid": "46133d11-a516-5121-b906-0f5e30660372"}, {"artist": "Kaja Foglio", "artistIds": ["e8b85539-756a-4eac-ac66-a2258d7cf547"], "availability": ["paper"], "borderColor": "gold", "colorIdentity": ["U"], "colors": ["U"], "convertedManaCost": 1.0, "count": 4, "edhrecRank": 9673, "edhrecSaltiness": 0.31, "finishes": ["nonfoil", "signed"], "flavorText": "\"Heed the lessons of our time: the forms of water may move the land itself and hold captive the fires within.\"\n—Gustha Ebbasdotter, Kjeldoran Royal Mage", "foreignData": [], "frameVersion": "1997", "hasFoil": false, "hasNonFoil": true, "identifiers": {"mcmId": "249905", "mtgjsonV4Id": "d83b171e-ccdf-5c86-a04e-c6173b07eb8c", "scryfallCardBackId": "df9a3149-dae5-4319-85bb-00d37c023360", "scryfallId": "b6d7cd2d-9c5c-4f7e-a96b-97a7b00fe579", "scryfallIllustrationId": "f6213f08-aef2-4ba0-81d0-9c67ebcfb5e3", "scryfallOracleId": "b94c0336-2ca8-4bb1-bb1f-e9babd1826ad", "tcgplayerProductId": "164619"}, "isFoil": false, "isReprint": true, "isStarter": true, "language": "English", "layout": "normal", "legalities": {}, "manaCost": "{U}", "manaValue": 1.0, "name": "Hydroblast", "number": "rb72sb", "printings": ["5ED", "EMA", "ICE", "MB2", "ME1", "OLEP", "PRM", "PTC", "WC97", "WC98"], "purchaseUrls": {"tcgplayer": "https://mtgjson.com/links/e6c5e02333c730f3"}, "rarity": "common", "rulings": [{"date": "2004-10-04", "text": "The decision to counter a spell or destroy a permanent is a decision made on announcement before the target is selected. If the spell is redirected, this mode can’t be changed, so only targets of the selected type are valid."}, {"date": "2016-06-08", "text": "Hydroblast can target any spell or permanent, not just a red one. It checks the color of the target only on resolution."}], "setCode": "WC98", "signature": "Randy Buehler", "sourceProducts": {"nonfoil": ["8f422720-4260-593e-b7c2-f0296e7ba941"]}, "subtypes": [], "supertypes": [], "text": "Choose one —\n• Counter target spell if it's red.\n• Destroy target permanent if it's red.", "type": "Instant", "types": ["Instant"], "uuid": "5c7a2cfd-2664-5124-bffc-717b385ddc78"}, {"artist": "Susan Van Camp", "artistIds": ["8921d44a-837d-4d6e-bf9f-e4f7c33f11e8"], "availability": ["paper"], "borderColor": "gold", "colorIdentity": ["U"], "colors": ["U"], "convertedManaCost": 2.0, "count": 4, "edhrecRank": 22128, "finishes": ["nonfoil", "signed"], "flavorText": "\"No one can catch what won't be caught.\"\n—Kakra, Sea Troll", "foreignData": [], "frameVersion": "1997", "hasFoil": false, "hasNonFoil": true, "identifiers": {"mcmId": "249906", "mtgjsonV4Id": "bdd2108a-22cf-578f-94d9-2a96cf642800", "scryfallCardBackId": "df9a3149-dae5-4319-85bb-00d37c023360", "scryfallId": "43b4054c-f46d-4211-bed2-24869aada755", "scryfallIllustrationId": "e1491b93-a5d2-44e0-b865-064e494e4780", "scryfallOracleId": "b318d94e-314f-4df8-a178-b5ddd756e1c4", "tcgplayerProductId": "164635"}, "isFoil": false, "isReprint": true, "isStarter": true, "keywords": ["Flying", "Protection"], "language": "English", "layout": "normal", "legalities": {}, "manaCost": "{1}{U}", "manaValue": 2.0, "name": "Sea Sprite", "number": "rb38sb", "power": "1", "printings": ["5ED", "HML", "ME1", "PTC", "WC98"], "purchaseUrls": {"tcgplayer": "https://mtgjson.com/links/c9b2c5863ce03415"}, "rarity": "uncommon", "setCode": "WC98", "signature": "Randy Buehler", "sourceProducts": {"nonfoil": ["8f422720-4260-593e-b7c2-f0296e7ba941"]}, "subtypes": ["Faerie"], "supertypes": [], "text": "Flying, protection from red", "toughness": "1", "type": "Creature — Faerie", "types": ["Creature"], "uuid": "b230f3f2-8460-595c-8ffb-7be8d5ba2494"}, {"artist": "Una Fricker", "artistIds": ["0471a371-1bf8-49f2-8e76-cbe3a0bfa7e8"], "availability": ["paper"], "borderColor": "gold", "colorIdentity": [], "colors": [], "convertedManaCost": 0.0, "count": 4, "edhrecRank": 1033, "edhrecSaltiness": 0.76, "finishes": ["nonfoil", "signed"], "flavorText": "\"The land promises nothing and keeps its promise.\"\n—Oracle *en*-Vec", "foreignData": [], "frameVersion": "1997", "hasFoil": false, "hasNonFoil": true, "identifiers": {"cardsphereId": "47318", "mcmId": "249907", "mtgjsonV4Id": "fae2ca49-8150-59ea-80bf-130d2d0f7e16", "scryfallCardBackId": "df9a3149-dae5-4319-85bb-00d37c023360", "scryfallId": "d7171316-e9cd-4a20-85fa-1d80c69ce37b", "scryfallIllustrationId": "38cf1045-0520-4a67-a25e-dc7bb3acead6", "scryfallOracleId": "09a70ae8-3859-4a09-901d-dce063fa3b5f", "tcgplayerProductId": "162390"}, "isAlternative": true, "isFoil": false, "isReprint": true, "isStarter": true, "language": "English", "layout": "normal", "legalities": {}, "manaValue": 0.0, "name": "Wasteland", "number": "rb330sb", "printings": ["EMA", "EXP", "G10", "J15", "LTC", "MB2", "MPR", "OLGC", "PIP", "PRM", "SLD", "TMP", "TPR", "WC98", "WC99", "ZNE"], "purchaseUrls": {"tcgplayer": "https://mtgjson.com/links/32cc7748a38aa7c9"}, "rarity": "uncommon", "setCode": "WC98", "signature": "Randy Buehler", "sourceProducts": {"nonfoil": ["8f422720-4260-593e-b7c2-f0296e7ba941"]}, "subtypes": [], "supertypes": [], "text": "{T}: Add {C}.\n{T}, Sacrifice Wasteland: Destroy target nonbasic land.", "type": "Land", "types": ["Land"], "uuid": "2ee91193-5146-528c-b65e-71cd6622c9f4", "variations": ["a65af4ac-1ee8-5376-8dbd-d54e177ab37b"]}], "type": "World Championship Deck"}}