{"meta": {"date": "2024-09-03", "version": "5.2.2+20240903"}, "data": {"code": "SLD", "commander": [], "mainBoard": [{"artist": "ZIUK", "artistIds": ["894002af-b219-4202-b70c-2fbddaa4756b"], "availability": ["paper"], "borderColor": "black", "colorIdentity": ["B"], "colors": ["B"], "convertedManaCost": 6.0, "count": 1, "edhrecRank": 4938, "edhrecSaltiness": 0.45, "finishes": ["nonfoil", "foil"], "foreignData": [], "frameEffects": ["legendary"], "frameVersion": "2015", "hasFoil": true, "hasNonFoil": true, "identifiers": {"cardsphereFoilId": "86019", "cardsphereId": "86020", "mtgjsonV4Id": "be4a5e48-05e1-5218-a06b-8c482c0f05e8", "scryfallCardBackId": "0aeebaf5-8c7d-4636-9e82-8c27447861f7", "scryfallId": "27197660-8489-419b-9ad6-29a8713e4673", "scryfallIllustrationId": "8ebf5f61-c9b3-4ee1-b36d-5c612f3d5e1d", "scryfallOracleId": "667ece0e-a474-4e11-8ac4-6c8fc354457c", "tcgplayerEtchedProductId": "251773", "tcgplayerProductId": "251772"}, "isFoil": true, "isReprint": true, "isStarter": true, "keywords": ["Flying", "Trample"], "language": "English", "layout": "normal", "leadershipSkills": {"brawl": false, "commander": true, "oathbreaker": false}, "legalities": {"brawl": "Legal", "commander": "Legal", "duel": "Legal", "explorer": "Legal", "gladiator": "Legal", "historic": "Legal", "legacy": "Legal", "modern": "Legal", "oathbreaker": "Legal", "penny": "Legal", "pioneer": "Legal", "timeless": "Legal", "vintage": "Legal"}, "manaCost": "{4}{B}{B}", "manaValue": 6.0, "name": "Demonlord Belzenlok", "number": "159", "originalReleaseDate": "2021-10-15", "power": "6", "printings": ["CMM", "DOM", "PDOM", "SLD"], "purchaseUrls": {"tcgplayer": "https://mtgjson.com/links/c49e2684b0c6430f", "tcgplayerEtched": "https://mtgjson.com/links/da73e5750d04548e"}, "rarity": "mythic", "rulings": [{"date": "2018-04-27", "text": "Demonlord Belzenlok's ability causes it to deal an amount of damage to you all at once; it doesn't deal 1 damage multiple times."}, {"date": "2018-04-27", "text": "If the mana cost of the nonland card includes {X}, X is considered to be 0."}, {"date": "2018-04-27", "text": "If the nonland card doesn't have a mana cost, its mana value is 0."}, {"date": "2018-04-27", "text": "Land cards exiled this way remain exiled."}, {"date": "2018-04-27", "text": "Once the triggered ability resolves, the ability will continue until you either exile a nonland card with mana value 3 or less or fail to exile any nonland cards while performing the process. You can't choose to stop receiving the blessings of Demonlord Belzenlok any sooner."}, {"date": "2018-04-27", "text": "The mana value of a split card, such as a card with aftermath from the Amonkhet block, is equal to the combined mana cost of its two halves."}], "securityStamp": "oval", "setCode": "SLD", "sourceProducts": {"foil": ["6eef9450-e8ec-5acf-b4f2-a7b465648c9d"], "nonfoil": ["dedd227d-1fb8-5f1d-9644-bb05808c0eeb"]}, "subsets": ["Read the Fine Print"], "subtypes": ["Elder", "Demon"], "supertypes": ["Legendary"], "text": "Flying, trample\nWhen Demonlord Belzenlok enters, exile cards from the top of your library until you exile a nonland card, then put that card into your hand. If the card's mana value is 4 or greater, repeat this process. Demonlord Belzenlok deals 1 damage to you for each card put into your hand this way.", "toughness": "6", "type": "Legendary Creature — Elder Demon", "types": ["Creature"], "uuid": "09be9392-39b1-5901-bcc5-0bdfd73f3fb0", "variations": ["e771d473-2b2e-54c9-824e-1e309cdf42ec"]}, {"artist": "ZIUK", "artistIds": ["894002af-b219-4202-b70c-2fbddaa4756b"], "availability": ["paper"], "borderColor": "black", "colorIdentity": ["B"], "colors": ["B"], "convertedManaCost": 8.0, "count": 1, "finishes": ["nonfoil", "foil"], "flavorText": "Power over death was Griselbrand's gift. Liliana's formidable necromancy was now unparalleled.", "foreignData": [], "frameEffects": ["legendary"], "frameVersion": "2015", "hasFoil": true, "hasNonFoil": true, "identifiers": {"cardsphereFoilId": "86021", "cardsphereId": "86022", "mtgjsonV4Id": "a9e7ec0c-0c8b-5222-b4d1-21482204d5d4", "scryfallCardBackId": "0aeebaf5-8c7d-4636-9e82-8c27447861f7", "scryfallId": "a624eff1-9347-4a99-8986-a2312258791c", "scryfallIllustrationId": "a9525f3a-afae-4fa6-9c06-2ffce7a43a3f", "scryfallOracleId": "f759d112-76db-4091-a22b-b9f19ab6fa5f", "tcgplayerEtchedProductId": "251776", "tcgplayerProductId": "251775"}, "isFoil": true, "isReprint": true, "isStarter": true, "keywords": ["Flying", "Lifelink"], "language": "English", "layout": "normal", "leadershipSkills": {"brawl": false, "commander": true, "oathbreaker": false}, "legalities": {"brawl": "Legal", "commander": "Banned", "duel": "Legal", "gladiator": "Legal", "historic": "Legal", "legacy": "Legal", "modern": "Legal", "oathbreaker": "Banned", "timeless": "Legal", "vintage": "Legal"}, "manaCost": "{4}{B}{B}{B}{B}", "manaValue": 8.0, "name": "Griselbrand", "number": "160", "originalReleaseDate": "2021-10-15", "power": "7", "printings": ["AVR", "MM3", "PGPX", "PHEL", "PRM", "SIS", "SLD"], "purchaseUrls": {"tcgplayer": "https://mtgjson.com/links/965a02ea49879b09", "tcgplayerEtched": "https://mtgjson.com/links/26669c8576b1aced"}, "rarity": "mythic", "rulings": [{"date": "2012-05-01", "text": "You can’t activate Griselbrand’s ability if you have 6 or less life."}], "securityStamp": "oval", "setCode": "SLD", "sourceProducts": {"foil": ["6eef9450-e8ec-5acf-b4f2-a7b465648c9d"], "nonfoil": ["dedd227d-1fb8-5f1d-9644-bb05808c0eeb"]}, "subsets": ["Read the Fine Print"], "subtypes": ["Demon"], "supertypes": ["Legendary"], "text": "Flying, lifelink\nPay 7 life: Draw seven cards.", "toughness": "7", "type": "Legendary Creature — Demon", "types": ["Creature"], "uuid": "77d661e7-b0e0-50b5-ba7f-5c2f28a27052", "variations": ["eeeea359-07bc-5a6e-937a-c581e6097d0d", "9bdc6045-4e35-5204-a034-9fdf2dbd6936"]}, {"artist": "ZIUK", "artistIds": ["894002af-b219-4202-b70c-2fbddaa4756b"], "availability": ["paper"], "borderColor": "black", "colorIdentity": ["B"], "colors": ["B"], "convertedManaCost": 5.0, "count": 1, "edhrecRank": 3047, "edhrecSaltiness": 0.56, "finishes": ["nonfoil", "foil"], "flavorText": "She sold her soul to four demons for powerful gifts.", "foreignData": [], "frameVersion": "2015", "hasFoil": true, "hasNonFoil": true, "identifiers": {"cardsphereFoilId": "86023", "cardsphereId": "86024", "mtgjsonV4Id": "c73f738a-89e9-5e3c-9981-610b66b209e0", "scryfallCardBackId": "0aeebaf5-8c7d-4636-9e82-8c27447861f7", "scryfallId": "f57c5ab1-3a36-47eb-8cf9-66b0c59d3e03", "scryfallIllustrationId": "5a32a455-9dbf-48c1-9dd5-b614dda956df", "scryfallOracleId": "6858702a-e563-4dcb-a50d-65406cea7c86", "tcgplayerEtchedProductId": "251779", "tcgplayerProductId": "251777"}, "isFoil": true, "isReprint": true, "isStarter": true, "language": "English", "layout": "normal", "legalities": {"brawl": "Legal", "commander": "Legal", "duel": "Legal", "explorer": "Legal", "gladiator": "Legal", "historic": "Legal", "legacy": "Legal", "modern": "Legal", "oathbreaker": "Legal", "penny": "Legal", "pioneer": "Legal", "timeless": "Legal", "vintage": "Legal"}, "manaCost": "{3}{B}{B}", "manaValue": 5.0, "name": "Liliana's Contract", "number": "161", "originalReleaseDate": "2021-10-15", "printings": ["M19", "PM19", "SLD"], "purchaseUrls": {"tcgplayer": "https://mtgjson.com/links/4e86fba747fad7a0", "tcgplayerEtched": "https://mtgjson.com/links/a3c931dba56ef498"}, "rarity": "rare", "rulings": [{"date": "2018-07-13", "text": "If the second ability does trigger, but you no longer control four Demons with different names as the ability resolves, you won’t win the game."}, {"date": "2018-07-13", "text": "If you don’t control four Demons with different names as your upkeep begins, the second ability of Liliana’s Contract won’t trigger. You can’t take any actions during your turn before your upkeep begins."}], "securityStamp": "oval", "setCode": "SLD", "sourceProducts": {"foil": ["6eef9450-e8ec-5acf-b4f2-a7b465648c9d"], "nonfoil": ["dedd227d-1fb8-5f1d-9644-bb05808c0eeb"]}, "subsets": ["Read the Fine Print"], "subtypes": [], "supertypes": [], "text": "When Liliana's Contract enters, you draw four cards and you lose 4 life.\nAt the beginning of your upkeep, if you control four or more Demons with different names, you win the game.", "type": "Enchantment", "types": ["Enchantment"], "uuid": "4a7a7ea9-ed6f-5412-89bf-97ad09184ab8", "variations": ["5d79457e-d198-57cc-b079-347e4fa8b00f"]}, {"artist": "ZIUK", "artistIds": ["894002af-b219-4202-b70c-2fbddaa4756b"], "availability": ["paper"], "borderColor": "black", "colorIdentity": ["B"], "colors": ["B"], "convertedManaCost": 6.0, "count": 1, "edhrecRank": 5462, "edhrecSaltiness": 0.23, "finishes": ["nonfoil", "foil"], "flavorText": "Kothophed bestowed upon Liliana eternal youth, carved into her skin as intricate tattoos.", "foreignData": [], "frameEffects": ["legendary"], "frameVersion": "2015", "hasFoil": true, "hasNonFoil": true, "identifiers": {"cardsphereFoilId": "86025", "cardsphereId": "86026", "mtgjsonV4Id": "0c95e079-f4e6-5a51-880e-4308099eb18f", "scryfallCardBackId": "0aeebaf5-8c7d-4636-9e82-8c27447861f7", "scryfallId": "615a6845-f58a-4ee5-aa83-a5747b890140", "scryfallIllustrationId": "3212017a-731f-4495-b26a-0dcec1e77a9e", "scryfallOracleId": "85e1791f-f9a0-4e82-baf6-33cff2dcf60b", "tcgplayerEtchedProductId": "251782", "tcgplayerProductId": "251781"}, "isFoil": true, "isReprint": true, "isStarter": true, "keywords": ["Flying"], "language": "English", "layout": "normal", "leadershipSkills": {"brawl": false, "commander": true, "oathbreaker": false}, "legalities": {"commander": "Legal", "duel": "Legal", "legacy": "Legal", "modern": "Legal", "oathbreaker": "Legal", "penny": "Legal", "pioneer": "Legal", "vintage": "Legal"}, "manaCost": "{4}{B}{B}", "manaValue": 6.0, "name": "Kothophed, Soul Hoarder", "number": "162", "originalReleaseDate": "2021-10-15", "power": "6", "printings": ["DMC", "J22", "ORI", "PORI", "PRM", "SLD"], "purchaseUrls": {"tcgplayer": "https://mtgjson.com/links/87dde6c4c993bdb0", "tcgplayerEtched": "https://mtgjson.com/links/ff0b7e905c6088c2"}, "rarity": "rare", "rulings": [{"date": "2015-06-22", "text": "It doesn't matter who controlled the permanent when it was put into a graveyard."}, {"date": "2015-06-22", "text": "The triggered ability is mandatory. You can't decline to draw the card and lose life, even if you want to."}], "securityStamp": "oval", "setCode": "SLD", "sourceProducts": {"foil": ["6eef9450-e8ec-5acf-b4f2-a7b465648c9d"], "nonfoil": ["dedd227d-1fb8-5f1d-9644-bb05808c0eeb"]}, "subsets": ["Read the Fine Print"], "subtypes": ["Demon"], "supertypes": ["Legendary"], "text": "Flying\nWhenever a permanent owned by another player is put into a graveyard from the battlefield, you draw a card and you lose 1 life.", "toughness": "6", "type": "Legendary Creature — Demon", "types": ["Creature"], "uuid": "2e5cc393-c33a-5baa-b229-35f04f363338", "variations": ["2108ded8-5fa6-5b26-a53c-d4317d6b37e1"]}, {"artist": "ZIUK", "artistIds": ["894002af-b219-4202-b70c-2fbddaa4756b"], "availability": ["paper"], "borderColor": "black", "colorIdentity": ["B"], "colors": ["B"], "convertedManaCost": 8.0, "count": 1, "edhrecRank": 1364, "edhrecSaltiness": 1.18, "finishes": ["nonfoil", "foil"], "flavorText": "From Razaketh, Liliana gained sway over the living. Weak mortal souls became her playthings.", "foreignData": [], "frameEffects": ["legendary"], "frameVersion": "2015", "hasFoil": true, "hasNonFoil": true, "identifiers": {"cardsphereFoilId": "86027", "cardsphereId": "86028", "mtgjsonV4Id": "d177eb02-11c9-520c-ab09-3d7b5fa5f6cd", "scryfallCardBackId": "0aeebaf5-8c7d-4636-9e82-8c27447861f7", "scryfallId": "ecb98f5c-9ef2-4549-9603-814726f1ffcc", "scryfallIllustrationId": "151ba174-b5db-4fd5-87a9-fa0679f43171", "scryfallOracleId": "136c9ecb-59b4-4ef6-bcb2-7b8d3df3ee75", "tcgplayerEtchedProductId": "251784", "tcgplayerProductId": "251783"}, "isFoil": true, "isReprint": true, "isStarter": true, "keywords": ["Flying", "Trample"], "language": "English", "layout": "normal", "leadershipSkills": {"brawl": false, "commander": true, "oathbreaker": false}, "legalities": {"brawl": "Legal", "commander": "Legal", "duel": "Legal", "explorer": "Legal", "gladiator": "Legal", "historic": "Legal", "legacy": "Legal", "modern": "Legal", "oathbreaker": "Legal", "penny": "Legal", "pioneer": "Legal", "timeless": "Legal", "vintage": "Legal"}, "manaCost": "{5}{B}{B}{B}", "manaValue": 8.0, "name": "Razaketh, the Foulblooded", "number": "163", "originalReleaseDate": "2021-10-15", "power": "8", "printings": ["AKR", "CMM", "HOU", "PHOU", "SLD"], "purchaseUrls": {"tcgplayer": "https://mtgjson.com/links/47f876cef78ae0e4", "tcgplayerEtched": "https://mtgjson.com/links/c4c98189dbc229bf"}, "rarity": "mythic", "securityStamp": "oval", "setCode": "SLD", "sourceProducts": {"foil": ["6eef9450-e8ec-5acf-b4f2-a7b465648c9d"], "nonfoil": ["dedd227d-1fb8-5f1d-9644-bb05808c0eeb"]}, "subsets": ["Read the Fine Print"], "subtypes": ["Demon"], "supertypes": ["Legendary"], "text": "Flying, trample\nPay 2 life, Sacrifice another creature: Search your library for a card, put that card into your hand, then shuffle.", "toughness": "8", "type": "Legendary Creature — Demon", "types": ["Creature"], "uuid": "49dff80a-61b3-5550-af95-8d3cce7686e2", "variations": ["3f70b4a7-2f84-5610-a256-6c6bbb5796c0"]}], "name": "Read the Fine Print foil", "releaseDate": "2021-10-15", "sealedProductUuids": null, "sideBoard": [], "type": "Secret Lair Drop"}}