{"meta": {"date": "2024-09-03", "version": "5.2.2+20240903"}, "data": {"code": "JMP", "commander": [], "mainBoard": [{"artist": "Seb McKinnon", "artistIds": ["ad4caca0-8d89-44ce-a1a6-d5ca905bd6fb"], "availability": ["arena", "paper"], "boosterTypes": ["default"], "borderColor": "black", "colorIdentity": ["B"], "colors": ["B"], "convertedManaCost": 2.0, "count": 1, "edhrecRank": 5052, "edhrecSaltiness": 0.02, "finishes": ["nonfoil"], "flavorText": "Caught between life and death, between land and sea, between thought and oblivion.", "foreignData": [], "frameVersion": "2015", "hasFoil": false, "hasNonFoil": true, "identifiers": {"cardsphereId": "68328", "mcmId": "472529", "mcmMetaId": "290939", "mtgArenaId": "72319", "mtgjsonV4Id": "87312995-bbae-564b-85cd-eb3c074584ce", "multiverseId": "489263", "scryfallCardBackId": "0aeebaf5-8c7d-4636-9e82-8c27447861f7", "scryfallId": "d9dc87b3-60b2-4cf8-b620-334700db1aa9", "scryfallIllustrationId": "1570d1f8-6487-4cb9-8ae6-7f4f7f4bc9ee", "scryfallOracleId": "4fe6f784-0290-4d4a-85ae-0b66522d31e9", "tcgplayerProductId": "215956"}, "isFoil": false, "isReprint": true, "keywords": ["Deathtouch", "Mill"], "language": "English", "layout": "normal", "legalities": {"brawl": "Legal", "commander": "Legal", "duel": "Legal", "explorer": "Legal", "gladiator": "Legal", "historic": "Legal", "legacy": "Legal", "modern": "Legal", "oathbreaker": "Legal", "pauper": "Legal", "paupercommander": "Legal", "pioneer": "Legal", "timeless": "Legal", "vintage": "Legal"}, "manaCost": "{1}{B}", "manaValue": 2.0, "name": "Mire Triton", "number": "257", "power": "2", "printings": ["CMM", "J22", "JMP", "SCD", "THB"], "purchaseUrls": {"cardmarket": "https://mtgjson.com/links/87dc790851bf33ff", "tcgplayer": "https://mtgjson.com/links/0179247c6c76cd59"}, "rarity": "uncommon", "setCode": "JMP", "sourceProducts": {"nonfoil": ["ca9092e8-a921-5e37-ab9d-4b0f76bb0d01"]}, "subtypes": ["Zombie", "Merfolk"], "supertypes": [], "text": "Deathtouch\nWhen Mire Triton enters, mill two cards and you gain 2 life. (To mill a card, put the top card of your library into your graveyard.)", "toughness": "1", "type": "Creature — Zombie Merfolk", "types": ["Creature"], "uuid": "259f6c3c-0e90-5793-85f4-8e96533d34ad"}, {"artist": "Dave Kendall", "artistIds": ["8a5540a8-18c9-4fa9-802c-59d6866114d5"], "availability": ["arena", "paper"], "boosterTypes": ["default"], "borderColor": "black", "colorIdentity": ["B"], "colors": ["B"], "convertedManaCost": 3.0, "count": 1, "edhrecRank": 7568, "edhrecSaltiness": 0.06, "finishes": ["nonfoil"], "flavorText": "The mouth must be pried open before rigor mortis sets in. Otherwise the returning soul can find no ingress.", "foreignData": [], "frameVersion": "2015", "hasFoil": false, "hasNonFoil": true, "identifiers": {"cardsphereId": "68356", "mcmId": "473444", "mcmMetaId": "11232", "mtgArenaId": "72277", "mtgjsonV4Id": "78b50911-0e0f-55fd-9741-006f34f7355c", "multiverseId": "489221", "scryfallCardBackId": "0aeebaf5-8c7d-4636-9e82-8c27447861f7", "scryfallId": "4fefd7f9-57ff-41bb-aef6-b1d568a7588b", "scryfallIllustrationId": "e6585a10-e64d-418f-8a61-7262fc5cb495", "scryfallOracleId": "7265d768-b79f-44eb-9873-d834e55f6463", "tcgplayerProductId": "216239"}, "isFoil": false, "isReprint": true, "keywords": ["Flying"], "language": "English", "layout": "normal", "legalities": {"brawl": "Legal", "commander": "Legal", "duel": "Legal", "gladiator": "Legal", "historic": "Legal", "legacy": "Legal", "modern": "Legal", "oathbreaker": "Legal", "pauper": "Legal", "paupercommander": "Legal", "predh": "Legal", "timeless": "Legal", "vintage": "Legal"}, "manaCost": "{1}{B}{B}", "manaValue": 3.0, "name": "Cadaver Imp", "number": "215", "power": "1", "printings": ["CMM", "DDP", "DDR", "JMP", "PC2", "PCA", "PLST", "ROE"], "purchaseUrls": {"cardmarket": "https://mtgjson.com/links/b95e478084b79649", "tcgplayer": "https://mtgjson.com/links/d25e688d496cd5b8"}, "rarity": "common", "setCode": "JMP", "sourceProducts": {"nonfoil": ["ca9092e8-a921-5e37-ab9d-4b0f76bb0d01"]}, "subtypes": ["Imp"], "supertypes": [], "text": "Flying\nWhen Cadaver Imp enters, you may return target creature card from your graveyard to your hand.", "toughness": "1", "type": "Creature — Imp", "types": ["Creature"], "uuid": "62a73824-4d69-5233-976f-d0079356159f"}, {"artist": "Tianhua X", "artistIds": ["da0e98c9-28a9-41ed-a617-ea94737438c0"], "availability": ["arena", "paper"], "boosterTypes": ["default"], "borderColor": "black", "colorIdentity": ["B"], "colors": ["B"], "convertedManaCost": 3.0, "count": 1, "edhrecRank": 10611, "edhrecSaltiness": 0.07, "finishes": ["nonfoil"], "flavorText": "\"Well, this can't be a good sign.\"\n—Old Rutstein", "foreignData": [], "frameVersion": "2015", "hasFoil": false, "hasNonFoil": true, "identifiers": {"cardsphereId": "68359", "mcmId": "473434", "mcmMetaId": "222141", "mtgArenaId": "72283", "mtgjsonV4Id": "17981b2a-8b93-5af3-875e-920ca4e41c04", "multiverseId": "489227", "scryfallCardBackId": "0aeebaf5-8c7d-4636-9e82-8c27447861f7", "scryfallId": "beed7579-f4f1-4545-9653-4c1179e88dc8", "scryfallIllustrationId": "53dc66a0-9f58-455d-b9ec-94a3a7ec10f2", "scryfallOracleId": "a4ffe297-5e82-43f9-91a4-7aa3d8dd3b4a", "tcgplayerProductId": "216237"}, "isFoil": false, "isReprint": true, "keywords": ["Flying", "Mill"], "language": "English", "layout": "normal", "legalities": {"brawl": "Legal", "commander": "Legal", "duel": "Legal", "explorer": "Legal", "gladiator": "Legal", "historic": "Legal", "legacy": "Legal", "modern": "Legal", "oathbreaker": "Legal", "pauper": "Legal", "paupercommander": "Legal", "penny": "Legal", "pioneer": "Legal", "timeless": "Legal", "vintage": "Legal"}, "manaCost": "{2}{B}", "manaValue": 3.0, "name": "Crow of Dark Tidings", "number": "221", "power": "2", "printings": ["CMR", "GN2", "J22", "JMP", "PLST", "SIR", "SOI", "UMA"], "purchaseUrls": {"cardmarket": "https://mtgjson.com/links/3b76ddec1542f2c3", "tcgplayer": "https://mtgjson.com/links/bdc86c4becb5060f"}, "rarity": "common", "rulings": [{"date": "2020-11-10", "text": "The triggered ability triggers both when Crow of Dark Tidings enters the battlefield and when it dies. You don't have to choose only one."}], "setCode": "JMP", "sourceProducts": {"nonfoil": ["ca9092e8-a921-5e37-ab9d-4b0f76bb0d01"]}, "subtypes": ["Zombie", "Bird"], "supertypes": [], "text": "Flying\nWhen Crow of Dark Tidings enters or dies, mill two cards. (Put the top two cards of your library into your graveyard.)", "toughness": "1", "type": "Creature — Zombie Bird", "types": ["Creature"], "uuid": "8f54f230-cf2e-5342-b15d-aca62bcf1bea"}, {"artist": "E. M. Gist", "artistIds": ["7a9aaa63-73ae-492c-948e-7531415fdf31"], "availability": ["arena", "paper"], "boosterTypes": ["default"], "borderColor": "black", "colorIdentity": ["B"], "colors": ["B"], "convertedManaCost": 2.0, "count": 1, "edhrecRank": 10820, "edhrecSaltiness": 0.33, "finishes": ["nonfoil"], "flavorText": "Its breath doesn't assault the senses. It pollutes the mind.", "foreignData": [], "frameVersion": "2015", "hasFoil": false, "hasNonFoil": true, "identifiers": {"cardsphereId": "68374", "mcmId": "473384", "mcmMetaId": "225591", "mtgArenaId": "72318", "mtgjsonV4Id": "69c6c63a-ca2c-5e26-9517-e870d67a52d2", "multiverseId": "489262", "scryfallCardBackId": "0aeebaf5-8c7d-4636-9e82-8c27447861f7", "scryfallId": "405c096c-a94b-4817-8c7f-f0551f6513e3", "scryfallIllustrationId": "df9a78d8-1c6f-4b7c-bf0c-ba20df150542", "scryfallOracleId": "b5b049d4-242a-48ec-85d1-1ef66c8cfa4c", "tcgplayerProductId": "216182"}, "isFoil": false, "isReprint": true, "language": "English", "layout": "normal", "legalities": {"brawl": "Legal", "commander": "Legal", "duel": "Legal", "explorer": "Legal", "gladiator": "Legal", "historic": "Legal", "legacy": "Legal", "modern": "Legal", "oathbreaker": "Legal", "pauper": "Legal", "paupercommander": "Legal", "penny": "Legal", "pioneer": "Legal", "timeless": "Legal", "vintage": "Legal"}, "manaCost": "{1}{B}", "manaValue": 2.0, "name": "Miasmic Mummy", "number": "256", "power": "2", "printings": ["AKH", "AKR", "JMP", "PLST", "XANA"], "purchaseUrls": {"cardmarket": "https://mtgjson.com/links/ceaa4e137736d4b5", "tcgplayer": "https://mtgjson.com/links/67232c702ed37bcc"}, "rarity": "common", "rulings": [{"date": "2017-04-18", "text": "When Miasmic Mummy’s triggered ability resolves, first the player whose turn it is chooses a card to discard, then each other player in turn order chooses a card to discard, then all of those cards are discarded simultaneously. No one sees what the other players are discarding before deciding which card to discard."}], "setCode": "JMP", "sourceProducts": {"nonfoil": ["ca9092e8-a921-5e37-ab9d-4b0f76bb0d01"]}, "subtypes": ["Zombie", "Jackal"], "supertypes": [], "text": "When Miasmic Mummy enters, each player discards a card.", "toughness": "2", "type": "Creature — Zombie Jackal", "types": ["Creature"], "uuid": "657acdcf-e116-51be-9c80-8c8428b7ddef"}, {"artist": "Wisnu Tan", "artistIds": ["f2d36cdd-a4e9-43ba-b2ad-9d514f6706d4"], "availability": ["arena", "paper"], "boosterTypes": ["default"], "borderColor": "black", "colorIdentity": ["B"], "colors": ["B"], "convertedManaCost": 6.0, "count": 1, "edhrecRank": 23886, "edhrecSaltiness": 0.18, "finishes": ["nonfoil"], "flavorText": "\"I've always said full war chests win wars, but I didn't mean by bashing enemy skulls with them.\"\n—Teysa", "foreignData": [], "frameVersion": "2015", "hasFoil": false, "hasNonFoil": true, "identifiers": {"cardsphereId": "68384", "mcmId": "473349", "mcmMetaId": "269693", "mtgArenaId": "72346", "mtgjsonV4Id": "2b76a553-6284-5061-bdfa-50cab3a78cd3", "multiverseId": "489290", "scryfallCardBackId": "0aeebaf5-8c7d-4636-9e82-8c27447861f7", "scryfallId": "e49bddc9-0b0b-4d6d-a708-019356f9649e", "scryfallIllustrationId": "ac1e76ca-c1df-4a8e-909e-12b2026fc8f6", "scryfallOracleId": "475aaf7c-b0f8-40f3-ad91-3e7d414de933", "tcgplayerProductId": "216145"}, "isFoil": false, "isReprint": true, "language": "English", "layout": "normal", "legalities": {"brawl": "Legal", "commander": "Legal", "duel": "Legal", "explorer": "Legal", "gladiator": "Legal", "historic": "Legal", "legacy": "Legal", "modern": "Legal", "oathbreaker": "Legal", "pauper": "Legal", "paupercommander": "Legal", "penny": "Legal", "pioneer": "Legal", "timeless": "Legal", "vintage": "Legal"}, "manaCost": "{5}{B}", "manaValue": 6.0, "name": "Tithebearer Giant", "number": "284", "power": "4", "printings": ["CLU", "JMP", "WAR"], "purchaseUrls": {"cardmarket": "https://mtgjson.com/links/70c2b553c4443aaa", "tcgplayer": "https://mtgjson.com/links/5686c92e96d1da6e"}, "rarity": "common", "setCode": "JMP", "sourceProducts": {"nonfoil": ["ca9092e8-a921-5e37-ab9d-4b0f76bb0d01"]}, "subtypes": ["Giant", "Warrior"], "supertypes": [], "text": "When Tithebearer Giant enters, you draw a card and you lose 1 life.", "toughness": "5", "type": "Creature — Giant Warrior", "types": ["Creature"], "uuid": "59cab43a-edaf-5939-96c5-6bff0d034ae9"}, {"artist": "Jake Murray", "artistIds": ["be53e4e1-ab31-494a-b154-e00ee97eb463"], "availability": ["arena", "mtgo", "paper"], "boosterTypes": ["default"], "borderColor": "black", "colorIdentity": ["B"], "colors": ["B"], "convertedManaCost": 1.0, "count": 1, "edhrecRank": 11790, "edhrecSaltiness": 0.12, "finishes": ["nonfoil", "foil"], "foreignData": [{"identifiers": {"multiverseId": "485670", "scryfallId": "a0962632-7f37-4ec6-8020-c908e8549617"}, "language": "German", "multiverseId": 485670, "name": "Vasall des Erzdämons", "text": "Lebensverknüpfung (Schaden, der von dieser Kreatur zugefügt wird, lässt dich entsprechend viele Lebenspunkte dazuerhalten.)\nWenn der Vasall des Erzdämons ins Spiel kommt und falls er aus deinem Friedhof ins Spiel gekommen ist oder du ihn aus deinem Friedhof gewirkt hast, schicke ihn ins Exil. Falls du dies tust, erzeuge einen 5/5 schwarzen Dämon-Kreaturenspielstein mit Flugfähigkeit.", "type": "Kreatur — Mensch, Kleriker"}, {"identifiers": {"multiverseId": "485929", "scryfallId": "deac44b9-f4d1-4860-ac92-b09e5c71f3dc"}, "language": "Spanish", "multiverseId": 485929, "name": "Receptáculo del archidemonio", "text": "Vínculo vital. (El daño hecho por esta criatura también hace que ganes esa misma cantidad de vidas.)\nCuando el Receptáculo del archidemonio entre al campo de batalla, si entró desde tu cementerio o lo lanzaste desde tu cementerio, exílialo. Si lo haces, crea una ficha de criatura Demonio negra 5/5 con la habilidad de volar.", "type": "Criatura — Clérigo humano"}, {"identifiers": {"multiverseId": "486188", "scryfallId": "df56029e-e00d-487d-beec-2f6846c0e123"}, "language": "French", "multiverseId": 486188, "name": "Réceptacle de l'archifielleux", "text": "Lien de vie (Les blessures infligées par cette créature vous font aussi gagner autant de points de vie.)\nQuand le Réceptacle de l'archifielleux arrive sur le champ de bataille, s'il est arrivé depuis votre cimetière ou que vous l'avez lancé depuis votre cimetière, exilez-le. Si vous faites ainsi, créez un jeton de créature 5/5 noire Démon avec le vol.", "type": "Créature : humain et clerc"}, {"identifiers": {"multiverseId": "486447", "scryfallId": "f4dc141e-a649-41b6-baaa-26c924bb9f18"}, "language": "Italian", "multiverseId": 486447, "name": "Intercessore del Supremo Demone", "text": "Legame vitale (Il danno inflitto da questa creatura ti fa anche guadagnare altrettanti punti vita.)\nQuando l'Intercessore del Supremo Demone entra nel campo di battaglia, se è entrato dal tuo cimitero o l'hai lanciato dal tuo cimitero, esilialo. Se lo fai, crea una pedina creatura Demone 5/5 nera con volare.", "type": "Creatura — Chierico Umano"}, {"identifiers": {"multiverseId": "486706", "scryfallId": "28956a72-ffd7-4c0d-a19a-1b5fbeff8ca3"}, "language": "Japanese", "multiverseId": 486706, "name": "魔王の器", "text": "絆魂（このクリーチャーがダメージを与えると、さらにあなたはその点数分のライフを得る。）\n魔王の器が戦場に出たとき、これがあなたの墓地から出たかあなたがあなたの墓地からこれを唱えていた場合、これを追放する。そうしたなら、飛行を持つ黒の５/５のデーモン・クリーチャー・トークンを１体生成する。", "type": "クリーチャー — 人間・クレリック"}, {"identifiers": {"multiverseId": "486965", "scryfallId": "95e806bd-70b2-473f-97f0-80980a1a354f"}, "language": "Korean", "multiverseId": 486965, "name": "대마귀의 그릇", "text": "생명연결 (이 생물이 피해를 입히면, 당신은 그 피해만큼의 생명점을 얻는다.)\n대마귀의 그릇이 전장에 들어올 때, 대마귀의 그릇이 당신의 무덤에서 전장에 들어왔거나 당신이 대마귀의 그릇을 당신의 무덤에서 발동했다면, 대마귀의 그릇을 추방한다. 그렇게 한다면, 비행을 가진 5/5 흑색 악마 생물 토큰 한 개를 만든다.", "type": "생물 — 인간 성직자"}, {"identifiers": {"multiverseId": "487224", "scryfallId": "06ca3254-6235-4365-9b5e-ab6c12d63ed3"}, "language": "Portuguese (Brazil)", "multiverseId": 487224, "name": "Receptáculo do Arquidemônio", "text": "Vínculo com a vida (O dano causado por esta criatura também faz com que você ganhe uma quantidade equivalente de pontos de vida.)\nQuando Receptáculo do Arquidemônio entrar no campo de batalha, se ele veio do seu cemitério ou você o conjurou do seu cemitério, exile-o. Se fizer isso, crie uma ficha de criatura preta 5/5 do tipo Demônio com voar.", "type": "Criatura — Humano Clérigo"}, {"identifiers": {"multiverseId": "487483", "scryfallId": "037515fd-a627-4f93-99f0-373b7b9c26cc"}, "language": "Russian", "multiverseId": 487483, "name": "Сосуд Архидемона", "text": "Цепь жизни (Повреждения, наносимые этим существом, также заставляют вас получить такое же количество жизней.)\nКогда Сосуд Архидемона выходит на поле битвы, если он вышел из вашего кладбища или вы разыграли его из вашего кладбища, изгоните его. Если вы это делаете, создайте одну фишку существа 5/5 черный Демон с Полетом.", "type": "Существо — Человек Священник"}, {"identifiers": {"multiverseId": "487742", "scryfallId": "10544084-2f82-45e9-b0c6-e9dc4b47e7f2"}, "language": "Chinese Simplified", "multiverseId": 487742, "name": "天魔祟体僧", "text": "系命（此生物所造成的伤害会让你获得等量的生命。）\n当天魔祟体僧进战场时，若它是从你的坟墓场进战场或你是从你的坟墓场中施放它，则将它放逐。若你如此作，则派出一个5/5黑色，具飞行异能的恶魔衍生生物。", "type": "生物 ～人类／僧侣"}, {"identifiers": {"multiverseId": "488001", "scryfallId": "cce22068-865a-40fb-aade-d06048d1d46a"}, "language": "Chinese Traditional", "multiverseId": 488001, "name": "天魔祟體僧", "text": "繫命（此生物所造成的傷害會讓你獲得等量的生命。）\n當天魔祟體僧進戰場時，若它是從你的墳墓場進戰場或你是從你的墳墓場中施放它，則將它放逐。若你如此作，則派出一個5/5黑色，具飛行異能的惡魔衍生生物。", "type": "生物 ～人類／僧侶"}], "frameVersion": "2015", "hasFoil": true, "hasNonFoil": true, "identifiers": {"cardsphereFoilId": "67887", "cardsphereId": "67690", "mcmId": "468184", "mcmMetaId": "307259", "mtgArenaId": "71870", "mtgjsonV4Id": "b7690230-a4d7-516f-a4b7-78979ff9dacf", "mtgoId": "81403", "multiverseId": "485411", "scryfallCardBackId": "0aeebaf5-8c7d-4636-9e82-8c27447861f7", "scryfallId": "83437022-ba00-4370-83c2-ce1260336fcc", "scryfallIllustrationId": "b1493aff-1c73-43ad-8c9e-130a322369fb", "scryfallOracleId": "62c240ac-f2dd-4e39-9e82-50307efa833e", "tcgplayerProductId": "215555"}, "isFoil": false, "keywords": ["Lifelink"], "language": "English", "layout": "normal", "legalities": {"brawl": "Legal", "commander": "Legal", "duel": "Legal", "explorer": "Legal", "gladiator": "Legal", "historic": "Legal", "legacy": "Legal", "modern": "Legal", "oathbreaker": "Legal", "paupercommander": "Restricted", "penny": "Legal", "pioneer": "Legal", "timeless": "Legal", "vintage": "Legal"}, "manaCost": "{B}", "manaValue": 1.0, "name": "Archfiend's Vessel", "number": "88", "originalText": "Lifelink (Damage dealt by this creature also causes you to gain that much life.)\nWhen Archfiend's Vessel enters the battlefield, if it entered from your graveyard or you cast it from your graveyard, exile it. If you do, create a 5/5 black Demon creature token with flying.", "originalType": "Creature — Human Cleric", "power": "1", "printings": ["M21"], "purchaseUrls": {"cardmarket": "https://mtgjson.com/links/e27af0bd4dcaf0a8", "tcgplayer": "https://mtgjson.com/links/2c6b789fe4bf19a7"}, "rarity": "uncommon", "rulings": [{"date": "2020-06-23", "text": "If Archfiend's Vessel leaves the battlefield while its triggered ability is on the stack, you can't exile it from the zone it's put into, so you won't create a Demon."}], "setCode": "M21", "sourceProducts": {"foil": ["547f7fe8-5bf3-5b1f-b7d5-2348edfeb15f", "61ee3ba9-54d4-55e6-8c49-3977d922f30e"], "nonfoil": ["61ee3ba9-54d4-55e6-8c49-3977d922f30e", "ca9092e8-a921-5e37-ab9d-4b0f76bb0d01"]}, "subtypes": ["Human", "Cleric"], "supertypes": [], "text": "Lifelink (Damage dealt by this creature also causes you to gain that much life.)\nWhen Archfiend's Vessel enters, if it entered from your graveyard or you cast it from your graveyard, exile it. If you do, create a 5/5 black Demon creature token with flying.", "toughness": "1", "type": "Creature — Human Cleric", "types": ["Creature"], "uuid": "6e49b51d-e1e8-55c4-8127-320307502ec3"}, {"artist": "Igor Kieryluk", "artistIds": ["9c3e9d17-509f-485c-9360-46d897ce716b"], "availability": ["arena", "mtgo", "paper"], "boosterTypes": ["default"], "borderColor": "black", "colorIdentity": ["B"], "colors": ["B"], "convertedManaCost": 6.0, "count": 1, "edhrecRank": 11556, "edhrecSaltiness": 0.25, "finishes": ["nonfoil", "foil"], "foreignData": [{"identifiers": {"multiverseId": "485683", "scryfallId": "e57a643e-a42c-4781-8df2-68310fee1762"}, "language": "German", "multiverseId": 485683, "name": "Blutschlemmer", "text": "Opfere eine Kreatur als zusätzliche Kosten, um diesen Zauberspruch zu wirken.\nFliegend\nVerursacht Trampelschaden (Diese Kreatur kann überschüssigen Kampfschaden dem verteidigenden Spieler oder Planeswalker zufügen.)\nWenn der Blutschlemmer ins Spiel kommt, opfert jeder Gegner eine Kreatur.", "type": "Kreatur — Dämon"}, {"identifiers": {"multiverseId": "485942", "scryfallId": "16b2b781-830e-494a-bbf1-e9a6d7c06cb4"}, "language": "Spanish", "multiverseId": 485942, "name": "Goremet", "text": "Como coste adicional para lanzar este hechizo, sacrifica una criatura.\nVuela.\nArrolla. (Esta criatura puede hacer el daño de combate sobrante al jugador o planeswalker al que ataca.)\nCuando el Goremet entre al campo de batalla, cada oponente sacrifica una criatura.", "type": "Criatura — Demonio"}, {"identifiers": {"multiverseId": "486201", "scryfallId": "fe53e36d-3db3-4991-8c8a-9a027f242a54"}, "language": "French", "multiverseId": 486201, "name": "Gourmet d'entrailles", "text": "En tant que coût supplémentaire pour lancer ce sort, sacrifiez une créature.\nVol\nPiétinement (Cette créature peut infliger son surplus de blessures de combat au joueur ou au planeswalker qu'elle attaque.)\nQuand le Gourmet d'entrailles arrive sur le champ de bataille, chaque adversaire sacrifie une créature.", "type": "Créature : démon"}, {"identifiers": {"multiverseId": "486460", "scryfallId": "966f0f52-a6be-44ec-88ce-f6bed74c2358"}, "language": "Italian", "multiverseId": 486460, "name": "Macabro Buongustaio", "text": "Come costo addizionale per lanciare questa magia, sacrifica una creatura.\nVolare\nTravolgere (Questa creatura può infliggere il danno da combattimento in eccesso al giocatore o al planeswalker che sta attaccando.)\nQuando il Macabro Buongustaio entra nel campo di battaglia, ogni avversario sacrifica una creatura.", "type": "Creatura — Demone"}, {"identifiers": {"multiverseId": "486719", "scryfallId": "4575cc69-512e-4d4b-b8d1-ea3a3e88caf3"}, "language": "Japanese", "multiverseId": 486719, "name": "大殺漢", "text": "この呪文を唱えるための追加コストとして、クリーチャー１体を生け贄に捧げる。\n飛行\nトランプル（このクリーチャーは余剰の戦闘ダメージを、これが攻撃しているプレイヤーかプレインズウォーカーに与えることができる。）\n大殺漢が戦場に出たとき、各対戦相手はそれぞれクリーチャー１体を生け贄に捧げる。", "type": "クリーチャー — デーモン"}, {"identifiers": {"multiverseId": "486978", "scryfallId": "4b64c437-12a1-44f0-b896-aed000bb9de7"}, "language": "Korean", "multiverseId": 486978, "name": "선혈 대식가", "text": "이 주문을 발동하기 위한 추가비용으로, 생물 한 개를 희생한다.\n비행\n돌진 (이 생물은 여분의 전투피해를 공격 중인 플레이어 또는 플레인즈워커에게 입힐 수 있다.)\n선혈 대식가가 전장에 들어올 때, 각 상대는 생물 한 개를 희생한다.", "type": "생물 — 악마"}, {"identifiers": {"multiverseId": "487237", "scryfallId": "e8cc714b-e784-4bb1-9c47-3fcfd13754b3"}, "language": "Portuguese (Brazil)", "multiverseId": 487237, "name": "Gourmet de Vísceras", "text": "Como custo adicional para conjurar esta mágica, sacrifique uma criatura.\nVoar\nAtropelar (Esta criatura pode causar seu dano de combate excedente ao jogador ou planeswalker que ela estiver atacando.)\nQuando Gourmet de Vísceras entra no campo de batalha, cada oponente sacrifica uma criatura.", "type": "Criatura — Demônio"}, {"identifiers": {"multiverseId": "487496", "scryfallId": "c0688a65-25b1-4fa5-b416-e127aac594bf"}, "language": "Russian", "multiverseId": 487496, "name": "Кровожадный Гурман", "text": "В качестве дополнительной стоимости разыгрывания этого заклинания пожертвуйте существо.\nПолет\nПробивной удар (Это существо может нанести избыточные боевые повреждения игроку или planeswalker'у, которого атакует.)\nКогда Кровожадный Гурман выходит на поле битвы, каждый оппонент жертвует существо.", "type": "Существо — Демон"}, {"identifiers": {"multiverseId": "487755", "scryfallId": "ad98b96b-5418-4dc6-b012-829a96c9b5d4"}, "language": "Chinese Simplified", "multiverseId": 487755, "name": "嗜血餮魔", "text": "牺牲一个生物，以作为施放此咒语的额外费用。\n飞行\n践踏（此生物造成之过量战斗伤害能对所攻击的牌手或鹏洛客造成之。）\n当嗜血餮魔进战场时，每位对手各牺牲一个生物。", "type": "生物 ～恶魔"}, {"identifiers": {"multiverseId": "488014", "scryfallId": "da6615f5-5a30-4d8e-90ca-2282fd72ec24"}, "language": "Chinese Traditional", "multiverseId": 488014, "name": "嗜血餮魔", "text": "犧牲一個生物，以作為施放此咒語的額外費用。\n飛行\n踐踏（此生物造成之過量戰鬥傷害能對所攻擊的玩家或鵬洛客造成之。）\n當嗜血餮魔進戰場時，每位對手各犧牲一個生物。", "type": "生物 ～惡魔"}], "frameVersion": "2015", "hasFoil": true, "hasNonFoil": true, "identifiers": {"cardsphereFoilId": "67989", "cardsphereId": "67755", "mcmId": "470834", "mcmMetaId": "307999", "mtgArenaId": "71883", "mtgjsonV4Id": "cb47498e-fae3-5bbb-84e6-1912bb1f450b", "mtgoId": "81429", "multiverseId": "485424", "scryfallCardBackId": "0aeebaf5-8c7d-4636-9e82-8c27447861f7", "scryfallId": "c9cd537c-e40e-438f-a751-e0ad8f6e6283", "scryfallIllustrationId": "a446c3d8-e824-45ad-ac73-c5cd475e2811", "scryfallOracleId": "0f80f061-6304-4c7b-ab53-f406385e39df", "tcgplayerProductId": "215663"}, "isFoil": false, "keywords": ["Flying", "Trample"], "language": "English", "layout": "normal", "legalities": {"brawl": "Legal", "commander": "Legal", "duel": "Legal", "explorer": "Legal", "gladiator": "Legal", "historic": "Legal", "legacy": "Legal", "modern": "Legal", "oathbreaker": "Legal", "paupercommander": "Restricted", "penny": "Legal", "pioneer": "Legal", "timeless": "Legal", "vintage": "Legal"}, "manaCost": "{4}{B}{B}", "manaValue": 6.0, "name": "Goremand", "number": "101", "originalText": "As an additional cost to cast this spell, sacrifice a creature.\nFlying\nTrample (This creature can deal excess combat damage to the player or planeswalker it's attacking.)\nWhen Goremand enters the battlefield, each opponent sacrifices a creature.", "originalType": "Creature — Demon", "power": "5", "printings": ["CMM", "M21"], "purchaseUrls": {"cardmarket": "https://mtgjson.com/links/296e39c02bcda554", "tcgplayer": "https://mtgjson.com/links/503b23b434487fe8"}, "rarity": "uncommon", "rulings": [{"date": "2020-06-23", "text": "As Goremand's triggered ability resolves, first the next opponent in turn order (or, if it's an opponent's turn, the opponent whose turn it is) chooses a creature they control, then each other opponent in turn order does the same knowing the choices made before them. Then all the chosen creatures are sacrificed at the same time."}], "setCode": "M21", "sourceProducts": {"foil": ["547f7fe8-5bf3-5b1f-b7d5-2348edfeb15f", "61ee3ba9-54d4-55e6-8c49-3977d922f30e"], "nonfoil": ["61ee3ba9-54d4-55e6-8c49-3977d922f30e", "639e32d8-aa88-5c64-9f1f-455c4bde54fd", "7cf1ca21-2f4f-5c1a-b4b8-8b453961139b", "ca9092e8-a921-5e37-ab9d-4b0f76bb0d01"]}, "subtypes": ["Demon"], "supertypes": [], "text": "As an additional cost to cast this spell, sacrifice a creature.\nFlying\nTrample (This creature can deal excess combat damage to the player or planeswalker it's attacking.)\nWhen Goremand enters, each opponent sacrifices a creature.", "toughness": "5", "type": "Creature — Demon", "types": ["Creature"], "uuid": "f7056037-3a6b-5fba-918d-9f78d58bfd89"}, {"artist": "Svetlin Velinov", "artistIds": ["ffd063ae-c097-4f26-b2e6-b1e2137708bc"], "availability": ["arena", "mtgo", "paper"], "boosterTypes": ["default"], "borderColor": "black", "colorIdentity": ["B"], "colors": ["B"], "convertedManaCost": 4.0, "count": 1, "edhrecRank": 19637, "finishes": ["nonfoil", "foil"], "flavorText": "\"Even the rats refuse to set foot inside. I fear to think what might be waiting in there.\"\n—Gravedigger's journal", "foreignData": [{"flavorText": "„Selbst die Ratten setzen keinen Fuß hinein. Ich fürchte mich vor dem, was da drinnen lauern könnte.\"\n—Tagebuch eines Totengräbers", "identifiers": {"multiverseId": "485675", "scryfallId": "9a90f128-e31c-4965-8d85-fcdb709f9786"}, "language": "German", "multiverseId": 485675, "name": "Kryptenlauerer", "text": "Wenn der Kryptenlauerer ins Spiel kommt, kannst du eine Kreatur opfern oder eine Kreaturenkarte abwerfen. Falls du dies tust, ziehe eine Karte.", "type": "Kreatur — Schrecken"}, {"flavorText": "\"Ni siquiera las ratas osan entran. Me da miedo pensar en lo que hay dentro\".\n—Diario del sepulturero", "identifiers": {"multiverseId": "485934", "scryfallId": "693924be-a1af-420d-935f-9e77a54f612a"}, "language": "Spanish", "multiverseId": 485934, "name": "Acechador de la cripta", "text": "Cuando el Acechador de la cripta entre al campo de batalla, puedes sacrificar una criatura o descartar una carta de criatura. Si lo haces, roba una carta.", "type": "Criatura — Horror"}, {"flavorText": "« Même les rats refusent d'y entrer. Je n'ose pas imaginer ce qui se trouve là-dedans. »\n—Journal du fossoyeur", "identifiers": {"multiverseId": "486193", "scryfallId": "396f1a3b-192f-429d-b3b5-42e4b955cbf7"}, "language": "French", "multiverseId": 486193, "name": "Guetteur de la crypte", "text": "Quand le Guetteur de la crypte arrive sur le champ de bataille, vous pouvez sacrifier une créature ou vous défausser d'une carte de créature. Si vous faites ainsi, piochez une carte.", "type": "Créature : horreur"}, {"flavorText": "\"Perfino i topi si rifiutano di metterci piede. Tremo al solo pensiero di cosa possa nascondersi là dentro.\"\n—Diario di uno scavatombe", "identifiers": {"multiverseId": "486452", "scryfallId": "f99df4fb-a69b-4699-91f4-854c06303780"}, "language": "Italian", "multiverseId": 486452, "name": "Predatore della Cripta", "text": "Quando il Predatore della Cripta entra nel campo di battaglia, puoi sacrificare una creatura o scartare una carta creatura. Se lo fai, pesca una carta.", "type": "Creatura — Orrore"}, {"flavorText": "「ネズミですら中に入ることを嫌がる。中に何がいるのか考えるだけでも恐ろしい。」\n――墓堀り人の日誌", "identifiers": {"multiverseId": "486711", "scryfallId": "d75a7fb9-a234-4717-ac9b-d96d8c49c77a"}, "language": "Japanese", "multiverseId": 486711, "name": "墓所に潜むもの", "text": "墓所に潜むものが戦場に出たとき、あなたは、クリーチャー１体を生け贄に捧げるかクリーチャー・カード１枚を捨ててもよい。そうしたなら、カードを１枚引く。", "type": "クリーチャー — ホラー"}, {"flavorText": "\"쥐들조차도 발을 들이려 하지 않아. 저 안에 뭐가 도사리고 있는지 생각하는 것조차 무섭군.\"\n—무덤 도둑의 일지", "identifiers": {"multiverseId": "486970", "scryfallId": "dc27a8f4-5c8c-46fc-8df1-92d0a0f8ac34"}, "language": "Korean", "multiverseId": 486970, "name": "묘지 잠복꾼", "text": "묘지 잠복꾼이 전장에 들어올 때, 당신은 생물 한 개를 희생하거나 생물 카드 한 장을 버릴 수 있다. 그렇게 한다면, 카드 한 장을 뽑는다.", "type": "생물 — 괴수"}, {"flavorText": "\"Até os ratos se recusam a pôr os pés ali dentro. Tenho medo só de pensar no que pode estar esperando ali.\"\n— Diário do coveiro", "identifiers": {"multiverseId": "487229", "scryfallId": "d3fce041-02ef-48d0-9197-76ed479e3877"}, "language": "Portuguese (Brazil)", "multiverseId": 487229, "name": "Espreitador da Cripta", "text": "Quando Espreitador da Cripta entra no campo de batalha, você pode sacrificar uma criatura ou descartar um card de criatura. Se fizer isso, compre um card.", "type": "Criatura — Horror"}, {"flavorText": "«Даже крысы туда не суются. Мне страшно подумать, кто мог там притаиться».\n— дневник могильщика", "identifiers": {"multiverseId": "487488", "scryfallId": "ba5bf4a1-d1e4-4288-b4c4-1f4a14ceb05c"}, "language": "Russian", "multiverseId": 487488, "name": "Хищник из Склепа", "text": "Когда Хищник из Склепа выходит на поле битвы, вы можете пожертвовать существо или сбросить карту существа. Если вы это делаете, возьмите карту.", "type": "Существо — Ужас"}, {"flavorText": "「就连老鼠都不敢进去。我甚至都不敢去想里面会有什么在等着我。」\n～掘墓人日志", "identifiers": {"multiverseId": "487747", "scryfallId": "211ba371-94f7-467e-b8fe-0f34af8f38e1"}, "language": "Chinese Simplified", "multiverseId": 487747, "name": "墓穴伏怪", "text": "当墓穴伏怪进战场时，你可以牺牲一个生物或弃一张生物牌。若你如此作，则抓一张牌。", "type": "生物 ～惊惧兽"}, {"flavorText": "「就連老鼠都不敢進去。我甚至都不敢去想裡面會有什麼在等著我。」\n～掘墓人日誌", "identifiers": {"multiverseId": "488006", "scryfallId": "d502e5ce-ffba-461d-8286-2fbc0ec0a366"}, "language": "Chinese Traditional", "multiverseId": 488006, "name": "墓穴伏怪", "text": "當墓穴伏怪進戰場時，你可以犧牲一個生物或棄一張生物牌。若你如此作，則抽一張牌。", "type": "生物 ～驚懼獸"}], "frameVersion": "2015", "hasFoil": true, "hasNonFoil": true, "identifiers": {"cardsphereFoilId": "67924", "cardsphereId": "67844", "mcmId": "472129", "mcmMetaId": "308339", "mtgArenaId": "71875", "mtgjsonV4Id": "6c19a282-69a4-5666-a351-1da133573830", "mtgoId": "81413", "multiverseId": "485416", "scryfallCardBackId": "0aeebaf5-8c7d-4636-9e82-8c27447861f7", "scryfallId": "c0bba170-5176-4fab-a10d-e23d70128875", "scryfallIllustrationId": "d1407f24-2ea1-4971-b846-411801c31a50", "scryfallOracleId": "f0cbf361-d7dc-4556-a654-71c08785095a", "tcgplayerProductId": "215863"}, "isFoil": false, "language": "English", "layout": "normal", "legalities": {"brawl": "Legal", "commander": "Legal", "duel": "Legal", "explorer": "Legal", "gladiator": "Legal", "historic": "Legal", "legacy": "Legal", "modern": "Legal", "oathbreaker": "Legal", "pauper": "Legal", "paupercommander": "Legal", "penny": "Legal", "pioneer": "Legal", "timeless": "Legal", "vintage": "Legal"}, "manaCost": "{3}{B}", "manaValue": 4.0, "name": "Crypt Lurker", "number": "93", "originalText": "When Crypt Lurker enters the battlefield, you may sacrifice a creature or discard a creature card. If you do, draw a card.", "originalType": "Creature — Horror", "power": "3", "printings": ["M21"], "purchaseUrls": {"cardmarket": "https://mtgjson.com/links/1caa4cc619435d52", "tcgplayer": "https://mtgjson.com/links/5d28a98433ab1f6f"}, "rarity": "common", "rulings": [{"date": "2020-06-23", "text": "Crypt Lurker can be sacrificed to pay the cost of its own triggered ability."}, {"date": "2020-06-23", "text": "While resolving Crypt Lurker's ability, you can't sacrifice more than one creature, discard more than one card, or do both to draw more than one card."}], "setCode": "M21", "sourceProducts": {"foil": ["547f7fe8-5bf3-5b1f-b7d5-2348edfeb15f", "61ee3ba9-54d4-55e6-8c49-3977d922f30e"], "nonfoil": ["61ee3ba9-54d4-55e6-8c49-3977d922f30e", "ca9092e8-a921-5e37-ab9d-4b0f76bb0d01"]}, "subtypes": ["Horror"], "supertypes": [], "text": "When Crypt Lurker enters, you may sacrifice a creature or discard a creature card. If you do, draw a card.", "toughness": "4", "type": "Creature — Horror", "types": ["Creature"], "uuid": "b87e0f89-d7a3-5e59-bfaa-a7605d8a5aeb"}, {"artist": "Johann Bodin", "artistIds": ["d92e2dd9-9ef6-43f6-81f8-df87f9066983"], "availability": ["paper"], "boosterTypes": ["default"], "borderColor": "black", "colorIdentity": ["B"], "colors": ["B"], "convertedManaCost": 1.0, "count": 1, "edhrecRank": 104, "edhrecSaltiness": 0.76, "finishes": ["nonfoil"], "flavorText": "\"You'd better be worth it.\"\n—Liliana Vess", "foreignData": [], "frameVersion": "2015", "hasFoil": false, "hasNonFoil": true, "identifiers": {"cardsphereId": "68329", "mcmId": "472534", "mcmMetaId": "4553", "mtgjsonV4Id": "bab2c461-8f6f-548b-a2b1-6c6495a4275d", "multiverseId": "489276", "scryfallCardBackId": "0aeebaf5-8c7d-4636-9e82-8c27447861f7", "scryfallId": "652271a0-80e8-4b9b-8823-26c1528378fc", "scryfallIllustrationId": "05602716-fdf8-4273-9d5c-e87a56af890b", "scryfallOracleId": "a044474a-cd72-4e9d-bd8d-a08f2de9cdc0", "tcgplayerProductId": "215960"}, "isFoil": false, "isReprint": true, "language": "English", "layout": "normal", "legalities": {"brawl": "Legal", "commander": "Legal", "duel": "Legal", "gladiator": "Banned", "historic": "Banned", "legacy": "Legal", "oathbreaker": "Legal", "predh": "Legal", "premodern": "Legal", "timeless": "Legal", "vintage": "Legal"}, "manaCost": "{B}", "manaValue": 1.0, "name": "Reanimate", "number": "270", "printings": ["ARC", "BRB", "CC2", "F04", "JMP", "LTC", "MKC", "OTP", "PD3", "PLST", "PRM", "PUMA", "TMP", "TPR", "UMA", "VMA"], "purchaseUrls": {"cardmarket": "https://mtgjson.com/links/f190314597b6ccda", "tcgplayer": "https://mtgjson.com/links/cc918a5d3d9db112"}, "rarity": "rare", "rulings": [{"date": "2018-12-07", "text": "If a card in a player's graveyard has {X} in its mana cost, X is considered to be 0."}, {"date": "2018-12-07", "text": "If any abilities trigger on the creature entering the battlefield, those abilities resolve after you lose life. If losing life results in you losing the game, those abilities won't resolve."}, {"date": "2018-12-07", "text": "In a multiplayer game, if a player leaves the game, all cards that player owns leave as well. If you leave the game, the creature you control from Reanimate is exiled."}, {"date": "2018-12-07", "text": "The amount of life you lose is determined by the mana value of the card in your graveyard, not the creature once it's on the battlefield."}, {"date": "2018-12-07", "text": "You lose life after the creature is already on the battlefield. Any abilities it has that interact with loss of life, such as that of Platinum Emperion, apply to that loss of life."}], "securityStamp": "oval", "setCode": "JMP", "sourceProducts": {"nonfoil": ["ca9092e8-a921-5e37-ab9d-4b0f76bb0d01"]}, "subtypes": [], "supertypes": [], "text": "Put target creature card from a graveyard onto the battlefield under your control. You lose life equal to its mana value.", "type": "Sorcery", "types": ["Sorcery"], "uuid": "b4dff1a5-0f59-5173-b6e8-57539a4f6e0d"}, {"artist": "John Stanko", "artistIds": ["b0f038a0-73b5-4806-918e-9cd11b5f92e1"], "availability": ["arena", "paper"], "boosterTypes": ["default"], "borderColor": "black", "colorIdentity": ["B"], "colors": ["B"], "convertedManaCost": 3.0, "count": 1, "edhrecRank": 7403, "finishes": ["nonfoil"], "flavorText": "Funerary masks help the newly dead resist the erosion of memory and identity in the Underworld.", "foreignData": [], "frameVersion": "2015", "hasFoil": false, "hasNonFoil": true, "identifiers": {"cardsphereId": "68366", "mcmId": "473404", "mcmMetaId": "292224", "mtgArenaId": "72297", "mtgjsonV4Id": "6fe5bc95-87ac-5230-8a5e-e6fef917a0d9", "multiverseId": "489241", "scryfallCardBackId": "0aeebaf5-8c7d-4636-9e82-8c27447861f7", "scryfallId": "ecb5fb06-d7b3-4871-a530-9004110596ad", "scryfallIllustrationId": "e2dd1539-a458-4a1d-ae82-a14d3f9e049d", "scryfallOracleId": "771210f7-0f00-4438-a886-a1f716e3d80e", "tcgplayerProductId": "216196"}, "isFoil": false, "isReprint": true, "keywords": ["Mill"], "language": "English", "layout": "normal", "legalities": {"brawl": "Legal", "commander": "Legal", "duel": "Legal", "explorer": "Legal", "gladiator": "Legal", "historic": "Legal", "legacy": "Legal", "modern": "Legal", "oathbreaker": "Legal", "pauper": "Legal", "paupercommander": "Legal", "penny": "Legal", "pioneer": "Legal", "timeless": "Legal", "vintage": "Legal"}, "manaCost": "{2}{B}", "manaValue": 3.0, "name": "Funeral Rites", "number": "235", "printings": ["JMP", "THB"], "purchaseUrls": {"cardmarket": "https://mtgjson.com/links/79ec4ab684053355", "tcgplayer": "https://mtgjson.com/links/f89cb480f9d2778e"}, "rarity": "common", "setCode": "JMP", "sourceProducts": {"nonfoil": ["ca9092e8-a921-5e37-ab9d-4b0f76bb0d01"]}, "subtypes": [], "supertypes": [], "text": "You draw two cards, lose 2 life, then mill two cards.", "type": "Sorcery", "types": ["Sorcery"], "uuid": "8c9bc777-d4ec-50b1-9ad9-4514ecf94c94"}, {"artist": "Sean Sevestre", "artistIds": ["711d2a24-64ca-48af-b1cf-5b448f60a1b5"], "availability": ["arena", "mtgo", "paper"], "boosterTypes": ["default"], "borderColor": "black", "colorIdentity": ["B"], "colors": ["B"], "convertedManaCost": 5.0, "count": 1, "edhrecRank": 15559, "edhrecSaltiness": 0.11, "finishes": ["nonfoil", "foil"], "flavorText": "\"I love those who are eager to serve.\"\n—Liliana Vess", "foreignData": [{"flavorText": "„Ich liebe alle, die mir dienen wollen.\"\n—Liliana Vess", "identifiers": {"multiverseId": "485701", "scryfallId": "3b0fbacc-15dc-4e4b-9126-1daefc4f6eef"}, "language": "German", "multiverseId": 485701, "name": "Wiederauferstehen", "text": "Bringe eine Kreaturenkarte deiner Wahl aus deinem Friedhof ins Spiel zurück.", "type": "Hexerei"}, {"flavorText": "\"Me encantan quienes se mueren por servirme\".\n—Liliana Vess", "identifiers": {"multiverseId": "485960", "scryfallId": "099afbc4-6464-4dfe-aaa8-10d9d197887a"}, "language": "Spanish", "multiverseId": 485960, "name": "Alzarse de nuevo", "text": "Regresa la carta de criatura objetivo de tu cementerio al campo de batalla.", "type": "Conjuro"}, {"flavorText": "« J'aime ceux qui sont désireux de servir. »\n—Liliana Vess", "identifiers": {"multiverseId": "486219", "scryfallId": "436ddb80-1d65-405c-8dd2-cc3184bbd3ed"}, "language": "French", "multiverseId": 486219, "name": "Revenir des morts", "text": "Renvoyez une carte de créature ciblée sur le champ de bataille depuis votre cimetière.", "type": "Rituel"}, {"flavorText": "\"Adoro gli schiavi ansiosi di mettersi al mio servizio.\"\n—Liliana Vess", "identifiers": {"multiverseId": "486478", "scryfallId": "67183120-6ac3-4403-850d-03f7b88803fc"}, "language": "Italian", "multiverseId": 486478, "name": "Risorgere", "text": "Rimetti sul campo di battaglia una carta creatura bersaglio dal tuo cimitero.", "type": "Stregoneria"}, {"flavorText": "「熱心に仕えてくれる人って好きよ。」\n――リリアナ・ヴェス", "identifiers": {"multiverseId": "486737", "scryfallId": "61ebe203-f034-42c1-9ffb-c8b26b7f40d0"}, "language": "Japanese", "multiverseId": 486737, "name": "再命", "text": "あなたの墓地からクリーチャー・カード１枚を対象とし、それを戦場に戻す。", "type": "ソーサリー"}, {"flavorText": "\"나는 적극적으로 섬기려 하는 것들을 사랑하지.\"\n—릴리아나 베스", "identifiers": {"multiverseId": "486996", "scryfallId": "9fbcdc6b-1556-468e-8bcb-106d6741577f"}, "language": "Korean", "multiverseId": 486996, "name": "소생시키기", "text": "당신의 무덤에 있는 생물 카드를 목표로 정한다. 그 카드를 전장으로 되돌린다.", "type": "집중마법"}, {"flavorText": "\"Eu adoro os que mal podem esperar para servir.\"\n— Liliana Vess", "identifiers": {"multiverseId": "487255", "scryfallId": "1a8be652-bf60-45a0-9f9e-fcefdaa57cc8"}, "language": "Portuguese (Brazil)", "multiverseId": 487255, "name": "Reerguer-se", "text": "Devolva o card de criatura alvo de seu cemitério para o campo de batalha.", "type": "Feitiço"}, {"flavorText": "«Мне нравятся те, кто так стремится мне услужить».\n— Лилиана Весс", "identifiers": {"multiverseId": "487514", "scryfallId": "9c3182d3-ab8d-45b1-9f51-1380591bb7d0"}, "language": "Russian", "multiverseId": 487514, "name": "Восстать Вновь", "text": "Верните целевую карту существа из вашего кладбища на поле битвы.", "type": "Волшебство"}, {"flavorText": "「我喜欢这些热切想要效命的家伙。」\n～莉莲娜维斯", "identifiers": {"multiverseId": "487773", "scryfallId": "e9e4661c-d2a2-435d-b253-9db43de80f84"}, "language": "Chinese Simplified", "multiverseId": 487773, "name": "再度起身", "text": "将目标生物牌从你的坟墓场移回战场。", "type": "法术"}, {"flavorText": "「我喜歡這些熱切想要效命的傢伙。」\n～莉蓮娜維斯", "identifiers": {"multiverseId": "488032", "scryfallId": "c0cdfb61-945a-476f-ba8e-7fb710ca1404"}, "language": "Chinese Traditional", "multiverseId": 488032, "name": "再度起身", "text": "將目標生物牌從你的墳墓場移回戰場。", "type": "巫術"}], "frameVersion": "2015", "hasFoil": true, "hasNonFoil": true, "identifiers": {"cardsphereFoilId": "68064", "cardsphereId": "67858", "mcmId": "472094", "mcmMetaId": "308324", "mtgArenaId": "71901", "mtgjsonV4Id": "ceb664c2-8ebd-50b9-8f7d-0aeddb25e865", "mtgoId": "81465", "multiverseId": "485442", "scryfallCardBackId": "0aeebaf5-8c7d-4636-9e82-8c27447861f7", "scryfallId": "660ec88f-2063-404a-853e-c985e21d17b0", "scryfallIllustrationId": "907bb3dd-796e-4245-87e8-e661eda8fe7b", "scryfallOracleId": "4600e968-fe3a-446a-a306-bd10e6763e0d", "tcgplayerProductId": "215874"}, "isFoil": false, "language": "English", "layout": "normal", "legalities": {"brawl": "Legal", "commander": "Legal", "duel": "Legal", "explorer": "Legal", "gladiator": "Legal", "historic": "Legal", "legacy": "Legal", "modern": "Legal", "oathbreaker": "Legal", "pauper": "Legal", "paupercommander": "Legal", "pioneer": "Legal", "timeless": "Legal", "vintage": "Legal"}, "manaCost": "{4}{B}", "manaValue": 5.0, "name": "Rise Again", "number": "119", "originalText": "Return target creature card from your graveyard to the battlefield.", "originalType": "Sorcery", "printings": ["M21"], "purchaseUrls": {"cardmarket": "https://mtgjson.com/links/aa9351c54319a538", "tcgplayer": "https://mtgjson.com/links/cf66e48e052c7c6f"}, "rarity": "common", "setCode": "M21", "sourceProducts": {"foil": ["547f7fe8-5bf3-5b1f-b7d5-2348edfeb15f", "61ee3ba9-54d4-55e6-8c49-3977d922f30e"], "nonfoil": ["61ee3ba9-54d4-55e6-8c49-3977d922f30e", "ca9092e8-a921-5e37-ab9d-4b0f76bb0d01"]}, "subtypes": [], "supertypes": [], "text": "Return target creature card from your graveyard to the battlefield.", "type": "Sorcery", "types": ["Sorcery"], "uuid": "3eac6e88-416b-5e6a-af43-1dd690c3b9a3"}, {"artist": "Chris Cold", "artistIds": ["2622d22b-3fd8-4831-9b2b-adc5fac01b85"], "availability": ["arena", "mtgo", "paper"], "boosterTypes": ["default"], "borderColor": "black", "colorIdentity": ["B"], "colors": ["B"], "convertedManaCost": 2.0, "count": 1, "edhrecRank": 9406, "finishes": ["nonfoil", "foil"], "flavorText": "\"Cruelty? No. This is necessity.\"\n—Kaervek", "foreignData": [{"flavorText": "„Grausamkeit? Pah. Das ist eine Notwendigkeit.\"\n—Kaervek", "identifiers": {"multiverseId": "485679", "scryfallId": "ed033af0-6e67-49bc-942d-8a57e28dcd95"}, "language": "German", "multiverseId": 485679, "name": "Eliminieren", "text": "Zerstöre eine Kreatur oder einen Planeswalker deiner Wahl mit umgewandelten Manakosten von 3 oder weniger.", "type": "Spontanzauber"}, {"flavorText": "\"¿Crueldad? No. Esto es necesidad\".\n—Kaervek", "identifiers": {"multiverseId": "485938", "scryfallId": "2eae1bd5-cbf4-4dce-bb0c-50be0b86554d"}, "language": "Spanish", "multiverseId": 485938, "name": "Eliminar", "text": "Destruye la criatura o planeswalker objetivo con coste de maná convertido de 3 o menos.", "type": "Instantáneo"}, {"flavorText": "« Cruel ? Non. C'est nécessaire. »\n—Kærvek", "identifiers": {"multiverseId": "486197", "scryfallId": "b698a387-1cf3-4a68-9aac-1ca675539f35"}, "language": "French", "multiverseId": 486197, "name": "Éliminer", "text": "Détruisez une cible, créature ou planeswalker, dont le coût converti de mana est inférieur ou égal à 3.", "type": "Éphémère"}, {"flavorText": "\"Crudeltà? No. Questa è necessità.\"\n—Kaervek", "identifiers": {"multiverseId": "486456", "scryfallId": "8ab9a000-8d6c-4042-b40d-2b5ef426fbf2"}, "language": "Italian", "multiverseId": 486456, "name": "Liquidare", "text": "Distruggi una creatura o un planeswalker bersaglio con costo di mana convertito pari o inferiore a 3.", "type": "Istantaneo"}, {"flavorText": "「残虐だと？そうではない。必要なのだ。」\n――ケアヴェク", "identifiers": {"multiverseId": "486715", "scryfallId": "0388239e-cdfb-4828-a8cb-c68896291e69"}, "language": "Japanese", "multiverseId": 486715, "name": "取り除き", "text": "点数で見たマナ・コストが３以下の、クリーチャー１体かプレインズウォーカー１体を対象とし、それを破壊する。", "type": "インスタント"}, {"flavorText": "\"잔인함? 아니. 이건 필요함이야.\"\n—케어벡", "identifiers": {"multiverseId": "486974", "scryfallId": "79e8dfdd-0dd6-43d3-84c5-5ccb3912891b"}, "language": "Korean", "multiverseId": 486974, "name": "제거", "text": "전환마나비용이 3 이하인 생물 또는 플레인즈워커를 목표로 정한다. 그 목표를 파괴한다.", "type": "순간마법"}, {"flavorText": "\"Crueldade? Não. Necessidade.\"\n— Kaervek", "identifiers": {"multiverseId": "487233", "scryfallId": "8ff9094e-8d4b-4cd0-b66c-4a7255f91610"}, "language": "Portuguese (Brazil)", "multiverseId": 487233, "name": "Sumir", "text": "Destrua a criatura ou o planeswalker alvo com custo de mana convertido igual ou inferior a 3.", "type": "Mágica Instantânea"}, {"flavorText": "«Жестокость? Отнюдь. Просто необходимость».\n— Кайервек", "identifiers": {"multiverseId": "487492", "scryfallId": "a4a7ea1f-6f40-4efc-b58f-0b4274b9e396"}, "language": "Russian", "multiverseId": 487492, "name": "Изничтожить", "text": "Уничтожьте целевое существо или planeswalker'а с конвертированной мана-стоимостью не более 3.", "type": "Мгновенное заклинание"}, {"flavorText": "「残忍？错。这是必然。」\n～凯雷威克", "identifiers": {"multiverseId": "487751", "scryfallId": "f12bc88e-dc9f-435f-bb40-561de88088a1"}, "language": "Chinese Simplified", "multiverseId": 487751, "name": "涤除", "text": "消灭目标生物或鹏洛客，且其总法术力费用须等于或小于3。", "type": "瞬间"}, {"flavorText": "「殘忍？錯。這是必然。」\n～凱雷威克", "identifiers": {"multiverseId": "488010", "scryfallId": "44ecf98c-92ac-420d-b94b-6894869a5901"}, "language": "Chinese Traditional", "multiverseId": 488010, "name": "滌除", "text": "消滅目標生物或鵬洛客，且其總魔法力費用須等於或小於3。", "type": "瞬間"}], "frameVersion": "2015", "hasFoil": true, "hasNonFoil": true, "identifiers": {"cardsphereFoilId": "67939", "cardsphereId": "67666", "mcmId": "467784", "mcmMetaId": "307054", "mtgArenaId": "71879", "mtgjsonV4Id": "12c1efbe-0ecd-5bf0-a5c8-3be79b4afb69", "mtgoId": "81421", "multiverseId": "485420", "scryfallCardBackId": "0aeebaf5-8c7d-4636-9e82-8c27447861f7", "scryfallId": "f8eb4087-3a4c-4de8-8e29-f4cd71acb180", "scryfallIllustrationId": "02bc450d-701d-459a-8117-6d6cdff04952", "scryfallOracleId": "cf307f81-488c-4df5-8b08-ba46e3e7f3d9", "tcgplayerProductId": "215516"}, "isFoil": false, "language": "English", "layout": "normal", "legalities": {"brawl": "Legal", "commander": "Legal", "duel": "Legal", "explorer": "Legal", "gladiator": "Legal", "historic": "Legal", "legacy": "Legal", "modern": "Legal", "oathbreaker": "Legal", "pioneer": "Legal", "timeless": "Legal", "vintage": "Legal"}, "manaCost": "{1}{B}", "manaValue": 2.0, "name": "Eliminate", "number": "97", "originalText": "Destroy target creature or planeswalker with converted mana cost 3 or less.", "originalType": "Instant", "printings": ["M21", "STA"], "purchaseUrls": {"cardmarket": "https://mtgjson.com/links/d8a3b8af9f78a64e", "tcgplayer": "https://mtgjson.com/links/38b7b7d35241f1fd"}, "rarity": "uncommon", "rulings": [{"date": "2020-06-23", "text": "If a creature or planeswalker on the battlefield has {X} in its mana cost, X is considered to be 0."}, {"date": "2020-06-23", "text": "The mana value of a token that isn't a copy of another object is 0. A token that is a copy of another object has the same mana cost as that object."}], "setCode": "M21", "sourceProducts": {"foil": ["547f7fe8-5bf3-5b1f-b7d5-2348edfeb15f", "61ee3ba9-54d4-55e6-8c49-3977d922f30e"], "nonfoil": ["61ee3ba9-54d4-55e6-8c49-3977d922f30e", "a680a179-aa91-5c01-9f83-6265131cfdfe", "ca9092e8-a921-5e37-ab9d-4b0f76bb0d01"]}, "subtypes": [], "supertypes": [], "text": "Destroy target creature or planeswalker with mana value 3 or less.", "type": "Instant", "types": ["Instant"], "uuid": "85d83776-c1ca-5d29-9fc6-986a61504046", "variations": ["7165c42c-7210-5564-b5a9-e666de59034a"]}, {"artist": "Titus Lunter", "artistIds": ["b11e6b3a-f4ca-4cf1-8fd7-475696de5f5c"], "availability": ["arena", "mtgo", "paper"], "boosterTypes": ["default"], "borderColor": "black", "colorIdentity": ["B"], "colors": [], "convertedManaCost": 0.0, "count": 1, "edhrecRank": 1334, "edhrecSaltiness": 0.09, "finishes": ["nonfoil"], "flavorText": "Beauty appears in strange places for those with eyes to see it.", "foreignData": [], "frameVersion": "2015", "hasFoil": false, "hasNonFoil": true, "identifiers": {"cardsphereId": "68319", "mcmId": "472294", "mcmMetaId": "308424", "mtgArenaId": "72140", "mtgjsonV4Id": "2ab118d9-c095-524a-96ae-f5753057fb13", "mtgoId": "81821", "multiverseId": "489204", "scryfallCardBackId": "0aeebaf5-8c7d-4636-9e82-8c27447861f7", "scryfallId": "18756fe5-70f0-48d9-a4f1-ea78f77d2084", "scryfallIllustrationId": "32169745-104e-4652-8f72-b45f3dea67ff", "scryfallOracleId": "bff416bb-d193-4c45-b2c1-7c297dbfad08", "tcgplayerProductId": "215941"}, "isFoil": false, "language": "English", "layout": "normal", "legalities": {"brawl": "Legal", "commander": "Legal", "duel": "Legal", "gladiator": "Legal", "historic": "Legal", "legacy": "Legal", "oathbreaker": "Legal", "pauper": "Legal", "paupercommander": "Legal", "timeless": "Legal", "vintage": "Legal"}, "manaValue": 0.0, "name": "Thriving Moor", "number": "37", "printings": ["AFC", "CLU", "CMM", "J22", "JMP", "LCC", "MOC", "NCC", "WHO"], "purchaseUrls": {"cardmarket": "https://mtgjson.com/links/fd340a9af9aa08a5", "tcgplayer": "https://mtgjson.com/links/de2e175c6d6df2fe"}, "rarity": "common", "setCode": "JMP", "sourceProducts": {"nonfoil": ["ca9092e8-a921-5e37-ab9d-4b0f76bb0d01"]}, "subtypes": [], "supertypes": [], "text": "Thriving Moor enters tapped. As it enters, choose a color other than black.\n{T}: Add {B} or one mana of the chosen color.", "type": "Land", "types": ["Land"], "uuid": "cac4131a-2bd5-5280-a579-5d5354359428"}, {"artist": "Mike Bierek", "artistIds": ["e5f52ef5-1a2e-4128-90b0-ccc71cd47ea7"], "availability": ["arena", "mtgo", "paper"], "boosterTypes": ["default"], "borderColor": "black", "colorIdentity": ["B"], "colors": [], "convertedManaCost": 0.0, "count": 6, "edhrecSaltiness": 0.29, "finishes": ["nonfoil", "foil"], "foreignData": [{"identifiers": {"multiverseId": "488482", "scryfallId": "50911a90-5f22-417f-b2f8-515e305d0976"}, "language": "German", "multiverseId": 488482, "name": "Sumpf", "type": "Standardland — Sumpf"}, {"identifiers": {"multiverseId": "488497", "scryfallId": "4f855802-be04-4af0-a2ee-317bee0f5d25"}, "language": "Spanish", "multiverseId": 488497, "name": "Pantano", "type": "Tierra básica — Pantano"}, {"identifiers": {"multiverseId": "488512", "scryfallId": "24acaa4d-fe12-4bfa-b52c-e65e92cab569"}, "language": "French", "multiverseId": 488512, "name": "Marais", "type": "Terrain de base : marais"}, {"identifiers": {"multiverseId": "488527", "scryfallId": "3eac89d2-71fa-447c-96af-5f3a17e5d531"}, "language": "Italian", "multiverseId": 488527, "name": "Palude", "type": "Terra Base — Palude"}, {"identifiers": {"multiverseId": "488542", "scryfallId": "e7a93d77-ef1d-4c2c-afa2-2da1d3218a42"}, "language": "Japanese", "multiverseId": 488542, "name": "沼", "type": "基本土地 — 沼"}, {"identifiers": {"multiverseId": "488557", "scryfallId": "1041ac61-c830-4689-985d-28e9a9a91daf"}, "language": "Korean", "multiverseId": 488557, "name": "늪", "type": "기본 대지 — 늪"}, {"identifiers": {"multiverseId": "488572", "scryfallId": "b06726c8-726f-4058-a06b-46cde19c8378"}, "language": "Portuguese (Brazil)", "multiverseId": 488572, "name": "Pântano", "type": "Terreno Básico — Pântano"}, {"identifiers": {"multiverseId": "488587", "scryfallId": "c3621082-badc-4d87-91f7-6e8fc1219ba8"}, "language": "Russian", "multiverseId": 488587, "name": "Болото", "type": "Базовая Земля — Болото"}, {"identifiers": {"multiverseId": "488602", "scryfallId": "64d6607f-8ef6-4d19-b752-555bd5662a44"}, "language": "Chinese Simplified", "multiverseId": 488602, "name": "沼泽", "type": "基本地 ～沼泽"}, {"identifiers": {"multiverseId": "488617", "scryfallId": "792ed1fd-d80b-48b0-8fec-38079be95520"}, "language": "Chinese Traditional", "multiverseId": 488617, "name": "沼澤", "type": "基本地 ～沼澤"}], "frameVersion": "2015", "hasFoil": true, "hasNonFoil": true, "identifiers": {"cardsphereFoilId": "68897", "cardsphereId": "67963", "mcmId": "471169", "mtgArenaId": "72086", "mtgjsonV4Id": "a27cb306-4011-5b99-add2-45b99458bb80", "mtgoId": "81211", "multiverseId": "488467", "scryfallCardBackId": "0aeebaf5-8c7d-4636-9e82-8c27447861f7", "scryfallId": "30b3d647-3546-4ade-b395-f2370750a7a6", "scryfallIllustrationId": "e7e7a627-2665-427d-96b6-1268f860c898", "scryfallOracleId": "56719f6a-1a6c-4c0a-8d21-18f7d7350b68", "tcgplayerProductId": "215719"}, "isFoil": false, "isReprint": true, "language": "English", "layout": "normal", "legalities": {"alchemy": "Legal", "brawl": "Legal", "commander": "Legal", "duel": "Legal", "explorer": "Legal", "future": "Legal", "gladiator": "Legal", "historic": "Legal", "legacy": "Legal", "modern": "Legal", "oathbreaker": "Legal", "pauper": "Legal", "paupercommander": "Legal", "penny": "Legal", "pioneer": "Legal", "predh": "Legal", "premodern": "Legal", "standard": "Legal", "standardbrawl": "Legal", "timeless": "Legal", "vintage": "Legal"}, "manaValue": 0.0, "name": "Swamp", "number": "266", "originalText": "B", "originalType": "Basic Land — Swamp", "printings": ["10E", "2ED", "2XM", "30A", "3ED", "40K", "4BB", "4ED", "5ED", "6ED", "7ED", "8ED", "9ED", "ACR", "AFR", "AKH", "AKR", "ALA", "ANA", "ANB", "ARC", "ATH", "AVR", "BBD", "BFZ", "BLB", "BRB", "BRC", "BRO", "BTD", "C13", "C14", "C15", "C16", "C17", "C18", "C19", "CED", "CEI", "CHK", "CLB", "CLU", "CM2", "CMA", "CMD", "CMM", "CST", "DDC", "DDD", "DDE", "DDH", "DDJ", "DDK", "DDM", "DDN", "DDP", "DDQ", "DDR", "DKM", "DMR", "DMU", "DOM", "DPA", "DSK", "DTK", "DVD", "E01", "ELD", "FBB", "FDN", "FRF", "G17", "GK1", "GK2", "GN2", "GN3", "GNT", "GRN", "GVL", "H09", "HBG", "HOP", "HOU", "ICE", "IKO", "INV", "ISD", "ITP", "J14", "J22", "JMP", "KHM", "KLD", "KLR", "KTK", "LCI", "LEA", "LEB", "LRW", "LTR", "M10", "M11", "M12", "M13", "M14", "M15", "M19", "M20", "M21", "MBS", "MD1", "ME1", "ME3", "MH2", "MH3", "MID", "MIR", "MKM", "MMQ", "MOM", "MRD", "NEO", "NPH", "ODY", "OLEP", "ONE", "ONS", "ORI", "OTJ", "P02", "P23", "PAL00", "PAL01", "PAL03", "PAL04", "PAL05", "PAL06", "PAL99", "PALP", "PANA", "PARL", "PC2", "PCA", "PD3", "PELP", "PF19", "PF20", "PGPX", "PGRU", "PHUK", "PIP", "PLST", "PMPS", "PMPS06", "PMPS07", "PMPS08", "PMPS09", "PMPS10", "PMPS11", "POR", "PPP1", "PRM", "PRW2", "PRWK", "PS11", "PSAL", "PSS2", "PSS3", "PSS4", "PTC", "PTK", "RAV", "REX", "RIX", "RNA", "ROE", "RQS", "RTR", "S99", "SCD", "SHM", "SIR", "SLD", "SNC", "SOI", "SOM", "STX", "SUM", "TD0", "TD2", "THB", "THS", "TMP", "TPR", "TSP", "UGL", "UND", "UNF", "UNH", "USG", "UST", "VOW", "WAR", "WC01", "WC02", "WC03", "WC97", "WC98", "WC99", "WHO", "WOE", "XANA", "XLN", "ZEN", "ZNR"], "purchaseUrls": {"tcgplayer": "https://mtgjson.com/links/bcbda5652a5f2b51"}, "rarity": "common", "setCode": "M21", "sourceProducts": {"foil": ["547f7fe8-5bf3-5b1f-b7d5-2348edfeb15f", "61ee3ba9-54d4-55e6-8c49-3977d922f30e"], "nonfoil": ["61ee3ba9-54d4-55e6-8c49-3977d922f30e", "639e32d8-aa88-5c64-9f1f-455c4bde54fd", "ca9092e8-a921-5e37-ab9d-4b0f76bb0d01"]}, "subtypes": ["Swamp"], "supertypes": ["Basic"], "text": "({T}: Add {B}.)", "type": "Basic Land — Swamp", "types": ["Land"], "uuid": "9021fd6e-48d7-5c3d-858e-de0dd6bf5b29", "variations": ["e0a00c3e-6d17-5e85-9d1d-c704d828a576", "9ebb924e-395f-5e14-8be5-176d349d1dd9", "7a85abdd-8744-5682-a768-709e5e92d569"]}, {"artist": "Lucas Graciano", "artistIds": ["ce98f39c-7cdd-47e6-a520-6c50443bb4c2"], "availability": ["arena", "paper"], "boosterTypes": ["default"], "borderColor": "black", "colorIdentity": ["B"], "colors": [], "convertedManaCost": 0.0, "count": 1, "edhrecSaltiness": 0.29, "finishes": ["nonfoil"], "foreignData": [], "frameVersion": "2015", "hasFoil": false, "hasNonFoil": true, "identifiers": {"cardsphereId": "68413", "mcmId": "473279", "mtgArenaId": "72576", "mtgjsonV4Id": "eb0ec939-7ea2-5ca6-9111-fcd7332626f6", "multiverseId": "489640", "scryfallCardBackId": "0aeebaf5-8c7d-4636-9e82-8c27447861f7", "scryfallId": "3810ec60-3f93-46c0-af39-7628b77bacec", "scryfallIllustrationId": "f4f6348b-4a84-4b7f-9b26-27ebfd70bfaf", "scryfallOracleId": "56719f6a-1a6c-4c0a-8d21-18f7d7350b68", "tcgplayerProductId": "216153"}, "isFoil": false, "isReprint": true, "language": "English", "layout": "normal", "legalities": {"alchemy": "Legal", "brawl": "Legal", "commander": "Legal", "duel": "Legal", "explorer": "Legal", "future": "Legal", "gladiator": "Legal", "historic": "Legal", "legacy": "Legal", "modern": "Legal", "oathbreaker": "Legal", "pauper": "Legal", "paupercommander": "Legal", "penny": "Legal", "pioneer": "Legal", "predh": "Legal", "premodern": "Legal", "standard": "Legal", "standardbrawl": "Legal", "timeless": "Legal", "vintage": "Legal"}, "manaValue": 0.0, "name": "Swamp", "number": "56", "printings": ["10E", "2ED", "2XM", "30A", "3ED", "40K", "4BB", "4ED", "5ED", "6ED", "7ED", "8ED", "9ED", "ACR", "AFR", "AKH", "AKR", "ALA", "ANA", "ANB", "ARC", "ATH", "AVR", "BBD", "BFZ", "BLB", "BRB", "BRC", "BRO", "BTD", "C13", "C14", "C15", "C16", "C17", "C18", "C19", "CED", "CEI", "CHK", "CLB", "CLU", "CM2", "CMA", "CMD", "CMM", "CST", "DDC", "DDD", "DDE", "DDH", "DDJ", "DDK", "DDM", "DDN", "DDP", "DDQ", "DDR", "DKM", "DMR", "DMU", "DOM", "DPA", "DSK", "DTK", "DVD", "E01", "ELD", "FBB", "FDN", "FRF", "G17", "GK1", "GK2", "GN2", "GN3", "GNT", "GRN", "GVL", "H09", "HBG", "HOP", "HOU", "ICE", "IKO", "INV", "ISD", "ITP", "J14", "J22", "JMP", "KHM", "KLD", "KLR", "KTK", "LCI", "LEA", "LEB", "LRW", "LTR", "M10", "M11", "M12", "M13", "M14", "M15", "M19", "M20", "M21", "MBS", "MD1", "ME1", "ME3", "MH2", "MH3", "MID", "MIR", "MKM", "MMQ", "MOM", "MRD", "NEO", "NPH", "ODY", "OLEP", "ONE", "ONS", "ORI", "OTJ", "P02", "P23", "PAL00", "PAL01", "PAL03", "PAL04", "PAL05", "PAL06", "PAL99", "PALP", "PANA", "PARL", "PC2", "PCA", "PD3", "PELP", "PF19", "PF20", "PGPX", "PGRU", "PHUK", "PIP", "PLST", "PMPS", "PMPS06", "PMPS07", "PMPS08", "PMPS09", "PMPS10", "PMPS11", "POR", "PPP1", "PRM", "PRW2", "PRWK", "PS11", "PSAL", "PSS2", "PSS3", "PSS4", "PTC", "PTK", "RAV", "REX", "RIX", "RNA", "ROE", "RQS", "RTR", "S99", "SCD", "SHM", "SIR", "SLD", "SNC", "SOI", "SOM", "STX", "SUM", "TD0", "TD2", "THB", "THS", "TMP", "TPR", "TSP", "UGL", "UND", "UNF", "UNH", "USG", "UST", "VOW", "WAR", "WC01", "WC02", "WC03", "WC97", "WC98", "WC99", "WHO", "WOE", "XANA", "XLN", "ZEN", "ZNR"], "purchaseUrls": {"tcgplayer": "https://mtgjson.com/links/86a367756ee3dcec"}, "rarity": "common", "setCode": "JMP", "sourceProducts": {"nonfoil": ["ca9092e8-a921-5e37-ab9d-4b0f76bb0d01"]}, "subtypes": ["Swamp"], "supertypes": ["Basic"], "text": "({T}: Add {B}.)", "type": "Basic Land — Swamp", "types": ["Land"], "uuid": "6d7b4877-ad57-5508-92cc-4a060c83e09e", "variations": ["333fe9a6-c1f0-5bb1-a016-14f6946ed17e", "2d81ccd9-e85f-5849-b429-8003e64ee100", "542926fc-a893-5212-bf00-6a0e8eaef071", "fe954474-dc50-5624-9539-3a316f2321dd", "cc96d27b-558e-5fd4-83df-3ae246958b0c", "874535cd-2277-52c2-9d92-ba5dd2defa06", "0b3a8dd2-71f2-5213-8267-27f9c1a4c95b"]}], "name": "Reanimated (1)", "releaseDate": "2020-07-17", "sealedProductUuids": null, "sideBoard": [], "type": "Jumpstart"}}