{"meta": {"date": "2024-09-03", "version": "5.2.2+20240903"}, "data": {"code": "MMQ", "commander": [], "mainBoard": [{"artist": "John Matson", "artistIds": ["a1685587-4b55-446b-b420-c37b202ed3f1"], "availability": ["mtgo", "paper"], "boosterTypes": ["default"], "borderColor": "black", "colorIdentity": ["W"], "colors": ["W"], "convertedManaCost": 1.0, "count": 2, "edhrecRank": 25334, "edhrecSaltiness": 0.14, "finishes": ["nonfoil", "foil"], "foreignData": [{"identifiers": {"scryfallId": "a0e0a4bb-1826-4519-84bb-1647e10ca160"}, "language": "German", "name": "Segnungskrämer", "text": "{W},{T}, wirf eine Karte aus Deiner Hand ab: Bestimme eine Schadensquelle. Wenn diese Quelle in diesem Zug das nächste Mal einer Kreatur Deiner Wahl Schaden zufügt, verhindere diesen Schaden.", "type": "Kreatur — Spruchwandler"}, {"identifiers": {"scryfallId": "ed541814-be60-4011-951e-1ba8908d5d06"}, "language": "Spanish", "name": "Vendedor de amuletos"}, {"identifiers": {"scryfallId": "25a82d7d-bf0a-43a7-bf08-46a4c20929cd"}, "language": "French", "name": "Revendeur de charmes"}, {"identifiers": {"scryfallId": "f6d0b700-a3f8-4645-989a-01a690444d4b"}, "language": "Italian", "name": "Venditore Ambulante di Monili"}, {"identifiers": {"scryfallId": "0fb464b1-9815-4ebc-ba1a-bab944fd42a0"}, "language": "Japanese", "name": "魔除けの行商人"}, {"identifiers": {"scryfallId": "06983120-7d0b-44ab-a9b1-9ebdee0738f1"}, "language": "Portuguese (Brazil)", "name": "Vendedor de Amuletos"}], "frameVersion": "1997", "hasFoil": true, "hasNonFoil": true, "identifiers": {"cardsphereFoilId": "29502", "cardsphereId": "29503", "mcmId": "11379", "mcmMetaId": "943", "mtgjsonV4Id": "c70640f6-953a-5e1f-b5d6-3ac3979d93ac", "mtgoFoilId": "13378", "mtgoId": "13377", "multiverseId": "19535", "scryfallCardBackId": "0aeebaf5-8c7d-4636-9e82-8c27447861f7", "scryfallId": "082e6ee3-cc1f-46c7-9d82-56751478b3cf", "scryfallIllustrationId": "4cfa88f6-cad7-476b-a9e0-cc8a7ce46775", "scryfallOracleId": "c425fe26-0027-4319-80a9-a053925651cb", "tcgplayerProductId": "6467"}, "isFoil": false, "language": "English", "layout": "normal", "legalities": {"commander": "Legal", "duel": "Legal", "legacy": "Legal", "oathbreaker": "Legal", "pauper": "Legal", "paupercommander": "Legal", "predh": "Legal", "premodern": "Legal", "vintage": "Legal"}, "manaCost": "{W}", "manaValue": 1.0, "name": "Charm Peddler", "number": "6", "originalText": "o\nW, oc\nT, Discard a card from your hand: The next time a source of your choice would deal damage to target creature this turn, prevent that damage.", "originalType": "Creature - Spellshaper", "power": "1", "printings": ["MMQ"], "purchaseUrls": {"cardmarket": "https://mtgjson.com/links/99aa1b6bf3843fca", "tcgplayer": "https://mtgjson.com/links/c8e6e4f826730db3"}, "rarity": "common", "setCode": "MMQ", "sourceProducts": {"foil": ["0bb27b60-13c3-5d37-9151-e138b17788fd", "65bc1540-791e-5561-b050-658c4e65e28f"], "nonfoil": ["1c7870eb-5ce3-5be0-b0fb-644bfe832d14", "65bc1540-791e-5561-b050-658c4e65e28f", "903c2f25-4c12-52ff-bc5d-2f3cc1990081"]}, "subtypes": ["Human", "Spellshaper"], "supertypes": [], "text": "{W}, {T}, Discard a card: The next time a source of your choice would deal damage to target creature this turn, prevent that damage.", "toughness": "1", "type": "Creature — Human Spellshaper", "types": ["Creature"], "uuid": "1b54738f-d419-5735-9729-24c9fb95afb6"}, {"artist": "Don Hazeltine", "artistIds": ["b4117364-73af-47e5-8cf0-901eeea09e01"], "availability": ["mtgo", "paper"], "boosterTypes": ["default"], "borderColor": "black", "colorIdentity": ["W"], "colors": ["W"], "convertedManaCost": 1.0, "count": 3, "edhrecRank": 17330, "edhrecSaltiness": 0.08, "finishes": ["nonfoil", "foil"], "flavorText": "Her commands are part rallying cry, part sermon, and wholly undeniable.", "foreignData": [{"identifiers": {"scryfallId": "7ad2b1ae-9145-4793-b422-3e28d03c9ec1"}, "language": "German", "name": "Ramosischer Feldwebel", "text": "3,{T}:Durchsuche Deine Bibliothek nach einer Rebellenkarte mit umgewandelten Manakosten von 2 oder weniger und bringe diese Karte ins Spiel. Mische danach deine Bibliothek.", "type": "Kreatur — Rebell"}, {"identifiers": {"scryfallId": "4a080c70-2ed7-4d8d-bc07-fee05872126b"}, "language": "Spanish", "name": "Sargento ramosiana"}, {"identifiers": {"scryfallId": "6d95955a-a8a1-4457-aa90-08362b8187f1"}, "language": "French", "name": "Sergent ramosien"}, {"identifiers": {"scryfallId": "19ce3bb4-e5b3-4c8c-bd1b-b27c2992903c"}, "language": "Italian", "name": "Sergente Ramosiano"}, {"identifiers": {"scryfallId": "a67b89b1-6ade-4715-bb20-564b7ccc6726"}, "language": "Japanese", "name": "レイモス教の兵長"}, {"identifiers": {"scryfallId": "88198585-0e77-4761-9c41-dc62f394107d"}, "language": "Portuguese (Brazil)", "name": "Sargento Ramosiano"}], "frameVersion": "1997", "hasFoil": true, "hasNonFoil": true, "identifiers": {"cardsphereFoilId": "29870", "cardsphereId": "29871", "mcmId": "11412", "mcmMetaId": "4498", "mtgjsonV4Id": "eaa77b43-8c15-5be7-a0c2-e3e96cb46066", "mtgoFoilId": "13324", "mtgoId": "13323", "multiverseId": "19539", "scryfallCardBackId": "0aeebaf5-8c7d-4636-9e82-8c27447861f7", "scryfallId": "ef2b036d-5721-4a6e-bf43-69148b90da10", "scryfallIllustrationId": "bbaae4d5-7869-464a-a423-665dc0459dab", "scryfallOracleId": "9b0a14b9-977d-4e25-a519-eaddb0f94b6a", "tcgplayerProductId": "6651"}, "isFoil": false, "language": "English", "layout": "normal", "legalities": {"commander": "Legal", "duel": "Legal", "legacy": "Legal", "oathbreaker": "Legal", "pauper": "Legal", "paupercommander": "Legal", "predh": "Legal", "premodern": "Legal", "vintage": "Legal"}, "manaCost": "{W}", "manaValue": 1.0, "name": "Ramosian Sergeant", "number": "39", "originalText": "o3, oc\nT: Search your library for a Rebel card with converted mana cost 2 or less and put that card into play. Then shuffle your library.", "originalType": "Creature - Rebel", "power": "1", "printings": ["MMQ"], "purchaseUrls": {"cardmarket": "https://mtgjson.com/links/1e3583b99d279284", "tcgplayer": "https://mtgjson.com/links/5219b29100f72bb6"}, "rarity": "common", "rulings": [{"date": "2004-10-04", "text": "Because the “search” requires you to find a card with certain characteristics, you don’t have to find the card if you don’t want to."}], "setCode": "MMQ", "sourceProducts": {"foil": ["0bb27b60-13c3-5d37-9151-e138b17788fd", "65bc1540-791e-5561-b050-658c4e65e28f"], "nonfoil": ["1c7870eb-5ce3-5be0-b0fb-644bfe832d14", "65bc1540-791e-5561-b050-658c4e65e28f", "903c2f25-4c12-52ff-bc5d-2f3cc1990081"]}, "subtypes": ["Human", "Rebel"], "supertypes": [], "text": "{3}, {T}: Search your library for a Rebel permanent card with mana value 2 or less, put it onto the battlefield, then shuffle.", "toughness": "1", "type": "Creature — Human Rebel", "types": ["Creature"], "uuid": "a5f4f18a-7f24-5dd0-a558-2fee6d0ab76d"}, {"artist": "Alan Pollack", "artistIds": ["70c20ea3-5ad6-4082-a337-6e994ae5828e"], "availability": ["mtgo", "paper"], "boosterTypes": ["default"], "borderColor": "black", "colorIdentity": ["W"], "colors": ["W"], "convertedManaCost": 2.0, "count": 2, "edhrecRank": 17516, "finishes": ["nonfoil", "foil"], "flavorText": "\"Give me your hand and I will give you victory.\"", "foreignData": [{"identifiers": {"scryfallId": "4c70e711-9e58-4898-a504-918191e655a9"}, "language": "German", "name": "Ramosischer Leutnant", "text": "4,{T}:Durchsuche Deine Bibliothek nach einer Rebellenkarte mit umgewandelten Manakosten von 3 oder weniger und bringe diese Karte ins Spiel. Mische danach Deine Bibliothek.", "type": "Kreatur — Rebell"}, {"identifiers": {"scryfallId": "79a6a23f-0cb3-43e8-8fff-666b060b5fd6"}, "language": "Spanish", "name": "Teniente ramosiano"}, {"identifiers": {"scryfallId": "380446b7-fcea-4cb2-a390-e77817a5bec5"}, "language": "French", "name": "Lieutenant ramosien"}, {"identifiers": {"scryfallId": "def3f196-7e42-41b3-ad5f-aa82ebbba876"}, "language": "Italian", "name": "Tenente Ramosiano"}, {"identifiers": {"scryfallId": "ff0a6956-c67b-4215-9e86-d9f3f5274ce0"}, "language": "Japanese", "name": "レイモス教の副長"}, {"identifiers": {"scryfallId": "ff02edbe-f345-478c-a000-3af0f87b0f89"}, "language": "Portuguese (Brazil)", "name": "Tenente Ramosiano"}], "frameVersion": "1997", "hasFoil": true, "hasNonFoil": true, "identifiers": {"cardsphereFoilId": "29866", "cardsphereId": "29867", "mcmId": "11410", "mcmMetaId": "4496", "mtgjsonV4Id": "9a84a9ff-5ff2-5d3f-9d79-9e7e4295e49b", "mtgoFoilId": "13512", "mtgoId": "13511", "multiverseId": "19543", "scryfallCardBackId": "0aeebaf5-8c7d-4636-9e82-8c27447861f7", "scryfallId": "debe840a-ebc9-43c4-9bf7-7eb292b65bf9", "scryfallIllustrationId": "ec78b5f4-3797-4e88-ad75-9a18d95200d9", "scryfallOracleId": "ddd2a87e-4020-4408-b4e6-a2120d485855", "tcgplayerProductId": "6649"}, "isFoil": false, "language": "English", "layout": "normal", "legalities": {"commander": "Legal", "duel": "Legal", "legacy": "Legal", "oathbreaker": "Legal", "pauper": "Legal", "paupercommander": "Legal", "predh": "Legal", "premodern": "Legal", "vintage": "Legal"}, "manaCost": "{1}{W}", "manaValue": 2.0, "name": "Ramosian Lieutenant", "number": "37", "originalText": "o4, oc\nT: Search your library for a Rebel card with converted mana cost 3 or less and put that card into play. Then shuffle your library.", "originalType": "Creature - Rebel", "power": "1", "printings": ["MMQ"], "purchaseUrls": {"cardmarket": "https://mtgjson.com/links/0e7568f0fd58bd2f", "tcgplayer": "https://mtgjson.com/links/8a7f406a3e3cf920"}, "rarity": "common", "rulings": [{"date": "2004-10-04", "text": "Because the “search” requires you to find a card with certain characteristics, you don’t have to find the card if you don’t want to."}], "setCode": "MMQ", "sourceProducts": {"foil": ["0bb27b60-13c3-5d37-9151-e138b17788fd", "65bc1540-791e-5561-b050-658c4e65e28f"], "nonfoil": ["1c7870eb-5ce3-5be0-b0fb-644bfe832d14", "65bc1540-791e-5561-b050-658c4e65e28f", "903c2f25-4c12-52ff-bc5d-2f3cc1990081"]}, "subtypes": ["Human", "Rebel"], "supertypes": [], "text": "{4}, {T}: Search your library for a Rebel permanent card with mana value 3 or less, put it onto the battlefield, then shuffle.", "toughness": "2", "type": "Creature — Human Rebel", "types": ["Creature"], "uuid": "cde1cc99-8115-5868-867d-387a8bc86c36"}, {"artist": "Adam Rex", "artistIds": ["445bd2fb-4a70-4599-87a4-83cf5979fc56"], "availability": ["mtgo", "paper"], "boosterTypes": ["default"], "borderColor": "black", "colorIdentity": ["W"], "colors": ["W"], "convertedManaCost": 2.0, "count": 2, "edhrecRank": 23071, "edhrecSaltiness": 0.06, "finishes": ["nonfoil", "foil"], "flavorText": "The Mercadians were prepared for the guard, but the guard was even more prepared for the Mercadians.", "foreignData": [{"identifiers": {"scryfallId": "75dbbc3a-d3cf-4d60-ad3b-a1c062629aaf"}, "language": "German", "name": "Standhafte Wache", "text": "Die Standhafte Wache wird beim Angreifen nicht getappt.", "type": "Kreatur — Rebell"}, {"identifiers": {"scryfallId": "00c0b03a-e26f-4627-a665-c64cb3c3d37b"}, "language": "Spanish", "name": "Guardia resuelto"}, {"identifiers": {"scryfallId": "290df98a-caf0-437c-b150-3a5a568e83d8"}, "language": "French", "name": "Garde inébranlable"}, {"identifiers": {"scryfallId": "04f6c488-537e-4e98-bf29-edd72175ffcf"}, "language": "Italian", "name": "Guardia Risoluta"}, {"identifiers": {"scryfallId": "2fb19af4-2052-4ae3-80f6-276bfd7cee0b"}, "language": "Japanese", "name": "不動の守備兵"}, {"identifiers": {"scryfallId": "8c59f930-2d72-4b9e-a1be-9993cea4d579"}, "language": "Portuguese (Brazil)", "name": "Guarda Ferrenha"}], "frameVersion": "1997", "hasFoil": true, "hasNonFoil": true, "identifiers": {"cardsphereFoilId": "30002", "cardsphereId": "30003", "mcmId": "11423", "mcmMetaId": "5593", "mtgjsonV4Id": "8abbd829-b1cd-567b-93cf-4ec93b75f23f", "mtgoFoilId": "13558", "mtgoId": "13557", "multiverseId": "19780", "scryfallCardBackId": "0aeebaf5-8c7d-4636-9e82-8c27447861f7", "scryfallId": "6381774b-fb91-46cc-9bf6-6eeb4d67a165", "scryfallIllustrationId": "5ffa604e-6f96-498b-96c0-4c7a19674026", "scryfallOracleId": "0c3b3c04-017d-4741-90c8-4b6c0bd46e49", "tcgplayerProductId": "6717"}, "isFoil": false, "keywords": ["Vigilance"], "language": "English", "layout": "normal", "legalities": {"commander": "Legal", "duel": "Legal", "legacy": "Legal", "modern": "Legal", "oathbreaker": "Legal", "pauper": "Legal", "paupercommander": "Legal", "penny": "Legal", "predh": "Legal", "premodern": "Legal", "vintage": "Legal"}, "manaCost": "{W}{W}", "manaValue": 2.0, "name": "Steadfast Guard", "number": "50", "originalText": "Attacking doesn't cause Steadfast Guard to tap.", "originalType": "Creature - Rebel", "power": "2", "printings": ["10E", "MMQ"], "purchaseUrls": {"cardmarket": "https://mtgjson.com/links/4c9df0e00891bf3c", "tcgplayer": "https://mtgjson.com/links/0a34128653800dbe"}, "rarity": "common", "setCode": "MMQ", "sourceProducts": {"foil": ["0bb27b60-13c3-5d37-9151-e138b17788fd", "65bc1540-791e-5561-b050-658c4e65e28f"], "nonfoil": ["1c7870eb-5ce3-5be0-b0fb-644bfe832d14", "65bc1540-791e-5561-b050-658c4e65e28f", "903c2f25-4c12-52ff-bc5d-2f3cc1990081"]}, "subtypes": ["Human", "Rebel"], "supertypes": [], "text": "Vigilance (Attacking doesn't cause this creature to tap.)", "toughness": "2", "type": "Creature — Human Rebel", "types": ["Creature"], "uuid": "d3e6c48a-861a-5282-8a7f-efe8d89c824b"}, {"artist": "Don Hazeltine", "artistIds": ["b4117364-73af-47e5-8cf0-901eeea09e01"], "availability": ["mtgo", "paper"], "boosterTypes": ["default"], "borderColor": "black", "colorIdentity": ["W"], "colors": ["W"], "convertedManaCost": 3.0, "count": 2, "edhrecRank": 17096, "edhrecSaltiness": 0.3, "finishes": ["nonfoil", "foil"], "flavorText": "The Cho-Arrim fought Mercadia's decadence with more than just swords.", "foreignData": [{"identifiers": {"scryfallId": "9c3ed740-9aab-47b7-9dbc-a44349476dd8"}, "language": "German", "name": "Devote Zeugin", "text": "{1}{W},{T}, wirf eine Karte aus Deiner Hand ab: Zerstöre ein Artefakt oder einer Verzauberung Deiner Wahl.", "type": "Kreatur — Spruchwandler"}, {"identifiers": {"scryfallId": "1b423c3f-ed78-4c35-9e35-849f4b59ec07"}, "language": "Spanish", "name": "Testigo devota"}, {"identifiers": {"scryfallId": "8f25eb1b-4fcd-47f1-9385-4fe22feec8bf"}, "language": "French", "name": "Témoin sincère"}, {"identifiers": {"scryfallId": "331d34a4-b23a-403e-a3aa-d11b47be2509"}, "language": "Italian", "name": "Testimone Devota"}, {"identifiers": {"scryfallId": "2813e722-170c-4f6d-896e-2d6993d16957"}, "language": "Japanese", "name": "誠実な証人"}, {"identifiers": {"scryfallId": "64431499-d8cc-4f65-828e-815046d67425"}, "language": "Portuguese (Brazil)", "name": "Testemunha Devota"}], "frameVersion": "1997", "hasFoil": true, "hasNonFoil": true, "identifiers": {"cardsphereFoilId": "29586", "cardsphereId": "29587", "mcmId": "11390", "mcmMetaId": "1476", "mtgjsonV4Id": "62ecfea7-0558-5eea-ba0a-53630729ce59", "mtgoFoilId": "13322", "mtgoId": "13321", "multiverseId": "19536", "scryfallCardBackId": "0aeebaf5-8c7d-4636-9e82-8c27447861f7", "scryfallId": "48ca7aeb-09db-4409-9ba2-c5c5500ad72f", "scryfallIllustrationId": "3eec8b98-d2ef-40db-864b-b6dbf99fb75d", "scryfallOracleId": "83647f5b-2b0f-4f9d-83c5-75c52460f35b", "tcgplayerProductId": "6509"}, "isFoil": false, "language": "English", "layout": "normal", "legalities": {"commander": "Legal", "duel": "Legal", "legacy": "Legal", "oathbreaker": "Legal", "pauper": "Legal", "paupercommander": "Legal", "penny": "Legal", "predh": "Legal", "premodern": "Legal", "vintage": "Legal"}, "manaCost": "{2}{W}", "manaValue": 3.0, "name": "Devout Witness", "number": "17", "originalText": "o1o\nW, oc\nT, Discard a card from your hand: Destroy target artifact or enchantment.", "originalType": "Creature - Spellshaper", "power": "2", "printings": ["MMQ", "PLST", "VMA"], "purchaseUrls": {"cardmarket": "https://mtgjson.com/links/fb243f4194b972be", "tcgplayer": "https://mtgjson.com/links/03486054a995b62f"}, "rarity": "common", "setCode": "MMQ", "sourceProducts": {"foil": ["0bb27b60-13c3-5d37-9151-e138b17788fd", "65bc1540-791e-5561-b050-658c4e65e28f"], "nonfoil": ["1c7870eb-5ce3-5be0-b0fb-644bfe832d14", "65bc1540-791e-5561-b050-658c4e65e28f", "903c2f25-4c12-52ff-bc5d-2f3cc1990081", "ef1e5269-bf1a-5f68-90b2-9db62e7845a2"]}, "subtypes": ["Human", "Spellshaper"], "supertypes": [], "text": "{1}{W}, {T}, Discard a card: Destroy target artifact or enchantment.", "toughness": "2", "type": "Creature — Human Spellshaper", "types": ["Creature"], "uuid": "f17a0ae5-41dc-56e6-97c3-e2608287b539"}, {"artist": "Randy Gallegos", "artistIds": ["a5048cc7-438a-4378-98e4-da99b78e1db0"], "availability": ["mtgo", "paper"], "boosterTypes": ["default"], "borderColor": "black", "colorIdentity": ["W"], "colors": ["W"], "convertedManaCost": 3.0, "count": 2, "edhrecRank": 20694, "finishes": ["nonfoil", "foil"], "flavorText": "Once you learn to float on the shadows, you'll never fear them again.", "foreignData": [{"identifiers": {"scryfallId": "60826a28-a431-4d95-94e7-af561297b733"}, "language": "German", "name": "Nachtwindreiter", "text": "Fliegend, Schutz vor Schwarz", "type": "Kreatur — Rebell"}, {"identifiers": {"scryfallId": "6a9c3e1d-e9ba-4e54-a6f9-28f5520e9947"}, "language": "Spanish", "name": "Planeador del viento nocturno"}, {"identifiers": {"scryfallId": "dcc3872b-e660-46ad-adfb-998195f20443"}, "language": "French", "name": "Planeur du vent nocturne"}, {"identifiers": {"scryfallId": "cb042c40-f206-4746-9f0c-69f6ad37f000"}, "language": "Italian", "name": "Aliante del Vento Notturno"}, {"identifiers": {"scryfallId": "3a6cd69b-6e85-429d-979b-1fc154eee145"}, "language": "Japanese", "name": "夜風の滑空者"}, {"identifiers": {"scryfallId": "1d27ca69-0894-4bfc-8f47-2f240f4bd5ea"}, "language": "Portuguese (Brazil)", "name": "Planador do Vento Noturno"}], "frameVersion": "1997", "hasFoil": true, "hasNonFoil": true, "identifiers": {"cardsphereFoilId": "29814", "cardsphereId": "29815", "mcmId": "11404", "mcmMetaId": "3899", "mtgjsonV4Id": "13481ae2-bea4-595b-9a78-a6927d3eb8ab", "mtgoFoilId": "13250", "mtgoId": "13249", "multiverseId": "19544", "scryfallCardBackId": "0aeebaf5-8c7d-4636-9e82-8c27447861f7", "scryfallId": "0968401d-522f-4def-92a1-d504471ac54e", "scryfallIllustrationId": "87d55f96-1025-4bf5-bc12-abc383b2f07c", "scryfallOracleId": "9a642db9-c337-481c-b260-11e01f64e68e", "tcgplayerProductId": "6623"}, "isFoil": false, "keywords": ["Flying", "Protection"], "language": "English", "layout": "normal", "legalities": {"commander": "Legal", "duel": "Legal", "legacy": "Legal", "oathbreaker": "Legal", "pauper": "Legal", "paupercommander": "Legal", "predh": "Legal", "premodern": "Legal", "vintage": "Legal"}, "manaCost": "{2}{W}", "manaValue": 3.0, "name": "Nightwind Glider", "number": "31", "originalText": "Flying, protection from black", "originalType": "Creature - Rebel", "power": "2", "printings": ["MMQ", "PLST"], "purchaseUrls": {"cardmarket": "https://mtgjson.com/links/fada7c1cb43704da", "tcgplayer": "https://mtgjson.com/links/ec5dea8413659aca"}, "rarity": "common", "setCode": "MMQ", "sourceProducts": {"foil": ["0bb27b60-13c3-5d37-9151-e138b17788fd", "65bc1540-791e-5561-b050-658c4e65e28f"], "nonfoil": ["1c7870eb-5ce3-5be0-b0fb-644bfe832d14", "65bc1540-791e-5561-b050-658c4e65e28f", "903c2f25-4c12-52ff-bc5d-2f3cc1990081"]}, "subtypes": ["Human", "Rebel"], "supertypes": [], "text": "Flying, protection from black", "toughness": "1", "type": "Creature — Human Rebel", "types": ["Creature"], "uuid": "756c3036-044f-5cdb-bda7-6a2d529111ee"}, {"artist": "Gary Ruddell", "artistIds": ["086111c7-93f0-4bab-b339-6fe1c00d693c"], "availability": ["mtgo", "paper"], "boosterTypes": ["default"], "borderColor": "black", "colorIdentity": ["W"], "colors": ["W"], "convertedManaCost": 3.0, "count": 2, "edhrecRank": 19767, "edhrecSaltiness": 0.12, "finishes": ["nonfoil", "foil"], "flavorText": "They are the reflection of Rushwood's glow on the edge of a wooden sword.", "foreignData": [{"identifiers": {"scryfallId": "f2013748-be6f-488d-9030-4252a45958f7"}, "language": "German", "name": "Eingreiftruppe", "text": "Immer wenn die Eingreiftruppe das Ziel eines Zauberspruchs oder einer Fähigkeit wird, erhält sie +0/+3 bis zum Ende des Zuges.", "type": "Kreatur — Rebell"}, {"identifiers": {"scryfallId": "5043b304-8373-4a6a-be1a-d07ff3e1ce9a"}, "language": "Spanish", "name": "Fuerza operante"}, {"identifiers": {"scryfallId": "99bc572a-1053-4bd2-bc62-b19131739acc"}, "language": "French", "name": "Détachement spécial"}, {"identifiers": {"scryfallId": "7624e1de-a603-4b03-a25a-3ad9c12e1d77"}, "language": "Italian", "name": "Task Force"}, {"identifiers": {"scryfallId": "6ae9f408-14f2-4036-b2e4-67f0123e0f0a"}, "language": "Japanese", "name": "特別工作班"}, {"identifiers": {"scryfallId": "73774a2b-e2b5-4e1f-9e49-de3fe33f6eb5"}, "language": "Portuguese (Brazil)", "name": "Força Tarefa"}], "frameVersion": "1997", "hasFoil": true, "hasNonFoil": true, "identifiers": {"cardsphereFoilId": "30024", "cardsphereId": "30025", "mcmId": "11425", "mcmMetaId": "5826", "mtgjsonV4Id": "8e1c5920-e62c-5ad2-915d-44a5f90b0ad9", "mtgoFoilId": "13566", "mtgoId": "13565", "multiverseId": "19545", "scryfallCardBackId": "0aeebaf5-8c7d-4636-9e82-8c27447861f7", "scryfallId": "17a58c5b-28c2-4261-992c-2ecadb721880", "scryfallIllustrationId": "938a1166-7203-4cff-9061-01473b2f2894", "scryfallOracleId": "b80415cd-5887-4146-852e-73119fcd3ec6", "tcgplayerProductId": "6728"}, "isFoil": false, "language": "English", "layout": "normal", "legalities": {"commander": "Legal", "duel": "Legal", "legacy": "Legal", "oathbreaker": "Legal", "pauper": "Legal", "paupercommander": "Legal", "predh": "Legal", "premodern": "Legal", "vintage": "Legal"}, "manaCost": "{2}{W}", "manaValue": 3.0, "name": "Task Force", "number": "52", "originalText": "Whenever Task Force becomes the target of a spell or ability, it gets +0/+3 until end of turn.", "originalType": "Creature - Rebel", "power": "1", "printings": ["J22", "MMQ"], "purchaseUrls": {"cardmarket": "https://mtgjson.com/links/f2b0e2330dbe3d17", "tcgplayer": "https://mtgjson.com/links/2a00d9f9a06e37d3"}, "rarity": "common", "rulings": [{"date": "2004-10-04", "text": "The +0/+3 bonus is added as a triggered ability upon the casting/activating of a spell or ability which targets this card."}], "setCode": "MMQ", "sourceProducts": {"foil": ["0bb27b60-13c3-5d37-9151-e138b17788fd", "65bc1540-791e-5561-b050-658c4e65e28f"], "nonfoil": ["1c7870eb-5ce3-5be0-b0fb-644bfe832d14", "65bc1540-791e-5561-b050-658c4e65e28f", "903c2f25-4c12-52ff-bc5d-2f3cc1990081"]}, "subtypes": ["Human", "Rebel"], "supertypes": [], "text": "Whenever Task Force becomes the target of a spell or ability, it gets +0/+3 until end of turn.", "toughness": "3", "type": "Creature — Human Rebel", "types": ["Creature"], "uuid": "1a36b8c1-01e9-5913-953f-ac0316853c05"}, {"artist": "Mark Zug", "artistIds": ["48e2b98c-5467-4671-bd42-4c3746115117"], "availability": ["mtgo", "paper"], "boosterTypes": ["default"], "borderColor": "black", "colorIdentity": ["W"], "colors": ["W"], "convertedManaCost": 3.0, "count": 2, "edhrecRank": 20766, "edhrecSaltiness": 0.07, "finishes": ["nonfoil", "foil"], "flavorText": "\"The Mercadians are too busy looking down on us to see us coming.\"\n—Cho-Arrim rebel", "foreignData": [{"identifiers": {"scryfallId": "c81cc7a1-6053-40dc-95b2-4ee80a2c8a79"}, "language": "German", "name": "Böengleiter", "text": "Fliegend, Schutz vor Rot", "type": "Kreatur — Rebell"}, {"identifiers": {"scryfallId": "172e396e-fd52-487b-a7a3-45f68d4e6140"}, "language": "Spanish", "name": "Planeador de termales"}, {"identifiers": {"scryfallId": "f66dce77-af23-44be-9cd1-adba52eb1ce4"}, "language": "French", "name": "Planeur thermique"}, {"identifiers": {"scryfallId": "38061444-5d6d-4107-8d69-ba3ce24727fb"}, "language": "Italian", "name": "Aliante Termico"}, {"identifiers": {"scryfallId": "04ed5d37-55ec-443b-8a00-75f07394dd48"}, "language": "Japanese", "name": "熱風の滑空者"}, {"identifiers": {"scryfallId": "dcfe5377-1797-4266-8e50-56cf122c4ce0"}, "language": "Portuguese (Brazil)", "name": "Planador do Vento Termal"}], "frameVersion": "1997", "hasFoil": true, "hasNonFoil": true, "identifiers": {"cardsphereFoilId": "30030", "cardsphereId": "30031", "mcmId": "11426", "mcmMetaId": "5932", "mtgjsonV4Id": "c5e3884f-3ada-5314-bf17-df2029743be8", "mtgoFoilId": "13698", "mtgoId": "13697", "multiverseId": "19537", "scryfallCardBackId": "0aeebaf5-8c7d-4636-9e82-8c27447861f7", "scryfallId": "fd909c26-930d-4af0-b19a-c899847338b4", "scryfallIllustrationId": "fe454dbf-d019-44ac-baa2-11be23d61580", "scryfallOracleId": "cbe5c74b-1006-4c63-8b46-e06b61e6fe02", "tcgplayerProductId": "6731"}, "isFoil": false, "keywords": ["Flying", "Protection"], "language": "English", "layout": "normal", "legalities": {"commander": "Legal", "duel": "Legal", "legacy": "Legal", "oathbreaker": "Legal", "pauper": "Legal", "paupercommander": "Legal", "predh": "Legal", "premodern": "Legal", "vintage": "Legal"}, "manaCost": "{2}{W}", "manaValue": 3.0, "name": "Thermal Glider", "number": "53", "originalText": "Flying, protection from red", "originalType": "Creature - Rebel", "power": "2", "printings": ["MMQ"], "purchaseUrls": {"cardmarket": "https://mtgjson.com/links/c93d9f2156481fff", "tcgplayer": "https://mtgjson.com/links/2173cc552e0aea71"}, "rarity": "common", "setCode": "MMQ", "sourceProducts": {"foil": ["0bb27b60-13c3-5d37-9151-e138b17788fd", "65bc1540-791e-5561-b050-658c4e65e28f"], "nonfoil": ["1c7870eb-5ce3-5be0-b0fb-644bfe832d14", "65bc1540-791e-5561-b050-658c4e65e28f", "903c2f25-4c12-52ff-bc5d-2f3cc1990081"]}, "subtypes": ["Human", "Rebel"], "supertypes": [], "text": "Flying, protection from red", "toughness": "1", "type": "Creature — Human Rebel", "types": ["Creature"], "uuid": "fd6d2580-e843-549d-966f-a9c9b5cfd371"}, {"artist": "Matthew D. Wilson", "artistIds": ["4fbafd13-0cf9-42a1-870d-7f8ea276f140"], "availability": ["mtgo", "paper"], "boosterTypes": ["default"], "borderColor": "black", "colorIdentity": ["W"], "colors": ["W"], "convertedManaCost": 3.0, "count": 2, "edhrecRank": 17661, "edhrecSaltiness": 0.08, "finishes": ["nonfoil", "foil"], "flavorText": "The Cho-Arrim believe in leading by example.", "foreignData": [{"identifiers": {"scryfallId": "752fba93-f86c-424d-a0a4-cd95199e8448"}, "language": "German", "name": "Ramosischer Hauptmann", "text": "Erstschlag\n5, {T}: Durchsuche Deine Bibliothek nach einer Rebellenkarte mit umgewandelten Manakosten von 4 oder weniger und bringe diese Karte ins Spiel. Mische danach Deine Bibliothek.", "type": "Kreatur — Rebell"}, {"identifiers": {"scryfallId": "9fd0c25e-a957-43e1-b11b-a596214a17ee"}, "language": "Spanish", "name": "Capitana ramosiana"}, {"identifiers": {"scryfallId": "5d4a0b59-c312-4665-9d32-47248c9e91d5"}, "language": "French", "name": "Capitaine ramosienne"}, {"identifiers": {"scryfallId": "8b72b0d6-15bc-44a2-b389-5afb605ec9f8"}, "language": "Italian", "name": "Capitano Ramosiano"}, {"identifiers": {"scryfallId": "24524271-066f-402b-8b6f-e3f7bd2aa0cc"}, "language": "Japanese", "name": "レイモス教の隊長"}, {"identifiers": {"scryfallId": "e6853358-f914-4b83-968f-432ef1e0256e"}, "language": "Portuguese (Brazil)", "name": "Capitão Ramosiano"}], "frameVersion": "1997", "hasFoil": true, "hasNonFoil": true, "identifiers": {"cardsphereFoilId": "29862", "cardsphereId": "29863", "mcmId": "11408", "mcmMetaId": "4494", "mtgjsonV4Id": "678bf2fe-23bf-5885-b73d-88cea3cc5bc9", "mtgoFoilId": "13684", "mtgoId": "13683", "multiverseId": "19782", "scryfallCardBackId": "0aeebaf5-8c7d-4636-9e82-8c27447861f7", "scryfallId": "0e9d2e2a-c608-4787-bbd9-e1871f681b58", "scryfallIllustrationId": "9370cad4-c8a7-4893-9d7c-5b3f1d51d4ee", "scryfallOracleId": "30255f36-2e26-4990-8b54-27f38130d45b", "tcgplayerProductId": "6647"}, "isFoil": false, "keywords": ["First strike"], "language": "English", "layout": "normal", "legalities": {"commander": "Legal", "duel": "Legal", "legacy": "Legal", "oathbreaker": "Legal", "paupercommander": "Restricted", "predh": "Legal", "premodern": "Legal", "vintage": "Legal"}, "manaCost": "{1}{W}{W}", "manaValue": 3.0, "name": "Ramosian Captain", "number": "35", "originalText": "First strike\no5, oc\nT: Search your library for a Rebel card with converted mana cost 4 or less and put that card into play. Then shuffle your library.", "originalType": "Creature - Rebel", "power": "2", "printings": ["MMQ"], "purchaseUrls": {"cardmarket": "https://mtgjson.com/links/cec63896ab2f7305", "tcgplayer": "https://mtgjson.com/links/ad25046772de949c"}, "rarity": "uncommon", "rulings": [{"date": "2004-10-04", "text": "Because the “search” requires you to find a card with certain characteristics, you don’t have to find the card if you don’t want to."}], "setCode": "MMQ", "sourceProducts": {"foil": ["65bc1540-791e-5561-b050-658c4e65e28f"], "nonfoil": ["1c7870eb-5ce3-5be0-b0fb-644bfe832d14", "65bc1540-791e-5561-b050-658c4e65e28f", "903c2f25-4c12-52ff-bc5d-2f3cc1990081"]}, "subtypes": ["Human", "Rebel"], "supertypes": [], "text": "First strike\n{5}, {T}: Search your library for a Rebel permanent card with mana value 4 or less, put it onto the battlefield, then shuffle.", "toughness": "2", "type": "Creature — Human Rebel", "types": ["Creature"], "uuid": "f964f5f5-8100-5398-bd4a-eb153ab0d893"}, {"artist": "Matthew D. Wilson", "artistIds": ["4fbafd13-0cf9-42a1-870d-7f8ea276f140"], "availability": ["mtgo", "paper"], "boosterTypes": ["default"], "borderColor": "black", "colorIdentity": ["W"], "colors": ["W"], "convertedManaCost": 4.0, "count": 2, "edhrecRank": 19570, "finishes": ["nonfoil", "foil"], "flavorText": "The perfect antidote for a tightly packed formation.", "foreignData": [{"identifiers": {"scryfallId": "beb56e66-4571-49ed-8dda-b92d60c06518"}, "language": "German", "name": "Ballistaeinheit", "text": "X{W},{T}: Die Ballistaeinheit fügt einer angreifenden oder blockenden Kreatur Deiner Wahl X Schadenspunkte zu.", "type": "Kreatur — Rebell"}, {"identifiers": {"scryfallId": "829c633c-2072-44c8-8259-a389232a2866"}, "language": "Spanish", "name": "Escuadra de ballesta"}, {"identifiers": {"scryfallId": "f31f5bea-c256-4e03-98e6-e7aee7ff7347"}, "language": "French", "name": "Escouade de baliste"}, {"identifiers": {"scryfallId": "d2166b88-c034-41ad-addc-84f47c6d3ac9"}, "language": "Italian", "name": "Unità Balista"}, {"identifiers": {"scryfallId": "0eb92a9e-9ea1-4231-b536-a8d84ebfd254"}, "language": "Japanese", "name": "バリスタ班"}, {"identifiers": {"scryfallId": "5d23588d-b001-4228-a774-493f6cc1d654"}, "language": "Portuguese (Brazil)", "name": "Esquadrão de Balista"}], "frameVersion": "1997", "hasFoil": true, "hasNonFoil": true, "identifiers": {"cardsphereFoilId": "29428", "cardsphereId": "29429", "mcmId": "11378", "mcmMetaId": "423", "mtgjsonV4Id": "9f342714-c5a1-5067-82e5-22ded9ca3714", "mtgoFoilId": "13682", "mtgoId": "13681", "multiverseId": "19781", "scryfallCardBackId": "0aeebaf5-8c7d-4636-9e82-8c27447861f7", "scryfallId": "30d51d84-23d2-41ff-ab68-a633beddba06", "scryfallIllustrationId": "8464353d-099c-47ba-a0eb-e08b7b76b464", "scryfallOracleId": "5973725c-6e1f-4d7e-bcef-3d867ea4c244", "tcgplayerProductId": "6430"}, "isFoil": false, "language": "English", "layout": "normal", "legalities": {"commander": "Legal", "duel": "Legal", "legacy": "Legal", "modern": "Legal", "oathbreaker": "Legal", "paupercommander": "Restricted", "penny": "Legal", "predh": "Legal", "premodern": "Legal", "vintage": "Legal"}, "manaCost": "{3}{W}", "manaValue": 4.0, "name": "Ballista Squad", "number": "5", "originalText": "o\nXo\nW, oc\nT: Ballista Squad deals X damage to target attacking or blocking creature.", "originalType": "Creature - Rebel", "power": "2", "printings": ["10E", "9ED", "MMQ"], "purchaseUrls": {"cardmarket": "https://mtgjson.com/links/4b1a891c2fcf9401", "tcgplayer": "https://mtgjson.com/links/270d4f40d992eed5"}, "rarity": "uncommon", "setCode": "MMQ", "sourceProducts": {"foil": ["65bc1540-791e-5561-b050-658c4e65e28f"], "nonfoil": ["1c7870eb-5ce3-5be0-b0fb-644bfe832d14", "65bc1540-791e-5561-b050-658c4e65e28f", "903c2f25-4c12-52ff-bc5d-2f3cc1990081", "9b346acb-9926-5314-86b5-7b0436c5cadb", "ef1e5269-bf1a-5f68-90b2-9db62e7845a2"]}, "subtypes": ["Human", "Rebel"], "supertypes": [], "text": "{X}{W}, {T}: Ballista Squad deals X damage to target attacking or blocking creature.", "toughness": "2", "type": "Creature — Human Rebel", "types": ["Creature"], "uuid": "b23bd8f5-11f8-5a21-893f-bd062a540e03"}, {"artist": "Jeff Miracola", "artistIds": ["9b465bde-3656-4495-ace4-af4ce29999ed"], "availability": ["mtgo", "paper"], "boosterTypes": ["default"], "borderColor": "black", "colorIdentity": ["W"], "colors": ["W"], "convertedManaCost": 4.0, "count": 2, "edhrecRank": 21314, "finishes": ["nonfoil", "foil"], "flavorText": "The Cho-Arrim make no distinction between healers and soldiers.", "foreignData": [{"identifiers": {"scryfallId": "09c032ec-85fa-4fd1-b04c-950b27cd6e58"}, "language": "German", "name": "Frommer Streiter", "text": "Immer wenn dem Frommen Streiter Kampfschaden zugefügt wird, erhältst Du für jeden so zugefügten Schadenspunkt 1 Lebenspunkt dazu.", "type": "Kreatur — Rebell"}, {"identifiers": {"scryfallId": "2a161796-f63f-459b-8aee-2bd6c19ddc57"}, "language": "Spanish", "name": "Guerrero digno"}, {"identifiers": {"scryfallId": "d5f51620-e878-413c-b075-fcb39237ff58"}, "language": "French", "name": "Pieux guerrier"}, {"identifiers": {"scryfallId": "c96bb3e2-8dd9-4e7f-b152-8a8ccbf9a9e2"}, "language": "Italian", "name": "Guerriero Devoto"}, {"identifiers": {"scryfallId": "509db405-f091-4b3e-b27c-014a2bb45066"}, "language": "Japanese", "name": "敬虔な戦士"}, {"identifiers": {"scryfallId": "83fd5c80-ac76-4aab-91f3-f87b0fdf573a"}, "language": "Portuguese (Brazil)", "name": "Guerreiro Pio"}], "frameVersion": "1997", "hasFoil": true, "hasNonFoil": true, "identifiers": {"cardsphereFoilId": "29832", "cardsphereId": "29833", "mcmId": "11407", "mcmMetaId": "4230", "mtgjsonV4Id": "7ad81902-fe94-5b80-9c6c-0f85d556ba07", "mtgoFoilId": "13414", "mtgoId": "13413", "multiverseId": "19552", "scryfallCardBackId": "0aeebaf5-8c7d-4636-9e82-8c27447861f7", "scryfallId": "bc20c1f0-9883-484c-88d8-1cab08d0b210", "scryfallIllustrationId": "c4164183-2d0c-4c6c-b21f-0a8ba82c15d4", "scryfallOracleId": "163e5482-700c-4d91-b70c-9170cc8f1ad2", "tcgplayerProductId": "6632"}, "isFoil": false, "language": "English", "layout": "normal", "legalities": {"commander": "Legal", "duel": "Legal", "legacy": "Legal", "oathbreaker": "Legal", "pauper": "Legal", "paupercommander": "Legal", "predh": "Legal", "premodern": "Legal", "vintage": "Legal"}, "manaCost": "{3}{W}", "manaValue": 4.0, "name": "Pious Warrior", "number": "34", "originalText": "Whenever Pious Warrior is dealt combat damage, you gain that much life.", "originalType": "Creature - Rebel", "power": "2", "printings": ["MMQ"], "purchaseUrls": {"cardmarket": "https://mtgjson.com/links/9fe7c4ef5d818e34", "tcgplayer": "https://mtgjson.com/links/4973615adf8fbf4d"}, "rarity": "common", "setCode": "MMQ", "sourceProducts": {"foil": ["0bb27b60-13c3-5d37-9151-e138b17788fd", "65bc1540-791e-5561-b050-658c4e65e28f"], "nonfoil": ["1c7870eb-5ce3-5be0-b0fb-644bfe832d14", "65bc1540-791e-5561-b050-658c4e65e28f", "903c2f25-4c12-52ff-bc5d-2f3cc1990081"]}, "subtypes": ["Human", "Rebel", "Warrior"], "supertypes": [], "text": "Whenever Pious Warrior is dealt combat damage, you gain that much life.", "toughness": "3", "type": "Creature — Human Rebel Warrior", "types": ["Creature"], "uuid": "ec803ebf-1403-5a13-9581-5dae806a340b"}, {"artist": "Greg Hildebrandt & Tim Hildebrandt", "artistIds": ["020f967b-0d2f-4166-aabe-901dba8bc7ec", "caa7228c-f74c-4145-91fb-1af8d623c353"], "availability": ["mtgo", "paper"], "boosterTypes": ["default"], "borderColor": "black", "colorIdentity": ["W"], "colors": ["W"], "convertedManaCost": 4.0, "count": 1, "edhrecRank": 15768, "edhrecSaltiness": 0.5, "finishes": ["nonfoil", "foil"], "flavorText": "\"Mercadia's masks can no longer hide the truth. Our day has come at last.\"\n—Cho-Manno", "foreignData": [{"identifiers": {"scryfallId": "7021d213-dbef-4720-a37c-5437067c1863"}, "language": "German", "name": "Cho-Manno", "text": "Verhindere allen Schaden, der Cho-Manno zugefügt wird.", "type": "Kreatur — Rebell, Legende"}, {"identifiers": {"scryfallId": "eb9783e3-3949-4629-87b2-37d2084a1e38"}, "language": "Spanish", "name": "Cho-Manno, Revolucionario"}, {"identifiers": {"scryfallId": "661e25dc-f282-43ae-a78c-a55e0f9311ef"}, "language": "French", "name": "Cho-manno, révolutionnaire"}, {"identifiers": {"scryfallId": "0dfb2a14-5e86-4f5f-9123-e7d585708b30"}, "language": "Italian", "name": "Cho-Manno, Rivoluzionario"}, {"identifiers": {"scryfallId": "5cccc37a-59cb-46a9-a8f4-77b6c1132a4c"}, "language": "Japanese", "name": "革命家チョー＝マノ"}, {"identifiers": {"scryfallId": "064bca48-94dc-4518-9fe9-f19c21bc9111"}, "language": "Portuguese (Brazil)", "name": "Cho-Manno, Revolucinário"}], "frameVersion": "1997", "hasFoil": true, "hasNonFoil": true, "identifiers": {"cardsphereFoilId": "29514", "cardsphereId": "29515", "mcmId": "11384", "mcmMetaId": "971", "mtgjsonV4Id": "8848e19b-2564-52db-908d-017c95f2a1a7", "mtgoFoilId": "13704", "mtgoId": "13703", "multiverseId": "20411", "scryfallCardBackId": "0aeebaf5-8c7d-4636-9e82-8c27447861f7", "scryfallId": "3dc51393-de63-4ce3-ab02-c695e4448018", "scryfallIllustrationId": "429ee217-0a62-4dcb-a439-e4fe80973d32", "scryfallOracleId": "91af5e35-b3b8-43ce-b1ea-997ed74e4ad2", "tcgplayerProductId": "6472"}, "isFoil": false, "language": "English", "layout": "normal", "leadershipSkills": {"brawl": false, "commander": true, "oathbreaker": false}, "legalities": {"commander": "Legal", "duel": "Legal", "legacy": "Legal", "modern": "Legal", "oathbreaker": "Legal", "penny": "Legal", "predh": "Legal", "premodern": "Legal", "vintage": "Legal"}, "manaCost": "{2}{W}{W}", "manaValue": 4.0, "name": "Cho-Manno, Revolutionary", "number": "11", "originalText": "Prevent all damage that would be dealt to Cho-Manno, Revolutionary.", "originalType": "Creature - Rebel Legend", "power": "2", "printings": ["10E", "MMQ", "PS11"], "purchaseUrls": {"cardmarket": "https://mtgjson.com/links/ac947fc3ba02d2bd", "tcgplayer": "https://mtgjson.com/links/7133534097b150d1"}, "rarity": "rare", "setCode": "MMQ", "sourceProducts": {"foil": ["65bc1540-791e-5561-b050-658c4e65e28f"], "nonfoil": ["1c7870eb-5ce3-5be0-b0fb-644bfe832d14", "65bc1540-791e-5561-b050-658c4e65e28f", "903c2f25-4c12-52ff-bc5d-2f3cc1990081"]}, "subtypes": ["Human", "Rebel"], "supertypes": ["Legendary"], "text": "Prevent all damage that would be dealt to Cho-Manno, Revolutionary.", "toughness": "2", "type": "Legendary Creature — Human Rebel", "types": ["Creature"], "uuid": "e35ff5d9-96da-5cc2-b16f-fcada63d68c4"}, {"artist": "Scott Hampton", "artistIds": ["1675947d-e663-4200-a6ce-5ad7bb3c83b1"], "availability": ["mtgo", "paper"], "boosterTypes": ["default"], "borderColor": "black", "colorIdentity": ["W"], "colors": ["W"], "convertedManaCost": 4.0, "count": 2, "edhrecRank": 18854, "edhrecSaltiness": 0.12, "finishes": ["nonfoil", "foil"], "flavorText": "\"Cho-Manno guides your spirit. I guide your sword.\"", "foreignData": [{"identifiers": {"scryfallId": "83c340a1-b0d0-4033-a01b-47eff553d398"}, "language": "German", "name": "Ramosischer Kommandant", "text": "6, {T}: Durchsuche Deine Bibliothek nach einer Rebellenkarte mit umgewandelten Manakosten von 5 oder weniger und bringe diese Karte ins Spiel.\nMische danach Deine Bibliothek.", "type": "Kreatur — Rebell"}, {"identifiers": {"scryfallId": "ab23ef90-398d-440c-86bd-6d9863dddef6"}, "language": "Spanish", "name": "Comandante ramosiano"}, {"identifiers": {"scryfallId": "6b561687-cf1e-49f7-a908-ab54e0fb12b2"}, "language": "French", "name": "Commandant ramosien"}, {"identifiers": {"scryfallId": "00122def-3c45-4ed9-b549-6e2286291595"}, "language": "Italian", "name": "Comandante Ramosiano"}, {"identifiers": {"scryfallId": "e801eb0b-8124-4d31-bab2-9d15460776b2"}, "language": "Japanese", "name": "レイモス教の団長"}, {"identifiers": {"scryfallId": "efa62436-3d51-47d9-ade7-585f0d2e623f"}, "language": "Portuguese (Brazil)", "name": "Comandante Ramosiano"}], "frameVersion": "1997", "hasFoil": true, "hasNonFoil": true, "identifiers": {"cardsphereFoilId": "29864", "cardsphereId": "29865", "mcmId": "11409", "mcmMetaId": "4495", "mtgjsonV4Id": "81be6566-1987-5c1e-98e6-84c3d2200cad", "mtgoFoilId": "13320", "mtgoId": "13319", "multiverseId": "20848", "scryfallCardBackId": "0aeebaf5-8c7d-4636-9e82-8c27447861f7", "scryfallId": "867f5d82-71c2-455f-ab16-5a32bba46986", "scryfallIllustrationId": "de0c51df-c9cd-459e-a8ef-e506c06bc25b", "scryfallOracleId": "05baf38c-677a-42e3-bb8c-a52a0a478984", "tcgplayerProductId": "6648"}, "isFoil": false, "language": "English", "layout": "normal", "legalities": {"commander": "Legal", "duel": "Legal", "legacy": "Legal", "oathbreaker": "Legal", "paupercommander": "Restricted", "predh": "Legal", "premodern": "Legal", "vintage": "Legal"}, "manaCost": "{2}{W}{W}", "manaValue": 4.0, "name": "Ramosian Commander", "number": "36", "originalText": "o6, oc\nT: Search your library for a Rebel card with converted mana cost 5 or less and put that card into play. Then shuffle your library.", "originalType": "Creature - Rebel", "power": "2", "printings": ["MMQ"], "purchaseUrls": {"cardmarket": "https://mtgjson.com/links/bf2ded3c0dcc9e55", "tcgplayer": "https://mtgjson.com/links/b62e93b65bcb2ddb"}, "rarity": "uncommon", "rulings": [{"date": "2004-10-04", "text": "Because the “search” requires you to find a card with certain characteristics, you don’t have to find the card if you don’t want to."}], "setCode": "MMQ", "sourceProducts": {"foil": ["65bc1540-791e-5561-b050-658c4e65e28f"], "nonfoil": ["1c7870eb-5ce3-5be0-b0fb-644bfe832d14", "65bc1540-791e-5561-b050-658c4e65e28f", "903c2f25-4c12-52ff-bc5d-2f3cc1990081"]}, "subtypes": ["Human", "Rebel"], "supertypes": [], "text": "{6}, {T}: Search your library for a Rebel permanent card with mana value 5 or less, put it onto the battlefield, then shuffle.", "toughness": "4", "type": "Creature — Human Rebel", "types": ["Creature"], "uuid": "d60c0466-d164-5a36-88ef-f052e7e609b1"}, {"artist": "Scott M. Fischer", "artistIds": ["23b0cf43-3e43-44c6-8329-96446eca5bce"], "availability": ["mtgo", "paper"], "boosterTypes": ["default"], "borderColor": "black", "colorIdentity": ["W"], "colors": ["W"], "convertedManaCost": 5.0, "count": 2, "edhrecRank": 25155, "edhrecSaltiness": 0.5, "finishes": ["nonfoil", "foil"], "flavorText": "Don't be fooled by the riders' fluid grace—it takes years of practice to ride these beasts.", "foreignData": [{"identifiers": {"scryfallId": "0dafcea9-977c-4f7b-a25f-f3a2c37ec50a"}, "language": "German", "name": "Jhovallreiter", "text": "Verursacht Trampelschaden", "type": "Kreatur — Rebell"}, {"identifiers": {"scryfallId": "50b69645-4750-4b3b-9e8c-c82c4d7483ca"}, "language": "Spanish", "name": "Jinete de jhovales"}, {"identifiers": {"scryfallId": "07c26a81-38cf-41d4-8d31-91c4679d90e1"}, "language": "French", "name": "Chevaucheur de jhovall"}, {"identifiers": {"scryfallId": "46cc2bf9-cd03-4bfd-af07-842a471f7ba4"}, "language": "Italian", "name": "Cavalca-Jhovall"}, {"identifiers": {"scryfallId": "bd41c8b0-39e6-4a2e-a7dc-38b1e8c7d1d5"}, "language": "Japanese", "name": "ジョーヴァル乗り"}, {"identifiers": {"scryfallId": "9ad80d1e-b943-4cc9-af80-f59b9aafb06b"}, "language": "Portuguese (Brazil)", "name": "Ginete de Jhovall"}], "frameVersion": "1997", "hasFoil": true, "hasNonFoil": true, "identifiers": {"cardsphereFoilId": "29728", "cardsphereId": "29729", "mcmId": "11399", "mcmMetaId": "2969", "mtgjsonV4Id": "45b5293c-6413-55f9-8fb1-ccd7f2ffd3e9", "mtgoFoilId": "13224", "mtgoId": "13223", "multiverseId": "20172", "scryfallCardBackId": "0aeebaf5-8c7d-4636-9e82-8c27447861f7", "scryfallId": "7e1f7c51-0011-4ea5-b123-3c26293f5dab", "scryfallIllustrationId": "7b6c8fcf-0976-4427-8c25-c5f9a605948e", "scryfallOracleId": "84750c9a-ddf7-4ee1-b93b-3dc9ab73e4d5", "tcgplayerProductId": "6580"}, "isFoil": false, "keywords": ["Trample"], "language": "English", "layout": "normal", "legalities": {"commander": "Legal", "duel": "Legal", "legacy": "Legal", "oathbreaker": "Legal", "paupercommander": "Restricted", "predh": "Legal", "premodern": "Legal", "vintage": "Legal"}, "manaCost": "{4}{W}", "manaValue": 5.0, "name": "Jhovall Rider", "number": "26", "originalText": "Trample", "originalType": "Creature - Rebel", "power": "3", "printings": ["MMQ"], "purchaseUrls": {"cardmarket": "https://mtgjson.com/links/f03d8eecbf5b99af", "tcgplayer": "https://mtgjson.com/links/8b79142511076463"}, "rarity": "uncommon", "setCode": "MMQ", "sourceProducts": {"foil": ["65bc1540-791e-5561-b050-658c4e65e28f"], "nonfoil": ["1c7870eb-5ce3-5be0-b0fb-644bfe832d14", "65bc1540-791e-5561-b050-658c4e65e28f", "903c2f25-4c12-52ff-bc5d-2f3cc1990081"]}, "subtypes": ["Human", "Rebel"], "supertypes": [], "text": "Trample", "toughness": "3", "type": "Creature — Human Rebel", "types": ["Creature"], "uuid": "f96a6789-9ce6-5012-be0f-9593b2f5ad74"}, {"artist": "Matt Cavotta", "artistIds": ["2e6a0611-9411-4ba4-98e3-c0e18cbf9f83"], "availability": ["mtgo", "paper"], "boosterTypes": ["default"], "borderColor": "black", "colorIdentity": ["W"], "colors": ["W"], "convertedManaCost": 5.0, "count": 1, "edhrecRank": 19749, "edhrecSaltiness": 0.17, "finishes": ["nonfoil", "foil"], "flavorText": "The Cho-Arrim fell from the sky onto Mercadia City like a vengeful rain.", "foreignData": [{"identifiers": {"scryfallId": "c20d449e-10ce-4837-938e-5440ed37e75a"}, "language": "German", "name": "Ramosischer Luftmarschall", "text": "7, {T}: Durchsuche Deine Bibliothek nach einer Rebellenkarte mit umgewandelten Manakosten von 6 oder weniger und bringe diese Karte ins Spiel.\nMische danach Deine Bibliothek.", "type": "Kreatur — Rebell"}, {"identifiers": {"scryfallId": "db63155d-806f-46a6-acbd-3f4a4f391139"}, "language": "Spanish", "name": "Mariscal celeste ramosiano"}, {"identifiers": {"scryfallId": "53ad4409-0c44-4193-a0ea-dd5940f8b586"}, "language": "French", "name": "Maréchal céleste ramosien"}, {"identifiers": {"scryfallId": "99ea6a6e-ac0d-496b-b6f0-10354257e31c"}, "language": "Italian", "name": "Maresciallo dell'Aria Ramosiano"}, {"identifiers": {"scryfallId": "0a81c030-65bf-452c-9a3a-9322c8543758"}, "language": "Japanese", "name": "レイモス教の空の元帥"}, {"identifiers": {"scryfallId": "b582384c-e179-4459-adf2-0a0e71449f97"}, "language": "Portuguese (Brazil)", "name": "Marechal Celeste Ramosiano"}], "frameVersion": "1997", "hasFoil": true, "hasNonFoil": true, "identifiers": {"cardsphereFoilId": "29872", "cardsphereId": "29873", "mcmId": "11413", "mcmMetaId": "4499", "mtgjsonV4Id": "0231fa55-fc3e-5314-bab3-e8a84f252297", "mtgoFoilId": "13120", "mtgoId": "13119", "multiverseId": "19648", "scryfallCardBackId": "0aeebaf5-8c7d-4636-9e82-8c27447861f7", "scryfallId": "16638976-8a78-4233-8ebc-42ea9bb49e0a", "scryfallIllustrationId": "79bc6a3f-ce99-44c9-8739-8c7c07db3573", "scryfallOracleId": "52fcc5b6-6ada-457f-be76-fa674c74b4fd", "tcgplayerProductId": "6652"}, "isFoil": false, "keywords": ["Flying"], "language": "English", "layout": "normal", "legalities": {"commander": "Legal", "duel": "Legal", "legacy": "Legal", "oathbreaker": "Legal", "predh": "Legal", "premodern": "Legal", "vintage": "Legal"}, "manaCost": "{3}{W}{W}", "manaValue": 5.0, "name": "Ramosian Sky Marshal", "number": "40", "originalText": "Flying\no7, oc\nT: Search your library for a Rebel card with converted mana cost 6 or less and put that card into play. Then shuffle your library.", "originalType": "Creature - Rebel", "power": "3", "printings": ["MMQ"], "purchaseUrls": {"cardmarket": "https://mtgjson.com/links/1d65e8e4afa4c4e4", "tcgplayer": "https://mtgjson.com/links/04f8689df8a29677"}, "rarity": "rare", "rulings": [{"date": "2004-10-04", "text": "Because the “search” requires you to find a card with certain characteristics, you don’t have to find the card if you don’t want to."}], "setCode": "MMQ", "sourceProducts": {"foil": ["65bc1540-791e-5561-b050-658c4e65e28f"], "nonfoil": ["1c7870eb-5ce3-5be0-b0fb-644bfe832d14", "65bc1540-791e-5561-b050-658c4e65e28f", "903c2f25-4c12-52ff-bc5d-2f3cc1990081"]}, "subtypes": ["Human", "Rebel"], "supertypes": [], "text": "Flying\n{7}, {T}: Search your library for a Rebel permanent card with mana value 6 or less, put it onto the battlefield, then shuffle.", "toughness": "3", "type": "Creature — Human Rebel", "types": ["Creature"], "uuid": "cf240ae5-4410-5bd5-a13d-f98fbb17e015"}, {"artist": "Adam Rex", "artistIds": ["445bd2fb-4a70-4599-87a4-83cf5979fc56"], "availability": ["mtgo", "paper"], "boosterTypes": ["default"], "borderColor": "black", "colorIdentity": ["W"], "colors": ["W"], "convertedManaCost": 2.0, "count": 2, "edhrecRank": 853, "edhrecSaltiness": 0.14, "finishes": ["nonfoil", "foil"], "flavorText": "The scepter of power is fragile in a calloused hand.\n—Cho-Arrim saying", "foreignData": [{"identifiers": {"scryfallId": "2ea403e1-99fd-4277-afc1-a76e6c4a1614"}, "language": "German", "name": "Entzauberung", "text": "Zerstöre ein Artefakt oder eine Verzauberung Deiner Wahl.", "type": "Spontanzauber"}, {"identifiers": {"scryfallId": "79ac5515-5546-4279-bdeb-d015ce93b8f7"}, "language": "Spanish", "name": "Desencantar"}, {"identifiers": {"scryfallId": "557e9292-2b4f-40a7-b437-3f09e75d3ec9"}, "language": "French", "name": "Désenchantement"}, {"identifiers": {"scryfallId": "d8d490c3-42be-4182-9df4-c6bf9d5b7129"}, "language": "Italian", "name": "Disincantare"}, {"identifiers": {"scryfallId": "f7333afd-a990-4e59-a514-8aa6fc3c5a22"}, "language": "Japanese", "name": "解呪"}, {"identifiers": {"scryfallId": "6c1020ab-2721-4269-8e8f-3991cf1bb904"}, "language": "Portuguese (Brazil)", "name": "Desencantar"}], "frameVersion": "1997", "hasFoil": true, "hasNonFoil": true, "identifiers": {"cardsphereFoilId": "29592", "cardsphereId": "29593", "mcmId": "11391", "mcmMetaId": "1512", "mtgjsonV4Id": "4a8e1d74-ed78-5321-9544-7f407838a00a", "mtgoFoilId": "13548", "mtgoId": "13547", "multiverseId": "19548", "scryfallCardBackId": "0aeebaf5-8c7d-4636-9e82-8c27447861f7", "scryfallId": "366407d8-3ed9-4809-b9bb-388ebb9ea815", "scryfallIllustrationId": "bd625d3b-098e-47b6-bfa8-c14212cb06ba", "scryfallOracleId": "a7e97fa9-4b72-4548-b854-5be5f18a6f1a", "tcgplayerProductId": "6512"}, "isFoil": false, "isReprint": true, "language": "English", "layout": "normal", "legalities": {"brawl": "Legal", "commander": "Legal", "duel": "Legal", "explorer": "Legal", "future": "Legal", "gladiator": "Legal", "historic": "Legal", "legacy": "Legal", "modern": "Legal", "oathbreaker": "Legal", "pauper": "Legal", "paupercommander": "Legal", "pioneer": "Legal", "predh": "Legal", "premodern": "Legal", "standard": "Legal", "standardbrawl": "Legal", "timeless": "Legal", "vintage": "Legal"}, "manaCost": "{1}{W}", "manaValue": 2.0, "name": "Disenchant", "number": "18", "originalText": "Destroy target artifact or enchantment.", "originalType": "Instant", "printings": ["2ED", "30A", "3ED", "4BB", "4ED", "5ED", "6ED", "7ED", "A25", "ATH", "BRB", "BRO", "CED", "CEI", "CMR", "CN2", "CST", "F03", "FBB", "ICE", "IMA", "LEA", "LEB", "M20", "ME2", "ME3", "MIR", "MMQ", "OLEP", "P07", "PARL", "PLST", "PMEI", "PRM", "PTC", "SCD", "SUM", "TMP", "TPR", "TSB", "USG", "WC97", "WC98", "ZNR"], "purchaseUrls": {"cardmarket": "https://mtgjson.com/links/fa8034891e9528bd", "tcgplayer": "https://mtgjson.com/links/49149693e59d7ac0"}, "rarity": "common", "rulings": [{"date": "2004-10-04", "text": "This is not modal. If the target changes from an artifact to an enchantment or vice versa, this still destroys it."}], "setCode": "MMQ", "sourceProducts": {"foil": ["0bb27b60-13c3-5d37-9151-e138b17788fd", "65bc1540-791e-5561-b050-658c4e65e28f"], "nonfoil": ["1c7870eb-5ce3-5be0-b0fb-644bfe832d14", "33ff1509-df96-5bd7-9a49-e4ec63413db4", "65bc1540-791e-5561-b050-658c4e65e28f", "903c2f25-4c12-52ff-bc5d-2f3cc1990081", "9b346acb-9926-5314-86b5-7b0436c5cadb", "b783fe2e-16f4-5dac-944a-73377ccfb2b8", "ef1e5269-bf1a-5f68-90b2-9db62e7845a2"]}, "subtypes": [], "supertypes": [], "text": "Destroy target artifact or enchantment.", "type": "Instant", "types": ["Instant"], "uuid": "57d16e20-f99e-5648-8a06-62044b60ff10"}, {"artist": "John Matson", "artistIds": ["a1685587-4b55-446b-b420-c37b202ed3f1"], "availability": ["mtgo", "paper"], "boosterTypes": ["default"], "borderColor": "black", "colorIdentity": ["W"], "colors": ["W"], "convertedManaCost": 2.0, "count": 2, "edhrecRank": 11501, "edhrecSaltiness": 0.06, "finishes": ["nonfoil", "foil"], "foreignData": [{"identifiers": {"scryfallId": "8287ad46-69f2-46ad-92ee-ebd81ba28640"}, "language": "German", "name": "Cho-Mannos Segen", "text": "Du kannst Cho-Mannos Segen immer dann spielen, wenn Du auch einen Spontanzauber spielen könntest. Bestimme eine Farbe, wenn Cho-Mannos Segen ins Spiel kommt.\nDie verzauberte Kreatur hat Schutz vor dieser Farbe. Dieser Effekt entfernt Cho-Mannos Segen nicht.", "type": "Kreaturenverzauberung"}, {"identifiers": {"scryfallId": "a1f6e1f6-7a47-43a9-8d84-39db3dd769af"}, "language": "Spanish", "name": "Bendición de Cho-Manno"}, {"identifiers": {"scryfallId": "9e1cee84-5cd2-4d69-88c3-bb6fd6a53b10"}, "language": "French", "name": "Bénédiction selon Cho-Manno"}, {"identifiers": {"scryfallId": "a0155e21-f1e3-4c01-8a3a-ac8f46ac65e0"}, "language": "Italian", "name": "Benedizione di Cho-Manno"}, {"identifiers": {"scryfallId": "15ea91da-381a-4c29-b239-0af7d29bf9a2"}, "language": "Japanese", "name": "チョー＝マノの祝福"}, {"identifiers": {"scryfallId": "38b96abb-3263-467c-b7ce-10ac600ae37f"}, "language": "Portuguese (Brazil)", "name": "Bênção de Cho-Manno"}], "frameVersion": "1997", "hasFoil": true, "hasNonFoil": true, "identifiers": {"cardsphereFoilId": "29512", "cardsphereId": "29513", "mcmId": "11385", "mcmMetaId": "972", "mtgjsonV4Id": "940c6f8b-9b99-5d6c-a0e7-8c8fe68c22b9", "mtgoFoilId": "13380", "mtgoId": "13379", "multiverseId": "19551", "scryfallCardBackId": "0aeebaf5-8c7d-4636-9e82-8c27447861f7", "scryfallId": "5c9f33c6-5294-4584-854d-c8c0f847aba8", "scryfallIllustrationId": "983413c7-bad8-4476-be1c-294812834868", "scryfallOracleId": "fe9f2a67-b8af-48fd-83cd-d15168d2e64f", "tcgplayerProductId": "6473"}, "isFoil": false, "keywords": ["Enchant", "Flash"], "language": "English", "layout": "normal", "legalities": {"commander": "Legal", "duel": "Legal", "legacy": "Legal", "oathbreaker": "Legal", "pauper": "Legal", "paupercommander": "Legal", "predh": "Legal", "premodern": "Legal", "vintage": "Legal"}, "manaCost": "{W}{W}", "manaValue": 2.0, "name": "Cho-Manno's Blessing", "number": "12", "originalText": "You may play Cho-Manno's Blessing any time you could play an instant.\nAs Cho-Manno's Blessing comes into play, choose a color.\nEnchanted creature has protection from the chosen color. This effect doesn't remove Cho-Manno's Blessing.", "originalType": "Enchant Creature", "printings": ["MMQ"], "purchaseUrls": {"cardmarket": "https://mtgjson.com/links/5611b5f3b30eb4b7", "tcgplayer": "https://mtgjson.com/links/9588ddbe2dddfd31"}, "rarity": "common", "setCode": "MMQ", "sourceProducts": {"foil": ["0bb27b60-13c3-5d37-9151-e138b17788fd", "65bc1540-791e-5561-b050-658c4e65e28f"], "nonfoil": ["1c7870eb-5ce3-5be0-b0fb-644bfe832d14", "65bc1540-791e-5561-b050-658c4e65e28f", "903c2f25-4c12-52ff-bc5d-2f3cc1990081"]}, "subtypes": ["Aura"], "supertypes": [], "text": "Flash\nEnchant creature\nAs Cho-Manno's Blessing enters, choose a color.\nEnchanted creature has protection from the chosen color. This effect doesn't remove Cho-Manno's Blessing.", "type": "Enchantment — Aura", "types": ["Enchantment"], "uuid": "c82b4e9d-b42b-5cd9-bc07-856b1be0d7af"}, {"artist": "Brian Snõddy", "artistIds": ["770b4e16-de76-49ed-949f-84e6d2e06d25"], "availability": ["mtgo", "paper"], "boosterTypes": ["default"], "borderColor": "black", "colorIdentity": ["W"], "colors": ["W"], "convertedManaCost": 3.0, "count": 1, "edhrecRank": 13649, "edhrecSaltiness": 0.07, "finishes": ["nonfoil", "foil"], "foreignData": [{"identifiers": {"scryfallId": "16db1edd-4464-42f9-bbd4-37cd03a25b5d"}, "language": "German", "name": "Seelenwandlung", "text": "Zerstöre eine Kreatur Deiner Wahl, diese kann nicht regeneriert werden. Ihr Beherrscher bringt einen 1/1 weißen Geist-Spielstein mit Flugfähigkeit ins Spiel.", "type": "Spontanzauber"}, {"identifiers": {"scryfallId": "978e95a9-1a1a-4f84-9d28-a653b91fda9f"}, "language": "Spanish", "name": "Vestigio de vida"}, {"identifiers": {"scryfallId": "dbeca2d1-b8a5-45a4-8f59-dc12719545e3"}, "language": "French", "name": "Destin posthume"}, {"identifiers": {"scryfallId": "a6ca6283-ac45-42c0-bf39-c51b328145c2"}, "language": "Italian", "name": "Aldilà"}, {"identifiers": {"scryfallId": "2e9ca162-8c74-4ca7-8fab-70bb0b1fa90f"}, "language": "Japanese", "name": "死後の生命"}, {"identifiers": {"scryfallId": "ab6b4f94-5449-48e9-9085-59bf184e93a4"}, "language": "Portuguese (Brazil)", "name": "Pós-vida"}], "frameVersion": "1997", "hasFoil": true, "hasNonFoil": true, "identifiers": {"cardsphereFoilId": "29412", "cardsphereId": "29413", "mcmId": "11374", "mcmMetaId": "68", "mtgjsonV4Id": "11a80e36-2fcd-5f71-afd7-03c3dc85fe81", "mtgoFoilId": "13570", "mtgoId": "13569", "multiverseId": "19549", "scryfallCardBackId": "0aeebaf5-8c7d-4636-9e82-8c27447861f7", "scryfallId": "8fa2ecf9-b53c-4f1d-9028-ca3820d043cb", "scryfallIllustrationId": "ac01279c-8120-4f92-8938-b9c789e3535c", "scryfallOracleId": "4c13e2b5-961a-4031-84b1-15bd19b94286", "tcgplayerProductId": "6422"}, "isFoil": false, "isReprint": true, "language": "English", "layout": "normal", "legalities": {"commander": "Legal", "duel": "Legal", "legacy": "Legal", "oathbreaker": "Legal", "pauper": "Legal", "paupercommander": "Legal", "penny": "Legal", "predh": "Legal", "premodern": "Legal", "vintage": "Legal"}, "manaCost": "{2}{W}", "manaValue": 3.0, "name": "Afterlife", "number": "1", "originalText": "Destroy target creature. It can't be regenerated. Its controller puts a 1/1 white Spirit creature token with flying into play.", "originalType": "Instant", "printings": ["C14", "CMD", "MIR", "MMQ", "PLST", "VMA"], "purchaseUrls": {"cardmarket": "https://mtgjson.com/links/0ead8f15cf3e00b1", "tcgplayer": "https://mtgjson.com/links/0da643423bc92d3f"}, "rarity": "uncommon", "setCode": "MMQ", "sourceProducts": {"foil": ["65bc1540-791e-5561-b050-658c4e65e28f"], "nonfoil": ["1c7870eb-5ce3-5be0-b0fb-644bfe832d14", "65bc1540-791e-5561-b050-658c4e65e28f", "903c2f25-4c12-52ff-bc5d-2f3cc1990081", "9b346acb-9926-5314-86b5-7b0436c5cadb", "ef1e5269-bf1a-5f68-90b2-9db62e7845a2"]}, "subtypes": [], "supertypes": [], "text": "Destroy target creature. It can't be regenerated. Its controller creates a 1/1 white Spirit creature token with flying.", "type": "Instant", "types": ["Instant"], "uuid": "f1c68663-178b-5cd5-910c-21f95eb3f87f"}, {"artist": "Dan Frazier", "artistIds": ["059bba56-5feb-42e4-8c2e-e2f1e6ba11f9"], "availability": ["mtgo", "paper"], "boosterTypes": ["default"], "borderColor": "black", "colorIdentity": ["W"], "colors": ["W"], "convertedManaCost": 3.0, "count": 2, "edhrecRank": 9333, "edhrecSaltiness": 0.58, "finishes": ["nonfoil", "foil"], "flavorText": "Orim had no memory of the previous night—the first thing she could remember was waking up with the dead guard's blood on her hands.", "foreignData": [{"identifiers": {"scryfallId": "eedae145-0f58-453c-971c-b55d8df48d3b"}, "language": "German", "name": "Festnahme", "text": "Die verzauberte Kreatur kann weder angreifen noch blocken, und ihre aktivierten Fähigkeiten können nicht gespielt werden.", "type": "Kreaturenverzauberung"}, {"identifiers": {"scryfallId": "9e6a58e5-fb1c-4fed-8db0-c592776d74c8"}, "language": "Spanish", "name": "Arresto"}, {"identifiers": {"scryfallId": "bf250264-42dd-438c-b93d-de151ca0be44"}, "language": "French", "name": "Arrestation"}, {"identifiers": {"scryfallId": "534bbb9c-ac94-481c-8628-c1ebcd8d5c84"}, "language": "Italian", "name": "Arrestare"}, {"identifiers": {"scryfallId": "8bd13497-8627-45f7-ae62-d63276b7b7e3"}, "language": "Japanese", "name": "拘引"}, {"identifiers": {"scryfallId": "8360e3de-ae6f-4e99-ac56-159dc6d26c3d"}, "language": "Portuguese (Brazil)", "name": "Aprisionar"}], "frameVersion": "1997", "hasFoil": true, "hasNonFoil": true, "identifiers": {"cardsphereFoilId": "29424", "cardsphereId": "29425", "mcmId": "11377", "mcmMetaId": "300", "mtgjsonV4Id": "d0902bee-1193-507e-b114-d3584b91b786", "mtgoFoilId": "13236", "mtgoId": "13235", "multiverseId": "19789", "scryfallCardBackId": "0aeebaf5-8c7d-4636-9e82-8c27447861f7", "scryfallId": "3b083fd8-6422-4cd3-a27d-41b6d88598c2", "scryfallIllustrationId": "8cc4fd3d-2ca4-4b14-b9d5-a02f453be3ea", "scryfallOracleId": "81728b98-8cf9-4734-a318-69184bb4d15c", "tcgplayerProductId": "6428"}, "isFoil": false, "keywords": ["Enchant"], "language": "English", "layout": "normal", "legalities": {"commander": "Legal", "duel": "Legal", "legacy": "Legal", "modern": "Legal", "oathbreaker": "Legal", "pauper": "Legal", "paupercommander": "Legal", "penny": "Legal", "pioneer": "Legal", "predh": "Legal", "premodern": "Legal", "vintage": "Legal"}, "manaCost": "{2}{W}", "manaValue": 3.0, "name": "Arrest", "number": "4", "originalText": "Enchanted creature can't attack or block, and its activated abilities can't be played.", "originalType": "Enchant Creature", "printings": ["J22", "MM2", "MMQ", "MRD", "PIDW", "PLST", "RTR", "SOM", "TD2"], "purchaseUrls": {"cardmarket": "https://mtgjson.com/links/79d9a9c64567028e", "tcgplayer": "https://mtgjson.com/links/adb06f9ae16e22b2"}, "rarity": "uncommon", "rulings": [{"date": "2016-06-08", "text": "Activated abilities contain a colon. They’re generally written “[Cost]: [Effect].” Some keywords are activated abilities and will have colons in their reminder text."}], "setCode": "MMQ", "sourceProducts": {"foil": ["65bc1540-791e-5561-b050-658c4e65e28f"], "nonfoil": ["1c7870eb-5ce3-5be0-b0fb-644bfe832d14", "65bc1540-791e-5561-b050-658c4e65e28f", "903c2f25-4c12-52ff-bc5d-2f3cc1990081"]}, "subtypes": ["Aura"], "supertypes": [], "text": "Enchant creature\nEnchanted creature can't attack or block, and its activated abilities can't be activated.", "type": "Enchantment — Aura", "types": ["Enchantment"], "uuid": "a9a5fa0f-6fba-5821-a626-e1cf68a49f6c"}, {"artist": "Greg Hildebrandt & Tim Hildebrandt", "artistIds": ["020f967b-0d2f-4166-aabe-901dba8bc7ec", "caa7228c-f74c-4145-91fb-1af8d623c353"], "availability": ["mtgo", "paper"], "boosterTypes": ["default"], "borderColor": "black", "colorIdentity": ["W"], "colors": ["W"], "convertedManaCost": 3.0, "count": 1, "edhrecRank": 18427, "edhrecSaltiness": 0.12, "finishes": ["nonfoil", "foil"], "flavorText": "\"As long as Rushwood glows, no life is ever truly lost.\"\n—Ta-Karnst, Cho-Arrim healer", "foreignData": [{"identifiers": {"scryfallId": "1e36d388-b5fa-4a1c-8234-d8fefc083d61"}, "language": "German", "name": "Nächtliche Totenwache", "text": "Immer wenn eine Kreatur aus dem Spiel auf den Friedhof gelegt wird, erhältst Du 1 Lebenspunkt dazu.", "type": "Verzauberung"}, {"identifiers": {"scryfallId": "60f35701-bcd4-4082-9cbc-16d8e41e4c3e"}, "language": "Spanish", "name": "Resucitar bajo la luna"}, {"identifiers": {"scryfallId": "e04875c3-91bf-4a7a-86d3-15bcebad368d"}, "language": "French", "name": "Veillée au clair de lune"}, {"identifiers": {"scryfallId": "86b8d062-01fe-455c-b3cf-7f47472108a3"}, "language": "Italian", "name": "Veglia Notturna"}, {"identifiers": {"scryfallId": "3eb42992-c93a-4b5b-9a77-85b6dee7a6fb"}, "language": "Japanese", "name": "月明かりの不寝番"}, {"identifiers": {"scryfallId": "c1eb102d-4ce2-4f87-9e74-704ed15f6469"}, "language": "Portuguese (Brazil)", "name": "Vigília ao Luar"}], "frameVersion": "1997", "hasFoil": true, "hasNonFoil": true, "identifiers": {"cardsphereFoilId": "29798", "cardsphereId": "29799", "mcmId": "11402", "mcmMetaId": "3718", "mtgjsonV4Id": "21f65c6a-aa3b-5dec-8768-7435dead970b", "mtgoFoilId": "13712", "mtgoId": "13711", "multiverseId": "136514", "scryfallCardBackId": "0aeebaf5-8c7d-4636-9e82-8c27447861f7", "scryfallId": "1eba9595-6789-4d7a-9e46-8d1f75993b21", "scryfallIllustrationId": "b2e50632-0499-4b7f-a767-5c80049fd719", "scryfallOracleId": "c93965a8-c527-4b1f-8322-b043f910ffb7", "tcgplayerProductId": "6615"}, "isFoil": false, "language": "English", "layout": "normal", "legalities": {"commander": "Legal", "duel": "Legal", "legacy": "Legal", "oathbreaker": "Legal", "predh": "Legal", "premodern": "Legal", "vintage": "Legal"}, "manaCost": "{2}{W}", "manaValue": 3.0, "name": "Moonlit Wake", "number": "29", "originalText": "Whenever a creature is put into a graveyard from play, you gain 1 life.", "originalType": "Enchantment", "printings": ["MMQ"], "purchaseUrls": {"cardmarket": "https://mtgjson.com/links/9ac5787602ba60dc", "tcgplayer": "https://mtgjson.com/links/31b3a87a56df5b7b"}, "rarity": "uncommon", "setCode": "MMQ", "sourceProducts": {"foil": ["65bc1540-791e-5561-b050-658c4e65e28f"], "nonfoil": ["1c7870eb-5ce3-5be0-b0fb-644bfe832d14", "65bc1540-791e-5561-b050-658c4e65e28f", "903c2f25-4c12-52ff-bc5d-2f3cc1990081"]}, "subtypes": [], "supertypes": [], "text": "Whenever a creature dies, you gain 1 life.", "type": "Enchantment", "types": ["Enchantment"], "uuid": "f23bda86-82ee-5d8b-b412-7eb79b6dc390"}, {"artist": "Christopher Moeller", "artistIds": ["21e10012-06ae-44f2-b38d-3824dd2e73d4"], "availability": ["mtgo", "paper"], "boosterTypes": ["default"], "borderColor": "black", "colorIdentity": ["W"], "colors": ["W"], "convertedManaCost": 4.0, "count": 2, "edhrecRank": 23432, "edhrecSaltiness": 0.09, "finishes": ["nonfoil", "foil"], "foreignData": [{"identifiers": {"scryfallId": "cf78469d-f2b2-4ae9-a798-88dd2da8a28e"}, "language": "German", "name": "Ramosischer Truppentreff", "text": "Wenn Du eine Ebene kontrollierst, kannst Du eine ungetappte Kreatur unter Deiner Kontrolle tappen, anstatt die Manakosten von Ramosischer Truppentreff zu bezahlen.\nAlle Kreaturen, die Du kontrollierst, erhalten +1/+1 bis zum Ende des Zuges.", "type": "Spontanzauber"}, {"identifiers": {"scryfallId": "262060d7-8242-4b8d-be70-696a30145f75"}, "language": "Spanish", "name": "Agrupación ramosiana"}, {"identifiers": {"scryfallId": "81195569-a2c0-474b-b2f6-61a5e341e4e2"}, "language": "French", "name": "Rassemblement ramosien"}, {"identifiers": {"scryfallId": "72314392-c98b-4b8e-904a-d49ba0228dff"}, "language": "Italian", "name": "Adunata Ramosiana"}, {"identifiers": {"scryfallId": "4cf1f1a6-1c22-4458-b20e-d736ba1fa3ef"}, "language": "Japanese", "name": "レイモス教の再興"}, {"identifiers": {"scryfallId": "9ce15f99-75bf-4265-85ec-9fe8f0f01d0c"}, "language": "Portuguese (Brazil)", "name": "Reunir Ramosiano"}], "frameVersion": "1997", "hasFoil": true, "hasNonFoil": true, "identifiers": {"cardsphereFoilId": "29868", "cardsphereId": "29869", "mcmId": "11411", "mcmMetaId": "4497", "mtgjsonV4Id": "c0b81542-4554-5f85-929f-c1c4b782a8b9", "mtgoFoilId": "13438", "mtgoId": "13437", "multiverseId": "20409", "scryfallCardBackId": "0aeebaf5-8c7d-4636-9e82-8c27447861f7", "scryfallId": "7fc0ff04-43e7-4a0d-b7e2-8bab72cc6cc0", "scryfallIllustrationId": "f4c42b4b-519a-45c5-a15b-74b4044f9ecf", "scryfallOracleId": "2731c237-eda1-4b74-a294-502d574f4435", "tcgplayerProductId": "6650"}, "isFoil": false, "language": "English", "layout": "normal", "legalities": {"commander": "Legal", "duel": "Legal", "legacy": "Legal", "oathbreaker": "Legal", "pauper": "Legal", "paupercommander": "Legal", "predh": "Legal", "premodern": "Legal", "vintage": "Legal"}, "manaCost": "{3}{W}", "manaValue": 4.0, "name": "Ramosian Rally", "number": "38", "originalText": "If you control a plains, you may tap an untapped creature you control instead of paying Ramosian Rally's mana cost.\nCreatures you control get +1/+1 until end of turn.", "originalType": "Instant", "printings": ["MMQ", "PLST"], "purchaseUrls": {"cardmarket": "https://mtgjson.com/links/da492b0f2a873eaf", "tcgplayer": "https://mtgjson.com/links/55ffa12498063aae"}, "rarity": "common", "setCode": "MMQ", "sourceProducts": {"foil": ["0bb27b60-13c3-5d37-9151-e138b17788fd", "65bc1540-791e-5561-b050-658c4e65e28f"], "nonfoil": ["1c7870eb-5ce3-5be0-b0fb-644bfe832d14", "65bc1540-791e-5561-b050-658c4e65e28f", "903c2f25-4c12-52ff-bc5d-2f3cc1990081", "b783fe2e-16f4-5dac-944a-73377ccfb2b8", "ef1e5269-bf1a-5f68-90b2-9db62e7845a2"]}, "subtypes": [], "supertypes": [], "text": "If you control a Plains, you may tap an untapped creature you control rather than pay this spell's mana cost.\nCreatures you control get +1/+1 until end of turn.", "type": "Instant", "types": ["Instant"], "uuid": "7ee925dd-d36b-50be-b7fa-f4e683c26e22"}, {"artist": "Scott Hampton", "artistIds": ["1675947d-e663-4200-a6ce-5ad7bb3c83b1"], "availability": ["mtgo", "paper"], "boosterTypes": ["default"], "borderColor": "black", "colorIdentity": ["W"], "colors": [], "convertedManaCost": 0.0, "count": 1, "edhrecRank": 17794, "edhrecSaltiness": 0.08, "finishes": ["nonfoil", "foil"], "foreignData": [{"identifiers": {"scryfallId": "cd303d3a-8672-4bd3-b07d-d65ac7c7f5f6"}, "language": "German", "name": "Quellen von Cho", "text": "Die Quellen von Cho kommen getappt ins Spiel.\n{T}: Lege eine Lager-Marke auf die Quellen von Cho.\n{T}, entferne eine beliebige Anzahl an Lager-Marken von den Quellen von Cho: Erhöhe Deinen Manavorrat um ein weißes Mana für jede so entfernte Lager-Marke.", "type": "Land"}, {"identifiers": {"scryfallId": "e6c879db-0fbb-404c-be88-40ef54a9f915"}, "language": "Spanish", "name": "Fuente de Cho"}, {"identifiers": {"scryfallId": "28a4d3ba-7b6b-4f52-859f-db6dfd47690a"}, "language": "French", "name": "Fontaine de Cho"}, {"identifiers": {"scryfallId": "f9b574ab-9e1a-45e0-98ef-5152e1210b8a"}, "language": "Italian", "name": "Fontana di Cho"}, {"identifiers": {"scryfallId": "f1ee6958-7879-4731-8511-3597c7b1268f"}, "language": "Japanese", "name": "チョーの泉"}, {"identifiers": {"scryfallId": "b6adb20f-f605-481c-a067-ea0bf8650248"}, "language": "Portuguese (Brazil)", "name": "Fonte de Cho"}], "frameVersion": "1997", "hasFoil": true, "hasNonFoil": true, "identifiers": {"cardsphereFoilId": "29642", "cardsphereId": "29643", "mcmId": "11690", "mcmMetaId": "2200", "mtgjsonV4Id": "c35d289f-2132-5d46-9215-d5bdee76ea9e", "mtgoFoilId": "13318", "mtgoId": "13317", "multiverseId": "19893", "scryfallCardBackId": "0aeebaf5-8c7d-4636-9e82-8c27447861f7", "scryfallId": "41f352c3-4b63-4174-b2b4-6c19fb8c06ff", "scryfallIllustrationId": "11c0f058-000e-4b17-b339-610bb553caed", "scryfallOracleId": "0799df10-b489-4f79-bf98-7a0c500b46a1", "tcgplayerProductId": "6536"}, "isFoil": false, "language": "English", "layout": "normal", "legalities": {"commander": "Legal", "duel": "Legal", "legacy": "Legal", "oathbreaker": "Legal", "predh": "Legal", "premodern": "Legal", "vintage": "Legal"}, "manaValue": 0.0, "name": "Fountain of Cho", "number": "317", "originalText": "Fountain of Cho comes into play tapped.\noc\nT: Put a storage counter on Fountain of Cho.\noc\nT, Remove any number of storage counters from Fountain of Cho: Add one white mana to your mana pool for each storage counter removed this way.", "originalType": "Land", "printings": ["MMQ"], "purchaseUrls": {"cardmarket": "https://mtgjson.com/links/f093a7810049ea13", "tcgplayer": "https://mtgjson.com/links/0985f9c4c4cef943"}, "rarity": "uncommon", "setCode": "MMQ", "sourceProducts": {"foil": ["65bc1540-791e-5561-b050-658c4e65e28f"], "nonfoil": ["1c7870eb-5ce3-5be0-b0fb-644bfe832d14", "65bc1540-791e-5561-b050-658c4e65e28f", "903c2f25-4c12-52ff-bc5d-2f3cc1990081"]}, "subtypes": [], "supertypes": [], "text": "Fountain of Cho enters tapped.\n{T}: Put a storage counter on Fountain of Cho.\n{T}, Remove any number of storage counters from Fountain of Cho: Add {W} for each storage counter removed this way.", "type": "Land", "types": ["Land"], "uuid": "2d077383-597c-595e-b660-3dd14a407fd9"}, {"artist": "Terry Springer", "artistIds": ["c4f5c052-0049-47f6-8524-cbf26a85851f"], "availability": ["mtgo", "paper"], "boosterTypes": ["default"], "borderColor": "black", "colorIdentity": ["W"], "colors": [], "convertedManaCost": 0.0, "count": 20, "edhrecSaltiness": 0.28, "finishes": ["nonfoil", "foil"], "foreignData": [{"identifiers": {"scryfallId": "0ea4abd0-3b49-4c0e-ba85-30fb7f653ca3"}, "language": "German", "name": "Ebene"}, {"identifiers": {"scryfallId": "165fbcf0-2202-4e0f-a660-ba9c621529f6"}, "language": "Spanish", "name": "Llanura"}, {"identifiers": {"scryfallId": "577dc091-2395-4d1c-9f13-0c00d9862d5d"}, "language": "French", "name": "Plaine"}, {"identifiers": {"scryfallId": "55aee821-85ad-4d3b-b1cc-45a8333da682"}, "language": "Italian", "name": "Pianura"}, {"identifiers": {"scryfallId": "5e16a9f1-bfc8-40a0-a0a8-93a6557bcb97"}, "language": "Japanese", "name": "平地"}, {"identifiers": {"scryfallId": "55ee9c8d-82dc-4966-8cd5-c8249b19725d"}, "language": "Portuguese (Brazil)", "name": "Planície"}], "frameVersion": "1997", "hasFoil": true, "hasNonFoil": true, "identifiers": {"cardsphereFoilId": "29834", "cardsphereId": "29835", "mcmId": "11704", "mtgjsonV4Id": "9301e4d4-d27e-5f5f-866b-4096855d8cda", "mtgoFoilId": "13586", "mtgoId": "13585", "multiverseId": "20880", "scryfallCardBackId": "0aeebaf5-8c7d-4636-9e82-8c27447861f7", "scryfallId": "2edf5042-d185-424e-922d-c0bd4ce3e8b0", "scryfallIllustrationId": "868c24be-a09d-458d-b9c3-cdd8d73b6387", "scryfallOracleId": "bc71ebf6-2056-41f7-be35-b2e5c34afa99", "tcgplayerProductId": "18412"}, "isFoil": false, "isReprint": true, "language": "English", "layout": "normal", "legalities": {"alchemy": "Legal", "brawl": "Legal", "commander": "Legal", "duel": "Legal", "explorer": "Legal", "future": "Legal", "gladiator": "Legal", "historic": "Legal", "legacy": "Legal", "modern": "Legal", "oathbreaker": "Legal", "pauper": "Legal", "paupercommander": "Legal", "penny": "Legal", "pioneer": "Legal", "predh": "Legal", "premodern": "Legal", "standard": "Legal", "standardbrawl": "Legal", "timeless": "Legal", "vintage": "Legal"}, "manaValue": 0.0, "name": "Plains", "number": "331", "originalText": "W", "originalType": "Land", "printings": ["10E", "2ED", "2XM", "30A", "3ED", "40K", "4BB", "4ED", "5ED", "6ED", "7ED", "8ED", "9ED", "ACR", "AFR", "AKH", "AKR", "ALA", "ANA", "ANB", "ARC", "ATH", "AVR", "BBD", "BFZ", "BLB", "BRB", "BRC", "BRO", "C13", "C14", "C15", "C16", "C17", "C18", "C19", "CED", "CEI", "CHK", "CLB", "CLU", "CM2", "CMA", "CMD", "CMM", "CMR", "CST", "DDC", "DDE", "DDF", "DDG", "DDH", "DDI", "DDK", "DDL", "DDN", "DDO", "DDP", "DDQ", "DMR", "DMU", "DOM", "DSK", "DTK", "DVD", "E01", "ELD", "FBB", "FDN", "FRF", "G17", "GK1", "GK2", "GN2", "GN3", "GNT", "GRN", "GS1", "H09", "HBG", "HOP", "HOU", "ICE", "IKO", "INV", "ISD", "ITP", "J14", "J22", "JMP", "KHM", "KLD", "KLR", "KTK", "LCI", "LEA", "LEB", "LRW", "LTR", "M10", "M11", "M12", "M13", "M14", "M15", "M19", "M20", "M21", "MBS", "MD1", "ME1", "ME3", "MH2", "MH3", "MID", "MIR", "MKM", "MMQ", "MOM", "MRD", "NEO", "NPH", "ODY", "OLEP", "ONE", "ONS", "ORI", "OTJ", "P02", "P23", "PAL00", "PAL01", "PAL03", "PAL04", "PAL05", "PAL06", "PAL99", "PALP", "PANA", "PARL", "PC2", "PCA", "PDGM", "PELP", "PF19", "PF20", "PGPX", "PGRU", "PIP", "PLST", "PMPS", "PMPS06", "PMPS07", "PMPS08", "PMPS09", "PMPS10", "PMPS11", "POR", "PPP1", "PRM", "PRW2", "PRWK", "PS11", "PSAL", "PSS2", "PSS3", "PSS4", "PTC", "PTK", "PZ2", "RAV", "REX", "RIX", "RNA", "ROE", "RQS", "RTR", "S99", "SCD", "SHM", "SIR", "SLD", "SLP", "SNC", "SOI", "SOM", "STX", "SUM", "TD0", "TD2", "THB", "THS", "TMP", "TPR", "TSP", "UGL", "UND", "UNF", "UNH", "USG", "UST", "VOW", "WAR", "WC00", "WC02", "WC03", "WC04", "WC97", "WC98", "WHO", "WOE", "XANA", "XLN", "ZEN", "ZNR"], "purchaseUrls": {"tcgplayer": "https://mtgjson.com/links/879322cef6a59ac4"}, "rarity": "common", "setCode": "MMQ", "sourceProducts": {"foil": ["0bb27b60-13c3-5d37-9151-e138b17788fd", "0ee5760b-168e-586b-8d8f-e88d9645170a", "4e2fd405-deae-5df4-afa3-6126d760d6bc", "65bc1540-791e-5561-b050-658c4e65e28f", "9a8a7147-0b5d-5153-b5f8-2da51971b0ca"], "nonfoil": ["1c7870eb-5ce3-5be0-b0fb-644bfe832d14", "33ff1509-df96-5bd7-9a49-e4ec63413db4", "903c2f25-4c12-52ff-bc5d-2f3cc1990081", "9b346acb-9926-5314-86b5-7b0436c5cadb", "b783fe2e-16f4-5dac-944a-73377ccfb2b8", "ef1e5269-bf1a-5f68-90b2-9db62e7845a2"]}, "subtypes": ["Plains"], "supertypes": ["Basic"], "text": "({T}: Add {W}.)", "type": "Basic Land — Plains", "types": ["Land"], "uuid": "3c75e5ee-810f-54ae-968d-3e42d270a023", "variations": ["de345860-f1ed-5fe4-806e-ffda52466c37", "1ff3b87f-6358-5690-b3c9-a3d8aa6e0e34", "046ca9b7-5b11-5f77-9dda-8f329c9e24b7"]}], "name": "Rebel's Call", "releaseDate": "1999-10-04", "sealedProductUuids": null, "sideBoard": [], "type": "Theme Deck"}}