{"meta": {"date": "2024-09-03", "version": "5.2.2+20240903"}, "data": {"code": "10E", "commander": [], "mainBoard": [{"artist": "John Avon", "artistIds": ["798f3932-30e0-4420-aa3f-db4d613f89ca"], "availability": ["mtgo", "paper"], "boosterTypes": ["default"], "borderColor": "black", "colorIdentity": ["R"], "colors": [], "convertedManaCost": 0.0, "count": 12, "edhrecSaltiness": 0.35, "finishes": ["nonfoil", "foil"], "foreignData": [{"identifiers": {"multiverseId": "148607", "scryfallId": "52d8f64f-78b1-43f3-a093-d1d103e4b699"}, "language": "German", "multiverseId": 148607, "name": "Gebirge", "type": "Standardland — Gebirge"}, {"identifiers": {"multiverseId": "148990", "scryfallId": "cb1a3318-8d18-4c79-99c9-4c543231d557"}, "language": "Italian", "multiverseId": 148990, "name": "Montagna", "type": "Terra Base — Montagna"}, {"identifiers": {"multiverseId": "148225", "scryfallId": "a2825ac2-c04e-4887-ab07-4edf05becb44"}, "language": "Japanese", "multiverseId": 148225, "name": "山", "type": "基本土地 — 山"}, {"identifiers": {"multiverseId": "149926", "scryfallId": "d6b30749-f619-424a-ba84-37dfe039a6a6"}, "language": "Portuguese (Brazil)", "multiverseId": 149926, "name": "Montanha", "type": "Terreno Básico — Montanha"}, {"identifiers": {"multiverseId": "149543", "scryfallId": "de0825fa-f141-4688-a5b5-9af5d23a208d"}, "language": "Russian", "multiverseId": 149543, "name": "Гора", "type": "Базовая Земля — Гора"}, {"identifiers": {"multiverseId": "147842", "scryfallId": "000d8ca4-c120-4610-8e77-a6424fb25703"}, "language": "Chinese Simplified", "multiverseId": 147842, "name": "山脉", "type": "基本地～山脉"}], "frameVersion": "2003", "hasFoil": true, "hasNonFoil": true, "identifiers": {"cardsphereFoilId": "409", "cardsphereId": "410", "mcmId": "16540", "mtgjsonV4Id": "ed4ba3b4-c532-5918-9c0d-30f6af3220ac", "mtgoFoilId": "27269", "mtgoId": "27268", "multiverseId": "129649", "scryfallCardBackId": "0aeebaf5-8c7d-4636-9e82-8c27447861f7", "scryfallId": "a7aae748-27d8-48f8-beb2-8e0192d7cc5c", "scryfallIllustrationId": "2e7578bc-3e5a-4d15-b9af-bcbeef0bb4d9", "scryfallOracleId": "a3fb7228-e76b-4e96-a40e-20b5fed75685", "tcgplayerProductId": "15225"}, "isFoil": false, "isReprint": true, "language": "English", "layout": "normal", "legalities": {"alchemy": "Legal", "brawl": "Legal", "commander": "Legal", "duel": "Legal", "explorer": "Legal", "future": "Legal", "gladiator": "Legal", "historic": "Legal", "legacy": "Legal", "modern": "Legal", "oathbreaker": "Legal", "pauper": "Legal", "paupercommander": "Legal", "penny": "Legal", "pioneer": "Legal", "predh": "Legal", "premodern": "Legal", "standard": "Legal", "standardbrawl": "Legal", "timeless": "Legal", "vintage": "Legal"}, "manaValue": 0.0, "name": "Mountain", "number": "376", "originalText": "R", "originalType": "Basic Land - Mountain", "printings": ["10E", "2ED", "2XM", "30A", "3ED", "40K", "4BB", "4ED", "5ED", "6ED", "7ED", "8ED", "9ED", "ACR", "AFR", "AKH", "AKR", "ALA", "ANA", "ANB", "ARC", "ARN", "ATH", "AVR", "BBD", "BFZ", "BLB", "BRB", "BRC", "BRO", "BTD", "C13", "C14", "C15", "C16", "C17", "C18", "C19", "CED", "CEI", "CHK", "CLB", "CLU", "CM2", "CMA", "CMD", "CMM", "CMR", "CST", "DD1", "DD2", "DDE", "DDG", "DDH", "DDI", "DDJ", "DDK", "DDL", "DDN", "DDP", "DDS", "DDT", "DDU", "DKM", "DMR", "DMU", "DOM", "DPA", "DSK", "DTK", "E01", "ELD", "EVG", "FBB", "FRF", "G17", "GK1", "GK2", "GN2", "GN3", "GNT", "GRN", "GS1", "H09", "HBG", "HOP", "HOU", "ICE", "IKO", "INV", "ISD", "ITP", "J14", "J22", "JMP", "JVC", "KHM", "KLD", "KLR", "KTK", "LCI", "LEA", "LEB", "LRW", "LTR", "M10", "M11", "M12", "M13", "M14", "M15", "M19", "M20", "M21", "MBS", "ME1", "ME3", "MH2", "MH3", "MID", "MIR", "MKM", "MMQ", "MOM", "MRD", "NEO", "NPH", "ODY", "OLEP", "ONE", "ONS", "ORI", "OTJ", "P02", "P23", "PAL00", "PAL01", "PAL03", "PAL04", "PAL05", "PAL06", "PAL99", "PALP", "PANA", "PARL", "PC2", "PCA", "PD2", "PELP", "PF19", "PF20", "PGPX", "PGRU", "PIP", "PL24", "PLST", "PMPS", "PMPS06", "PMPS07", "PMPS08", "PMPS09", "PMPS10", "PMPS11", "POR", "PPP1", "PRM", "PRW2", "PRWK", "PS11", "PSAL", "PSS2", "PSS3", "PSS4", "PTC", "PTK", "PZ2", "RAV", "REX", "RIX", "RNA", "ROE", "RQS", "RTR", "S99", "SCD", "SHM", "SIR", "SLD", "SNC", "SOI", "SOM", "STX", "SUM", "TD0", "THB", "THS", "TMP", "TPR", "TSP", "UGL", "UND", "UNF", "UNH", "USG", "UST", "VOW", "WAR", "WC00", "WC01", "WC02", "WC03", "WC97", "WC98", "WC99", "WHO", "WOE", "XANA", "XLN", "ZEN", "ZNR"], "purchaseUrls": {"tcgplayer": "https://mtgjson.com/links/1141a7ab225a1969"}, "rarity": "common", "setCode": "10E", "sourceProducts": {"foil": ["c690e178-661d-5e17-9b29-a5bf6319a844"], "nonfoil": ["c690e178-661d-5e17-9b29-a5bf6319a844", "dba0b628-9426-594c-a71a-02c003e7f63b", "fdc9f92b-db28-5dfd-95bb-3ded52698ea0"]}, "subtypes": ["Mountain"], "supertypes": ["Basic"], "text": "({T}: Add {R}.)", "type": "Basic Land — Mountain", "types": ["Land"], "uuid": "c1f98960-ef31-5ec9-af8d-d6d56169047b", "variations": ["3e12f3ab-96ab-5d5a-8bed-92b37ffee9aa", "87d6bcfb-0e75-59f7-be6c-30aa7c344ccb", "47e1bdab-e112-526d-bd9f-7f1cffef7187"]}, {"artist": "Greg Staples", "artistIds": ["93d65564-bf00-447b-8406-e2031f03b6b1"], "availability": ["mtgo", "paper"], "boosterTypes": ["default"], "borderColor": "black", "colorIdentity": ["R"], "colors": ["R"], "convertedManaCost": 4.0, "count": 1, "edhrecRank": 25225, "finishes": ["nonfoil"], "flavorText": "\"They who challenge a minotaur enjoy the taste of their own blood.\"\n—Mirri of the *Weatherlight*", "foreignData": [{"flavorText": "„Wer sein eigenes Blut schmecken will, muss nur einen Minotauren herausfordern.\" —Mirri von der Wetterlicht", "identifiers": {"multiverseId": "148410", "scryfallId": "ee1c8606-2f38-4434-bf59-c22a86f3bf7a"}, "language": "German", "multiverseId": 148410, "name": "Anaba-Leibwächter", "text": "Erstschlag (Diese Kreatur fügt Kampfschaden vor Kreaturen ohne Erstschlag zu.)", "type": "Kreatur — Minotaurus"}, {"flavorText": "\"Aquellos que desafían a un minotauro disfrutan el sabor de su propia sangre.\" —Mirri del Vientoligero", "identifiers": {"multiverseId": "150503", "scryfallId": "895711db-3636-4b2c-b015-91540da835ab"}, "language": "Spanish", "multiverseId": 150503, "name": "Guardaespaldas de Anaba", "text": "Daña primero. (Esta criatura hace daño de combate antes que las criaturas sin la habilidad de dañar primero.)", "type": "Criatura — Minotauro"}, {"flavorText": "« Quiconque défie un minotaure doit aimer le goût de son propre sang. » —Mirri de l'Aquilon", "identifiers": {"multiverseId": "150120", "scryfallId": "80a4814e-6e9b-4925-9a55-69daaae74cbe"}, "language": "French", "multiverseId": 150120, "name": "Garde du corps anabaan", "text": "Initiative (Cette créature inflige des blessures de combat avant les créatures sans l'initiative.)", "type": "Créature : minotaure"}, {"flavorText": "\"Quanti sfidano un minotauro sentono il sapore del loro stesso sangue.\" —Mirri della Cavalcavento", "identifiers": {"multiverseId": "148793", "scryfallId": "257863f8-828e-46f6-a2e0-29f678e68163"}, "language": "Italian", "multiverseId": 148793, "name": "Guardia del Corpo di Anaba", "text": "Attacco improvviso (Questa creatura infligge danno da combattimento prima delle creature senza attacco improvviso.)", "type": "Creatura — Minotauro"}, {"flavorText": "ミノタウロスに挑むのなんて、自分の血を味わいたいやつだけね。 ――ウェザーライト号のミリー", "identifiers": {"multiverseId": "148027", "scryfallId": "02d6114b-43a0-4243-b2d1-868b2064e247"}, "language": "Japanese", "multiverseId": 148027, "name": "アナーバのボディガード", "text": "先制攻撃 （このクリーチャーは先制攻撃を持たないクリーチャーよりも先に戦闘ダメージを与える。）", "type": "クリーチャー — ミノタウルス"}, {"flavorText": "\"Aqueles que desafiam um minotauro apreciam o gosto de seu próprio sangue.\" — Mirri dos Bons Ventos", "identifiers": {"multiverseId": "149737", "scryfallId": "671fddab-fac4-4d93-a343-334739194d41"}, "language": "Portuguese (Brazil)", "multiverseId": 149737, "name": "Guarda-Costas de Anaba", "text": "Iniciativa (Esta criatura causa dano de combate antes de criaturas sem a habilidade de iniciativa.)", "type": "Criatura — Minotauro"}, {"flavorText": "\"Тем, кто бросает вызов минотавру, суждено узнать вкус собственной крови\". — Мирри с Везерлайта", "identifiers": {"multiverseId": "149354", "scryfallId": "5afc0266-220d-4fa3-bf0f-e6ae43071a63"}, "language": "Russian", "multiverseId": 149354, "name": "Телохранитель Анаба", "text": "Первый удар (Это существо наносит боевые повреждения раньше существ без Первого удара.)", "type": "Существо — Минотавр"}, {"flavorText": "「想挑战牛头怪的人，应该会喜欢自己鲜血的味道。」 ～晴空号的米丽", "identifiers": {"multiverseId": "147644", "scryfallId": "2642fc48-20ad-4f24-a348-e6521deac4cc"}, "language": "Chinese Simplified", "multiverseId": 147644, "name": "阿那巴保镖", "text": "先攻（此生物会比不具先攻异能的生物提前造成战斗伤害。）", "type": "生物～牛头怪"}], "frameVersion": "2003", "hasFoil": false, "hasNonFoil": true, "identifiers": {"cardsphereFoilId": "17", "cardsphereId": "18", "mcmId": "16351", "mcmMetaId": "149", "mtgjsonFoilVersionId": "08099cff-a271-54f1-942e-2fe7101c7bac", "mtgjsonV4Id": "fe4aa077-872f-58b2-bc37-80164f869895", "mtgoFoilId": "26987", "mtgoId": "26986", "multiverseId": "134753", "scryfallCardBackId": "0aeebaf5-8c7d-4636-9e82-8c27447861f7", "scryfallId": "6fdd01bd-ab41-4005-8807-46db0cfc4da4", "scryfallIllustrationId": "09055672-89f2-400f-95ab-056e1acace04", "scryfallOracleId": "8c64db66-879e-46ad-9d11-8a95b6cf5d19", "tcgplayerProductId": "15031"}, "isFoil": false, "isReprint": true, "keywords": ["First strike"], "language": "English", "layout": "normal", "legalities": {"commander": "Legal", "duel": "Legal", "legacy": "Legal", "modern": "Legal", "oathbreaker": "Legal", "pauper": "Legal", "paupercommander": "Legal", "penny": "Legal", "predh": "Legal", "premodern": "Legal", "vintage": "Legal"}, "manaCost": "{3}{R}", "manaValue": 4.0, "name": "Anaba Bodyguard", "number": "187", "originalText": "First strike", "originalType": "Creature - Minotaur", "power": "2", "printings": ["10E", "6ED", "HML"], "purchaseUrls": {"cardmarket": "https://mtgjson.com/links/62e6c85d3aa21a82", "tcgplayer": "https://mtgjson.com/links/32fcc2baa4de3d6e"}, "rarity": "common", "setCode": "10E", "sourceProducts": {"nonfoil": ["c690e178-661d-5e17-9b29-a5bf6319a844", "dba0b628-9426-594c-a71a-02c003e7f63b"]}, "subtypes": ["Minotaur"], "supertypes": [], "text": "First strike (This creature deals combat damage before creatures without first strike.)", "toughness": "3", "type": "Creature — Minotaur", "types": ["Creature"], "uuid": "5119e249-f9be-56b3-9deb-72d7cba52ea8", "variations": ["08099cff-a271-54f1-942e-2fe7101c7bac"]}, {"artist": "Warren Mahy", "artistIds": ["002c739e-aa1f-4c1d-921b-37cb2d1b1c5b"], "availability": ["mtgo", "paper"], "boosterTypes": ["default"], "borderColor": "black", "colorIdentity": ["R"], "colors": ["R"], "convertedManaCost": 6.0, "count": 1, "edhrecRank": 26381, "edhrecSaltiness": 0.44, "finishes": ["nonfoil", "foil"], "flavorText": "The angriest of giants are often the most skillful weaponsmiths. Their grudges fuel endless sessions at the forge, all the while growling ferociously to themselves.", "foreignData": [{"flavorText": "Die wütendsten Riesen sind meistens die besten Waffenschmiede. Sie reagieren sich in ihrer Werkstatt ab, während sie wild vor sich hin grummeln.", "identifiers": {"multiverseId": "154458", "scryfallId": "5d72c12e-3273-434d-9f39-24b390f83f53"}, "language": "German", "multiverseId": 154458, "name": "Äxteschleifender Riese", "type": "Kreatur — Riese, Krieger"}, {"flavorText": "Los gigantes más iracundos son normalmente los armeros más diestros. Sus agravios avivan interminables sesiones en la fragua, mientras se gruñen ferozmente a sí mismos.", "identifiers": {"multiverseId": "156575", "scryfallId": "3df7079e-8453-4cba-9d21-f4e68ac8c348"}, "language": "Spanish", "multiverseId": 156575, "name": "Gigante tritura hachas", "type": "Criatura — Guerrero gigante"}, {"flavorText": "Les géants les plus féroces font souvent les armuriers les plus habiles. Ils passent de longues journées à la forge, martelant le métal tout en grognant leur rage.", "identifiers": {"multiverseId": "155371", "scryfallId": "c5f933a1-6183-464d-9378-9733cf29ce52"}, "language": "French", "multiverseId": 155371, "name": "Géant affûte-hache", "type": "Créature : géant et guerrier"}, {"flavorText": "I più irascibili tra i giganti sono spesso i fabbri più abili. Il rancore alimenta le loro interminabili operazioni alla forgia, il tutto mentre brontolano furiosamente tra sé e sé.", "identifiers": {"multiverseId": "155672", "scryfallId": "f30a540d-4f6c-4dc5-bdb2-ffefb3712635"}, "language": "Italian", "multiverseId": 155672, "name": "Gigante Affilamannaia", "type": "Creatura — Guerriero Gigante"}, {"flavorText": "一番怒りっぽい巨人が一番腕のいい武器鍜治だということがよくある。 凶暴なうなり声を上げながら、その恨みを燃料に炉に向かい続けるからだ。", "identifiers": {"multiverseId": "155973", "scryfallId": "2964eeea-21af-4853-95c1-62555dc8f8ba"}, "language": "Japanese", "multiverseId": 155973, "name": "斧研ぎの巨人", "type": "クリーチャー — 巨人・戦士"}, {"flavorText": "O mais colérico dos gigantes geralmente também é o mais habilidoso armeiro. Sua amargura alimenta sessões intermináveis na forja, durante as quais passa o tempo todo rosnando furiosamente para si mesmo.", "identifiers": {"multiverseId": "156876", "scryfallId": "b0b1d2de-d056-4039-9f29-1cdd47cc4eac"}, "language": "Portuguese (Brazil)", "multiverseId": 156876, "name": "Gigante Amola-Machado", "type": "Criatura — Gigante Guerreiro"}, {"flavorText": "Самые злые гиганты зачастую являются самыми умелыми оружейниками. Разъяренные и злобные, они проводят все время в кузнице, свирепо рыча себе под нос.", "identifiers": {"multiverseId": "156274", "scryfallId": "69ceed12-185b-47e5-99af-e984f2df0aae"}, "language": "Russian", "multiverseId": 156274, "name": "Гигант, Заточник Топоров", "type": "Существо — Гигант Воин"}, {"flavorText": "脾气最糟的巨人通常是最厉害的武器匠。 其恨意驱使他们一面不断以锻炉打磨武器，一面自顾自地怒骂着。", "identifiers": {"multiverseId": "154759", "scryfallId": "aa789ab3-0eb7-469b-82aa-28a54ba62e71"}, "language": "Chinese Simplified", "multiverseId": 154759, "name": "磨斧巨人", "type": "生物～巨人／战士"}], "frameVersion": "2003", "hasFoil": true, "hasNonFoil": true, "identifiers": {"cardsphereFoilId": "25141", "cardsphereId": "25142", "mcmId": "17892", "mcmMetaId": "9263", "mtgjsonV4Id": "5d881e3b-a9af-505a-a395-6512bd75acc8", "mtgoFoilId": "28192", "mtgoId": "28191", "multiverseId": "145976", "scryfallCardBackId": "0aeebaf5-8c7d-4636-9e82-8c27447861f7", "scryfallId": "8595e9a1-010e-48a7-91e4-3d2722c8dbc0", "scryfallIllustrationId": "74294825-ef89-4307-8324-36d27bf77f05", "scryfallOracleId": "c5355c5e-d07d-48ca-90c5-98edcab1a3c7", "tcgplayerProductId": "15418"}, "isFoil": false, "language": "English", "layout": "normal", "legalities": {"commander": "Legal", "duel": "Legal", "legacy": "Legal", "modern": "Legal", "oathbreaker": "Legal", "pauper": "Legal", "paupercommander": "Legal", "penny": "Legal", "predh": "Legal", "vintage": "Legal"}, "manaCost": "{4}{R}{R}", "manaValue": 6.0, "name": "Axegrinder Giant", "number": "151", "originalType": "Creature - Giant Warrior", "power": "6", "printings": ["LRW", "PS11"], "purchaseUrls": {"cardmarket": "https://mtgjson.com/links/67a77da8f300c552", "tcgplayer": "https://mtgjson.com/links/a0ca7c2b11a8d7cb"}, "rarity": "common", "setCode": "LRW", "sourceProducts": {"foil": ["17d7dd33-f196-53f9-aa62-f12b5a5a32b4"], "nonfoil": ["17d7dd33-f196-53f9-aa62-f12b5a5a32b4", "220a5e02-5213-5d46-a9d1-d322b74f05a6", "9551ee44-ac0a-5511-b1a6-e30f4389ebec", "dba0b628-9426-594c-a71a-02c003e7f63b"]}, "subtypes": ["Giant", "Warrior"], "supertypes": [], "toughness": "4", "type": "Creature — Giant Warrior", "types": ["Creature"], "uuid": "48cb95c3-f6b0-5c6f-9fb7-ff982f01d4eb"}, {"artist": "Daren Bader", "artistIds": ["7da1a585-c875-45e4-b322-5da9e8e1f651"], "availability": ["mtgo", "paper"], "boosterTypes": ["default"], "borderColor": "black", "colorIdentity": ["R"], "colors": ["R"], "convertedManaCost": 1.0, "count": 2, "edhrecRank": 24239, "edhrecSaltiness": 0.11, "finishes": ["nonfoil", "foil"], "flavorText": "When he hits people, they stay hit.", "foreignData": [{"flavorText": "Wenn er Leute schlägt, sind sie geschlagen.", "identifiers": {"multiverseId": "154532", "scryfallId": "2a05b6c7-8548-4373-9172-e4618fd6746c"}, "language": "German", "multiverseId": 154532, "name": "Raufbold der Flammensippe", "text": "{R}: Der Raufbold der Flammensippe erhält +1/+0 bis zum Ende des Zuges.", "type": "Kreatur — Elementarwesen, Krieger"}, {"flavorText": "Cuando quema gente, se quedan quemados.", "identifiers": {"multiverseId": "156649", "scryfallId": "0cac3867-f9c1-4e65-b9a3-4264fe54ca57"}, "language": "Spanish", "multiverseId": 156649, "name": "Pendenciero llameante", "text": "{R}: El Pendenciero llameante obtiene +1/+0 hasta el final del turno.", "type": "Criatura — Guerrero elemental"}, {"flavorText": "Quand il frappe, il frappe.", "identifiers": {"multiverseId": "155445", "scryfallId": "438aac63-b0f9-4ea5-9f98-e378ed456447"}, "language": "French", "multiverseId": 155445, "name": "Bagarreur sangpyre", "text": "{R} : Le Bagarreur sangpyre gagne +1/+0 jusqu'à la fin du tour.", "type": "Créature : élémental et guerrier"}, {"flavorText": "Quando colpisce, ne rimangono colpiti.", "identifiers": {"multiverseId": "155746", "scryfallId": "ab88fc76-cbb5-4306-b314-a1efc62793e2"}, "language": "Italian", "multiverseId": 155746, "name": "Ignifero Lottatore", "text": "{R}: L'Ignifero Lottatore prende +1/+0 fino alla fine del turno.", "type": "Creatura — Guerriero Elementale"}, {"flavorText": "一度殴れば、殴り続ける。", "identifiers": {"multiverseId": "156047", "scryfallId": "6fca8d72-d38f-4c61-a133-914f17ee8fa5"}, "language": "Japanese", "multiverseId": 156047, "name": "炎族の喧嘩屋", "text": "{R}：炎族の喧嘩屋はターン終了時まで＋１/＋０の修整を受ける。", "type": "クリーチャー — エレメンタル・戦士"}, {"flavorText": "Quando ele bate, ele bate mesmo.", "identifiers": {"multiverseId": "156950", "scryfallId": "22658527-dad1-4be5-9d13-f4ed2467c1d3"}, "language": "Portuguese (Brazil)", "multiverseId": 156950, "name": "Rufião Flamíneo", "text": "{R}: Rufião Flamíneo recebe +1/+0 até o final do turno.", "type": "Criatura — Elemental Guerreiro"}, {"flavorText": "Если уж он даст, то даст больно.", "identifiers": {"multiverseId": "156348", "scryfallId": "0f5ab0d8-f0a1-4975-9dc9-a00e36e1b0a6"}, "language": "Russian", "multiverseId": 156348, "name": "Пламенник-Буян", "text": "{R}: Пламенник-Буян получает +1/+0 до конца хода.", "type": "Существо — Элементаль Воин"}, {"flavorText": "把人烫到最高点。", "identifiers": {"multiverseId": "154833", "scryfallId": "00880657-b69f-4dbc-87ef-8425b781f9ab"}, "language": "Chinese Simplified", "multiverseId": 154833, "name": "炎身喧哗兵", "text": "{R}：炎身喧哗兵得+1/+0直到回合结束。", "type": "生物～元素／战士"}], "frameVersion": "2003", "hasFoil": true, "hasNonFoil": true, "identifiers": {"cardsphereFoilId": "25294", "cardsphereId": "25295", "mcmId": "17907", "mcmMetaId": "9278", "mtgjsonV4Id": "58835e2a-9f82-59e6-8404-95fe83856ca8", "mtgoFoilId": "28278", "mtgoId": "28277", "multiverseId": "139461", "scryfallCardBackId": "0aeebaf5-8c7d-4636-9e82-8c27447861f7", "scryfallId": "301abe8f-916a-4e5b-bf25-f1e12ae9cee2", "scryfallIllustrationId": "4b9f4dfa-2b05-47fd-8fb8-d03df49bcfae", "scryfallOracleId": "9e3dd85c-ba19-4d22-9f90-252676f3cffa", "tcgplayerProductId": "15492"}, "isFoil": false, "language": "English", "layout": "normal", "legalities": {"commander": "Legal", "duel": "Legal", "legacy": "Legal", "modern": "Legal", "oathbreaker": "Legal", "pauper": "Legal", "paupercommander": "Legal", "penny": "Legal", "predh": "Legal", "vintage": "Legal"}, "manaCost": "{R}", "manaValue": 1.0, "name": "Flamekin Brawler", "number": "166", "originalText": "{R}: Flamekin Brawler gets +1/+0 until end of turn.", "originalType": "Creature - Elemental Warrior", "power": "0", "printings": ["DD2", "JVC", "LRW", "PS11"], "purchaseUrls": {"cardmarket": "https://mtgjson.com/links/bf44740ab01743f7", "tcgplayer": "https://mtgjson.com/links/0757db8d1bc860a1"}, "rarity": "common", "setCode": "LRW", "sourceProducts": {"foil": ["17d7dd33-f196-53f9-aa62-f12b5a5a32b4"], "nonfoil": ["17d7dd33-f196-53f9-aa62-f12b5a5a32b4", "220a5e02-5213-5d46-a9d1-d322b74f05a6", "5c14f3d0-4ba5-518c-b29b-42d1f5b9a14e", "dba0b628-9426-594c-a71a-02c003e7f63b"]}, "subtypes": ["Elemental", "Warrior"], "supertypes": [], "text": "{R}: Flamekin Brawler gets +1/+0 until end of turn.", "toughness": "2", "type": "Creature — Elemental Warrior", "types": ["Creature"], "uuid": "79a77f55-165a-5746-8b8f-4a73dca55de9"}, {"artist": "Kev Walker", "artistIds": ["f366a0ee-a0cd-466d-ba6a-90058c7a31a6"], "availability": ["mtgo", "paper"], "boosterTypes": ["default"], "borderColor": "black", "colorIdentity": ["R"], "colors": ["R"], "convertedManaCost": 4.0, "count": 1, "edhrecRank": 25587, "finishes": ["nonfoil", "foil"], "flavorText": "Fortunately, hill giants have large blind spots in which a human can easily hide. Unfortunately, these blind spots are beneath the bottoms of their feet.", "foreignData": [{"flavorText": "Glücklicherweise haben Hügelriesen große tote Winkel, in denen sich ein Mensch leicht verstecken kann. Leider jedoch befinden sich diese toten Winkel genau unter ihren Fußsohlen.", "identifiers": {"multiverseId": "148541", "scryfallId": "da036a4d-8f88-4bb2-8dd2-6505240c0fcc"}, "language": "German", "multiverseId": 148541, "name": "Hügelriese", "type": "Kreatur — Riese"}, {"flavorText": "Afortunadamente, los gigantes de las colinas tienen un punto ciego donde un humano puede fácilmente esconderse. Desafortunadamente, ese punto ciego está bajo sus pies.", "identifiers": {"multiverseId": "150528", "scryfallId": "4abd966a-81fd-48c6-8f82-13b98fa89a58"}, "language": "Spanish", "multiverseId": 150528, "name": "Gigante de las colinas", "type": "Criatura — Gigante"}, {"flavorText": "Heureusement, il est facile de se cacher du regard d'un géant des collines. Malheureusement, ces cachettes sont toutes sous la plante de leurs pieds.", "identifiers": {"multiverseId": "150145", "scryfallId": "9af3a213-c11c-4ef5-9509-fa6e980e1dc0"}, "language": "French", "multiverseId": 150145, "name": "Géant des collines", "type": "Créature : géant"}, {"flavorText": "Per fortuna, i giganti delle colline hanno grandi zone cieche in cui un uomo può nascondersi. Sfortunatamente, queste zone sono sotto ai loro piedi.", "identifiers": {"multiverseId": "148924", "scryfallId": "dca4f7e0-ebda-4daf-85cd-25d9b20f5400"}, "language": "Italian", "multiverseId": 148924, "name": "Gigante delle Colline", "type": "Creatura — Gigante"}, {"flavorText": "幸運なことに、丘巨人には人間が簡単に隠れられる大きな死角がある。 不幸なのは、この死角が彼らの足の裏の下にあることだ。", "identifiers": {"multiverseId": "148158", "scryfallId": "a4e91307-067d-4e09-9074-35179c93f9a1"}, "language": "Japanese", "multiverseId": 148158, "name": "丘巨人", "type": "クリーチャー — 巨人"}, {"flavorText": "Felizmente, os gigantes da colina têm grandes pontos cegos, nos quais um ser humano pode se esconder com facilidade. Infelizmente, estes pontos ficam debaixo da sola de seus pés.", "identifiers": {"multiverseId": "149762", "scryfallId": "a875230b-5b67-46ef-a86f-24623aaf33bb"}, "language": "Portuguese (Brazil)", "multiverseId": 149762, "name": "Gigante da Colina", "type": "Criatura — Gigante"}, {"flavorText": "Хорошо, что есть зоны, которые не попадают в поле зрения гиганта с холмов и где человек может легко от него укрыться. Плохо, что эти \"мертвые\" зоны находятся у гиганта под пятками.", "identifiers": {"multiverseId": "149379", "scryfallId": "ac21c428-6eac-4cf2-ac18-e309ba5cb75a"}, "language": "Russian", "multiverseId": 149379, "name": "Гигант с Холмов", "type": "Существо — Гигант"}, {"flavorText": "幸运地，山丘巨人有着可让人类轻易躲藏的大盲点； 不幸地，这些盲点正位于其脚底下。", "identifiers": {"multiverseId": "147775", "scryfallId": "cac8551d-40ad-4886-a717-b158ddb7f7bc"}, "language": "Chinese Simplified", "multiverseId": 147775, "name": "山丘巨人", "type": "生物～巨人"}], "frameVersion": "2003", "hasFoil": true, "hasNonFoil": true, "identifiers": {"cardsphereFoilId": "281", "cardsphereId": "282", "mcmId": "16376", "mcmMetaId": "2696", "mtgjsonV4Id": "fc91917e-cc6f-57d7-8645-9f09625041f7", "mtgoFoilId": "27041", "mtgoId": "27040", "multiverseId": "129591", "scryfallCardBackId": "0aeebaf5-8c7d-4636-9e82-8c27447861f7", "scryfallId": "14c2be6a-9ca6-4d3a-8dd0-db4ea40799f8", "scryfallIllustrationId": "fd46160d-4dd0-4ab6-b452-cff004f5e6f2", "scryfallOracleId": "342199e0-15b6-4824-83da-25caef2592b3", "tcgplayerProductId": "15162"}, "isFoil": false, "isReprint": true, "language": "English", "layout": "normal", "legalities": {"commander": "Legal", "duel": "Legal", "legacy": "Legal", "modern": "Legal", "oathbreaker": "Legal", "pauper": "Legal", "paupercommander": "Legal", "penny": "Legal", "predh": "Legal", "premodern": "Legal", "vintage": "Legal"}, "manaCost": "{3}{R}", "manaValue": 4.0, "name": "Hill Giant", "number": "212", "originalType": "Creature - Giant", "power": "3", "printings": ["10E", "2ED", "30A", "3ED", "4BB", "4ED", "5ED", "7ED", "8ED", "9ED", "CED", "CEI", "DPA", "FBB", "ITP", "LEA", "LEB", "POR", "PS11", "RQS", "SUM"], "purchaseUrls": {"cardmarket": "https://mtgjson.com/links/377607fbe608a123", "tcgplayer": "https://mtgjson.com/links/ec5e772bcfd3b2de"}, "rarity": "common", "setCode": "10E", "sourceProducts": {"foil": ["c690e178-661d-5e17-9b29-a5bf6319a844"], "nonfoil": ["c690e178-661d-5e17-9b29-a5bf6319a844", "dba0b628-9426-594c-a71a-02c003e7f63b"]}, "subtypes": ["Giant"], "supertypes": [], "toughness": "3", "type": "Creature — Giant", "types": ["Creature"], "uuid": "39f4ab79-50be-53cd-b422-354d0b320126"}, {"artist": "Kev Walker", "artistIds": ["f366a0ee-a0cd-466d-ba6a-90058c7a31a6"], "availability": ["mtgo", "paper"], "boosterTypes": ["default"], "borderColor": "black", "colorIdentity": ["R"], "colors": ["R"], "convertedManaCost": 4.0, "count": 2, "edhrecRank": 22587, "edhrecSaltiness": 0.12, "finishes": ["nonfoil"], "flavorText": "\"A flash of the lightning, a break of the wave,\nHe passes from life to his rest in the grave.\"\n—William Knox, \"Mortality\"", "foreignData": [{"flavorText": "„Ein Blitz im Gewitter kommt leuchtend herab, er scheidet vom Leben und ruht jetzt im Grab.\" —William Knox, „Sterblichkeit\"", "identifiers": {"multiverseId": "148572", "scryfallId": "d7d92dfb-6dac-4c62-b314-1f7d9fe9cdaa"}, "language": "German", "multiverseId": 148572, "name": "Blitzelementar", "text": "Eile (Diese Kreatur kann angreifen und {T}, sobald sie unter deine Kontrolle kommt.)", "type": "Kreatur — Elementarwesen"}, {"flavorText": "\"Un destello del relámpago, un rompimiento de la ola, Él pasa de la vida a descansar en la tumba.\" William Knox, \"Mortalidad\"", "identifiers": {"multiverseId": "150533", "scryfallId": "2166cd8d-0ca9-4648-84fe-9846e3667477"}, "language": "Spanish", "multiverseId": 150533, "name": "Elemental de rayos", "text": "Prisa. (Esta criatura puede atacar y {T} tan pronto como entre bajo tu control.)", "type": "Criatura — Elemental"}, {"flavorText": "« Je vais, d'un coup de poing, te briser comme verre (…)Ou te jeter si haut au-dessus des éclairs, Que tu sois dévoré des feux élémentaires. » —Corneille, L'Illusion comique", "identifiers": {"multiverseId": "150150", "scryfallId": "e9fb7407-f4ed-41e0-addc-f44e3b302c12"}, "language": "French", "multiverseId": 150150, "name": "Élémental d'éclair", "text": "Célérité (Cette créature peut attaquer et {T} dès le tour où elle arrive sous votre contrôle.)", "type": "Créature : élémental"}, {"flavorText": "\"Un lampo di luce, uno strappo dell'onda, Passa dalla vita al proprio riposo nella bara.\" —William Knox, \"Mortalità\"", "identifiers": {"multiverseId": "148955", "scryfallId": "588b5799-7c3e-49b1-bf1a-fce8413df5a5"}, "language": "Italian", "multiverseId": 148955, "name": "Elementale dei Fulmini", "text": "Rapidità (Questa creatura può attaccare e {T} non appena entra sotto il tuo controllo.)", "type": "Creatura — Elementale"}, {"flavorText": "稲妻のきらめき、波のひと砕き、 彼は生から墓所の休息へと移っていった。 ――ウィリアム・ノックス「死すべきもの」", "identifiers": {"multiverseId": "148189", "scryfallId": "0e9dd43b-c10d-435d-8720-eb428f6507ff"}, "language": "Japanese", "multiverseId": 148189, "name": "稲妻の精霊", "text": "速攻 （このクリーチャーは、あなたのコントロール下になってすぐに攻撃したり{T}能力を使ったりできる。）", "type": "クリーチャー — エレメンタル"}, {"flavorText": "\"Um clarão de relâmpago, o quebrar de uma onda, Da vida ele passa, ao repouso na cova funda.\" — William Knox, \"Mortalidade\"", "identifiers": {"multiverseId": "149767", "scryfallId": "5a0b3760-08ef-4af9-8e97-4f2795bb8b66"}, "language": "Portuguese (Brazil)", "multiverseId": 149767, "name": "Elemental do Relâmpago", "text": "Ímpeto (Esta criatura pode atacar e {T} assim que entra sob seu controle.)", "type": "Criatura — Elemental"}, {"flavorText": "\"Блеск молнии, бушующий прибой, И он навеки обретет покой\". — Уильям Нокс, \"Смертный\"", "identifiers": {"multiverseId": "149384", "scryfallId": "09aee89a-3493-44b0-be78-172e31fb86aa"}, "language": "Russian", "multiverseId": 149384, "name": "Элементаль Молний", "text": "Ускорение (Это существо может атаковать и {T}, как только оно попадает под ваш контроль.)", "type": "Существо — Элементаль"}, {"flavorText": "「闪耀的光芒，波动的裂隙， 他穿过生命直达墓场而安息。」 ～威廉·诺克斯，「凡命」", "identifiers": {"multiverseId": "147806", "scryfallId": "9d89db9d-070e-4f89-b979-3a2a3d59048f"}, "language": "Chinese Simplified", "multiverseId": 147806, "name": "闪电元素", "text": "敏捷（此生物受你操控时便能攻击与{T}。）", "type": "生物～元素"}], "frameVersion": "2003", "hasFoil": false, "hasNonFoil": true, "identifiers": {"cardsphereFoilId": "343", "cardsphereId": "344", "mcmId": "16381", "mcmMetaId": "3296", "mtgjsonFoilVersionId": "265e33a7-c32f-5177-8b16-8998931bc8a4", "mtgjsonV4Id": "59cfb273-fc7e-5881-ab31-f82f7db2a020", "mtgoFoilId": "27407", "mtgoId": "27406", "multiverseId": "129624", "scryfallCardBackId": "0aeebaf5-8c7d-4636-9e82-8c27447861f7", "scryfallId": "9a557c16-2b58-45c4-9e97-cf6047a83d17", "scryfallIllustrationId": "a0dd9a45-c434-4d8e-98df-5599844ebf36", "scryfallOracleId": "58aee5cb-7b88-446e-ab10-9f83c10d7227", "tcgplayerProductId": "15192"}, "isFoil": false, "isReprint": true, "keywords": ["Haste"], "language": "English", "layout": "normal", "legalities": {"brawl": "Legal", "commander": "Legal", "duel": "Legal", "gladiator": "Legal", "historic": "Legal", "legacy": "Legal", "modern": "Legal", "oathbreaker": "Legal", "pauper": "Legal", "paupercommander": "Legal", "penny": "Legal", "predh": "Legal", "premodern": "Legal", "timeless": "Legal", "vintage": "Legal"}, "manaCost": "{3}{R}", "manaValue": 4.0, "name": "Lightning Elemental", "number": "217", "originalText": "Haste", "originalType": "Creature - Elemental", "power": "4", "printings": ["10E", "7ED", "8ED", "9ED", "BRB", "DPA", "JMP", "M10", "M12", "PS11", "TMP"], "purchaseUrls": {"cardmarket": "https://mtgjson.com/links/d46fcabc8e925505", "tcgplayer": "https://mtgjson.com/links/ce1c6d3a3a7ba5e0"}, "rarity": "common", "setCode": "10E", "sourceProducts": {"nonfoil": ["c690e178-661d-5e17-9b29-a5bf6319a844", "dba0b628-9426-594c-a71a-02c003e7f63b", "fdc9f92b-db28-5dfd-95bb-3ded52698ea0"]}, "subtypes": ["Elemental"], "supertypes": [], "text": "Haste (This creature can attack and {T} as soon as it comes under your control.)", "toughness": "1", "type": "Creature — Elemental", "types": ["Creature"], "uuid": "0c77c055-2d74-5328-b3b1-eb4f9e1ad63f", "variations": ["265e33a7-c32f-5177-8b16-8998931bc8a4"]}, {"artist": "Jeremy Jarvis", "artistIds": ["b40ac320-89b4-4c51-a85f-4a4b63ae614e"], "availability": ["mtgo", "paper"], "boosterTypes": ["default"], "borderColor": "black", "colorIdentity": ["R"], "colors": ["R"], "convertedManaCost": 3.0, "count": 1, "edhrecRank": 7645, "finishes": ["nonfoil", "foil"], "flavorText": "\"What am I looking at? Ashes, dead man.\"", "foreignData": [{"flavorText": "„Was ich gerade betrachte? Asche, toter Mann.\"", "identifiers": {"multiverseId": "148640", "scryfallId": "f56859ec-0aec-4b5a-88ca-7869c7a82c7f"}, "language": "German", "multiverseId": 148640, "name": "Verschwenderischer Feuerkundler", "text": "{T}: Der Verschwenderische Feuerkundler fügt einer Kreatur oder einem Spieler deiner Wahl 1 Schadenspunkt zu.", "type": "Kreatur — Mensch, Zauberer"}, {"flavorText": "\"¿Qué estoy mirando? Cenizas y un hombre muerto.\"", "identifiers": {"multiverseId": "150537", "scryfallId": "775098b3-266e-40c5-9092-001c29f241b1"}, "language": "Spanish", "multiverseId": 150537, "name": "Piromante pródigo", "text": "{T}: El Piromante pródigo hace 1 punto de daño a la criatura o jugador objetivo.", "type": "Criatura — Hechicero humano"}, {"flavorText": "« Qu'est-ce que c'est ? Tes cendres, moribond. »", "identifiers": {"multiverseId": "150154", "scryfallId": "c9b9bbb8-2829-4087-aece-fdd68a2d5148"}, "language": "French", "multiverseId": 150154, "name": "Pyromancien sybarite", "text": "{T} : Le Pyromancien sybarite inflige 1 blessure à une cible, créature ou joueur.", "type": "Créature : humain et sorcier"}, {"flavorText": "\"Cosa sto guardando? Ceneri, uomo morto.\"", "identifiers": {"multiverseId": "149023", "scryfallId": "0604056c-9259-40be-9c53-cff0f4d177be"}, "language": "Italian", "multiverseId": 149023, "name": "Piromante Errante", "text": "{T}: Il Piromante Errante infligge 1 danno a una creatura o a un giocatore bersaglio.", "type": "Creatura — Mago Umano"}, {"flavorText": "どこ見てるって？ 灰だよ、この死人が。", "identifiers": {"multiverseId": "148257", "scryfallId": "49cc2e89-990a-4549-9028-bd04d9b1eaff"}, "language": "Japanese", "multiverseId": 148257, "name": "放蕩紅蓮術士", "text": "{T}：クリーチャー１体かプレイヤー１人を対象とする。放蕩紅蓮術士はそれに１点のダメージを与える。", "type": "クリーチャー — 人間・ウィザード"}, {"flavorText": "\"O que estou olhando? Cinzas, homem morto.\"", "identifiers": {"multiverseId": "149771", "scryfallId": "ba8db4f7-6f52-484e-9d22-1a98154f25c5"}, "language": "Portuguese (Brazil)", "multiverseId": 149771, "name": "Piromante Pródigo", "text": "{T}: Piromante Pródigo causa 1 ponto de dano à criatura ou ao jogador alvo.", "type": "Criatura — Humano Mago"}, {"flavorText": "\"На что я смотрю? На пепел, покойник вы мой\".", "identifiers": {"multiverseId": "149388", "scryfallId": "34ca064c-b899-4ee1-aca6-b44cdb203108"}, "language": "Russian", "multiverseId": 149388, "name": "Гениальный Пиротехник", "text": "{T}: Гениальный Пиротехник наносит 1 повреждение целевому существу или игроку.", "type": "Существо — Человек Чародей"}, {"flavorText": "「我在看什么？ 灰烬，死人。」", "identifiers": {"multiverseId": "147874", "scryfallId": "8a43a1ac-3198-451f-8d88-72d16b797e42"}, "language": "Chinese Simplified", "multiverseId": 147874, "name": "放荡烈焰术士", "text": "{T}：放荡烈焰术士对目标生物或牌手造成1点伤害。", "type": "生物～人类／法术师"}], "frameVersion": "2003", "hasFoil": true, "hasNonFoil": true, "identifiers": {"cardsphereFoilId": "48192", "cardsphereId": "479", "mcmId": "16385", "mcmMetaId": "8704", "mtgjsonV4Id": "c1dc3859-68cf-572c-819c-f368c26d1e5e", "mtgoFoilId": "26989", "mtgoId": "26988", "multiverseId": "134752", "scryfallCardBackId": "0aeebaf5-8c7d-4636-9e82-8c27447861f7", "scryfallId": "e6023c95-8cd8-4f12-960a-6557fbefd628", "scryfallIllustrationId": "072dc11f-0bc6-4289-ae8e-14bf545d8b3f", "scryfallOracleId": "29b3cb3e-aeb1-43eb-8095-9f7881aa34bd", "tcgplayerProductId": "15260"}, "isFoil": false, "isReprint": true, "language": "English", "layout": "normal", "legalities": {"commander": "Legal", "duel": "Legal", "legacy": "Legal", "modern": "Legal", "oathbreaker": "Legal", "pauper": "Legal", "paupercommander": "Legal", "penny": "Legal", "predh": "Legal", "vintage": "Legal"}, "manaCost": "{2}{R}", "manaValue": 3.0, "name": "Prodigal Pyromancer", "number": "221", "originalText": "{T}: Prodigal Pyromancer deals 1 damage to target creature or player.", "originalType": "Creature - Human Wizard", "power": "1", "printings": ["10E", "DPA", "IMA", "M10", "M11", "PLC", "PS11", "TSR"], "purchaseUrls": {"cardmarket": "https://mtgjson.com/links/b69f8a71451c8df8", "tcgplayer": "https://mtgjson.com/links/2ae45c6a04b151a7"}, "rarity": "common", "setCode": "10E", "sourceProducts": {"foil": ["c690e178-661d-5e17-9b29-a5bf6319a844"], "nonfoil": ["c690e178-661d-5e17-9b29-a5bf6319a844", "dba0b628-9426-594c-a71a-02c003e7f63b", "fdc9f92b-db28-5dfd-95bb-3ded52698ea0"]}, "subtypes": ["Human", "Wizard"], "supertypes": [], "text": "{T}: Prodigal Pyromancer deals 1 damage to any target.", "toughness": "1", "type": "Creature — Human Wizard", "types": ["Creature"], "uuid": "8b63019c-7755-502c-b599-b264b0b12c13"}, {"artist": "Dan Dos Santos", "artistIds": ["9b55c657-5b5b-4152-a6e2-51180517bfa9"], "availability": ["mtgo", "paper"], "boosterTypes": ["default"], "borderColor": "black", "colorIdentity": ["R"], "colors": ["R"], "convertedManaCost": 3.0, "count": 1, "edhrecRank": 20121, "edhrecSaltiness": 0.11, "finishes": ["nonfoil"], "flavorText": "The erupting flames work as both barrier and weapon.", "foreignData": [{"flavorText": "„Die auflodernden Flammen dienen sowohl als Hindernis als auch als Waffe.\"", "identifiers": {"multiverseId": "148772", "scryfallId": "7394f3e1-0a99-46e4-89c8-1a120ca3f53c"}, "language": "German", "multiverseId": 148772, "name": "Feuerwand", "text": "Verteidiger (Diese Kreatur kann nicht angreifen.)\n{R}: Die Feuerwand erhält +1/+0 bis zum Ende des Zuges.", "type": "Kreatur — Mauer"}, {"flavorText": "Las flamas que brotan sirven tanto de barrera como de arma.", "identifiers": {"multiverseId": "150563", "scryfallId": "e356bddf-3593-4b59-89c9-f9dd147027cd"}, "language": "Spanish", "multiverseId": 150563, "name": "Muro de fuego", "text": "Defensor. (Esta criatura no puede atacar.)\n{R}: El Muro de fuego obtiene +1/+0 hasta el final del turno.", "type": "Criatura — Muro"}, {"flavorText": "Les flammes dansantes sont une arme et un bouclier.", "identifiers": {"multiverseId": "150180", "scryfallId": "cb2727d7-7fa1-4853-ae5a-b70e99548ec0"}, "language": "French", "multiverseId": 150180, "name": "Mur de feu", "text": "Défenseur (Cette créature ne peut pas attaquer.)\n{R} : Le Mur de feu gagne +1/+0 jusqu'à la fin du tour.", "type": "Créature : mur"}, {"flavorText": "Le fiamme ruggenti funzionano sia come barriera che come arma.", "identifiers": {"multiverseId": "149155", "scryfallId": "a1a3f5f0-6329-4287-a30a-ba486dae87cf"}, "language": "Italian", "multiverseId": 149155, "name": "Muro di Fuoco", "text": "Difensore (Questa creatura non può attaccare.)\n{R}: Il Muro di Fuoco prende +1/+0 fino alla fine del turno.", "type": "Creatura — Muro"}, {"flavorText": "燃えさかる火は、障壁にもなり武器にもなる。", "identifiers": {"multiverseId": "148389", "scryfallId": "cbd6c902-a89a-4300-8736-9f7b5544cee0"}, "language": "Japanese", "multiverseId": 148389, "name": "炎の壁", "text": "防衛（このクリーチャーは攻撃できない。）\n{R}：炎の壁はターン終了時まで＋１/＋０の修整を受ける。", "type": "クリーチャー — 壁"}, {"flavorText": "As chamas expelidas funcionam tanto como barreira quanto arma.", "identifiers": {"multiverseId": "149797", "scryfallId": "8ddb2024-1986-4443-8b5a-c9e2ae80d391"}, "language": "Portuguese (Brazil)", "multiverseId": 149797, "name": "Barreira de Fogo", "text": "Defensor (Esta criatura não pode atacar.)\n{R}: Barreira de Fogo recebe +1/+0 até o final do turno.", "type": "Criatura — Barreira"}, {"flavorText": "Полыхающие языки пламени служат и защитой, и оружием нападения.", "identifiers": {"multiverseId": "149414", "scryfallId": "f2ee23fc-3292-4168-87b1-538d52d9a172"}, "language": "Russian", "multiverseId": 149414, "name": "Стена Огня", "text": "Защитник (Это существо не может атаковать.)\n{R}: Стена Огня получает +1/+0 до конца хода.", "type": "Существо — Стена"}, {"flavorText": "爆裂的火焰既是障壁也是武器。", "identifiers": {"multiverseId": "148006", "scryfallId": "a0cafa10-847b-44e9-bfcb-86a6e0c4c857"}, "language": "Chinese Simplified", "multiverseId": 148006, "name": "火墙", "text": "守军（此生物不能攻击。）\n{R}：火墙得+1/+0直到回合结束。", "type": "生物～墙"}], "frameVersion": "2003", "hasFoil": false, "hasNonFoil": true, "identifiers": {"cardsphereFoilId": "744", "cardsphereId": "745", "mcmId": "16411", "mcmMetaId": "6470", "mtgjsonFoilVersionId": "16342dc0-7314-5c08-a076-eeeb1956b7f3", "mtgjsonV4Id": "9541452f-16b5-55e2-a868-fdaeb1aee93f", "mtgoFoilId": "27219", "mtgoId": "27218", "multiverseId": "136284", "scryfallCardBackId": "0aeebaf5-8c7d-4636-9e82-8c27447861f7", "scryfallId": "69e461bb-5d51-4f9c-a753-9fb090f564e8", "scryfallIllustrationId": "2c068d7a-d0f8-4a4f-b5fd-8bdf438fe838", "scryfallOracleId": "f38c8b47-e8e0-4d2f-b1da-d8d986805a48", "tcgplayerProductId": "15392"}, "isFoil": false, "isReprint": true, "keywords": ["Defender"], "language": "English", "layout": "normal", "legalities": {"commander": "Legal", "duel": "Legal", "legacy": "Legal", "modern": "Legal", "oathbreaker": "Legal", "pauper": "Legal", "paupercommander": "Legal", "penny": "Legal", "pioneer": "Legal", "predh": "Legal", "premodern": "Legal", "vintage": "Legal"}, "manaCost": "{1}{R}{R}", "manaValue": 3.0, "name": "Wall of Fire", "number": "247", "originalText": "Defender\n{R}: Wall of Fire gets +1/+0 until end of turn.", "originalType": "Creature - Wall", "power": "0", "printings": ["10E", "2ED", "30A", "3ED", "4BB", "4ED", "5ED", "6ED", "7ED", "CED", "CEI", "FBB", "LEA", "LEB", "M10", "M13", "M15", "PLST", "SUM"], "purchaseUrls": {"cardmarket": "https://mtgjson.com/links/c58a82fee6e88735", "tcgplayer": "https://mtgjson.com/links/ddbd8151dc9181b9"}, "rarity": "uncommon", "setCode": "10E", "sourceProducts": {"nonfoil": ["c690e178-661d-5e17-9b29-a5bf6319a844", "dba0b628-9426-594c-a71a-02c003e7f63b"]}, "subtypes": ["Wall"], "supertypes": [], "text": "Defender (This creature can't attack.)\n{R}: Wall of Fire gets +1/+0 until end of turn.", "toughness": "5", "type": "Creature — Wall", "types": ["Creature"], "uuid": "d2a33bcc-4679-54e9-90ad-1387ff8716e2", "variations": ["16342dc0-7314-5c08-a076-eeeb1956b7f3"]}, {"artist": "Zoltan Boros & Gabor Szikszai", "artistIds": ["1885e6cb-c827-4896-994e-3d0a027d602f", "44c3877f-8771-43dc-9e40-f4c765f59d2e"], "availability": ["mtgo", "paper"], "boosterTypes": ["default"], "borderColor": "black", "colorIdentity": ["R"], "colors": ["R"], "convertedManaCost": 2.0, "count": 2, "edhrecRank": 11809, "edhrecSaltiness": 0.18, "finishes": ["nonfoil", "foil"], "flavorText": "\"Yes, I think 'toast' is an appropriate description.\"\n—Jaya Ballard, task mage", "foreignData": [{"flavorText": "„Ja, ich glaube, das Wort Toast ist eine angemessene Bezeichnung.\" —Jaya Ballard, Magier für alle Fälle", "identifiers": {"multiverseId": "148553", "scryfallId": "1f6dfa9c-dbe0-44a5-91cd-4bd173ab2239"}, "language": "German", "multiverseId": 148553, "name": "Einäscherung", "text": "Einäscherung fügt einer Kreatur oder einem Spieler deiner Wahl 3 Schadenspunkte zu. Eine Kreatur, der auf diese Weise Schaden zugefügt wurde, kann in diesem Zug nicht regeneriert werden.", "type": "Spontanzauber"}, {"flavorText": "\"Sí, me parece que 'tostado' es una descripción adecuada.\" —Jaya Ballard, auxiliar de mago", "identifiers": {"multiverseId": "150529", "scryfallId": "18a5668e-05c8-4715-a657-593b44022aab"}, "language": "Spanish", "multiverseId": 150529, "name": "Incinerar", "text": "Incinerar hace 3 puntos de daño a la criatura o jugador objetivo. Una criatura que recibió daño de esta manera no puede ser regenerada este turno.", "type": "Instantáneo"}, {"flavorText": "« Oui, je crois que \"carbonisé\" est une bonne description. » —Jaya Ballard, mage de force", "identifiers": {"multiverseId": "150146", "scryfallId": "af5aee15-b95c-43be-82d1-6b78d4f387d4"}, "language": "French", "multiverseId": 150146, "name": "Incinération", "text": "L'Incinération inflige 3 blessures à une cible, créature ou joueur. Une créature blessée de cette manière ne peut pas être régénérée ce tour-ci.", "type": "Éphémère"}, {"flavorText": "\"Sì, penso che 'toast' sia una descrizione abbastanza precisa.\" —Jaya Ballard, maga specialista", "identifiers": {"multiverseId": "148936", "scryfallId": "3291a349-1697-4ced-9a03-d0447f6bc198"}, "language": "Italian", "multiverseId": 148936, "name": "Incenerire", "text": "Incenerire infligge 3 danni a una creatura o a un giocatore bersaglio. Una creatura a cui sia stato inflitto danno in questo modo non può essere rigenerata in questo turno.", "type": "Istantaneo"}, {"flavorText": "ええ、「こんがり焼けた」って言いえて妙だと思うわよ。 ――特務魔道士、ヤヤ・バラード", "identifiers": {"multiverseId": "148170", "scryfallId": "21ff1f1d-f5ef-43c0-be23-18ec8d1ef183"}, "language": "Japanese", "multiverseId": 148170, "name": "火葬", "text": "クリーチャー１体かプレイヤー１人を対象とする。火葬はそれに３点のダメージを与える。 このターン、これによりダメージを与えられたクリーチャーは再生できない。", "type": "インスタント"}, {"flavorText": "\"Sim, acho que 'torrada' é uma descrição adequada.\" — Jaya Ballard, maga especialista", "identifiers": {"multiverseId": "149763", "scryfallId": "f3c03098-1917-42bd-9651-b73ff3823d9b"}, "language": "Portuguese (Brazil)", "multiverseId": 149763, "name": "Incinerar", "text": "Incinerar causa 3 pontos de dano à criatura ou ao jogador alvo. Uma criatura que sofreu dano desta maneira não pode ser regenerada neste turno.", "type": "Mágica Instantânea"}, {"flavorText": "\"Да, я думаю, 'спалить' это подходящее определение\". — Джайя Баллард, маг-десятник", "identifiers": {"multiverseId": "149380", "scryfallId": "7e698644-667c-4429-a56a-9a0eb30144bc"}, "language": "Russian", "multiverseId": 149380, "name": "Сжигание", "text": "Сжигание наносит 3 повреждения целевому существу или игроку. Поврежденное таким образом существо не может быть регенерировано в этом ходу.", "type": "Мгновенное заклинание"}, {"flavorText": "「对，我认为『烧烤』是个贴切的描述。」 ～特务法术师雅亚巴拉德", "identifiers": {"multiverseId": "147787", "scryfallId": "ec655516-d886-4519-8204-30d24719381d"}, "language": "Chinese Simplified", "multiverseId": 147787, "name": "焚化", "text": "焚化对目标生物或牌手造成3点伤害。 以此法受到伤害的生物本回合不能重生。", "type": "瞬间"}], "frameVersion": "2003", "hasFoil": true, "hasNonFoil": true, "identifiers": {"cardsphereFoilId": "305", "cardsphereId": "306", "mcmId": "16377", "mcmMetaId": "2843", "mtgjsonV4Id": "13685ca4-f9c8-541e-b8c5-195fa89bfe21", "mtgoFoilId": "27057", "mtgoId": "27056", "multiverseId": "134751", "scryfallCardBackId": "0aeebaf5-8c7d-4636-9e82-8c27447861f7", "scryfallId": "723fb62e-735a-4ca6-9d38-f1c3944fe69a", "scryfallIllustrationId": "020f4c92-3c44-4496-8a8a-f12025cea454", "scryfallOracleId": "d8fd7a34-8418-4e98-b79b-119c4348c667", "tcgplayerProductId": "15174"}, "isFoil": false, "isReprint": true, "language": "English", "layout": "normal", "legalities": {"commander": "Legal", "duel": "Legal", "legacy": "Legal", "modern": "Legal", "oathbreaker": "Legal", "pauper": "Legal", "paupercommander": "Legal", "penny": "Legal", "predh": "Legal", "premodern": "Legal", "vintage": "Legal"}, "manaCost": "{1}{R}", "manaValue": 2.0, "name": "Incinerate", "number": "213", "originalText": "Incinerate deals 3 damage to target creature or player. A creature dealt damage this way can't be regenerated this turn.", "originalType": "Instant", "printings": ["10E", "5ED", "CST", "DD2", "DKM", "DPA", "ICE", "JVC", "M12", "ME2", "MIR", "OLEP", "P08", "PLGM", "PLST", "PRM", "PS11", "PTC", "WC97", "WC98"], "purchaseUrls": {"cardmarket": "https://mtgjson.com/links/fb85ac8952dd0419", "tcgplayer": "https://mtgjson.com/links/ba3e929865832792"}, "rarity": "common", "rulings": [{"date": "2007-07-15", "text": "Regeneration abilities that would affect that creature can still be activated; they just won’t do anything. The creature can’t be regenerated for any reason, even if an effect other than Incinerate would deal lethal damage to it or otherwise destroy it."}], "setCode": "10E", "sourceProducts": {"foil": ["c690e178-661d-5e17-9b29-a5bf6319a844"], "nonfoil": ["7c19d4fb-6d27-5627-bc64-bb8b426a8824", "bc6972ef-2fc6-5e37-a628-3ce15df6387f", "c690e178-661d-5e17-9b29-a5bf6319a844", "dba0b628-9426-594c-a71a-02c003e7f63b", "fdc9f92b-db28-5dfd-95bb-3ded52698ea0"]}, "subtypes": [], "supertypes": [], "text": "Incinerate deals 3 damage to any target. A creature dealt damage this way can't be regenerated this turn.", "type": "Instant", "types": ["Instant"], "uuid": "67a83049-b3fc-5438-9d37-581ae6f2bcd7"}, {"artist": "Shelly Wan", "artistIds": ["bc1722f2-95d4-462d-948b-35be540ef4c2"], "availability": ["mtgo", "paper"], "boosterTypes": ["default"], "borderColor": "black", "colorIdentity": ["R"], "colors": ["R"], "convertedManaCost": 1.0, "count": 1, "edhrecRank": 16675, "finishes": ["nonfoil", "foil"], "flavorText": "\"All beings carry the fire inside them. The challenge is to unleash it before they dwindle into oblivion.\"\n—Illulia, flamekin soulstoke", "foreignData": [{"flavorText": "„In allen Wesen brennt ein Feuer. Die Herausforderung besteht darin, es zu wecken, bevor es zu sehr verkümmert ist.\" —Illulia, Seelenverheizerin der Flammensippe", "identifiers": {"multiverseId": "163598", "scryfallId": "ec418348-bdbd-421d-ae77-4340f1710629"}, "language": "German", "multiverseId": 163598, "name": "Entzündete Wut", "text": "Eine Kreatur deiner Wahl erhält +1/+0 und Erstschlag bis zum Ende des Zuges.", "type": "Spontanzauber"}, {"flavorText": "\"Todos los seres llevan el fuego en su interior. El desafío es liberarlo antes de desaparecer en el olvido.\" —Illulia, llameante atiza alma", "identifiers": {"multiverseId": "163448", "scryfallId": "17190b29-d587-451e-af2c-def14ab97cbf"}, "language": "Spanish", "multiverseId": 163448, "name": "Furia encendida", "text": "La criatura objetivo obtiene +1/+0 y gana la habilidad de dañar primero hasta el final del turno.", "type": "Instantáneo"}, {"flavorText": "« Tout être porte le feu en lui. La difficulté, c'est de déchaîner sa puissance avant qu'il ne tombe en cendres. » —Illulia, chauffeur d'âme sangpyre", "identifiers": {"multiverseId": "164348", "scryfallId": "6c166aba-2762-4d47-9f71-71201df7a48f"}, "language": "French", "multiverseId": 164348, "name": "Fureur embrasée", "text": "La créature ciblée gagne +1/+0 et acquiert l'initiative jusqu'à la fin du tour.", "type": "Éphémère"}, {"flavorText": "\"Tutti gli esseri custodiscono il fuoco dentro di sé. La vera sfida è scatenarlo prima che sprofondino nell'oblio.\" —Illulia, attizza anima ignifera", "identifiers": {"multiverseId": "163748", "scryfallId": "2ae39b86-908f-42cc-8535-37a62ab92c35"}, "language": "Italian", "multiverseId": 163748, "name": "Furia Infuocata", "text": "Una creatura bersaglio prende +1/+0 e ha attacco improvviso fino alla fine del turno.", "type": "Istantaneo"}, {"flavorText": "「すべての生き物はその内に炎を持っている。 試練となるのは、それが忘却へと消えていく前に解き放つことだ。」 ――炎族の魂炊き、イルリア", "identifiers": {"multiverseId": "164048", "scryfallId": "e448be7b-2e73-4e87-b5f0-8c6f56cdb03d"}, "language": "Japanese", "multiverseId": 164048, "name": "火をつける怒り", "text": "クリーチャー１体を対象とする。それはターン終了時まで＋１/＋０の修整を受けるとともに先制攻撃を得る。", "type": "インスタント"}, {"flavorText": "\"Todos os seres carregam o fogo dentro de si. O desafio é liberá-lo antes que definhem no esquecimento.\" — Illulia, carvalma flamínea", "identifiers": {"multiverseId": "163898", "scryfallId": "ccaa4d24-a3a0-450e-a01d-46529ed62c66"}, "language": "Portuguese (Brazil)", "multiverseId": 163898, "name": "Fúria Inflamada", "text": "A criatura alvo recebe +1/+0 e ganha iniciativa até o final do turno.", "type": "Mágica Instantânea"}, {"flavorText": "«Внутри каждого живого существа есть огонь. Главное разжечь его до того, как его хозяин будет предан забвению». — Иллулия, пламенник из клана Душегаров", "identifiers": {"multiverseId": "164498", "scryfallId": "639a1a1d-e616-427e-a086-26a05fff96a1"}, "language": "Russian", "multiverseId": 164498, "name": "Вспыхнувшая Ярость", "text": "Целевое существо получает +1/+0 и Первый удар до конца хода.", "type": "Мгновенное заклинание"}, {"flavorText": "「万物均暗藏火焰。 修行就是为了在逐渐淡忘前将它展现出来。」 ～炎身燎灵师伊路莲", "identifiers": {"multiverseId": "164198", "scryfallId": "187aabb9-adb9-4868-9c13-76ad7c40fa59"}, "language": "Chinese Simplified", "multiverseId": 164198, "name": "点燃怒火", "text": "目标生物得+1/+0且获得先攻异能直到回合结束。", "type": "瞬间"}], "frameVersion": "2003", "hasFoil": true, "hasNonFoil": true, "identifiers": {"cardsphereFoilId": "32521", "cardsphereId": "32522", "mcmId": "18921", "mcmMetaId": "9508", "mtgjsonV4Id": "0233ceaf-c968-55e1-9d06-f0c36195a2a5", "mtgoFoilId": "29009", "mtgoId": "29008", "multiverseId": "152563", "scryfallCardBackId": "0aeebaf5-8c7d-4636-9e82-8c27447861f7", "scryfallId": "993956c9-30d8-41ee-84c2-c06d0512aea4", "scryfallIllustrationId": "cfaf97f0-63ac-42d0-bc71-adea2d434c07", "scryfallOracleId": "ebeee06e-3345-4f02-896f-cb0b2cfa5548", "tcgplayerProductId": "18001"}, "isFoil": false, "language": "English", "layout": "normal", "legalities": {"brawl": "Legal", "commander": "Legal", "duel": "Legal", "explorer": "Legal", "gladiator": "Legal", "historic": "Legal", "legacy": "Legal", "modern": "Legal", "oathbreaker": "Legal", "pauper": "Legal", "paupercommander": "Legal", "penny": "Legal", "pioneer": "Legal", "predh": "Legal", "timeless": "Legal", "vintage": "Legal"}, "manaCost": "{R}", "manaValue": 1.0, "name": "Kindled Fury", "number": "92", "originalText": "Target creature gets +1/+0 and gains first strike until end of turn.", "originalType": "Instant", "printings": ["DTK", "HOU", "M10", "M13", "MOR", "NEO"], "purchaseUrls": {"cardmarket": "https://mtgjson.com/links/736115f6ba20ae1f", "tcgplayer": "https://mtgjson.com/links/cc29aad4ff8d4aa1"}, "rarity": "common", "rulings": [{"date": "2012-07-01", "text": "Giving a creature first strike after creatures with first strike deal combat damage doesn't prevent that creature from dealing combat damage."}], "setCode": "MOR", "sourceProducts": {"foil": ["86fe9759-a1eb-5a78-a014-531b1b670cde"], "nonfoil": ["86fe9759-a1eb-5a78-a014-531b1b670cde", "9551ee44-ac0a-5511-b1a6-e30f4389ebec", "dba0b628-9426-594c-a71a-02c003e7f63b"]}, "subtypes": [], "supertypes": [], "text": "Target creature gets +1/+0 and gains first strike until end of turn.", "type": "Instant", "types": ["Instant"], "uuid": "c4893b37-7fff-58e2-b7dd-ca8318f8fe9c"}, {"artist": "Jon Foster", "artistIds": ["be1fa767-c905-49b1-afcf-77a8e9ebbd31"], "availability": ["mtgo", "paper"], "boosterTypes": ["default"], "borderColor": "black", "colorIdentity": ["R"], "colors": ["R"], "convertedManaCost": 1.0, "count": 2, "edhrecRank": 2547, "edhrecSaltiness": 0.14, "finishes": ["nonfoil", "foil"], "foreignData": [{"identifiers": {"multiverseId": "148691", "scryfallId": "227b3114-3007-4611-8415-1e6cf3c7b963"}, "language": "German", "multiverseId": 148691, "name": "Schock", "text": "Schock fügt einer Kreatur oder einem Spieler deiner Wahl 2 Schadenspunkte zu.", "type": "Spontanzauber"}, {"identifiers": {"multiverseId": "150548", "scryfallId": "8c2969b2-047d-4101-a92e-0564f95d38d0"}, "language": "Spanish", "multiverseId": 150548, "name": "Choque", "text": "El Choque hace 2 puntos de daño a la criatura o jugador objetivo.", "type": "Instantáneo"}, {"identifiers": {"multiverseId": "150165", "scryfallId": "ab9e51d5-c068-4740-9810-2580bf833ba2"}, "language": "French", "multiverseId": 150165, "name": "Choc", "text": "Le Choc inflige 2 blessures à une cible, créature ou joueur.", "type": "Éphémère"}, {"identifiers": {"multiverseId": "149074", "scryfallId": "f3bac3bc-efb4-4798-ad6b-6676dcc6013c"}, "language": "Italian", "multiverseId": 149074, "name": "Shock", "text": "Lo Shock infligge 2 danni a una creatura o a un giocatore bersaglio.", "type": "Istantaneo"}, {"identifiers": {"multiverseId": "148308", "scryfallId": "90e6cd21-d94d-4934-8170-f5f7eb05210d"}, "language": "Japanese", "multiverseId": 148308, "name": "ショック", "text": "クリーチャー１体かプレイヤー１人を対象とする。ショックはそれに２点のダメージを与える。", "type": "インスタント"}, {"identifiers": {"multiverseId": "149782", "scryfallId": "cb013423-5057-4aba-b20d-cdecbf21e738"}, "language": "Portuguese (Brazil)", "multiverseId": 149782, "name": "Choque", "text": "Choque causa 2 pontos de dano à criatura ou ao jogador alvo.", "type": "Mágica Instantânea"}, {"identifiers": {"multiverseId": "149399", "scryfallId": "21a97c85-74ab-42d7-8d4b-646e40a5ac32"}, "language": "Russian", "multiverseId": 149399, "name": "Шок", "text": "Шок наносит 2 повреждения целевому существу или игроку.", "type": "Мгновенное заклинание"}, {"identifiers": {"multiverseId": "147925", "scryfallId": "cb3dcef9-529d-4388-bb00-7b73846d8f7a"}, "language": "Chinese Simplified", "multiverseId": 147925, "name": "电震", "text": "电震对目标生物或牌手造成2点伤害。", "type": "瞬间"}], "frameVersion": "2003", "hasFoil": true, "hasNonFoil": true, "identifiers": {"cardsphereFoilId": "581", "cardsphereId": "582", "mcmId": "16396", "mcmMetaId": "5160", "mtgjsonV4Id": "89003d17-635d-5563-8111-7a2facfccf94", "mtgoFoilId": "27013", "mtgoId": "27012", "multiverseId": "129732", "scryfallCardBackId": "0aeebaf5-8c7d-4636-9e82-8c27447861f7", "scryfallId": "334ad39a-4088-4530-8f3c-d34e7cc99fae", "scryfallIllustrationId": "1ee7e628-0a58-480f-ba50-9d49852f6df4", "scryfallOracleId": "a9d288b8-cdc1-4e55-a0c9-d6edfc95e65d", "tcgplayerProductId": "15311"}, "isFoil": false, "isReprint": true, "language": "English", "layout": "normal", "legalities": {"alchemy": "Legal", "brawl": "Legal", "commander": "Legal", "duel": "Legal", "explorer": "Legal", "future": "Legal", "gladiator": "Legal", "historic": "Legal", "legacy": "Legal", "modern": "Legal", "oathbreaker": "Legal", "pauper": "Legal", "paupercommander": "Legal", "pioneer": "Legal", "predh": "Legal", "premodern": "Legal", "standard": "Legal", "standardbrawl": "Legal", "timeless": "Legal", "vintage": "Legal"}, "manaCost": "{R}", "manaValue": 1.0, "name": "Shock", "number": "232", "originalText": "Shock deals 2 damage to target creature or player.", "originalType": "Instant", "printings": ["10E", "6ED", "7ED", "8ED", "9ED", "AER", "ANB", "BBD", "BTD", "DDN", "DPA", "FNM", "M12", "M14", "M19", "M20", "M21", "MKM", "ONS", "PLST", "PMEI", "PRM", "PS11", "PSAL", "STA", "STH", "WC98", "WC99"], "purchaseUrls": {"cardmarket": "https://mtgjson.com/links/5e39017a47ffc8b2", "tcgplayer": "https://mtgjson.com/links/a617f344c7961680"}, "rarity": "common", "setCode": "10E", "sourceProducts": {"foil": ["c690e178-661d-5e17-9b29-a5bf6319a844"], "nonfoil": ["4a3ca7c6-f912-54b4-90ab-be34089ff5e0", "7ece5dae-4de1-5c71-95e0-722ec9cdef3c", "bc6972ef-2fc6-5e37-a628-3ce15df6387f", "c690e178-661d-5e17-9b29-a5bf6319a844", "dba0b628-9426-594c-a71a-02c003e7f63b", "fdc9f92b-db28-5dfd-95bb-3ded52698ea0"]}, "subtypes": [], "supertypes": [], "text": "Shock deals 2 damage to any target.", "type": "Instant", "types": ["Instant"], "uuid": "da226026-1ef7-5663-bc44-a1218f8a0b7d"}, {"artist": "Alex Horley-Orlandelli", "artistIds": ["1631a2ad-bf03-4ab9-b86c-60da982d58a1"], "availability": ["mtgo", "paper"], "boosterTypes": ["default"], "borderColor": "black", "colorIdentity": ["R"], "colors": ["R"], "convertedManaCost": 1.0, "count": 1, "edhrecRank": 10433, "edhrecSaltiness": 0.56, "finishes": ["nonfoil", "foil"], "foreignData": [{"identifiers": {"multiverseId": "148436", "scryfallId": "8c93a72a-7a33-43b8-847c-b5387acc4f49"}, "language": "German", "multiverseId": 148436, "name": "Heiße Glut", "text": "Heiße Glut fügt einer Kreatur oder einem Spieler deiner Wahl X Schadenspunkte zu.", "type": "Hexerei"}, {"identifiers": {"multiverseId": "150506", "scryfallId": "7d9425e0-0f7e-482a-8ab7-1c67bd0e7a7b"}, "language": "Spanish", "multiverseId": 150506, "name": "Llamarada", "text": "La Llamarada hace X puntos de daño a la criatura o jugador objetivo.", "type": "Conjuro"}, {"identifiers": {"multiverseId": "150123", "scryfallId": "139616e0-7688-4cb0-b454-bee627b35c65"}, "language": "French", "multiverseId": 150123, "name": "Brasier", "text": "Le Brasier inflige X blessures à une cible, créature ou joueur.", "type": "Rituel"}, {"identifiers": {"multiverseId": "148819", "scryfallId": "2582e461-c5a0-4313-8c87-4148da3a0abc"}, "language": "Italian", "multiverseId": 148819, "name": "Fiammata", "text": "La Fiammata infligge X danni a una creatura o a un giocatore bersaglio.", "type": "Stregoneria"}, {"identifiers": {"multiverseId": "148053", "scryfallId": "97def59d-7c50-4b3b-b036-4042ec591e05"}, "language": "Japanese", "multiverseId": 148053, "name": "猛火", "text": "クリーチャー１体かプレイヤー１人を対象とする。猛火はそれにＸ点のダメージを与える。", "type": "ソーサリー"}, {"identifiers": {"multiverseId": "149740", "scryfallId": "ff439af9-f7ec-4b3d-b697-8302ee2df5dc"}, "language": "Portuguese (Brazil)", "multiverseId": 149740, "name": "Labareda", "text": "Labareda causa X pontos de dano à criatura ou ao jogador alvo.", "type": "Feitiço"}, {"identifiers": {"multiverseId": "149357", "scryfallId": "8697512d-6715-4f12-b6de-82703ee11a26"}, "language": "Russian", "multiverseId": 149357, "name": "Ослепительный Свет", "text": "Ослепительный Свет наносит X повреждений целевому существу или игроку.", "type": "Волшебство"}, {"identifiers": {"multiverseId": "147670", "scryfallId": "c834040f-0727-4973-8c04-e7a658629a38"}, "language": "Chinese Simplified", "multiverseId": 147670, "name": "焰球", "text": "焰球对目标生物或牌手造成X点伤害。", "type": "法术"}], "frameVersion": "2003", "hasFoil": true, "hasNonFoil": true, "identifiers": {"cardsphereFoilId": "69", "cardsphereId": "70", "mcmId": "16354", "mcmMetaId": "566", "mtgjsonV4Id": "da832feb-02bb-5527-a7da-e149d7db9f1f", "mtgoFoilId": "27389", "mtgoId": "27388", "multiverseId": "129484", "scryfallCardBackId": "0aeebaf5-8c7d-4636-9e82-8c27447861f7", "scryfallId": "213035f9-40f5-4b4e-88b3-e262ad684294", "scryfallIllustrationId": "cfb796c0-cfe8-4221-8859-f6a05a6aac85", "scryfallOracleId": "0596920f-9946-42f4-a03b-24aab67f9f1b", "tcgplayerProductId": "15057"}, "isFoil": false, "isReprint": true, "language": "English", "layout": "normal", "legalities": {"commander": "Legal", "duel": "Legal", "legacy": "Legal", "modern": "Legal", "oathbreaker": "Legal", "predh": "Legal", "premodern": "Legal", "vintage": "Legal"}, "manaCost": "{X}{R}", "manaValue": 1.0, "name": "Blaze", "number": "190", "originalText": "Blaze deals X damage to target creature or player.", "originalType": "Sorcery", "printings": ["10E", "6ED", "7ED", "8ED", "9ED", "BBD", "DPA", "GN3", "HOP", "J22", "P02", "PLST", "POR", "PS11", "PTK", "WC00"], "purchaseUrls": {"cardmarket": "https://mtgjson.com/links/83033faca3084c44", "tcgplayer": "https://mtgjson.com/links/12802b8eea661007"}, "rarity": "uncommon", "setCode": "10E", "sourceProducts": {"foil": ["c690e178-661d-5e17-9b29-a5bf6319a844"], "nonfoil": ["4c711672-8ab4-50e6-863f-03a93d5292ff", "c690e178-661d-5e17-9b29-a5bf6319a844", "dba0b628-9426-594c-a71a-02c003e7f63b", "fdc9f92b-db28-5dfd-95bb-3ded52698ea0"]}, "subtypes": [], "supertypes": [], "text": "Blaze deals X damage to any target.", "type": "Sorcery", "types": ["Sorcery"], "uuid": "e54f8939-0853-5b0b-81b0-a29391bfb9e0"}, {"artist": "Brian Snõddy", "artistIds": ["770b4e16-de76-49ed-949f-84e6d2e06d25"], "availability": ["mtgo", "paper"], "boosterTypes": ["default"], "borderColor": "black", "colorIdentity": ["R"], "colors": ["R"], "convertedManaCost": 5.0, "count": 2, "edhrecRank": 15581, "finishes": ["nonfoil", "foil"], "flavorText": "\"Catch!\"", "foreignData": [{"flavorText": "„Fang\"", "identifiers": {"multiverseId": "148568", "scryfallId": "dcff1393-bbe2-4c6a-9778-9d4e877233f3"}, "language": "German", "multiverseId": 148568, "name": "Lavaaxt", "text": "Die Lavaaxt fügt einem Spieler deiner Wahl 5 Schadenspunkte zu.", "type": "Hexerei"}, {"flavorText": "\"¡Atrapa\"", "identifiers": {"multiverseId": "150531", "scryfallId": "94416175-0775-4d75-86f6-fe1d4ee7503a"}, "language": "Spanish", "multiverseId": 150531, "name": "Hacha de lava", "text": "El Hacha de lava hace 5 puntos de daño al jugador objetivo.", "type": "Conjuro"}, {"flavorText": "« Attrape ça »", "identifiers": {"multiverseId": "150148", "scryfallId": "a3aa5c35-fcaa-4261-a845-06776e25c50b"}, "language": "French", "multiverseId": 150148, "name": "Hache de lave", "text": "La Hache de lave inflige 5 blessures au joueur ciblé.", "type": "Rituel"}, {"flavorText": "\"Lascia\"", "identifiers": {"multiverseId": "148951", "scryfallId": "68ab4ab5-4862-4215-81ed-0a24a7a09e78"}, "language": "Italian", "multiverseId": 148951, "name": "Ascia di Lava", "text": "L'Ascia di Lava infligge 5 danni a un giocatore bersaglio.", "type": "Stregoneria"}, {"flavorText": "そらよッ！", "identifiers": {"multiverseId": "148185", "scryfallId": "a2ffe298-7118-4cc1-93ce-62e529cfe78e"}, "language": "Japanese", "multiverseId": 148185, "name": "溶岩の斧", "text": "プレイヤー１人を対象とする。溶岩の斧はそのプレイヤーに５点のダメージを与える。", "type": "ソーサリー"}, {"flavorText": "\"Pega aí\"", "identifiers": {"multiverseId": "149765", "scryfallId": "3e2c0a8c-078a-4fa4-921c-74eab2df6833"}, "language": "Portuguese (Brazil)", "multiverseId": 149765, "name": "Machado de Lava", "text": "Machado de Lava causa 5 pontos de dano ao jogador alvo.", "type": "Feitiço"}, {"flavorText": "\"Лови\"", "identifiers": {"multiverseId": "149382", "scryfallId": "c35bd92b-a564-4994-93b9-a817de63df06"}, "language": "Russian", "multiverseId": 149382, "name": "Топор из Лавы", "text": "Топор из Лавы наносит 5 повреждений целевому игроку.", "type": "Волшебство"}, {"flavorText": "「接招！」", "identifiers": {"multiverseId": "147802", "scryfallId": "6fc98fd5-055e-4cae-b0a7-9ad0d8ab1811"}, "language": "Chinese Simplified", "multiverseId": 147802, "name": "熔岩斧", "text": "熔岩斧对目标牌手造成5点伤害。", "type": "法术"}], "frameVersion": "2003", "hasFoil": true, "hasNonFoil": true, "identifiers": {"cardsphereFoilId": "335", "cardsphereId": "336", "mcmId": "16379", "mcmMetaId": "3211", "mtgjsonV4Id": "27d47249-9724-54ae-bae3-4dc373ec1cd2", "mtgoFoilId": "27305", "mtgoId": "27304", "multiverseId": "129620", "scryfallCardBackId": "0aeebaf5-8c7d-4636-9e82-8c27447861f7", "scryfallId": "1a28a286-3ea0-4760-bcc4-c7e8299c298e", "scryfallIllustrationId": "bcc54fa7-0acf-49ba-b1e7-56a5f03ab28c", "scryfallOracleId": "387b6b07-a283-412d-94c3-f7f1dc76e858", "tcgplayerProductId": "15188"}, "isFoil": false, "isReprint": true, "language": "English", "layout": "normal", "legalities": {"brawl": "Legal", "commander": "Legal", "duel": "Legal", "explorer": "Legal", "gladiator": "Legal", "historic": "Legal", "legacy": "Legal", "modern": "Legal", "oathbreaker": "Legal", "pauper": "Legal", "paupercommander": "Legal", "penny": "Legal", "pioneer": "Legal", "predh": "Legal", "premodern": "Legal", "timeless": "Legal", "vintage": "Legal"}, "manaCost": "{4}{R}", "manaValue": 5.0, "name": "Lava Axe", "number": "215", "originalText": "Lava Axe deals 5 damage to target player.", "originalType": "Sorcery", "printings": ["10E", "7ED", "8ED", "9ED", "BTD", "M10", "M11", "M12", "M14", "M15", "M19", "P02", "PDCI", "POR", "PRM", "PS11", "S00", "S99", "ULG"], "purchaseUrls": {"cardmarket": "https://mtgjson.com/links/8bf2eb1e8c54536c", "tcgplayer": "https://mtgjson.com/links/76d1a1fd0857e6fe"}, "rarity": "common", "setCode": "10E", "sourceProducts": {"foil": ["c690e178-661d-5e17-9b29-a5bf6319a844"], "nonfoil": ["c690e178-661d-5e17-9b29-a5bf6319a844", "dba0b628-9426-594c-a71a-02c003e7f63b"]}, "subtypes": [], "supertypes": [], "text": "Lava Axe deals 5 damage to target player or planeswalker.", "type": "Sorcery", "types": ["Sorcery"], "uuid": "4b135a97-07ad-5cb0-a130-c5900ea1791a"}, {"artist": "Gary Ruddell", "artistIds": ["086111c7-93f0-4bab-b339-6fe1c00d693c"], "availability": ["mtgo", "paper"], "boosterTypes": ["default"], "borderColor": "black", "colorIdentity": ["R"], "colors": ["R"], "convertedManaCost": 4.0, "count": 1, "edhrecRank": 12515, "edhrecSaltiness": 0.5, "finishes": ["nonfoil", "foil"], "flavorText": "\"Pound the steel until it fits. Doesn't work? Bash to bits.\"\n—Dwarven forging song", "foreignData": [{"flavorText": "„Was meinem Schlag nicht widersteht, Das war wohl schlechte Qualität.\" —Schmiedelied der Zwerge", "identifiers": {"multiverseId": "148474", "scryfallId": "eb126484-0f82-4d96-8aac-f4bebb184ae2"}, "language": "German", "multiverseId": 148474, "name": "Demolieren", "text": "Zerstöre ein Artefakt oder ein Land deiner Wahl.", "type": "Hexerei"}, {"flavorText": "\"Golpea el acero hasta que quede. ¿No da resultado? Hazlo pedazos.\" —Canción de forja enana", "identifiers": {"multiverseId": "150512", "scryfallId": "cdb6ce29-0f75-428b-a05c-32245cd22d38"}, "language": "Spanish", "multiverseId": 150512, "name": "Demoler", "text": "Destruye el artefacto o tierra objetivo.", "type": "Conjuro"}, {"flavorText": "« Frappe l'acier, c'est ton boulot A marche pas ? Casse en morceaux » —Chant des forgerons nains", "identifiers": {"multiverseId": "150129", "scryfallId": "0325898e-d637-45d8-88e8-9c6d6b7161e0"}, "language": "French", "multiverseId": 150129, "name": "Démolition", "text": "Détruisez l'artefact ciblé ou le terrain ciblé.", "type": "Rituel"}, {"flavorText": "\"Colpisci l'acciaio fino a quando si piega. Non funziona? Fallo a pezzetti.\" —Canzone di forgia nanesca", "identifiers": {"multiverseId": "148857", "scryfallId": "f4ef0288-8a95-44be-b6fc-24a427dcaa92"}, "language": "Italian", "multiverseId": 148857, "name": "Frantumare", "text": "Distruggi un artefatto o una terra bersaglio.", "type": "Stregoneria"}, {"flavorText": "鋼ぶっ叩きゃ型あわせ。 うまくいかなきゃ ぶち壊せ。 ― ドワーフの鍛冶屋の歌", "identifiers": {"multiverseId": "148091", "scryfallId": "567b945a-8396-47f2-b0b5-0355c56c7417"}, "language": "Japanese", "multiverseId": 148091, "name": "破砕", "text": "アーティファクト１つか土地１つを対象とし、それを破壊する。", "type": "ソーサリー"}, {"flavorText": "\"Para o aço amoldar malhamos, malhamos. Se não funcionar? Estraçalhamos.\" — Canção dos anões na forjaria", "identifiers": {"multiverseId": "149746", "scryfallId": "e60c628f-78de-487b-afd3-8f67e181e247"}, "language": "Portuguese (Brazil)", "multiverseId": 149746, "name": "Demolir", "text": "Destrua o artefato ou terreno alvo.", "type": "Feitiço"}, {"flavorText": "\"Молотом по стали бах Меч не вышел? Бей в сердцах\". — Песня гномов-кузнецов", "identifiers": {"multiverseId": "149363", "scryfallId": "b82ec9ae-8d7f-46d3-9478-090e73715a6b"}, "language": "Russian", "multiverseId": 149363, "name": "Разрушение", "text": "Уничтожьте целевой артефакт или землю.", "type": "Волшебство"}, {"flavorText": "「千锤百炼磨成钢， 不成材？ 全毁葬。」 ～矮人冶铁歌", "identifiers": {"multiverseId": "147708", "scryfallId": "5a62dc63-48cc-44bf-beb0-eb539b2da98b"}, "language": "Chinese Simplified", "multiverseId": 147708, "name": "毁坏", "text": "消灭目标神器或地。", "type": "法术"}], "frameVersion": "2003", "hasFoil": true, "hasNonFoil": true, "identifiers": {"cardsphereFoilId": "145", "cardsphereId": "146", "mcmId": "16360", "mcmMetaId": "1431", "mtgjsonV4Id": "a1901190-a766-5bf7-9dd7-9c1bdb0b4280", "mtgoFoilId": "27497", "mtgoId": "27496", "multiverseId": "129522", "scryfallCardBackId": "0aeebaf5-8c7d-4636-9e82-8c27447861f7", "scryfallId": "f3558503-5124-44cb-8343-6dec0130f8f7", "scryfallIllustrationId": "93aa1c35-7448-48b1-bd1c-2895a5698293", "scryfallOracleId": "08c6d2fd-d9ae-4f95-bb9d-7e16b1039814", "tcgplayerProductId": "15095"}, "isFoil": false, "isReprint": true, "language": "English", "layout": "normal", "legalities": {"brawl": "Legal", "commander": "Legal", "duel": "Legal", "explorer": "Legal", "gladiator": "Legal", "historic": "Legal", "legacy": "Legal", "modern": "Legal", "oathbreaker": "Legal", "pauper": "Legal", "paupercommander": "Legal", "penny": "Legal", "pioneer": "Legal", "predh": "Legal", "premodern": "Legal", "timeless": "Legal", "vintage": "Legal"}, "manaCost": "{3}{R}", "manaValue": 4.0, "name": "Demolish", "number": "196", "originalText": "Destroy target artifact or land.", "originalType": "Sorcery", "printings": ["10E", "8ED", "9ED", "AVR", "KLD", "M11", "M14", "ODY", "ORI", "PLST", "RVR", "THS", "WAR", "WC03", "XLN", "ZEN"], "purchaseUrls": {"cardmarket": "https://mtgjson.com/links/08c76c7bb11345b0", "tcgplayer": "https://mtgjson.com/links/1306975ff96e2b8f"}, "rarity": "common", "setCode": "10E", "sourceProducts": {"foil": ["c690e178-661d-5e17-9b29-a5bf6319a844"], "nonfoil": ["c690e178-661d-5e17-9b29-a5bf6319a844", "dba0b628-9426-594c-a71a-02c003e7f63b"]}, "subtypes": [], "supertypes": [], "text": "Destroy target artifact or land.", "type": "Sorcery", "types": ["Sorcery"], "uuid": "8e171679-0214-5448-9188-883cfa365c6a"}], "name": "Red Deck B", "releaseDate": "2008-05-02", "sealedProductUuids": null, "sideBoard": [], "type": "Sample Deck"}}