{"meta": {"date": "2024-09-03", "version": "5.2.2+20240903"}, "data": {"code": "CLU", "commander": [], "mainBoard": [{"artist": "Greg Hildebrandt", "artistIds": ["020f967b-0d2f-4166-aabe-901dba8bc7ec"], "availability": ["mtgo", "paper"], "borderColor": "black", "colorIdentity": ["G", "W"], "colors": ["G"], "convertedManaCost": 2.0, "count": 1, "edhrecRank": 26545, "edhrecSaltiness": 0.11, "finishes": ["nonfoil"], "flavorText": "\"Forget yourself. Forget your city. Forget your homes, your families, the debts and obligations that hold you to this world.\"", "foreignData": [], "frameVersion": "2015", "hasFoil": false, "hasNonFoil": true, "identifiers": {"cardsphereId": "116357", "mcmId": "752774", "mtgjsonV4Id": "55eb2ff2-d0dd-50b3-9df8-a691dc35f593", "mtgoId": "123138", "multiverseId": "651912", "scryfallCardBackId": "0aeebaf5-8c7d-4636-9e82-8c27447861f7", "scryfallId": "2f28187b-2c99-4502-99d5-3a53ff3fa008", "scryfallIllustrationId": "38a45f6a-6b58-4ac5-acc1-51f28016c39a", "scryfallOracleId": "f4d54a89-8409-4fbc-b01f-3b03f352820f", "tcgplayerProductId": "534723"}, "isFoil": false, "isReprint": true, "language": "English", "layout": "normal", "legalities": {"commander": "Legal", "duel": "Legal", "legacy": "Legal", "modern": "Legal", "oathbreaker": "Legal", "pauper": "Legal", "paupercommander": "Legal", "penny": "Legal", "predh": "Legal", "vintage": "Legal"}, "manaCost": "{1}{G}", "manaValue": 2.0, "name": "Transluminant", "number": "177", "originalText": "{W}, Sacrifice Transluminant: Create a 1/1 white Spirit creature token with flying at the beginning of the next end step.", "originalType": "Creature — Dryad Shaman", "power": "2", "printings": ["CLU", "RAV"], "purchaseUrls": {"tcgplayer": "https://mtgjson.com/links/d41794b0519fe6f2"}, "rarity": "common", "rulings": [{"date": "2005-10-01", "text": "If you use this ability during a turn’s end phase, the chance to put “at end of turn”-triggered abilities on the stack has passed. You won’t get the Spirit creature token until the beginning of the next end step."}], "setCode": "CLU", "sourceProducts": {"nonfoil": ["45e240fd-e8ad-5862-b176-78af37af1905"]}, "subtypes": ["Dryad", "Shaman"], "supertypes": [], "text": "{W}, Sacrifice Transluminant: Create a 1/1 white Spirit creature token with flying at the beginning of the next end step.", "toughness": "2", "type": "Creature — Dryad Shaman", "types": ["Creature"], "uuid": "3e0c0839-0211-538a-8f80-a6dc54cfd266", "watermark": "selesnya"}, {"artist": "Matt Stewart", "artistIds": ["20871267-2d8a-41d5-b03a-be3d557c5734"], "availability": ["mtgo", "paper"], "borderColor": "black", "colorIdentity": ["G", "W"], "colors": ["G", "W"], "convertedManaCost": 2.0, "count": 1, "edhrecRank": 22187, "finishes": ["nonfoil"], "flavorText": "\"Selesnya's soil is sacred, and you're about to meet it with your face.\"", "foreignData": [], "frameVersion": "2015", "hasFoil": false, "hasNonFoil": true, "identifiers": {"cardsphereId": "116250", "mcmId": "753134", "mtgjsonV4Id": "586d739e-5262-5f2a-bb84-3cdbfc45178c", "mtgoId": "123236", "multiverseId": "651951", "scryfallCardBackId": "0aeebaf5-8c7d-4636-9e82-8c27447861f7", "scryfallId": "9c6742b5-f951-47c2-b836-360626b80ab0", "scryfallIllustrationId": "0e89b331-63b4-48af-a2a2-4881b65c8387", "scryfallOracleId": "03e04034-48b5-4f1f-9859-2b46dedf4d8b", "tcgplayerProductId": "535142"}, "isFoil": false, "isReprint": true, "keywords": ["Vigilance"], "language": "English", "layout": "normal", "legalities": {"brawl": "Legal", "commander": "Legal", "duel": "Legal", "explorer": "Legal", "gladiator": "Legal", "historic": "Legal", "legacy": "Legal", "modern": "Legal", "oathbreaker": "Legal", "pauper": "Legal", "paupercommander": "Legal", "pioneer": "Legal", "timeless": "Legal", "vintage": "Legal"}, "manaCost": "{1}{G/W}", "manaValue": 2.0, "name": "Vernadi Shieldmate", "number": "216", "originalText": "Vigilance", "originalType": "Creature — Human Soldier", "power": "2", "printings": ["CLU", "GRN", "RVR"], "purchaseUrls": {"tcgplayer": "https://mtgjson.com/links/6fe9bb92872dc121"}, "rarity": "common", "setCode": "CLU", "sourceProducts": {"nonfoil": ["45e240fd-e8ad-5862-b176-78af37af1905"]}, "subtypes": ["Human", "Soldier"], "supertypes": [], "text": "Vigilance", "toughness": "2", "type": "Creature — Human Soldier", "types": ["Creature"], "uuid": "591ce9fc-f9f3-591b-b5d5-46dd4b20619f", "watermark": "selesnya"}, {"artist": "Mark Zug", "artistIds": ["48e2b98c-5467-4671-bd42-4c3746115117"], "availability": ["mtgo", "paper"], "borderColor": "black", "colorIdentity": ["G", "W"], "colors": ["G", "W"], "convertedManaCost": 2.0, "count": 1, "edhrecRank": 13204, "finishes": ["nonfoil"], "foreignData": [], "frameVersion": "2015", "hasFoil": false, "hasNonFoil": true, "identifiers": {"cardsphereId": "116274", "mcmId": "753219", "mtgjsonV4Id": "8aa0d724-4d2f-5778-a08c-5a8d735f303a", "mtgoId": "123214", "multiverseId": "651942", "scryfallCardBackId": "0aeebaf5-8c7d-4636-9e82-8c27447861f7", "scryfallId": "954b8e86-284a-4a6f-ac35-896afd414f8a", "scryfallIllustrationId": "01a0b84b-f9ff-49de-99a7-1da6c0204642", "scryfallOracleId": "8fbdca3a-7aa3-4b5a-98d7-9168856045ac", "tcgplayerProductId": "535232"}, "isFoil": false, "isReprint": true, "language": "English", "layout": "normal", "legalities": {"commander": "Legal", "duel": "Legal", "legacy": "Legal", "modern": "Legal", "oathbreaker": "Legal", "paupercommander": "Restricted", "penny": "Legal", "predh": "Legal", "vintage": "Legal"}, "manaCost": "{G/W}{G/W}", "manaValue": 2.0, "name": "Selesnya Guildmage", "number": "207", "originalText": "{3}{G}: Create a 1/1 green Saproling creature token.\n{3}{W}: Creatures you control get +1/+1 until end of turn.", "originalType": "Creature — Elf Wizard", "power": "2", "printings": ["2XM", "ARC", "C13", "C16", "CLU", "CMA", "CMD", "GK1", "MM2", "PLST", "PSAL", "RAV", "RVR", "SCD"], "purchaseUrls": {"tcgplayer": "https://mtgjson.com/links/836c9133740418f4"}, "rarity": "uncommon", "setCode": "CLU", "sourceProducts": {"nonfoil": ["45e240fd-e8ad-5862-b176-78af37af1905"]}, "subtypes": ["Elf", "Wizard"], "supertypes": [], "text": "{3}{G}: Create a 1/1 green Saproling creature token.\n{3}{W}: Creatures you control get +1/+1 until end of turn.", "toughness": "2", "type": "Creature — Elf Wizard", "types": ["Creature"], "uuid": "46d3d6a4-806f-501f-9239-7bc218989640", "watermark": "selesnya"}, {"artist": "Eric Deschamps", "artistIds": ["37970e22-9cee-44c1-af44-5ee27cf26b76"], "availability": ["mtgo", "paper"], "borderColor": "black", "colorIdentity": ["G"], "colors": ["G"], "convertedManaCost": 3.0, "count": 1, "edhrecRank": 23569, "edhrecSaltiness": 0.36, "finishes": ["nonfoil"], "flavorText": "\"Nature can't be stopped. It rips and tears at Ravnica's tallest buildings to claim its place in the sun.\"", "foreignData": [], "frameVersion": "2015", "hasFoil": false, "hasNonFoil": true, "identifiers": {"cardsphereId": "116346", "mcmId": "752775", "mtgjsonV4Id": "7d50206f-fdb4-5331-96ab-1230a6cad152", "mtgoId": "123146", "multiverseId": "651916", "scryfallCardBackId": "0aeebaf5-8c7d-4636-9e82-8c27447861f7", "scryfallId": "200a7f42-9642-4ba8-b3db-a8824282ca00", "scryfallIllustrationId": "af9b0af1-a6e2-465a-8f21-d003c48ce3ce", "scryfallOracleId": "785e451d-87b6-4772-97e5-d2744818e0fd", "tcgplayerProductId": "534725"}, "isFoil": false, "isReprint": true, "language": "English", "layout": "normal", "legalities": {"commander": "Legal", "duel": "Legal", "legacy": "Legal", "modern": "Legal", "oathbreaker": "Legal", "pauper": "Legal", "paupercommander": "Legal", "penny": "Legal", "pioneer": "Legal", "vintage": "Legal"}, "manaCost": "{2}{G}", "manaValue": 3.0, "name": "Yeva's Forcemage", "number": "181", "originalText": "When Yeva's Forcemage enters the battlefield, target creature gets +2/+2 until end of turn.", "originalType": "Creature — Elf Shaman", "power": "2", "printings": ["CLU", "M13", "ORI", "PLST"], "purchaseUrls": {"tcgplayer": "https://mtgjson.com/links/cf8b6ae23c835d96"}, "rarity": "common", "rulings": [{"date": "2012-07-01", "text": "Yeva’s Forcemage’s ability is mandatory, although you can choose Yeva’s Forcemage as the target."}], "setCode": "CLU", "sourceProducts": {"nonfoil": ["45e240fd-e8ad-5862-b176-78af37af1905"]}, "subtypes": ["Elf", "Shaman"], "supertypes": [], "text": "When Yeva's Forcemage enters, target creature gets +2/+2 until end of turn.", "toughness": "2", "type": "Creature — Elf Shaman", "types": ["Creature"], "uuid": "c13de04d-2889-5b5d-9a27-7de00db8db76"}, {"artist": "Leon Tukker", "artistIds": ["669b8b90-758d-4f9e-b4f7-98cd6742eb97"], "availability": ["mtgo", "paper"], "borderColor": "black", "colorIdentity": ["G", "W"], "colors": ["G", "W"], "convertedManaCost": 4.0, "count": 1, "edhrecRank": 18719, "finishes": ["nonfoil"], "foreignData": [], "frameVersion": "2015", "hasFoil": false, "hasNonFoil": true, "identifiers": {"cardsphereId": "116252", "mcmId": "753192", "mtgjsonV4Id": "b7389028-5b26-5014-b2e4-0b706bc659b6", "mtgoId": "123398", "multiverseId": "651780", "scryfallCardBackId": "0aeebaf5-8c7d-4636-9e82-8c27447861f7", "scryfallId": "314e1434-61a8-4587-812e-720a92493fb3", "scryfallIllustrationId": "b2a7937c-f211-42ed-bd68-693ffd100a6b", "scryfallOracleId": "09189f67-b33f-4775-bfd5-862154da7526", "tcgplayerProductId": "534588"}, "isFoil": false, "isStarter": true, "keywords": ["Myriad"], "language": "English", "layout": "normal", "legalities": {"commander": "Legal", "duel": "Legal", "legacy": "Legal", "oathbreaker": "Legal", "paupercommander": "Restricted", "vintage": "Legal"}, "manaCost": "{2}{G/W}{G/W}", "manaValue": 4.0, "name": "Sumala Rumblers", "number": "45", "originalText": "Sumala Rumblers's power is equal to the number of creatures you control.\nMyriad (Whenever this creature attacks, for each opponent other than defending player, you may create a token that's a copy of this creature that's tapped and attacking that player or a planeswalker they control. Exile the tokens at end of combat.)", "originalType": "Creature — Wurm", "power": "*", "printings": ["CLU"], "purchaseUrls": {"tcgplayer": "https://mtgjson.com/links/34e962cdc587ea42"}, "rarity": "uncommon", "rulings": [{"date": "2024-02-02", "text": "Although the tokens enter the battlefield attacking, they were never declared as attackers. Abilities that trigger whenever a creature attacks won't trigger, including the myriad ability of the tokens. If there are any costs to have a creature attack, those costs won't apply to the tokens."}, {"date": "2024-02-02", "text": "Any enters-the-battlefield abilities of the copied creature will trigger when the token enters the battlefield. Any \"as [this permanent] enters the battlefield\" or \"[this permanent] enters the battlefield with\" abilities of the copied creature will also work."}, {"date": "2024-02-02", "text": "Each token copies exactly what was printed on the original creature and nothing else. It doesn't copy whether that creature is tapped or untapped, whether it has any counters on it or Auras and Equipment attached to it, or any non-copy effects that have changed its power, toughness, types, color, and so on."}, {"date": "2024-02-02", "text": "If myriad creates more than one token for any given player (due to an effect such as the one Doubling Season creates), you may choose separately for each token whether it's attacking the player or a planeswalker they control."}, {"date": "2024-02-02", "text": "If the defending player is your only opponent, no tokens are put onto the battlefield."}, {"date": "2024-02-02", "text": "The ability that defines Sumala Rumblers's power works in all zones, not just the battlefield."}, {"date": "2024-02-02", "text": "The term \"defending player\" in the myriad rules (or any other ability of an attacking creature) refers to the player the creature with myriad was attacking at the time it became an attacking creature this combat, the controller of the planeswalker the creature was attacking at the time it became an attacking creature this combat, or the protector of the battle this creature was attacking at the time it became an attacking creature this combat."}, {"date": "2024-02-02", "text": "The token creatures all enter the battlefield at the same time."}, {"date": "2024-02-02", "text": "You choose whether each token is attacking the player or a planeswalker they control as the token is created."}], "setCode": "CLU", "sourceProducts": {"nonfoil": ["45e240fd-e8ad-5862-b176-78af37af1905"]}, "subtypes": ["Wurm"], "supertypes": [], "text": "Sumala Rumblers's power is equal to the number of creatures you control.\nMyriad (Whenever this creature attacks, for each opponent other than defending player, you may create a token copy that's tapped and attacking that player or a planeswalker they control. Exile the tokens at end of combat.)", "toughness": "4", "type": "Creature — Wurm", "types": ["Creature"], "uuid": "d509a511-16d2-5730-b548-702cbce31726", "watermark": "selesnya"}, {"artist": "Steve Prescott", "artistIds": ["a1139fb8-41f5-4a9e-9a74-f662e1a23b35"], "availability": ["mtgo", "paper"], "borderColor": "black", "colorIdentity": ["G"], "colors": ["G"], "convertedManaCost": 6.0, "count": 1, "edhrecRank": 19717, "finishes": ["nonfoil"], "flavorText": "The problem isn't the indrik's enthusiasm, it's Ravnica's lack of guardrails.", "foreignData": [], "frameVersion": "2015", "hasFoil": false, "hasNonFoil": true, "identifiers": {"cardsphereId": "116406", "mcmId": "752660", "mtgjsonV4Id": "e979bcc6-df4b-5437-86fe-4651088151f1", "mtgoId": "123094", "multiverseId": "651890", "scryfallCardBackId": "0aeebaf5-8c7d-4636-9e82-8c27447861f7", "scryfallId": "a871e3db-5c06-43d4-a533-4f70ff9e46c6", "scryfallIllustrationId": "005a5eae-3b13-4ba2-bf12-779df63efba0", "scryfallOracleId": "88aa032d-dc11-4cae-81f3-ce66353963e0", "tcgplayerProductId": "534605"}, "isFoil": false, "isReprint": true, "isStarter": true, "keywords": ["Fight"], "language": "English", "layout": "normal", "legalities": {"alchemy": "Legal", "brawl": "Legal", "commander": "Legal", "duel": "Legal", "explorer": "Legal", "gladiator": "Legal", "historic": "Legal", "legacy": "Legal", "modern": "Legal", "oathbreaker": "Legal", "paupercommander": "Restricted", "penny": "Legal", "pioneer": "Legal", "timeless": "Legal", "vintage": "Legal"}, "manaCost": "{5}{G}", "manaValue": 6.0, "name": "Affectionate Indrik", "number": "155", "originalText": "When Affectionate Indrik enters the battlefield, you may have it fight target creature you don't control. (Each deals damage equal to its power to the other.)", "originalType": "Creature — Beast", "power": "4", "printings": ["ANB", "CLU", "GRN", "JMP", "PLST"], "purchaseUrls": {"tcgplayer": "https://mtgjson.com/links/0c24a5e532d3473c"}, "rarity": "uncommon", "rulings": [{"date": "2018-10-05", "text": "If the target creature is an illegal target when Affectionate Indrik’s ability tries to resolve, the ability doesn’t resolve. If Affectionate Indrik is no longer on the battlefield, the target creature won’t deal or be dealt damage."}, {"date": "2018-10-05", "text": "You choose the target of the triggered ability as it goes on the stack, but you choose whether the creatures fight as that ability resolves."}], "setCode": "CLU", "sourceProducts": {"nonfoil": ["45e240fd-e8ad-5862-b176-78af37af1905"]}, "subtypes": ["Beast"], "supertypes": [], "text": "When Affectionate Indrik enters, you may have it fight target creature you don't control. (Each deals damage equal to its power to the other.)", "toughness": "4", "type": "Creature — Beast", "types": ["Creature"], "uuid": "4284f18d-72aa-52b5-a709-8036f753bbba"}, {"artist": "Dan Murayama Scott", "artistIds": ["f852fa13-137e-40f2-bbc1-0f01df09c0e0"], "availability": ["mtgo", "paper"], "borderColor": "black", "colorIdentity": ["G"], "colors": ["G"], "convertedManaCost": 1.0, "count": 1, "edhrecRank": 15250, "edhrecSaltiness": 0.19, "finishes": ["nonfoil"], "flavorText": "\"The most elegant solutions are found in nature. You just have to know where to look.\"", "foreignData": [], "frameVersion": "2015", "hasFoil": false, "hasNonFoil": true, "identifiers": {"cardsphereId": "116353", "mcmId": "752759", "mtgjsonV4Id": "f487cb9c-2557-55af-9318-3bbba886e4b8", "mtgoId": "123140", "multiverseId": "651913", "scryfallCardBackId": "0aeebaf5-8c7d-4636-9e82-8c27447861f7", "scryfallId": "02109319-105b-4c00-abf9-1f012ae98e33", "scryfallIllustrationId": "6b0c9583-3fde-49d7-a491-3d3bd24bc9bf", "scryfallOracleId": "5372445b-5f67-435e-a736-61c6cb4f9c6e", "tcgplayerProductId": "534714"}, "isFoil": false, "isReprint": true, "language": "English", "layout": "normal", "legalities": {"commander": "Legal", "duel": "Legal", "legacy": "Legal", "modern": "Legal", "oathbreaker": "Legal", "pauper": "Legal", "paupercommander": "Legal", "penny": "Legal", "pioneer": "Legal", "vintage": "Legal"}, "manaCost": "{G}", "manaValue": 1.0, "name": "Vines of the Recluse", "number": "178", "originalText": "Target creature gets +1/+2 and gains reach until end of turn. Untap it.", "originalType": "Instant", "printings": ["CLU", "DDR", "E01", "OGW"], "purchaseUrls": {"tcgplayer": "https://mtgjson.com/links/deb29831528391ff"}, "rarity": "common", "rulings": [{"date": "2016-01-22", "text": "You can target an untapped creature with Vines of the Recluse. It will still get the other bonuses."}], "setCode": "CLU", "sourceProducts": {"nonfoil": ["45e240fd-e8ad-5862-b176-78af37af1905"]}, "subtypes": [], "supertypes": [], "text": "Target creature gets +1/+2 and gains reach until end of turn. Untap it. (A creature with reach can block creatures with flying.)", "type": "Instant", "types": ["Instant"], "uuid": "325116c4-533a-5bbd-9adb-858341cec694"}, {"artist": "Raoul Vitale", "artistIds": ["c7c15d49-f84b-4d98-9a34-e80e8347b756"], "availability": ["mtgo", "paper"], "borderColor": "black", "colorIdentity": ["G", "W"], "colors": [], "convertedManaCost": 2.0, "count": 1, "edhrecRank": 721, "edhrecSaltiness": 0.27, "finishes": ["nonfoil"], "flavorText": "The symbol of the Conclave is one of unity, with tree supporting sun and sun feeding tree.", "foreignData": [], "frameVersion": "2015", "hasFoil": false, "hasNonFoil": true, "identifiers": {"cardsphereId": "116236", "mcmId": "753164", "mtgjsonV4Id": "7c0fc9e1-50f8-50b0-8b38-47ac46e8572b", "mtgoId": "123258", "multiverseId": "651962", "scryfallCardBackId": "0aeebaf5-8c7d-4636-9e82-8c27447861f7", "scryfallId": "dc137850-df52-400c-95e2-45bf25a3e62c", "scryfallIllustrationId": "87510a68-b5a7-4626-a002-8c3fa33b14e2", "scryfallOracleId": "1436dd81-496e-42a5-b210-fb5b9cdf073f", "tcgplayerProductId": "535178"}, "isFoil": false, "isReprint": true, "language": "English", "layout": "normal", "legalities": {"commander": "Legal", "duel": "Legal", "legacy": "Legal", "modern": "Legal", "oathbreaker": "Legal", "pauper": "Legal", "paupercommander": "Legal", "predh": "Legal", "vintage": "Legal"}, "manaCost": "{2}", "manaValue": 2.0, "name": "Selesnya Signet", "number": "227", "originalText": "{1}, {T}: Add {G}{W}.", "originalType": "Artifact", "printings": ["C13", "CLU", "CMA", "CMD", "GK1", "MM3", "PRM", "PSAL", "RAV", "RVR", "SLD", "TD0"], "purchaseUrls": {"tcgplayer": "https://mtgjson.com/links/46e20a9315443449"}, "rarity": "common", "setCode": "CLU", "sourceProducts": {"nonfoil": ["45e240fd-e8ad-5862-b176-78af37af1905"]}, "subtypes": [], "supertypes": [], "text": "{1}, {T}: Add {G}{W}.", "type": "Artifact", "types": ["Artifact"], "uuid": "ffdd4001-3606-50aa-a56c-cb60d770b302", "watermark": "selesnya"}, {"artist": "Josh Hass", "artistIds": ["8fa1fdf0-96d6-46f4-a7ff-b1c0257c3735"], "availability": ["mtgo", "paper"], "borderColor": "black", "colorIdentity": ["G"], "colors": ["G"], "convertedManaCost": 3.0, "count": 1, "edhrecRank": 9960, "finishes": ["nonfoil"], "flavorText": "In times of peril, the vision the ancient paruns had for their city comes into focus.", "foreignData": [], "frameVersion": "2015", "hasFoil": false, "hasNonFoil": true, "identifiers": {"cardsphereId": "116407", "mcmId": "753189", "mtgjsonV4Id": "e8a955c8-8b6b-5738-8072-923cf414e6e5", "mtgoId": "123096", "multiverseId": "651891", "scryfallCardBackId": "0aeebaf5-8c7d-4636-9e82-8c27447861f7", "scryfallId": "d8e243d6-c888-410f-8de0-51761c925a59", "scryfallIllustrationId": "04577678-4683-46ea-97d0-f148fd86093b", "scryfallOracleId": "a8631e87-bfc3-463b-bdd1-974ea1d79ae4", "tcgplayerProductId": "535204"}, "isFoil": false, "isReprint": true, "isStarter": true, "language": "English", "layout": "normal", "legalities": {"brawl": "Legal", "commander": "Legal", "duel": "Legal", "explorer": "Legal", "gladiator": "Legal", "historic": "Legal", "legacy": "Legal", "modern": "Legal", "oathbreaker": "Legal", "pauper": "Legal", "paupercommander": "Legal", "penny": "Legal", "pioneer": "Legal", "timeless": "Legal", "vintage": "Legal"}, "manaCost": "{2}{G}", "manaValue": 3.0, "name": "Band Together", "number": "156", "originalText": "Up to two target creatures you control each deal damage equal to their power to another target creature.", "originalType": "Instant", "printings": ["CLB", "CLU", "HBG", "J22", "RVR", "WAR"], "purchaseUrls": {"tcgplayer": "https://mtgjson.com/links/085f278ab41c6d81"}, "rarity": "common", "rulings": [{"date": "2019-05-03", "text": "If one of the two target creatures you control is an illegal target as Band Together resolves, the other will still deal damage equal to its power."}, {"date": "2019-05-03", "text": "If the last target creature is an illegal target as Band Together resolves, or if both of the first targets are illegal targets, no creature deals or is dealt damage."}], "setCode": "CLU", "sourceProducts": {"nonfoil": ["45e240fd-e8ad-5862-b176-78af37af1905"]}, "subtypes": [], "supertypes": [], "text": "Up to two target creatures you control each deal damage equal to their power to another target creature.", "type": "Instant", "types": ["Instant"], "uuid": "5ef46a94-46e5-5f99-845d-03b64b464420"}, {"artist": "Craig J Spearing", "artistIds": ["b0f15e74-0dd6-4156-959e-c5e30c5cdc52"], "availability": ["mtgo", "paper"], "borderColor": "black", "colorIdentity": ["G"], "colors": ["G"], "convertedManaCost": 5.0, "count": 1, "edhrecRank": 12389, "edhrecSaltiness": 0.12, "finishes": ["nonfoil"], "flavorText": "\"Forward! Until the horizon is ours!\"\n—Khemses, charioteer", "foreignData": [], "frameVersion": "2015", "hasFoil": false, "hasNonFoil": true, "identifiers": {"cardsphereId": "116377", "mcmId": "753114", "mtgjsonV4Id": "927f89e0-6859-5ae0-ba0f-d7ba9293bfa5", "mtgoId": "123126", "multiverseId": "651906", "scryfallCardBackId": "0aeebaf5-8c7d-4636-9e82-8c27447861f7", "scryfallId": "4089c088-b113-467c-9160-f6bac779ddd7", "scryfallIllustrationId": "516e9b80-56c6-4f97-b36e-aae230d3b858", "scryfallOracleId": "15353e27-96ca-48c7-83d7-efd57c094643", "tcgplayerProductId": "535121"}, "isFoil": false, "isReprint": true, "isStarter": true, "language": "English", "layout": "normal", "legalities": {"brawl": "Legal", "commander": "Legal", "duel": "Legal", "explorer": "Legal", "gladiator": "Legal", "historic": "Legal", "legacy": "Legal", "modern": "Legal", "oathbreaker": "Legal", "pioneer": "Legal", "timeless": "Legal", "vintage": "Legal"}, "manaCost": "{3}{G}{G}", "manaValue": 5.0, "name": "Overcome", "number": "171", "originalText": "Creatures you control get +2/+2 and gain trample until end of turn.", "originalType": "Sorcery", "printings": ["CLU", "GNT", "HOU", "J22", "M20"], "purchaseUrls": {"tcgplayer": "https://mtgjson.com/links/ac35d8eece9aecee"}, "rarity": "uncommon", "rulings": [{"date": "2019-07-12", "text": "Overcome affects only creatures you control at the time it resolves. Creatures you begin to control later in the turn won’t get +2/+2 or gain trample."}], "setCode": "CLU", "sourceProducts": {"nonfoil": ["45e240fd-e8ad-5862-b176-78af37af1905"]}, "subtypes": [], "supertypes": [], "text": "Creatures you control get +2/+2 and gain trample until end of turn.", "type": "Sorcery", "types": ["Sorcery"], "uuid": "3a307246-3f90-559b-9c46-8ccda811cda9"}, {"artist": "Ravenna Tran", "artistIds": ["e24bc1d0-446b-45e0-b215-89f581837aa4"], "availability": ["mtgo", "paper"], "borderColor": "black", "colorIdentity": ["G"], "colors": [], "convertedManaCost": 0.0, "count": 1, "edhrecRank": 1455, "edhrecSaltiness": 0.07, "finishes": ["nonfoil"], "flavorText": "Far from human eyes, birds flit between vivid blossoms in a hidden paradise.", "foreignData": [], "frameVersion": "2015", "hasFoil": false, "hasNonFoil": true, "identifiers": {"cardsphereId": "116197", "mcmId": "752670", "mtgjsonV4Id": "98bcfa5a-08e4-5d15-93b1-7ff99cfdf6f8", "mtgoId": "123304", "multiverseId": "651985", "scryfallCardBackId": "0aeebaf5-8c7d-4636-9e82-8c27447861f7", "scryfallId": "9b56c554-b731-4b16-a0a3-5eeb7f60e823", "scryfallIllustrationId": "1923327d-f432-4e93-bdea-f0280263e7f5", "scryfallOracleId": "a8052556-8962-4130-86a8-6fb7b6a324f7", "tcgplayerProductId": "534614"}, "isFoil": false, "isReprint": true, "language": "English", "layout": "normal", "legalities": {"brawl": "Legal", "commander": "Legal", "duel": "Legal", "gladiator": "Legal", "historic": "Legal", "legacy": "Legal", "oathbreaker": "Legal", "pauper": "Legal", "paupercommander": "Legal", "timeless": "Legal", "vintage": "Legal"}, "manaValue": 0.0, "name": "Thriving Grove", "number": "250", "originalText": "Thriving Grove enters the battlefield tapped.\nAs Thriving Grove enters the battlefield, choose a color other than green.\n{T}: Add {G} or one mana of the chosen color.", "originalType": "Land", "printings": ["AFC", "BLC", "CLU", "CMM", "J22", "JMP", "LCC", "NCC", "WHO"], "purchaseUrls": {"tcgplayer": "https://mtgjson.com/links/9768b3de3326a1ec"}, "rarity": "common", "setCode": "CLU", "sourceProducts": {"nonfoil": ["45e240fd-e8ad-5862-b176-78af37af1905"]}, "subtypes": [], "supertypes": [], "text": "Thriving Grove enters tapped. As it enters, choose a color other than green.\n{T}: Add {G} or one mana of the chosen color.", "type": "Land", "types": ["Land"], "uuid": "475fa213-cd7e-5fb8-a8b6-4ba7d1e860c4"}, {"artist": "Howard Lyon", "artistIds": ["6dd06426-59fe-4b9c-aad5-6da8446a5c3d"], "availability": ["mtgo", "paper"], "borderColor": "black", "colorIdentity": ["G", "W"], "colors": [], "convertedManaCost": 0.0, "count": 1, "edhrecRank": 1478, "edhrecSaltiness": 0.05, "finishes": ["nonfoil"], "flavorText": "Enter and rejoice! The Conclave stands united, open to one and all.", "foreignData": [], "frameVersion": "2015", "hasFoil": false, "hasNonFoil": true, "identifiers": {"cardsphereId": "116204", "mcmId": "752766", "mtgjsonV4Id": "929d3ac0-6df1-555b-b726-45fcd538c27a", "mtgoId": "123294", "multiverseId": "651980", "scryfallCardBackId": "0aeebaf5-8c7d-4636-9e82-8c27447861f7", "scryfallId": "b48471b4-fb3f-4910-b2d0-5c08cfd44f51", "scryfallIllustrationId": "7ff0979f-ba07-4554-931a-695b9fcf0cbf", "scryfallOracleId": "75b235d3-595a-4859-be45-9559d8445db5", "tcgplayerProductId": "534720"}, "isFoil": false, "isReprint": true, "language": "English", "layout": "normal", "legalities": {"brawl": "Legal", "commander": "Legal", "duel": "Legal", "explorer": "Legal", "gladiator": "Legal", "historic": "Legal", "legacy": "Legal", "modern": "Legal", "oathbreaker": "Legal", "pauper": "Legal", "paupercommander": "Legal", "penny": "Legal", "pioneer": "Legal", "timeless": "Legal", "vintage": "Legal"}, "manaValue": 0.0, "name": "Selesnya Guildgate", "number": "245", "originalText": "Selesnya Guildgate enters the battlefield tapped.\n{T}: Add {G} or {W}.", "originalType": "Land — Gate", "printings": ["C13", "C17", "CLU", "CMA", "DGM", "GRN", "MM3", "RTR", "RVR", "ZNC"], "purchaseUrls": {"tcgplayer": "https://mtgjson.com/links/a5f89a8f3b7055e4"}, "rarity": "common", "rulings": [{"date": "2013-04-15", "text": "Gate is not a basic land type."}, {"date": "2013-04-15", "text": "The subtype Gate has no special rules significance, but other spells and abilities may refer to it."}], "setCode": "CLU", "sourceProducts": {"nonfoil": ["45e240fd-e8ad-5862-b176-78af37af1905"]}, "subtypes": ["Gate"], "supertypes": [], "text": "Selesnya Guildgate enters tapped.\n{T}: Add {G} or {W}.", "type": "Land — Gate", "types": ["Land"], "uuid": "37b5764e-b7fb-59e1-9b99-cce914349c14", "watermark": "selesnya"}, {"artist": "John Avon", "artistIds": ["798f3932-30e0-4420-aa3f-db4d613f89ca"], "availability": ["mtgo", "paper"], "borderColor": "black", "colorIdentity": ["G", "W"], "colors": [], "convertedManaCost": 0.0, "count": 1, "edhrecRank": 401, "edhrecSaltiness": 0.03, "finishes": ["nonfoil"], "foreignData": [], "frameVersion": "2015", "hasFoil": false, "hasNonFoil": true, "identifiers": {"cardsphereId": "116203", "mcmId": "753214", "mtgjsonV4Id": "50be2510-2a35-518f-96a7-121e9746ecca", "mtgoId": "123296", "multiverseId": "651981", "scryfallCardBackId": "0aeebaf5-8c7d-4636-9e82-8c27447861f7", "scryfallId": "fdc53c6a-8e28-4314-9bcf-b31b6c6f56d7", "scryfallIllustrationId": "5804bf72-4037-42b9-b2dd-fe10501e99ff", "scryfallOracleId": "00ef1c55-dea1-4564-bd57-66de86cba4df", "tcgplayerProductId": "535228"}, "isFoil": false, "isReprint": true, "language": "English", "layout": "normal", "legalities": {"commander": "Legal", "duel": "Legal", "legacy": "Legal", "modern": "Legal", "oathbreaker": "Legal", "pauper": "Legal", "paupercommander": "Legal", "predh": "Legal", "vintage": "Legal"}, "manaValue": 0.0, "name": "Selesnya Sanctuary", "number": "246", "originalText": "Selesnya Sanctuary enters the battlefield tapped.\nWhen Selesnya Sanctuary enters the battlefield, return a land you control to its owner's hand.\n{T}: Add {G}{W}.", "originalType": "Land", "printings": ["2X2", "C13", "C16", "C17", "C18", "C19", "C20", "CLU", "CMA", "CMD", "CMM", "DDG", "GK1", "IMA", "MIC", "MKC", "MM2", "PC2", "PCA", "PRM", "PSAL", "RAV", "TD0", "ZNC"], "purchaseUrls": {"tcgplayer": "https://mtgjson.com/links/92a01e6c7affb71f"}, "rarity": "common", "rulings": [{"date": "2013-04-15", "text": "If this land enters the battlefield and you control no other lands, its ability will force you to return it to your hand."}], "setCode": "CLU", "sourceProducts": {"nonfoil": ["45e240fd-e8ad-5862-b176-78af37af1905"]}, "subtypes": [], "supertypes": [], "text": "Selesnya Sanctuary enters tapped.\nWhen Selesnya Sanctuary enters, return a land you control to its owner's hand.\n{T}: Add {G}{W}.", "type": "Land", "types": ["Land"], "uuid": "721f9579-15bd-56b7-b894-f22590cd111e", "watermark": "selesnya"}, {"artist": "Aaron Miller", "artistIds": ["fc021f3d-773a-4706-bbe7-f602324f511f"], "availability": ["mtgo", "paper"], "borderColor": "black", "colorIdentity": ["G", "W"], "colors": ["G", "W"], "convertedManaCost": 6.0, "count": 1, "edhrecRank": 19909, "finishes": ["nonfoil"], "flavorText": "It is spring incarnate, its gentle warmth chasing away the last of winter's bite.", "foreignData": [], "frameVersion": "2015", "hasFoil": false, "hasNonFoil": true, "identifiers": {"cardsphereId": "116261", "mcmId": "753172", "mtgjsonV4Id": "635be2c0-6edb-5960-956e-d83409d7dae1", "mtgoId": "123410", "multiverseId": "651786", "scryfallCardBackId": "0aeebaf5-8c7d-4636-9e82-8c27447861f7", "scryfallId": "8d4ebe8b-8d2f-4534-994e-e387f23cbe1d", "scryfallIllustrationId": "2f71e0c8-b8e2-4af4-b861-7ea3f46f0308", "scryfallOracleId": "bf30b8ae-0125-4a00-bae8-ac1aa7703a08", "tcgplayerProductId": "534575"}, "isFoil": false, "isStarter": true, "language": "English", "layout": "normal", "legalities": {"commander": "Legal", "duel": "Legal", "legacy": "Legal", "oathbreaker": "Legal", "vintage": "Legal"}, "manaCost": "{4}{G}{W}", "manaValue": 6.0, "name": "Vernal Sovereign", "number": "51", "originalText": "Whenever Vernal Sovereign enters the battlefield or attacks, create a green and white Elemental creature token with \"This creature's power and toughness are each equal to the number of creatures you control.\"", "originalType": "Creature — Elemental Elk", "power": "4", "printings": ["CLU"], "purchaseUrls": {"tcgplayer": "https://mtgjson.com/links/b3f79b2dd6e6378f"}, "rarity": "rare", "securityStamp": "oval", "setCode": "CLU", "sourceProducts": {"nonfoil": ["45e240fd-e8ad-5862-b176-78af37af1905"]}, "subtypes": ["Elemental", "Elk"], "supertypes": [], "text": "Whenever Vernal Sovereign enters or attacks, create a green and white Elemental creature token with \"This creature's power and toughness are each equal to the number of creatures you control.\"", "toughness": "4", "type": "Creature — Elemental Elk", "types": ["Creature"], "uuid": "d74f6578-0499-5644-b919-3f42b51e169f", "watermark": "selesnya"}, {"artist": "Matt Stewart", "artistIds": ["20871267-2d8a-41d5-b03a-be3d557c5734"], "availability": ["mtgo", "paper"], "borderColor": "black", "colorIdentity": ["G"], "colors": ["G"], "convertedManaCost": 4.0, "count": 1, "edhrecRank": 149, "edhrecSaltiness": 0.37, "finishes": ["nonfoil"], "flavorText": "\"The tiniest mouse speaks louder to me than all the festival crowds on Tin Street.\"", "foreignData": [], "frameVersion": "2015", "hasFoil": false, "hasNonFoil": true, "identifiers": {"cardsphereId": "116409", "mcmId": "752786", "mtgjsonV4Id": "4537382d-5c8c-5bce-ac0e-10220a463664", "mtgoId": "123100", "multiverseId": "651893", "scryfallCardBackId": "0aeebaf5-8c7d-4636-9e82-8c27447861f7", "scryfallId": "daf4bcd2-3ae4-4803-9ea1-3bcc3de5ca59", "scryfallIllustrationId": "2c03d938-71fe-45ea-b2d7-e149ddd1bb52", "scryfallOracleId": "5da7eea8-bb9e-47ce-a554-8a1ee058bd7a", "tcgplayerProductId": "534738"}, "isFoil": false, "isReprint": true, "isStarter": true, "language": "English", "layout": "normal", "legalities": {"brawl": "Legal", "commander": "Legal", "duel": "Legal", "explorer": "Legal", "gladiator": "Legal", "historic": "Legal", "legacy": "Legal", "modern": "Legal", "oathbreaker": "Legal", "penny": "Legal", "pioneer": "Legal", "timeless": "Legal", "vintage": "Legal"}, "manaCost": "{2}{G}{G}", "manaValue": 4.0, "name": "Beast Whisperer", "number": "158", "originalText": "Whenever you cast a creature spell, draw a card.", "originalType": "Creature — Elf Druid", "power": "2", "printings": ["C20", "CLU", "GN3", "GRN", "KHC", "MKC", "P30A", "PGRN", "PLST", "PRES", "SLD", "TSR"], "purchaseUrls": {"tcgplayer": "https://mtgjson.com/links/a33137f93612473a"}, "rarity": "rare", "rulings": [{"date": "2021-03-19", "text": "An ability that triggers when a player casts a spell resolves before the spell that caused it to trigger. It resolves even if that spell is countered."}], "securityStamp": "oval", "setCode": "CLU", "sourceProducts": {"nonfoil": ["45e240fd-e8ad-5862-b176-78af37af1905"]}, "subtypes": ["Elf", "Druid"], "supertypes": [], "text": "Whenever you cast a creature spell, draw a card.", "toughness": "3", "type": "Creature — Elf Druid", "types": ["Creature"], "uuid": "e4d9602f-1990-5ed1-993d-4376b3371e2a"}, {"artist": "Alayna Danner", "artistIds": ["bb677b1a-ce51-4888-83d6-5a94de461ff9"], "availability": ["mtgo", "paper"], "borderColor": "black", "colorIdentity": ["G"], "colors": [], "convertedManaCost": 0.0, "count": 5, "edhrecSaltiness": 0.35, "finishes": ["nonfoil"], "foreignData": [], "frameVersion": "2015", "hasFoil": false, "hasNonFoil": true, "identifiers": {"cardsphereId": "116162", "mtgjsonV4Id": "de602499-645e-5df9-8c78-8d50a2eac25f", "mtgoId": "123344", "multiverseId": "652005", "scryfallCardBackId": "0aeebaf5-8c7d-4636-9e82-8c27447861f7", "scryfallId": "56972713-71b5-4319-a091-706e161c198d", "scryfallIllustrationId": "8e40e418-5853-4a0c-b46b-1825af8945c8", "scryfallOracleId": "b34bb2dc-c1af-4d77-b0b3-a0fb342a5fc6", "tcgplayerProductId": "534542"}, "isFoil": false, "isReprint": true, "language": "English", "layout": "normal", "legalities": {"alchemy": "Legal", "brawl": "Legal", "commander": "Legal", "duel": "Legal", "explorer": "Legal", "future": "Legal", "gladiator": "Legal", "historic": "Legal", "legacy": "Legal", "modern": "Legal", "oathbreaker": "Legal", "pauper": "Legal", "paupercommander": "Legal", "penny": "Legal", "pioneer": "Legal", "predh": "Legal", "premodern": "Legal", "standard": "Legal", "standardbrawl": "Legal", "timeless": "Legal", "vintage": "Legal"}, "manaValue": 0.0, "name": "Forest", "number": "270", "originalType": "Basic Land — Forest", "printings": ["10E", "2ED", "2XM", "30A", "3ED", "40K", "4BB", "4ED", "5ED", "6ED", "7ED", "8ED", "9ED", "ACR", "AFR", "AKH", "AKR", "ALA", "ANA", "ANB", "ARC", "ATH", "AVR", "BBD", "BFZ", "BLB", "BRB", "BRO", "BTD", "C13", "C14", "C15", "C16", "C17", "C18", "C19", "CED", "CEI", "CHK", "CLB", "CLU", "CM2", "CMA", "CMD", "CMM", "CMR", "CST", "DD1", "DDD", "DDE", "DDG", "DDH", "DDJ", "DDL", "DDM", "DDO", "DDP", "DDR", "DDS", "DDU", "DKM", "DMR", "DMU", "DOM", "DPA", "DSK", "DTK", "E01", "ELD", "EVG", "FBB", "FRF", "G17", "GK1", "GK2", "GN2", "GN3", "GNT", "GRN", "GS1", "GVL", "H09", "HBG", "HOP", "HOU", "ICE", "IKO", "INV", "ISD", "ITP", "J14", "J22", "JMP", "KHM", "KLD", "KLR", "KTK", "LCI", "LEA", "LEB", "LRW", "LTR", "M10", "M11", "M12", "M13", "M14", "M15", "M19", "M20", "M21", "MBS", "ME1", "ME3", "MH2", "MH3", "MID", "MIR", "MKM", "MMQ", "MOM", "MRD", "NEO", "NPH", "ODY", "OLEP", "ONE", "ONS", "ORI", "OTJ", "P02", "P23", "PAL00", "PAL01", "PAL03", "PAL04", "PAL05", "PAL06", "PAL99", "PALP", "PANA", "PARL", "PC2", "PCA", "PELP", "PF19", "PF20", "PGPX", "PGRU", "PIP", "PLST", "PMPS", "PMPS06", "PMPS07", "PMPS08", "PMPS09", "PMPS10", "PMPS11", "POR", "PPP1", "PRM", "PRW2", "PRWK", "PS11", "PSAL", "PSS2", "PSS3", "PSS4", "PTC", "PTK", "PZ2", "RAV", "REX", "RIX", "RNA", "ROE", "RQS", "RTR", "S99", "SCD", "SHM", "SIR", "SLD", "SNC", "SOI", "SOM", "STX", "SUM", "TD0", "TD2", "THB", "THS", "TMP", "TPR", "TSP", "UGL", "UND", "UNF", "UNH", "USG", "UST", "VOW", "WAR", "WC00", "WC01", "WC02", "WC03", "WC04", "WC97", "WC98", "WC99", "WHO", "WOE", "XANA", "XLN", "ZEN", "ZNR"], "purchaseUrls": {"tcgplayer": "https://mtgjson.com/links/367676a607f7b9e7"}, "rarity": "common", "setCode": "CLU", "sourceProducts": {"nonfoil": ["45e240fd-e8ad-5862-b176-78af37af1905"]}, "subtypes": ["Forest"], "supertypes": ["Basic"], "text": "({T}: Add {G}.)", "type": "Basic Land — Forest", "types": ["Land"], "uuid": "268e224e-0de5-50c1-8a9b-2e126b8805d4", "variations": ["27e5ae07-e6ad-5eab-9a88-f54fd612b0fe", "615f6f3a-31da-5f6d-86a7-f848b1bf856b", "15fe5200-8c37-5e62-9418-3b290545bd33"]}], "name": "Selesnya Conclave 2", "releaseDate": "2024-02-23", "sealedProductUuids": null, "sideBoard": [], "type": "Jumpstart"}}