{"meta": {"date": "2024-09-03", "version": "5.2.2+20240903"}, "data": {"code": "SLD", "commander": [], "mainBoard": [{"artist": "Ben Schnuck", "artistIds": ["ce592db9-56b7-450f-b191-a681d4f595d7"], "availability": ["paper"], "borderColor": "borderless", "colorIdentity": ["W"], "colors": [], "convertedManaCost": 0.0, "count": 1, "edhrecSaltiness": 0.28, "finishes": ["nonfoil", "foil"], "foreignData": [], "frameVersion": "2015", "hasFoil": true, "hasNonFoil": true, "identifiers": {"cardsphereFoilId": "91121", "cardsphereId": "91122", "mtgjsonV4Id": "db921000-3b29-5dff-b086-7c965c267bbd", "scryfallCardBackId": "0aeebaf5-8c7d-4636-9e82-8c27447861f7", "scryfallId": "c71446bd-08f2-41fe-ae44-db44814c8afb", "scryfallIllustrationId": "1ec6847b-bf28-4674-936b-abda05e800f7", "scryfallOracleId": "bc71ebf6-2056-41f7-be35-b2e5c34afa99", "tcgplayerProductId": "267905"}, "isFoil": true, "isFullArt": true, "isReprint": true, "isTextless": true, "language": "English", "layout": "normal", "legalities": {"alchemy": "Legal", "brawl": "Legal", "commander": "Legal", "duel": "Legal", "explorer": "Legal", "future": "Legal", "gladiator": "Legal", "historic": "Legal", "legacy": "Legal", "modern": "Legal", "oathbreaker": "Legal", "pauper": "Legal", "paupercommander": "Legal", "penny": "Legal", "pioneer": "Legal", "predh": "Legal", "premodern": "Legal", "standard": "Legal", "standardbrawl": "Legal", "timeless": "Legal", "vintage": "Legal"}, "manaValue": 0.0, "name": "Plains", "number": "415", "originalReleaseDate": "2022-02-18", "printings": ["10E", "2ED", "2XM", "30A", "3ED", "40K", "4BB", "4ED", "5ED", "6ED", "7ED", "8ED", "9ED", "ACR", "AFR", "AKH", "AKR", "ALA", "ANA", "ANB", "ARC", "ATH", "AVR", "BBD", "BFZ", "BLB", "BRB", "BRC", "BRO", "C13", "C14", "C15", "C16", "C17", "C18", "C19", "CED", "CEI", "CHK", "CLB", "CLU", "CM2", "CMA", "CMD", "CMM", "CMR", "CST", "DDC", "DDE", "DDF", "DDG", "DDH", "DDI", "DDK", "DDL", "DDN", "DDO", "DDP", "DDQ", "DMR", "DMU", "DOM", "DSK", "DTK", "DVD", "E01", "ELD", "FBB", "FDN", "FRF", "G17", "GK1", "GK2", "GN2", "GN3", "GNT", "GRN", "GS1", "H09", "HBG", "HOP", "HOU", "ICE", "IKO", "INV", "ISD", "ITP", "J14", "J22", "JMP", "KHM", "KLD", "KLR", "KTK", "LCI", "LEA", "LEB", "LRW", "LTR", "M10", "M11", "M12", "M13", "M14", "M15", "M19", "M20", "M21", "MBS", "MD1", "ME1", "ME3", "MH2", "MH3", "MID", "MIR", "MKM", "MMQ", "MOM", "MRD", "NEO", "NPH", "ODY", "OLEP", "ONE", "ONS", "ORI", "OTJ", "P02", "P23", "PAL00", "PAL01", "PAL03", "PAL04", "PAL05", "PAL06", "PAL99", "PALP", "PANA", "PARL", "PC2", "PCA", "PDGM", "PELP", "PF19", "PF20", "PGPX", "PGRU", "PIP", "PLST", "PMPS", "PMPS06", "PMPS07", "PMPS08", "PMPS09", "PMPS10", "PMPS11", "POR", "PPP1", "PRM", "PRW2", "PRWK", "PS11", "PSAL", "PSS2", "PSS3", "PSS4", "PTC", "PTK", "PZ2", "RAV", "REX", "RIX", "RNA", "ROE", "RQS", "RTR", "S99", "SCD", "SHM", "SIR", "SLD", "SLP", "SNC", "SOI", "SOM", "STX", "SUM", "TD0", "TD2", "THB", "THS", "TMP", "TPR", "TSP", "UGL", "UND", "UNF", "UNH", "USG", "UST", "VOW", "WAR", "WC00", "WC02", "WC03", "WC04", "WC97", "WC98", "WHO", "WOE", "XANA", "XLN", "ZEN", "ZNR"], "purchaseUrls": {"tcgplayer": "https://mtgjson.com/links/81def5f8d1fd4f54"}, "rarity": "rare", "securityStamp": "oval", "setCode": "SLD", "sourceProducts": {"foil": ["6a74115c-ae8b-5eb7-a875-14e5df9b09d0"], "nonfoil": ["3d56c1ed-2a59-5c87-9d2a-3d19a2a1e062"]}, "subsets": ["Shades Not Included"], "subtypes": ["Plains"], "supertypes": ["Basic"], "text": "({T}: Add {W}.)", "type": "Basic Land — Plains", "types": ["Land"], "uuid": "563874e8-6788-5630-9880-dc55fe95dffa", "variations": ["b1877893-452e-5444-a216-b1219b03647f", "f916309d-fabb-549a-a216-d5b788439fc9", "f8aea3de-9ff7-5367-b45c-f538b99a25bf", "942decbf-a723-5cd6-837e-318c0c4c62ec", "56b7949c-b860-5112-876c-62e41a03829e", "c6098fb4-015e-5b43-b79b-85a3abeb213f", "77387e7a-bd4b-5b7f-ae21-401b8a9509f0", "d5f1d387-0f81-5f43-a7c6-27bdeb2397f2", "e48be9d7-a9b5-5f46-8c58-da5100a9c282", "a1dbd57b-3a73-5ec5-9e2d-d9bc0efeb2b1", "30ee6225-fcf2-5632-ba9c-277415654e03", "c89dbb21-eb43-58d7-8e21-0675a676d103", "e38ec94c-070a-5590-94e4-86d62dbd64d1", "fc3601c3-aa97-5d3e-8ba3-4e0878194c6d", "f360db77-eb35-577a-aec9-eac9263155ad", "f2bace3e-1288-5d5e-9ea2-a0a432702826", "4c547692-5209-5c0b-bd4b-1534a248e64d", "930530ee-d546-5b14-b7de-edeea8102f90", "c7ed00f8-7186-51af-9cd7-bba7a3453da9", "8eadb3f9-97d5-5dae-9e81-184bad08e6cf", "21a3ecdb-e282-5f28-a464-3cf7bb5e900d", "cbc75981-362b-5ebf-8f34-6e15c6299e9f", "6c0930ea-de5a-52bc-a492-33d6580c9130", "9ec18572-c229-575d-8210-ab0b9e68abf1", "ebf52f9c-bd76-5b4d-a46b-ff175a7fc62a", "f3600030-e743-5089-87d6-5c56c5fbf564", "e7ee8833-ff69-5335-9da3-58133e6c73f0", "ea5d01c0-c28e-5ac6-a742-23c3fd12e944", "a329f6ce-91f3-504a-b613-a43e65f9a6ca", "35b5dc5a-eb6d-50e0-a901-5ef9c19a84fe", "970b4acb-af6f-59b6-87a5-a30a8ab4a5d7", "b6ee6ed4-4ae9-5638-8ca6-7ff2d06e9834", "562c1bae-50be-53d2-b581-46c52ae34af1", "2ce0dea0-d732-54d5-945d-779492ac8923"]}, {"artist": "Ben Schnuck", "artistIds": ["ce592db9-56b7-450f-b191-a681d4f595d7"], "availability": ["paper"], "borderColor": "borderless", "colorIdentity": ["U"], "colors": [], "convertedManaCost": 0.0, "count": 1, "edhrecSaltiness": 0.76, "finishes": ["nonfoil", "foil"], "foreignData": [], "frameVersion": "2015", "hasFoil": true, "hasNonFoil": true, "identifiers": {"cardsphereFoilId": "91119", "cardsphereId": "91120", "mtgjsonV4Id": "9d7b73ef-e52a-5435-81bf-ef0da0ae6f97", "scryfallCardBackId": "0aeebaf5-8c7d-4636-9e82-8c27447861f7", "scryfallId": "bd081bbf-8e82-405c-a522-f826fa0a6e1d", "scryfallIllustrationId": "1cf78e68-adcb-4a5c-a121-13784eeb42c2", "scryfallOracleId": "b2c6aa39-2d2a-459c-a555-fb48ba993373", "tcgplayerProductId": "267904"}, "isFoil": true, "isFullArt": true, "isReprint": true, "isTextless": true, "language": "English", "layout": "normal", "legalities": {"alchemy": "Legal", "brawl": "Legal", "commander": "Legal", "duel": "Legal", "explorer": "Legal", "future": "Legal", "gladiator": "Legal", "historic": "Legal", "legacy": "Legal", "modern": "Legal", "oathbreaker": "Legal", "pauper": "Legal", "paupercommander": "Legal", "penny": "Legal", "pioneer": "Legal", "predh": "Legal", "premodern": "Legal", "standard": "Legal", "standardbrawl": "Legal", "timeless": "Legal", "vintage": "Legal"}, "manaValue": 0.0, "name": "Island", "number": "416", "originalReleaseDate": "2022-02-18", "printings": ["10E", "2ED", "2XM", "30A", "3ED", "40K", "4BB", "4ED", "5ED", "6ED", "7ED", "8ED", "9ED", "ACR", "AFR", "AKH", "AKR", "ALA", "ANA", "ANB", "ARC", "AVR", "BBD", "BFZ", "BLB", "BRB", "BRC", "BRO", "BTD", "C13", "C14", "C15", "C16", "C17", "C18", "C19", "CED", "CEI", "CHK", "CLB", "CLU", "CM2", "CMA", "CMD", "CMM", "CMR", "CST", "DD2", "DDE", "DDF", "DDH", "DDI", "DDJ", "DDM", "DDN", "DDO", "DDQ", "DDS", "DDT", "DDU", "DMR", "DMU", "DOM", "DPA", "DSK", "DTK", "E01", "ELD", "FBB", "FRF", "G17", "GK1", "GK2", "GN2", "GN3", "GNT", "GRN", "GS1", "H09", "HBG", "HOP", "HOU", "ICE", "IKO", "INV", "ISD", "ITP", "J14", "J22", "JMP", "JVC", "KHM", "KLD", "KLR", "KTK", "LCI", "LEA", "LEB", "LRW", "LTR", "M10", "M11", "M12", "M13", "M14", "M15", "M19", "M20", "M21", "MBS", "ME1", "ME3", "MH2", "MH3", "MID", "MIR", "MKM", "MMQ", "MOM", "MRD", "NEO", "NPH", "ODY", "OLEP", "ONE", "ONS", "ORI", "OTJ", "P02", "P23", "PAL00", "PAL01", "PAL02", "PAL03", "PAL04", "PAL05", "PAL06", "PAL99", "PALP", "PANA", "PARL", "PC2", "PCA", "PELP", "PF19", "PF20", "PGPX", "PGRU", "PIP", "PLST", "PMPS", "PMPS06", "PMPS07", "PMPS08", "PMPS09", "PMPS10", "PMPS11", "POR", "PPP1", "PRM", "PRW2", "PRWK", "PS11", "PSAL", "PSS2", "PSS3", "PSS4", "PTC", "PTK", "PZ2", "RAV", "REX", "RIX", "RNA", "ROE", "RQS", "RTR", "S99", "SCD", "SHM", "SIR", "SLD", "SNC", "SOI", "SOM", "STX", "SUM", "TD0", "TD2", "THB", "THS", "TMP", "TPR", "TSP", "UGL", "UND", "UNF", "UNH", "USG", "UST", "VOW", "WAR", "WC00", "WC01", "WC02", "WC03", "WC04", "WC97", "WC98", "WHO", "WOE", "XANA", "XLN", "ZEN", "ZNR"], "purchaseUrls": {"tcgplayer": "https://mtgjson.com/links/b27c3f43ce2a7881"}, "rarity": "rare", "securityStamp": "oval", "setCode": "SLD", "sourceProducts": {"foil": ["6a74115c-ae8b-5eb7-a875-14e5df9b09d0"], "nonfoil": ["3d56c1ed-2a59-5c87-9d2a-3d19a2a1e062"]}, "subsets": ["Shades Not Included"], "subtypes": ["Island"], "supertypes": ["Basic"], "text": "({T}: Add {U}.)", "type": "Basic Land — Island", "types": ["Land"], "uuid": "532d0d30-ff55-580b-bac1-270c192480f2", "variations": ["c31101e6-7238-55e9-a305-4d95108cd812", "aa42098a-51ee-5368-96e7-e61f82bce5a7", "20e9d603-6d6b-5967-9539-846658aed8d4", "ca1bd514-26d2-578a-b3c5-65e9b5ea3108", "4eeb9934-5d5e-58da-98d5-6393743e23b9", "8062bdc1-f68f-57fb-a67f-82cbc58c731f", "0841d85c-386c-58ec-8103-f3a084391f82", "4620a669-fd13-5326-9b14-2dfdee0d19e7", "aa01eb1a-a9fe-5e48-94fe-980eccbefb96", "5a28c76c-14de-5f99-a9c0-cdd223845235", "6a7a647a-3e66-5337-a3a7-43c2ac4cde01", "2231ab92-6cfb-5eca-90f9-dc2af6f9c611", "9375a92c-10e1-5833-ae66-b490cd7bb926", "0c2b38c5-f60e-5eb5-96ae-316407a40a1f", "b8cae71f-699c-5c9c-ab64-76ce9dc94930", "2dfdd05b-d953-5792-b10d-73364635bafe", "c536a9f4-bdc0-5bf1-828e-7cfd8e2c93af", "d755a7ea-d9ad-520e-bfb5-4293ffeb6a58", "5b4b42a4-f4dd-5640-a23c-2dc3a59a3b25", "eb9295cc-ca63-5551-90f3-1660f14b14ec", "51650413-c00b-5967-8492-b030dd124370", "08f8ffae-101b-568e-8377-d412605437a3", "7dedbb51-46d7-508b-b398-d1c54b00e5c4", "df0d8f4a-7f62-5983-9fcc-76f2a44e2f58", "a3fcd526-942f-5eab-9073-3d929dfb4b60", "ce2ceb5e-6273-52b9-afc1-585e926feab8", "2a953fd4-a132-5d0a-ae67-e095a0447a4f", "08608728-5605-5a66-a261-cd751a894bd1", "b5f49c02-32eb-58c9-899f-29595861afa5", "89ee6746-e0dc-5434-9ecf-106d8ee345c9"]}, {"artist": "Ben Schnuck", "artistIds": ["ce592db9-56b7-450f-b191-a681d4f595d7"], "availability": ["paper"], "borderColor": "borderless", "colorIdentity": ["B"], "colors": [], "convertedManaCost": 0.0, "count": 1, "edhrecSaltiness": 0.29, "finishes": ["nonfoil", "foil"], "foreignData": [], "frameVersion": "2015", "hasFoil": true, "hasNonFoil": true, "identifiers": {"cardsphereFoilId": "91113", "cardsphereId": "91114", "mtgjsonV4Id": "ff41c9f0-e0d8-53bd-ab6c-b1dd65a2784d", "scryfallCardBackId": "0aeebaf5-8c7d-4636-9e82-8c27447861f7", "scryfallId": "085b4641-62fb-4820-aded-ccc9403d319e", "scryfallIllustrationId": "2423be19-0122-41c5-ae2b-8ff952e8e3cd", "scryfallOracleId": "56719f6a-1a6c-4c0a-8d21-18f7d7350b68", "tcgplayerProductId": "267903"}, "isFoil": true, "isFullArt": true, "isReprint": true, "isTextless": true, "language": "English", "layout": "normal", "legalities": {"alchemy": "Legal", "brawl": "Legal", "commander": "Legal", "duel": "Legal", "explorer": "Legal", "future": "Legal", "gladiator": "Legal", "historic": "Legal", "legacy": "Legal", "modern": "Legal", "oathbreaker": "Legal", "pauper": "Legal", "paupercommander": "Legal", "penny": "Legal", "pioneer": "Legal", "predh": "Legal", "premodern": "Legal", "standard": "Legal", "standardbrawl": "Legal", "timeless": "Legal", "vintage": "Legal"}, "manaValue": 0.0, "name": "Swamp", "number": "417", "originalReleaseDate": "2022-02-18", "printings": ["10E", "2ED", "2XM", "30A", "3ED", "40K", "4BB", "4ED", "5ED", "6ED", "7ED", "8ED", "9ED", "ACR", "AFR", "AKH", "AKR", "ALA", "ANA", "ANB", "ARC", "ATH", "AVR", "BBD", "BFZ", "BLB", "BRB", "BRC", "BRO", "BTD", "C13", "C14", "C15", "C16", "C17", "C18", "C19", "CED", "CEI", "CHK", "CLB", "CLU", "CM2", "CMA", "CMD", "CMM", "CST", "DDC", "DDD", "DDE", "DDH", "DDJ", "DDK", "DDM", "DDN", "DDP", "DDQ", "DDR", "DKM", "DMR", "DMU", "DOM", "DPA", "DSK", "DTK", "DVD", "E01", "ELD", "FBB", "FDN", "FRF", "G17", "GK1", "GK2", "GN2", "GN3", "GNT", "GRN", "GVL", "H09", "HBG", "HOP", "HOU", "ICE", "IKO", "INV", "ISD", "ITP", "J14", "J22", "JMP", "KHM", "KLD", "KLR", "KTK", "LCI", "LEA", "LEB", "LRW", "LTR", "M10", "M11", "M12", "M13", "M14", "M15", "M19", "M20", "M21", "MBS", "MD1", "ME1", "ME3", "MH2", "MH3", "MID", "MIR", "MKM", "MMQ", "MOM", "MRD", "NEO", "NPH", "ODY", "OLEP", "ONE", "ONS", "ORI", "OTJ", "P02", "P23", "PAL00", "PAL01", "PAL03", "PAL04", "PAL05", "PAL06", "PAL99", "PALP", "PANA", "PARL", "PC2", "PCA", "PD3", "PELP", "PF19", "PF20", "PGPX", "PGRU", "PHUK", "PIP", "PLST", "PMPS", "PMPS06", "PMPS07", "PMPS08", "PMPS09", "PMPS10", "PMPS11", "POR", "PPP1", "PRM", "PRW2", "PRWK", "PS11", "PSAL", "PSS2", "PSS3", "PSS4", "PTC", "PTK", "RAV", "REX", "RIX", "RNA", "ROE", "RQS", "RTR", "S99", "SCD", "SHM", "SIR", "SLD", "SNC", "SOI", "SOM", "STX", "SUM", "TD0", "TD2", "THB", "THS", "TMP", "TPR", "TSP", "UGL", "UND", "UNF", "UNH", "USG", "UST", "VOW", "WAR", "WC01", "WC02", "WC03", "WC97", "WC98", "WC99", "WHO", "WOE", "XANA", "XLN", "ZEN", "ZNR"], "purchaseUrls": {"tcgplayer": "https://mtgjson.com/links/6f3cc651fdc5f970"}, "rarity": "rare", "securityStamp": "oval", "setCode": "SLD", "sourceProducts": {"foil": ["6a74115c-ae8b-5eb7-a875-14e5df9b09d0"], "nonfoil": ["3d56c1ed-2a59-5c87-9d2a-3d19a2a1e062"]}, "subsets": ["Shades Not Included"], "subtypes": ["Swamp"], "supertypes": ["Basic"], "text": "({T}: Add {B}.)", "type": "Basic Land — Swamp", "types": ["Land"], "uuid": "939e2ffe-f4ff-5be9-88fd-a3132b5dbea8", "variations": ["b919003a-1e07-5c7b-870f-c2e6c9f0ff32", "76a81fd3-8410-581b-8c08-b796210d8126", "223a63df-114e-5586-bdbe-4330491709ed", "ddabe805-5f2f-529e-83f1-8b3a76ec57ed", "b65d2b26-bfda-5a14-bb4b-281d5b60ae96", "e5dcf29e-36b2-55f0-bdd5-bcf51a0310bb", "200ce942-11de-50d5-8c65-b88765f521ab", "19f57223-55bb-5077-a63e-f6d2f3d4baf0", "25e983e0-835a-584a-bf31-687ea6a382d9", "d0e442c7-718e-5a12-b48f-8a64c382734c", "f7df56ba-1197-5f9c-919a-ae113a2cf30f", "731a07a7-c749-58a7-972c-9a628d490977", "d8d3610f-e848-51d4-9614-70734390dc68", "e1a10fcb-a6e6-5fad-b877-528244b141d8", "edf14f47-98ea-562c-be74-4851411f98e6", "7587099e-0e27-592e-b5c1-6d94ec0275b4", "c9be36b7-cc99-5d5a-ace9-bfface591e2e", "23f890d0-6800-5e0e-9cde-eb4c1103f01e", "6d7456db-b6a0-5e2f-96db-0452224da8d0", "1e48e4be-022d-5284-8ede-9c6da9ba0224", "6bdbc284-b15b-503e-a6ae-af63740bace3", "c59d4cb5-828c-5c06-9c86-0ba9e495c6f6", "2658f988-0d25-55cd-867e-c6b3e1efaca0", "bfe2e3bd-fa5a-59f6-946f-5b7a7e148061", "02be70bb-528b-5500-80fc-4d4307f2ba65", "0949b3fb-9dd8-5347-a262-921e16ca5105", "ac332504-6463-527f-8e9c-269541febc5e", "9959d5e9-b8db-5402-9692-a8e40b408d21", "ca94aaf6-5448-5371-9722-3dc83db1f81a"]}, {"artist": "Ben Schnuck", "artistIds": ["ce592db9-56b7-450f-b191-a681d4f595d7"], "availability": ["paper"], "borderColor": "borderless", "colorIdentity": ["R"], "colors": [], "convertedManaCost": 0.0, "count": 1, "edhrecSaltiness": 0.35, "finishes": ["nonfoil", "foil"], "foreignData": [], "frameVersion": "2015", "hasFoil": true, "hasNonFoil": true, "identifiers": {"cardsphereFoilId": "91115", "cardsphereId": "91116", "mtgjsonV4Id": "7ddb8ed5-3232-5c6c-ba23-245fd1333306", "scryfallCardBackId": "0aeebaf5-8c7d-4636-9e82-8c27447861f7", "scryfallId": "dd8611ec-6db3-4d29-8d3b-01e87bb38a55", "scryfallIllustrationId": "1b874b36-1041-47b4-addc-c619319b3f34", "scryfallOracleId": "a3fb7228-e76b-4e96-a40e-20b5fed75685", "tcgplayerProductId": "267902"}, "isFoil": true, "isFullArt": true, "isReprint": true, "isTextless": true, "language": "English", "layout": "normal", "legalities": {"alchemy": "Legal", "brawl": "Legal", "commander": "Legal", "duel": "Legal", "explorer": "Legal", "future": "Legal", "gladiator": "Legal", "historic": "Legal", "legacy": "Legal", "modern": "Legal", "oathbreaker": "Legal", "pauper": "Legal", "paupercommander": "Legal", "penny": "Legal", "pioneer": "Legal", "predh": "Legal", "premodern": "Legal", "standard": "Legal", "standardbrawl": "Legal", "timeless": "Legal", "vintage": "Legal"}, "manaValue": 0.0, "name": "Mountain", "number": "418", "originalReleaseDate": "2022-02-18", "printings": ["10E", "2ED", "2XM", "30A", "3ED", "40K", "4BB", "4ED", "5ED", "6ED", "7ED", "8ED", "9ED", "ACR", "AFR", "AKH", "AKR", "ALA", "ANA", "ANB", "ARC", "ARN", "ATH", "AVR", "BBD", "BFZ", "BLB", "BRB", "BRC", "BRO", "BTD", "C13", "C14", "C15", "C16", "C17", "C18", "C19", "CED", "CEI", "CHK", "CLB", "CLU", "CM2", "CMA", "CMD", "CMM", "CMR", "CST", "DD1", "DD2", "DDE", "DDG", "DDH", "DDI", "DDJ", "DDK", "DDL", "DDN", "DDP", "DDS", "DDT", "DDU", "DKM", "DMR", "DMU", "DOM", "DPA", "DSK", "DTK", "E01", "ELD", "EVG", "FBB", "FRF", "G17", "GK1", "GK2", "GN2", "GN3", "GNT", "GRN", "GS1", "H09", "HBG", "HOP", "HOU", "ICE", "IKO", "INV", "ISD", "ITP", "J14", "J22", "JMP", "JVC", "KHM", "KLD", "KLR", "KTK", "LCI", "LEA", "LEB", "LRW", "LTR", "M10", "M11", "M12", "M13", "M14", "M15", "M19", "M20", "M21", "MBS", "ME1", "ME3", "MH2", "MH3", "MID", "MIR", "MKM", "MMQ", "MOM", "MRD", "NEO", "NPH", "ODY", "OLEP", "ONE", "ONS", "ORI", "OTJ", "P02", "P23", "PAL00", "PAL01", "PAL03", "PAL04", "PAL05", "PAL06", "PAL99", "PALP", "PANA", "PARL", "PC2", "PCA", "PD2", "PELP", "PF19", "PF20", "PGPX", "PGRU", "PIP", "PL24", "PLST", "PMPS", "PMPS06", "PMPS07", "PMPS08", "PMPS09", "PMPS10", "PMPS11", "POR", "PPP1", "PRM", "PRW2", "PRWK", "PS11", "PSAL", "PSS2", "PSS3", "PSS4", "PTC", "PTK", "PZ2", "RAV", "REX", "RIX", "RNA", "ROE", "RQS", "RTR", "S99", "SCD", "SHM", "SIR", "SLD", "SNC", "SOI", "SOM", "STX", "SUM", "TD0", "THB", "THS", "TMP", "TPR", "TSP", "UGL", "UND", "UNF", "UNH", "USG", "UST", "VOW", "WAR", "WC00", "WC01", "WC02", "WC03", "WC97", "WC98", "WC99", "WHO", "WOE", "XANA", "XLN", "ZEN", "ZNR"], "purchaseUrls": {"tcgplayer": "https://mtgjson.com/links/6be5a6c72a4f0d32"}, "rarity": "rare", "securityStamp": "oval", "setCode": "SLD", "sourceProducts": {"foil": ["6a74115c-ae8b-5eb7-a875-14e5df9b09d0"], "nonfoil": ["3d56c1ed-2a59-5c87-9d2a-3d19a2a1e062"]}, "subsets": ["Shades Not Included"], "subtypes": ["Mountain"], "supertypes": ["Basic"], "text": "({T}: Add {R}.)", "type": "Basic Land — Mountain", "types": ["Land"], "uuid": "de2b8c55-a7c5-58c3-9e0a-24f4b853f21e", "variations": ["b4f35ef2-aa7a-507b-9a01-be001e2c92c4", "d599d800-2e6c-5833-a885-71253b320d40", "12e03067-275d-51c1-a3a0-19ca96a3840e", "fb6d7f6f-e157-5693-b494-308c443bc6e4", "44db6c8e-d75e-50e2-b2e8-d3e2532cd8a9", "724005e6-4cb8-5865-bba1-0adfe0c2cf50", "2778e3b9-6dd9-573c-94a3-c011677cb654", "f7d14913-c5f4-5140-87f4-3ec6f4445421", "f0a54aac-613e-57a8-b0e7-98aa3f0ac3e5", "8496effd-cd3a-59de-bbb4-274080a8be3e", "ce8cbf0c-2694-5ada-87b3-d11c591506b3", "a8e59b37-79a0-510d-9540-6b595307acf3", "f36c5de3-7e73-5d11-88a6-63b3b2ff7271", "3cf3ef03-f0e2-5014-b215-7f8514f97cb3", "b8cbc454-7fb8-5560-b53a-7e0c58e2fced", "5d95b204-f001-5c06-9059-5ac56188bd8c", "ac68899a-afdd-548d-b053-04c39856efe3", "4b209caf-f91e-53f5-9d8f-f872606534ef", "098401e9-632b-581c-8197-31bbdc6eb21f", "57d63daf-91e4-5ce4-ac39-1467562a5c40", "fdde36e4-3e6b-50a6-911a-2693534ba1ad", "ea5858a0-ed46-569a-9885-f8584d468bd7", "100ccd50-7553-557e-acd3-aea91d46b367", "97e85c59-007c-54a9-826a-d309e987735c", "a2b373b5-657d-5aa1-bb71-66f2a2982221", "9017486f-97e9-5024-a034-0ad2b2086b0d", "dcc5ea4c-a271-5af9-8539-e870e27c6dad", "eb6efaa6-283c-5376-ab35-f3d8c706bd18", "7fd3c247-a13d-59e9-a8ad-2516cfcaee51", "ea7c578e-040e-5225-af30-012f48b5868a", "96add785-f216-554e-84c8-62fd745de237", "a8467d6d-6213-5267-89a2-8e447f60fc7e", "17305186-a617-570c-ae7a-a036158d3e72", "c8efff9c-3d4a-596c-8936-9ed3f79f8fc6", "39df34be-3930-59a7-91a4-3678e7d875f1", "1609e468-b06a-596e-a057-a208f18782ea", "841ec073-5326-51c5-8443-74e7b49a0fc1", "53227708-e57e-5c2b-8356-273725be1bc5", "5ef6526f-5767-5947-b7f5-929d0976bc7f"]}, {"artist": "Ben Schnuck", "artistIds": ["ce592db9-56b7-450f-b191-a681d4f595d7"], "availability": ["paper"], "borderColor": "borderless", "colorIdentity": ["G"], "colors": [], "convertedManaCost": 0.0, "count": 1, "edhrecSaltiness": 0.35, "finishes": ["nonfoil", "foil"], "foreignData": [], "frameVersion": "2015", "hasFoil": true, "hasNonFoil": true, "identifiers": {"cardsphereFoilId": "91117", "cardsphereId": "91118", "mtgjsonV4Id": "0410504f-1708-5e8a-a710-e2f21cfb1875", "scryfallCardBackId": "0aeebaf5-8c7d-4636-9e82-8c27447861f7", "scryfallId": "5fca5dbb-8d5e-4471-94f6-e0944cf60ed2", "scryfallIllustrationId": "c62ec907-f252-42c0-9d35-947cde811496", "scryfallOracleId": "b34bb2dc-c1af-4d77-b0b3-a0fb342a5fc6", "tcgplayerProductId": "267901"}, "isFoil": true, "isFullArt": true, "isReprint": true, "isTextless": true, "language": "English", "layout": "normal", "legalities": {"alchemy": "Legal", "brawl": "Legal", "commander": "Legal", "duel": "Legal", "explorer": "Legal", "future": "Legal", "gladiator": "Legal", "historic": "Legal", "legacy": "Legal", "modern": "Legal", "oathbreaker": "Legal", "pauper": "Legal", "paupercommander": "Legal", "penny": "Legal", "pioneer": "Legal", "predh": "Legal", "premodern": "Legal", "standard": "Legal", "standardbrawl": "Legal", "timeless": "Legal", "vintage": "Legal"}, "manaValue": 0.0, "name": "Forest", "number": "419", "originalReleaseDate": "2022-02-18", "printings": ["10E", "2ED", "2XM", "30A", "3ED", "40K", "4BB", "4ED", "5ED", "6ED", "7ED", "8ED", "9ED", "ACR", "AFR", "AKH", "AKR", "ALA", "ANA", "ANB", "ARC", "ATH", "AVR", "BBD", "BFZ", "BLB", "BRB", "BRO", "BTD", "C13", "C14", "C15", "C16", "C17", "C18", "C19", "CED", "CEI", "CHK", "CLB", "CLU", "CM2", "CMA", "CMD", "CMM", "CMR", "CST", "DD1", "DDD", "DDE", "DDG", "DDH", "DDJ", "DDL", "DDM", "DDO", "DDP", "DDR", "DDS", "DDU", "DKM", "DMR", "DMU", "DOM", "DPA", "DSK", "DTK", "E01", "ELD", "EVG", "FBB", "FRF", "G17", "GK1", "GK2", "GN2", "GN3", "GNT", "GRN", "GS1", "GVL", "H09", "HBG", "HOP", "HOU", "ICE", "IKO", "INV", "ISD", "ITP", "J14", "J22", "JMP", "KHM", "KLD", "KLR", "KTK", "LCI", "LEA", "LEB", "LRW", "LTR", "M10", "M11", "M12", "M13", "M14", "M15", "M19", "M20", "M21", "MBS", "ME1", "ME3", "MH2", "MH3", "MID", "MIR", "MKM", "MMQ", "MOM", "MRD", "NEO", "NPH", "ODY", "OLEP", "ONE", "ONS", "ORI", "OTJ", "P02", "P23", "PAL00", "PAL01", "PAL03", "PAL04", "PAL05", "PAL06", "PAL99", "PALP", "PANA", "PARL", "PC2", "PCA", "PELP", "PF19", "PF20", "PGPX", "PGRU", "PIP", "PLST", "PMPS", "PMPS06", "PMPS07", "PMPS08", "PMPS09", "PMPS10", "PMPS11", "POR", "PPP1", "PRM", "PRW2", "PRWK", "PS11", "PSAL", "PSS2", "PSS3", "PSS4", "PTC", "PTK", "PZ2", "RAV", "REX", "RIX", "RNA", "ROE", "RQS", "RTR", "S99", "SCD", "SHM", "SIR", "SLD", "SNC", "SOI", "SOM", "STX", "SUM", "TD0", "TD2", "THB", "THS", "TMP", "TPR", "TSP", "UGL", "UND", "UNF", "UNH", "USG", "UST", "VOW", "WAR", "WC00", "WC01", "WC02", "WC03", "WC04", "WC97", "WC98", "WC99", "WHO", "WOE", "XANA", "XLN", "ZEN", "ZNR"], "purchaseUrls": {"tcgplayer": "https://mtgjson.com/links/f1e78d891f9bdf1f"}, "rarity": "rare", "securityStamp": "oval", "setCode": "SLD", "sourceProducts": {"foil": ["6a74115c-ae8b-5eb7-a875-14e5df9b09d0"], "nonfoil": ["3d56c1ed-2a59-5c87-9d2a-3d19a2a1e062"]}, "subsets": ["Shades Not Included"], "subtypes": ["Forest"], "supertypes": ["Basic"], "text": "({T}: Add {G}.)", "type": "Basic Land — Forest", "types": ["Land"], "uuid": "db011a97-ad8a-5d78-9941-2460a8842622", "variations": ["d8e4f596-2c78-5c1d-bf1a-ca9860625719", "4cd1bf17-bd7d-58e3-ac4e-f03b8cd06e34", "0eddaaaf-3786-5eda-af80-c9a96e337e9d", "113a66d3-5780-5a78-818e-e6d4af2dc568", "572efbfb-efcf-50ce-b0ba-177e9a667a8f", "024784f5-f04c-52b6-95cf-3ada79698b49", "42d0c6e8-9c33-59a8-ac6f-ac2d78e6ed17", "553966c4-8794-5d81-b973-84a6b8242ad4", "d37f80d8-ceca-5252-aa91-02d8e0b54fe6", "5ee92c69-36a6-5434-9249-b965500829bd", "5e969568-0cd3-5773-b714-338ab7f87f29", "b3e076dc-319b-57f6-bc44-7b5de877d5d7", "5f280509-aabb-5891-a0c6-d4f6528645b3", "ace78bd8-8b1d-5e82-affb-109874796cc0", "997355f9-60e2-5418-9312-33d76d5aa23c", "da62f480-a4a3-5050-9243-cea5ae234fc5", "636c69ab-6a4f-5703-8908-ce42c5823f53", "0e46181c-d563-5f77-b3e2-d3558ac7573e", "d40dd836-c202-5743-b044-d8a94f2d6f72", "5cb1a341-f791-584c-b53d-10dbd437554a", "f70df975-a65f-522a-a02e-f986a9c8cdfc", "4e595d9c-a6f1-5e94-a6b2-9333ceec6150", "b43253f0-41c0-5380-ab65-c2bd9af0f490", "cf4934c0-2bde-564a-a786-64c0cf1d6816", "beb211b4-e110-5c3e-bcf3-6cc9c60d5d11", "3d6bce5f-d264-54e9-b0e1-9704a70ea1f5", "4b0661b3-9ae7-599f-a527-c4ad85a64c4a", "d8007f07-7d57-59c0-975f-3ba54a3e3d48", "80de5aa3-f175-59f4-9961-a10ef0d3362c", "71cd86a2-5866-522b-90c4-620a565cf3dc"]}], "name": "Shades Not Included foil", "releaseDate": "2022-02-18", "sealedProductUuids": null, "sideBoard": [], "type": "Secret Lair Drop"}}