{"meta": {"date": "2024-09-03", "version": "5.2.2+20240903"}, "data": {"code": "SLD", "commander": [], "mainBoard": [{"artist": "Daria Khlebnikova", "artistIds": ["f6f524ec-988a-4153-a379-4431bcd49220"], "availability": ["paper"], "borderColor": "black", "colorIdentity": ["U", "W"], "colors": [], "convertedManaCost": 0.0, "count": 1, "edhrecRank": 5537, "edhrecSaltiness": 0.05, "finishes": ["nonfoil", "foil"], "foreignData": [], "frameEffects": ["inverted"], "frameVersion": "2015", "hasFoil": true, "hasNonFoil": true, "identifiers": {"cardsphereFoilId": "85952", "cardsphereId": "85922", "mtgjsonV4Id": "06553e85-72c9-5167-952c-61ac82289c40", "scryfallCardBackId": "0aeebaf5-8c7d-4636-9e82-8c27447861f7", "scryfallId": "c3d6b87f-c750-4ed1-8da6-261bb955d3b9", "scryfallIllustrationId": "4fdd2063-ee70-427e-936f-2e722867e0ca", "scryfallOracleId": "5324192b-6687-41e4-8e56-326b21a5dbf3", "tcgplayerProductId": "251757"}, "isFoil": false, "isFullArt": true, "isReprint": true, "language": "English", "layout": "normal", "legalities": {"commander": "Legal", "duel": "Legal", "legacy": "Legal", "modern": "Legal", "oathbreaker": "Legal", "penny": "Legal", "vintage": "Legal"}, "manaValue": 0.0, "name": "Moorland Haunt", "number": "349", "originalReleaseDate": "2021-10-15", "printings": ["ISD", "SCD", "SLD", "VOC"], "purchaseUrls": {"tcgplayer": "https://mtgjson.com/links/a589ae9024d8e017"}, "rarity": "rare", "securityStamp": "oval", "setCode": "SLD", "sourceProducts": {"foil": ["7d5ca525-3db8-591d-a31a-e26b84191625"], "nonfoil": ["2db0c85f-1787-5ce0-9361-a6b73ed6b6a2"]}, "subsets": ["Showcase: Midnight Hunt"], "subtypes": [], "supertypes": [], "text": "{T}: Add {C}.\n{W}{U}, {T}, Exile a creature card from your graveyard: Create a 1/1 white Spirit creature token with flying.", "type": "Land", "types": ["Land"], "uuid": "4aa7f721-c282-5e8a-bcb7-747efbfc8781"}, {"artist": "Jessica Seamans", "artistIds": ["25873e80-1f91-478d-b8a0-8d2a6ab46362"], "availability": ["paper"], "borderColor": "black", "colorIdentity": ["B", "W"], "colors": [], "convertedManaCost": 0.0, "count": 1, "edhrecRank": 586, "edhrecSaltiness": 0.18, "finishes": ["nonfoil", "foil"], "foreignData": [], "frameEffects": ["inverted"], "frameVersion": "2015", "hasFoil": true, "hasNonFoil": true, "identifiers": {"cardsphereFoilId": "85953", "cardsphereId": "85954", "mtgjsonV4Id": "4869b155-7f5c-5392-9d72-955040061adf", "scryfallCardBackId": "0aeebaf5-8c7d-4636-9e82-8c27447861f7", "scryfallId": "5d0c1d5d-767d-4d64-81b0-0d0fb09d6b31", "scryfallIllustrationId": "576337e7-ecb9-4e61-8f14-a4175c8acd4e", "scryfallOracleId": "eeaac65a-3480-475a-bb28-e6375d53f487", "tcgplayerProductId": "251759"}, "isFoil": false, "isFullArt": true, "isReprint": true, "language": "English", "layout": "normal", "legalities": {"commander": "Legal", "duel": "Legal", "legacy": "Legal", "modern": "Legal", "oathbreaker": "Legal", "penny": "Legal", "vintage": "Legal"}, "manaValue": 0.0, "name": "Vault of the Archangel", "number": "350", "originalReleaseDate": "2021-10-15", "printings": ["CLB", "DKA", "LCC", "MD1", "MOC", "OTC", "SLD"], "purchaseUrls": {"tcgplayer": "https://mtgjson.com/links/722a0242a743cb30"}, "rarity": "rare", "rulings": [{"date": "2011-01-22", "text": "Multiple instances of deathtouch or lifelink on the same creature are redundant."}, {"date": "2011-01-22", "text": "Vault of the Archangel's last ability affects only creatures you control when that ability resolves. It won't affect creatures that come under your control later in the turn."}], "securityStamp": "oval", "setCode": "SLD", "sourceProducts": {"foil": ["7d5ca525-3db8-591d-a31a-e26b84191625"], "nonfoil": ["2db0c85f-1787-5ce0-9361-a6b73ed6b6a2"]}, "subsets": ["Showcase: Midnight Hunt"], "subtypes": [], "supertypes": [], "text": "{T}: Add {C}.\n{2}{W}{B}, {T}: Creatures you control gain deathtouch and lifelink until end of turn.", "type": "Land", "types": ["Land"], "uuid": "2e2292e6-d0cc-5a1f-8b24-bb264dcbf6b4"}, {"artist": "Kerby Rosanes", "artistIds": ["ba4906fb-5468-469c-9c8b-8895614a44a3"], "availability": ["paper"], "borderColor": "black", "colorIdentity": ["B", "U"], "colors": [], "convertedManaCost": 0.0, "count": 1, "edhrecRank": 2319, "edhrecSaltiness": 0.13, "finishes": ["nonfoil", "foil"], "foreignData": [], "frameEffects": ["inverted"], "frameVersion": "2015", "hasFoil": true, "hasNonFoil": true, "identifiers": {"cardsphereFoilId": "85956", "cardsphereId": "85923", "mtgjsonV4Id": "c0a72b7c-86c3-501e-bbcf-6082167ef338", "scryfallCardBackId": "0aeebaf5-8c7d-4636-9e82-8c27447861f7", "scryfallId": "7819a326-1d07-4194-a1eb-01d4081ed192", "scryfallIllustrationId": "04843783-020b-499b-84e6-4dc11540bea1", "scryfallOracleId": "6429b4ed-1845-4643-9a3d-85f7c12f2bba", "tcgplayerProductId": "251761"}, "isFoil": false, "isFullArt": true, "isReprint": true, "keywords": ["Mill"], "language": "English", "layout": "normal", "legalities": {"commander": "Legal", "duel": "Legal", "legacy": "Legal", "modern": "Legal", "oathbreaker": "Legal", "penny": "Legal", "vintage": "Legal"}, "manaValue": 0.0, "name": "Nephalia Drownyard", "number": "351", "originalReleaseDate": "2021-10-15", "printings": ["CLB", "ISD", "LCC", "SLD"], "purchaseUrls": {"tcgplayer": "https://mtgjson.com/links/ea4f059ae49e8956"}, "rarity": "rare", "securityStamp": "oval", "setCode": "SLD", "sourceProducts": {"foil": ["7d5ca525-3db8-591d-a31a-e26b84191625"], "nonfoil": ["2db0c85f-1787-5ce0-9361-a6b73ed6b6a2"]}, "subsets": ["Showcase: Midnight Hunt"], "subtypes": [], "supertypes": [], "text": "{T}: Add {C}.\n{1}{U}{B}, {T}: Target player mills three cards.", "type": "Land", "types": ["Land"], "uuid": "5719a2e1-990f-531c-b465-ba12f87d37b5"}, {"artist": "Nico Delort", "artistIds": ["32e2a646-7191-47c2-b600-4d1656396fa0"], "availability": ["paper"], "borderColor": "black", "colorIdentity": ["R", "U"], "colors": [], "convertedManaCost": 0.0, "count": 1, "edhrecRank": 1737, "edhrecSaltiness": 0.06, "finishes": ["nonfoil", "foil"], "foreignData": [], "frameEffects": ["inverted"], "frameVersion": "2015", "hasFoil": true, "hasNonFoil": true, "identifiers": {"cardsphereFoilId": "85955", "cardsphereId": "85915", "mtgjsonV4Id": "152672d3-1ea3-5961-aea5-9e5f3ba97693", "scryfallCardBackId": "0aeebaf5-8c7d-4636-9e82-8c27447861f7", "scryfallId": "034ad345-96f6-40aa-b610-1eaab258fb38", "scryfallIllustrationId": "8c955a23-79c6-41d6-9cce-8811b36f16f2", "scryfallOracleId": "aa6dbdf2-2379-4ff5-8a6c-70258784dc35", "tcgplayerProductId": "251762"}, "isFoil": false, "isFullArt": true, "isReprint": true, "language": "English", "layout": "normal", "legalities": {"commander": "Legal", "duel": "Legal", "legacy": "Legal", "modern": "Legal", "oathbreaker": "Legal", "penny": "Legal", "vintage": "Legal"}, "manaValue": 0.0, "name": "Desolate Lighthouse", "number": "352", "originalReleaseDate": "2021-10-15", "printings": ["AVR", "C20", "CLB", "LCC", "LTC", "PLST", "SLD", "UMA", "WHO"], "purchaseUrls": {"tcgplayer": "https://mtgjson.com/links/720ef6b4bb6a040a"}, "rarity": "rare", "securityStamp": "oval", "setCode": "SLD", "sourceProducts": {"foil": ["7d5ca525-3db8-591d-a31a-e26b84191625"], "nonfoil": ["2db0c85f-1787-5ce0-9361-a6b73ed6b6a2"]}, "subsets": ["Showcase: Midnight Hunt"], "subtypes": [], "supertypes": [], "text": "{T}: Add {C}.\n{1}{U}{R}, {T}: Draw a card, then discard a card.", "type": "Land", "types": ["Land"], "uuid": "d6f309d2-ea33-5250-b2e0-9baf7c2ab1aa"}, {"artist": "Dan Mumford", "artistIds": ["266fe58e-bcd6-4294-8e42-0a234ed9fb8d"], "availability": ["paper"], "borderColor": "black", "colorIdentity": ["B", "R"], "colors": [], "convertedManaCost": 0.0, "count": 1, "edhrecRank": 11397, "edhrecSaltiness": 0.06, "finishes": ["nonfoil", "foil"], "foreignData": [], "frameEffects": ["inverted"], "frameVersion": "2015", "hasFoil": true, "hasNonFoil": true, "identifiers": {"cardsphereFoilId": "85959", "cardsphereId": "85960", "mtgjsonV4Id": "71e1f787-5b2a-51b3-acb9-1ceb5acfc282", "scryfallCardBackId": "0aeebaf5-8c7d-4636-9e82-8c27447861f7", "scryfallId": "cf002ecb-9afb-41b4-a6b8-327558ac947c", "scryfallIllustrationId": "92fb2a22-e2fe-47f2-a745-86687d36c263", "scryfallOracleId": "8220c5fa-28dc-40d0-a38a-d8eefc2795d6", "tcgplayerProductId": "251764"}, "isFoil": false, "isFullArt": true, "isReprint": true, "language": "English", "layout": "normal", "legalities": {"commander": "Legal", "duel": "Legal", "legacy": "Legal", "modern": "Legal", "oathbreaker": "Legal", "penny": "Legal", "vintage": "Legal"}, "manaValue": 0.0, "name": "Stensia Bloodhall", "number": "353", "originalReleaseDate": "2021-10-15", "printings": ["ISD", "SCD", "SLD"], "purchaseUrls": {"tcgplayer": "https://mtgjson.com/links/23a78e625d020538"}, "rarity": "rare", "rulings": [{"date": "2011-09-22", "text": "Like other lands, Stensia Bloodhall is colorless. The damage it deals is from a colorless source, even though activating its ability requires colored mana."}], "securityStamp": "oval", "setCode": "SLD", "sourceProducts": {"foil": ["7d5ca525-3db8-591d-a31a-e26b84191625"], "nonfoil": ["2db0c85f-1787-5ce0-9361-a6b73ed6b6a2"]}, "subsets": ["Showcase: Midnight Hunt"], "subtypes": [], "supertypes": [], "text": "{T}: Add {C}.\n{3}{B}{R}, {T}: Stensia Bloodhall deals 2 damage to target player or planeswalker.", "type": "Land", "types": ["Land"], "uuid": "64b7b938-8cdf-5940-a31d-ce98a9094fe5"}, {"artist": "N.C. Winters", "artistIds": ["17bd7e61-bae4-4393-8b80-37902e5aebd9"], "availability": ["paper"], "borderColor": "black", "colorIdentity": ["B", "G"], "colors": [], "convertedManaCost": 0.0, "count": 1, "edhrecRank": 2040, "edhrecSaltiness": 0.04, "finishes": ["nonfoil", "foil"], "foreignData": [], "frameEffects": ["inverted"], "frameVersion": "2015", "hasFoil": true, "hasNonFoil": true, "identifiers": {"cardsphereFoilId": "85957", "cardsphereId": "85920", "mtgjsonV4Id": "85db211a-0cae-5df1-9ecf-b2889281a30a", "scryfallCardBackId": "0aeebaf5-8c7d-4636-9e82-8c27447861f7", "scryfallId": "8d74f6d2-a339-4598-af5f-b526fbe276a2", "scryfallIllustrationId": "a19ea95c-28ad-4224-aeef-36dad18f8046", "scryfallOracleId": "5effaa94-7f87-4485-8959-473d584c5034", "tcgplayerProductId": "251766"}, "isFoil": false, "isFullArt": true, "isReprint": true, "language": "English", "layout": "normal", "legalities": {"commander": "Legal", "duel": "Legal", "legacy": "Legal", "modern": "Legal", "oathbreaker": "Legal", "penny": "Legal", "vintage": "Legal"}, "manaValue": 0.0, "name": "Grim Backwoods", "number": "354", "originalReleaseDate": "2021-10-15", "printings": ["BLC", "C13", "C15", "C18", "C20", "CMA", "DKA", "SLD"], "purchaseUrls": {"tcgplayer": "https://mtgjson.com/links/a7c109882d1f3116"}, "rarity": "rare", "securityStamp": "oval", "setCode": "SLD", "sourceProducts": {"foil": ["7d5ca525-3db8-591d-a31a-e26b84191625"], "nonfoil": ["2db0c85f-1787-5ce0-9361-a6b73ed6b6a2"]}, "subsets": ["Showcase: Midnight Hunt"], "subtypes": [], "supertypes": [], "text": "{T}: Add {C}.\n{2}{B}{G}, {T}, Sacrifice a creature: Draw a card.", "type": "Land", "types": ["Land"], "uuid": "69eff3fe-1933-5dfb-adf6-dcb20fb83c7c"}, {"artist": "Rio Krisma", "artistIds": ["b55154ab-bb65-42b6-988b-0e7a64b33baf"], "availability": ["paper"], "borderColor": "black", "colorIdentity": ["G", "R"], "colors": [], "convertedManaCost": 0.0, "count": 1, "edhrecRank": 334, "edhrecSaltiness": 0.18, "finishes": ["nonfoil", "foil"], "foreignData": [], "frameEffects": ["inverted"], "frameVersion": "2015", "hasFoil": true, "hasNonFoil": true, "identifiers": {"cardsphereFoilId": "85958", "cardsphereId": "85921", "mtgjsonV4Id": "d41d01f7-7a50-5441-9285-cdce6b10b348", "scryfallCardBackId": "0aeebaf5-8c7d-4636-9e82-8c27447861f7", "scryfallId": "bcb4e64b-e978-49ba-8e3e-4792f975fb61", "scryfallIllustrationId": "88914f5e-83db-433d-91a6-7be2b10b25fb", "scryfallOracleId": "c6911265-54ef-4c16-bcf2-1ffb24b7d426", "tcgplayerProductId": "251768"}, "isFoil": false, "isFullArt": true, "isReprint": true, "language": "English", "layout": "normal", "legalities": {"commander": "Legal", "duel": "Legal", "legacy": "Legal", "modern": "Legal", "oathbreaker": "Legal", "penny": "Legal", "vintage": "Legal"}, "manaValue": 0.0, "name": "Kessig Wolf Run", "number": "355", "originalReleaseDate": "2021-10-15", "printings": ["C20", "CLB", "ISD", "LCC", "M3C", "MKC", "MOC", "NCC", "SLD", "V13"], "purchaseUrls": {"tcgplayer": "https://mtgjson.com/links/b6532fe71800bc7f"}, "rarity": "rare", "securityStamp": "oval", "setCode": "SLD", "sourceProducts": {"foil": ["7d5ca525-3db8-591d-a31a-e26b84191625"], "nonfoil": ["2db0c85f-1787-5ce0-9361-a6b73ed6b6a2"]}, "subsets": ["Showcase: Midnight Hunt"], "subtypes": [], "supertypes": [], "text": "{T}: Add {C}.\n{X}{R}{G}, {T}: Target creature gets +X/+0 and gains trample until end of turn.", "type": "Land", "types": ["Land"], "uuid": "ff729c4e-844a-5320-a917-11505c06e512"}, {"artist": "Alayna Danner", "artistIds": ["bb677b1a-ce51-4888-83d6-5a94de461ff9"], "availability": ["paper"], "borderColor": "black", "colorIdentity": ["R", "W"], "colors": [], "convertedManaCost": 0.0, "count": 1, "edhrecRank": 1099, "edhrecSaltiness": 0.09, "finishes": ["nonfoil", "foil"], "foreignData": [], "frameEffects": ["inverted"], "frameVersion": "2015", "hasFoil": true, "hasNonFoil": true, "identifiers": {"cardsphereFoilId": "85961", "cardsphereId": "85924", "mtgjsonV4Id": "8f66ccd6-e0d3-5e23-851e-d9057a76b28b", "scryfallCardBackId": "0aeebaf5-8c7d-4636-9e82-8c27447861f7", "scryfallId": "aed9a072-fd0b-45f2-8962-9d601840c7c3", "scryfallIllustrationId": "2033cf60-6ecf-40eb-8f68-33e2407cd83b", "scryfallOracleId": "2de7367b-a5a4-43f4-8f8f-b931ea28150d", "tcgplayerProductId": "251769"}, "isFoil": false, "isFullArt": true, "isReprint": true, "language": "English", "layout": "normal", "legalities": {"commander": "Legal", "duel": "Legal", "legacy": "Legal", "modern": "Legal", "oathbreaker": "Legal", "penny": "Legal", "vintage": "Legal"}, "manaValue": 0.0, "name": "Slayers' Stronghold", "number": "356", "originalReleaseDate": "2021-10-15", "printings": ["AVR", "C21", "CMR", "MKC", "ONC", "SLD"], "purchaseUrls": {"tcgplayer": "https://mtgjson.com/links/41714814dffc79e2"}, "rarity": "rare", "securityStamp": "oval", "setCode": "SLD", "sourceProducts": {"foil": ["7d5ca525-3db8-591d-a31a-e26b84191625"], "nonfoil": ["2db0c85f-1787-5ce0-9361-a6b73ed6b6a2"]}, "subsets": ["Showcase: Midnight Hunt"], "subtypes": [], "supertypes": [], "text": "{T}: Add {C}.\n{R}{W}, {T}: Target creature gets +2/+0 and gains vigilance and haste until end of turn.", "type": "Land", "types": ["Land"], "uuid": "18c9fd90-69a0-5a93-a66b-e8fb7f0d3250"}, {"artist": "Robbie Trevino", "artistIds": ["34f236c4-d646-4e48-9723-9df5f507754d"], "availability": ["paper"], "borderColor": "black", "colorIdentity": ["G", "W"], "colors": [], "convertedManaCost": 0.0, "count": 1, "edhrecRank": 666, "edhrecSaltiness": 0.11, "finishes": ["nonfoil", "foil"], "foreignData": [], "frameEffects": ["inverted"], "frameVersion": "2015", "hasFoil": true, "hasNonFoil": true, "identifiers": {"cardsphereFoilId": "85962", "cardsphereId": "85917", "mtgjsonV4Id": "e09ec4ec-3736-5c89-a450-feb1a829cfed", "scryfallCardBackId": "0aeebaf5-8c7d-4636-9e82-8c27447861f7", "scryfallId": "1fd782cf-414c-4340-9431-4b7809c8c04e", "scryfallIllustrationId": "c948d38b-9641-4c52-a99c-7cf221d9987e", "scryfallOracleId": "8a44e4e7-dfa2-427b-bbff-11c398fa60bb", "tcgplayerProductId": "251770"}, "isFoil": false, "isFullArt": true, "isReprint": true, "language": "English", "layout": "normal", "legalities": {"commander": "Legal", "duel": "Legal", "legacy": "Legal", "modern": "Legal", "oathbreaker": "Legal", "penny": "Legal", "vintage": "Legal"}, "manaValue": 0.0, "name": "Gavony Township", "number": "357", "originalReleaseDate": "2021-10-15", "printings": ["C20", "ISD", "MOC", "NCC", "SLD"], "purchaseUrls": {"tcgplayer": "https://mtgjson.com/links/ad53f58c1b5df6a3"}, "rarity": "rare", "securityStamp": "oval", "setCode": "SLD", "sourceProducts": {"foil": ["7d5ca525-3db8-591d-a31a-e26b84191625"], "nonfoil": ["2db0c85f-1787-5ce0-9361-a6b73ed6b6a2"]}, "subsets": ["Showcase: Midnight Hunt"], "subtypes": [], "supertypes": [], "text": "{T}: Add {C}.\n{2}{G}{W}, {T}: Put a +1/+1 counter on each creature you control.", "type": "Land", "types": ["Land"], "uuid": "ba813a06-9d53-5ad4-b8f9-ac448a7a9b95"}, {"artist": "DZO", "artistIds": ["b967e930-39f5-4fbb-a054-800e5d330ee0"], "availability": ["paper"], "borderColor": "black", "colorIdentity": ["G", "U"], "colors": [], "convertedManaCost": 0.0, "count": 1, "edhrecRank": 1016, "edhrecSaltiness": 0.25, "finishes": ["nonfoil", "foil"], "foreignData": [], "frameEffects": ["inverted"], "frameVersion": "2015", "hasFoil": true, "hasNonFoil": true, "identifiers": {"cardsphereFoilId": "85963", "cardsphereId": "85912", "mtgjsonV4Id": "7736710d-4a28-5887-9f96-6dab376f367f", "scryfallCardBackId": "0aeebaf5-8c7d-4636-9e82-8c27447861f7", "scryfallId": "4a6cf714-29b9-4c06-9412-d958a5ffbd66", "scryfallIllustrationId": "670db0a9-c7f8-4caf-9a3c-5b989ab4056e", "scryfallOracleId": "357ed28b-899f-404b-94ff-6fb2ef81d87b", "tcgplayerProductId": "251771"}, "isFoil": false, "isFullArt": true, "isReprint": true, "language": "English", "layout": "normal", "legalities": {"commander": "Legal", "duel": "Legal", "legacy": "Legal", "modern": "Legal", "oathbreaker": "Legal", "penny": "Legal", "vintage": "Legal"}, "manaValue": 0.0, "name": "Alchemist's Refuge", "number": "358", "originalReleaseDate": "2021-10-15", "printings": ["AVR", "LCC", "PLST", "SLD"], "purchaseUrls": {"tcgplayer": "https://mtgjson.com/links/d305b45c67e523cb"}, "rarity": "rare", "rulings": [{"date": "2012-05-01", "text": "The last ability applies to nonland cards in any zone, provided something is allowing you to cast them. For example, you could cast a sorcery with flashback as though it had flash."}, {"date": "2012-05-01", "text": "You can cast a nonland card with flash any time you could cast an instant."}], "securityStamp": "oval", "setCode": "SLD", "sourceProducts": {"foil": ["7d5ca525-3db8-591d-a31a-e26b84191625"], "nonfoil": ["2db0c85f-1787-5ce0-9361-a6b73ed6b6a2"]}, "subsets": ["Showcase: Midnight Hunt"], "subtypes": [], "supertypes": [], "text": "{T}: Add {C}.\n{G}{U}, {T}: You may cast spells this turn as though they had flash.", "type": "Land", "types": ["Land"], "uuid": "928d334b-927c-59c1-ba87-161b9f320229"}], "name": "Showcase Midnight Hunt", "releaseDate": "2021-10-15", "sealedProductUuids": null, "sideBoard": [], "type": "Secret Lair Drop"}}