{"meta": {"date": "2024-09-03", "version": "5.2.2+20240903"}, "data": {"code": "8ED", "commander": [], "mainBoard": [{"artist": "Mark Zug", "artistIds": ["48e2b98c-5467-4671-bd42-4c3746115117"], "availability": ["mtgo", "paper"], "boosterTypes": ["default"], "borderColor": "white", "colorIdentity": ["W"], "colors": ["W"], "convertedManaCost": 1.0, "count": 1, "edhrecRank": 25967, "edhrecSaltiness": 0.07, "finishes": ["nonfoil"], "flavorText": "\"It is not a choice I make, to have this guard. It is the choice of my people, and my duty to them.\"\n—Oracle *en*-Vec", "foreignData": [{"flavorText": "„Es ist nicht eine Entscheidung von mir, bewacht zu werden. Es ist meine Verpflichtung gegenüber meinem Volk.\" —Oracle en-Vec", "identifiers": {"multiverseId": "162638", "scryfallId": "e66a787f-798f-4dd4-bcf2-5004d881747a"}, "language": "German", "multiverseId": 162638, "name": "Ehrengarde", "text": "{W}: Die Ehrengarde erhält +0/+1 bis zum Ende des Zuges.", "type": "Kreatur — Soldat"}, {"flavorText": "\"No es mi elección tener a esta guardia. Es la elección de mi gente y el deber que tengo para con ellos\". —Oráculo en-Vec", "identifiers": {"multiverseId": "165275", "scryfallId": "4b8bddeb-327d-41b8-b8ef-a04721baae56"}, "language": "Spanish", "multiverseId": 165275, "name": "Guardia de honor", "text": "{W}: El Guardia de honor obtiene +0/+1 hasta el final del turno.", "type": "Criatura — Soldado"}, {"flavorText": "« Je ne choisis pas d'avoir des gardes. C'est mon peuple qui en a voulu ainsi, et il est de mon devoir de lui obéir. » —Oracle en-Vec", "identifiers": {"multiverseId": "162995", "scryfallId": "f566ba54-0746-4ec9-adc4-165d01be4e46"}, "language": "French", "multiverseId": 162995, "name": "Garde d'honneur", "text": "{W} : La Garde d'honneur gagne +0/+1 jusqu'à la fin du tour.", "type": "Créature : soldat"}, {"flavorText": "\"Non è una mia scelta, avere questa guardia. È la scelta del mio popolo, e il mio dovere verso di esso\". —Oracolo en-Vec", "identifiers": {"multiverseId": "164918", "scryfallId": "856caece-e5ff-4a05-9fb7-b626f7d15006"}, "language": "Italian", "multiverseId": 164918, "name": "Guardia d'Onore", "text": "{W}: La Guardia d'Onore prende +0/+1 fino alla fine del turno.", "type": "Creatura — Soldato"}, {"identifiers": {"scryfallId": "e5edefbe-fa2a-4c55-b184-d7c8ce5eff6b"}, "language": "Japanese", "name": "儀仗兵"}, {"flavorText": "\"Ter esta guarda não foi uma escolha minha. Foi escolha de meu povo e é meu dever para com ele.\" — Oráculo en-Vec", "identifiers": {"multiverseId": "165632", "scryfallId": "87253e8e-eea9-4beb-931e-48881d2700ee"}, "language": "Portuguese (Brazil)", "multiverseId": 165632, "name": "Guarda de Honra", "text": "{W}: Guarda de Honra recebe +0/+1 até o final do turno.", "type": "Criatura — Soldado"}], "frameVersion": "2003", "hasFoil": false, "hasNonFoil": true, "identifiers": {"cardsphereFoilId": "2918", "cardsphereId": "2919", "mcmId": "661", "mcmMetaId": "2717", "mtgjsonV4Id": "07de5146-c953-5eb1-b8c2-969994439090", "mtgoFoilId": "19336", "mtgoId": "19335", "multiverseId": "45168", "scryfallCardBackId": "0aeebaf5-8c7d-4636-9e82-8c27447861f7", "scryfallId": "fa797080-aa3b-4285-a47a-878a3e8e584f", "scryfallIllustrationId": "c65356ef-e430-4617-900a-dc18390d9c19", "scryfallOracleId": "4ba82d8e-1857-40a9-8b42-5d8348c68859", "tcgplayerProductId": "10985"}, "isFoil": false, "isReprint": true, "language": "English", "layout": "normal", "legalities": {"commander": "Legal", "duel": "Legal", "legacy": "Legal", "modern": "Legal", "oathbreaker": "Legal", "pauper": "Legal", "paupercommander": "Legal", "penny": "Legal", "predh": "Legal", "premodern": "Legal", "vintage": "Legal"}, "manaCost": "{W}", "manaValue": 1.0, "name": "Honor Guard", "number": "25", "originalText": "{W}: Honor Guard gets +0/+1 until end of turn.", "originalType": "Creature - Soldier", "power": "1", "printings": ["10E", "7ED", "8ED", "9ED", "STH"], "purchaseUrls": {"cardmarket": "https://mtgjson.com/links/c14ef6fd7f4ffeba", "tcgplayer": "https://mtgjson.com/links/d84b6038905fcc78"}, "rarity": "common", "setCode": "8ED", "sourceProducts": {"nonfoil": ["4195f77f-9837-5107-a265-9f334292bc39", "7bf5d834-005d-5141-b884-9a2d7c9e983f", "c8dfa84a-38d1-5fcd-bab4-ed0050d81559"]}, "subtypes": ["Human", "Soldier"], "supertypes": [], "text": "{W}: Honor Guard gets +0/+1 until end of turn.", "toughness": "1", "type": "Creature — Human Soldier", "types": ["Creature"], "uuid": "e090efa0-5578-5712-a6c0-33a2a461a2ee", "variations": ["e7bcdbb4-f5aa-5dc6-a913-d32641b5248f"]}, {"artist": "Anthony S. Waters", "artistIds": ["f009de11-3c8d-4663-b996-ca0c3e997fad"], "availability": ["mtgo", "paper"], "boosterTypes": ["deck"], "borderColor": "white", "colorIdentity": ["U"], "colors": ["U"], "convertedManaCost": 2.0, "count": 1, "edhrecRank": 26757, "finishes": ["nonfoil"], "flavorText": "Where air meets water, fish meets talon.", "foreignData": [], "frameVersion": "2003", "hasFoil": false, "hasNonFoil": true, "identifiers": {"cardsphereFoilId": "48193", "cardsphereId": "3169", "mcmId": "990", "mcmMetaId": "4993", "mtgjsonV4Id": "63abf70c-bb09-5ab8-8ff7-d34a6a74be28", "mtgoFoilId": "19142", "mtgoId": "19141", "multiverseId": "47786", "scryfallCardBackId": "0aeebaf5-8c7d-4636-9e82-8c27447861f7", "scryfallId": "7e8cacd1-51e7-48af-a7ae-48832dc34a92", "scryfallIllustrationId": "8ab416ef-fb0d-4c83-8b5d-0fd6dfa03904", "scryfallOracleId": "acb57162-7093-4a3c-9818-d3b61ce757c6", "tcgplayerProductId": "11299"}, "isFoil": false, "isReprint": true, "isStarter": true, "keywords": ["Flying"], "language": "English", "layout": "normal", "legalities": {"commander": "Legal", "duel": "Legal", "legacy": "Legal", "modern": "Legal", "oathbreaker": "Legal", "pauper": "Legal", "paupercommander": "Legal", "predh": "Legal", "vintage": "Legal"}, "manaCost": "{1}{U}", "manaValue": 2.0, "name": "Sea Eagle", "number": "S4", "originalText": "Flying (This creature can't be blocked except by creatures with flying.)", "originalType": "Creature - Bird", "power": "1", "printings": ["8ED", "S00", "S99"], "promoTypes": ["starterdeck"], "purchaseUrls": {"cardmarket": "https://mtgjson.com/links/e5a53beffb1af87d", "tcgplayer": "https://mtgjson.com/links/b12df72bbca359f9"}, "rarity": "common", "setCode": "8ED", "sourceProducts": {"nonfoil": ["4195f77f-9837-5107-a265-9f334292bc39", "7bf5d834-005d-5141-b884-9a2d7c9e983f"]}, "subtypes": ["Bird"], "supertypes": [], "text": "Flying", "toughness": "1", "type": "Creature — Bird", "types": ["Creature"], "uuid": "4c85b5b0-8685-5a50-a606-abb7c01e7928"}, {"artist": "Pete Venters", "artistIds": ["d54c4a1a-c0c5-4834-84db-125d341f3ad8"], "availability": ["mtgo", "paper"], "boosterTypes": ["default"], "borderColor": "white", "colorIdentity": ["W"], "colors": ["W"], "convertedManaCost": 1.0, "count": 1, "edhrecRank": 7249, "edhrecSaltiness": 0.59, "finishes": ["nonfoil"], "flavorText": "\"The day of Spirits; my soul's calm retreat / Which none disturb!\"\n—Henry Vaughan, \"The Night\"", "foreignData": [{"flavorText": "„Friede ist Freiheit in Ruhe.\" —Cicero", "identifiers": {"multiverseId": "162636", "scryfallId": "d24db05e-b15a-4f98-bb95-a5a0ea4d501c"}, "language": "German", "multiverseId": 162636, "name": "Feiertag", "text": "Verhindere allen Kampfschaden, der in diesem Zug zugefügt würde.", "type": "Spontanzauber"}, {"flavorText": "\"El día de los espíritus; el retiro tranquilo de mi alma / ¡que nadie perturba\" —Henry Vaughan, \"La noche\"", "identifiers": {"multiverseId": "165273", "scryfallId": "53525ff9-f8eb-44e1-bc84-782b434bacdd"}, "language": "Spanish", "multiverseId": 165273, "name": "Día santo", "text": "Prevén todo el daño de combate que se fuera a hacer este turno.", "type": "Instantáneo"}, {"flavorText": "« Nombreux sont ceux qui confondent mysticisme et spiritualité, et qui croient que l'homme ne peut que ramper, si la religion ne le soulève ; qui croient que seule la religion peut empêcher l'homme de ramper. » —André Gide", "identifiers": {"multiverseId": "162993", "scryfallId": "854b4cbd-6911-4929-b7b1-134a0cbc79c6"}, "language": "French", "multiverseId": 162993, "name": "Jour saint", "text": "Prévenez toutes les blessures de combat qui devraient être infligées ce tour-ci.", "type": "Éphémère"}, {"flavorText": "\"Il giorno degli Spiriti; il tranquillo rifugio della mia anima/ Che nessuno disturbi\" —Henry Vaughan, \"La Notte\"", "identifiers": {"multiverseId": "164916", "scryfallId": "b0b8512e-0b5f-4ba2-af17-9898152f330f"}, "language": "Italian", "multiverseId": 164916, "name": "Giorno Sacro", "text": "Previeni tutto il danno da combattimento che verrebbe inflitto in questo turno.", "type": "Istantaneo"}, {"identifiers": {"scryfallId": "21d4edab-ea45-45cc-938f-ed574fc75e4e"}, "language": "Japanese", "name": "聖なる日"}, {"flavorText": "\"O dia dos Espíritos; refúgio tranqüilo de minh'alma / Que ninguém perturba\" — Henry Vaughan, \"A Noite\"", "identifiers": {"multiverseId": "165630", "scryfallId": "1f1d6838-cb17-4ea6-aa4f-b6d6b34d2e10"}, "language": "Portuguese (Brazil)", "multiverseId": 165630, "name": "Dia Sagrado", "text": "Previne todo o dano de combate que seria causado neste turno.", "type": "Mágica Instantânea"}], "frameVersion": "2003", "hasFoil": false, "hasNonFoil": true, "identifiers": {"cardsphereFoilId": "2914", "cardsphereId": "2915", "mcmId": "659", "mcmMetaId": "2710", "mtgjsonV4Id": "a68e247c-a51b-50ac-b13f-1ee8c497f3ae", "mtgoFoilId": "19546", "mtgoId": "19545", "multiverseId": "45181", "scryfallCardBackId": "0aeebaf5-8c7d-4636-9e82-8c27447861f7", "scryfallId": "cb72baf7-d9fe-41b4-862d-3709834ee46b", "scryfallIllustrationId": "9200202d-acfb-4f95-86eb-cbc50aa306e5", "scryfallOracleId": "98423a34-f044-4811-b288-56981d604b6e", "tcgplayerProductId": "10983"}, "isFoil": false, "isReprint": true, "language": "English", "layout": "normal", "legalities": {"commander": "Legal", "duel": "Legal", "legacy": "Legal", "modern": "Legal", "oathbreaker": "Legal", "pauper": "Legal", "paupercommander": "Legal", "predh": "Legal", "premodern": "Legal", "vintage": "Legal"}, "manaCost": "{W}", "manaValue": 1.0, "name": "Holy Day", "number": "23", "originalText": "Prevent all combat damage that would be dealt this turn.", "originalType": "Instant", "printings": ["10E", "8ED", "9ED", "INV", "LEG", "PS11"], "purchaseUrls": {"cardmarket": "https://mtgjson.com/links/f004a60faef1d14e", "tcgplayer": "https://mtgjson.com/links/99ea452339e3f0f8"}, "rarity": "common", "setCode": "8ED", "sourceProducts": {"nonfoil": ["4195f77f-9837-5107-a265-9f334292bc39", "7bf5d834-005d-5141-b884-9a2d7c9e983f", "c8dfa84a-38d1-5fcd-bab4-ed0050d81559"]}, "subtypes": [], "supertypes": [], "text": "Prevent all combat damage that would be dealt this turn.", "type": "Instant", "types": ["Instant"], "uuid": "f43b30d4-c9f8-5a99-becb-8ce9f3e92f81", "variations": ["5cc6d6b9-792c-5af5-a888-6da27aeaf7c4"]}, {"artist": "Patrick Faricy", "artistIds": ["8a74e389-7370-4951-9598-35b74a9517e0"], "availability": ["mtgo", "paper"], "boosterTypes": ["default"], "borderColor": "white", "colorIdentity": ["W"], "colors": ["W"], "convertedManaCost": 2.0, "count": 1, "edhrecRank": 22355, "edhrecSaltiness": 0.64, "finishes": ["nonfoil"], "flavorText": "\"The peasants labor for my profit. I approve.\"", "foreignData": [{"flavorText": "„Die Bauern arbeiten in meine Tasche. Ich erkenne das an.\"", "identifiers": {"multiverseId": "162655", "scryfallId": "e460a4b9-9f5d-4b33-972b-128e4b45bd66"}, "language": "German", "multiverseId": 162655, "name": "Scheinheiligkeit", "text": "Immer wenn ein Gegner ein Gebirge für Mana tappt, kannst du 1 Lebenspunkt dazuerhalten.", "type": "Verzauberung"}, {"flavorText": "\"Los campesinos trabajan para que yo gane. Yo lo apruebo.\"", "identifiers": {"multiverseId": "165292", "scryfallId": "a066de5e-f31d-4fc8-bf73-fdf14e884e2f"}, "language": "Spanish", "multiverseId": 165292, "name": "Santurronería", "text": "Siempre que un oponente gire una Montaña para obtener maná, puedes ganar 1 vida.", "type": "Encantamiento"}, {"flavorText": "« Certains prient, d'autres travaillent. Tel est l'ordre de la nature. »", "identifiers": {"multiverseId": "163012", "scryfallId": "29fa0940-7ab5-43de-9886-70234663ff6e"}, "language": "French", "multiverseId": 163012, "name": "Tartuferie", "text": "À chaque fois que l'un de vos adversaires engage une montagne pour du mana, vous pouvez gagner 1 point de vie.", "type": "Enchantement"}, {"flavorText": "\"I contadini lavorano per il mio profitto. Approvo\".", "identifiers": {"multiverseId": "164935", "scryfallId": "00392896-8a63-43b4-994b-06b4d000a794"}, "language": "Italian", "multiverseId": 164935, "name": "Bigotteria", "text": "Ogniqualvolta un avversario TAPpa una Montagna per attingere mana, puoi guadagnare 1 punto vita.", "type": "Incantesimo"}, {"identifiers": {"scryfallId": "cd643894-a551-4d1d-9b27-cf07621123cd"}, "language": "Japanese", "name": "偽の信心"}, {"flavorText": "\"Os camponeses trabalham para meu benefício. Eu aprovo isso.\"", "identifiers": {"multiverseId": "165649", "scryfallId": "2f8bf5e1-b8ef-4eff-9383-74c2a37da0d1"}, "language": "Portuguese (Brazil)", "multiverseId": 165649, "name": "Santimônia", "text": "Toda vez que um de seus oponentes virar uma Montanha para gerar mana, você pode ganhar 1 ponto de vida.", "type": "Encantamento"}], "frameVersion": "2003", "hasFoil": false, "hasNonFoil": true, "identifiers": {"cardsphereFoilId": "3163", "cardsphereId": "3164", "mcmId": "678", "mcmMetaId": "4884", "mtgjsonV4Id": "a320288e-dc51-5cf3-8d3c-35949798e52a", "mtgoFoilId": "19394", "mtgoId": "19393", "multiverseId": "45197", "scryfallCardBackId": "0aeebaf5-8c7d-4636-9e82-8c27447861f7", "scryfallId": "74733902-f177-4551-bc39-72f58860c890", "scryfallIllustrationId": "8dfbb0a5-a82a-440b-ad16-227b54a75e8f", "scryfallOracleId": "2fc7740a-dfa4-4279-8822-3f7c93e6b685", "tcgplayerProductId": "11002"}, "isFoil": false, "isReprint": true, "language": "English", "layout": "normal", "legalities": {"commander": "Legal", "duel": "Legal", "legacy": "Legal", "modern": "Legal", "oathbreaker": "Legal", "predh": "Legal", "premodern": "Legal", "vintage": "Legal"}, "manaCost": "{1}{W}", "manaValue": 2.0, "name": "Sanctimony", "number": "42", "originalText": "Whenever an opponent taps a Mountain for mana, you may gain 1 life.", "originalType": "Enchantment", "printings": ["7ED", "8ED", "UDS"], "purchaseUrls": {"cardmarket": "https://mtgjson.com/links/15aaa5a3dc746be0", "tcgplayer": "https://mtgjson.com/links/f73a775da32ac1f4"}, "rarity": "uncommon", "rulings": [{"date": "2004-10-04", "text": "Gaining life is optional. If you forget, you can’t go back later even if it is something you usually do."}], "setCode": "8ED", "sourceProducts": {"nonfoil": ["4195f77f-9837-5107-a265-9f334292bc39", "7bf5d834-005d-5141-b884-9a2d7c9e983f", "c8dfa84a-38d1-5fcd-bab4-ed0050d81559"]}, "subtypes": [], "supertypes": [], "text": "Whenever an opponent taps a Mountain for mana, you may gain 1 life.", "type": "Enchantment", "types": ["Enchantment"], "uuid": "fd16141d-497c-5ef1-882a-300d33e1e4a5", "variations": ["1dd3c084-6a52-53c9-945d-ed0eba81f808"]}, {"artist": "David Martin", "artistIds": ["996ad764-4ae0-4952-8bb5-5a75c9d68275"], "availability": ["mtgo", "paper"], "boosterTypes": ["default"], "borderColor": "white", "colorIdentity": [], "colors": [], "convertedManaCost": 4.0, "count": 1, "edhrecRank": 23047, "finishes": ["nonfoil"], "flavorText": "The rod is a relic from ancient times . . . cruel, vicious, mean-spirited times.", "foreignData": [{"flavorText": "Der Stab ist ein Überbleibsel aus alten Zeiten ... grausamen, verderbten, gemeinen Zeiten.", "identifiers": {"multiverseId": "162925", "scryfallId": "b32fc87a-517c-4637-b67d-b8e79e007b20"}, "language": "German", "multiverseId": 162925, "name": "Stab des Verderbens", "text": "{3}, {T}: Der Stab des Verderbens fügt einer Kreatur oder einem Spieler deiner Wahl 1 Schadenspunkt zu.", "type": "Artefakt"}, {"flavorText": "El bastón es una reliquia de tiempos antiguos . . . tiempos crueles, malvados y malignos.", "identifiers": {"multiverseId": "165562", "scryfallId": "22ea1cfb-c091-4dc0-99fd-095ef3802b29"}, "language": "Spanish", "multiverseId": 165562, "name": "Bastón de destrucción", "text": "{3}, {T}: El Bastón de destrucción hace 1 punto de daño a la criatura o jugador objetivo.", "type": "Artefacto"}, {"flavorText": "La baguette est une relique des temps anciens... des temps cruels, vicieux et brutaux.", "identifiers": {"multiverseId": "163282", "scryfallId": "653bed84-c661-4e83-80b3-859e5d226edd"}, "language": "French", "multiverseId": 163282, "name": "Baguette de ruine", "text": "{3}, {T} : La Baguette de ruine inflige 1 blessure à une cible, créature ou joueur.", "type": "Artefact"}, {"flavorText": "Lo scettro è una reliquia dei tempi antichi . . . tempi crudeli, perversi e maligni.", "identifiers": {"multiverseId": "165205", "scryfallId": "143896c3-01cb-4e5f-b68c-06d5f84b3d83"}, "language": "Italian", "multiverseId": 165205, "name": "Scettro della Rovina", "text": "{3}, {T}: Lo Scettro della Rovina infligge 1 danno a una creatura o a un giocatore bersaglio.", "type": "Artefatto"}, {"identifiers": {"scryfallId": "623983fe-dae9-4090-903b-7705c3b0bb00"}, "language": "Japanese", "name": "破滅のロッド"}, {"flavorText": "O bastão é uma relíquia de tempos passados . . . tempos abomináveis, de crueldade, de espíritos malignos.", "identifiers": {"multiverseId": "165919", "scryfallId": "f074574f-1815-47c7-92bd-4ada04400c03"}, "language": "Portuguese (Brazil)", "multiverseId": 165919, "name": "Bastão da Ruína", "text": "{3}, {T}: Bastão da Ruína causa 1 ponto de dano à criatura ou ao jogador alvo.", "type": "Artefato"}], "frameVersion": "2003", "hasFoil": false, "hasNonFoil": true, "identifiers": {"cardsphereFoilId": "3138", "cardsphereId": "3139", "mcmId": "948", "mcmMetaId": "4771", "mtgjsonV4Id": "92222fc3-a86f-5d3f-bd67-b32121bb4a2e", "mtgoFoilId": "19604", "mtgoId": "19603", "multiverseId": "45466", "scryfallCardBackId": "0aeebaf5-8c7d-4636-9e82-8c27447861f7", "scryfallId": "1d652801-7f22-41b5-b19c-90efe5d8c0a8", "scryfallIllustrationId": "dedbcf27-ae17-474c-b0a4-a23c1fe15de5", "scryfallOracleId": "c29a04ab-4e14-45d8-a993-3fffd0e2f6eb", "tcgplayerProductId": "11272"}, "isFoil": false, "isReprint": true, "language": "English", "layout": "normal", "legalities": {"commander": "Legal", "duel": "Legal", "legacy": "Legal", "modern": "Legal", "oathbreaker": "Legal", "penny": "Legal", "pioneer": "Legal", "predh": "Legal", "premodern": "Legal", "vintage": "Legal"}, "manaCost": "{4}", "manaValue": 4.0, "name": "Rod of Ruin", "number": "312", "originalText": "{3}, {T}: Rod of Ruin deals 1 damage to target creature or player.", "originalType": "Artifact", "printings": ["10E", "2ED", "30A", "3ED", "4BB", "4ED", "5ED", "6ED", "7ED", "8ED", "9ED", "CED", "CEI", "FBB", "ITP", "LEA", "LEB", "M10", "M14", "RQS", "SUM"], "purchaseUrls": {"cardmarket": "https://mtgjson.com/links/676e66e8af4723a9", "tcgplayer": "https://mtgjson.com/links/a8b6e4e1b21c5361"}, "rarity": "uncommon", "setCode": "8ED", "sourceProducts": {"nonfoil": ["4195f77f-9837-5107-a265-9f334292bc39", "56be817b-2c64-5712-a027-f29f7fe5357c", "7bf5d834-005d-5141-b884-9a2d7c9e983f", "c8dfa84a-38d1-5fcd-bab4-ed0050d81559"]}, "subtypes": [], "supertypes": [], "text": "{3}, {T}: Rod of Ruin deals 1 damage to any target.", "type": "Artifact", "types": ["Artifact"], "uuid": "634cb432-2462-5f5e-88ba-5767efbe20d7", "variations": ["06cff25a-3b40-5499-9339-7999b51404f1"]}, {"artist": "John Avon", "artistIds": ["798f3932-30e0-4420-aa3f-db4d613f89ca"], "availability": ["mtgo", "paper"], "boosterTypes": ["default"], "borderColor": "white", "colorIdentity": ["W"], "colors": [], "convertedManaCost": 0.0, "count": 1, "edhrecSaltiness": 0.28, "finishes": ["nonfoil"], "foreignData": [{"identifiers": {"multiverseId": "162944", "scryfallId": "de8f3007-5913-48c9-af6a-c5cf6824e843"}, "language": "German", "multiverseId": 162944, "name": "Ebene", "type": "Standardland — Ebene"}, {"identifiers": {"multiverseId": "165581", "scryfallId": "e45a7bbe-c5c9-4123-815e-4239243c3c8a"}, "language": "Spanish", "multiverseId": 165581, "name": "Llanura", "type": "Tierra básica — Llanura"}, {"identifiers": {"multiverseId": "163301", "scryfallId": "1ee31140-f331-4236-8bf0-90d25b1c6054"}, "language": "French", "multiverseId": 163301, "name": "Plaine", "type": "Terrain de base : Plaine"}, {"identifiers": {"multiverseId": "165224", "scryfallId": "32600b70-94ed-4df4-9a42-8fb8e307a68f"}, "language": "Italian", "multiverseId": 165224, "name": "Pianura", "type": "Terra Base — Pianura"}, {"identifiers": {"scryfallId": "bb3f7216-80f7-4add-93d6-d899baeeceb6"}, "language": "Japanese", "name": "平地"}, {"identifiers": {"multiverseId": "165938", "scryfallId": "8f33ec92-9320-4c01-8689-effcaf4388a6"}, "language": "Portuguese (Brazil)", "multiverseId": 165938, "name": "Planície", "type": "Terreno Básico — Planície"}], "frameVersion": "2003", "hasFoil": false, "hasNonFoil": true, "identifiers": {"cardsphereFoilId": "3086", "cardsphereId": "3087", "mcmId": "967", "mtgjsonV4Id": "c6ebac42-bc3c-523e-9b65-f48a94beb68e", "mtgoFoilId": "19374", "mtgoId": "19373", "multiverseId": "46437", "scryfallCardBackId": "0aeebaf5-8c7d-4636-9e82-8c27447861f7", "scryfallId": "a37c667a-f035-49b2-9f34-9831e186ae82", "scryfallIllustrationId": "346a9b6a-f43e-4680-80fd-05acf07cb247", "scryfallOracleId": "bc71ebf6-2056-41f7-be35-b2e5c34afa99", "tcgplayerProductId": "18342"}, "isFoil": false, "isReprint": true, "language": "English", "layout": "normal", "legalities": {"alchemy": "Legal", "brawl": "Legal", "commander": "Legal", "duel": "Legal", "explorer": "Legal", "future": "Legal", "gladiator": "Legal", "historic": "Legal", "legacy": "Legal", "modern": "Legal", "oathbreaker": "Legal", "pauper": "Legal", "paupercommander": "Legal", "penny": "Legal", "pioneer": "Legal", "predh": "Legal", "premodern": "Legal", "standard": "Legal", "standardbrawl": "Legal", "timeless": "Legal", "vintage": "Legal"}, "manaValue": 0.0, "name": "Plains", "number": "331", "originalText": "W", "originalType": "Basic Land - Plains", "printings": ["10E", "2ED", "2XM", "30A", "3ED", "40K", "4BB", "4ED", "5ED", "6ED", "7ED", "8ED", "9ED", "ACR", "AFR", "AKH", "AKR", "ALA", "ANA", "ANB", "ARC", "ATH", "AVR", "BBD", "BFZ", "BLB", "BRB", "BRC", "BRO", "C13", "C14", "C15", "C16", "C17", "C18", "C19", "CED", "CEI", "CHK", "CLB", "CLU", "CM2", "CMA", "CMD", "CMM", "CMR", "CST", "DDC", "DDE", "DDF", "DDG", "DDH", "DDI", "DDK", "DDL", "DDN", "DDO", "DDP", "DDQ", "DMR", "DMU", "DOM", "DSK", "DTK", "DVD", "E01", "ELD", "FBB", "FDN", "FRF", "G17", "GK1", "GK2", "GN2", "GN3", "GNT", "GRN", "GS1", "H09", "HBG", "HOP", "HOU", "ICE", "IKO", "INV", "ISD", "ITP", "J14", "J22", "JMP", "KHM", "KLD", "KLR", "KTK", "LCI", "LEA", "LEB", "LRW", "LTR", "M10", "M11", "M12", "M13", "M14", "M15", "M19", "M20", "M21", "MBS", "MD1", "ME1", "ME3", "MH2", "MH3", "MID", "MIR", "MKM", "MMQ", "MOM", "MRD", "NEO", "NPH", "ODY", "OLEP", "ONE", "ONS", "ORI", "OTJ", "P02", "P23", "PAL00", "PAL01", "PAL03", "PAL04", "PAL05", "PAL06", "PAL99", "PALP", "PANA", "PARL", "PC2", "PCA", "PDGM", "PELP", "PF19", "PF20", "PGPX", "PGRU", "PIP", "PLST", "PMPS", "PMPS06", "PMPS07", "PMPS08", "PMPS09", "PMPS10", "PMPS11", "POR", "PPP1", "PRM", "PRW2", "PRWK", "PS11", "PSAL", "PSS2", "PSS3", "PSS4", "PTC", "PTK", "PZ2", "RAV", "REX", "RIX", "RNA", "ROE", "RQS", "RTR", "S99", "SCD", "SHM", "SIR", "SLD", "SLP", "SNC", "SOI", "SOM", "STX", "SUM", "TD0", "TD2", "THB", "THS", "TMP", "TPR", "TSP", "UGL", "UND", "UNF", "UNH", "USG", "UST", "VOW", "WAR", "WC00", "WC02", "WC03", "WC04", "WC97", "WC98", "WHO", "WOE", "XANA", "XLN", "ZEN", "ZNR"], "purchaseUrls": {"tcgplayer": "https://mtgjson.com/links/b8478db44c43a4c5"}, "rarity": "common", "setCode": "8ED", "sourceProducts": {"nonfoil": ["304750be-9cf2-53d9-9590-d82eab67eaed", "4195f77f-9837-5107-a265-9f334292bc39", "7bf5d834-005d-5141-b884-9a2d7c9e983f", "9b5e4776-6f1d-5463-b1eb-1f3f6cc333ea", "b9faa8ee-eaaa-54ab-94cc-56e664d6ad90", "c8dfa84a-38d1-5fcd-bab4-ed0050d81559"]}, "subtypes": ["Plains"], "supertypes": ["Basic"], "text": "({T}: Add {W}.)", "type": "Basic Land — Plains", "types": ["Land"], "uuid": "d4facd58-20e3-5032-ab7f-97b5478cfa15", "variations": ["e37eab30-b842-558e-9378-6db02acac4b6", "c005f67e-6d2d-5524-bc4c-f9ce1818edd6", "255b949b-48f2-5cb2-a8dd-ce61243f799b", "d845fcc0-55f8-5cf4-9600-22bfdfd19901", "1ec09c95-8523-5eb4-b27e-036306e677ae", "6bfa3eca-3f4d-5bd4-af21-b4f4dd4540e1", "eb74b1ce-66e5-56e9-b685-72b1762bf840"]}, {"artist": "John Avon", "artistIds": ["798f3932-30e0-4420-aa3f-db4d613f89ca"], "availability": ["mtgo", "paper"], "boosterTypes": ["default"], "borderColor": "white", "colorIdentity": ["U"], "colors": [], "convertedManaCost": 0.0, "count": 1, "edhrecSaltiness": 0.76, "finishes": ["nonfoil"], "foreignData": [{"identifiers": {"multiverseId": "162948", "scryfallId": "0db1c1c0-f5e9-4b94-a915-64e91438273b"}, "language": "German", "multiverseId": 162948, "name": "Insel", "type": "Standardland — Insel"}, {"identifiers": {"multiverseId": "165585", "scryfallId": "b1da5431-9086-460b-a560-d4cd290a528e"}, "language": "Spanish", "multiverseId": 165585, "name": "Isla", "type": "Tierra básica — Isla"}, {"identifiers": {"multiverseId": "163305", "scryfallId": "e7a44090-cca2-4a36-8d1f-034cd1b276b9"}, "language": "French", "multiverseId": 163305, "name": "Île", "type": "Terrain de base : Île"}, {"identifiers": {"multiverseId": "165228", "scryfallId": "a537f452-8893-45f8-9b08-42612ff0647a"}, "language": "Italian", "multiverseId": 165228, "name": "Isola", "type": "Terra Base — Isola"}, {"identifiers": {"scryfallId": "f77e9b07-e4d6-45e7-ab49-754b8f32cb43"}, "language": "Japanese", "name": "島"}, {"identifiers": {"multiverseId": "165942", "scryfallId": "2efa2b40-0375-417c-bbc0-cafceb3685c6"}, "language": "Portuguese (Brazil)", "multiverseId": 165942, "name": "Ilha", "type": "Terreno Básico — Ilha"}], "frameVersion": "2003", "hasFoil": false, "hasNonFoil": true, "identifiers": {"cardsphereFoilId": "2944", "cardsphereId": "2945", "mcmId": "971", "mtgjsonV4Id": "8f764e57-8c6b-58a8-9e2a-8b081d743bea", "mtgoFoilId": "19342", "mtgoId": "19341", "multiverseId": "46441", "scryfallCardBackId": "0aeebaf5-8c7d-4636-9e82-8c27447861f7", "scryfallId": "4146a316-c409-4121-931f-1d3b5ae63675", "scryfallIllustrationId": "ec6ed72d-2700-4d1e-860c-810a80262916", "scryfallOracleId": "b2c6aa39-2d2a-459c-a555-fb48ba993373", "tcgplayerProductId": "18345"}, "isFoil": false, "isReprint": true, "language": "English", "layout": "normal", "legalities": {"alchemy": "Legal", "brawl": "Legal", "commander": "Legal", "duel": "Legal", "explorer": "Legal", "future": "Legal", "gladiator": "Legal", "historic": "Legal", "legacy": "Legal", "modern": "Legal", "oathbreaker": "Legal", "pauper": "Legal", "paupercommander": "Legal", "penny": "Legal", "pioneer": "Legal", "predh": "Legal", "premodern": "Legal", "standard": "Legal", "standardbrawl": "Legal", "timeless": "Legal", "vintage": "Legal"}, "manaValue": 0.0, "name": "Island", "number": "335", "originalText": "U", "originalType": "Basic Land - Island", "printings": ["10E", "2ED", "2XM", "30A", "3ED", "40K", "4BB", "4ED", "5ED", "6ED", "7ED", "8ED", "9ED", "ACR", "AFR", "AKH", "AKR", "ALA", "ANA", "ANB", "ARC", "AVR", "BBD", "BFZ", "BLB", "BRB", "BRC", "BRO", "BTD", "C13", "C14", "C15", "C16", "C17", "C18", "C19", "CED", "CEI", "CHK", "CLB", "CLU", "CM2", "CMA", "CMD", "CMM", "CMR", "CST", "DD2", "DDE", "DDF", "DDH", "DDI", "DDJ", "DDM", "DDN", "DDO", "DDQ", "DDS", "DDT", "DDU", "DMR", "DMU", "DOM", "DPA", "DSK", "DTK", "E01", "ELD", "FBB", "FRF", "G17", "GK1", "GK2", "GN2", "GN3", "GNT", "GRN", "GS1", "H09", "HBG", "HOP", "HOU", "ICE", "IKO", "INV", "ISD", "ITP", "J14", "J22", "JMP", "JVC", "KHM", "KLD", "KLR", "KTK", "LCI", "LEA", "LEB", "LRW", "LTR", "M10", "M11", "M12", "M13", "M14", "M15", "M19", "M20", "M21", "MBS", "ME1", "ME3", "MH2", "MH3", "MID", "MIR", "MKM", "MMQ", "MOM", "MRD", "NEO", "NPH", "ODY", "OLEP", "ONE", "ONS", "ORI", "OTJ", "P02", "P23", "PAL00", "PAL01", "PAL02", "PAL03", "PAL04", "PAL05", "PAL06", "PAL99", "PALP", "PANA", "PARL", "PC2", "PCA", "PELP", "PF19", "PF20", "PGPX", "PGRU", "PIP", "PLST", "PMPS", "PMPS06", "PMPS07", "PMPS08", "PMPS09", "PMPS10", "PMPS11", "POR", "PPP1", "PRM", "PRW2", "PRWK", "PS11", "PSAL", "PSS2", "PSS3", "PSS4", "PTC", "PTK", "PZ2", "RAV", "REX", "RIX", "RNA", "ROE", "RQS", "RTR", "S99", "SCD", "SHM", "SIR", "SLD", "SNC", "SOI", "SOM", "STX", "SUM", "TD0", "TD2", "THB", "THS", "TMP", "TPR", "TSP", "UGL", "UND", "UNF", "UNH", "USG", "UST", "VOW", "WAR", "WC00", "WC01", "WC02", "WC03", "WC04", "WC97", "WC98", "WHO", "WOE", "XANA", "XLN", "ZEN", "ZNR"], "purchaseUrls": {"tcgplayer": "https://mtgjson.com/links/5a3ad5b490686fe0"}, "rarity": "common", "setCode": "8ED", "sourceProducts": {"nonfoil": ["304750be-9cf2-53d9-9590-d82eab67eaed", "4195f77f-9837-5107-a265-9f334292bc39", "7bf5d834-005d-5141-b884-9a2d7c9e983f", "9b5e4776-6f1d-5463-b1eb-1f3f6cc333ea", "c8dfa84a-38d1-5fcd-bab4-ed0050d81559", "eaef0e76-2c77-56e7-ada7-aca8cfea52bc"]}, "subtypes": ["Island"], "supertypes": ["Basic"], "text": "({T}: Add {U}.)", "type": "Basic Land — Island", "types": ["Land"], "uuid": "b3195a42-446c-5442-a7a6-46982eec1c01", "variations": ["b32bb28d-640b-5f72-b4f0-9c6592788eb8", "da489e9d-efc8-5d6d-a31f-942e81daa139", "381ea7bb-61fc-5662-b4f2-cac949697d0f", "4ee0292a-cd9b-5970-998b-f2e0dca31457", "20a6df8a-67a6-54ec-a5fa-48c90d34f4c5", "78e1fe2e-44c8-5b06-8068-27f943839aaa", "5c7324ee-c68c-58e7-ad24-dc4b403b78ae"]}], "name": "Silver Pack", "releaseDate": "2003-07-28", "sealedProductUuids": null, "sideBoard": [], "type": "Advanced Pack"}}