{"meta": {"date": "2024-09-03", "version": "5.2.2+20240903"}, "data": {"code": "J22", "commander": [], "mainBoard": [{"artist": "Ishikawa Kenta", "artistIds": ["7af32cf9-75ca-439e-91c3-619dfeea2dfd"], "availability": ["paper"], "boosterTypes": ["default"], "borderColor": "black", "colorIdentity": ["R"], "colors": ["R"], "convertedManaCost": 5.0, "count": 1, "edhrecRank": 800, "edhrecSaltiness": 1.29, "finishes": ["nonfoil"], "flavorText": "\"Wanna see a neat trick?\"", "foreignData": [{"flavorText": "„Willst du einen tollen Trick sehen?\"", "identifiers": {"multiverseId": "597108", "scryfallId": "483cd23c-e6ae-4088-b051-28e4d1be517f"}, "language": "German", "multiverseId": 597108, "name": "Kiki-Jiki, Spiegelzerbrecher", "text": "Eile\n{T}: Erzeuge einen Spielstein, der eine Kopie einer nichtlegendären Kreatur deiner Wahl ist, die du kontrollierst, außer dass er Eile hat. Opfere ihn zu Beginn des nächsten Endsegments.", "type": "Legendäre Kreatur — Goblin, Schamane"}, {"flavorText": "\"¿Quieres ver un truco de los buenos?\".", "identifiers": {"multiverseId": "597154", "scryfallId": "7f406022-4425-4569-a15a-b1a2dda0f779"}, "language": "Spanish", "multiverseId": 597154, "name": "Kiki-Jiki, el rompe espejos", "text": "Prisa.\n{T}: Crea una ficha que es una copia de la criatura objetivo que no sea legendaria que controlas, excepto que tiene la habilidad de prisa. Sacrifícala al comienzo del próximo paso final.", "type": "Criatura legendaria — Chamán trasgo"}, {"flavorText": "« Vous voulez voir un tour de passe-passe ? »", "identifiers": {"multiverseId": "597200", "scryfallId": "0943bee2-a121-4a48-afd8-132ae40bc66a"}, "language": "French", "multiverseId": 597200, "name": "Kiki-Jiki, brise-miroir", "text": "Célérité\n{T} : Créez un jeton qui est une copie d'une créature non-légendaire ciblée que vous contrôlez, excepté qu'il a la célérité. Sacrifiez-le au début de la prochaine étape de fin.", "type": "Créature légendaire : gobelin et shamane"}, {"flavorText": "\"Vuoi vedere un trucchetto ingegnoso?\"", "identifiers": {"multiverseId": "597246", "scryfallId": "69d20a20-496f-48c3-af50-0c0719101be9"}, "language": "Italian", "multiverseId": 597246, "name": "Kiki-Jiki, Spaccaspecchi", "text": "Rapidità\n{T}: Crea una pedina che è una copia di una creatura non leggendaria bersaglio che controlli, tranne che ha rapidità. Sacrificala all'inizio della prossima sottofase finale.", "type": "Creatura Leggendaria — Sciamano Goblin"}, {"flavorText": "「面白いものを見せてあげようか？」", "identifiers": {"multiverseId": "597292", "scryfallId": "a14b24f6-0075-44e8-8a08-f0e796f409b6"}, "language": "Japanese", "multiverseId": 597292, "name": "鏡割りのキキジキ", "text": "速攻\n{T}：あなたがコントロールしていて伝説でないクリーチャー１体を対象とする。それが速攻を持つことを除きそれのコピーであるトークン１つを生成する。次の終了ステップの開始時に、そのトークンを生け贄に捧げる。", "type": "伝説のクリーチャー — ゴブリン・シャーマン"}, {"flavorText": "「想不想看个妙招？」", "identifiers": {"multiverseId": "597430", "scryfallId": "5febd3f2-02c4-4ed8-b6a2-45178e646143"}, "language": "Chinese Simplified", "multiverseId": 597430, "name": "裂镜奇奇几奇", "text": "敏捷\n{T}：派出一个衍生物，此衍生物为目标由你操控且非传奇的生物之复制品，但它具有敏捷异能。在下一个结束步骤开始时，将它牺牲。", "type": "传奇生物 ～鬼怪／祭师"}], "frameEffects": ["legendary"], "frameVersion": "2015", "hasFoil": false, "hasNonFoil": true, "identifiers": {"cardsphereId": "96719", "mcmId": "686325", "mcmMetaId": "7051", "mtgjsonV4Id": "3862188d-15c0-5a49-bcb8-8de4d4545735", "multiverseId": "597062", "scryfallCardBackId": "0aeebaf5-8c7d-4636-9e82-8c27447861f7", "scryfallId": "0e6fc996-17ba-4090-bf82-0c2eba93a81e", "scryfallIllustrationId": "471febb2-f917-48e2-8c05-47c6179d9f24", "scryfallOracleId": "a34b7416-cfe3-4a1e-a8c1-a3056b747519", "tcgplayerProductId": "450942"}, "isFoil": false, "isReprint": true, "keywords": ["Haste"], "language": "English", "layout": "normal", "leadershipSkills": {"brawl": false, "commander": true, "oathbreaker": false}, "legalities": {"commander": "Legal", "duel": "Legal", "legacy": "Legal", "modern": "Legal", "oathbreaker": "Legal", "penny": "Legal", "predh": "Legal", "vintage": "Legal"}, "manaCost": "{2}{R}{R}{R}", "manaValue": 5.0, "name": "Kiki-Jiki, Mirror Breaker", "number": "79", "originalText": "Haste\n{T}: Create a token that's a copy of target nonlegendary creature you control, except it has haste. Sacrifice it at the beginning of the next end step.", "originalType": "Legendary Creature — Goblin Shaman", "power": "2", "printings": ["CHK", "IMA", "J22", "MM2", "MMA", "PLST", "SLD", "TSR", "V11"], "purchaseUrls": {"cardmarket": "https://mtgjson.com/links/ca1c17ae78f667a5", "tcgplayer": "https://mtgjson.com/links/4ef3788c433730f2"}, "rarity": "mythic", "rulings": [{"date": "2021-03-19", "text": "Any enters-the-battlefield abilities of the copied creature will trigger when the token enters the battlefield. Any \"as [this permanent] enters the battlefield\" or \"[this permanent] enters the battlefield with\" abilities of the copied creature card will also work."}, {"date": "2021-03-19", "text": "If Kiki-Jiki's ability creates multiple tokens due to a replacement effect (such as the one Doubling Season creates), you'll sacrifice each of them."}, {"date": "2021-03-19", "text": "If a copied creature is a token that isn't a copy of something else, the copy copies the original characteristics of that token as stated by the effect that created it."}, {"date": "2021-03-19", "text": "If a copied creature is copying something else, the token you create will use the copiable values of the target creature. In most cases, it will just be a copy of whatever that creature is copying."}, {"date": "2021-03-19", "text": "If another creature becomes a copy of, or enters the battlefield as a copy of, the token, that creature will copy the creature card the token is copying, except it will also have haste. However, you won't sacrifice the new copy at the beginning of the next end step."}, {"date": "2021-03-19", "text": "If the copied creature has {X} in its mana cost, X is 0."}, {"date": "2021-03-19", "text": "The token copies exactly what was printed on the original creature (except that the copy also has haste) and nothing else (unless it's copying a creature that's a token or that's copying something else; see below). It doesn't copy whether the creature is tapped or untapped, whether it has any counters on it or Auras and/or Equipment attached to it, or any non-copy effects that changed its power, toughness, types, color, and so on. Most notably, if the target creature isn't normally a creature, the copy won't be a creature."}], "securityStamp": "oval", "setCode": "J22", "sourceProducts": {"nonfoil": ["31fd15cb-48ac-52b8-8f3c-84968a601869"]}, "subtypes": ["Goblin", "Shaman"], "supertypes": ["Legendary"], "text": "Haste\n{T}: Create a token that's a copy of target nonlegendary creature you control, except it has haste. Sacrifice it at the beginning of the next end step.", "toughness": "2", "type": "Legendary Creature — Goblin Shaman", "types": ["Creature"], "uuid": "2c06c445-882b-5641-8085-f5f66b21a402"}, {"artist": "Kev Walker", "artistIds": ["f366a0ee-a0cd-466d-ba6a-90058c7a31a6"], "availability": ["paper"], "boosterTypes": ["default"], "borderColor": "black", "colorIdentity": ["R"], "colors": ["R"], "convertedManaCost": 2.0, "count": 1, "edhrecRank": 6063, "edhrecSaltiness": 0.13, "finishes": ["nonfoil"], "foreignData": [{"identifiers": {"multiverseId": "589634", "scryfallId": "fb65d9e5-a287-41ea-ab9a-a2a0eee04125"}, "language": "German", "multiverseId": 589634, "name": "Ardoz die Kriegsschmiedin", "text": "Eile\nImmer wenn Ardoz die Kriegsschmiedin oder eine andere Kreatur unter deiner Kontrolle ins Spiel kommt, erhält die Kreatur +2/+0 bis zum Ende des Zuges.\n{3}{R}: Erzeuge einen 1/1 roten Goblin-Kreaturenspielstein mit Eile. Aktiviere diese Fähigkeit wie eine Hexerei.", "type": "Legendäre Kreatur — Goblin, Schamane"}, {"identifiers": {"multiverseId": "589685", "scryfallId": "4d275843-7694-405d-9978-0d7bf4d7f3f4"}, "language": "Spanish", "multiverseId": 589685, "name": "Ardoz, zapatera bélica", "text": "Prisa.\nSiempre que Ardoz, zapatera bélica u otra criatura entre al campo de batalla bajo tu control, esa criatura obtiene +2/+0 hasta el final del turno.\n{3}{R}: Crea una ficha de criatura Trasgo roja 1/1 con la habilidad de prisa. Activa esto solo como un conjuro.", "type": "Criatura legendaria — Chamán trasgo"}, {"identifiers": {"multiverseId": "589736", "scryfallId": "2aabc40a-9cbf-409e-b4a8-8ef1425edd81"}, "language": "French", "multiverseId": 589736, "name": "Ardoz, cordonnière de guerre", "text": "Célérité\nÀ chaque fois qu'Ardoz, cordonnière de guerre ou une autre créature arrive sur le champ de bataille sous votre contrôle, cette créature gagne +2/+0 jusqu'à la fin du tour.\n{3}{R} : Créez un jeton de créature 1/1 rouge Gobelin avec la célérité. N'activez que lorsque vous pourriez lancer un rituel.", "type": "Créature légendaire : gobelin et shamane"}, {"identifiers": {"multiverseId": "589787", "scryfallId": "11df3697-2129-4d0d-a7e0-c9d1e965ae81"}, "language": "Italian", "multiverseId": 589787, "name": "Ardoz, Calzolaia da Guerra", "text": "Rapidità\nOgniqualvolta Ardoz, Calzolaia da Guerra o un'altra creatura entra nel campo di battaglia sotto il tuo controllo, quella creatura prende +2/+0 fino alla fine del turno.\n{3}{R}: Crea una pedina creatura Goblin 1/1 rossa con rapidità. Attiva solo come una stregoneria.", "type": "Creatura Leggendaria — Sciamano Goblin"}, {"identifiers": {"multiverseId": "589838", "scryfallId": "c0c6aaeb-83fa-49a3-8f40-007539feea1e"}, "language": "Japanese", "multiverseId": 589838, "name": "戦争の靴職人、アルドース", "text": "速攻\n戦争の靴職人、アルドースやこれでないクリーチャー１体があなたのコントロール下で戦場に出るたび、ターン終了時まで、そのクリーチャーは＋２/＋０の修整を受ける。\n{3}{R}：速攻を持つ赤の１/１のゴブリン・クリーチャー・トークン１体を生成する。起動はソーサリーとしてのみ行う。", "type": "伝説のクリーチャー — ゴブリン・シャーマン"}, {"identifiers": {"multiverseId": "589991", "scryfallId": "0d2018ae-3c07-43d8-9aed-61291bd363e9"}, "language": "Chinese Simplified", "multiverseId": 589991, "name": "兴战补匠阿朵兹", "text": "敏捷\n每当兴战补匠阿朵兹或另一个生物在你操控下进战场时，该生物得+2/+0直到回合结束。\n{3}{R}：派出一个1/1红色，具敏捷异能的鬼怪衍生生物。只能于法术时机起动。", "type": "传奇生物 ～鬼怪／祭师"}], "frameEffects": ["legendary"], "frameVersion": "2015", "hasFoil": false, "hasNonFoil": true, "identifiers": {"cardsphereId": "96717", "mcmId": "686337", "mcmMetaId": "414690", "mtgjsonV4Id": "59a3fb9e-27b1-5953-9633-5a67f04f87a7", "multiverseId": "589583", "scryfallCardBackId": "0aeebaf5-8c7d-4636-9e82-8c27447861f7", "scryfallId": "2a012f05-0009-42cf-8a69-07140b2a2aef", "scryfallIllustrationId": "304c9c83-79d6-4774-ad05-f697009dea26", "scryfallOracleId": "bcd5e175-2ef0-48f4-b9bd-14383dd234e0", "tcgplayerProductId": "450945"}, "isFoil": false, "keywords": ["Haste"], "language": "English", "layout": "normal", "leadershipSkills": {"brawl": false, "commander": true, "oathbreaker": false}, "legalities": {"commander": "Legal", "duel": "Legal", "legacy": "Legal", "oathbreaker": "Legal", "vintage": "Legal"}, "manaCost": "{1}{R}", "manaValue": 2.0, "name": "Ardoz, Cobbler of War", "number": "29", "originalText": "Haste\nWhenever Ardoz, Cobbler of War or another creature enters the battlefield under your control, that creature gets +2/+0 until end of turn.\n{3}{R}: Create a 1/1 red Goblin creature token with haste. Activate only as a sorcery.", "originalType": "Legendary Creature — Goblin Shaman", "power": "1", "printings": ["J22"], "purchaseUrls": {"cardmarket": "https://mtgjson.com/links/b8f4bb7fbeb1ea06", "tcgplayer": "https://mtgjson.com/links/8f266f27c8083507"}, "rarity": "rare", "securityStamp": "oval", "setCode": "J22", "sourceProducts": {"nonfoil": ["31fd15cb-48ac-52b8-8f3c-84968a601869"]}, "subtypes": ["Goblin", "Shaman"], "supertypes": ["Legendary"], "text": "Haste\nWhenever Ardoz, Cobbler of War or another creature you control enters, that creature gets +2/+0 until end of turn.\n{3}{R}: Create a 1/1 red Goblin creature token with haste. Activate only as a sorcery.", "toughness": "1", "type": "Legendary Creature — Goblin Shaman", "types": ["Creature"], "uuid": "30f58c9c-9270-5820-96a5-9312b563ecac"}, {"artist": "Forrest Imel", "artistIds": ["64fc383d-de34-4151-87d6-27b82e58086e"], "availability": ["paper"], "boosterTypes": ["default"], "borderColor": "black", "colorIdentity": ["R"], "colors": ["R"], "convertedManaCost": 3.0, "count": 1, "edhrecRank": 9288, "edhrecSaltiness": 0.15, "finishes": ["nonfoil"], "flavorText": "Its spark is worse than its bite.", "foreignData": [{"flavorText": "Sein Funke ist schlimmer als sein Biss.", "identifiers": {"multiverseId": "590212", "scryfallId": "b8b6dc5b-7b7a-41bf-816a-21799f2aee5a"}, "language": "German", "multiverseId": 590212, "name": "Blitzhund", "text": "Eile\nImmer wenn der Blitzhund angreift, erhalten andere Kreaturen, die du kontrollierst, +1/+0 bis zum Ende des Zuges.", "type": "Kreatur — Elementarwesen, Hund"}, {"flavorText": "Su chispazo es peor que su mordisco.", "identifiers": {"multiverseId": "590347", "scryfallId": "cc0b1663-7218-458a-81df-3475c88789e7"}, "language": "Spanish", "multiverseId": 590347, "name": "Perro relámpago", "text": "Prisa.\nSiempre que el Perro relámpago ataque, las otras criaturas que controlas obtienen +1/+0 hasta el final del turno.", "type": "Criatura — Perro elemental"}, {"flavorText": "Il crépite plus qu'il ne mord.", "identifiers": {"multiverseId": "590482", "scryfallId": "c2f9810d-fb17-4004-a1d7-24280f21a6c1"}, "language": "French", "multiverseId": 590482, "name": "Chien d'éclair", "text": "Célérité\nÀ chaque fois que le Chien d'éclair attaque, les autres créatures que vous contrôlez gagnent +1/+0 jusqu'à la fin du tour.", "type": "Créature : élémental et chien"}, {"flavorText": "La sua fiamma è ben peggiore del suo morso.", "identifiers": {"multiverseId": "590617", "scryfallId": "e792f096-d3a3-4309-8416-cbb6f4ca24bb"}, "language": "Italian", "multiverseId": 590617, "name": "Segugio Saetta", "text": "Rapidità\nOgniqualvolta il Segugio Saetta attacca, le altre creature che controlli prendono +1/+0 fino alla fine del turno.", "type": "Creatura — Canide Elementale"}, {"flavorText": "咬まれるよりも火花がまずい。", "identifiers": {"multiverseId": "590752", "scryfallId": "f089f8ed-6827-4514-a47e-ff5a7f2e32c7"}, "language": "Japanese", "multiverseId": 590752, "name": "雷光の猟犬", "text": "速攻\n雷光の猟犬が攻撃するたび、ターン終了時まで、あなたがコントロールしていてこれでないすべてのクリーチャーは＋１/＋０の修整を受ける。", "type": "クリーチャー — エレメンタル・犬"}, {"flavorText": "电光比利齿更为凶狠。", "identifiers": {"multiverseId": "591157", "scryfallId": "3c2b17c8-0aef-4d2e-841c-9aef039e86db"}, "language": "Chinese Simplified", "multiverseId": 591157, "name": "电闪猎犬", "text": "敏捷\n每当电闪猎犬攻击时，由你操控的其他生物得+1/+0直到回合结束。", "type": "生物 ～元素／狗"}], "frameVersion": "2015", "hasFoil": false, "hasNonFoil": true, "identifiers": {"cardsphereId": "96750", "mcmId": "686330", "mcmMetaId": "307009", "mtgjsonV4Id": "11b57224-5ca2-5f85-9807-fec24fa8069b", "multiverseId": "590077", "scryfallCardBackId": "0aeebaf5-8c7d-4636-9e82-8c27447861f7", "scryfallId": "3df5b536-6098-4352-8172-ec11d656d4a9", "scryfallIllustrationId": "c8001f55-2108-4f41-bfe9-ca353feb68f4", "scryfallOracleId": "60555f06-dc85-4a34-ae3c-fc1cdb923be7", "tcgplayerProductId": "450960"}, "isFoil": false, "isReprint": true, "keywords": ["Haste"], "language": "English", "layout": "normal", "legalities": {"brawl": "Legal", "commander": "Legal", "duel": "Legal", "explorer": "Legal", "gladiator": "Legal", "historic": "Legal", "legacy": "Legal", "modern": "Legal", "oathbreaker": "Legal", "paupercommander": "Restricted", "penny": "Legal", "pioneer": "Legal", "timeless": "Legal", "vintage": "Legal"}, "manaCost": "{2}{R}", "manaValue": 3.0, "name": "Bolt Hound", "number": "504", "originalText": "Haste\nWhenever Bolt Hound attacks, other creatures you control get +1/+0 until end of turn.", "originalType": "Creature — Elemental Dog", "power": "2", "printings": ["J22", "M21"], "purchaseUrls": {"cardmarket": "https://mtgjson.com/links/72f6e42a7e046a64", "tcgplayer": "https://mtgjson.com/links/1f03e790d07d1051"}, "rarity": "uncommon", "setCode": "J22", "sourceProducts": {"nonfoil": ["31fd15cb-48ac-52b8-8f3c-84968a601869"]}, "subtypes": ["Elemental", "Dog"], "supertypes": [], "text": "Haste (This creature can attack and {T} as soon as it comes under your control.)\nWhenever Bolt Hound attacks, other creatures you control get +1/+0 until end of turn.", "toughness": "2", "type": "Creature — Elemental Dog", "types": ["Creature"], "uuid": "72f41c70-b481-5cf9-949e-9b78d0c3e6f0"}, {"artist": "Wayne Reynolds", "artistIds": ["afc47cec-3ccc-404e-a8c6-4d83dd504271"], "availability": ["paper"], "boosterTypes": ["default"], "borderColor": "black", "colorIdentity": ["R"], "colors": ["R"], "convertedManaCost": 1.0, "count": 1, "edhrecRank": 9550, "finishes": ["nonfoil"], "flavorText": "\"The Brazen Coalition is a firecannon pointed at our enemies. Goblins like him are the spark to its powder.\"\n—Admiral Beckett Brass", "foreignData": [{"flavorText": "„Die Tollkühne Koalition ist die Feuerkanone, die wir auf unsere Gegner richten. Und Goblins wie er sind der Funke, der die Lunte entfacht.\"\n—Admiralin Beckett Tollkun", "identifiers": {"multiverseId": "590236", "scryfallId": "b1e2af4d-99b6-4279-be87-b451f8e0407e"}, "language": "German", "multiverseId": 590236, "name": "Fanatischer Hitzkopf", "text": "Eile\n{T}, opfere den Fanatischen Hitzkopf: Er fügt einem Ziel deiner Wahl 1 Schadenspunkt zu.", "type": "Kreatur — Goblin, Pirat"}, {"flavorText": "\"La Coalición Azófar es un cañón ígneo que apunta a nuestros enemigos. Los trasgos como él son la chispa de la pólvora\".\n—Almirante Beckett Azófar", "identifiers": {"multiverseId": "590371", "scryfallId": "68c3a24f-d03d-4890-9772-2b704ee9370c"}, "language": "Spanish", "multiverseId": 590371, "name": "Fanático flamígero", "text": "Prisa.\n{T}, sacrificar el Fanático flamígero: Hace 1 punto de daño a cualquier objetivo.", "type": "Criatura — Pirata trasgo"}, {"flavorText": "« La Coalition des hardis est un pyrocanon pointé sur nos ennemis. Les gobelins de son espèce mettent le feu aux poudres. »\n—Amirale Beckett Hardiesce", "identifiers": {"multiverseId": "590506", "scryfallId": "eea3c3c2-c9ef-4fb7-aa23-b77eae9c6331"}, "language": "French", "multiverseId": 590506, "name": "Brandon fanatique", "text": "Célérité\n{T}, sacrifiez le Brandon fanatique : Il inflige 1 blessure à n'importe quelle cible.", "type": "Créature : gobelin et pirate"}, {"flavorText": "\"L'Alleanza di Bronzo è una bocca di fuoco puntata sui nostri nemici. I goblin come lui sono la scintilla che ne innesca la miccia.\"\n—Ammiraglio Beckett Cuor di Bronzo", "identifiers": {"multiverseId": "590641", "scryfallId": "91f51be9-f7cc-46c6-8c9e-045f8c5a6680"}, "language": "Italian", "multiverseId": 590641, "name": "Aizzatore Fanatico", "text": "Rapidità\n{T}, Sacrifica l'Aizzatore Fanatico: Infligge 1 danno a un qualsiasi bersaglio.", "type": "Creatura — Pirata Goblin"}, {"flavorText": "「鉄面連合は敵に狙いを定めた火炎砲だ。ああいうゴブリンが、その火薬に火を付けるのさ。」\n――鉄面提督ベケット", "identifiers": {"multiverseId": "590776", "scryfallId": "7bfde9d6-43ae-473c-9956-9b1b070a1abc"}, "language": "Japanese", "multiverseId": 590776, "name": "狂信的扇動者", "text": "速攻\n{T}, 狂信的扇動者を生け贄に捧げる：クリーチャーやプレインズウォーカーやプレイヤーのうち１つを対象とする。これはそれに１点のダメージを与える。", "type": "クリーチャー — ゴブリン・海賊"}, {"flavorText": "「莽霸联盟是一门瞄准敌人的火炎炮。像他这样的鬼怪就是点燃火药的火花。」\n～贝克蒂霸司总帅", "identifiers": {"multiverseId": "591181", "scryfallId": "ce5b89fc-1f46-4ec8-9b45-46f06e7c717a"}, "language": "Chinese Simplified", "multiverseId": 591181, "name": "狂热惹事鬼", "text": "敏捷\n{T}，牺牲狂热惹事鬼：它对任意一个目标造成1点伤害。", "type": "生物 ～鬼怪／海盗"}], "frameVersion": "2015", "hasFoil": false, "hasNonFoil": true, "identifiers": {"cardsphereId": "96761", "mcmId": "686316", "mcmMetaId": "236139", "mtgjsonV4Id": "71c57fd9-40b3-5f6f-acca-03dcef42d588", "multiverseId": "590101", "scryfallCardBackId": "0aeebaf5-8c7d-4636-9e82-8c27447861f7", "scryfallId": "ff16d927-c8ed-4bb3-abfe-ae4f12571377", "scryfallIllustrationId": "8ddcd72a-7456-41b7-82e0-5a05dac856b9", "scryfallOracleId": "d36e11f1-6ab3-4273-8114-a8fbbe21c1c3", "tcgplayerProductId": "450965"}, "isFoil": false, "isReprint": true, "keywords": ["Haste"], "language": "English", "layout": "normal", "legalities": {"brawl": "Legal", "commander": "Legal", "duel": "Legal", "explorer": "Legal", "gladiator": "Legal", "historic": "Legal", "legacy": "Legal", "modern": "Legal", "oathbreaker": "Legal", "pauper": "Legal", "paupercommander": "Legal", "penny": "Legal", "pioneer": "Legal", "timeless": "Legal", "vintage": "Legal"}, "manaCost": "{R}", "manaValue": 1.0, "name": "Fanatical Firebrand", "number": "528", "originalText": "Haste\n{T}, Sacrifice Fanatical Firebrand: It deals 1 damage to any target.", "originalType": "Creature — Goblin Pirate", "power": "1", "printings": ["J22", "JMP", "RIX"], "purchaseUrls": {"cardmarket": "https://mtgjson.com/links/8cf615d1370019cc", "tcgplayer": "https://mtgjson.com/links/5f97276fde8bbd21"}, "rarity": "common", "setCode": "J22", "sourceProducts": {"nonfoil": ["31fd15cb-48ac-52b8-8f3c-84968a601869"]}, "subtypes": ["Goblin", "Pirate"], "supertypes": [], "text": "Haste\n{T}, Sacrifice Fanatical Firebrand: It deals 1 damage to any target.", "toughness": "1", "type": "Creature — Goblin Pirate", "types": ["Creature"], "uuid": "8a7e472d-0d9a-5de3-8444-e81c0ede5b40"}, {"artist": "Milivoj Ćeran", "artistIds": ["1eced451-4da5-42bc-b49d-70c41246581f"], "availability": ["paper"], "boosterTypes": ["default"], "borderColor": "black", "colorIdentity": ["R"], "colors": ["R"], "convertedManaCost": 3.0, "count": 1, "edhrecRank": 16367, "finishes": ["nonfoil"], "flavorText": "To some satyrs, only blasphemy is sacred.", "foreignData": [{"flavorText": "Einigen Satyrn ist nur die Blasphemie heilig.", "identifiers": {"multiverseId": "590268", "scryfallId": "3a22cd2c-17e5-40b0-9536-75dbefed9bb4"}, "language": "German", "multiverseId": 590268, "name": "Ehrfurchtslose Zecher", "text": "Wenn die Ehrfurchtslosen Zecher ins Spiel kommen, bestimme eines —\n• Zerstöre ein Artefakt deiner Wahl.\n• Die Ehrfurchtslosen Zecher erhalten Eile bis zum Ende des Zuges.", "type": "Kreatur — Satyr"}, {"flavorText": "Para algunos sátiros, lo único sagrado es la blasfemia.", "identifiers": {"multiverseId": "590403", "scryfallId": "cdbf063a-c1a5-4bf6-8b36-ca3778213f0b"}, "language": "Spanish", "multiverseId": 590403, "name": "Juerguistas irreverentes", "text": "Cuando los Juerguistas irreverentes entren al campo de batalla, elige uno:\n• Destruye el artefacto objetivo.\n• Los Juerguistas irreverentes ganan la habilidad de prisa hasta el final del turno.", "type": "Criatura — Sátiro"}, {"flavorText": "Pour certains satyres, seul le blasphème est sacré.", "identifiers": {"multiverseId": "590538", "scryfallId": "ba6ab5cd-1d8a-4c1f-a13d-ee3721db0a9f"}, "language": "French", "multiverseId": 590538, "name": "Fêtards irrévérencieux", "text": "Quand les Fêtards irrévérencieux arrivent sur le champ de bataille, choisissez l'un —\n• Détruisez un artefact ciblé.\n• Les Fêtards irrévérencieux acquièrent la célérité jusqu'à la fin du tour.", "type": "Créature : satyre"}, {"flavorText": "Per alcuni satiri, solo la blasfemia è sacra.", "identifiers": {"multiverseId": "590673", "scryfallId": "c7ce708e-15d0-42f0-a9e0-5518370f6aa1"}, "language": "Italian", "multiverseId": 590673, "name": "Dissoluti Irriverenti", "text": "Quando i Dissoluti Irriverenti entrano nel campo di battaglia, scegli uno —\n• Distruggi un artefatto bersaglio.\n• I Dissoluti Irriverenti hanno rapidità fino alla fine del turno.", "type": "Creatura — Satiro"}, {"flavorText": "一部のサテュロスにとっては、冒涜のみが神聖である。", "identifiers": {"multiverseId": "590808", "scryfallId": "a975c25e-7f62-4822-b2ca-62b1086c3b49"}, "language": "Japanese", "multiverseId": 590808, "name": "不遜な歓楽者", "text": "不遜な歓楽者が戦場に出たとき、以下から１つを選ぶ。\n• アーティファクト１つを対象とする。それを破壊する。\n• ターン終了時まで、不遜な歓楽者は速攻を得る。", "type": "クリーチャー — サテュロス"}, {"flavorText": "对部分羊蹄人而言，只有亵渎神明才是致敬。", "identifiers": {"multiverseId": "591213", "scryfallId": "c3f44f24-8492-4b51-aba6-0ea4d15a38fe"}, "language": "Chinese Simplified", "multiverseId": 591213, "name": "无拘狂欢人", "text": "当无拘狂欢人进战场时，选择一项～\n•消灭目标神器。\n•无拘狂欢人获得敏捷异能直到回合结束。", "type": "生物 ～羊蹄人"}], "frameVersion": "2015", "hasFoil": false, "hasNonFoil": true, "identifiers": {"cardsphereId": "96764", "mcmId": "686319", "mcmMetaId": "292319", "mtgjsonV4Id": "491c3241-8028-5580-b4a0-53bfdf7f491c", "multiverseId": "590133", "scryfallCardBackId": "0aeebaf5-8c7d-4636-9e82-8c27447861f7", "scryfallId": "55c5690c-7c11-4b04-9a50-9d3dc6aa8d49", "scryfallIllustrationId": "efe8a13d-18a0-40dd-a1d7-fd2b44387b4f", "scryfallOracleId": "05abc57a-839d-4376-986c-8e3855e34239", "tcgplayerProductId": "450968"}, "isFoil": false, "isReprint": true, "language": "English", "layout": "normal", "legalities": {"brawl": "Legal", "commander": "Legal", "duel": "Legal", "explorer": "Legal", "gladiator": "Legal", "historic": "Legal", "legacy": "Legal", "modern": "Legal", "oathbreaker": "Legal", "pauper": "Legal", "paupercommander": "Legal", "pioneer": "Legal", "timeless": "Legal", "vintage": "Legal"}, "manaCost": "{2}{R}", "manaValue": 3.0, "name": "Irreverent Revelers", "number": "560", "originalText": "When Irreverent Revelers enters the battlefield, choose one —\n• Destroy target artifact.\n• Irreverent Revelers gains haste until end of turn.", "originalType": "Creature — Satyr", "power": "2", "printings": ["J22", "THB"], "purchaseUrls": {"cardmarket": "https://mtgjson.com/links/a4f31df2d8dd366f", "tcgplayer": "https://mtgjson.com/links/6aef07dafcb91b52"}, "rarity": "common", "setCode": "J22", "sourceProducts": {"nonfoil": ["31fd15cb-48ac-52b8-8f3c-84968a601869"]}, "subtypes": ["Satyr"], "supertypes": [], "text": "When Irreverent Revelers enters, choose one —\n• Destroy target artifact.\n• Irreverent Revelers gains haste until end of turn.", "toughness": "2", "type": "Creature — Satyr", "types": ["Creature"], "uuid": "5581f555-c2e7-59ae-92b5-9226f2bcf566"}, {"artist": "Steve Ellis", "artistIds": ["39d8411c-2187-426c-8ad3-d4f688b22db1"], "availability": ["paper"], "boosterTypes": ["default"], "borderColor": "black", "colorIdentity": ["R"], "colors": ["R"], "convertedManaCost": 3.0, "count": 1, "edhrecRank": 18003, "finishes": ["nonfoil"], "flavorText": "The oil sloshes against his skull as he nears his destination: the Frogtosser Games and the lighting of the Flaming Boggart.", "foreignData": [{"flavorText": "Das Öl schwappt auf seinen Schädel, während er sich seinem Ziel nähert: dem Froschwerfer-Wettbewerb und dem Entzünden des flammenden Boggarts.", "identifiers": {"multiverseId": "590282", "scryfallId": "af7d1ee1-40ef-4c37-a0c9-543968e2c90b"}, "language": "German", "multiverseId": 590282, "name": "Schlammknopf-Fackelläufer", "text": "Wenn der Schlammknopf-Fackelläufer stirbt, fügt er einem Ziel deiner Wahl 3 Schadenspunkte zu.", "type": "Kreatur — Goblin, Krieger"}, {"flavorText": "El aceite golpea contra su cabeza mientras se acerca a su destino: los juegos de lanzamiento de rana y el encendido del Boggart llameante.", "identifiers": {"multiverseId": "590417", "scryfallId": "f41b5f24-8d2a-4005-bf55-83e5fd2a96ad"}, "language": "Spanish", "multiverseId": 590417, "name": "Antorchero de Botón Fangoso", "text": "Cuando el Antorchero de Botón Fangoso muera, hace 3 puntos de daño a cualquier objetivo.", "type": "Criatura — Guerrero trasgo"}, {"flavorText": "L'huile coule sur son crâne tandis qu'il approche de sa destination : l'ouverture des Jeux de lancer de grenouilles et l'allumage du Boggart de Feu.", "identifiers": {"multiverseId": "590552", "scryfallId": "bdf0d92f-650c-45e5-aa4f-6fd8640f9988"}, "language": "French", "multiverseId": 590552, "name": "Porteur de torche de Baugebouton", "text": "Quand le Porteur de torche de Baugebouton meurt, il inflige 3 blessures à n'importe quelle cible.", "type": "Créature : gobelin et guerrier"}, {"flavorText": "L'olio gli sciaborda sul cranio mentre si avvicina alla meta: i Giochi del Lancio della Rana e l'accensione del Boggart Infuocato.", "identifiers": {"multiverseId": "590687", "scryfallId": "ff0d78dc-870c-402a-baa8-98d666311314"}, "language": "Italian", "multiverseId": 590687, "name": "Tedoforo di Bottone Fangoso", "text": "Quando il Tedoforo di Bottone Fangoso muore, infligge 3 danni a un qualsiasi bersaglio.", "type": "Creatura — Guerriero Goblin"}, {"flavorText": "蛙投げ遊びと燃えボガートの点火という目的地に近づくにつれ、彼の頭の油はさらに波打った。", "identifiers": {"multiverseId": "590822", "scryfallId": "c896a8c9-de06-4a86-bb74-f5f071ec75f3"}, "language": "Japanese", "multiverseId": 590822, "name": "泥デコの松明走り", "text": "泥デコの松明走りが死亡したとき、クリーチャーやプレインズウォーカーやプレイヤーのうち１つを対象とする。これはそれに３点のダメージを与える。", "type": "クリーチャー — ゴブリン・戦士"}, {"flavorText": "油一滴滴溅在头颅上，他也逐渐接近最终点：掷蛙比赛与烧波尬火炬。", "identifiers": {"multiverseId": "591227", "scryfallId": "6f00e849-0a82-45be-8605-cfeaa6814bbb"}, "language": "Chinese Simplified", "multiverseId": 591227, "name": "泥钮炬跑者", "text": "当泥钮炬跑者死去时，它对任意一个目标造成3点伤害。", "type": "生物 ～鬼怪／战士"}], "frameVersion": "2015", "hasFoil": false, "hasNonFoil": true, "identifiers": {"cardsphereId": "96760", "mcmId": "686315", "mcmMetaId": "9297", "mtgjsonV4Id": "504a8c80-4945-5bb6-8494-59842329a35e", "multiverseId": "590147", "scryfallCardBackId": "0aeebaf5-8c7d-4636-9e82-8c27447861f7", "scryfallId": "d696b42b-02c7-4389-bc37-15fa1fa4f01b", "scryfallIllustrationId": "e6267915-cab8-4587-9bb4-4255a7629f46", "scryfallOracleId": "045b2b84-96bd-46fb-8aae-a33968e741c7", "tcgplayerProductId": "450967"}, "isFoil": false, "isReprint": true, "language": "English", "layout": "normal", "legalities": {"commander": "Legal", "duel": "Legal", "legacy": "Legal", "modern": "Legal", "oathbreaker": "Legal", "pauper": "Legal", "paupercommander": "Legal", "penny": "Legal", "predh": "Legal", "vintage": "Legal"}, "manaCost": "{2}{R}", "manaValue": 3.0, "name": "Mudbutton Torchrunner", "number": "574", "originalText": "When Mudbutton Torchrunner dies, it deals 3 damage to any target.", "originalType": "Creature — Goblin Warrior", "power": "1", "printings": ["DD1", "DDG", "EVG", "J22", "LRW", "MM3", "PC2", "PCA", "PS11"], "purchaseUrls": {"cardmarket": "https://mtgjson.com/links/90578406e60cb1a4", "tcgplayer": "https://mtgjson.com/links/03cd8bf6001b9f04"}, "rarity": "common", "setCode": "J22", "sourceProducts": {"nonfoil": ["31fd15cb-48ac-52b8-8f3c-84968a601869"]}, "subtypes": ["Goblin", "Warrior"], "supertypes": [], "text": "When Mudbutton Torchrunner dies, it deals 3 damage to any target.", "toughness": "1", "type": "Creature — Goblin Warrior", "types": ["Creature"], "uuid": "81a39997-ad84-57c7-b0a4-3302c973941e"}, {"artist": "Cynthia Sheppard", "artistIds": ["9dfbdd58-65e6-40cf-951a-80e141061939"], "availability": ["paper"], "boosterTypes": ["default"], "borderColor": "black", "colorIdentity": ["R"], "colors": ["R"], "convertedManaCost": 6.0, "count": 1, "edhrecRank": 23387, "edhrecSaltiness": 0.1, "finishes": ["nonfoil"], "flavorText": "\"What use is a stake or holy symbol in the hands of a coward?\"", "foreignData": [{"flavorText": "„In den Händen eines Feiglings sind auch ein Pflock und ein heiliges Symbol nutzlos.\"", "identifiers": {"multiverseId": "590281", "scryfallId": "77d224aa-e5c3-4d1b-b2cb-3c9a7462e819"}, "language": "German", "multiverseId": 590281, "name": "Markov-Kriegsfürst", "text": "Eile\nWenn der Markov-Kriegsfürst ins Spiel kommt, können bis zu zwei Kreaturen deiner Wahl in diesem Zug nicht blocken.", "type": "Kreatur — Vampir, Krieger"}, {"flavorText": "\"¿De qué sirven una estaca o un símbolo sagrado en las manos de un cobarde?\".", "identifiers": {"multiverseId": "590416", "scryfallId": "c1973781-afb1-4f28-9ea3-c061cec8f60a"}, "language": "Spanish", "multiverseId": 590416, "name": "Señor de la guerra Markov", "text": "Prisa.\nCuando el Señor de la guerra Markov entre al campo de batalla, hasta dos criaturas objetivo no pueden bloquear este turno.", "type": "Criatura — Guerrero vampiro"}, {"flavorText": "« Quelle peut être l'utilité d'un pieu ou d'un symbole sacré dans les mains d'un lâche ? »", "identifiers": {"multiverseId": "590551", "scryfallId": "e577ffab-9f19-4fa0-80f9-cdf45055a120"}, "language": "French", "multiverseId": 590551, "name": "Seigneur de guerre Markov", "text": "Célérité\nQuand le Seigneur de guerre Markov arrive sur le champ de bataille, jusqu'à deux créatures ciblées ne peuvent pas bloquer ce tour-ci.", "type": "Créature : vampire et guerrier"}, {"flavorText": "\"A cosa serve un bastone o un simbolo sacro in mano a un codardo?\"", "identifiers": {"multiverseId": "590686", "scryfallId": "37e17f14-bf80-4031-8074-9567f4deda0b"}, "language": "Italian", "multiverseId": 590686, "name": "Condottiero Markov", "text": "Rapidità\nQuando il Condottiero Markov entra nel campo di battaglia, fino a due creature bersaglio non possono bloccare in questo turno.", "type": "Creatura — Guerriero Vampiro"}, {"flavorText": "「臆病者の手の中の杭や聖印が何の役に立つ？」", "identifiers": {"multiverseId": "590821", "scryfallId": "94237547-f7c3-49f8-8550-85aab50b363e"}, "language": "Japanese", "multiverseId": 590821, "name": "マルコフの大将軍", "text": "速攻\nマルコフの大将軍が戦場に出たとき、クリーチャー最大２体を対象とする。このターン、それらではブロックできない。", "type": "クリーチャー — 吸血鬼・戦士"}, {"flavorText": "「木桩或圣符握在懦夫手上又有何用？」", "identifiers": {"multiverseId": "591226", "scryfallId": "7403bf7a-b173-4167-ad5c-cc0eb1e2cf5b"}, "language": "Chinese Simplified", "multiverseId": 591226, "name": "马可夫军头", "text": "敏捷\n当马可夫军头进战场时，至多两个目标生物本回合不能进行阻挡。", "type": "生物 ～吸血鬼／战士"}], "frameVersion": "2015", "hasFoil": false, "hasNonFoil": true, "identifiers": {"cardsphereId": "96762", "mcmId": "686323", "mcmMetaId": "204864", "mtgjsonV4Id": "6a772438-4fc0-5941-b384-1055779cbea3", "multiverseId": "590146", "scryfallCardBackId": "0aeebaf5-8c7d-4636-9e82-8c27447861f7", "scryfallId": "3659dccd-7b20-4807-9cd9-fa869c75f260", "scryfallIllustrationId": "478c8764-2b80-4d16-ac50-ad5dd23cb09b", "scryfallOracleId": "2279005d-5434-49ce-b16a-212759c5775a", "tcgplayerProductId": "450962"}, "isFoil": false, "isReprint": true, "keywords": ["Haste"], "language": "English", "layout": "normal", "legalities": {"commander": "Legal", "duel": "Legal", "legacy": "Legal", "modern": "Legal", "oathbreaker": "Legal", "paupercommander": "Restricted", "penny": "Legal", "vintage": "Legal"}, "manaCost": "{5}{R}", "manaValue": 6.0, "name": "Markov Warlord", "number": "573", "originalText": "Haste\nWhen Markov Warlord enters the battlefield, up to two target creatures can't block this turn.", "originalType": "Creature — Vampire Warrior", "power": "4", "printings": ["DKA", "J22"], "purchaseUrls": {"cardmarket": "https://mtgjson.com/links/5ff3ff9406e88f30", "tcgplayer": "https://mtgjson.com/links/45a6fa712bed8206"}, "rarity": "uncommon", "rulings": [{"date": "2011-01-22", "text": "The creatures can't block any creatures that turn, not just Markov Warlord."}, {"date": "2011-01-22", "text": "You may target zero, one, or two creatures with Markov Warlord's \"enters\" triggered ability."}], "setCode": "J22", "sourceProducts": {"nonfoil": ["31fd15cb-48ac-52b8-8f3c-84968a601869"]}, "subtypes": ["Vampire", "Warrior"], "supertypes": [], "text": "Haste\nWhen Markov Warlord enters, up to two target creatures can't block this turn.", "toughness": "4", "type": "Creature — Vampire Warrior", "types": ["Creature"], "uuid": "9d7f91a4-fb78-585f-b3e2-b9af8a3d7237"}, {"artist": "Jonathan Kuo", "artistIds": ["babb75bd-4c75-4b13-ad61-c34597ab79ff"], "availability": ["paper"], "boosterTypes": ["default"], "borderColor": "black", "colorIdentity": ["R"], "colors": ["R"], "convertedManaCost": 2.0, "count": 1, "edhrecRank": 18470, "finishes": ["nonfoil"], "flavorText": "\"These sailors on our shores are like the dinosaurs that plunder eggs from nests. They live on the labors of others.\"\n—Itzama the Crested", "foreignData": [{"flavorText": "„Diese Eindringlinge an unseren Küsten sind wie Dinosaurier, die Eier aus Nestern rauben. Sie leben vom Tagewerk anderer.\"\n—Itzama Knochenhaupt", "identifiers": {"multiverseId": "590284", "scryfallId": "dd06d88e-6544-419b-871c-3d62440e5806"}, "language": "German", "multiverseId": 590284, "name": "Nesträuber", "text": "Eile", "type": "Kreatur — Dinosaurier"}, {"flavorText": "\"Estos marineros en nuestras costas son como los dinosaurios que roban huevos de otros nidos. Viven gracias a los frutos de otros\".\n—Itzama, la Crestada", "identifiers": {"multiverseId": "590419", "scryfallId": "cfb6bbf9-f08b-4e26-a529-81ffa9d1f24a"}, "language": "Spanish", "multiverseId": 590419, "name": "Ladrón de nidos", "text": "Prisa.", "type": "Criatura — Dinosaurio"}, {"flavorText": "« Ces marins agissent sur nos rivages comme les dinosaures qui volent des œufs dans des nids. Ils vivent au détriment des autres. »\n—Itzama la crêtée", "identifiers": {"multiverseId": "590554", "scryfallId": "8794f332-0a29-42f6-a5bd-cfcbbe1c2572"}, "language": "French", "multiverseId": 590554, "name": "Voleur de nid", "text": "Célérité", "type": "Créature : dinosaure"}, {"flavorText": "\"Questi naviganti sulle nostre coste sono come i dinosauri che rubano le uova dai nidi: vivono delle fatiche altrui.\"\n—Itzama dalla Cresta", "identifiers": {"multiverseId": "590689", "scryfallId": "be2f52f4-422a-4290-bb16-d624076f35e0"}, "language": "Italian", "multiverseId": 590689, "name": "Ladro dei Nidi", "text": "Rapidità", "type": "Creatura — Dinosauro"}, {"flavorText": "「あの岸にいる水夫どもは巣から卵を盗む恐竜と同じだ。他者を搾取して生きているのだ。」\n――冠羽のイザマ", "identifiers": {"multiverseId": "590824", "scryfallId": "46478f4f-9c23-4ab8-935b-ecb1ad848374"}, "language": "Japanese", "multiverseId": 590824, "name": "巣荒らし", "text": "速攻", "type": "クリーチャー — 恐竜"}, {"flavorText": "「岸上这些水手跟从巢穴中偷蛋的恐龙没有什么分别。都是靠他人的劳动成果为生。」\n～冠盔伊札玛", "identifiers": {"multiverseId": "591229", "scryfallId": "92352aba-e5fb-43f0-9f0c-73fe9458577d"}, "language": "Chinese Simplified", "multiverseId": 591229, "name": "劫巢恐龙", "text": "敏捷", "type": "生物 ～恐龙"}], "frameVersion": "2015", "hasFoil": false, "hasNonFoil": true, "identifiers": {"cardsphereId": "96759", "mcmId": "686333", "mcmMetaId": "227025", "mtgjsonV4Id": "5683983e-a252-56cd-9e1e-a642c55383f9", "multiverseId": "590149", "scryfallCardBackId": "0aeebaf5-8c7d-4636-9e82-8c27447861f7", "scryfallId": "3135dfde-ad52-4b93-9356-107d0efad93c", "scryfallIllustrationId": "52bed025-682f-4bce-821f-0dfdd90d696b", "scryfallOracleId": "b909ff27-423f-4e84-887b-7840149a85be", "tcgplayerProductId": "450966"}, "isFoil": false, "isReprint": true, "keywords": ["Haste"], "language": "English", "layout": "normal", "legalities": {"alchemy": "Legal", "brawl": "Legal", "commander": "Legal", "duel": "Legal", "explorer": "Legal", "gladiator": "Legal", "historic": "Legal", "legacy": "Legal", "modern": "Legal", "oathbreaker": "Legal", "pauper": "Legal", "paupercommander": "Legal", "penny": "Legal", "pioneer": "Legal", "timeless": "Legal", "vintage": "Legal"}, "manaCost": "{1}{R}", "manaValue": 2.0, "name": "Nest Robber", "number": "576", "originalText": "Haste", "originalType": "Creature — Dinosaur", "power": "2", "printings": ["ANB", "J22", "XLN"], "purchaseUrls": {"cardmarket": "https://mtgjson.com/links/d1c759a0c2324525", "tcgplayer": "https://mtgjson.com/links/28e312c76e2c55b8"}, "rarity": "common", "setCode": "J22", "sourceProducts": {"nonfoil": ["31fd15cb-48ac-52b8-8f3c-84968a601869"]}, "subtypes": ["Dinosaur"], "supertypes": [], "text": "Haste", "toughness": "1", "type": "Creature — Dinosaur", "types": ["Creature"], "uuid": "e895a570-738e-529f-8e2c-eace9aeb307d"}, {"artist": "Daarken", "artistIds": ["e607a0d4-fc12-4c01-9e3f-501f5269b9cb"], "availability": ["paper"], "boosterTypes": ["default"], "borderColor": "black", "colorIdentity": ["R"], "colors": ["R"], "convertedManaCost": 4.0, "count": 1, "edhrecRank": 12988, "finishes": ["nonfoil"], "flavorText": "War begins with one red ember.", "foreignData": [{"flavorText": "Ein einziger Funke kann einen Krieg entzünden.", "identifiers": {"multiverseId": "590329", "scryfallId": "53f91fd4-4f5e-4c9b-a665-cb1be1734877"}, "language": "German", "multiverseId": 590329, "name": "Kriegsschrei-Phoenix", "text": "Fliegend, Eile\nImmer wenn du mit drei oder mehr Kreaturen angreifst, kannst du {2}{R} bezahlen. Falls du dies tust, bringe den Kriegsschrei-Phoenix aus deinem Friedhof getappt und angreifend ins Spiel zurück.", "type": "Kreatur — Phoenix"}, {"flavorText": "La guerra comienza con una sola ascua roja.", "identifiers": {"multiverseId": "590464", "scryfallId": "952c8623-b619-4ebf-ba6d-a359f049c09d"}, "language": "Spanish", "multiverseId": 590464, "name": "Fénix grito de guerra", "text": "Vuela, prisa.\nSiempre que ataques con tres o más criaturas, puedes pagar {2}{R}. Si lo haces, regresa el Fénix grito de guerra de tu cementerio al campo de batalla girado y atacando.", "type": "Criatura — Fénix"}, {"flavorText": "La guerre commence avec un charbon ardent.", "identifiers": {"multiverseId": "590599", "scryfallId": "4e903753-0435-4456-804d-71f35d394981"}, "language": "French", "multiverseId": 590599, "name": "Phénix au cri de guerre", "text": "Vol, célérité\nÀ chaque fois que vous attaquez avec au moins trois créatures, vous pouvez payer {2}{R}. Si vous faites ainsi, renvoyez le Phénix au cri de guerre sur le champ de bataille, engagé et attaquant, depuis votre cimetière.", "type": "Créature : phénix"}, {"flavorText": "La guerra divampa con un tizzone ardente.", "identifiers": {"multiverseId": "590734", "scryfallId": "ab26579f-980a-457b-aeb3-d49f6a61fec0"}, "language": "Italian", "multiverseId": 590734, "name": "Fenice del Grido di Guerra", "text": "Volare, rapidità\nOgniqualvolta attacchi con tre o più creature, puoi pagare {2}{R}. Se lo fai, rimetti sul campo di battaglia la Fenice del Grido di Guerra TAPpata e attaccante dal tuo cimitero.", "type": "Creatura — Fenice"}, {"flavorText": "戦争は一つの赤い燃えさしから始まる。", "identifiers": {"multiverseId": "590869", "scryfallId": "bd55d71e-c855-4ef3-8f15-aa3e3a283f99"}, "language": "Japanese", "multiverseId": 590869, "name": "喊声のフェニックス", "text": "飛行、速攻\nあなたが３体以上のクリーチャーで攻撃するたび、あなたは{2}{R}を支払ってもよい。そうしたなら、あなたの墓地にある喊声のフェニックスをタップ状態かつ攻撃している状態で戦場に戻す。", "type": "クリーチャー — フェニックス"}, {"flavorText": "一处红色烬火点燃了战争。", "identifiers": {"multiverseId": "591274", "scryfallId": "2c303ea6-9331-484f-8e85-25a880f57d4e"}, "language": "Chinese Simplified", "multiverseId": 591274, "name": "战嚎凤凰", "text": "飞行，敏捷\n每当你以三个或更多生物攻击时，你可以支付{2}{R}。若你如此作，则将战嚎凤凰从你的坟墓场横置移回战场且正进行攻击。", "type": "生物 ～凤凰"}], "frameVersion": "2015", "hasFoil": false, "hasNonFoil": true, "identifiers": {"cardsphereId": "96756", "mcmId": "686309", "mcmMetaId": "239503", "mtgjsonV4Id": "0eb44258-09f6-52c3-8aeb-bfc30ba8b7a0", "multiverseId": "590194", "scryfallCardBackId": "0aeebaf5-8c7d-4636-9e82-8c27447861f7", "scryfallId": "3824c432-38c2-40cc-a371-ba797dd963e4", "scryfallIllustrationId": "91f27629-c717-4597-aefd-a4143f9d0e19", "scryfallOracleId": "5297f646-8235-47da-a290-a6883b374977", "tcgplayerProductId": "450961"}, "isFoil": false, "isReprint": true, "keywords": ["Flying", "Haste"], "language": "English", "layout": "normal", "legalities": {"brawl": "Legal", "commander": "Legal", "duel": "Legal", "explorer": "Legal", "gladiator": "Legal", "historic": "Legal", "legacy": "Legal", "modern": "Legal", "oathbreaker": "Legal", "paupercommander": "Restricted", "penny": "Legal", "pioneer": "Legal", "timeless": "Legal", "vintage": "Legal"}, "manaCost": "{3}{R}", "manaValue": 4.0, "name": "Warcry Phoenix", "number": "621", "originalText": "Flying, haste\nWhenever you attack with three or more creatures, you may pay {2}{R}. If you do, return Warcry Phoenix from your graveyard to the battlefield tapped and attacking.", "originalType": "Creature — Phoenix", "power": "2", "printings": ["DOM", "J22"], "purchaseUrls": {"cardmarket": "https://mtgjson.com/links/55b0758595d56ce7", "tcgplayer": "https://mtgjson.com/links/8d47a944ac6dd863"}, "rarity": "uncommon", "rulings": [{"date": "2018-04-27", "text": "As Warcry Phoenix returns to the battlefield because of its triggered ability, you choose which opponent or opposing planeswalker it’s attacking. It doesn’t have to attack the same opponent or opposing planeswalker as your other attacking creatures."}, {"date": "2018-04-27", "text": "If Warcry Phoenix enters the battlefield attacking, it wasn’t declared as an attacking creature that turn. Abilities that trigger when a creature attacks won’t trigger."}], "setCode": "J22", "sourceProducts": {"nonfoil": ["31fd15cb-48ac-52b8-8f3c-84968a601869"]}, "subtypes": ["Phoenix"], "supertypes": [], "text": "Flying, haste\nWhenever you attack with three or more creatures, you may pay {2}{R}. If you do, return Warcry Phoenix from your graveyard to the battlefield tapped and attacking.", "toughness": "2", "type": "Creature — Phoenix", "types": ["Creature"], "uuid": "47230f93-9854-59d2-92bc-0f3ae9c06b78"}, {"artist": "Paolo Parente", "artistIds": ["d48dd097-720d-476a-8722-6a02854ae28b"], "availability": ["paper"], "boosterTypes": ["default"], "borderColor": "black", "colorIdentity": ["R"], "colors": ["R"], "convertedManaCost": 2.0, "count": 1, "edhrecRank": 18992, "finishes": ["nonfoil"], "foreignData": [{"identifiers": {"multiverseId": "590238", "scryfallId": "dc036835-f9da-456f-9953-04d4a0718a42"}, "language": "German", "multiverseId": 590238, "name": "Feuriges Ende", "text": "Opfere eine Kreatur als zusätzliche Kosten, um diesen Zauberspruch zu wirken.\nFeuriges Ende fügt einer Kreatur deiner Wahl 5 Schadenspunkte zu.", "type": "Spontanzauber"}, {"identifiers": {"multiverseId": "590373", "scryfallId": "12d6e595-729e-424b-be0c-0cff647ad21a"}, "language": "Spanish", "multiverseId": 590373, "name": "Conclusión ardiente", "text": "Como coste adicional para lanzar este hechizo, sacrifica una criatura.\nLa Conclusión ardiente hace 5 puntos de daño a la criatura objetivo.", "type": "Instantáneo"}, {"identifiers": {"multiverseId": "590508", "scryfallId": "5447e57d-bb32-44aa-82aa-3228c1c74b64"}, "language": "French", "multiverseId": 590508, "name": "Conclusion ardente", "text": "En tant que coût supplémentaire pour lancer ce sort, sacrifiez une créature.\nLa Conclusion ardente inflige 5 blessures à une créature ciblée.", "type": "Éphémère"}, {"identifiers": {"multiverseId": "590643", "scryfallId": "cec03614-3f7f-4c76-a2d4-55f9e5e79f62"}, "language": "Italian", "multiverseId": 590643, "name": "Esito Ardente", "text": "Come costo addizionale per lanciare questa magia, sacrifica una creatura.\nL'Esito Ardente infligge 5 danni a una creatura bersaglio.", "type": "Istantaneo"}, {"identifiers": {"multiverseId": "590778", "scryfallId": "a3b90404-90b4-436d-8322-7aabb2046776"}, "language": "Japanese", "multiverseId": 590778, "name": "焦熱の結末", "text": "この呪文を唱えるための追加コストとして、クリーチャー１体を生け贄に捧げる。\nクリーチャー１体を対象とする。焦熱の結末はそれに５点のダメージを与える。", "type": "インスタント"}, {"identifiers": {"multiverseId": "591183", "scryfallId": "55590998-73ae-4a6e-bcff-8f4321480d22"}, "language": "Chinese Simplified", "multiverseId": 591183, "name": "暴烈终局", "text": "牺牲一个生物，以作为施放此咒语的额外费用。\n暴烈终局对目标生物造成5点伤害。", "type": "瞬间"}], "frameVersion": "2015", "hasFoil": false, "hasNonFoil": true, "identifiers": {"cardsphereId": "96763", "mcmId": "686306", "mcmMetaId": "7958", "mtgjsonV4Id": "8dbd3ae3-d609-56ef-b231-7583d44faa7b", "multiverseId": "590103", "scryfallCardBackId": "0aeebaf5-8c7d-4636-9e82-8c27447861f7", "scryfallId": "32aef50c-2d73-49a9-8458-0d7c2dc3e658", "scryfallIllustrationId": "f413cefe-61c7-44b3-aed6-fd17fe594e84", "scryfallOracleId": "91af3c81-615a-4b89-acf2-34c72001ebbd", "tcgplayerProductId": "450964"}, "isFoil": false, "isReprint": true, "language": "English", "layout": "normal", "legalities": {"commander": "Legal", "duel": "Legal", "legacy": "Legal", "modern": "Legal", "oathbreaker": "Legal", "pauper": "Legal", "paupercommander": "Legal", "penny": "Legal", "pioneer": "Legal", "predh": "Legal", "vintage": "Legal"}, "manaCost": "{1}{R}", "manaValue": 2.0, "name": "Fiery Conclusion", "number": "530", "originalText": "As an additional cost to cast this spell, sacrifice a creature.\nFiery Conclusion deals 5 damage to target creature.", "originalType": "Instant", "printings": ["J22", "ORI", "PC2", "PCA", "RAV"], "purchaseUrls": {"cardmarket": "https://mtgjson.com/links/bf1b98396af5d606", "tcgplayer": "https://mtgjson.com/links/51326c6ce185f860"}, "rarity": "uncommon", "rulings": [{"date": "2013-04-15", "text": "Players can only respond once this spell has been cast and all its costs have been paid. No one can try to destroy the creature you sacrificed to prevent you from casting this spell."}, {"date": "2013-04-15", "text": "You must sacrifice exactly one creature to cast this spell; you cannot cast it without sacrificing a creature, and you cannot sacrifice additional creatures."}], "setCode": "J22", "sourceProducts": {"nonfoil": ["31fd15cb-48ac-52b8-8f3c-84968a601869"]}, "subtypes": [], "supertypes": [], "text": "As an additional cost to cast this spell, sacrifice a creature.\nFiery Conclusion deals 5 damage to target creature.", "type": "Instant", "types": ["Instant"], "uuid": "8b012952-355d-56dc-b6ae-93bafd4c44d0"}, {"artist": "Chris Rallis", "artistIds": ["a8e7b854-b15a-421a-b66d-6e68187ae285"], "availability": ["paper"], "boosterTypes": ["default"], "borderColor": "black", "colorIdentity": ["R"], "colors": ["R"], "convertedManaCost": 1.0, "count": 1, "edhrecRank": 10527, "finishes": ["nonfoil"], "flavorText": "Scarecrows only go so far in sending the message to stay away.", "foreignData": [{"flavorText": "Manchmal bedarf es mehr als einer Vogelscheuche, um jemandem klarzumachen,\ndass er sich fernhalten soll.", "identifiers": {"multiverseId": "590300", "scryfallId": "8d9f9144-b717-4ef5-9323-7fca9b554e05"}, "language": "German", "multiverseId": 590300, "name": "Adrenalinschub", "text": "Eine Kreatur deiner Wahl erhält +2/+1 und verursacht Trampelschaden bis zum Ende des Zuges.", "type": "Spontanzauber"}, {"flavorText": "Los espantapájaros solo transmiten hasta cierto punto\nel mensaje de no acercarse.", "identifiers": {"multiverseId": "590435", "scryfallId": "5fde81d1-54dc-4605-9af7-2930684d47d3"}, "language": "Spanish", "multiverseId": 590435, "name": "Torrente de adrenalina", "text": "La criatura objetivo obtiene +2/+1 y gana la habilidad de arrollar hasta el final del turno.", "type": "Instantáneo"}, {"flavorText": "Les épouvantails ne peuvent pas empêcher tout le\nmonde de passer.", "identifiers": {"multiverseId": "590570", "scryfallId": "20fafce0-7dd8-4aec-9b48-db30d9832f84"}, "language": "French", "multiverseId": 590570, "name": "Afflux d'adrénaline", "text": "Une créature ciblée gagne +2/+1 et acquiert le piétinement jusqu'à la fin du tour.", "type": "Éphémère"}, {"flavorText": "Non sempre gli spaventapasseri riescono\na tenere alla larga gli intrusi.", "identifiers": {"multiverseId": "590705", "scryfallId": "3f0ff097-b1f8-4a2f-b1f1-53ed03f305dc"}, "language": "Italian", "multiverseId": 590705, "name": "Ondata di Adrenalina", "text": "Una creatura bersaglio prende +2/+1 e ha travolgere fino alla fine del turno.", "type": "Istantaneo"}, {"flavorText": "カカシができる仕事は近づくなというメッセージを送ることだけだ。", "identifiers": {"multiverseId": "590840", "scryfallId": "7050238e-892d-4011-8674-59a7d147be47"}, "language": "Japanese", "multiverseId": 590840, "name": "アドレナリン作用", "text": "クリーチャー１体を対象とする。ターン終了時まで、それは＋２/＋１の修整を受けトランプルを得る。", "type": "インスタント"}, {"flavorText": "稻草人最多只能警示\n「请速离」。", "identifiers": {"multiverseId": "591245", "scryfallId": "9130de19-b6a2-4334-ad6b-4cd668a6ec53"}, "language": "Chinese Simplified", "multiverseId": 591245, "name": "应激冲动", "text": "直到回合结束，目标生物得+2/+1且获得践踏异能。", "type": "瞬间"}], "frameVersion": "2015", "hasFoil": false, "hasNonFoil": true, "identifiers": {"cardsphereId": "96758", "mcmId": "686332", "mcmMetaId": "222319", "mtgjsonV4Id": "022ebf27-edbd-5db5-aaf4-9a2dd76cd008", "multiverseId": "590165", "scryfallCardBackId": "0aeebaf5-8c7d-4636-9e82-8c27447861f7", "scryfallId": "6d8b5383-f4cf-45e7-aefc-7f3a42748a8e", "scryfallIllustrationId": "c074f182-7fb2-4133-9fe0-e4254a8a148a", "scryfallOracleId": "ec9975f4-dfff-4b72-9da8-8f2025f0524a", "tcgplayerProductId": "450969"}, "isFoil": false, "isReprint": true, "language": "English", "layout": "normal", "legalities": {"brawl": "Legal", "commander": "Legal", "duel": "Legal", "explorer": "Legal", "gladiator": "Legal", "historic": "Legal", "legacy": "Legal", "modern": "Legal", "oathbreaker": "Legal", "pauper": "Legal", "paupercommander": "Legal", "penny": "Legal", "pioneer": "Legal", "timeless": "Legal", "vintage": "Legal"}, "manaCost": "{R}", "manaValue": 1.0, "name": "Rush of Adrenaline", "number": "592", "originalText": "Target creature gets +2/+1 and gains trample until end of turn.", "originalType": "Instant", "printings": ["E02", "J22", "PLST", "SIR", "SOI"], "purchaseUrls": {"cardmarket": "https://mtgjson.com/links/cf097d3a1962946f", "tcgplayer": "https://mtgjson.com/links/7df5c87781329d84"}, "rarity": "common", "setCode": "J22", "sourceProducts": {"nonfoil": ["31fd15cb-48ac-52b8-8f3c-84968a601869"]}, "subtypes": [], "supertypes": [], "text": "Target creature gets +2/+1 and gains trample until end of turn.", "type": "Instant", "types": ["Instant"], "uuid": "290ea9a8-9c2e-5d24-9d70-9a0cc3a57f29"}, {"artist": "Mathias Kollros", "artistIds": ["2ae0dd12-047c-4efb-80d7-bccc3bac5fba"], "availability": ["paper"], "boosterTypes": ["default"], "borderColor": "black", "colorIdentity": ["R"], "colors": ["R"], "convertedManaCost": 4.0, "count": 1, "edhrecRank": 22150, "edhrecSaltiness": 0.16, "finishes": ["nonfoil"], "flavorText": "Shintan sensed the malice in his opponent, but he did not strike until the orc's muscles tensed in preparation to throw the first punch.", "foreignData": [{"flavorText": "Shintan spürte die Bosheit in seinem Gegner, doch er schlug nicht zu, bis er sah, wie der Ork seine Muskeln für den Angriff anspannte.", "identifiers": {"multiverseId": "590320", "scryfallId": "4a9fad47-8b47-4cb8-be92-b86fae3d731b"}, "language": "German", "multiverseId": 590320, "name": "Flinker Tritt", "text": "Eine Kreatur deiner Wahl, die du kontrollierst, erhält +1/+0 bis zum Ende des Zuges. Sie kämpft gegen eine Kreatur deiner Wahl, die du nicht kontrollierst. (Jede fügt der anderen Schadenspunkte in Höhe ihrer Stärke zu.)", "type": "Spontanzauber"}, {"flavorText": "Shintan presintió la malicia en su oponente, pero no atacó hasta que los músculos del orco se tensaron para prepararse a lanzar el primer puñetazo.", "identifiers": {"multiverseId": "590455", "scryfallId": "592b2c33-f1b0-4867-a5d9-3965d5cce24a"}, "language": "Spanish", "multiverseId": 590455, "name": "Patada repentina", "text": "La criatura objetivo que controlas obtiene +1/+0 hasta el final del turno. Esa criatura lucha contra la criatura objetivo que no controlas. (Cada una hace un daño igual a su fuerza a la otra.)", "type": "Instantáneo"}, {"flavorText": "Shintan perçut la malveillance émanant de son adversaire, mais ne le frappa qu'à l'instant où il vit les muscles de l'orque se contracter pour porter le premier coup.", "identifiers": {"multiverseId": "590590", "scryfallId": "06be28b3-4ab3-40c6-a657-5a81a559c0e7"}, "language": "French", "multiverseId": 590590, "name": "Coup de pied imparable", "text": "Une créature ciblée que vous contrôlez gagne +1/+0 jusqu'à la fin du tour. Elle se bat contre une créature ciblée que vous ne contrôlez pas. (Chacune inflige un nombre de blessures égal à sa force à l'autre.)", "type": "Éphémère"}, {"flavorText": "Shintan percepì l'odio nel suo avversario, ma non colpì finché i muscoli dell'orco non si tesero per preparare il primo pugno.", "identifiers": {"multiverseId": "590725", "scryfallId": "7985a41a-480e-4377-8d37-bee2aa8281cc"}, "language": "Italian", "multiverseId": 590725, "name": "Calcio Repentino", "text": "Una creatura bersaglio che controlli prende +1/+0 fino alla fine del turno. Lotta con una creatura bersaglio che non controlli. (Ogni creatura infligge all'altra danno pari alla propria forza.)", "type": "Istantaneo"}, {"flavorText": "シンタンは対戦相手のオークから発する邪気に気付いていたが、相手が先制のパンチを放つべくその筋肉が張り詰めるまで攻撃をするのは控えた。", "identifiers": {"multiverseId": "590860", "scryfallId": "81fd9183-39e6-472d-a9de-6b6cc44b02e6"}, "language": "Japanese", "multiverseId": 590860, "name": "素早い蹴り", "text": "あなたがコントロールしているクリーチャー１体と、あなたがコントロールしていないクリーチャー１体を対象とする。ターン終了時まで、その前者は＋１/＋０の修整を受ける。その前者はその後者と格闘を行う。（それぞれはもう一方に自身のパワーに等しい点数のダメージを与える。）", "type": "インスタント"}, {"flavorText": "辛坦感觉到了对手的恶意，但直到这个半兽人肌肉紧绷准备挥出第一拳时，他才发动了攻击。", "identifiers": {"multiverseId": "591265", "scryfallId": "4a237e26-2416-4762-8955-dc3c7a07f6f5"}, "language": "Chinese Simplified", "multiverseId": 591265, "name": "旋风腿", "text": "目标由你操控的生物得+1/+0直到回合结束。它与目标不由你操控的生物互斗。（它们各向对方造成等同于本身力量的伤害。）", "type": "瞬间"}], "frameVersion": "2015", "hasFoil": false, "hasNonFoil": true, "identifiers": {"cardsphereId": "96757", "mcmId": "686331", "mcmMetaId": "210374", "mtgjsonV4Id": "5e5afe65-4505-54c2-9d0f-4c0ae1174851", "multiverseId": "590185", "scryfallCardBackId": "0aeebaf5-8c7d-4636-9e82-8c27447861f7", "scryfallId": "9d1a9476-83bf-42a5-8194-b3681e3c95e8", "scryfallIllustrationId": "13e556eb-2f13-4d97-b5e3-c1551036244d", "scryfallOracleId": "8c54fd75-e89f-490e-90dd-788f22b6e316", "tcgplayerProductId": "450970"}, "isFoil": false, "isReprint": true, "keywords": ["Fight"], "language": "English", "layout": "normal", "legalities": {"brawl": "Legal", "commander": "Legal", "duel": "Legal", "explorer": "Legal", "gladiator": "Legal", "historic": "Legal", "legacy": "Legal", "modern": "Legal", "oathbreaker": "Legal", "pauper": "Legal", "paupercommander": "Legal", "penny": "Legal", "pioneer": "Legal", "timeless": "Legal", "vintage": "Legal"}, "manaCost": "{3}{R}", "manaValue": 4.0, "name": "Swift Kick", "number": "612", "originalText": "Target creature you control gets +1/+0 until end of turn. It fights target creature you don't control. (Each deals damage equal to its power to the other.)", "originalType": "Instant", "printings": ["J22", "KTK", "PLST"], "purchaseUrls": {"cardmarket": "https://mtgjson.com/links/13dcbd7b32e4d941", "tcgplayer": "https://mtgjson.com/links/2c11431c95097cf3"}, "rarity": "common", "rulings": [{"date": "2014-09-20", "text": "If either target is an illegal target when Swift Kick tries to resolve, neither creature will deal or be dealt damage."}, {"date": "2014-09-20", "text": "If just the creature you control is an illegal target when Swift Kick tries to resolve, it won’t get +1/+0 until end of turn. If the creature you control is a legal target but the creature you don’t control isn’t, the creature you control will get +1/+0 until end of turn."}, {"date": "2014-09-20", "text": "You can’t cast Swift Kick unless you target both a creature you control and a creature you don’t control."}], "setCode": "J22", "sourceProducts": {"nonfoil": ["31fd15cb-48ac-52b8-8f3c-84968a601869"]}, "subtypes": [], "supertypes": [], "text": "Target creature you control gets +1/+0 until end of turn. It fights target creature you don't control.", "type": "Instant", "types": ["Instant"], "uuid": "0fefbff6-c4a3-5a3d-b4c0-acac489a09fc"}, {"artist": "Johannes Voss", "artistIds": ["3593dd7e-c547-4a32-81cd-7da725f60118"], "availability": ["paper"], "boosterTypes": ["default"], "borderColor": "black", "colorIdentity": ["R"], "colors": [], "convertedManaCost": 0.0, "count": 1, "edhrecRank": 1369, "edhrecSaltiness": 0.03, "finishes": ["nonfoil"], "flavorText": "As eons passed, the rock wore away, revealing the rich colors at the mountain's heart.", "foreignData": [{"flavorText": "Im Laufe der Äonen wurde der Fels abgetragen, sodass die satten Farben im Herzen des Gebirges sichtbar wurden.", "identifiers": {"multiverseId": "596326", "scryfallId": "cf0c39fa-6d7a-45a5-86be-a755bed1f4d3"}, "language": "German", "multiverseId": 596326, "name": "Gedeihende Felsklippe", "text": "Die Gedeihende Felsklippe kommt getappt ins Spiel.\nSowie die Gedeihende Felsklippe ins Spiel kommt, bestimme eine Farbe außer Rot.\n{T}: Erzeuge {R} oder ein Mana der bestimmten Farbe.", "type": "Land"}, {"flavorText": "A medida que pasaban los siglos, la roca se iba erosionando, revelando así los bellos colores del corazón de la montaña.", "identifiers": {"multiverseId": "596413", "scryfallId": "77c3f268-51b7-4dee-a82e-a0928ea8ea9e"}, "language": "Spanish", "multiverseId": 596413, "name": "Risco floreciente", "text": "El Risco floreciente entra al campo de batalla girado.\nEn cuanto el Risco floreciente entre al campo de batalla, elige un color que no sea rojo.\n{T}: Agrega {R} o un maná del color elegido.", "type": "Tierra"}, {"flavorText": "Au fil des éons, la pierre s'est érodée, révélant les couleurs vives du cœur de la montagne.", "identifiers": {"multiverseId": "596500", "scryfallId": "6227203b-4c0d-466e-a18b-29dd4c083efc"}, "language": "French", "multiverseId": 596500, "name": "Promontoire prospère", "text": "Le Promontoire prospère arrive sur le champ de bataille engagé.\nAu moment où le Promontoire prospère arrive sur le champ de bataille, choisissez une couleur autre que le rouge.\n{T} : Ajoutez {R} ou un mana de la couleur choisie.", "type": "Terrain"}, {"flavorText": "Col passare delle ere, la pietra si erose, rivelando i brillanti colori nel cuore della montagna.", "identifiers": {"multiverseId": "596587", "scryfallId": "0d772712-96a4-47cd-8b6c-a410609896e7"}, "language": "Italian", "multiverseId": 596587, "name": "Falesia Florida", "text": "La Falesia Florida entra nel campo di battaglia TAPpata.\nMentre la Falesia Florida entra nel campo di battaglia, scegli un colore diverso dal rosso.\n{T}: Aggiungi {R} o un mana del colore scelto.", "type": "Terra"}, {"flavorText": "悠久の時を経て岩肌は削られ、山の中心の豊かな色彩が露わになった。", "identifiers": {"multiverseId": "596674", "scryfallId": "ad13daae-33d7-422a-9681-56b0203442d7"}, "language": "Japanese", "multiverseId": 596674, "name": "興隆する絶壁", "text": "興隆する絶壁はタップ状態で戦場に出る。\n興隆する絶壁が戦場に出るに際し、赤でない色１色を選ぶ。\n{T}：{R} か、その選ばれた色のマナ１点を加える。", "type": "土地"}, {"flavorText": "无数世代过去，石头磨损，显露出高山核心处的丰富颜色。", "identifiers": {"multiverseId": "596935", "scryfallId": "23c75049-d488-4008-8e12-abac30d07e8a"}, "language": "Chinese Simplified", "multiverseId": 596935, "name": "兴旺绝壁", "text": "兴旺绝壁须横置进战场。\n于兴旺绝壁进战场时，选择一种红色以外的颜色。\n{T}：加{R}或一点所选颜色的法术力。", "type": "地"}], "frameVersion": "2015", "hasFoil": false, "hasNonFoil": true, "identifiers": {"cardsphereId": "96781", "mcmId": "686335", "mcmMetaId": "308464", "mtgjsonV4Id": "914306e3-ce7b-5be7-a25f-43413c342f8f", "multiverseId": "596239", "scryfallCardBackId": "0aeebaf5-8c7d-4636-9e82-8c27447861f7", "scryfallId": "5c3593aa-e33c-4482-a0bb-c843ac70a824", "scryfallIllustrationId": "5da6f84f-f091-422e-ba23-172dee4aca0f", "scryfallOracleId": "91fceb34-0f2d-4392-be27-00dcd765637f", "tcgplayerProductId": "454821"}, "isFoil": false, "isReprint": true, "language": "English", "layout": "normal", "legalities": {"brawl": "Legal", "commander": "Legal", "duel": "Legal", "gladiator": "Legal", "historic": "Legal", "legacy": "Legal", "oathbreaker": "Legal", "pauper": "Legal", "paupercommander": "Legal", "timeless": "Legal", "vintage": "Legal"}, "manaValue": 0.0, "name": "Thriving Bluff", "number": "822", "originalText": "Thriving Bluff enters the battlefield tapped.\nAs Thriving Bluff enters the battlefield, choose a color other than red.\n{T}: Add {R} or one mana of the chosen color.", "originalType": "Land", "printings": ["BLC", "CLU", "CMM", "J22", "JMP", "LCC", "NCC", "WHO"], "purchaseUrls": {"cardmarket": "https://mtgjson.com/links/1cdbdd4b80e93a6b", "tcgplayer": "https://mtgjson.com/links/d6d1776c94e5a212"}, "rarity": "common", "setCode": "J22", "sourceProducts": {"nonfoil": ["31fd15cb-48ac-52b8-8f3c-84968a601869"]}, "subtypes": [], "supertypes": [], "text": "Thriving Bluff enters tapped. As it enters, choose a color other than red.\n{T}: Add {R} or one mana of the chosen color.", "type": "Land", "types": ["Land"], "uuid": "370b63bb-41ee-5e90-94c1-ec3dabf5afe5"}, {"artist": "Sam Burley", "artistIds": ["f89f4b78-cefb-41f7-b7cb-4f4d28de0c4f"], "availability": ["paper"], "boosterTypes": ["default"], "borderColor": "black", "colorIdentity": ["R"], "colors": [], "convertedManaCost": 0.0, "count": 7, "edhrecSaltiness": 0.35, "finishes": ["nonfoil"], "foreignData": [{"identifiers": {"multiverseId": "597769", "scryfallId": "de0f6c46-699e-4314-b470-510119095f0a"}, "language": "German", "multiverseId": 597769, "name": "Gebirge", "type": "Standardland — Gebirge"}, {"identifiers": {"multiverseId": "597784", "scryfallId": "fde7e166-cbf2-4e4f-b779-72fdfa0b9f45"}, "language": "Spanish", "multiverseId": 597784, "name": "Montaña", "type": "Tierra básica — Montaña"}, {"identifiers": {"multiverseId": "597799", "scryfallId": "71dc6534-875d-4e35-b635-c9da8996f064"}, "language": "French", "multiverseId": 597799, "name": "Montagne", "type": "Terrain de base : montagne"}, {"identifiers": {"multiverseId": "597814", "scryfallId": "5098768d-845f-40e7-b3eb-b938aaac22da"}, "language": "Italian", "multiverseId": 597814, "name": "Montagna", "type": "Terra Base — Montagna"}, {"identifiers": {"multiverseId": "597829", "scryfallId": "f631e8e0-e023-4902-93c3-156a423cf6b3"}, "language": "Japanese", "multiverseId": 597829, "name": "山", "type": "基本土地 — 山"}, {"identifiers": {"multiverseId": "597874", "scryfallId": "d5e8da23-7292-48e9-bea9-2a73ff094251"}, "language": "Chinese Simplified", "multiverseId": 597874, "name": "山脉", "type": "基本地 ～山脉"}], "frameVersion": "2015", "hasFoil": false, "hasNonFoil": true, "identifiers": {"cardsphereId": "97098", "mtgjsonV4Id": "cf66cbfd-279c-5fc1-9894-086a721eaa39", "multiverseId": "597754", "scryfallCardBackId": "0aeebaf5-8c7d-4636-9e82-8c27447861f7", "scryfallId": "577aff75-67f7-42c8-b31f-50026c5ba5c6", "scryfallIllustrationId": "88bdb43e-5927-4f7e-871e-839a72b2fbbc", "scryfallOracleId": "a3fb7228-e76b-4e96-a40e-20b5fed75685", "tcgplayerProductId": "455134"}, "isFoil": false, "isReprint": true, "language": "English", "layout": "normal", "legalities": {"alchemy": "Legal", "brawl": "Legal", "commander": "Legal", "duel": "Legal", "explorer": "Legal", "future": "Legal", "gladiator": "Legal", "historic": "Legal", "legacy": "Legal", "modern": "Legal", "oathbreaker": "Legal", "pauper": "Legal", "paupercommander": "Legal", "penny": "Legal", "pioneer": "Legal", "predh": "Legal", "premodern": "Legal", "standard": "Legal", "standardbrawl": "Legal", "timeless": "Legal", "vintage": "Legal"}, "manaValue": 0.0, "name": "Mountain", "number": "107", "originalType": "Basic Land — Mountain", "printings": ["10E", "2ED", "2XM", "30A", "3ED", "40K", "4BB", "4ED", "5ED", "6ED", "7ED", "8ED", "9ED", "ACR", "AFR", "AKH", "AKR", "ALA", "ANA", "ANB", "ARC", "ARN", "ATH", "AVR", "BBD", "BFZ", "BLB", "BRB", "BRC", "BRO", "BTD", "C13", "C14", "C15", "C16", "C17", "C18", "C19", "CED", "CEI", "CHK", "CLB", "CLU", "CM2", "CMA", "CMD", "CMM", "CMR", "CST", "DD1", "DD2", "DDE", "DDG", "DDH", "DDI", "DDJ", "DDK", "DDL", "DDN", "DDP", "DDS", "DDT", "DDU", "DKM", "DMR", "DMU", "DOM", "DPA", "DSK", "DTK", "E01", "ELD", "EVG", "FBB", "FRF", "G17", "GK1", "GK2", "GN2", "GN3", "GNT", "GRN", "GS1", "H09", "HBG", "HOP", "HOU", "ICE", "IKO", "INV", "ISD", "ITP", "J14", "J22", "JMP", "JVC", "KHM", "KLD", "KLR", "KTK", "LCI", "LEA", "LEB", "LRW", "LTR", "M10", "M11", "M12", "M13", "M14", "M15", "M19", "M20", "M21", "MBS", "ME1", "ME3", "MH2", "MH3", "MID", "MIR", "MKM", "MMQ", "MOM", "MRD", "NEO", "NPH", "ODY", "OLEP", "ONE", "ONS", "ORI", "OTJ", "P02", "P23", "PAL00", "PAL01", "PAL03", "PAL04", "PAL05", "PAL06", "PAL99", "PALP", "PANA", "PARL", "PC2", "PCA", "PD2", "PELP", "PF19", "PF20", "PGPX", "PGRU", "PIP", "PL24", "PLST", "PMPS", "PMPS06", "PMPS07", "PMPS08", "PMPS09", "PMPS10", "PMPS11", "POR", "PPP1", "PRM", "PRW2", "PRWK", "PS11", "PSAL", "PSS2", "PSS3", "PSS4", "PTC", "PTK", "PZ2", "RAV", "REX", "RIX", "RNA", "ROE", "RQS", "RTR", "S99", "SCD", "SHM", "SIR", "SLD", "SNC", "SOI", "SOM", "STX", "SUM", "TD0", "THB", "THS", "TMP", "TPR", "TSP", "UGL", "UND", "UNF", "UNH", "USG", "UST", "VOW", "WAR", "WC00", "WC01", "WC02", "WC03", "WC97", "WC98", "WC99", "WHO", "WOE", "XANA", "XLN", "ZEN", "ZNR"], "purchaseUrls": {"tcgplayer": "https://mtgjson.com/links/5119e0f1bd985c86"}, "rarity": "common", "setCode": "J22", "sourceProducts": {"nonfoil": ["31fd15cb-48ac-52b8-8f3c-84968a601869"]}, "subtypes": ["Mountain"], "supertypes": ["Basic"], "text": "({T}: Add {R}.)", "type": "Basic Land — Mountain", "types": ["Land"], "uuid": "dd775312-0618-5a75-bf7e-6a8c8dab755a", "variations": ["096fa466-11da-51cd-86a2-c246cafe95c2", "4c4b9005-a05a-5c95-ab52-d7db96b20954"]}], "name": "Speedy", "releaseDate": "2022-12-02", "sealedProductUuids": null, "sideBoard": [], "type": "Jumpstart"}}