{"meta": {"date": "2024-09-03", "version": "5.2.2+20240903"}, "data": {"code": "J22", "commander": [], "mainBoard": [{"artist": "Howard Lyon", "artistIds": ["6dd06426-59fe-4b9c-aad5-6da8446a5c3d"], "availability": ["paper"], "boosterTypes": ["default"], "borderColor": "black", "colorIdentity": ["W"], "colors": ["W"], "convertedManaCost": 5.0, "count": 1, "edhrecRank": 9661, "finishes": ["nonfoil"], "flavorText": "She endures without Avacyn but secretly asks each soul she guides if they have seen her.", "foreignData": [{"flavorText": "Er harrt ohne Avacyn aus, aber fragt im Geheimen jede Seele, die er leitet, ob diese sie gesehen hat.", "identifiers": {"multiverseId": "591550", "scryfallId": "8c726ae7-58ee-4eee-a651-fc1dc9654c70"}, "language": "German", "multiverseId": 591550, "name": "Engel vom Alabasterschwarm", "text": "Fliegend\nZu Beginn deines Versorgungssegments bringst du eine Geist-Karte deiner Wahl aus deinem Friedhof auf deine Hand zurück.", "type": "Kreatur — Engel"}, {"flavorText": "Ella soporta la ausencia de Avacyn, pero en secreto pregunta a cada alma que guía si la ha visto.", "identifiers": {"multiverseId": "591679", "scryfallId": "58c74149-fd0e-4ff3-b7a9-de1680c4d8e1"}, "language": "Spanish", "multiverseId": 591679, "name": "Ángel de la Legión Alabastro", "text": "Vuela.\nAl comienzo de tu mantenimiento, regresa la carta de Espíritu objetivo de tu cementerio a tu mano.", "type": "Criatura — Ángel"}, {"flavorText": "Elle survit sans Avacyn mais secrètement, elle demande à chaque âme qu'elle guide si elle l'a vue.", "identifiers": {"multiverseId": "591808", "scryfallId": "8862dd56-3d9a-4d4b-b83e-5a53273e3205"}, "language": "French", "multiverseId": 591808, "name": "Ange du vol d'albâtre", "text": "Vol\nAu début de votre entretien, renvoyez une carte d'esprit ciblée depuis votre cimetière dans votre main.", "type": "Créature : ange"}, {"flavorText": "Resiste anche senza Avacyn ma di nascosto chiede a ogni anima che guida se l'ha vista.", "identifiers": {"multiverseId": "591937", "scryfallId": "1832e106-0f0e-4890-ab5d-1330f546bb48"}, "language": "Italian", "multiverseId": 591937, "name": "Angelo della Schiera Alabastro", "text": "Volare\nAll'inizio del tuo mantenimento, riprendi in mano una carta Spirito bersaglio dal tuo cimitero.", "type": "Creatura — Angelo"}, {"flavorText": "彼女はアヴァシンのいない状況に耐えているが、導く魂の一つ一つに彼女を見なかったか尋ねている。", "identifiers": {"multiverseId": "592066", "scryfallId": "80a4d04b-06c3-4ea6-8908-54ff6164ac5a"}, "language": "Japanese", "multiverseId": 592066, "name": "空翔ける雪花石の天使", "text": "飛行\nあなたのアップキープの開始時に、あなたの墓地にあるスピリット・カード１枚を対象とする。それをあなたの手札に戻す。", "type": "クリーチャー — 天使"}, {"flavorText": "她能撑得过艾维欣消失的现况，但依旧会私下逐一询问所引导的灵魂是否见过她。", "identifiers": {"multiverseId": "592453", "scryfallId": "61e5052c-9498-4edc-9576-b0e8e9916607"}, "language": "Chinese Simplified", "multiverseId": 592453, "name": "洁羽天使", "text": "飞行\n在你的维持开始时，将目标精怪牌从你的坟墓场移回你手上。", "type": "生物 ～天使"}], "frameVersion": "2015", "hasFoil": false, "hasNonFoil": true, "identifiers": {"cardsphereId": "96872", "mcmId": "687157", "mcmMetaId": "203999", "mtgjsonV4Id": "e5db6ff2-ecbb-5e6a-bfad-3d95376476f0", "multiverseId": "591421", "scryfallCardBackId": "0aeebaf5-8c7d-4636-9e82-8c27447861f7", "scryfallId": "dd39a1e1-9784-4cb0-b8ed-98e659b32edd", "scryfallIllustrationId": "47d3770a-6a8d-449a-b9fb-741021846d8b", "scryfallOracleId": "9b6a74fb-c48f-4d85-b4b3-96eb80b9efc7", "tcgplayerProductId": "455290"}, "isFoil": false, "isReprint": true, "keywords": ["Flying"], "language": "English", "layout": "normal", "legalities": {"brawl": "Legal", "commander": "Legal", "duel": "Legal", "gladiator": "Legal", "historic": "Legal", "legacy": "Legal", "modern": "Legal", "oathbreaker": "Legal", "penny": "Legal", "timeless": "Legal", "vintage": "Legal"}, "manaCost": "{4}{W}", "manaValue": 5.0, "name": "Angel of Flight Alabaster", "number": "144", "originalText": "Flying\nAt the beginning of your upkeep, return target Spirit card from your graveyard to your hand.", "originalType": "Creature — Angel", "power": "4", "printings": ["ISD", "J22", "SIS", "VOC"], "purchaseUrls": {"cardmarket": "https://mtgjson.com/links/3a2b303a1d06358d", "tcgplayer": "https://mtgjson.com/links/b16d23d0f0fefd6c"}, "rarity": "rare", "rulings": [{"date": "2011-09-22", "text": "The Spirit card must already be in your graveyard when the ability triggers at the beginning of your upkeep. If there is no Spirit card in your graveyard when your upkeep begins, the ability will be removed from the stack with no effect."}], "securityStamp": "oval", "setCode": "J22", "sourceProducts": {"nonfoil": ["31fd15cb-48ac-52b8-8f3c-84968a601869"]}, "subtypes": ["Angel"], "supertypes": [], "text": "Flying\nAt the beginning of your upkeep, return target Spirit card from your graveyard to your hand.", "toughness": "4", "type": "Creature — Angel", "types": ["Creature"], "uuid": "6c2c59d0-ffd0-50f3-b6ff-74a3779c4219"}, {"artist": "Seb McKinnon", "artistIds": ["ad4caca0-8d89-44ce-a1a6-d5ca905bd6fb"], "availability": ["paper"], "boosterTypes": ["default"], "borderColor": "black", "colorIdentity": ["W"], "colors": ["W"], "convertedManaCost": 2.0, "count": 1, "edhrecRank": 769, "edhrecSaltiness": 0.32, "finishes": ["nonfoil"], "flavorText": "\"There is always more to give.\"", "foreignData": [{"flavorText": "„Es gibt immer etwas, was man noch geben kann.\"", "identifiers": {"multiverseId": "591645", "scryfallId": "76bbab8c-b33b-41d3-aa9b-fed18cbb32b8"}, "language": "German", "multiverseId": 591645, "name": "Selbstloser Geist", "text": "Fliegend\nOpfere den Selbstlosen Geist: Kreaturen, die du kontrollierst, erhalten Unzerstörbarkeit bis zum Ende des Zuges.", "type": "Kreatur — Geist, Kleriker"}, {"flavorText": "\"Siempre se puede dar más\".", "identifiers": {"multiverseId": "591774", "scryfallId": "9eafe25e-fdd2-4718-9544-bda5276c19ab"}, "language": "Spanish", "multiverseId": 591774, "name": "Espíritu abnegado", "text": "Vuela.\nSacrificar el Espíritu abnegado: Las criaturas que controlas ganan la habilidad de indestructible hasta el final del turno.", "type": "Criatura — Clérigo espíritu"}, {"flavorText": "« On peut toujours donner davantage. »", "identifiers": {"multiverseId": "591903", "scryfallId": "368f7ace-c1e8-4fc1-a828-ae23df9414c5"}, "language": "French", "multiverseId": 591903, "name": "Esprit dévoué", "text": "Vol\nSacrifiez l'Esprit dévoué : Les créatures que vous contrôlez acquièrent l'indestructible jusqu'à la fin du tour.", "type": "Créature : esprit et clerc"}, {"flavorText": "\"C'è sempre qualcosa in più da donare.\"", "identifiers": {"multiverseId": "592032", "scryfallId": "3fe217db-b5b0-4ab6-b3b8-bce16371baa4"}, "language": "Italian", "multiverseId": 592032, "name": "Spirito Altruista", "text": "Volare\nSacrifica lo Spirito Altruista: Le creature che controlli hanno indistruttibile fino alla fine del turno.", "type": "Creatura — Chierico Spirito"}, {"flavorText": "「どのような時でも、分け与えられるものがまだある。」", "identifiers": {"multiverseId": "592161", "scryfallId": "c0e093cc-77db-4c80-9ee3-0a28548cadb4"}, "language": "Japanese", "multiverseId": 592161, "name": "無私の霊魂", "text": "飛行\n無私の霊魂を生け贄に捧げる：ターン終了時まで、あなたがコントロールしているすべてのクリーチャーは破壊不能を得る。", "type": "クリーチャー — スピリット・クレリック"}, {"flavorText": "「奉献永无止境。」", "identifiers": {"multiverseId": "592548", "scryfallId": "250b1a5e-4944-4c48-b22c-2133504f0bb2"}, "language": "Chinese Simplified", "multiverseId": 592548, "name": "无私精怪", "text": "飞行\n牺牲无私精怪：由你操控的生物获得不灭异能直到回合结束。", "type": "生物 ～精怪／僧侣"}], "frameVersion": "2015", "hasFoil": false, "hasNonFoil": true, "identifiers": {"cardsphereId": "96912", "mcmId": "687126", "mcmMetaId": "223076", "mtgjsonV4Id": "c06b6a8a-ace7-57a4-aa08-cd32af9360dc", "multiverseId": "591516", "scryfallCardBackId": "0aeebaf5-8c7d-4636-9e82-8c27447861f7", "scryfallId": "efc30cb5-e845-472c-8bdb-659ce7ece6de", "scryfallIllustrationId": "224b8c2b-8bd0-453a-8389-7b5420af6652", "scryfallOracleId": "71d785a9-ddc8-472e-a778-a551b444a4bd", "tcgplayerProductId": "455427"}, "isFoil": false, "isReprint": true, "keywords": ["Flying"], "language": "English", "layout": "normal", "legalities": {"brawl": "Legal", "commander": "Legal", "duel": "Legal", "explorer": "Legal", "gladiator": "Legal", "historic": "Legal", "legacy": "Legal", "modern": "Legal", "oathbreaker": "Legal", "pioneer": "Legal", "timeless": "Legal", "vintage": "Legal"}, "manaCost": "{1}{W}", "manaValue": 2.0, "name": "Selfless Spirit", "number": "239", "originalText": "Flying\nSacrifice Selfless Spirit: Creatures you control gain indestructible until end of turn.", "originalType": "Creature — Spirit Cleric", "power": "2", "printings": ["BLC", "CLB", "EMN", "J22", "PEMN", "PLST", "PRCQ", "SIR"], "purchaseUrls": {"cardmarket": "https://mtgjson.com/links/93b218ee4f27bf98", "tcgplayer": "https://mtgjson.com/links/6bba3160b046cb8c"}, "rarity": "rare", "rulings": [{"date": "2016-07-13", "text": "The set of creatures affected by Selfless Spirit's last ability is determined as the ability resolves. Creatures you begin to control later in the turn won't gain indestructible."}], "securityStamp": "oval", "setCode": "J22", "sourceProducts": {"nonfoil": ["31fd15cb-48ac-52b8-8f3c-84968a601869"]}, "subtypes": ["Spirit", "Cleric"], "supertypes": [], "text": "Flying\nSacrifice Selfless Spirit: Creatures you control gain indestructible until end of turn.", "toughness": "1", "type": "Creature — Spirit Cleric", "types": ["Creature"], "uuid": "94ed2ec2-f05c-5460-b2e0-c895e7127987"}, {"artist": "Yakotakos", "artistIds": ["96cf2c37-fb09-4a82-b237-559aca6055a0"], "availability": ["paper"], "boosterTypes": ["default"], "borderColor": "black", "colorIdentity": ["W"], "colors": ["W"], "convertedManaCost": 3.0, "count": 1, "edhrecRank": 1929, "edhrecSaltiness": 1.46, "finishes": ["nonfoil"], "flavorText": "Theros's human philosophers were at a marked disadvantage due to their need to pause for things like food or sleep.", "foreignData": [{"flavorText": "Die menschlichen Philosophen von Theros waren deutlich im Nachteil, da sie für Dinge wie Essen oder Schlaf Pausen einlegen mussten.", "identifiers": {"multiverseId": "597083", "scryfallId": "c20dc1da-6842-46fe-b061-9af30c222568"}, "language": "German", "multiverseId": 597083, "name": "Eidolon der Redekunst", "text": "Spieler können nicht mehr als einen Zauberspruch pro Zug wirken.", "type": "Verzauberungskreatur — Geist"}, {"flavorText": "Los filósofos humanos de Theros estaban en una clara desventaja al tener que parar para detalles como comer o dormir.", "identifiers": {"multiverseId": "597129", "scryfallId": "71916358-589c-4be8-a766-efc8032d6600"}, "language": "Spanish", "multiverseId": 597129, "name": "Eidolón de la retórica", "text": "Ningún jugador puede lanzar más de un hechizo cada turno.", "type": "Criatura encantamiento — Espíritu"}, {"flavorText": "Les philosophes humains de Theros étaient nettement désavantagés car ils devaient s'arrêter pour des choses aussi futiles que manger ou dormir.", "identifiers": {"multiverseId": "597175", "scryfallId": "512acf6a-f917-4293-ab73-202de1f877a3"}, "language": "French", "multiverseId": 597175, "name": "Eidôlon de la rhétorique", "text": "Aucun joueur ne peut lancer plus d'un sort par tour.", "type": "Créature-enchantement : esprit"}, {"flavorText": "I filosofi umani di Theros avevano il considerevole svantaggio di doversi fermare per cose come dormire o mangiare.", "identifiers": {"multiverseId": "597221", "scryfallId": "5f416666-960c-4b84-a580-9d3bef8c134e"}, "language": "Italian", "multiverseId": 597221, "name": "Apparizione della Retorica", "text": "Ogni giocatore non può lanciare più di una magia per turno.", "type": "Creatura Incantesimo — Spirito"}, {"flavorText": "テーロスの人間の哲学者は、食事や睡眠などに時間を取られてしまう分、大いに不利であった。", "identifiers": {"multiverseId": "597267", "scryfallId": "ed79e399-3e65-4e03-bad5-2bd3bf24dcb9"}, "language": "Japanese", "multiverseId": 597267, "name": "弁論の幻霊", "text": "各プレイヤーは、毎ターン１つしか呪文を唱えられない。", "type": "クリーチャー・エンチャント — スピリット"}, {"flavorText": "塞洛斯各族的哲学演绎，唯人类进展最为不彰，因为他们得耗费时间来进食入睡。", "identifiers": {"multiverseId": "597405", "scryfallId": "38133dbc-f2a6-4033-a8bc-0e8986aab04c"}, "language": "Chinese Simplified", "multiverseId": 597405, "name": "巧辞幻灵", "text": "每位牌手每回合所施放的咒语不能多于一个。", "type": "结界生物 ～精怪"}], "frameEffects": ["nyxtouched"], "frameVersion": "2015", "hasFoil": false, "hasNonFoil": true, "identifiers": {"cardsphereId": "96883", "mcmId": "686826", "mcmMetaId": "209527", "mtgjsonV4Id": "f30eb37b-cda2-5f90-8a0d-dd87848776d4", "multiverseId": "597037", "scryfallCardBackId": "0aeebaf5-8c7d-4636-9e82-8c27447861f7", "scryfallId": "8f9ad5c0-a343-4d1a-9a85-1f4d5fa64079", "scryfallIllustrationId": "32cfe6bc-2583-46ab-9fbd-b95a8c493c03", "scryfallOracleId": "33017203-233e-498e-806e-94b1dccf5c35", "tcgplayerProductId": "454987"}, "isFoil": false, "isReprint": true, "language": "English", "layout": "normal", "legalities": {"commander": "Legal", "duel": "Legal", "legacy": "Legal", "modern": "Legal", "oathbreaker": "Legal", "paupercommander": "Restricted", "pioneer": "Legal", "vintage": "Legal"}, "manaCost": "{2}{W}", "manaValue": 3.0, "name": "Eidolon of Rhetoric", "number": "54", "originalText": "Each player can't cast more than one spell each turn.", "originalType": "Enchantment Creature — Spirit", "power": "1", "printings": ["J22", "JOU", "PLST"], "purchaseUrls": {"cardmarket": "https://mtgjson.com/links/f81ab70dbf8fe4d6", "tcgplayer": "https://mtgjson.com/links/f23b7dc16bba79fb"}, "rarity": "uncommon", "rulings": [{"date": "2014-04-26", "text": "Eidolon of Rhetoric will look at the entire turn to see if a player has cast a spell yet that turn, even if Eidolon of Rhetoric wasn't on the battlefield when that spell was cast. Specifically, you can't cast Eidolon of Rhetoric and then cast another spell that turn."}], "setCode": "J22", "sourceProducts": {"nonfoil": ["31fd15cb-48ac-52b8-8f3c-84968a601869"]}, "subtypes": ["Spirit"], "supertypes": [], "text": "Each player can't cast more than one spell each turn.", "toughness": "4", "type": "Enchantment Creature — Spirit", "types": ["Enchantment", "Creature"], "uuid": "7e05b848-0153-588b-9e96-6a318a45cb0c"}, {"artist": "David Palumbo", "artistIds": ["04ce1c75-e30c-4b7a-8cb0-b53e4ecc2f39"], "availability": ["paper"], "boosterTypes": ["default"], "borderColor": "black", "colorIdentity": ["W"], "colors": ["W"], "convertedManaCost": 4.0, "count": 1, "edhrecRank": 18460, "finishes": ["nonfoil"], "flavorText": "\"Ghoulcallers trying to get in, geists trying to get out . . . . This duty is never dull.\"", "foreignData": [{"flavorText": "„Ghulrufer versuchen hereinzukommen, Geister wollen hinaus... der Dienst hier ist nie langweilig.\"", "identifiers": {"multiverseId": "591619", "scryfallId": "099adc79-558e-4aef-b3f3-e5116968e742"}, "language": "German", "multiverseId": 591619, "name": "Mausoleumswächterin", "text": "Wenn die Mausoleumswächterin stirbt, erzeuge zwei 1/1 weiße Geist-Kreaturenspielsteine mit Flugfähigkeit.", "type": "Kreatur — Mensch, Späher"}, {"flavorText": "\"Llamamuertos que quieren entrar, geist que quieren salir… Este trabajo nunca es aburrido\".", "identifiers": {"multiverseId": "591748", "scryfallId": "7768ba8f-766d-4820-a79d-5cd8f37bf076"}, "language": "Spanish", "multiverseId": 591748, "name": "Guardia del mausoleo", "text": "Cuando la Guardia del mausoleo muera, crea dos fichas de criatura Espíritu blancas 1/1 con la habilidad de volar.", "type": "Criatura — Explorador humano"}, {"flavorText": "« Entre les meneurs de goule qui essaient d'entrer et les geists qui veulent sortir . . . On ne s'ennuie jamais. »", "identifiers": {"multiverseId": "591877", "scryfallId": "1f594519-9573-455e-af0e-837e713f4cfc"}, "language": "French", "multiverseId": 591877, "name": "Garde du mausolée", "text": "Quand le Garde du mausolée meurt, créez deux jetons de créature 1/1 blanche Esprit avec le vol.", "type": "Créature : humain et éclaireur"}, {"flavorText": "\"Gli evocaghoul che cercano di entrare, i geist che cercano di uscire… Questo lavoro non è mai noioso.\"", "identifiers": {"multiverseId": "592006", "scryfallId": "32defe4a-9f36-494f-a026-8f74d50c46d2"}, "language": "Italian", "multiverseId": 592006, "name": "Guardia del Mausoleo", "text": "Quando la Guardia del Mausoleo muore, crea due pedine creatura Spirito 1/1 bianche con volare.", "type": "Creatura — Esploratore Umano"}, {"flavorText": "「グール呼びは入ろうとし、霊は出ようとする……この仕事は退屈しないよ。」", "identifiers": {"multiverseId": "592135", "scryfallId": "ee1ce812-2a8f-4d4e-8ebf-b1c19b641856"}, "language": "Japanese", "multiverseId": 592135, "name": "霊廟の護衛", "text": "霊廟の護衛が死亡したとき、飛行を持つ白の１/１のスピリット・クリーチャー・トークン２体を生成する。", "type": "クリーチャー — 人間・スカウト"}, {"flavorText": "「尸鬼牧者想进来，游魂想出去…这工作绝不无聊。」", "identifiers": {"multiverseId": "592522", "scryfallId": "10378ccd-d7b1-438e-b996-3fbce7a287cd"}, "language": "Chinese Simplified", "multiverseId": 592522, "name": "陵墓守卫", "text": "当陵墓守卫死去时，派出两个1/1白色，具飞行异能的精怪衍生生物。", "type": "生物 ～人类／斥候"}], "frameVersion": "2015", "hasFoil": false, "hasNonFoil": true, "identifiers": {"cardsphereId": "97546", "mcmId": "687025", "mcmMetaId": "204110", "mtgjsonV4Id": "e9c2e004-bafc-50d8-84cf-713ad93df0b3", "multiverseId": "591490", "scryfallCardBackId": "0aeebaf5-8c7d-4636-9e82-8c27447861f7", "scryfallId": "43227caf-f902-46b4-936f-125d879eb54a", "scryfallIllustrationId": "1c47b248-b7e2-4bdf-81e4-40d366bef23b", "scryfallOracleId": "64f3af46-f8ab-4ba4-9dff-7412cefb4eea", "tcgplayerProductId": "455380"}, "isFoil": false, "isReprint": true, "language": "English", "layout": "normal", "legalities": {"commander": "Legal", "duel": "Legal", "legacy": "Legal", "modern": "Legal", "oathbreaker": "Legal", "paupercommander": "Restricted", "penny": "Legal", "vintage": "Legal"}, "manaCost": "{3}{W}", "manaValue": 4.0, "name": "Mausoleum Guard", "number": "213", "originalText": "When Mausoleum Guard dies, create two 1/1 white Spirit creature tokens with flying.", "originalType": "Creature — Human Scout", "power": "2", "printings": ["DDK", "ISD", "J22"], "purchaseUrls": {"cardmarket": "https://mtgjson.com/links/e7ae44919353fc23", "tcgplayer": "https://mtgjson.com/links/6f944808702fa6a5"}, "rarity": "uncommon", "setCode": "J22", "sourceProducts": {"nonfoil": ["31fd15cb-48ac-52b8-8f3c-84968a601869"]}, "subtypes": ["Human", "Scout"], "supertypes": [], "text": "When Mausoleum Guard dies, create two 1/1 white Spirit creature tokens with flying.", "toughness": "2", "type": "Creature — Human Scout", "types": ["Creature"], "uuid": "79190bfe-fd01-5eb8-8c8f-74f9e875a535"}, {"artist": "Dan Murayama Scott", "artistIds": ["f852fa13-137e-40f2-bbc1-0f01df09c0e0"], "availability": ["paper"], "boosterTypes": ["default"], "borderColor": "black", "colorIdentity": ["W"], "colors": ["W"], "convertedManaCost": 5.0, "count": 1, "edhrecRank": 20732, "finishes": ["nonfoil"], "flavorText": "The spirit cares nothing for the crimes or triumphs of the slain. It shelters all beneath its stormy cloak.", "foreignData": [{"flavorText": "Dem Geist sind die Verbrechen oder Triumphe der Toten gleich. Er beschützt sie alle unter seinem wehenden Mantel.", "identifiers": {"multiverseId": "591593", "scryfallId": "a62e8826-2943-44d2-8fd4-82272b0ab7d3"}, "language": "German", "multiverseId": 591593, "name": "Galgenwächter", "text": "Fliegend\nAndere Geist-Kreaturen, die du kontrollierst, erhalten +0/+1.", "type": "Kreatur — Geist"}, {"flavorText": "Al espíritu no le importan los crímenes o triunfos de los muertos. Les da cobijo a todos en su tormentoso manto.", "identifiers": {"multiverseId": "591722", "scryfallId": "a07dae2e-c938-4ec9-bcb5-4e8af67382f7"}, "language": "Spanish", "multiverseId": 591722, "name": "Protector del cadalso", "text": "Vuela.\nLas otras criaturas Espíritu que controlas obtienen +0/+1.", "type": "Criatura — Espíritu"}, {"flavorText": "L'esprit se moque des crimes ou des triomphes des exécutés. Il les abrite tous sous son manteau de tourmente.", "identifiers": {"multiverseId": "591851", "scryfallId": "a4019a8b-e725-44f8-a01b-acef484a8d89"}, "language": "French", "multiverseId": 591851, "name": "Garde de la potence", "text": "Vol\nLes autres créatures Esprit que vous contrôlez gagnent +0/+1.", "type": "Créature : esprit"}, {"flavorText": "Allo spirito non interessano i crimini o i trionfi delle vittime. Le accoglie tutte sotto il suo manto burrascoso.", "identifiers": {"multiverseId": "591980", "scryfallId": "9109daf1-b11e-4afa-9c9a-4d7b32e70eeb"}, "language": "Italian", "multiverseId": 591980, "name": "Custode del Patibolo", "text": "Volare\nLe altre creature Spirito che controlli prendono +0/+1.", "type": "Creatura — Spirito"}, {"flavorText": "霊魂は殺された者の罪や偉業などを気にすることは無い。それは全て荒々しい外套の下に隠されている。", "identifiers": {"multiverseId": "592109", "scryfallId": "b0be62ba-136e-4ce3-97e4-2992afc34ec0"}, "language": "Japanese", "multiverseId": 592109, "name": "絞首台の守部", "text": "飛行\nあなたがコントロールしていてこれでないすべてのスピリット・クリーチャーは＋０/＋１の修整を受ける。", "type": "クリーチャー — スピリット"}, {"flavorText": "精怪并不在乎受刑者的罪行或荣耀。在它风暴笼罩下者都将受其庇护。", "identifiers": {"multiverseId": "592496", "scryfallId": "84291604-cf7a-462a-a98e-37b0cd609432"}, "language": "Chinese Simplified", "multiverseId": 592496, "name": "绞刑台护卫", "text": "飞行\n由你操控的其他精怪生物得+0/+1。", "type": "生物 ～精怪"}], "frameVersion": "2015", "hasFoil": false, "hasNonFoil": true, "identifiers": {"cardsphereId": "96881", "mcmId": "686715", "mcmMetaId": "204107", "mtgjsonV4Id": "37ea6bfd-f02b-5957-8416-c8d405ed1818", "multiverseId": "591464", "scryfallCardBackId": "0aeebaf5-8c7d-4636-9e82-8c27447861f7", "scryfallId": "6fa9a592-9495-41ea-918e-09f81bd10309", "scryfallIllustrationId": "14338123-8022-4409-87c2-eebbf10a582f", "scryfallOracleId": "06157e34-dbe1-4936-a718-3b1d70726794", "tcgplayerProductId": "455362"}, "isFoil": false, "isReprint": true, "keywords": ["Flying"], "language": "English", "layout": "normal", "legalities": {"commander": "Legal", "duel": "Legal", "legacy": "Legal", "modern": "Legal", "oathbreaker": "Legal", "paupercommander": "Restricted", "penny": "Legal", "vintage": "Legal"}, "manaCost": "{4}{W}", "manaValue": 5.0, "name": "Gallows Warden", "number": "187", "originalText": "Flying\nOther Spirit creatures you control get +0/+1.", "originalType": "Creature — Spirit", "power": "3", "printings": ["ISD", "J22"], "purchaseUrls": {"cardmarket": "https://mtgjson.com/links/da2734662a139ee5", "tcgplayer": "https://mtgjson.com/links/638c175d64fc58cd"}, "rarity": "uncommon", "setCode": "J22", "sourceProducts": {"nonfoil": ["31fd15cb-48ac-52b8-8f3c-84968a601869"]}, "subtypes": ["Spirit"], "supertypes": [], "text": "Flying\nOther Spirit creatures you control get +0/+1.", "toughness": "3", "type": "Creature — Spirit", "types": ["Creature"], "uuid": "07995e2a-2583-5de0-ba9e-f73223c420fa"}, {"artist": "Lars Grant-West", "artistIds": ["21ed6499-c4d3-4965-ab02-6c7228275bec"], "availability": ["paper"], "boosterTypes": ["default"], "borderColor": "black", "colorIdentity": ["W"], "colors": ["W"], "convertedManaCost": 1.0, "count": 1, "edhrecRank": 3628, "edhrecSaltiness": 0.09, "finishes": ["nonfoil"], "flavorText": "He vowed he would never rest until he reached his destination. He doesn't know how right he was.", "foreignData": [{"flavorText": "Er schwor, nicht zu ruhen, bis er sein Ziel erreichte. Er wusste nicht, wie recht er damit hatte.", "identifiers": {"multiverseId": "591584", "scryfallId": "658b28fe-0f5e-4dae-99cc-2857e87f8214"}, "language": "German", "multiverseId": 591584, "name": "Todgeweihter Reisender", "text": "Wenn der Todgeweihte Reisende stirbt, erzeuge einen 1/1 weißen Geist-Kreaturenspielstein mit Flugfähigkeit.", "type": "Kreatur — Mensch, Soldat"}, {"flavorText": "Juró que no descansaría hasta que alcanzara su destino. No sabe cuánta razón tenía.", "identifiers": {"multiverseId": "591713", "scryfallId": "fcb15cf6-8f0b-458f-b0bd-d9dc4c161864"}, "language": "Spanish", "multiverseId": 591713, "name": "Viajero condenado", "text": "Cuando el Viajero condenado muera, crea una ficha de criatura Espíritu blanca 1/1 con la habilidad de volar.", "type": "Criatura — Soldado humano"}, {"flavorText": "Il avait juré de ne pas trouver le repos avant d'avoir atteint sa destination. Il est loin de se douter de l'exactitude de sa prédiction.", "identifiers": {"multiverseId": "591842", "scryfallId": "4b040260-b6af-460f-8b20-96b281c5753f"}, "language": "French", "multiverseId": 591842, "name": "Voyageur damné", "text": "Quand le Voyageur damné meurt, créez un jeton de créature 1/1 blanche Esprit avec le vol.", "type": "Créature : humain et soldat"}, {"flavorText": "Giurò che non si sarebbe riposato finché non avesse raggiunto la sua destinazione. Non sa quanto fosse giusto.", "identifiers": {"multiverseId": "591971", "scryfallId": "8817e939-f09d-40fb-8808-e0ecb3db4267"}, "language": "Italian", "multiverseId": 591971, "name": "Viaggiatore Condannato", "text": "Quando il Viaggiatore Condannato muore, crea una pedina creatura Spirito 1/1 bianca con volare.", "type": "Creatura — Soldato Umano"}, {"flavorText": "彼は目的地に着くまで決して休まないことを誓った。それがどれだけ正しいことなのかはわかっていない。", "identifiers": {"multiverseId": "592100", "scryfallId": "954510f4-bd9c-426b-8c0f-3890f274a178"}, "language": "Japanese", "multiverseId": 592100, "name": "宿命の旅人", "text": "宿命の旅人が死亡したとき、飛行を持つ白の１/１のスピリット・クリーチャー・トークン１体を生成する。", "type": "クリーチャー — 人間・兵士"}, {"flavorText": "他发誓在抵达旅程终点之前绝不停息。他不知道自己说得那么准。", "identifiers": {"multiverseId": "592487", "scryfallId": "50e2f5a9-e7b4-4695-9bda-521c46331261"}, "language": "Chinese Simplified", "multiverseId": 592487, "name": "注亡旅人", "text": "当注亡旅人死去时，派出一个1/1白色，具飞行异能的精怪衍生生物。", "type": "生物 ～人类／士兵"}], "frameVersion": "2015", "hasFoil": false, "hasNonFoil": true, "identifiers": {"cardsphereId": "96878", "mcmId": "687061", "mcmMetaId": "204055", "mtgjsonV4Id": "8fe6270c-a2a9-5267-aa9c-5d3b73027b09", "multiverseId": "591455", "scryfallCardBackId": "0aeebaf5-8c7d-4636-9e82-8c27447861f7", "scryfallId": "e98c3007-c45f-4502-ae4b-693bd64f23ba", "scryfallIllustrationId": "29d8819e-ae8a-451c-b59e-b062993d9535", "scryfallOracleId": "a30907c0-fbde-4fd3-a8c7-f304305fcea7", "tcgplayerProductId": "455352"}, "isFoil": false, "isReprint": true, "language": "English", "layout": "normal", "legalities": {"brawl": "Legal", "commander": "Legal", "duel": "Legal", "gladiator": "Legal", "historic": "Legal", "legacy": "Legal", "modern": "Legal", "oathbreaker": "Legal", "pauper": "Legal", "paupercommander": "Legal", "penny": "Legal", "timeless": "Legal", "vintage": "Legal"}, "manaCost": "{W}", "manaValue": 1.0, "name": "Doomed Traveler", "number": "178", "originalText": "When Doomed Traveler dies, create a 1/1 white Spirit creature token with flying.", "originalType": "Creature — Human Soldier", "power": "1", "printings": ["2X2", "BBD", "CLU", "CMR", "CN2", "CNS", "DDK", "DDQ", "E01", "IMA", "ISD", "J21", "J22", "PLST", "SIS"], "purchaseUrls": {"cardmarket": "https://mtgjson.com/links/2718826b074cafad", "tcgplayer": "https://mtgjson.com/links/fbf2c55e1b347ad8"}, "rarity": "common", "setCode": "J22", "sourceProducts": {"nonfoil": ["31fd15cb-48ac-52b8-8f3c-84968a601869"]}, "subtypes": ["Human", "Soldier"], "supertypes": [], "text": "When Doomed Traveler dies, create a 1/1 white Spirit creature token with flying.", "toughness": "1", "type": "Creature — Human Soldier", "types": ["Creature"], "uuid": "5f05ced8-4bc7-5850-84ed-d6eb03f3f977"}, {"artist": "JiHun Lee", "artistIds": ["0f968f3e-9d5b-436e-a4b7-879e81a0f816"], "availability": ["paper"], "boosterTypes": ["default"], "borderColor": "black", "colorIdentity": ["W"], "colors": ["W"], "convertedManaCost": 3.0, "count": 1, "edhrecRank": 13691, "finishes": ["nonfoil"], "foreignData": [{"identifiers": {"multiverseId": "591631", "scryfallId": "35b2c5f1-c488-426a-9f46-b59dffe111cf"}, "language": "German", "multiverseId": 591631, "name": "Pilgerin der Zeitalter", "text": "Wenn die Pilgerin der Zeitalter ins Spiel kommt, kannst du deine Bibliothek nach einer Ebene-Standardlandkarte durchsuchen, sie offen vorzeigen, auf deine Hand nehmen und danach mischen.\n{6}: Bringe die Pilgerin der Zeitalter aus deinem Friedhof auf deine Hand zurück.", "type": "Kreatur — Geist"}, {"identifiers": {"multiverseId": "591760", "scryfallId": "0ae8ae2e-7895-40ff-b8fa-9e33984d077c"}, "language": "Spanish", "multiverseId": 591760, "name": "Peregrina de las eras", "text": "Cuando la Peregrina de las eras entre al campo de batalla, puedes buscar en tu biblioteca una carta de Llanura básica, mostrarla, ponerla en tu mano y luego barajar.\n{6}: Regresa la Peregrina de las eras de tu cementerio a tu mano.", "type": "Criatura — Espíritu"}, {"identifiers": {"multiverseId": "591889", "scryfallId": "61eabd67-90d7-4eb1-926a-8fecae97ebb7"}, "language": "French", "multiverseId": 591889, "name": "Pèlerine des Âges", "text": "Quand la Pèlerine des Âges arrive sur le champ de bataille, vous pouvez chercher dans votre bibliothèque une carte de plaine de base, la révéler, la mettre dans votre main, puis mélanger.\n{6} : Renvoyez la Pèlerine des Âges depuis votre cimetière dans votre main.", "type": "Créature : esprit"}, {"identifiers": {"multiverseId": "592018", "scryfallId": "8587a414-bbf1-4848-8e78-3ffecf05c232"}, "language": "Italian", "multiverseId": 592018, "name": "Pellegrina delle Ere", "text": "Quando la Pellegrina delle Ere entra nel campo di battaglia, puoi passare in rassegna il tuo grimorio per una carta Pianura base, rivelarla e aggiungerla alla tua mano, poi rimescolare.\n{6}: Riprendi in mano la Pellegrina delle Ere dal tuo cimitero.", "type": "Creatura — Spirito"}, {"identifiers": {"multiverseId": "592147", "scryfallId": "df9f99de-96cb-4f16-90a8-6cf8b19ff5ca"}, "language": "Japanese", "multiverseId": 592147, "name": "星霜の巡礼者", "text": "星霜の巡礼者が戦場に出たとき、あなたは「あなたのライブラリーから基本平地・カード１枚を探し、公開し、あなたの手札に加える。その後、ライブラリーを切り直す。」を選んでもよい。\n{6}：あなたの墓地にある星霜の巡礼者をあなたの手札に戻す。", "type": "クリーチャー — スピリット"}, {"identifiers": {"multiverseId": "592534", "scryfallId": "8e41602e-8f10-4b0a-929e-634a7d6bb836"}, "language": "Chinese Simplified", "multiverseId": 592534, "name": "岁月朝圣客", "text": "当岁月朝圣客进战场时，你可以从你牌库中搜寻一张基本的平原牌，展示该牌，将它置于你手上，然后洗牌。\n{6}：将岁月朝圣客从你的坟墓场移回你手上。", "type": "生物 ～精怪"}], "frameVersion": "2015", "hasFoil": false, "hasNonFoil": true, "identifiers": {"cardsphereId": "96900", "mcmId": "686790", "mcmMetaId": "339074", "mtgjsonV4Id": "6acf8a29-9e58-513f-b7e8-3d41d1ae7479", "multiverseId": "591502", "scryfallCardBackId": "0aeebaf5-8c7d-4636-9e82-8c27447861f7", "scryfallId": "cca680ef-07e1-4e95-bf11-d2f7672857d8", "scryfallIllustrationId": "878f8096-b2db-493c-b02e-bd71a3ce76ea", "scryfallOracleId": "f67084bb-07f8-420a-ad6e-9ab9842d3ee6", "tcgplayerProductId": "455391"}, "isFoil": false, "isReprint": true, "language": "English", "layout": "normal", "legalities": {"brawl": "Legal", "commander": "Legal", "duel": "Legal", "explorer": "Legal", "gladiator": "Legal", "historic": "Legal", "legacy": "Legal", "modern": "Legal", "oathbreaker": "Legal", "pauper": "Legal", "paupercommander": "Legal", "pioneer": "Legal", "timeless": "Legal", "vintage": "Legal"}, "manaCost": "{2}{W}", "manaValue": 3.0, "name": "Pilgrim of the Ages", "number": "225", "originalText": "When Pilgrim of the Ages enters the battlefield, you may search your library for a basic Plains card, reveal it, put it into your hand, then shuffle.\n{6}: Return Pilgrim of the Ages from your graveyard to your hand.", "originalType": "Creature — Spirit", "power": "2", "printings": ["GN3", "J22", "STX"], "purchaseUrls": {"cardmarket": "https://mtgjson.com/links/91f16bbc6f086c3a", "tcgplayer": "https://mtgjson.com/links/512357a67c3d58e5"}, "rarity": "common", "setCode": "J22", "sourceProducts": {"nonfoil": ["31fd15cb-48ac-52b8-8f3c-84968a601869"]}, "subtypes": ["Spirit"], "supertypes": [], "text": "When Pilgrim of the Ages enters, you may search your library for a basic Plains card, reveal it, put it into your hand, then shuffle.\n{6}: Return Pilgrim of the Ages from your graveyard to your hand.", "toughness": "1", "type": "Creature — Spirit", "types": ["Creature"], "uuid": "a025f87d-ec23-51d2-8a4e-9493ecb260df"}, {"artist": "Franz Vohwinkel", "artistIds": ["3a243c17-3baa-4b53-9599-645311cd7d3d"], "availability": ["paper"], "boosterTypes": ["default"], "borderColor": "black", "colorIdentity": ["W"], "colors": ["W"], "convertedManaCost": 4.0, "count": 1, "edhrecRank": 22752, "finishes": ["nonfoil"], "flavorText": "For some customers, the old apothecary shop still opens its doors.", "foreignData": [{"flavorText": "Für besondere Kunden hat die alte Apotheke immer noch geöffnet.", "identifiers": {"multiverseId": "591555", "scryfallId": "04f90ce8-9e6a-49f3-8a58-2620c792c272"}, "language": "German", "multiverseId": 591555, "name": "Apothekergeist", "text": "Fliegend\nWenn der Apothekergeist ins Spiel kommt und falls du einen anderen Geist kontrollierst, erhältst du 3 Lebenspunkte dazu.", "type": "Kreatur — Geist"}, {"flavorText": "Para algunos clientes, la vieja botica aún abre sus puertas.", "identifiers": {"multiverseId": "591684", "scryfallId": "c895376c-b2a1-49b5-acaa-2794e046e231"}, "language": "Spanish", "multiverseId": 591684, "name": "Geist boticario", "text": "Vuela.\nCuando el Geist boticario entre al campo de batalla, si controlas otro Espíritu, ganas 3 vidas.", "type": "Criatura — Espíritu"}, {"flavorText": "Pour certains clients, la porte de la vieille apothicairerie est toujours ouverte.", "identifiers": {"multiverseId": "591813", "scryfallId": "a05798da-8e39-4f86-81ec-dd642c5f37a1"}, "language": "French", "multiverseId": 591813, "name": "Geist apothicaire", "text": "Vol\nQuand le Geist apothicaire arrive sur le champ de bataille, si vous contrôlez un autre esprit, vous gagnez 3 points de vie.", "type": "Créature : esprit"}, {"flavorText": "Per alcuni clienti, la vecchia officina dello speziale apre ancora le sue porte.", "identifiers": {"multiverseId": "591942", "scryfallId": "6d92e49a-5497-4520-9b89-510fb68f29e6"}, "language": "Italian", "multiverseId": 591942, "name": "Geist Speziale", "text": "Volare\nQuando il Geist Speziale entra nel campo di battaglia, se controlli un altro Spirito, guadagni 3 punti vita.", "type": "Creatura — Spirito"}, {"flavorText": "その古い薬剤師の店は、今でも客を迎え入れることがある。", "identifiers": {"multiverseId": "592071", "scryfallId": "f22fedb4-e8c0-49dc-a6a1-0d47dbc4eb75"}, "language": "Japanese", "multiverseId": 592071, "name": "薬剤師の霊", "text": "飛行\n薬剤師の霊が戦場に出たとき、あなたがこれでないスピリットをコントロールしている場合、あなたは３点のライフを得る。", "type": "クリーチャー — スピリット"}, {"flavorText": "对一些顾客来说，这间古旧药房仍旧开门迎客。", "identifiers": {"multiverseId": "592458", "scryfallId": "3d8ade41-5af4-4c61-a22f-3ab271ab2328"}, "language": "Chinese Simplified", "multiverseId": 592458, "name": "药剂师游魂", "text": "飞行\n当药剂师游魂进战场时，若你操控另一个精怪，则你获得3点生命。", "type": "生物 ～精怪"}], "frameVersion": "2015", "hasFoil": false, "hasNonFoil": true, "identifiers": {"cardsphereId": "96873", "mcmId": "686956", "mcmMetaId": "222265", "mtgjsonV4Id": "547dd552-9d29-56a5-8959-3948427043db", "multiverseId": "591426", "scryfallCardBackId": "0aeebaf5-8c7d-4636-9e82-8c27447861f7", "scryfallId": "d8dfc4f5-5103-4e60-9c54-2aff113dc4b7", "scryfallIllustrationId": "023706e3-fa3b-42bc-95c1-00ebdacd2ad6", "scryfallOracleId": "3420da71-0af4-46b4-a994-91a82332d0fb", "tcgplayerProductId": "455302"}, "isFoil": false, "isReprint": true, "keywords": ["Flying"], "language": "English", "layout": "normal", "legalities": {"brawl": "Legal", "commander": "Legal", "duel": "Legal", "explorer": "Legal", "gladiator": "Legal", "historic": "Legal", "legacy": "Legal", "modern": "Legal", "oathbreaker": "Legal", "pauper": "Legal", "paupercommander": "Legal", "penny": "Legal", "pioneer": "Legal", "timeless": "Legal", "vintage": "Legal"}, "manaCost": "{3}{W}", "manaValue": 4.0, "name": "Apothecary Geist", "number": "149", "originalText": "Flying\nWhen Apothecary Geist enters the battlefield, if you control another Spirit, you gain 3 life.", "originalType": "Creature — Spirit", "power": "2", "printings": ["J22", "SIR", "SOI"], "purchaseUrls": {"cardmarket": "https://mtgjson.com/links/290712578b51a256", "tcgplayer": "https://mtgjson.com/links/0f1b5a3ac8293dcb"}, "rarity": "common", "setCode": "J22", "sourceProducts": {"nonfoil": ["31fd15cb-48ac-52b8-8f3c-84968a601869"]}, "subtypes": ["Spirit"], "supertypes": [], "text": "Flying\nWhen Apothecary Geist enters, if you control another Spirit, you gain 3 life.", "toughness": "3", "type": "Creature — Spirit", "types": ["Creature"], "uuid": "92590b11-6354-51ab-988b-1257288b1bd2"}, {"artist": "Kim Sokol", "artistIds": ["f2bd4ad3-6359-4592-9b34-90a70cfe1b61"], "availability": ["paper"], "boosterTypes": ["default"], "borderColor": "black", "colorIdentity": ["W"], "colors": ["W"], "convertedManaCost": 1.0, "count": 1, "edhrecRank": 15407, "edhrecSaltiness": 0.07, "finishes": ["nonfoil"], "flavorText": "\"If I'm going, I'm taking you with me!\"", "foreignData": [{"flavorText": "„Wenn ich gehen muss, nehme ich dich mit!\"", "identifiers": {"multiverseId": "591562", "scryfallId": "2e74f532-daec-49f0-9828-441d3937e7c7"}, "language": "German", "multiverseId": 591562, "name": "Gesegneter Widerstand", "text": "Eine Kreatur deiner Wahl, die du kontrollierst, erhält +2/+0 und Lebensverknüpfung bis zum Ende des Zuges. Wenn die Kreatur in diesem Zug stirbt, erzeuge einen 1/1 weißen Geist-Kreaturenspielstein mit Flugfähigkeit.", "type": "Spontanzauber"}, {"flavorText": "\"¡Si este es mi fin, morirán conmigo!\".", "identifiers": {"multiverseId": "591691", "scryfallId": "a53c6a9b-f30e-435c-8852-ca1b44eb2688"}, "language": "Spanish", "multiverseId": 591691, "name": "Desafío bendito", "text": "La criatura objetivo que controlas obtiene +2/+0 y gana la habilidad de vínculo vital hasta el final del turno. Cuando esa criatura muera este turno, crea una ficha de criatura Espíritu blanca 1/1 con la habilidad de volar.", "type": "Instantáneo"}, {"flavorText": "« Si je dois mourir, je vous emporterai avec moi ! »", "identifiers": {"multiverseId": "591820", "scryfallId": "b560573e-2600-4a9f-a473-1fd5c46c46c9"}, "language": "French", "multiverseId": 591820, "name": "Défiance bénie", "text": "Une créature ciblée que vous contrôlez gagne +2/+0 et acquiert le lien de vie jusqu'à la fin du tour. Quand cette créature meurt ce tour-ci, créez un jeton de créature 1/1 blanche Esprit avec le vol.", "type": "Éphémère"}, {"flavorText": "\"Se io cado, vi porterò con me!\"", "identifiers": {"multiverseId": "591949", "scryfallId": "29fb26c4-7cfa-445f-9481-0de2420b70e9"}, "language": "Italian", "multiverseId": 591949, "name": "Audacia Benedetta", "text": "Una creatura bersaglio che controlli prende +2/+0 e ha legame vitale fino alla fine del turno. Quando quella creatura muore in questo turno, crea una pedina creatura Spirito 1/1 bianca con volare.", "type": "Istantaneo"}, {"flavorText": "「どうせ逝くなら、お前らも道連れだ！」", "identifiers": {"multiverseId": "592078", "scryfallId": "7608f24b-7666-4ec9-b804-316e7fe35bab"}, "language": "Japanese", "multiverseId": 592078, "name": "祝福された反抗", "text": "あなたがコントロールしているクリーチャー１体を対象とする。ターン終了時まで、それは＋２/＋０の修整を受け絆魂を得る。このターンにそのクリーチャーが死亡したとき、飛行を持つ白の１/１のスピリット・クリーチャー・トークン１体を生成する。", "type": "インスタント"}, {"flavorText": "「如果我活不了，就带你一起走！」", "identifiers": {"multiverseId": "592465", "scryfallId": "b9327753-4f87-4a49-98d0-ef7ffa16b855"}, "language": "Chinese Simplified", "multiverseId": 592465, "name": "受福反抗", "text": "直到回合结束，目标由你操控的生物得+2/+0且获得系命异能。本回合中，当该生物死去时，派出一个1/1白色，具飞行异能的精怪衍生生物。", "type": "瞬间"}], "frameVersion": "2015", "hasFoil": false, "hasNonFoil": true, "identifiers": {"cardsphereId": "96874", "mcmId": "687085", "mcmMetaId": "345471", "mtgjsonV4Id": "5e5bc442-a998-5743-9e48-050c37ae000a", "multiverseId": "591433", "scryfallCardBackId": "0aeebaf5-8c7d-4636-9e82-8c27447861f7", "scryfallId": "d333e35c-ca90-4aaa-950a-48b5623c31a6", "scryfallIllustrationId": "35a09207-3fa7-4ba3-a074-fbae84ba7a3c", "scryfallOracleId": "04e3d36f-5dec-422c-a371-15e135fdface", "tcgplayerProductId": "455320"}, "isFoil": false, "isReprint": true, "language": "English", "layout": "normal", "legalities": {"brawl": "Legal", "commander": "Legal", "duel": "Legal", "explorer": "Legal", "gladiator": "Legal", "historic": "Legal", "legacy": "Legal", "modern": "Legal", "oathbreaker": "Legal", "pauper": "Legal", "paupercommander": "Legal", "pioneer": "Legal", "timeless": "Legal", "vintage": "Legal"}, "manaCost": "{W}", "manaValue": 1.0, "name": "Blessed Defiance", "number": "156", "originalText": "Target creature you control gets +2/+0 and gains lifelink until end of turn. When that creature dies this turn, create a 1/1 white Spirit creature token with flying.", "originalType": "Instant", "printings": ["DBL", "J22", "MID", "PLST"], "purchaseUrls": {"cardmarket": "https://mtgjson.com/links/6b66533ff14af3a2", "tcgplayer": "https://mtgjson.com/links/ab4c5accf000f003"}, "rarity": "common", "setCode": "J22", "sourceProducts": {"nonfoil": ["31fd15cb-48ac-52b8-8f3c-84968a601869"]}, "subtypes": [], "supertypes": [], "text": "Target creature you control gets +2/+0 and gains lifelink until end of turn. When that creature dies this turn, create a 1/1 white Spirit creature token with flying.", "type": "Instant", "types": ["Instant"], "uuid": "8cc051d1-7644-5144-93d8-c4e81b76f6a6"}, {"artist": "Kev Walker", "artistIds": ["f366a0ee-a0cd-466d-ba6a-90058c7a31a6"], "availability": ["paper"], "boosterTypes": ["default"], "borderColor": "black", "colorIdentity": ["W"], "colors": ["W"], "convertedManaCost": 4.0, "count": 1, "edhrecRank": 17292, "edhrecSaltiness": 0.36, "finishes": ["nonfoil"], "flavorText": "Giants and pit spawn attempted to topple the cathedral's pillars. The fine grit of their remains still swirls in the breeze outside.", "foreignData": [{"flavorText": "Riesen und Grubengezücht versuchten, die Säulen der Kathedrale umzuwerfen. Der Staub, der von ihnen übrig geblieben ist, weht immer noch durch die Straßen.", "identifiers": {"multiverseId": "591583", "scryfallId": "27333532-eaf2-4f5c-ab19-58a0bebebe24"}, "language": "German", "multiverseId": 591583, "name": "Göttliches Verdikt", "text": "Zerstöre eine angreifende oder blockende Kreatur deiner Wahl.", "type": "Spontanzauber"}, {"flavorText": "Gigantes y demonios intentaron derrumbar los pilares de la catedral. La delgada capa de sus restos aún se arremolina con la brisa allí afuera.", "identifiers": {"multiverseId": "591712", "scryfallId": "1b4c7226-47b8-48f6-a17f-170e2c152b12"}, "language": "Spanish", "multiverseId": 591712, "name": "Veredicto divino", "text": "Destruye la criatura atacante o bloqueadora objetivo.", "type": "Instantáneo"}, {"flavorText": "Les géants et l'engeance de l'Abîme essayèrent de renverser les piliers de la cathédrale. La poussière fine de leurs cendres tourbillonne encore dans la brise.", "identifiers": {"multiverseId": "591841", "scryfallId": "6afed987-54ee-4af9-93fb-5b3234e3dbda"}, "language": "French", "multiverseId": 591841, "name": "Verdict divin", "text": "Détruisez une créature attaquante ou bloqueuse ciblée.", "type": "Éphémère"}, {"flavorText": "I giganti e le progenie dell'abisso tentarono di far crollare i pilastri della cattedrale. La polvere fine dei loro resti continua a turbinare nella brezza all'esterno.", "identifiers": {"multiverseId": "591970", "scryfallId": "0d2f1061-d24c-47aa-955e-ec500145c38a"}, "language": "Italian", "multiverseId": 591970, "name": "Verdetto Divino", "text": "Distruggi una creatura attaccante o bloccante bersaglio.", "type": "Istantaneo"}, {"flavorText": "巨人や奈落の落とし子たちは、聖堂の柱を倒そうとしていた。彼らの残骸の塵は、いまだに外の風に舞っている。", "identifiers": {"multiverseId": "592099", "scryfallId": "1464b5f0-010a-4dac-aa5b-b531e955b586"}, "language": "Japanese", "multiverseId": 592099, "name": "神聖なる評決", "text": "攻撃クリーチャーやブロック・クリーチャーのうち１体を対象とする。それを破壊する。", "type": "インスタント"}, {"flavorText": "巨人与暗渊魔裔曾试图弄垮教堂础柱。他们遗体所化的尘埃至今仍随着门外微风打转。", "identifiers": {"multiverseId": "592486", "scryfallId": "1670bb70-8a0c-41d7-8201-b8b083e6a743"}, "language": "Chinese Simplified", "multiverseId": 592486, "name": "明圣裁定", "text": "消灭目标进行攻击或阻挡的生物。", "type": "瞬间"}], "frameVersion": "2015", "hasFoil": false, "hasNonFoil": true, "identifiers": {"cardsphereId": "96876", "mcmId": "686564", "mcmMetaId": "10567", "mtgjsonV4Id": "893d1cc6-a3d8-5679-92c3-190e24a4d57b", "multiverseId": "591454", "scryfallCardBackId": "0aeebaf5-8c7d-4636-9e82-8c27447861f7", "scryfallId": "9bb9d872-3ea5-4f8a-891e-00707c4ff5c0", "scryfallIllustrationId": "ca8495dd-5d23-482d-a75c-3008d67cec35", "scryfallOracleId": "3070f997-24f2-471d-af96-a2f3b588198e", "tcgplayerProductId": "455145"}, "isFoil": false, "isReprint": true, "language": "English", "layout": "normal", "legalities": {"brawl": "Legal", "commander": "Legal", "duel": "Legal", "explorer": "Legal", "gladiator": "Legal", "historic": "Legal", "legacy": "Legal", "modern": "Legal", "oathbreaker": "Legal", "pauper": "Legal", "paupercommander": "Legal", "penny": "Legal", "pioneer": "Legal", "predh": "Legal", "timeless": "Legal", "vintage": "Legal"}, "manaCost": "{3}{W}", "manaValue": 4.0, "name": "Divine Verdict", "number": "177", "originalText": "Destroy target attacking or blocking creature.", "originalType": "Instant", "printings": ["J22", "M10", "M13", "M15", "ORI", "RIX", "THS", "W17"], "purchaseUrls": {"cardmarket": "https://mtgjson.com/links/28d817fcec6003d8", "tcgplayer": "https://mtgjson.com/links/8e8736693750604c"}, "rarity": "common", "rulings": [{"date": "2009-10-01", "text": "A “blocking creature” is one that has been declared as a blocker this combat, or one that was put onto the battlefield blocking this combat. Unless that creature leaves combat, it continues to be a blocking creature through the end of combat step, even if the creature or creatures it was blocking are no longer on the battlefield or have otherwise left combat."}, {"date": "2009-10-01", "text": "An “attacking creature” is one that has been declared as an attacker this combat, or one that was put onto the battlefield attacking this combat. Unless that creature leaves combat, it continues to be an attacking creature through the end of combat step, even if the player it was attacking has left the game, or the planeswalker it was attacking has left combat."}, {"date": "2012-07-01", "text": "Destroying a blocking creature won't cause any of the creatures it was blocking to become unblocked. They won't deal combat damage to the defending player or planeswalker (unless they have trample)."}], "setCode": "J22", "sourceProducts": {"nonfoil": ["31fd15cb-48ac-52b8-8f3c-84968a601869"]}, "subtypes": [], "supertypes": [], "text": "Destroy target attacking or blocking creature.", "type": "Instant", "types": ["Instant"], "uuid": "a1e0933c-e62a-5ac2-b0ea-85890670cb1e"}, {"artist": "Darek Zabrocki", "artistIds": ["904ed2e7-9850-4472-802f-2657c53dd4d8"], "availability": ["paper"], "boosterTypes": ["default"], "borderColor": "black", "colorIdentity": ["W"], "colors": ["W"], "convertedManaCost": 2.0, "count": 1, "edhrecRank": 14507, "finishes": ["nonfoil"], "flavorText": "Visit the dead, and they may return the favor.", "foreignData": [{"flavorText": "Besuche die Toten und womöglich werden sie sich dafür erkenntlich zeigen.", "identifiers": {"multiverseId": "591628", "scryfallId": "0185a96f-b861-4caa-a263-d58cf2f04e4f"}, "language": "German", "multiverseId": 591628, "name": "Unvergessen", "text": "Lege eine Karte deiner Wahl aus einem Friedhof auf oder unter die Bibliothek ihres Besitzers. Erzeuge einen 1/1 weißen Geist-Kreaturenspielstein mit Flugfähigkeit.", "type": "Hexerei"}, {"flavorText": "Visita a los muertos y puede que ellos te devuelvan el favor.", "identifiers": {"multiverseId": "591757", "scryfallId": "8eb84cb4-eceb-4749-856d-d914252706c5"}, "language": "Spanish", "multiverseId": 591757, "name": "No olvidado", "text": "Pon la carta objetivo de un cementerio en la parte superior o inferior de la biblioteca de su propietario. Crea una ficha de criatura Espíritu blanca 1/1 con la habilidad de volar.", "type": "Conjuro"}, {"flavorText": "Rendez visite aux morts et ils pourraient vous rendre la pareille.", "identifiers": {"multiverseId": "591886", "scryfallId": "c2af388e-f5ce-4c41-a977-9dea6df49dc7"}, "language": "French", "multiverseId": 591886, "name": "Jamais oublié", "text": "Mettez une carte ciblée depuis un cimetière au-dessus ou au-dessous de la bibliothèque de son propriétaire. Créez un jeton de créature 1/1 blanche Esprit avec le vol.", "type": "Rituel"}, {"flavorText": "Rendi visita ai morti e potrebbero ricambiare il favore.", "identifiers": {"multiverseId": "592015", "scryfallId": "bbf39091-7a33-445f-a908-da6cec461807"}, "language": "Italian", "multiverseId": 592015, "name": "Mai Dimenticato", "text": "Metti una carta bersaglio da un cimitero in cima o in fondo al grimorio del suo proprietario. Crea una pedina creatura Spirito 1/1 bianca con volare.", "type": "Stregoneria"}, {"flavorText": "死者を篤く弔えば、それに応えてくれるだろう。", "identifiers": {"multiverseId": "592144", "scryfallId": "d8efd579-bc4f-4f54-b356-c2ae91aa636c"}, "language": "Japanese", "multiverseId": 592144, "name": "忘られじ", "text": "墓地にあるカード１枚を対象とする。それをオーナーのライブラリーの一番上か一番下に置く。飛行を持つ白の１/１のスピリット・クリーチャー・トークン１体を生成する。", "type": "ソーサリー"}, {"flavorText": "前去凭吊死者，或会得其回访为报。", "identifiers": {"multiverseId": "592531", "scryfallId": "c0d1e866-ea17-4cce-b858-4f1d575a03e0"}, "language": "Chinese Simplified", "multiverseId": 592531, "name": "殁世不忘", "text": "将目标牌从坟墓场置于其拥有者的牌库顶或牌库底。派出一个1/1白色，具飞行异能的精怪衍生生物。", "type": "法术"}], "frameVersion": "2015", "hasFoil": false, "hasNonFoil": true, "identifiers": {"cardsphereId": "96895", "mcmId": "686860", "mcmMetaId": "222276", "mtgjsonV4Id": "aacd3b3e-6dc4-534a-ae53-aeb2a45bf6cf", "multiverseId": "591499", "scryfallCardBackId": "0aeebaf5-8c7d-4636-9e82-8c27447861f7", "scryfallId": "05860b72-fb1b-44d8-9275-12863724a9ef", "scryfallIllustrationId": "b176fde4-5fe1-4bf5-8527-d7dc760d83d2", "scryfallOracleId": "e0fa6d08-1808-4a29-b1e4-5cec9d31d798", "tcgplayerProductId": "455387"}, "isFoil": false, "isReprint": true, "language": "English", "layout": "normal", "legalities": {"commander": "Legal", "duel": "Legal", "legacy": "Legal", "modern": "Legal", "oathbreaker": "Legal", "pioneer": "Legal", "vintage": "Legal"}, "manaCost": "{1}{W}", "manaValue": 2.0, "name": "Not Forgotten", "number": "222", "originalText": "Put target card from a graveyard on the top or bottom of its owner's library. Create a 1/1 white Spirit creature token with flying.", "originalType": "Sorcery", "printings": ["J22", "SOI"], "purchaseUrls": {"cardmarket": "https://mtgjson.com/links/097eb8351edece0b", "tcgplayer": "https://mtgjson.com/links/7c9b4db7e2ed1ac1"}, "rarity": "uncommon", "rulings": [{"date": "2016-04-08", "text": "You choose whether to put the target card on the top or bottom of its owner’s library as Not Forgotten resolves."}, {"date": "2016-04-08", "text": "You get the Spirit token, not the owner of the target card."}], "setCode": "J22", "sourceProducts": {"nonfoil": ["31fd15cb-48ac-52b8-8f3c-84968a601869"]}, "subtypes": [], "supertypes": [], "text": "Put target card from a graveyard on the top or bottom of its owner's library. Create a 1/1 white Spirit creature token with flying.", "type": "Sorcery", "types": ["Sorcery"], "uuid": "ce5212ff-d4ea-5834-9ea2-a05975d192dc"}, {"artist": "Bruno Biazotto", "artistIds": ["18947a30-a1b4-4b0d-979e-ef1f2a080f35"], "availability": ["paper"], "boosterTypes": ["default"], "borderColor": "black", "colorIdentity": ["W"], "colors": ["W"], "convertedManaCost": 3.0, "count": 1, "edhrecRank": 4748, "edhrecSaltiness": 0.25, "finishes": ["nonfoil"], "foreignData": [{"identifiers": {"multiverseId": "589608", "scryfallId": "a1ecae6f-37f3-4315-8054-1ed81ef8b6c2"}, "language": "German", "multiverseId": 589608, "name": "Ketten der Obhut", "text": "Verzaubert eine Kreatur, die du kontrollierst\nWenn die Ketten der Obhut ins Spiel kommen, schicke eine bleibende Karte deiner Wahl, die kein Land ist und die ein Gegner kontrolliert, ins Exil, bis die Ketten der Obhut das Spiel verlassen.\nDie verzauberte Kreatur hat Abwehr {2}. (Immer wenn sie das Ziel eines Zauberspruchs oder einer Fähigkeit wird, den bzw. die ein Gegner kontrolliert, neutralisiere ihn bzw. sie, es sei denn, jener Spieler bezahlt {2}.)", "type": "Verzauberung — Aura"}, {"identifiers": {"multiverseId": "589659", "scryfallId": "b6a7d1ba-5c5d-4540-a781-73417967e99c"}, "language": "Spanish", "multiverseId": 589659, "name": "Cadenas de custodia", "text": "Encantar criatura que controlas.\nCuando las Cadenas de custodia entren al campo de batalla, exilia el permanente objetivo que no sea tierra que controla un oponente hasta que las Cadenas de custodia dejen el campo de batalla.\nLa criatura encantada tiene la habilidad de rebatir {2}. (Siempre que sea objetivo de un hechizo o habilidad que controla un oponente, contrarréstalo a menos que ese jugador pague {2}.)", "type": "Encantamiento — Aura"}, {"identifiers": {"multiverseId": "589710", "scryfallId": "3589a8fc-b47b-4a40-873b-69418a091078"}, "language": "French", "multiverseId": 589710, "name": "Chaînes de détention", "text": "Enchanter : une créature que vous contrôlez\nQuand les Chaînes de détention arrivent sur le champ de bataille, exilez un permanent non-terrain ciblé qu'un adversaire contrôle jusqu'à ce que les Chaînes de détention quittent le champ de bataille.\nLa créature enchantée a parade {2}. (À chaque fois qu'elle devient la cible d'un sort ou d'une capacité qu'un adversaire contrôle, contrecarrez ce sort ou cette capacité à moins que ce joueur ne paie {2}.)", "type": "Enchantement : aura"}, {"identifiers": {"multiverseId": "589761", "scryfallId": "c8b9c032-0344-4af7-832c-8b53f95f13d8"}, "language": "Italian", "multiverseId": 589761, "name": "Catene di Custodia", "text": "Incanta creatura che controlli\nQuando le Catene di Custodia entrano nel campo di battaglia, esilia un permanente non terra bersaglio controllato da un avversario finché le Catene di Custodia non lasciano il campo di battaglia.\nLa creatura incantata ha egida {2}. (Ogniqualvolta diventa bersaglio di una magia o abilità controllata da un avversario, neutralizza quella magia o abilità a meno che quel giocatore non paghi {2}.)", "type": "Incantesimo — Aura"}, {"identifiers": {"multiverseId": "589812", "scryfallId": "95c520c9-7d7d-4e29-841a-21b921128d1a"}, "language": "Japanese", "multiverseId": 589812, "name": "拘束の鎖", "text": "エンチャント（あなたがコントロールしているクリーチャー）\n拘束の鎖が戦場に出たとき、対戦相手がコントロールしていて土地でないパーマネント１つを対象とする。それを拘束の鎖が戦場を離れるまで追放する。\nエンチャントしているクリーチャーは護法{2}を持つ。（それが対戦相手がコントロールしている呪文や能力の対象になるたび、そのプレイヤーが{2}を支払わないかぎり、その呪文や能力を打ち消す。）", "type": "エンチャント — オーラ"}, {"identifiers": {"multiverseId": "589965", "scryfallId": "7c316fb3-38bd-4215-ba32-234f15e2299d"}, "language": "Chinese Simplified", "multiverseId": 589965, "name": "监护锁链", "text": "结附于由你操控的生物\n当监护锁链进战场时，放逐目标由对手操控的非地永久物，直到监护锁链离开战场为止。\n所结附的生物具有守护{2}。（每当它成为由对手操控之咒语或异能的目标时，除非该牌手支付{2}，否则反击之。）", "type": "结界 ～灵气"}], "frameVersion": "2015", "hasFoil": false, "hasNonFoil": true, "identifiers": {"cardsphereId": "96877", "mcmId": "686491", "mcmMetaId": "414720", "mtgjsonV4Id": "d9bf9251-d861-5281-ba61-1f5d960a5bf2", "multiverseId": "589557", "scryfallCardBackId": "0aeebaf5-8c7d-4636-9e82-8c27447861f7", "scryfallId": "94a1a840-bcdc-4d6f-a28d-9805578473f6", "scryfallIllustrationId": "70043d4f-52c3-459a-a43c-6fa6ca975742", "scryfallOracleId": "5acff7a3-bc84-4251-bd37-80231396ac38", "tcgplayerProductId": "454999"}, "isFoil": false, "keywords": ["Enchant"], "language": "English", "layout": "normal", "legalities": {"commander": "Legal", "duel": "Legal", "legacy": "Legal", "oathbreaker": "Legal", "pauper": "Legal", "paupercommander": "Legal", "vintage": "Legal"}, "manaCost": "{2}{W}", "manaValue": 3.0, "name": "Chains of Custody", "number": "3", "originalText": "Enchant creature you control\nWhen Chains of Custody enters the battlefield, exile target nonland permanent an opponent controls until Chains of Custody leaves the battlefield.\nEnchanted creature has ward {2}. (Whenever it becomes the target of a spell or ability an opponent controls, counter it unless that player pays {2}.)", "originalType": "Enchantment — Aura", "printings": ["J22"], "purchaseUrls": {"cardmarket": "https://mtgjson.com/links/f8d3bf219e8dd3a8", "tcgplayer": "https://mtgjson.com/links/f17ef1529d61faff"}, "rarity": "common", "rulings": [{"date": "2022-12-02", "text": "Auras attached to the exiled permanent will be put into their owners' graveyards. Equipment attached to an exiled creature will become unattached and remain on the battlefield. Any counters on the exiled permanent will cease to exist."}, {"date": "2022-12-02", "text": "Chains of Custody's ability is a single ability that creates two one-shot effects: one that exiles the permanent when the ability resolves, and another that returns the exiled card to the battlefield immediately after Chains of Custody leaves the battlefield."}, {"date": "2022-12-02", "text": "If Chains of Custody leaves the battlefield before its enters-the-battlefield ability resolves, the target permanent won't be exiled."}, {"date": "2022-12-02", "text": "If a token is exiled, it ceases to exist. It won't be returned to the battlefield."}, {"date": "2022-12-02", "text": "In a multiplayer game, if Chains of Custody's owner leaves the game, the exiled card will return to the battlefield. Because the one-shot effect that returns the card isn't an ability that goes on the stack, it won't cease to exist along with the leaving player's spells and abilities on the stack."}], "setCode": "J22", "sourceProducts": {"nonfoil": ["31fd15cb-48ac-52b8-8f3c-84968a601869"]}, "subtypes": ["Aura"], "supertypes": [], "text": "Enchant creature you control\nWhen Chains of Custody enters, exile target nonland permanent an opponent controls until Chains of Custody leaves the battlefield.\nEnchanted creature has ward {2}. (Whenever it becomes the target of a spell or ability an opponent controls, counter it unless that player pays {2}.)", "type": "Enchantment — Aura", "types": ["Enchantment"], "uuid": "7dc970af-bbc9-510b-9e80-19926c6e80dd"}, {"artist": "Alayna Danner", "artistIds": ["bb677b1a-ce51-4888-83d6-5a94de461ff9"], "availability": ["paper"], "boosterTypes": ["default"], "borderColor": "black", "colorIdentity": ["W"], "colors": [], "convertedManaCost": 0.0, "count": 1, "edhrecRank": 1293, "edhrecSaltiness": 0.02, "finishes": ["nonfoil"], "flavorText": "Wildflowers here bloom not with the season but with the ebb and flow of magic.", "foreignData": [{"flavorText": "Die Blüte der Wildblumen richtet sich hier nicht nach den Jahreszeiten, sondern nach den Gezeiten der Magie.", "identifiers": {"multiverseId": "596328", "scryfallId": "08f3970a-2643-409e-bf95-6e55f2e5b41d"}, "language": "German", "multiverseId": 596328, "name": "Gedeihende Heide", "text": "Die Gedeihende Heide kommt getappt ins Spiel.\nSowie die Gedeihende Heide ins Spiel kommt, bestimme eine Farbe außer Weiß.\n{T}: Erzeuge {W} oder ein Mana der bestimmten Farbe.", "type": "Land"}, {"flavorText": "Las flores salvajes de aquí no florecen según las estaciones, sino según los altibajos y el flujo de la magia.", "identifiers": {"multiverseId": "596415", "scryfallId": "22a7f352-acab-4326-bf4c-1251b689e12d"}, "language": "Spanish", "multiverseId": 596415, "name": "Brezal floreciente", "text": "El Brezal floreciente entra al campo de batalla girado.\nEn cuanto el Brezal floreciente entre al campo de batalla, elige un color que no sea blanco.\n{T}: Agrega {W} o un maná del color elegido.", "type": "Tierra"}, {"flavorText": "Ici, les fleurs sauvages s'épanouissent non pas au gré des saisons mais au gré des flux de magie.", "identifiers": {"multiverseId": "596502", "scryfallId": "a9ccbe15-1362-4a6c-b452-a4afc5940af9"}, "language": "French", "multiverseId": 596502, "name": "Prairie prospère", "text": "La Prairie prospère arrive sur le champ de bataille engagée.\nAu moment où la Prairie prospère arrive sur le champ de bataille, choisissez une couleur autre que le blanc.\n{T} : Ajoutez {W} ou un mana de la couleur choisie.", "type": "Terrain"}, {"flavorText": "I fiori selvatici qui non sbocciano in base alle stagioni, ma seguendo il fluire della magia.", "identifiers": {"multiverseId": "596589", "scryfallId": "2da38f37-174d-4361-ada9-a36bf95f208a"}, "language": "Italian", "multiverseId": 596589, "name": "Brughiera Florida", "text": "La Brughiera Florida entra nel campo di battaglia TAPpata.\nMentre la Brughiera Florida entra nel campo di battaglia, scegli un colore diverso dal bianco.\n{T}: Aggiungi {W} o un mana del colore scelto.", "type": "Terra"}, {"flavorText": "季節ではなく魔法の干満に従って野生の花が咲く。", "identifiers": {"multiverseId": "596676", "scryfallId": "d185fa85-2a01-4df0-9d1f-0336c0ec805e"}, "language": "Japanese", "multiverseId": 596676, "name": "興隆する荒野", "text": "興隆する荒野はタップ状態で戦場に出る。\n興隆する荒野が戦場に出るに際し、白でない色１色を選ぶ。\n{T}：{W}か、その選ばれた色のマナ１点を加える。", "type": "土地"}, {"flavorText": "驱使这片野花绽放的，并非季节更替，而是魔力起伏。", "identifiers": {"multiverseId": "596937", "scryfallId": "475e4f69-7145-45f7-819a-a06e9bc95e6b"}, "language": "Chinese Simplified", "multiverseId": 596937, "name": "兴旺荒地", "text": "兴旺荒地须横置进战场。\n于兴旺荒地进战场时，选择一种白色以外的颜色。\n{T}：加{W}或一点所选颜色的法术力。", "type": "地"}], "frameVersion": "2015", "hasFoil": false, "hasNonFoil": true, "identifiers": {"cardsphereId": "96894", "mcmId": "687386", "mcmMetaId": "308454", "mtgjsonV4Id": "d6b4e444-816e-530a-96f8-49445b559262", "multiverseId": "596241", "scryfallCardBackId": "0aeebaf5-8c7d-4636-9e82-8c27447861f7", "scryfallId": "ffa01378-4d7f-4700-9303-f0535468dc62", "scryfallIllustrationId": "a1053374-9774-4ca6-bb77-1f55ca3c079b", "scryfallOracleId": "d1946630-e224-40db-8f0d-388b09622288", "tcgplayerProductId": "455123"}, "isFoil": false, "isReprint": true, "language": "English", "layout": "normal", "legalities": {"brawl": "Legal", "commander": "Legal", "duel": "Legal", "gladiator": "Legal", "historic": "Legal", "legacy": "Legal", "oathbreaker": "Legal", "pauper": "Legal", "paupercommander": "Legal", "timeless": "Legal", "vintage": "Legal"}, "manaValue": 0.0, "name": "Thriving Heath", "number": "824", "originalText": "Thriving Heath enters the battlefield tapped.\nAs Thriving Heath enters the battlefield, choose a color other than white.\n{T}: Add {W} or one mana of the chosen color.", "originalType": "Land", "printings": ["AFC", "BLC", "CLU", "CMM", "J22", "JMP", "LCC", "MOC", "NCC", "WHO"], "purchaseUrls": {"cardmarket": "https://mtgjson.com/links/c8bfa7e4faf5e22f", "tcgplayer": "https://mtgjson.com/links/03d0b84424c2330b"}, "rarity": "common", "setCode": "J22", "sourceProducts": {"nonfoil": ["31fd15cb-48ac-52b8-8f3c-84968a601869"]}, "subtypes": [], "supertypes": [], "text": "Thriving Heath enters tapped. As it enters, choose a color other than white.\n{T}: Add {W} or one mana of the chosen color.", "type": "Land", "types": ["Land"], "uuid": "a04e9563-a925-5006-9eff-d8d21379a5f0"}, {"artist": "John Avon", "artistIds": ["798f3932-30e0-4420-aa3f-db4d613f89ca"], "availability": ["paper"], "boosterTypes": ["default"], "borderColor": "black", "colorIdentity": ["W"], "colors": [], "convertedManaCost": 0.0, "count": 7, "edhrecSaltiness": 0.28, "finishes": ["nonfoil"], "foreignData": [{"identifiers": {"multiverseId": "597760", "scryfallId": "fddf58f4-5581-4143-8b97-879bf79cd090"}, "language": "German", "multiverseId": 597760, "name": "Ebene", "type": "Standardland — Ebene"}, {"identifiers": {"multiverseId": "597775", "scryfallId": "ec593f16-cbc5-4315-8248-293e1451f9d8"}, "language": "Spanish", "multiverseId": 597775, "name": "Llanura", "type": "Tierra básica — Llanura"}, {"identifiers": {"multiverseId": "597790", "scryfallId": "b7a43dd2-3bc7-4806-b8a8-178297dbb17d"}, "language": "French", "multiverseId": 597790, "name": "Plaine", "type": "Terrain de base : plaine"}, {"identifiers": {"multiverseId": "597805", "scryfallId": "874ae837-5ef5-4cc7-bffc-226992d646a4"}, "language": "Italian", "multiverseId": 597805, "name": "Pianura", "type": "Terra Base — Pianura"}, {"identifiers": {"multiverseId": "597820", "scryfallId": "976f23b2-74cd-4251-8d63-5d74a30e25b2"}, "language": "Japanese", "multiverseId": 597820, "name": "平地", "type": "基本土地 — 平地"}, {"identifiers": {"multiverseId": "597865", "scryfallId": "75e91988-b7a7-4a9f-9f64-6f78a7411ed3"}, "language": "Chinese Simplified", "multiverseId": 597865, "name": "平原", "type": "基本地 ～平原"}], "frameVersion": "2015", "hasFoil": false, "hasNonFoil": true, "identifiers": {"cardsphereId": "97087", "mtgjsonV4Id": "edc1ce30-9de6-5930-a4c1-6b2823beced6", "multiverseId": "597745", "scryfallCardBackId": "0aeebaf5-8c7d-4636-9e82-8c27447861f7", "scryfallId": "0a479838-b6b1-4d83-9104-0a79f3b934c7", "scryfallIllustrationId": "4e796899-39a3-4ba0-b300-5ae650de1483", "scryfallOracleId": "bc71ebf6-2056-41f7-be35-b2e5c34afa99", "tcgplayerProductId": "455242"}, "isFoil": false, "isReprint": true, "language": "English", "layout": "normal", "legalities": {"alchemy": "Legal", "brawl": "Legal", "commander": "Legal", "duel": "Legal", "explorer": "Legal", "future": "Legal", "gladiator": "Legal", "historic": "Legal", "legacy": "Legal", "modern": "Legal", "oathbreaker": "Legal", "pauper": "Legal", "paupercommander": "Legal", "penny": "Legal", "pioneer": "Legal", "predh": "Legal", "premodern": "Legal", "standard": "Legal", "standardbrawl": "Legal", "timeless": "Legal", "vintage": "Legal"}, "manaValue": 0.0, "name": "Plains", "number": "98", "originalType": "Basic Land — Plains", "printings": ["10E", "2ED", "2XM", "30A", "3ED", "40K", "4BB", "4ED", "5ED", "6ED", "7ED", "8ED", "9ED", "ACR", "AFR", "AKH", "AKR", "ALA", "ANA", "ANB", "ARC", "ATH", "AVR", "BBD", "BFZ", "BLB", "BRB", "BRC", "BRO", "C13", "C14", "C15", "C16", "C17", "C18", "C19", "CED", "CEI", "CHK", "CLB", "CLU", "CM2", "CMA", "CMD", "CMM", "CMR", "CST", "DDC", "DDE", "DDF", "DDG", "DDH", "DDI", "DDK", "DDL", "DDN", "DDO", "DDP", "DDQ", "DMR", "DMU", "DOM", "DSK", "DTK", "DVD", "E01", "ELD", "FBB", "FDN", "FRF", "G17", "GK1", "GK2", "GN2", "GN3", "GNT", "GRN", "GS1", "H09", "HBG", "HOP", "HOU", "ICE", "IKO", "INV", "ISD", "ITP", "J14", "J22", "JMP", "KHM", "KLD", "KLR", "KTK", "LCI", "LEA", "LEB", "LRW", "LTR", "M10", "M11", "M12", "M13", "M14", "M15", "M19", "M20", "M21", "MBS", "MD1", "ME1", "ME3", "MH2", "MH3", "MID", "MIR", "MKM", "MMQ", "MOM", "MRD", "NEO", "NPH", "ODY", "OLEP", "ONE", "ONS", "ORI", "OTJ", "P02", "P23", "PAL00", "PAL01", "PAL03", "PAL04", "PAL05", "PAL06", "PAL99", "PALP", "PANA", "PARL", "PC2", "PCA", "PDGM", "PELP", "PF19", "PF20", "PGPX", "PGRU", "PIP", "PLST", "PMPS", "PMPS06", "PMPS07", "PMPS08", "PMPS09", "PMPS10", "PMPS11", "POR", "PPP1", "PRM", "PRW2", "PRWK", "PS11", "PSAL", "PSS2", "PSS3", "PSS4", "PTC", "PTK", "PZ2", "RAV", "REX", "RIX", "RNA", "ROE", "RQS", "RTR", "S99", "SCD", "SHM", "SIR", "SLD", "SLP", "SNC", "SOI", "SOM", "STX", "SUM", "TD0", "TD2", "THB", "THS", "TMP", "TPR", "TSP", "UGL", "UND", "UNF", "UNH", "USG", "UST", "VOW", "WAR", "WC00", "WC02", "WC03", "WC04", "WC97", "WC98", "WHO", "WOE", "XANA", "XLN", "ZEN", "ZNR"], "purchaseUrls": {"tcgplayer": "https://mtgjson.com/links/6ef067641b299bdf"}, "rarity": "common", "setCode": "J22", "sourceProducts": {"nonfoil": ["31fd15cb-48ac-52b8-8f3c-84968a601869"]}, "subtypes": ["Plains"], "supertypes": ["Basic"], "text": "({T}: Add {W}.)", "type": "Basic Land — Plains", "types": ["Land"], "uuid": "8d85452d-cbb7-56ab-af92-737a8dade8d8", "variations": ["3a5e8b25-5db5-5de4-ade0-9131700eb16f", "1feb83ee-4542-576a-9f09-5a08d3c7d0ac"]}], "name": "Spirits 1", "releaseDate": "2022-12-02", "sealedProductUuids": null, "sideBoard": [], "type": "Jumpstart"}}