{"meta": {"date": "2024-09-03", "version": "5.2.2+20240903"}, "data": {"code": "JMP", "commander": [], "mainBoard": [{"artist": "Slawomir Maniak", "artistIds": ["d887bc66-2779-416c-a1ff-d8720242063e"], "availability": ["arena", "paper"], "boosterTypes": ["default"], "borderColor": "black", "colorIdentity": ["B"], "colors": ["B"], "convertedManaCost": 6.0, "count": 1, "edhrecRank": 1277, "edhrecSaltiness": 0.18, "finishes": ["nonfoil"], "flavorText": "\"He is judge, jury, and executioner because he killed them all.\"\n—Bishop Cawle of Elgaud", "foreignData": [], "frameVersion": "2015", "hasFoil": false, "hasNonFoil": true, "identifiers": {"cardsphereId": "68673", "mcmId": "474449", "mcmMetaId": "205324", "mtgArenaId": "72305", "mtgjsonV4Id": "99edc83f-3c21-5af9-b752-4b096e4a590e", "multiverseId": "489249", "scryfallCardBackId": "0aeebaf5-8c7d-4636-9e82-8c27447861f7", "scryfallId": "870ebc0b-b748-4a21-b939-a48811451bba", "scryfallIllustrationId": "63e244d6-405b-46d2-b6c4-340b3edf1776", "scryfallOracleId": "5987ce77-10ad-4871-900a-5a005fcf4955", "tcgplayerProductId": "216571"}, "isFoil": false, "isReprint": true, "keywords": ["Deathtouch"], "language": "English", "layout": "normal", "legalities": {"brawl": "Legal", "commander": "Legal", "duel": "Legal", "gladiator": "Legal", "historic": "Legal", "legacy": "Legal", "modern": "Legal", "oathbreaker": "Legal", "penny": "Legal", "timeless": "Legal", "vintage": "Legal"}, "manaCost": "{4}{B}{B}", "manaValue": 6.0, "name": "Harvester of Souls", "number": "243", "power": "5", "printings": ["AVR", "CN2", "DDQ", "E01", "JMP", "P30A", "TSR"], "purchaseUrls": {"cardmarket": "https://mtgjson.com/links/2d8c4d7227bf2c9a", "tcgplayer": "https://mtgjson.com/links/d5ccaec2ebfb29de"}, "rarity": "rare", "rulings": [{"date": "2021-03-19", "text": "If another nontoken creature dies at the same time as Harvester of Souls, its ability triggers for that creature."}], "securityStamp": "oval", "setCode": "JMP", "sourceProducts": {"nonfoil": ["ca9092e8-a921-5e37-ab9d-4b0f76bb0d01"]}, "subtypes": ["Demon"], "supertypes": [], "text": "Deathtouch\nWhenever another nontoken creature dies, you may draw a card.", "toughness": "5", "type": "Creature — Demon", "types": ["Creature"], "uuid": "5cbad187-bf77-51f4-a81c-8e45f1081cd9"}, {"artist": "Yeong-Hao Han", "artistIds": ["f8e7f8d6-6dde-4059-973c-30f1fd1bbe4e"], "availability": ["arena", "paper"], "boosterTypes": ["default"], "borderColor": "black", "colorIdentity": ["B"], "colors": ["B"], "convertedManaCost": 4.0, "count": 1, "edhrecRank": 14748, "finishes": ["nonfoil"], "flavorText": "They are the first to greet dissenters on their journey into exile.", "foreignData": [], "frameVersion": "2015", "hasFoil": false, "hasNonFoil": true, "identifiers": {"cardsphereId": "68299", "mcmId": "472334", "mcmMetaId": "225585", "mtgArenaId": "72274", "mtgjsonV4Id": "0681397b-8304-56af-ae4c-d06dfcb00823", "multiverseId": "489218", "scryfallCardBackId": "0aeebaf5-8c7d-4636-9e82-8c27447861f7", "scryfallId": "80c57801-cc6f-4f1f-b401-7f621fdcfaaa", "scryfallIllustrationId": "d962f5ef-bcb3-4b97-8b32-d221c4f8fe6a", "scryfallOracleId": "2edf106d-f504-430e-ad9c-50fc95b0ad9c", "tcgplayerProductId": "215932"}, "isFoil": false, "isReprint": true, "keywords": ["Deathtouch", "Flying"], "language": "English", "layout": "normal", "legalities": {"brawl": "Legal", "commander": "Legal", "duel": "Legal", "explorer": "Legal", "gladiator": "Legal", "historic": "Legal", "legacy": "Legal", "modern": "Legal", "oathbreaker": "Legal", "pauper": "Legal", "paupercommander": "Legal", "pioneer": "Legal", "timeless": "Legal", "vintage": "Legal"}, "manaCost": "{3}{B}", "manaValue": 4.0, "name": "Bone Picker", "number": "212", "power": "3", "printings": ["2XM", "AKH", "AKR", "J22", "JMP"], "purchaseUrls": {"cardmarket": "https://mtgjson.com/links/3ee38ead7a7c08dd", "tcgplayer": "https://mtgjson.com/links/567d17024d9dc53d"}, "rarity": "uncommon", "rulings": [{"date": "2020-08-07", "text": "In a multiplayer game, a player may lose the game at the same time that their creatures die. If so, Bone Picker's cost reduction applies."}], "setCode": "JMP", "sourceProducts": {"nonfoil": ["ca9092e8-a921-5e37-ab9d-4b0f76bb0d01"]}, "subtypes": ["Bird"], "supertypes": [], "text": "This spell costs {3} less to cast if a creature died this turn.\nFlying, deathtouch", "toughness": "2", "type": "Creature — Bird", "types": ["Creature"], "uuid": "f4f67a4a-6f82-5392-9bb9-fe8b2930fa20"}, {"artist": "Tomasz Jedruszek", "artistIds": ["bba69285-2445-4a4b-a847-59397be972ea"], "availability": ["arena", "paper"], "boosterTypes": ["default"], "borderColor": "black", "colorIdentity": ["B"], "colors": ["B"], "convertedManaCost": 2.0, "count": 1, "edhrecRank": 13425, "finishes": ["nonfoil"], "flavorText": "\"They are called Eternals. They will never stop.\"\n—Jace Beleren", "foreignData": [], "frameVersion": "2015", "hasFoil": false, "hasNonFoil": true, "identifiers": {"cardsphereId": "68362", "mcmId": "473419", "mcmMetaId": "269308", "mtgArenaId": "72290", "mtgjsonV4Id": "62b75636-2d55-503b-ab2e-b7daef9124a8", "multiverseId": "489234", "scryfallCardBackId": "0aeebaf5-8c7d-4636-9e82-8c27447861f7", "scryfallId": "94a6644a-52e6-454e-a479-44b086240974", "scryfallIllustrationId": "c9c0fba6-6818-4cdc-83f4-f5cc2825c4ff", "scryfallOracleId": "a7c000a8-1864-4bb2-80fa-a61d74dbd966", "tcgplayerProductId": "216223"}, "isFoil": false, "isReprint": true, "language": "English", "layout": "normal", "legalities": {"brawl": "Legal", "commander": "Legal", "duel": "Legal", "explorer": "Legal", "gladiator": "Legal", "historic": "Legal", "legacy": "Legal", "modern": "Legal", "oathbreaker": "Legal", "paupercommander": "Restricted", "pioneer": "Legal", "timeless": "Legal", "vintage": "Legal"}, "manaCost": "{1}{B}", "manaValue": 2.0, "name": "Eternal Taskmaster", "number": "228", "power": "2", "printings": ["JMP", "WAR"], "purchaseUrls": {"cardmarket": "https://mtgjson.com/links/66118c65d6a184e5", "tcgplayer": "https://mtgjson.com/links/3fa1f5d28df65d62"}, "rarity": "uncommon", "rulings": [{"date": "2019-05-03", "text": "You can’t pay {2}{B} more than once each time Eternal Taskmaster’s ability resolves."}], "setCode": "JMP", "sourceProducts": {"nonfoil": ["ca9092e8-a921-5e37-ab9d-4b0f76bb0d01"]}, "subtypes": ["Zombie"], "supertypes": [], "text": "Eternal Taskmaster enters tapped.\nWhenever Eternal Taskmaster attacks, you may pay {2}{B}. If you do, return target creature card from your graveyard to your hand.", "toughness": "3", "type": "Creature — Zombie", "types": ["Creature"], "uuid": "4e8f6993-3a8e-558c-9c65-584df8bba4cc"}, {"artist": "Dave Allsop", "artistIds": ["99b8310a-4fd6-4ded-8ab7-3b5185821cbe"], "availability": ["arena", "paper"], "boosterTypes": ["default"], "borderColor": "black", "colorIdentity": ["B"], "colors": ["B"], "convertedManaCost": 5.0, "count": 1, "edhrecRank": 24072, "finishes": ["nonfoil"], "flavorText": "\"There it was, clawing the ice as it chittered and clicked its teeth. We fled in horror before it unearthed its grisly meal.\"\n—Aevar Borg, northern guide, journal entry", "foreignData": [], "frameVersion": "2015", "hasFoil": false, "hasNonFoil": true, "identifiers": {"cardsphereId": "68839", "mcmId": "474444", "mcmMetaId": "8206", "mtgArenaId": "72304", "mtgjsonV4Id": "f08f76e8-2ad2-5886-bed4-7d1185858911", "multiverseId": "489248", "scryfallCardBackId": "0aeebaf5-8c7d-4636-9e82-8c27447861f7", "scryfallId": "f1d6e32e-6479-48b3-93ae-da5378c09bb1", "scryfallIllustrationId": "f6a006c6-b5ee-4d50-8241-ee28b4ecf5d5", "scryfallOracleId": "419f4648-2ace-4bd4-9ae4-8d456688c089", "tcgplayerProductId": "216570"}, "isFoil": false, "isReprint": true, "language": "English", "layout": "normal", "legalities": {"brawl": "Legal", "commander": "Legal", "duel": "Legal", "gladiator": "Legal", "historic": "Legal", "legacy": "Legal", "modern": "Legal", "oathbreaker": "Legal", "paupercommander": "Restricted", "penny": "Legal", "predh": "Legal", "timeless": "Legal", "vintage": "Legal"}, "manaCost": "{4}{B}", "manaValue": 5.0, "name": "Gristle Grinner", "number": "242", "power": "3", "printings": ["CSP", "JMP"], "purchaseUrls": {"cardmarket": "https://mtgjson.com/links/0160c4e70b6ba375", "tcgplayer": "https://mtgjson.com/links/144ef52204647685"}, "rarity": "uncommon", "setCode": "JMP", "sourceProducts": {"nonfoil": ["ca9092e8-a921-5e37-ab9d-4b0f76bb0d01"]}, "subtypes": ["Zombie"], "supertypes": [], "text": "Whenever a creature dies, Gristle Grinner gets +2/+2 until end of turn.", "toughness": "3", "type": "Creature — Zombie", "types": ["Creature"], "uuid": "28f84ef1-a6e9-514b-96b5-249ff409ac5e"}, {"artist": "Aaron Miller", "artistIds": ["fc021f3d-773a-4706-bbe7-f602324f511f"], "availability": ["arena", "paper"], "boosterTypes": ["default"], "borderColor": "black", "colorIdentity": ["B"], "colors": ["B"], "convertedManaCost": 3.0, "count": 1, "edhrecRank": 10157, "finishes": ["nonfoil"], "flavorText": "The dragon who eats the last head in the basket is entitled to the servant's.", "foreignData": [], "frameVersion": "2015", "hasFoil": false, "hasNonFoil": true, "identifiers": {"cardsphereId": "68302", "mcmId": "472329", "mcmMetaId": "211306", "mtgArenaId": "72288", "mtgjsonV4Id": "0935a792-eeee-58b8-850e-37ccca13c97a", "multiverseId": "489232", "scryfallCardBackId": "0aeebaf5-8c7d-4636-9e82-8c27447861f7", "scryfallId": "f35fd9cd-795f-4a8b-b2e9-648f6273927e", "scryfallIllustrationId": "f670033e-37b9-4198-92e4-3027adee30d4", "scryfallOracleId": "e9195f10-8cc2-482a-9e28-0be9a37099b4", "tcgplayerProductId": "215933"}, "isFoil": false, "isReprint": true, "language": "English", "layout": "normal", "legalities": {"brawl": "Legal", "commander": "Legal", "duel": "Legal", "explorer": "Legal", "gladiator": "Legal", "historic": "Legal", "legacy": "Legal", "modern": "Legal", "oathbreaker": "Legal", "pauper": "Legal", "paupercommander": "Legal", "penny": "Legal", "pioneer": "Legal", "timeless": "Legal", "vintage": "Legal"}, "manaCost": "{2}{B}", "manaValue": 3.0, "name": "Dutiful Attendant", "number": "226", "power": "1", "printings": ["DTK", "JMP"], "purchaseUrls": {"cardmarket": "https://mtgjson.com/links/247cc7f331db5f80", "tcgplayer": "https://mtgjson.com/links/8fba085ca877ee30"}, "rarity": "common", "setCode": "JMP", "sourceProducts": {"nonfoil": ["ca9092e8-a921-5e37-ab9d-4b0f76bb0d01"]}, "subtypes": ["Human", "Warrior"], "supertypes": [], "text": "When Dutiful Attendant dies, return another target creature card from your graveyard to your hand.", "toughness": "2", "type": "Creature — Human Warrior", "types": ["Creature"], "uuid": "4bab0d43-2519-522d-bb40-8dbba82655be"}, {"artist": "Kev Walker", "artistIds": ["f366a0ee-a0cd-466d-ba6a-90058c7a31a6"], "availability": ["arena", "paper"], "boosterTypes": ["default"], "borderColor": "black", "colorIdentity": ["B"], "colors": ["B"], "convertedManaCost": 1.0, "count": 1, "edhrecRank": 8454, "finishes": ["nonfoil"], "flavorText": "His mind was lost long before his flesh.", "foreignData": [], "frameVersion": "2015", "hasFoil": false, "hasNonFoil": true, "identifiers": {"cardsphereId": "68869", "mcmId": "474494", "mcmMetaId": "222308", "mtgArenaId": "72335", "mtgjsonV4Id": "6139bc4c-66e8-5085-96a3-1a6608b95f45", "multiverseId": "489279", "scryfallCardBackId": "0aeebaf5-8c7d-4636-9e82-8c27447861f7", "scryfallId": "b5e78a44-fff3-4cbf-929b-8dfed4e45d62", "scryfallIllustrationId": "b2a08324-1197-44dc-bb89-2c3610a8ec12", "scryfallOracleId": "d09b0648-e324-4a16-b78c-d1849177c04f", "tcgplayerProductId": "216556"}, "isFoil": false, "isReprint": true, "language": "English", "layout": "normal", "legalities": {"alchemy": "Legal", "brawl": "Legal", "commander": "Legal", "duel": "Legal", "explorer": "Legal", "gladiator": "Legal", "historic": "Legal", "legacy": "Legal", "modern": "Legal", "oathbreaker": "Legal", "pauper": "Legal", "paupercommander": "Legal", "penny": "Legal", "pioneer": "Legal", "timeless": "Legal", "vintage": "Legal"}, "manaCost": "{B}", "manaValue": 1.0, "name": "Sanitarium Skeleton", "number": "273", "power": "1", "printings": ["ANB", "C19", "CMR", "JMP", "M20", "SIR", "SOI", "UMA"], "purchaseUrls": {"cardmarket": "https://mtgjson.com/links/82ab3eab2318a3f5", "tcgplayer": "https://mtgjson.com/links/727f9db7a1532b7f"}, "rarity": "common", "setCode": "JMP", "sourceProducts": {"nonfoil": ["ca9092e8-a921-5e37-ab9d-4b0f76bb0d01"]}, "subtypes": ["Skeleton"], "supertypes": [], "text": "{2}{B}: Return Sanitarium Skeleton from your graveyard to your hand.", "toughness": "2", "type": "Creature — Skeleton", "types": ["Creature"], "uuid": "088a4082-784e-5507-90df-5db92f574ee5"}, {"artist": "Svetlin Velinov", "artistIds": ["ffd063ae-c097-4f26-b2e6-b1e2137708bc"], "availability": ["arena", "mtgo", "paper"], "boosterTypes": ["default"], "borderColor": "black", "colorIdentity": ["B"], "colors": ["B"], "convertedManaCost": 4.0, "count": 1, "edhrecRank": 19637, "finishes": ["nonfoil", "foil"], "flavorText": "\"Even the rats refuse to set foot inside. I fear to think what might be waiting in there.\"\n—Gravedigger's journal", "foreignData": [{"flavorText": "„Selbst die Ratten setzen keinen Fuß hinein. Ich fürchte mich vor dem, was da drinnen lauern könnte.\"\n—Tagebuch eines Totengräbers", "identifiers": {"multiverseId": "485675", "scryfallId": "9a90f128-e31c-4965-8d85-fcdb709f9786"}, "language": "German", "multiverseId": 485675, "name": "Kryptenlauerer", "text": "Wenn der Kryptenlauerer ins Spiel kommt, kannst du eine Kreatur opfern oder eine Kreaturenkarte abwerfen. Falls du dies tust, ziehe eine Karte.", "type": "Kreatur — Schrecken"}, {"flavorText": "\"Ni siquiera las ratas osan entran. Me da miedo pensar en lo que hay dentro\".\n—Diario del sepulturero", "identifiers": {"multiverseId": "485934", "scryfallId": "693924be-a1af-420d-935f-9e77a54f612a"}, "language": "Spanish", "multiverseId": 485934, "name": "Acechador de la cripta", "text": "Cuando el Acechador de la cripta entre al campo de batalla, puedes sacrificar una criatura o descartar una carta de criatura. Si lo haces, roba una carta.", "type": "Criatura — Horror"}, {"flavorText": "« Même les rats refusent d'y entrer. Je n'ose pas imaginer ce qui se trouve là-dedans. »\n—Journal du fossoyeur", "identifiers": {"multiverseId": "486193", "scryfallId": "396f1a3b-192f-429d-b3b5-42e4b955cbf7"}, "language": "French", "multiverseId": 486193, "name": "Guetteur de la crypte", "text": "Quand le Guetteur de la crypte arrive sur le champ de bataille, vous pouvez sacrifier une créature ou vous défausser d'une carte de créature. Si vous faites ainsi, piochez une carte.", "type": "Créature : horreur"}, {"flavorText": "\"Perfino i topi si rifiutano di metterci piede. Tremo al solo pensiero di cosa possa nascondersi là dentro.\"\n—Diario di uno scavatombe", "identifiers": {"multiverseId": "486452", "scryfallId": "f99df4fb-a69b-4699-91f4-854c06303780"}, "language": "Italian", "multiverseId": 486452, "name": "Predatore della Cripta", "text": "Quando il Predatore della Cripta entra nel campo di battaglia, puoi sacrificare una creatura o scartare una carta creatura. Se lo fai, pesca una carta.", "type": "Creatura — Orrore"}, {"flavorText": "「ネズミですら中に入ることを嫌がる。中に何がいるのか考えるだけでも恐ろしい。」\n――墓堀り人の日誌", "identifiers": {"multiverseId": "486711", "scryfallId": "d75a7fb9-a234-4717-ac9b-d96d8c49c77a"}, "language": "Japanese", "multiverseId": 486711, "name": "墓所に潜むもの", "text": "墓所に潜むものが戦場に出たとき、あなたは、クリーチャー１体を生け贄に捧げるかクリーチャー・カード１枚を捨ててもよい。そうしたなら、カードを１枚引く。", "type": "クリーチャー — ホラー"}, {"flavorText": "\"쥐들조차도 발을 들이려 하지 않아. 저 안에 뭐가 도사리고 있는지 생각하는 것조차 무섭군.\"\n—무덤 도둑의 일지", "identifiers": {"multiverseId": "486970", "scryfallId": "dc27a8f4-5c8c-46fc-8df1-92d0a0f8ac34"}, "language": "Korean", "multiverseId": 486970, "name": "묘지 잠복꾼", "text": "묘지 잠복꾼이 전장에 들어올 때, 당신은 생물 한 개를 희생하거나 생물 카드 한 장을 버릴 수 있다. 그렇게 한다면, 카드 한 장을 뽑는다.", "type": "생물 — 괴수"}, {"flavorText": "\"Até os ratos se recusam a pôr os pés ali dentro. Tenho medo só de pensar no que pode estar esperando ali.\"\n— Diário do coveiro", "identifiers": {"multiverseId": "487229", "scryfallId": "d3fce041-02ef-48d0-9197-76ed479e3877"}, "language": "Portuguese (Brazil)", "multiverseId": 487229, "name": "Espreitador da Cripta", "text": "Quando Espreitador da Cripta entra no campo de batalha, você pode sacrificar uma criatura ou descartar um card de criatura. Se fizer isso, compre um card.", "type": "Criatura — Horror"}, {"flavorText": "«Даже крысы туда не суются. Мне страшно подумать, кто мог там притаиться».\n— дневник могильщика", "identifiers": {"multiverseId": "487488", "scryfallId": "ba5bf4a1-d1e4-4288-b4c4-1f4a14ceb05c"}, "language": "Russian", "multiverseId": 487488, "name": "Хищник из Склепа", "text": "Когда Хищник из Склепа выходит на поле битвы, вы можете пожертвовать существо или сбросить карту существа. Если вы это делаете, возьмите карту.", "type": "Существо — Ужас"}, {"flavorText": "「就连老鼠都不敢进去。我甚至都不敢去想里面会有什么在等着我。」\n～掘墓人日志", "identifiers": {"multiverseId": "487747", "scryfallId": "211ba371-94f7-467e-b8fe-0f34af8f38e1"}, "language": "Chinese Simplified", "multiverseId": 487747, "name": "墓穴伏怪", "text": "当墓穴伏怪进战场时，你可以牺牲一个生物或弃一张生物牌。若你如此作，则抓一张牌。", "type": "生物 ～惊惧兽"}, {"flavorText": "「就連老鼠都不敢進去。我甚至都不敢去想裡面會有什麼在等著我。」\n～掘墓人日誌", "identifiers": {"multiverseId": "488006", "scryfallId": "d502e5ce-ffba-461d-8286-2fbc0ec0a366"}, "language": "Chinese Traditional", "multiverseId": 488006, "name": "墓穴伏怪", "text": "當墓穴伏怪進戰場時，你可以犧牲一個生物或棄一張生物牌。若你如此作，則抽一張牌。", "type": "生物 ～驚懼獸"}], "frameVersion": "2015", "hasFoil": true, "hasNonFoil": true, "identifiers": {"cardsphereFoilId": "67924", "cardsphereId": "67844", "mcmId": "472129", "mcmMetaId": "308339", "mtgArenaId": "71875", "mtgjsonV4Id": "6c19a282-69a4-5666-a351-1da133573830", "mtgoId": "81413", "multiverseId": "485416", "scryfallCardBackId": "0aeebaf5-8c7d-4636-9e82-8c27447861f7", "scryfallId": "c0bba170-5176-4fab-a10d-e23d70128875", "scryfallIllustrationId": "d1407f24-2ea1-4971-b846-411801c31a50", "scryfallOracleId": "f0cbf361-d7dc-4556-a654-71c08785095a", "tcgplayerProductId": "215863"}, "isFoil": false, "language": "English", "layout": "normal", "legalities": {"brawl": "Legal", "commander": "Legal", "duel": "Legal", "explorer": "Legal", "gladiator": "Legal", "historic": "Legal", "legacy": "Legal", "modern": "Legal", "oathbreaker": "Legal", "pauper": "Legal", "paupercommander": "Legal", "penny": "Legal", "pioneer": "Legal", "timeless": "Legal", "vintage": "Legal"}, "manaCost": "{3}{B}", "manaValue": 4.0, "name": "Crypt Lurker", "number": "93", "originalText": "When Crypt Lurker enters the battlefield, you may sacrifice a creature or discard a creature card. If you do, draw a card.", "originalType": "Creature — Horror", "power": "3", "printings": ["M21"], "purchaseUrls": {"cardmarket": "https://mtgjson.com/links/1caa4cc619435d52", "tcgplayer": "https://mtgjson.com/links/5d28a98433ab1f6f"}, "rarity": "common", "rulings": [{"date": "2020-06-23", "text": "Crypt Lurker can be sacrificed to pay the cost of its own triggered ability."}, {"date": "2020-06-23", "text": "While resolving Crypt Lurker's ability, you can't sacrifice more than one creature, discard more than one card, or do both to draw more than one card."}], "setCode": "M21", "sourceProducts": {"foil": ["547f7fe8-5bf3-5b1f-b7d5-2348edfeb15f", "61ee3ba9-54d4-55e6-8c49-3977d922f30e"], "nonfoil": ["61ee3ba9-54d4-55e6-8c49-3977d922f30e", "ca9092e8-a921-5e37-ab9d-4b0f76bb0d01"]}, "subtypes": ["Horror"], "supertypes": [], "text": "When Crypt Lurker enters, you may sacrifice a creature or discard a creature card. If you do, draw a card.", "toughness": "4", "type": "Creature — Horror", "types": ["Creature"], "uuid": "b87e0f89-d7a3-5e59-bfaa-a7605d8a5aeb"}, {"artist": "Josh Hass", "artistIds": ["8fa1fdf0-96d6-46f4-a7ff-b1c0257c3735"], "availability": ["arena", "mtgo", "paper"], "boosterTypes": ["default"], "borderColor": "black", "colorIdentity": ["B"], "colors": ["B"], "convertedManaCost": 3.0, "count": 1, "edhrecRank": 20113, "finishes": ["nonfoil", "foil"], "flavorText": "\"Six consecutive life sentences\" takes on a new meaning when necromancy is involved.", "foreignData": [{"flavorText": "„Sechsmal lebenslang\" erhält als Strafe eine völlig neue Bedeutung, wenn Nekromagie im Spiel ist.", "identifiers": {"multiverseId": "485673", "scryfallId": "f633466e-6f95-4ac0-abe2-021f8a492bf1"}, "language": "German", "multiverseId": 485673, "name": "Eingesperrter Zombie", "text": "{1}{B}, {T}: Jeder Gegner verliert 2 Lebenspunkte. Aktiviere diese Fähigkeit nur, falls in diesem Zug eine Kreatur gestorben ist.", "type": "Kreatur — Zombie"}, {"flavorText": "\"Seis cadenas perpetuas consecutivas\" cobra un nuevo significado cuando hay nigromancia de por medio.", "identifiers": {"multiverseId": "485932", "scryfallId": "f154d509-db1d-42f2-81bc-121fa3c80fce"}, "language": "Spanish", "multiverseId": 485932, "name": "Zombie encarcelado", "text": "{1}{B}, {T}: Cada oponente pierde 2 vidas. Activa esta habilidad solo si una criatura murió este turno.", "type": "Criatura — Zombie"}, {"flavorText": "« Six peines à perpétuité consécutives » prend un tout autre sens quand la nécromancie fait partie de l'équation.", "identifiers": {"multiverseId": "486191", "scryfallId": "90a8b396-dc56-4a90-a56d-e809c03cadfc"}, "language": "French", "multiverseId": 486191, "name": "Zombie emprisonné", "text": "{1}{B}, {T} : Chaque adversaire perd 2 points de vie. N'activez cette capacité que si une créature est morte ce tour-ci.", "type": "Créature : zombie"}, {"flavorText": "\"Sei ergastoli consecutivi\" assumono tutto un altro significato quando c'è di mezzo la necromanzia.", "identifiers": {"multiverseId": "486450", "scryfallId": "b7334736-54db-4ae2-b671-c0aa6de1d8b8"}, "language": "Italian", "multiverseId": 486450, "name": "Zombie Prigioniero", "text": "{1}{B}, {T}: Ogni avversario perde 2 punti vita. Attiva questa abilità solo se è morta una creatura in questo turno.", "type": "Creatura — Zombie"}, {"flavorText": "「終身刑六回分の罪」は、屍術が絡むと意味が変わってくる。", "identifiers": {"multiverseId": "486709", "scryfallId": "7a730ff9-806b-4a16-8137-26960959640c"}, "language": "Japanese", "multiverseId": 486709, "name": "檻の中のゾンビ", "text": "{1}{B}, {T}：各対戦相手はそれぞれ２点のライフを失う。この能力は、このターンにクリーチャーが死亡していたときにのみ起動できる。", "type": "クリーチャー — ゾンビ"}, {"flavorText": "\"6연속 종신형\"은 사령술이 연관되어 있으면 완전히 새로운 의미가 된다.", "identifiers": {"multiverseId": "486968", "scryfallId": "29d2a852-17f6-45ae-914e-7b23b7698a23"}, "language": "Korean", "multiverseId": 486968, "name": "갇힌 좀비", "text": "{1}{B}, {T}: 각 상대는 생명 2점을 잃는다. 이번 턴에 생물이 죽었을 경우에만 이 능력을 활성화활 수 있다.", "type": "생물 — 좀비"}, {"flavorText": "\"Seis penas consecutivas de prisão perpétua\" ganha um novo significado quando tem necromancia envolvida.", "identifiers": {"multiverseId": "487227", "scryfallId": "bad99755-bf47-42ba-ba7f-af283028e7e4"}, "language": "Portuguese (Brazil)", "multiverseId": 487227, "name": "Zumbi Encarcerado", "text": "{1}{B}, {T}: Cada oponente perde 2 pontos de vida. Ative esta habilidade somente se uma criatura tiver morrido neste turno.", "type": "Criatura — Zumbi"}, {"flavorText": "«Шесть пожизненных приговоров подряд» приобретает новый смысл, когда в дело вступает некромантия.", "identifiers": {"multiverseId": "487486", "scryfallId": "317e73be-bb45-4d12-8b80-b66372bf3499"}, "language": "Russian", "multiverseId": 487486, "name": "Заключенный Мертвяк", "text": "{1}{B}, {T}: каждый оппонент теряет 2 жизни. Активируйте эту способность, только если в этом ходу умерло существо.", "type": "Существо — Зомби"}, {"flavorText": "当能够动用死灵术时，「六个连续终身监禁」就有了新的意义。", "identifiers": {"multiverseId": "487745", "scryfallId": "69319c4b-6d6a-498e-8c56-b5ced15424c3"}, "language": "Chinese Simplified", "multiverseId": 487745, "name": "困槛灵俑", "text": "{1}{B}，{T}：每位对手各失去2点生命。只能于有生物死去的回合中起动此异能。", "type": "生物 ～灵俑"}, {"flavorText": "當能夠動用死靈術時，「六個連續終身監禁」就有了新的意義。", "identifiers": {"multiverseId": "488004", "scryfallId": "f15c372e-1c70-42cd-ac0e-1ec8fb54c2c7"}, "language": "Chinese Traditional", "multiverseId": 488004, "name": "困檻殭屍", "text": "{1}{B}，{T}：每位對手各失去2點生命。只能於有生物死去的回合中起動此異能。", "type": "生物 ～殭屍"}], "frameVersion": "2015", "hasFoil": true, "hasNonFoil": true, "identifiers": {"cardsphereFoilId": "67906", "cardsphereId": "67843", "mcmId": "472134", "mcmMetaId": "308344", "mtgArenaId": "71873", "mtgjsonV4Id": "5b9d8bfe-b819-5fb4-8903-6ced6bd4f348", "mtgoId": "81409", "multiverseId": "485414", "scryfallCardBackId": "0aeebaf5-8c7d-4636-9e82-8c27447861f7", "scryfallId": "f8067745-35b6-4abd-9ae9-712159a26c89", "scryfallIllustrationId": "72131ae8-3886-4fb5-bf76-5f34ca64433b", "scryfallOracleId": "430b3e61-09a5-4390-b377-89830cacf66e", "tcgplayerProductId": "215862"}, "isFoil": false, "language": "English", "layout": "normal", "legalities": {"brawl": "Legal", "commander": "Legal", "duel": "Legal", "explorer": "Legal", "gladiator": "Legal", "historic": "Legal", "legacy": "Legal", "modern": "Legal", "oathbreaker": "Legal", "pauper": "Legal", "paupercommander": "Legal", "penny": "Legal", "pioneer": "Legal", "timeless": "Legal", "vintage": "Legal"}, "manaCost": "{2}{B}", "manaValue": 3.0, "name": "Caged Zombie", "number": "91", "originalText": "{1}{B}, {T}: Each opponent loses 2 life. Activate this ability only if a creature died this turn.", "originalType": "Creature — Zombie", "power": "2", "printings": ["M21"], "purchaseUrls": {"cardmarket": "https://mtgjson.com/links/32aea8141fcb19cf", "tcgplayer": "https://mtgjson.com/links/b6fd174635954dfa"}, "rarity": "common", "rulings": [{"date": "2020-06-23", "text": "In a Two-Headed Giant game, Caged Zombie's ability causes the opposing team to lose 4 life."}], "setCode": "M21", "sourceProducts": {"foil": ["547f7fe8-5bf3-5b1f-b7d5-2348edfeb15f", "61ee3ba9-54d4-55e6-8c49-3977d922f30e"], "nonfoil": ["61ee3ba9-54d4-55e6-8c49-3977d922f30e", "ca9092e8-a921-5e37-ab9d-4b0f76bb0d01"]}, "subtypes": ["Zombie"], "supertypes": [], "text": "{1}{B}, {T}: Each opponent loses 2 life. Activate only if a creature died this turn.", "toughness": "3", "type": "Creature — Zombie", "types": ["Creature"], "uuid": "d3578b01-f934-5b3f-aff0-f042cda61f1a"}, {"artist": "Eric Deschamps", "artistIds": ["37970e22-9cee-44c1-af44-5ee27cf26b76"], "availability": ["arena", "paper"], "boosterTypes": ["default"], "borderColor": "black", "colorIdentity": ["B"], "colors": ["B"], "convertedManaCost": 4.0, "count": 1, "edhrecRank": 10580, "edhrecSaltiness": 0.25, "finishes": ["nonfoil"], "flavorText": "\"We must all make sacrifices for the good of Innistrad.\"\n—Sorin Markov", "foreignData": [], "frameVersion": "2015", "hasFoil": false, "hasNonFoil": true, "identifiers": {"cardsphereId": "68700", "mcmId": "474419", "mcmMetaId": "467", "mtgArenaId": "72264", "mtgjsonV4Id": "4721cbb3-7747-5f21-9bba-14f3c7f80e09", "multiverseId": "489208", "scryfallCardBackId": "0aeebaf5-8c7d-4636-9e82-8c27447861f7", "scryfallId": "23986add-b33d-4bad-86f3-e2d0f99cf949", "scryfallIllustrationId": "b6185e85-dc51-40ee-96a5-934bf2a41887", "scryfallOracleId": "9167998d-5cac-47d7-99f2-f38122f7b8e7", "tcgplayerProductId": "216560"}, "isFoil": false, "isReprint": true, "language": "English", "layout": "normal", "legalities": {"brawl": "Legal", "commander": "Legal", "duel": "Legal", "gladiator": "Legal", "historic": "Legal", "legacy": "Legal", "modern": "Legal", "oathbreaker": "Legal", "penny": "Legal", "predh": "Legal", "timeless": "Legal", "vintage": "Legal"}, "manaCost": "{2}{B}{B}", "manaValue": 4.0, "name": "Barter in Blood", "number": "202", "printings": ["AVR", "C15", "CMA", "DDC", "DDQ", "DVD", "JMP", "MRD", "PLST", "SIS", "TD2"], "purchaseUrls": {"cardmarket": "https://mtgjson.com/links/3078e52c5dc83f4e", "tcgplayer": "https://mtgjson.com/links/1c91ee1ebf467bc1"}, "rarity": "uncommon", "rulings": [{"date": "2012-05-01", "text": "Barter in Blood doesn’t target any creatures and may be cast even if a player controls fewer than two creatures."}, {"date": "2012-05-01", "text": "If a player controls only one creature, that creature is sacrificed."}, {"date": "2012-05-01", "text": "The active player chooses which creatures will be sacrificed first, then each other player in turn order does the same. Then all creatures are sacrificed simultaneously."}], "setCode": "JMP", "sourceProducts": {"nonfoil": ["ca9092e8-a921-5e37-ab9d-4b0f76bb0d01"]}, "subtypes": [], "supertypes": [], "text": "Each player sacrifices two creatures.", "type": "Sorcery", "types": ["Sorcery"], "uuid": "96a0dcf9-3e94-5ff0-9d5a-d100e45bf70d"}, {"artist": "Nils Hamm", "artistIds": ["c540d1fc-1500-457f-93cf-d6069ee66546"], "availability": ["arena", "paper"], "boosterTypes": ["default"], "borderColor": "black", "colorIdentity": ["B"], "colors": ["B"], "convertedManaCost": 1.0, "count": 1, "edhrecRank": 4220, "edhrecSaltiness": 0.15, "finishes": ["nonfoil"], "flavorText": "\"Which do you deserve, the heft of a femur or the graceful sharpness of a forearm? Decisions, decisions . . .\"\n—Gisa the Mad", "foreignData": [], "frameVersion": "2015", "hasFoil": false, "hasNonFoil": true, "identifiers": {"cardsphereId": "68354", "mcmId": "473454", "mcmMetaId": "10148", "mtgArenaId": "72275", "mtgjsonV4Id": "02d92f2f-9d21-55a2-a878-769065d9d952", "multiverseId": "489219", "scryfallCardBackId": "0aeebaf5-8c7d-4636-9e82-8c27447861f7", "scryfallId": "fc676672-1aeb-420a-b909-5a3215cc2ca6", "scryfallIllustrationId": "3b9b6720-8e69-4eb9-b594-b378239d4e31", "scryfallOracleId": "0c936582-d4c0-4da8-bc7e-49da5a433939", "tcgplayerProductId": "216203"}, "isFoil": false, "isReprint": true, "language": "English", "layout": "normal", "legalities": {"brawl": "Legal", "commander": "Legal", "duel": "Legal", "explorer": "Legal", "future": "Legal", "gladiator": "Legal", "historic": "Legal", "legacy": "Legal", "modern": "Legal", "oathbreaker": "Legal", "pauper": "Legal", "paupercommander": "Legal", "penny": "Legal", "pioneer": "Legal", "predh": "Legal", "standard": "Legal", "standardbrawl": "Legal", "timeless": "Legal", "vintage": "Legal"}, "manaCost": "{B}", "manaValue": 1.0, "name": "Bone Splinters", "number": "213", "printings": ["ALA", "AVR", "BFZ", "DDN", "DMU", "GNT", "JMP", "M20", "MM2", "MM3", "PLST", "SLD"], "purchaseUrls": {"cardmarket": "https://mtgjson.com/links/13d627046af1728c", "tcgplayer": "https://mtgjson.com/links/03cd394f36ef388f"}, "rarity": "common", "rulings": [{"date": "2022-09-09", "text": "Once you begin to cast Bone Splinters, no player may take actions until you’re done. Notably, opponents can’t try to remove the creature you wish to sacrifice."}, {"date": "2022-09-09", "text": "You must sacrifice exactly one creature to cast this spell; you can’t cast it without sacrificing a creature, and you can’t sacrifice additional creatures."}], "setCode": "JMP", "sourceProducts": {"nonfoil": ["ca9092e8-a921-5e37-ab9d-4b0f76bb0d01"]}, "subtypes": [], "supertypes": [], "text": "As an additional cost to cast this spell, sacrifice a creature.\nDestroy target creature.", "type": "Sorcery", "types": ["Sorcery"], "uuid": "92633608-1527-5938-b7d9-00abce133c01"}, {"artist": "Wylie Beckert", "artistIds": ["074daf3d-0849-4c4a-b5a5-c276384e81e5"], "availability": ["arena", "mtgo", "paper"], "boosterTypes": ["default"], "borderColor": "black", "colorIdentity": ["B"], "colors": ["B"], "convertedManaCost": 5.0, "count": 1, "edhrecRank": 19406, "finishes": ["nonfoil", "foil"], "flavorText": "\"In this world, it's kill or be killed. I'd rather not be the latter.\"", "foreignData": [{"flavorText": "„In dieser Welt gilt: Töten oder getötet werden. Ich möchte lieber nicht, dass mir Letzteres widerfährt.\"", "identifiers": {"multiverseId": "485681", "scryfallId": "824c3db9-82ae-4302-a6f3-2ff62956247f"}, "language": "German", "multiverseId": 485681, "name": "Gnadenstoß", "text": "Zerstöre eine Kreatur oder einen Planeswalker deiner Wahl.", "type": "Spontanzauber"}, {"flavorText": "\"En este mundo, o matas o te matan. No prefiero lo segundo\".", "identifiers": {"multiverseId": "485940", "scryfallId": "8831cce5-51c0-42d3-acdb-9872f246f1ed"}, "language": "Spanish", "multiverseId": 485940, "name": "Remate final", "text": "Destruye la criatura o planeswalker objetivo.", "type": "Instantáneo"}, {"flavorText": "« Dans ce monde, on tue ou on se fait tuer. Je préfère éviter la seconde option. »", "identifiers": {"multiverseId": "486199", "scryfallId": "3159088f-416e-45ab-9d82-49be8af59e65"}, "language": "French", "multiverseId": 486199, "name": "Coup de grâce", "text": "Détruisez la créature ciblée ou le planeswalker ciblé.", "type": "Éphémère"}, {"flavorText": "\"In questo mondo, o uccidi o vieni ucciso. Preferirei evitare quest'ultima opzione.\"", "identifiers": {"multiverseId": "486458", "scryfallId": "1b532b0c-709f-431f-b4f9-846b504ea48f"}, "language": "Italian", "multiverseId": 486458, "name": "Colpo di Grazia", "text": "Distruggi una creatura o un planeswalker bersaglio.", "type": "Istantaneo"}, {"flavorText": "「この世界は、殺るか殺られるか。できれば後者にはなりたくない。」", "identifiers": {"multiverseId": "486717", "scryfallId": "a2a9dcbd-44ff-4d24-81a2-5ff653e95c7b"}, "language": "Japanese", "multiverseId": 486717, "name": "とどめの一撃", "text": "クリーチャー１体かプレインズウォーカー１体を対象とし、それを破壊する。", "type": "インスタント"}, {"flavorText": "\"이 세계에서는, 죽이든지 죽든지야. 난 후자가 되는 건 사양이라고.\"", "identifiers": {"multiverseId": "486976", "scryfallId": "826fae63-fbea-4780-ad83-43be56bc5dfd"}, "language": "Korean", "multiverseId": 486976, "name": "마무리 일격", "text": "생물 또는 플레인즈워커를 목표로 정한다. 그 목표를 파괴한다.", "type": "순간마법"}, {"flavorText": "\"Nesse mundo, é matar ou morrer. Eu prefiro evitar o segundo.\"", "identifiers": {"multiverseId": "487235", "scryfallId": "13877922-8fb5-42fb-8120-685db272cd5c"}, "language": "Portuguese (Brazil)", "multiverseId": 487235, "name": "Golpe Finalizador", "text": "Destrua a criatura ou o planeswalker alvo.", "type": "Mágica Instantânea"}, {"flavorText": "«В этом мире ты убиваешь — или убивают тебя. И второй вариант мне совсем не нравится».", "identifiers": {"multiverseId": "487494", "scryfallId": "7e0dbe5b-8e25-4753-9b1a-8f980ac405bd"}, "language": "Russian", "multiverseId": 487494, "name": "Добивающий Удар", "text": "Уничтожьте целевое существо или planeswalker'а.", "type": "Мгновенное заклинание"}, {"flavorText": "「在这世上，不是你杀人就是被人杀。我宁愿不要被人杀。」", "identifiers": {"multiverseId": "487753", "scryfallId": "5147a021-0934-4789-8918-f1e69b0bea9b"}, "language": "Chinese Simplified", "multiverseId": 487753, "name": "终命一击", "text": "消灭目标生物或鹏洛客。", "type": "瞬间"}, {"flavorText": "「在這世上，不是你殺人就是被人殺。我寧願不要被人殺。」", "identifiers": {"multiverseId": "488012", "scryfallId": "a2225a39-672e-412c-8f8d-bcb39dbd9682"}, "language": "Chinese Traditional", "multiverseId": 488012, "name": "終命一擊", "text": "消滅目標生物或鵬洛客。", "type": "瞬間"}], "frameVersion": "2015", "hasFoil": true, "hasNonFoil": true, "identifiers": {"cardsphereFoilId": "67951", "cardsphereId": "68179", "mcmId": "470864", "mcmMetaId": "308009", "mtgArenaId": "71881", "mtgjsonV4Id": "beedea5f-b5ca-5955-b881-22afa7449367", "mtgoId": "81425", "multiverseId": "485422", "scryfallCardBackId": "0aeebaf5-8c7d-4636-9e82-8c27447861f7", "scryfallId": "2b85a552-2119-4d9c-b7c1-c09c2d9f2f38", "scryfallIllustrationId": "260ed0cc-b51b-47b9-9574-5b83de7ad1d7", "scryfallOracleId": "3c8a6c58-f4af-4809-af86-a931313fa71e", "tcgplayerProductId": "215675"}, "isFoil": false, "language": "English", "layout": "normal", "legalities": {"brawl": "Legal", "commander": "Legal", "duel": "Legal", "explorer": "Legal", "gladiator": "Legal", "historic": "Legal", "legacy": "Legal", "modern": "Legal", "oathbreaker": "Legal", "pauper": "Legal", "paupercommander": "Legal", "pioneer": "Legal", "timeless": "Legal", "vintage": "Legal"}, "manaCost": "{4}{B}", "manaValue": 5.0, "name": "Finishing Blow", "number": "99", "originalText": "Destroy target creature or planeswalker.", "originalType": "Instant", "printings": ["M21"], "purchaseUrls": {"cardmarket": "https://mtgjson.com/links/62fec1d47293c9d5", "tcgplayer": "https://mtgjson.com/links/937c414af6696750"}, "rarity": "common", "setCode": "M21", "sourceProducts": {"foil": ["547f7fe8-5bf3-5b1f-b7d5-2348edfeb15f", "61ee3ba9-54d4-55e6-8c49-3977d922f30e"], "nonfoil": ["61ee3ba9-54d4-55e6-8c49-3977d922f30e", "7cf1ca21-2f4f-5c1a-b4b8-8b453961139b", "ca9092e8-a921-5e37-ab9d-4b0f76bb0d01"]}, "subtypes": [], "supertypes": [], "text": "Destroy target creature or planeswalker.", "type": "Instant", "types": ["Instant"], "uuid": "697eedcb-fc2f-5232-a3ba-39973ab4be7e"}, {"artist": "Joe Slucher", "artistIds": ["13b6c9ee-f7a8-46a4-934f-ea6b4a1b14b2"], "availability": ["arena", "mtgo", "paper"], "boosterTypes": ["default"], "borderColor": "black", "colorIdentity": ["B"], "colors": ["B"], "convertedManaCost": 2.0, "count": 1, "edhrecRank": 14815, "edhrecSaltiness": 0.2, "finishes": ["nonfoil", "foil"], "foreignData": [{"identifiers": {"multiverseId": "485694", "scryfallId": "e8d2e74e-1e9b-4502-9b7f-74c5192256a9"}, "language": "German", "multiverseId": 485694, "name": "Unheilvolle Sense", "text": "Die Unheilvolle Sense kommt mit einer Seelenmarke ins Spiel.\nDie ausgerüstete Kreatur erhält +1/+1 für jede Seelenmarke auf der Unheilvollen Sense.\nImmer wenn die ausgerüstete Kreatur stirbt, lege eine Seelenmarke auf die Unheilvolle Sense.\nAusrüsten {1} ({1}: Lege diese Karte an eine Kreatur deiner Wahl an, die du kontrollierst. Spiele Ausrüsten wie eine Hexerei.)", "type": "Artefakt — Ausrüstung"}, {"identifiers": {"multiverseId": "485953", "scryfallId": "dfb347c6-a664-4a48-8985-6bd1c195b15f"}, "language": "Spanish", "multiverseId": 485953, "name": "Guadaña maléfica", "text": "La Guadaña maléfica entra al campo de batalla con un contador de alma sobre ella.\nLa criatura equipada obtiene +1/+1 por cada contador de alma sobre la Guadaña maléfica.\nSiempre que la criatura equipada muera, pon un contador de alma sobre la Guadaña maléfica.\nEquipar {1}. ({1}: Anexa este Equipo a la criatura objetivo que controlas. Activa la habilidad de equipar como un conjuro.)", "type": "Artefacto — Equipo"}, {"identifiers": {"multiverseId": "486212", "scryfallId": "3726ece8-7335-4b0f-8c18-c7bc2e30f4e2"}, "language": "French", "multiverseId": 486212, "name": "Faux maléfique", "text": "La Faux maléfique arrive sur le champ de bataille avec un marqueur « âme » sur elle.\nLa créature équipée gagne +1/+1 pour chaque marqueur « âme » sur la Faux maléfique.\nÀ chaque fois que la créature équipée meurt, mettez un marqueur « âme » sur la Faux maléfique.\nÉquipement {1} ({1} : Attachez à la créature ciblée que vous contrôlez. N'attachez l'équipement que lorsque vous pourriez lancer un rituel.)", "type": "Artefact : équipement"}, {"identifiers": {"multiverseId": "486471", "scryfallId": "b9f57299-89bd-4b82-b339-1527d41089e9"}, "language": "Italian", "multiverseId": 486471, "name": "Falce Malefica", "text": "La Falce Malefica entra nel campo di battaglia con un segnalino anima.\nLa creatura equipaggiata prende +1/+1 per ogni segnalino anima sulla Falce Malefica.\nOgniqualvolta la creatura equipaggiata muore, metti un segnalino anima sulla Falce Malefica.\nEquipaggiare {1} ({1}: Assegna a una creatura bersaglio che controlli. Equipaggia solo quando potresti lanciare una stregoneria.)", "type": "Artefatto — Equipaggiamento"}, {"identifiers": {"multiverseId": "486730", "scryfallId": "1a001d03-2f08-46e2-8081-aa2db465f050"}, "language": "Japanese", "multiverseId": 486730, "name": "悪意の鎌", "text": "悪意の鎌は魂魄カウンターが１個置かれた状態で戦場に出る。\n装備しているクリーチャーは、悪意の鎌の上に置かれている魂魄カウンター１個につき＋１/＋１の修整を受ける。\n装備しているクリーチャーが死亡するたび、悪意の鎌の上に魂魄カウンターを１個置く。\n装備{1}（{1}：あなたがコントロールしているクリーチャー１体を対象とし、これをそれにつける。装備はソーサリーとしてのみ行う。）", "type": "アーティファクト — 装備品"}, {"identifiers": {"multiverseId": "486989", "scryfallId": "cd76cec6-deeb-42ee-955e-ef3b87f20976"}, "language": "Korean", "multiverseId": 486989, "name": "재앙을 부르는 낫", "text": "재앙을 부르는 낫은 영혼 카운터 한 개를 가지고 전장에 들어온다.\n장착된 생물은 재앙을 부르는 낫에 올려진 영혼 카운터 한 개당 +1/+1을 받는다.\n장착된 생물이 죽을 때마다, 재앙을 부르는 낫에 영혼 카운터 한 개를 올려놓는다.\n장착 {1} ({1}: 당신이 조종하는 생물을 목표로 정한다. 그 생물에 이 장비를 부착한다. 당신이 집중마법을 발동할 수 있는 시기에만 이 능력을 활성화할 수 있다.)", "type": "마법물체 — 장비"}, {"identifiers": {"multiverseId": "487248", "scryfallId": "01be7312-bcfe-4381-8f87-7f7c01a103db"}, "language": "Portuguese (Brazil)", "multiverseId": 487248, "name": "Foice Maléfica", "text": "Foice Maléfica entra no campo de batalha com um marcador de alma.\nA criatura equipada recebe +1/+1 para cada marcador de alma em Foice Maléfica.\nToda vez que a criatura equipada morrer, coloque um marcador de alma em Foice Maléfica.\nEquipar {1} ({1}: Anexe este equipamento à criatura alvo que você controla. Equipe somente como um feitiço.)", "type": "Artefato — Equipamento"}, {"identifiers": {"multiverseId": "487507", "scryfallId": "bd2c32d3-bcd8-4130-9b2b-141b82157cac"}, "language": "Russian", "multiverseId": 487507, "name": "Гибельная Коса", "text": "Гибельная Коса выходит на поле битвы с одним жетоном души на ней.\nСнаряженное существо получает +1/+1 за каждый жетон души на Гибельной Косе.\nКаждый раз, когда снаряженное существо умирает, положите один жетон души на Гибельную Косу.\nСнарядить {1} ({1}: прикрепите к целевому существу под вашим контролем. Снаряжайте только как волшебство.)", "type": "Артефакт — Снаряжение"}, {"identifiers": {"multiverseId": "487766", "scryfallId": "259fb09a-aee6-422e-bc9c-ec8ccd6bd6f8"}, "language": "Chinese Simplified", "multiverseId": 487766, "name": "凶邪镰刀", "text": "凶邪镰刀进战场时上面有一个灵魂指示物。\n凶邪镰刀上每有一个灵魂指示物，佩带此武具的生物便得+1/+1。\n每当佩带此武具的生物死去时，在凶邪镰刀上放置一个灵魂指示物。\n佩带{1}（{1}：装备在目标由你操控的生物上。佩带的时机视同法术。）", "type": "神器 ～武具"}, {"identifiers": {"multiverseId": "488025", "scryfallId": "0fab89a4-de0f-405a-b77d-65eedde14981"}, "language": "Chinese Traditional", "multiverseId": 488025, "name": "凶邪鐮刀", "text": "凶邪鐮刀進戰場時上面有一個靈魂指示物。\n凶邪鐮刀上每有一個靈魂指示物，佩帶此武具的生物便得+1/+1。\n每當佩帶此武具的生物死去時，在凶邪鐮刀上放置一個靈魂指示物。\n佩帶{1}（{1}：裝備在目標由你操控的生物上。佩帶的時機視同巫術。）", "type": "神器 ～武具"}], "frameVersion": "2015", "hasFoil": true, "hasNonFoil": true, "identifiers": {"cardsphereFoilId": "68025", "cardsphereId": "67667", "mcmId": "467789", "mcmMetaId": "307059", "mtgArenaId": "71894", "mtgjsonV4Id": "87dd3fdf-4526-5ea9-8323-66d4729dd4fa", "mtgoId": "81451", "multiverseId": "485435", "scryfallCardBackId": "0aeebaf5-8c7d-4636-9e82-8c27447861f7", "scryfallId": "89e2bc57-8f18-4ba1-a11b-9d69d029f56a", "scryfallIllustrationId": "7000a164-5a79-41e6-a48a-686032cb7d8d", "scryfallOracleId": "0b4925d7-e2bb-4b74-a538-80fe759799ad", "tcgplayerProductId": "215517"}, "isFoil": false, "keywords": ["Equip"], "language": "English", "layout": "normal", "legalities": {"brawl": "Legal", "commander": "Legal", "duel": "Legal", "explorer": "Legal", "gladiator": "Legal", "historic": "Legal", "legacy": "Legal", "modern": "Legal", "oathbreaker": "Legal", "penny": "Legal", "pioneer": "Legal", "timeless": "Legal", "vintage": "Legal"}, "manaCost": "{1}{B}", "manaValue": 2.0, "name": "Malefic Scythe", "number": "112", "originalText": "Malefic Scythe enters the battlefield with a soul counter on it.\nEquipped creature gets +1/+1 for each soul counter on Malefic Scythe.\nWhenever equipped creature dies, put a soul counter on Malefic Scythe.\nEquip {1} ({1}: Attach to target creature you control. Equip only as a sorcery.)", "originalType": "Artifact — Equipment", "printings": ["M21"], "purchaseUrls": {"cardmarket": "https://mtgjson.com/links/aa89a852e865305d", "tcgplayer": "https://mtgjson.com/links/443c7d526e8b6bb4"}, "rarity": "uncommon", "setCode": "M21", "sourceProducts": {"foil": ["547f7fe8-5bf3-5b1f-b7d5-2348edfeb15f", "61ee3ba9-54d4-55e6-8c49-3977d922f30e"], "nonfoil": ["61ee3ba9-54d4-55e6-8c49-3977d922f30e", "ca9092e8-a921-5e37-ab9d-4b0f76bb0d01"]}, "subtypes": ["Equipment"], "supertypes": [], "text": "Malefic Scythe enters with a soul counter on it.\nEquipped creature gets +1/+1 for each soul counter on Malefic Scythe.\nWhenever equipped creature dies, put a soul counter on Malefic Scythe.\nEquip {1} ({1}: Attach to target creature you control. Equip only as a sorcery.)", "type": "Artifact — Equipment", "types": ["Artifact"], "uuid": "175ec4e7-808b-5e69-badd-de143b3557b5"}, {"artist": "Titus Lunter", "artistIds": ["b11e6b3a-f4ca-4cf1-8fd7-475696de5f5c"], "availability": ["arena", "mtgo", "paper"], "boosterTypes": ["default"], "borderColor": "black", "colorIdentity": ["B"], "colors": [], "convertedManaCost": 0.0, "count": 1, "edhrecRank": 1334, "edhrecSaltiness": 0.09, "finishes": ["nonfoil"], "flavorText": "Beauty appears in strange places for those with eyes to see it.", "foreignData": [], "frameVersion": "2015", "hasFoil": false, "hasNonFoil": true, "identifiers": {"cardsphereId": "68319", "mcmId": "472294", "mcmMetaId": "308424", "mtgArenaId": "72140", "mtgjsonV4Id": "2ab118d9-c095-524a-96ae-f5753057fb13", "mtgoId": "81821", "multiverseId": "489204", "scryfallCardBackId": "0aeebaf5-8c7d-4636-9e82-8c27447861f7", "scryfallId": "18756fe5-70f0-48d9-a4f1-ea78f77d2084", "scryfallIllustrationId": "32169745-104e-4652-8f72-b45f3dea67ff", "scryfallOracleId": "bff416bb-d193-4c45-b2c1-7c297dbfad08", "tcgplayerProductId": "215941"}, "isFoil": false, "language": "English", "layout": "normal", "legalities": {"brawl": "Legal", "commander": "Legal", "duel": "Legal", "gladiator": "Legal", "historic": "Legal", "legacy": "Legal", "oathbreaker": "Legal", "pauper": "Legal", "paupercommander": "Legal", "timeless": "Legal", "vintage": "Legal"}, "manaValue": 0.0, "name": "Thriving Moor", "number": "37", "printings": ["AFC", "CLU", "CMM", "J22", "JMP", "LCC", "MOC", "NCC", "WHO"], "purchaseUrls": {"cardmarket": "https://mtgjson.com/links/fd340a9af9aa08a5", "tcgplayer": "https://mtgjson.com/links/de2e175c6d6df2fe"}, "rarity": "common", "setCode": "JMP", "sourceProducts": {"nonfoil": ["ca9092e8-a921-5e37-ab9d-4b0f76bb0d01"]}, "subtypes": [], "supertypes": [], "text": "Thriving Moor enters tapped. As it enters, choose a color other than black.\n{T}: Add {B} or one mana of the chosen color.", "type": "Land", "types": ["Land"], "uuid": "cac4131a-2bd5-5280-a579-5d5354359428"}, {"artist": "Mike Bierek", "artistIds": ["e5f52ef5-1a2e-4128-90b0-ccc71cd47ea7"], "availability": ["arena", "mtgo", "paper"], "boosterTypes": ["default"], "borderColor": "black", "colorIdentity": ["B"], "colors": [], "convertedManaCost": 0.0, "count": 6, "edhrecSaltiness": 0.29, "finishes": ["nonfoil", "foil"], "foreignData": [{"identifiers": {"multiverseId": "488482", "scryfallId": "50911a90-5f22-417f-b2f8-515e305d0976"}, "language": "German", "multiverseId": 488482, "name": "Sumpf", "type": "Standardland — Sumpf"}, {"identifiers": {"multiverseId": "488497", "scryfallId": "4f855802-be04-4af0-a2ee-317bee0f5d25"}, "language": "Spanish", "multiverseId": 488497, "name": "Pantano", "type": "Tierra básica — Pantano"}, {"identifiers": {"multiverseId": "488512", "scryfallId": "24acaa4d-fe12-4bfa-b52c-e65e92cab569"}, "language": "French", "multiverseId": 488512, "name": "Marais", "type": "Terrain de base : marais"}, {"identifiers": {"multiverseId": "488527", "scryfallId": "3eac89d2-71fa-447c-96af-5f3a17e5d531"}, "language": "Italian", "multiverseId": 488527, "name": "Palude", "type": "Terra Base — Palude"}, {"identifiers": {"multiverseId": "488542", "scryfallId": "e7a93d77-ef1d-4c2c-afa2-2da1d3218a42"}, "language": "Japanese", "multiverseId": 488542, "name": "沼", "type": "基本土地 — 沼"}, {"identifiers": {"multiverseId": "488557", "scryfallId": "1041ac61-c830-4689-985d-28e9a9a91daf"}, "language": "Korean", "multiverseId": 488557, "name": "늪", "type": "기본 대지 — 늪"}, {"identifiers": {"multiverseId": "488572", "scryfallId": "b06726c8-726f-4058-a06b-46cde19c8378"}, "language": "Portuguese (Brazil)", "multiverseId": 488572, "name": "Pântano", "type": "Terreno Básico — Pântano"}, {"identifiers": {"multiverseId": "488587", "scryfallId": "c3621082-badc-4d87-91f7-6e8fc1219ba8"}, "language": "Russian", "multiverseId": 488587, "name": "Болото", "type": "Базовая Земля — Болото"}, {"identifiers": {"multiverseId": "488602", "scryfallId": "64d6607f-8ef6-4d19-b752-555bd5662a44"}, "language": "Chinese Simplified", "multiverseId": 488602, "name": "沼泽", "type": "基本地 ～沼泽"}, {"identifiers": {"multiverseId": "488617", "scryfallId": "792ed1fd-d80b-48b0-8fec-38079be95520"}, "language": "Chinese Traditional", "multiverseId": 488617, "name": "沼澤", "type": "基本地 ～沼澤"}], "frameVersion": "2015", "hasFoil": true, "hasNonFoil": true, "identifiers": {"cardsphereFoilId": "68897", "cardsphereId": "67963", "mcmId": "471169", "mtgArenaId": "72086", "mtgjsonV4Id": "a27cb306-4011-5b99-add2-45b99458bb80", "mtgoId": "81211", "multiverseId": "488467", "scryfallCardBackId": "0aeebaf5-8c7d-4636-9e82-8c27447861f7", "scryfallId": "30b3d647-3546-4ade-b395-f2370750a7a6", "scryfallIllustrationId": "e7e7a627-2665-427d-96b6-1268f860c898", "scryfallOracleId": "56719f6a-1a6c-4c0a-8d21-18f7d7350b68", "tcgplayerProductId": "215719"}, "isFoil": false, "isReprint": true, "language": "English", "layout": "normal", "legalities": {"alchemy": "Legal", "brawl": "Legal", "commander": "Legal", "duel": "Legal", "explorer": "Legal", "future": "Legal", "gladiator": "Legal", "historic": "Legal", "legacy": "Legal", "modern": "Legal", "oathbreaker": "Legal", "pauper": "Legal", "paupercommander": "Legal", "penny": "Legal", "pioneer": "Legal", "predh": "Legal", "premodern": "Legal", "standard": "Legal", "standardbrawl": "Legal", "timeless": "Legal", "vintage": "Legal"}, "manaValue": 0.0, "name": "Swamp", "number": "266", "originalText": "B", "originalType": "Basic Land — Swamp", "printings": ["10E", "2ED", "2XM", "30A", "3ED", "40K", "4BB", "4ED", "5ED", "6ED", "7ED", "8ED", "9ED", "ACR", "AFR", "AKH", "AKR", "ALA", "ANA", "ANB", "ARC", "ATH", "AVR", "BBD", "BFZ", "BLB", "BRB", "BRC", "BRO", "BTD", "C13", "C14", "C15", "C16", "C17", "C18", "C19", "CED", "CEI", "CHK", "CLB", "CLU", "CM2", "CMA", "CMD", "CMM", "CST", "DDC", "DDD", "DDE", "DDH", "DDJ", "DDK", "DDM", "DDN", "DDP", "DDQ", "DDR", "DKM", "DMR", "DMU", "DOM", "DPA", "DSK", "DTK", "DVD", "E01", "ELD", "FBB", "FDN", "FRF", "G17", "GK1", "GK2", "GN2", "GN3", "GNT", "GRN", "GVL", "H09", "HBG", "HOP", "HOU", "ICE", "IKO", "INV", "ISD", "ITP", "J14", "J22", "JMP", "KHM", "KLD", "KLR", "KTK", "LCI", "LEA", "LEB", "LRW", "LTR", "M10", "M11", "M12", "M13", "M14", "M15", "M19", "M20", "M21", "MBS", "MD1", "ME1", "ME3", "MH2", "MH3", "MID", "MIR", "MKM", "MMQ", "MOM", "MRD", "NEO", "NPH", "ODY", "OLEP", "ONE", "ONS", "ORI", "OTJ", "P02", "P23", "PAL00", "PAL01", "PAL03", "PAL04", "PAL05", "PAL06", "PAL99", "PALP", "PANA", "PARL", "PC2", "PCA", "PD3", "PELP", "PF19", "PF20", "PGPX", "PGRU", "PHUK", "PIP", "PLST", "PMPS", "PMPS06", "PMPS07", "PMPS08", "PMPS09", "PMPS10", "PMPS11", "POR", "PPP1", "PRM", "PRW2", "PRWK", "PS11", "PSAL", "PSS2", "PSS3", "PSS4", "PTC", "PTK", "RAV", "REX", "RIX", "RNA", "ROE", "RQS", "RTR", "S99", "SCD", "SHM", "SIR", "SLD", "SNC", "SOI", "SOM", "STX", "SUM", "TD0", "TD2", "THB", "THS", "TMP", "TPR", "TSP", "UGL", "UND", "UNF", "UNH", "USG", "UST", "VOW", "WAR", "WC01", "WC02", "WC03", "WC97", "WC98", "WC99", "WHO", "WOE", "XANA", "XLN", "ZEN", "ZNR"], "purchaseUrls": {"tcgplayer": "https://mtgjson.com/links/bcbda5652a5f2b51"}, "rarity": "common", "setCode": "M21", "sourceProducts": {"foil": ["547f7fe8-5bf3-5b1f-b7d5-2348edfeb15f", "61ee3ba9-54d4-55e6-8c49-3977d922f30e"], "nonfoil": ["61ee3ba9-54d4-55e6-8c49-3977d922f30e", "639e32d8-aa88-5c64-9f1f-455c4bde54fd", "ca9092e8-a921-5e37-ab9d-4b0f76bb0d01"]}, "subtypes": ["Swamp"], "supertypes": ["Basic"], "text": "({T}: Add {B}.)", "type": "Basic Land — Swamp", "types": ["Land"], "uuid": "9021fd6e-48d7-5c3d-858e-de0dd6bf5b29", "variations": ["e0a00c3e-6d17-5e85-9d1d-c704d828a576", "9ebb924e-395f-5e14-8be5-176d349d1dd9", "7a85abdd-8744-5682-a768-709e5e92d569"]}, {"artist": "Andreas Rocha", "artistIds": ["d084e74b-f63a-4107-b72c-ed6250ecc93b"], "availability": ["arena", "paper"], "boosterTypes": ["default"], "borderColor": "black", "colorIdentity": ["B"], "colors": [], "convertedManaCost": 0.0, "count": 1, "edhrecSaltiness": 0.29, "finishes": ["nonfoil"], "foreignData": [], "frameVersion": "2015", "hasFoil": false, "hasNonFoil": true, "identifiers": {"cardsphereId": "68653", "mcmId": "474139", "mtgArenaId": "72581", "mtgjsonV4Id": "46aab0c9-cb7b-5048-931c-f69a4c3bab33", "multiverseId": "489645", "scryfallCardBackId": "0aeebaf5-8c7d-4636-9e82-8c27447861f7", "scryfallId": "85f7b339-cce2-421e-83b8-1764c53dee47", "scryfallIllustrationId": "f8501b9a-7cf8-4c37-bbfc-80fd39db95a2", "scryfallOracleId": "56719f6a-1a6c-4c0a-8d21-18f7d7350b68", "tcgplayerProductId": "216579"}, "isFoil": false, "isReprint": true, "language": "English", "layout": "normal", "legalities": {"alchemy": "Legal", "brawl": "Legal", "commander": "Legal", "duel": "Legal", "explorer": "Legal", "future": "Legal", "gladiator": "Legal", "historic": "Legal", "legacy": "Legal", "modern": "Legal", "oathbreaker": "Legal", "pauper": "Legal", "paupercommander": "Legal", "penny": "Legal", "pioneer": "Legal", "predh": "Legal", "premodern": "Legal", "standard": "Legal", "standardbrawl": "Legal", "timeless": "Legal", "vintage": "Legal"}, "manaValue": 0.0, "name": "Swamp", "number": "61", "printings": ["10E", "2ED", "2XM", "30A", "3ED", "40K", "4BB", "4ED", "5ED", "6ED", "7ED", "8ED", "9ED", "ACR", "AFR", "AKH", "AKR", "ALA", "ANA", "ANB", "ARC", "ATH", "AVR", "BBD", "BFZ", "BLB", "BRB", "BRC", "BRO", "BTD", "C13", "C14", "C15", "C16", "C17", "C18", "C19", "CED", "CEI", "CHK", "CLB", "CLU", "CM2", "CMA", "CMD", "CMM", "CST", "DDC", "DDD", "DDE", "DDH", "DDJ", "DDK", "DDM", "DDN", "DDP", "DDQ", "DDR", "DKM", "DMR", "DMU", "DOM", "DPA", "DSK", "DTK", "DVD", "E01", "ELD", "FBB", "FDN", "FRF", "G17", "GK1", "GK2", "GN2", "GN3", "GNT", "GRN", "GVL", "H09", "HBG", "HOP", "HOU", "ICE", "IKO", "INV", "ISD", "ITP", "J14", "J22", "JMP", "KHM", "KLD", "KLR", "KTK", "LCI", "LEA", "LEB", "LRW", "LTR", "M10", "M11", "M12", "M13", "M14", "M15", "M19", "M20", "M21", "MBS", "MD1", "ME1", "ME3", "MH2", "MH3", "MID", "MIR", "MKM", "MMQ", "MOM", "MRD", "NEO", "NPH", "ODY", "OLEP", "ONE", "ONS", "ORI", "OTJ", "P02", "P23", "PAL00", "PAL01", "PAL03", "PAL04", "PAL05", "PAL06", "PAL99", "PALP", "PANA", "PARL", "PC2", "PCA", "PD3", "PELP", "PF19", "PF20", "PGPX", "PGRU", "PHUK", "PIP", "PLST", "PMPS", "PMPS06", "PMPS07", "PMPS08", "PMPS09", "PMPS10", "PMPS11", "POR", "PPP1", "PRM", "PRW2", "PRWK", "PS11", "PSAL", "PSS2", "PSS3", "PSS4", "PTC", "PTK", "RAV", "REX", "RIX", "RNA", "ROE", "RQS", "RTR", "S99", "SCD", "SHM", "SIR", "SLD", "SNC", "SOI", "SOM", "STX", "SUM", "TD0", "TD2", "THB", "THS", "TMP", "TPR", "TSP", "UGL", "UND", "UNF", "UNH", "USG", "UST", "VOW", "WAR", "WC01", "WC02", "WC03", "WC97", "WC98", "WC99", "WHO", "WOE", "XANA", "XLN", "ZEN", "ZNR"], "purchaseUrls": {"tcgplayer": "https://mtgjson.com/links/5686f37bbb5cce49"}, "rarity": "common", "setCode": "JMP", "sourceProducts": {"nonfoil": ["ca9092e8-a921-5e37-ab9d-4b0f76bb0d01"]}, "subtypes": ["Swamp"], "supertypes": ["Basic"], "text": "({T}: Add {B}.)", "type": "Basic Land — Swamp", "types": ["Land"], "uuid": "0b3a8dd2-71f2-5213-8267-27f9c1a4c95b", "variations": ["333fe9a6-c1f0-5bb1-a016-14f6946ed17e", "2d81ccd9-e85f-5849-b429-8003e64ee100", "6d7b4877-ad57-5508-92cc-4a060c83e09e", "542926fc-a893-5212-bf00-6a0e8eaef071", "fe954474-dc50-5624-9539-3a316f2321dd", "cc96d27b-558e-5fd4-83df-3ae246958b0c", "874535cd-2277-52c2-9d92-ba5dd2defa06"]}], "name": "Spooky (2)", "releaseDate": "2020-07-17", "sealedProductUuids": null, "sideBoard": [], "type": "Jumpstart"}}