{"meta": {"date": "2024-09-03", "version": "5.2.2+20240903"}, "data": {"code": "HOP", "commander": [], "mainBoard": [{"artist": "Randy Gallegos", "artistIds": ["a5048cc7-438a-4378-98e4-da99b78e1db0"], "availability": ["mtgo", "paper"], "borderColor": "black", "colorIdentity": ["W"], "colors": ["W"], "convertedManaCost": 1.0, "count": 1, "edhrecRank": 585, "edhrecSaltiness": 0.4, "finishes": ["nonfoil"], "flavorText": "\"One does not question the size or shape of the grains of sand in an hourglass. Nor do I question the temperament of the souls under my guidance.\"", "foreignData": [], "frameVersion": "2003", "hasFoil": false, "hasNonFoil": true, "identifiers": {"cardsphereId": "35620", "mcmId": "21602", "mcmMetaId": "5423", "mtgjsonV4Id": "f63cdf77-50c4-52c2-95c0-a81122b1bd90", "mtgoFoilId": "44385", "mtgoId": "44384", "multiverseId": "205351", "scryfallCardBackId": "0aeebaf5-8c7d-4636-9e82-8c27447861f7", "scryfallId": "ad97b973-0d3a-4d30-b9f2-771912840d8a", "scryfallIllustrationId": "c59983d5-da9e-4f54-aef7-ec8742c1f355", "scryfallOracleId": "f3fad295-1af2-4ecc-8546-b121ad6be27b", "tcgplayerProductId": "37439"}, "isFoil": false, "isReprint": true, "isStarter": true, "language": "English", "layout": "normal", "legalities": {"brawl": "Legal", "commander": "Legal", "duel": "Legal", "gladiator": "Legal", "historic": "Legal", "legacy": "Legal", "modern": "Legal", "oathbreaker": "Legal", "pauper": "Legal", "paupercommander": "Legal", "penny": "Legal", "predh": "Legal", "premodern": "Legal", "timeless": "Legal", "vintage": "Legal"}, "manaCost": "{W}", "manaValue": 1.0, "name": "Soul Warden", "number": "7", "originalText": "Whenever another creature enters the battlefield, you gain 1 life.", "originalType": "Creature - Human Cleric", "power": "1", "printings": ["10E", "9ED", "BRB", "EXO", "HA1", "HOP", "M10", "MD1", "MM3", "PLST", "PSAL", "SLD", "WC98"], "purchaseUrls": {"cardmarket": "https://mtgjson.com/links/9b8acceb8f06d37c", "tcgplayer": "https://mtgjson.com/links/51a2d25793b0e579"}, "rarity": "common", "rulings": [{"date": "2004-10-04", "text": "Does not trigger on a card on the battlefield being changed into a creature."}, {"date": "2004-10-04", "text": "The ability will not trigger on itself entering, but it will trigger on any other creature that is put onto the battlefield at the same time."}, {"date": "2005-08-01", "text": "The life gain is mandatory."}, {"date": "2005-08-01", "text": "Two Soul Wardens entering at the same time will each cause the other's ability to trigger."}], "setCode": "HOP", "sourceProducts": {"nonfoil": ["12800d83-eea5-53d4-bf45-9761d9732e50"]}, "subtypes": ["Human", "Cleric"], "supertypes": [], "text": "Whenever another creature enters, you gain 1 life.", "toughness": "1", "type": "Creature — Human Cleric", "types": ["Creature"], "uuid": "7b6cb30c-534d-53c3-8789-a8af710268eb"}, {"artist": "Franz Vohwinkel", "artistIds": ["3a243c17-3baa-4b53-9599-645311cd7d3d"], "availability": ["mtgo", "paper"], "borderColor": "black", "colorIdentity": ["R", "W"], "colors": ["R", "W"], "convertedManaCost": 2.0, "count": 1, "edhrecRank": 21405, "edhrecSaltiness": 0.64, "finishes": ["nonfoil"], "flavorText": "Mimics don't need perfect disguises. They need only the perfect victims: the naive, the young, or the poor of sight.", "foreignData": [], "frameVersion": "2003", "hasFoil": false, "hasNonFoil": true, "identifiers": {"cardsphereId": "35484", "mcmId": "21589", "mcmMetaId": "9983", "mtgjsonV4Id": "be7eff91-82ab-5fc6-9a2c-0d3686fcc4e9", "mtgoFoilId": "44417", "mtgoId": "44416", "multiverseId": "205378", "scryfallCardBackId": "0aeebaf5-8c7d-4636-9e82-8c27447861f7", "scryfallId": "c330f44c-0479-472d-81ed-16445d182c37", "scryfallIllustrationId": "cfbe4e1a-2f6d-41e9-a769-2391f0e9974e", "scryfallOracleId": "0af189d3-4de1-483e-aac4-dd5d51a57d9c", "tcgplayerProductId": "37322"}, "isFoil": false, "isReprint": true, "isStarter": true, "language": "English", "layout": "normal", "legalities": {"commander": "Legal", "duel": "Legal", "legacy": "Legal", "modern": "Legal", "oathbreaker": "Legal", "pauper": "Legal", "paupercommander": "Legal", "predh": "Legal", "vintage": "Legal"}, "manaCost": "{1}{R/W}", "manaValue": 2.0, "name": "Battlegate Mimic", "number": "98", "originalText": "Whenever you cast a spell that's both red and white, Battlegate Mimic becomes 4/2 and gains first strike until end of turn.", "originalType": "Creature - Shapeshifter", "power": "2", "printings": ["EVE", "HOP"], "purchaseUrls": {"cardmarket": "https://mtgjson.com/links/07ac6714685f6832", "tcgplayer": "https://mtgjson.com/links/c0cc7df6ea08c6a2"}, "rarity": "common", "rulings": [{"date": "2008-08-01", "text": "Any other abilities the Mimic may have gained are not affected."}, {"date": "2008-08-01", "text": "If you cast a spell that’s the two appropriate colors for the second time in a turn, the ability triggers again. The Mimic will once again become the power and toughness stated in its ability, which could overwrite power- and toughness-setting effects that have been applied to it in the meantime."}, {"date": "2008-08-01", "text": "The ability triggers whenever you cast a spell that’s both of its listed colors. It doesn’t matter whether that spell also happens to be any other colors."}, {"date": "2009-10-01", "text": "The effect from the ability overwrites other effects that set power and/or toughness if and only if those effects existed before the ability resolved. It will not overwrite effects that modify power or toughness (whether from a static ability, counters, or a resolved spell or ability), nor will it overwrite effects that set power and toughness which come into existence after the ability resolves. Effects that switch the creature’s power and toughness are always applied after any other power or toughness changing effects, including this one, regardless of the order in which they are created."}], "setCode": "HOP", "sourceProducts": {"nonfoil": ["12800d83-eea5-53d4-bf45-9761d9732e50"]}, "subtypes": ["Shapeshifter"], "supertypes": [], "text": "Whenever you cast a spell that's both red and white, Battlegate Mimic has base power and toughness 4/2 until end of turn and gains first strike until end of turn.", "toughness": "1", "type": "Creature — Shapeshifter", "types": ["Creature"], "uuid": "f5b67be4-e9a8-5256-9a76-45e46621313d"}, {"artist": "Doug Chaffee", "artistIds": ["dd587b27-dca3-4219-aa55-b285a7a77030"], "availability": ["mtgo", "paper"], "borderColor": "black", "colorIdentity": ["R", "W"], "colors": ["R", "W"], "convertedManaCost": 2.0, "count": 2, "edhrecRank": 15339, "edhrecSaltiness": 0.21, "finishes": ["nonfoil"], "flavorText": "When the Boros Legion attacks, swiftblades enter the fray first. They pick off the archers and mages, softening the enemy front before the flame-kin and giants go in.", "foreignData": [], "frameVersion": "2003", "hasFoil": false, "hasNonFoil": true, "identifiers": {"cardsphereId": "35494", "mcmId": "21591", "mcmMetaId": "7892", "mtgjsonV4Id": "41197b4c-8cdd-5c94-ad71-bbc2674063fb", "mtgoFoilId": "44739", "mtgoId": "44738", "multiverseId": "205359", "scryfallCardBackId": "0aeebaf5-8c7d-4636-9e82-8c27447861f7", "scryfallId": "0279d460-5ade-4017-9635-ece28a5ba79d", "scryfallIllustrationId": "0ca8127b-8099-4ecb-b1a3-f87397bfa77c", "scryfallOracleId": "377e4dad-866b-4e02-8c10-072bf7f000be", "tcgplayerProductId": "37332"}, "isFoil": false, "isReprint": true, "isStarter": true, "keywords": ["Double strike"], "language": "English", "layout": "normal", "legalities": {"commander": "Legal", "duel": "Legal", "legacy": "Legal", "modern": "Legal", "oathbreaker": "Legal", "paupercommander": "Restricted", "penny": "Legal", "predh": "Legal", "vintage": "Legal"}, "manaCost": "{R}{W}", "manaValue": 2.0, "name": "Boros Swiftblade", "number": "82", "originalText": "Double strike (This creature deals both first-strike and regular combat damage.)", "originalType": "Creature - Human Soldier", "power": "1", "printings": ["GK1", "HOP", "MM2", "RAV"], "purchaseUrls": {"cardmarket": "https://mtgjson.com/links/de24c5477bb2d131", "tcgplayer": "https://mtgjson.com/links/668f67831121707d"}, "rarity": "uncommon", "setCode": "HOP", "sourceProducts": {"nonfoil": ["12800d83-eea5-53d4-bf45-9761d9732e50"]}, "subtypes": ["Human", "Soldier"], "supertypes": [], "text": "Double strike", "toughness": "2", "type": "Creature — Human Soldier", "types": ["Creature"], "uuid": "baaead93-cddc-5ed1-b23e-2bed6626929d"}, {"artist": "Christopher Moeller", "artistIds": ["21e10012-06ae-44f2-b38d-3824dd2e73d4"], "availability": ["mtgo", "paper"], "borderColor": "black", "colorIdentity": ["R", "W"], "colors": ["R", "W"], "convertedManaCost": 2.0, "count": 1, "edhrecRank": 20552, "finishes": ["nonfoil"], "flavorText": "The unit of measurement used to chart a cerodon's growth is \"persons consumed.\"", "foreignData": [], "frameVersion": "2003", "hasFoil": false, "hasNonFoil": true, "identifiers": {"cardsphereId": "35504", "mcmId": "21593", "mcmMetaId": "10509", "mtgjsonV4Id": "15d9653e-fbf9-5dce-9bac-eb13ba4ae0a5", "mtgoFoilId": "44467", "mtgoId": "44466", "multiverseId": "205802", "scryfallCardBackId": "0aeebaf5-8c7d-4636-9e82-8c27447861f7", "scryfallId": "116abc15-d79b-4dfe-8f9f-f38bcf429da8", "scryfallIllustrationId": "b8295b3c-f692-4796-b2e3-850bbb0834f5", "scryfallOracleId": "6db09a0a-6c8e-4829-9b55-00745f0587b5", "tcgplayerProductId": "37342"}, "isFoil": false, "isReprint": true, "isStarter": true, "keywords": ["Haste", "Vigilance"], "language": "English", "layout": "normal", "legalities": {"commander": "Legal", "duel": "Legal", "legacy": "Legal", "modern": "Legal", "oathbreaker": "Legal", "pauper": "Legal", "paupercommander": "Legal", "penny": "Legal", "predh": "Legal", "vintage": "Legal"}, "manaCost": "{R}{W}", "manaValue": 2.0, "name": "Cerodon Yearling", "number": "86", "originalText": "Vigilance, haste", "originalType": "Creature - Beast", "power": "2", "printings": ["ARB", "HOP"], "purchaseUrls": {"cardmarket": "https://mtgjson.com/links/074e5139e8477bb7", "tcgplayer": "https://mtgjson.com/links/a47cd7445e882178"}, "rarity": "common", "setCode": "HOP", "sourceProducts": {"nonfoil": ["12800d83-eea5-53d4-bf45-9761d9732e50"]}, "subtypes": ["Beast"], "supertypes": [], "text": "Vigilance, haste", "toughness": "2", "type": "Creature — Beast", "types": ["Creature"], "uuid": "6ad856cd-0dd9-588a-86cb-df43d7e35002"}, {"artist": "Paolo Parente", "artistIds": ["d48dd097-720d-476a-8722-6a02854ae28b"], "availability": ["mtgo", "paper"], "borderColor": "black", "colorIdentity": ["R", "W"], "colors": ["R", "W"], "convertedManaCost": 2.0, "count": 1, "edhrecRank": 14051, "edhrecSaltiness": 0.4, "finishes": ["nonfoil"], "foreignData": [], "frameVersion": "2003", "hasFoil": false, "hasNonFoil": true, "identifiers": {"cardsphereId": "35492", "mcmId": "21590", "mcmMetaId": "7889", "mtgjsonV4Id": "69072306-a2c4-5902-8068-080c2f3c4911", "mtgoFoilId": "44745", "mtgoId": "44744", "multiverseId": "205357", "scryfallCardBackId": "0aeebaf5-8c7d-4636-9e82-8c27447861f7", "scryfallId": "b5c9db79-ed2a-4e16-a314-49960fb269da", "scryfallIllustrationId": "34e6265e-7e1c-46b4-a120-0da850a6a6eb", "scryfallOracleId": "266c2f49-82eb-48e9-a7ea-e0da787fa40e", "tcgplayerProductId": "37330"}, "isFoil": false, "isReprint": true, "isStarter": true, "language": "English", "layout": "normal", "legalities": {"commander": "Legal", "duel": "Legal", "legacy": "Legal", "modern": "Legal", "oathbreaker": "Legal", "paupercommander": "Restricted", "penny": "Legal", "predh": "Legal", "vintage": "Legal"}, "manaCost": "{R/W}{R/W}", "manaValue": 2.0, "name": "Boros Guildmage", "number": "99", "originalText": "{1}{R}: Target creature gains haste until end of turn.\n{1}{W}: Target creature gains first strike until end of turn.", "originalType": "Creature - Human Wizard", "power": "2", "printings": ["CMA", "CMD", "HOP", "RAV", "RVR"], "purchaseUrls": {"cardmarket": "https://mtgjson.com/links/67401606e87f0156", "tcgplayer": "https://mtgjson.com/links/93a0b93ade923aa1"}, "rarity": "uncommon", "setCode": "HOP", "sourceProducts": {"nonfoil": ["12800d83-eea5-53d4-bf45-9761d9732e50"]}, "subtypes": ["Human", "Wizard"], "supertypes": [], "text": "{1}{R}: Target creature gains haste until end of turn.\n{1}{W}: Target creature gains first strike until end of turn.", "toughness": "2", "type": "Creature — Human Wizard", "types": ["Creature"], "uuid": "a87d57a6-cf81-5cf4-b833-7d778c604b97"}, {"artist": "Dan Murayama Scott", "artistIds": ["f852fa13-137e-40f2-bbc1-0f01df09c0e0"], "availability": ["mtgo", "paper"], "borderColor": "black", "colorIdentity": ["W"], "colors": ["W"], "convertedManaCost": 3.0, "count": 1, "edhrecRank": 18921, "edhrecSaltiness": 0.25, "finishes": ["nonfoil"], "flavorText": "\"Why keep such trinkets? They only add weight to your travels.\"", "foreignData": [], "frameVersion": "2003", "hasFoil": false, "hasNonFoil": true, "identifiers": {"cardsphereId": "35558", "mcmId": "21598", "mcmMetaId": "10719", "mtgjsonV4Id": "f5346f16-b5ee-5e14-9527-128559870218", "mtgoFoilId": "44481", "mtgoId": "44480", "multiverseId": "205342", "scryfallCardBackId": "0aeebaf5-8c7d-4636-9e82-8c27447861f7", "scryfallId": "2c1544bf-d4f4-4e3a-9b93-8ea50bc86922", "scryfallIllustrationId": "22b6eecb-694c-41c5-830d-50e0fa4246ae", "scryfallOracleId": "55d8ac5b-622c-42a9-83dc-f2c1c6c2506f", "tcgplayerProductId": "37389"}, "isFoil": false, "isStarter": true, "keywords": ["Kicker"], "language": "English", "layout": "normal", "legalities": {"commander": "Legal", "duel": "Legal", "legacy": "Legal", "modern": "Legal", "oathbreaker": "Legal", "pauper": "Legal", "paupercommander": "Legal", "penny": "Legal", "predh": "Legal", "vintage": "Legal"}, "manaCost": "{2}{W}", "manaValue": 3.0, "name": "Kor Sanctifiers", "number": "3", "originalText": "Kicker {W} (You may pay an additional {W} as you cast this spell.)\nWhen Kor Sanctifiers enters the battlefield, if it was kicked, destroy target artifact or enchantment.", "originalType": "Creature - Kor Cleric", "power": "2", "printings": ["C14", "C15", "HOP", "ZEN"], "purchaseUrls": {"cardmarket": "https://mtgjson.com/links/88e82ffea061ff34", "tcgplayer": "https://mtgjson.com/links/b49de134472450b5"}, "rarity": "common", "setCode": "HOP", "sourceProducts": {"nonfoil": ["12800d83-eea5-53d4-bf45-9761d9732e50"]}, "subtypes": ["Kor", "Cleric"], "supertypes": [], "text": "Kicker {W} (You may pay an additional {W} as you cast this spell.)\nWhen Kor Sanctifiers enters, if it was kicked, destroy target artifact or enchantment.", "toughness": "3", "type": "Creature — Kor Cleric", "types": ["Creature"], "uuid": "f9391b18-f094-52ec-ac47-fb36fe492aa6"}, {"artist": "Dave Allsop", "artistIds": ["99b8310a-4fd6-4ded-8ab7-3b5185821cbe"], "availability": ["mtgo", "paper"], "borderColor": "black", "colorIdentity": ["R", "W"], "colors": ["R", "W"], "convertedManaCost": 3.0, "count": 1, "edhrecRank": 6671, "edhrecSaltiness": 0.12, "finishes": ["nonfoil"], "foreignData": [], "frameVersion": "2003", "hasFoil": false, "hasNonFoil": true, "identifiers": {"cardsphereId": "35519", "mcmId": "21594", "mcmMetaId": "9987", "mtgjsonV4Id": "82f84288-0327-559e-b0db-5091bf9833d0", "mtgoFoilId": "44425", "mtgoId": "44424", "multiverseId": "205380", "scryfallCardBackId": "0aeebaf5-8c7d-4636-9e82-8c27447861f7", "scryfallId": "a70f7332-34bb-4a12-a699-b22f4b98c84c", "scryfallIllustrationId": "58ac3239-1a74-473d-b9c8-ca468ca2cf54", "scryfallOracleId": "ecb2fd58-b880-4d9e-93cb-c4d2b28233c9", "tcgplayerProductId": "37357"}, "isFoil": false, "isReprint": true, "isStarter": true, "language": "English", "layout": "normal", "legalities": {"commander": "Legal", "duel": "Legal", "legacy": "Legal", "modern": "Legal", "oathbreaker": "Legal", "paupercommander": "Restricted", "predh": "Legal", "vintage": "Legal"}, "manaCost": "{2}{R/W}", "manaValue": 3.0, "name": "Duergar Hedge-Mage", "number": "101", "originalText": "When Duergar Hedge-Mage enters the battlefield, if you control two or more Mountains, you may destroy target artifact.\nWhen Duergar Hedge-Mage enters the battlefield, if you control two or more Plains, you may destroy target enchantment.", "originalType": "Creature - Dwarf Shaman", "power": "2", "printings": ["CMA", "CMD", "EVE", "HOP", "MOC", "PDCI", "PLST", "PRM"], "purchaseUrls": {"cardmarket": "https://mtgjson.com/links/5501770f20c549d7", "tcgplayer": "https://mtgjson.com/links/9ce597525485056f"}, "rarity": "uncommon", "rulings": [{"date": "2008-08-01", "text": "Both abilities are optional; you choose whether to use them when they resolve. If an ability has a target, you must choose a target even if you don't plan to use the ability."}, {"date": "2008-08-01", "text": "Both abilities trigger at the same time. You can put them on the stack in any order."}, {"date": "2008-08-01", "text": "Each of the triggered abilities has an \"intervening 'if' clause.\" That means (1) the ability won't trigger at all unless you control two or more lands of the appropriate land type when the Hedge-Mage enters, and (2) the ability will do nothing if you don't control two or more lands of the appropriate land type by the time it resolves."}, {"date": "2008-08-01", "text": "Each of the triggered abilities look at your lands individually. This means that if you only control two dual-lands of the appropriate types, both of the abilities will trigger."}], "setCode": "HOP", "sourceProducts": {"nonfoil": ["12800d83-eea5-53d4-bf45-9761d9732e50"]}, "subtypes": ["Dwarf", "Shaman"], "supertypes": [], "text": "When Duergar Hedge-Mage enters, if you control two or more Mountains, you may destroy target artifact.\nWhen Duergar Hedge-Mage enters, if you control two or more Plains, you may destroy target enchantment.", "toughness": "2", "type": "Creature — Dwarf Shaman", "types": ["Creature"], "uuid": "b34b1f4f-243c-5176-be69-03947dff5b80"}, {"artist": "Steven Belledin", "artistIds": ["f07d73b9-52a0-4fe5-858b-61f7b42174a5"], "availability": ["mtgo", "paper"], "borderColor": "black", "colorIdentity": ["R", "W"], "colors": ["R", "W"], "convertedManaCost": 3.0, "count": 1, "edhrecRank": 21811, "finishes": ["nonfoil"], "flavorText": "Hobgoblins are best left alone. They sharpen their farm implements far more than is necessary for their work in the fields.", "foreignData": [], "frameVersion": "2003", "hasFoil": false, "hasNonFoil": true, "identifiers": {"cardsphereId": "35543", "mcmId": "21596", "mcmMetaId": "9991", "mtgjsonV4Id": "08f99de9-d4a6-5e1b-9023-d07817e1cb7f", "mtgoFoilId": "44423", "mtgoId": "44422", "multiverseId": "205381", "scryfallCardBackId": "0aeebaf5-8c7d-4636-9e82-8c27447861f7", "scryfallId": "a3944eb0-dcd2-4235-97c2-198f31af65aa", "scryfallIllustrationId": "ddf5f41e-04b1-4779-8012-4133658c2ac9", "scryfallOracleId": "bc940eda-efa8-4227-9b56-0c6fbf1398d2", "tcgplayerProductId": "37377"}, "isFoil": false, "isReprint": true, "isStarter": true, "keywords": ["Double strike"], "language": "English", "layout": "normal", "legalities": {"commander": "Legal", "duel": "Legal", "legacy": "Legal", "modern": "Legal", "oathbreaker": "Legal", "paupercommander": "Restricted", "penny": "Legal", "predh": "Legal", "vintage": "Legal"}, "manaCost": "{R/W}{R/W}{R/W}", "manaValue": 3.0, "name": "Hearthfire Hobgoblin", "number": "102", "originalText": "Double strike (This creature deals both first-strike and regular combat damage.)", "originalType": "Creature - Goblin Soldier", "power": "2", "printings": ["EVE", "HOP", "MM2"], "purchaseUrls": {"cardmarket": "https://mtgjson.com/links/8ed23941049ce639", "tcgplayer": "https://mtgjson.com/links/18823d70a144c6ec"}, "rarity": "uncommon", "setCode": "HOP", "sourceProducts": {"nonfoil": ["12800d83-eea5-53d4-bf45-9761d9732e50"]}, "subtypes": ["Goblin", "Soldier"], "supertypes": [], "text": "Double strike", "toughness": "2", "type": "Creature — Goblin Soldier", "types": ["Creature"], "uuid": "89169eed-41d2-5b1b-906a-e7e8662e6836"}, {"artist": "Pete Venters", "artistIds": ["d54c4a1a-c0c5-4834-84db-125d341f3ad8"], "availability": ["mtgo", "paper"], "borderColor": "black", "colorIdentity": ["R"], "colors": ["R"], "convertedManaCost": 4.0, "count": 1, "edhrecRank": 10536, "edhrecSaltiness": 0.71, "finishes": ["nonfoil"], "flavorText": "\"For dim-witted, thick-skulled genetic mutants, they have pretty good aim.\"\n—Sisay, captain of the *Weatherlight*", "foreignData": [], "frameVersion": "2003", "hasFoil": false, "hasNonFoil": true, "identifiers": {"cardsphereId": "35528", "mcmId": "21595", "mcmMetaId": "2082", "mtgjsonV4Id": "49822204-a435-5959-9777-28b58777f885", "mtgoFoilId": "44585", "mtgoId": "44584", "multiverseId": "205392", "scryfallCardBackId": "0aeebaf5-8c7d-4636-9e82-8c27447861f7", "scryfallId": "b6dab138-b96c-4610-9d28-1117fcdb9ef2", "scryfallIllustrationId": "0f2212ad-6d9c-47d3-a458-484e85fb062e", "scryfallOracleId": "b215196a-3716-451f-bdbd-d16c05ace5b4", "tcgplayerProductId": "37366"}, "isFoil": false, "isReprint": true, "isStarter": true, "language": "English", "layout": "normal", "legalities": {"commander": "Legal", "duel": "Legal", "legacy": "Legal", "oathbreaker": "Legal", "paupercommander": "Restricted", "penny": "Legal", "predh": "Legal", "premodern": "Legal", "vintage": "Legal"}, "manaCost": "{3}{R}", "manaValue": 4.0, "name": "Flametongue Kavu", "number": "54", "originalText": "When Flametongue Kavu enters the battlefield, it deals 4 damage to target creature.", "originalType": "Creature - Kavu", "power": "4", "printings": ["C14", "CM2", "CMD", "DD2", "DMR", "E01", "F05", "GN3", "HOP", "JMP", "JVC", "PLS", "PLST", "PRM", "PZ1", "TD0", "VMA", "WC01", "WC02"], "purchaseUrls": {"cardmarket": "https://mtgjson.com/links/f98ff6d2b0b98052", "tcgplayer": "https://mtgjson.com/links/d61399ad8e8bf4c9"}, "rarity": "uncommon", "rulings": [{"date": "2022-12-08", "text": "Flametongue Kavu’s ability can target itself. If it’s the only creature on the battlefield as its ability triggers, its ability must target itself."}], "setCode": "HOP", "sourceProducts": {"nonfoil": ["12800d83-eea5-53d4-bf45-9761d9732e50"]}, "subtypes": ["Kavu"], "supertypes": [], "text": "When Flametongue Kavu enters, it deals 4 damage to target creature.", "toughness": "2", "type": "Creature — Kavu", "types": ["Creature"], "uuid": "00acefc3-be5b-5bb7-aea6-237c2f532a89"}, {"artist": "Mark Tedin", "artistIds": ["9ee9a9cc-c09e-486f-918b-69f80cbc4188"], "availability": ["mtgo", "paper"], "borderColor": "black", "colorIdentity": ["R"], "colors": ["R"], "convertedManaCost": 4.0, "count": 1, "edhrecRank": 23543, "finishes": ["nonfoil"], "foreignData": [], "frameVersion": "2003", "hasFoil": false, "hasNonFoil": true, "identifiers": {"cardsphereId": "35557", "mcmId": "21597", "mcmMetaId": "3065", "mtgjsonV4Id": "973a5e4b-da90-5558-a4b3-54b85f7cc1b2", "mtgoFoilId": "44447", "mtgoId": "44446", "multiverseId": "205801", "scryfallCardBackId": "0aeebaf5-8c7d-4636-9e82-8c27447861f7", "scryfallId": "fd8f05ef-2f1c-4fd8-ab18-91589828ff79", "scryfallIllustrationId": "d85a5732-d4e2-401a-baa2-daf07d40e4bd", "scryfallOracleId": "1600b361-9298-49f0-8925-4c1aad363e1b", "tcgplayerProductId": "37388"}, "isFoil": false, "isReprint": true, "isStarter": true, "keywords": ["Echo", "Haste"], "language": "English", "layout": "normal", "legalities": {"commander": "Legal", "duel": "Legal", "legacy": "Legal", "oathbreaker": "Legal", "paupercommander": "Restricted", "predh": "Legal", "premodern": "Legal", "vintage": "Legal"}, "manaCost": "{2}{R}{R}", "manaValue": 4.0, "name": "Keldon Champion", "number": "58", "originalText": "Haste\nEcho {2}{R}{R} (At the beginning of your upkeep, if this came under your control since the beginning of your last upkeep, sacrifice it unless you pay its echo cost.)\nWhen Keldon Champion enters the battlefield, it deals 3 damage to target player.", "originalType": "Creature - Human Barbarian", "power": "3", "printings": ["EMA", "HOP", "PD2", "PLST", "UDS"], "purchaseUrls": {"cardmarket": "https://mtgjson.com/links/bd42c58d95d9aaab", "tcgplayer": "https://mtgjson.com/links/af243e7b30d3aa38"}, "rarity": "uncommon", "setCode": "HOP", "sourceProducts": {"nonfoil": ["12800d83-eea5-53d4-bf45-9761d9732e50"]}, "subtypes": ["Human", "Barbarian"], "supertypes": [], "text": "Haste\nEcho {2}{R}{R} (At the beginning of your upkeep, if this came under your control since the beginning of your last upkeep, sacrifice it unless you pay its echo cost.)\nWhen Keldon Champion enters, it deals 3 damage to target player or planeswalker.", "toughness": "2", "type": "Creature — Human Barbarian", "types": ["Creature"], "uuid": "9bbb3a83-48d0-5daa-b180-570e5ab377b1"}, {"artist": "Ron Spencer", "artistIds": ["dab52c11-0564-4207-a4a1-c1735c946a65"], "availability": ["mtgo", "paper"], "borderColor": "black", "colorIdentity": ["R"], "colors": ["R"], "convertedManaCost": 5.0, "count": 1, "edhrecRank": 23784, "finishes": ["nonfoil"], "foreignData": [], "frameVersion": "2003", "hasFoil": false, "hasNonFoil": true, "identifiers": {"cardsphereId": "35568", "mcmId": "21599", "mcmMetaId": "3532", "mtgjsonV4Id": "c8ea1063-a6c9-5008-83a7-b641121155c4", "mtgoFoilId": "44603", "mtgoId": "44602", "multiverseId": "205370", "scryfallCardBackId": "0aeebaf5-8c7d-4636-9e82-8c27447861f7", "scryfallId": "8de4b5cc-748c-45d1-852b-0f522b8838ba", "scryfallIllustrationId": "54a56d61-ba23-42dd-b877-2007c0be2085", "scryfallOracleId": "8efcd591-c576-4d25-9670-578c5e3263a1", "tcgplayerProductId": "37399"}, "isFoil": false, "isReprint": true, "isStarter": true, "keywords": ["Haste", "Trample"], "language": "English", "layout": "normal", "legalities": {"commander": "Legal", "duel": "Legal", "legacy": "Legal", "oathbreaker": "Legal", "penny": "Legal", "predh": "Legal", "premodern": "Legal", "vintage": "Legal"}, "manaCost": "{3}{R}{R}", "manaValue": 5.0, "name": "Menacing Ogre", "number": "59", "originalText": "Trample, haste\nWhen Menacing Ogre enters the battlefield, each player secretly chooses a number. Then those numbers are revealed. Each player with the highest number loses that much life. If you are one of those players, put two +1/+1 counters on Menacing Ogre.", "originalType": "Creature - Ogre", "power": "3", "printings": ["HOP", "ONS"], "purchaseUrls": {"cardmarket": "https://mtgjson.com/links/a04f9e7294b1a775", "tcgplayer": "https://mtgjson.com/links/19145abe12625007"}, "rarity": "rare", "rulings": [{"date": "2004-10-04", "text": "You have to choose zero or a positive number. It must be an integer number."}], "setCode": "HOP", "sourceProducts": {"nonfoil": ["12800d83-eea5-53d4-bf45-9761d9732e50"]}, "subtypes": ["Ogre"], "supertypes": [], "text": "Trample, haste\nWhen Menacing Ogre enters, each player secretly chooses a number. Then those numbers are revealed. Each player with the highest number loses that much life. If you are one of those players, put two +1/+1 counters on Menacing Ogre.", "toughness": "3", "type": "Creature — Ogre", "types": ["Creature"], "uuid": "f7e89ab9-a38b-57a5-b79c-d278511c8379"}, {"artist": "Ralph Horsley", "artistIds": ["a51444a8-eb4b-4615-a663-d1d418591ccb"], "availability": ["mtgo", "paper"], "borderColor": "black", "colorIdentity": ["R", "W"], "colors": ["R", "W"], "convertedManaCost": 5.0, "count": 1, "edhrecRank": 4618, "edhrecSaltiness": 0.32, "finishes": ["nonfoil"], "foreignData": [], "frameVersion": "2003", "hasFoil": false, "hasNonFoil": true, "identifiers": {"cardsphereId": "35483", "mcmId": "21588", "mcmMetaId": "9982", "mtgjsonV4Id": "bd9afea3-20b3-518f-9271-df3a3a53202e", "mtgoFoilId": "44419", "mtgoId": "44418", "multiverseId": "205377", "scryfallCardBackId": "0aeebaf5-8c7d-4636-9e82-8c27447861f7", "scryfallId": "79151363-78ec-4424-8bbf-1f41297de8de", "scryfallIllustrationId": "8e420036-d929-451a-8666-a0e564c1067e", "scryfallOracleId": "ee35ed62-d5a2-4e65-a7eb-fcdcb3665532", "tcgplayerProductId": "37321"}, "isFoil": false, "isReprint": true, "isStarter": true, "language": "English", "layout": "normal", "legalities": {"commander": "Legal", "duel": "Legal", "legacy": "Legal", "modern": "Legal", "oathbreaker": "Legal", "penny": "Legal", "predh": "Legal", "vintage": "Legal"}, "manaCost": "{2}{R/W}{R/W}{R/W}", "manaValue": 5.0, "name": "Balefire Liege", "number": "97", "originalText": "Other red creatures you control get +1/+1.\nOther white creatures you control get +1/+1.\nWhenever you cast a red spell, Balefire Liege deals 3 damage to target player.\nWhenever you cast a white spell, you gain 3 life.", "originalType": "Creature - Spirit Horror", "power": "2", "printings": ["2X2", "EVE", "HOP", "PLST"], "purchaseUrls": {"cardmarket": "https://mtgjson.com/links/ef092cb7a26ac30d", "tcgplayer": "https://mtgjson.com/links/d96761173f12989d"}, "rarity": "rare", "rulings": [{"date": "2008-08-01", "text": "The abilities are separate and cumulative. If another creature you control is both of the listed colors, it will get a total of +2/+2."}], "setCode": "HOP", "sourceProducts": {"nonfoil": ["12800d83-eea5-53d4-bf45-9761d9732e50"]}, "subtypes": ["Spirit", "Horror"], "supertypes": [], "text": "Other red creatures you control get +1/+1.\nOther white creatures you control get +1/+1.\nWhenever you cast a red spell, Balefire Liege deals 3 damage to target player or planeswalker.\nWhenever you cast a white spell, you gain 3 life.", "toughness": "4", "type": "Creature — Spirit Horror", "types": ["Creature"], "uuid": "6da9f66e-53aa-56c9-8988-c8d20c3d8159"}, {"artist": "Jesper Ejsing", "artistIds": ["a5f8354a-8b51-4e59-96b2-0e3aeae4fa1d"], "availability": ["mtgo", "paper"], "borderColor": "black", "colorIdentity": ["R", "W"], "colors": ["R", "W"], "convertedManaCost": 6.0, "count": 1, "edhrecRank": 24098, "edhrecSaltiness": 0.08, "finishes": ["nonfoil"], "flavorText": "It holds motionless vigil, watching Naya in silence through the screen of the whitecover. When it senses anything amiss, it launches forward with the uncanny sound of torn fog.", "foreignData": [], "frameVersion": "2003", "hasFoil": false, "hasNonFoil": true, "identifiers": {"cardsphereId": "35500", "mcmId": "21592", "mcmMetaId": "10060", "mtgjsonV4Id": "c00633b5-d7c2-5920-a447-a9fb2f5d4800", "mtgoFoilId": "44435", "mtgoId": "44434", "multiverseId": "205321", "scryfallCardBackId": "0aeebaf5-8c7d-4636-9e82-8c27447861f7", "scryfallId": "1d375f2c-8d43-4e25-a0fb-9e936a03d5f7", "scryfallIllustrationId": "3fe424c0-c512-4544-814b-21924ecac5cc", "scryfallOracleId": "363f5ed8-a7a0-4cde-b09d-9baa26bad347", "tcgplayerProductId": "37338"}, "isFoil": false, "isReprint": true, "isStarter": true, "keywords": ["Haste", "Vigilance"], "language": "English", "layout": "normal", "legalities": {"commander": "Legal", "duel": "Legal", "legacy": "Legal", "modern": "Legal", "oathbreaker": "Legal", "paupercommander": "Restricted", "penny": "Legal", "predh": "Legal", "vintage": "Legal"}, "manaCost": "{4}{R}{W}", "manaValue": 6.0, "name": "Bull Cerodon", "number": "84", "originalText": "Vigilance, haste", "originalType": "Creature - Beast", "power": "5", "printings": ["ALA", "HOP", "PS11"], "purchaseUrls": {"cardmarket": "https://mtgjson.com/links/08e65a33f64ddbb3", "tcgplayer": "https://mtgjson.com/links/5d84e05212bffc29"}, "rarity": "uncommon", "setCode": "HOP", "sourceProducts": {"nonfoil": ["12800d83-eea5-53d4-bf45-9761d9732e50"]}, "subtypes": ["Beast"], "supertypes": [], "text": "Vigilance, haste", "toughness": "5", "type": "Creature — Beast", "types": ["Creature"], "uuid": "447aac55-e6a6-5eff-ae68-a9d6b5ba6a8e"}, {"artist": "Darrell Riche", "artistIds": ["262c8e55-4efc-467b-a042-6f734b9d2e01"], "availability": ["mtgo", "paper"], "borderColor": "black", "colorIdentity": ["R"], "colors": ["R"], "convertedManaCost": 6.0, "count": 1, "edhrecRank": 15965, "finishes": ["nonfoil"], "flavorText": "In the smoldering ashes of Shiv, a few dragons strive to rebuild their native land. The rest seek any opportunity to restore the broken pride of their race.", "foreignData": [], "frameVersion": "2003", "hasFoil": false, "hasNonFoil": true, "identifiers": {"cardsphereId": "35605", "mcmId": "21601", "mcmMetaId": "4801", "mtgjsonV4Id": "8e6f5781-2470-559c-ac94-f71a442e19d6", "mtgoFoilId": "44623", "mtgoId": "44622", "multiverseId": "205371", "scryfallCardBackId": "0aeebaf5-8c7d-4636-9e82-8c27447861f7", "scryfallId": "0998e036-ff46-42e7-aca3-46ce9836b68a", "scryfallIllustrationId": "21d5ccf0-9bff-4118-8d48-b2b687bcc82b", "scryfallOracleId": "48fe0f52-1676-49d5-acf6-5476081e8e1b", "tcgplayerProductId": "37424"}, "isFoil": false, "isReprint": true, "isStarter": true, "keywords": ["Flying", "Haste"], "language": "English", "layout": "normal", "leadershipSkills": {"brawl": false, "commander": true, "oathbreaker": false}, "legalities": {"commander": "Legal", "duel": "Legal", "legacy": "Legal", "oathbreaker": "Legal", "paupercommander": "Restricted", "penny": "Legal", "predh": "Legal", "premodern": "Legal", "vintage": "Legal"}, "manaCost": "{3}{R}{R}{R}", "manaValue": 6.0, "name": "Rorix Bladewing", "number": "65", "originalText": "Flying, haste", "originalType": "Legendary Creature - Dragon", "power": "6", "printings": ["CMM", "EMA", "HOP", "ONS", "VMA"], "purchaseUrls": {"cardmarket": "https://mtgjson.com/links/e514f56b4f45f5cc", "tcgplayer": "https://mtgjson.com/links/ff71ef392c06f473"}, "rarity": "rare", "setCode": "HOP", "sourceProducts": {"nonfoil": ["12800d83-eea5-53d4-bf45-9761d9732e50"]}, "subtypes": ["Dragon"], "supertypes": ["Legendary"], "text": "Flying, haste", "toughness": "5", "type": "Legendary Creature — Dragon", "types": ["Creature"], "uuid": "0c03ab71-b51f-5e4b-9246-3247197aa2ea"}, {"artist": "Donato Giancola", "artistIds": ["90332db2-aecb-4d79-917b-95cbeb8d0cb6"], "availability": ["mtgo", "paper"], "borderColor": "black", "colorIdentity": ["R", "W"], "colors": ["R", "W"], "convertedManaCost": 8.0, "count": 1, "edhrecRank": 16114, "finishes": ["nonfoil"], "flavorText": "Her sword burns with such brightness that foes avert their eyes and arrows divert their paths.", "foreignData": [], "frameVersion": "2003", "hasFoil": false, "hasNonFoil": true, "identifiers": {"cardsphereId": "35599", "mcmId": "21600", "mcmMetaId": "8061", "mtgjsonV4Id": "4dace537-4131-519c-9369-799b6ec0e650", "mtgoFoilId": "44749", "mtgoId": "44748", "multiverseId": "205362", "scryfallCardBackId": "0aeebaf5-8c7d-4636-9e82-8c27447861f7", "scryfallId": "87e80447-9572-43a7-8487-3249cd9ce596", "scryfallIllustrationId": "322ec830-afb8-4f49-9070-f8735fcdcd9c", "scryfallOracleId": "d830a136-6fb9-42e7-81f1-97e1d713ee82", "tcgplayerProductId": "37418"}, "isFoil": false, "isReprint": true, "isStarter": true, "keywords": ["Flying", "Haste", "Vigilance"], "language": "English", "layout": "normal", "leadershipSkills": {"brawl": false, "commander": true, "oathbreaker": false}, "legalities": {"commander": "Legal", "duel": "Legal", "legacy": "Legal", "modern": "Legal", "oathbreaker": "Legal", "penny": "Legal", "predh": "Legal", "vintage": "Legal"}, "manaCost": "{4}{R}{R}{W}{W}", "manaValue": 8.0, "name": "Razia, Boros Archangel", "number": "92", "originalText": "Flying, vigilance, haste\n{T}: The next 3 damage that would be dealt to target creature you control this turn is dealt to another target creature instead.", "originalType": "Legendary Creature - Angel", "power": "6", "printings": ["GK1", "HOP", "RAV"], "purchaseUrls": {"cardmarket": "https://mtgjson.com/links/740aa5b47dcdff20", "tcgplayer": "https://mtgjson.com/links/b606e770b3f19f7c"}, "rarity": "rare", "rulings": [{"date": "2005-10-01", "text": "If either target creature leaves the battlefield before damage is dealt, that damage won’t be redirected. It doesn’t matter if Razia leaves the battlefield."}, {"date": "2005-10-01", "text": "The 3 damage doesn’t have to be from the same source, and it doesn’t have to be all dealt at once. If only 2 damage is redirected, the next 1 damage will also be redirected."}], "setCode": "HOP", "sourceProducts": {"nonfoil": ["12800d83-eea5-53d4-bf45-9761d9732e50"]}, "subtypes": ["Angel"], "supertypes": ["Legendary"], "text": "Flying, vigilance, haste\n{T}: The next 3 damage that would be dealt to target creature you control this turn is dealt to another target creature instead.", "toughness": "3", "type": "Legendary Creature — Angel", "types": ["Creature"], "uuid": "082784df-8e55-55d3-9900-dde73e89c2ce"}, {"artist": "Scott M. Fischer", "artistIds": ["23b0cf43-3e43-44c6-8329-96446eca5bce"], "availability": ["mtgo", "paper"], "borderColor": "black", "colorIdentity": ["R"], "colors": ["R"], "convertedManaCost": 1.0, "count": 1, "edhrecRank": 5946, "finishes": ["nonfoil"], "foreignData": [], "frameVersion": "2003", "hasFoil": false, "hasNonFoil": true, "identifiers": {"cardsphereId": "35600", "mcmId": "21619", "mcmMetaId": "4568", "mtgjsonV4Id": "f6b45303-499b-5123-b715-f5a0aee8fa03", "mtgoFoilId": "44597", "mtgoId": "44596", "multiverseId": "205365", "scryfallCardBackId": "0aeebaf5-8c7d-4636-9e82-8c27447861f7", "scryfallId": "0ea6800e-c7fd-4bcf-aea0-25a4ebef1fdf", "scryfallIllustrationId": "387d8a62-aef6-4b7d-b339-3208c51f9e85", "scryfallOracleId": "45bee121-0beb-4901-9473-20e4704ba6dc", "tcgplayerProductId": "37419"}, "isFoil": false, "isReprint": true, "isStarter": true, "keywords": ["Flashback"], "language": "English", "layout": "normal", "legalities": {"brawl": "Legal", "commander": "Legal", "duel": "Legal", "gladiator": "Legal", "historic": "Legal", "legacy": "Legal", "modern": "Legal", "oathbreaker": "Legal", "pauper": "Legal", "paupercommander": "Legal", "penny": "Legal", "predh": "Legal", "premodern": "Legal", "timeless": "Legal", "vintage": "Legal"}, "manaCost": "{R}", "manaValue": 1.0, "name": "Reckless Charge", "number": "61", "originalText": "Target creature gets +3/+0 and gains haste until end of turn.\nFlashback {2}{R} (You may cast this card from your graveyard for its flashback cost. Then exile it.)", "originalType": "Sorcery", "printings": ["EMA", "HOP", "J21", "MH1", "ODY", "PLST", "UMA", "VMA"], "purchaseUrls": {"cardmarket": "https://mtgjson.com/links/56d3f151cefd22a3", "tcgplayer": "https://mtgjson.com/links/74817a51ac2491be"}, "rarity": "common", "rulings": [{"date": "2021-03-19", "text": "A spell cast using flashback will always be exiled afterward, whether it resolves, is countered, or leaves the stack in some other way."}, {"date": "2021-03-19", "text": "If a card with flashback is put into your graveyard during your turn, you can cast it if it’s legal to do so before any other player can take any actions."}, {"date": "2021-03-19", "text": "To determine the total cost of a spell, start with the mana cost or alternative cost (such as a flashback cost) you’re paying, add any cost increases, then apply any cost reductions. The mana value of the spell is determined only by its mana cost, no matter what the total cost to cast the spell was."}, {"date": "2021-03-19", "text": "You can cast a spell using flashback even if it was somehow put into your graveyard without having been cast."}, {"date": "2021-03-19", "text": "You must still follow any timing restrictions and permissions, including those based on the card’s type. For instance, you can cast a sorcery using flashback only when you could normally cast a sorcery."}, {"date": "2021-03-19", "text": "“Flashback [cost]” means “You may cast this card from your graveyard by paying [cost] rather than paying its mana cost” and “If the flashback cost was paid, exile this card instead of putting it anywhere else any time it would leave the stack.”"}], "setCode": "HOP", "sourceProducts": {"nonfoil": ["12800d83-eea5-53d4-bf45-9761d9732e50"]}, "subtypes": [], "supertypes": [], "text": "Target creature gets +3/+0 and gains haste until end of turn.\nFlashback {2}{R} (You may cast this card from your graveyard for its flashback cost. Then exile it.)", "type": "Sorcery", "types": ["Sorcery"], "uuid": "9bc622ea-e27a-5276-b489-d1018afc1972"}, {"artist": "Andrew Goldhawk", "artistIds": ["f4a65a04-9e2e-4541-8d0e-f34e9517f092"], "availability": ["mtgo", "paper"], "borderColor": "black", "colorIdentity": ["R"], "colors": ["R"], "convertedManaCost": 3.0, "count": 1, "edhrecRank": 13893, "edhrecSaltiness": 0.12, "finishes": ["nonfoil"], "flavorText": "Rainclouds don't last long in Shiv, but that doesn't stop the lightning.", "foreignData": [], "frameVersion": "2003", "hasFoil": false, "hasNonFoil": true, "identifiers": {"cardsphereId": "35477", "mcmId": "21604", "mcmMetaId": "235", "mtgjsonV4Id": "7c364cf8-4e16-54d9-b092-1010d3adb754", "mtgoFoilId": "44389", "mtgoId": "44388", "multiverseId": "205386", "scryfallCardBackId": "0aeebaf5-8c7d-4636-9e82-8c27447861f7", "scryfallId": "d7427bb2-d09a-4eb5-bdb8-d2dcb8781098", "scryfallIllustrationId": "fa16bad9-228f-4896-a219-1d108ba47b8c", "scryfallOracleId": "5acc8b39-3c3e-4012-8cfd-ac3c2c4ca982", "tcgplayerProductId": "37315"}, "isFoil": false, "isReprint": true, "isStarter": true, "language": "English", "layout": "normal", "legalities": {"brawl": "Legal", "commander": "Legal", "duel": "Legal", "explorer": "Legal", "gladiator": "Legal", "historic": "Legal", "legacy": "Legal", "modern": "Legal", "oathbreaker": "Legal", "pauper": "Legal", "paupercommander": "Legal", "penny": "Legal", "pioneer": "Legal", "predh": "Legal", "premodern": "Legal", "timeless": "Legal", "vintage": "Legal"}, "manaCost": "{2}{R}", "manaValue": 3.0, "name": "Arc Lightning", "number": "46", "originalText": "Arc Lightning deals 3 damage divided as you choose among any number of target creatures and/or players.", "originalType": "Sorcery", "printings": ["BRB", "HOP", "KTK", "PAL02", "PLST", "PRM", "UGIN", "USG", "WC00", "WC99"], "purchaseUrls": {"cardmarket": "https://mtgjson.com/links/551e49d55293c921", "tcgplayer": "https://mtgjson.com/links/09c54bdb05b1a10c"}, "rarity": "common", "rulings": [{"date": "2014-09-20", "text": "If some of the creatures are illegal targets as Arc Lightning tries to resolve, the original division of damage still applies but no damage is dealt to the illegal targets. If all targets are illegal, Arc Lightning doesn’t resolve."}, {"date": "2014-09-20", "text": "You choose how many targets Arc Lightning has and how the damage is divided as you cast the spell. Each target must receive at least 1 damage."}], "setCode": "HOP", "sourceProducts": {"nonfoil": ["12800d83-eea5-53d4-bf45-9761d9732e50"]}, "subtypes": [], "supertypes": [], "text": "Arc Lightning deals 3 damage divided as you choose among one, two, or three targets.", "type": "Sorcery", "types": ["Sorcery"], "uuid": "8f3e3496-6a4c-5bba-aeea-81aa18e1fab6"}, {"artist": "Chippy", "artistIds": ["a36f01a0-e51a-48b2-a556-b9b3bc73f969"], "availability": ["mtgo", "paper"], "borderColor": "black", "colorIdentity": ["R"], "colors": ["R"], "convertedManaCost": 5.0, "count": 1, "edhrecRank": 20107, "edhrecSaltiness": 0.08, "finishes": ["nonfoil"], "foreignData": [], "frameVersion": "2003", "hasFoil": false, "hasNonFoil": true, "identifiers": {"cardsphereId": "35506", "mcmId": "21607", "mcmMetaId": "1100", "mtgjsonV4Id": "51299a5a-f4d0-5063-9b9d-d4eb4f1da3cd", "mtgoFoilId": "44373", "mtgoId": "44372", "multiverseId": "205266", "scryfallCardBackId": "0aeebaf5-8c7d-4636-9e82-8c27447861f7", "scryfallId": "cf042dfb-9cf4-469f-9a12-94c212e43500", "scryfallIllustrationId": "74fe0162-9c70-4c85-819c-3822e5b5ddb2", "scryfallOracleId": "62879f3d-ed6d-4004-8196-f3fd7f614695", "tcgplayerProductId": "37344"}, "isFoil": false, "isReprint": true, "isStarter": true, "language": "English", "layout": "normal", "legalities": {"commander": "Legal", "duel": "Legal", "legacy": "Legal", "modern": "Legal", "oathbreaker": "Legal", "penny": "Legal", "pioneer": "Legal", "predh": "Legal", "premodern": "Legal", "vintage": "Legal"}, "manaCost": "{3}{R}{R}", "manaValue": 5.0, "name": "Cone of Flame", "number": "52", "originalText": "Cone of Flame deals 1 damage to target creature or player, 2 damage to another target creature or player, and 3 damage to a third target creature or player.", "originalType": "Sorcery", "printings": ["10E", "DD2", "DDG", "HOP", "J22", "JVC", "M15", "PLST", "W16", "WTH"], "purchaseUrls": {"cardmarket": "https://mtgjson.com/links/afd9b03ec6ff35e8", "tcgplayer": "https://mtgjson.com/links/d1b965d6d40d369c"}, "rarity": "uncommon", "rulings": [{"date": "2014-07-18", "text": "Each of the three targets must be different. If there aren’t three different legal targets available, you can’t cast the spell."}, {"date": "2014-07-18", "text": "If one or two of Cone of Flame’s targets are illegal when it resolves, you can’t change how much damage will be dealt to the remaining legal targets."}], "setCode": "HOP", "sourceProducts": {"nonfoil": ["12800d83-eea5-53d4-bf45-9761d9732e50"]}, "subtypes": [], "supertypes": [], "text": "Cone of Flame deals 1 damage to any target, 2 damage to another target, and 3 damage to a third target.", "type": "Sorcery", "types": ["Sorcery"], "uuid": "e1936c65-bc48-5e79-a54a-e6178a09b0f2"}, {"artist": "Greg Hildebrandt & Tim Hildebrandt", "artistIds": ["020f967b-0d2f-4166-aabe-901dba8bc7ec", "caa7228c-f74c-4145-91fb-1af8d623c353"], "availability": ["mtgo", "paper"], "borderColor": "black", "colorIdentity": ["W"], "colors": ["W"], "convertedManaCost": 6.0, "count": 1, "edhrecRank": 4097, "edhrecSaltiness": 0.4, "finishes": ["nonfoil"], "flavorText": "Ixidor had only to imagine their ruin and Akroma made it so.", "foreignData": [], "frameVersion": "2003", "hasFoil": false, "hasNonFoil": true, "identifiers": {"cardsphereId": "35475", "mcmId": "21603", "mcmMetaId": "88", "mtgjsonV4Id": "1e4c34fc-e793-571e-946c-73a6f79967bd", "mtgoFoilId": "44609", "mtgoId": "44608", "multiverseId": "205366", "scryfallCardBackId": "0aeebaf5-8c7d-4636-9e82-8c27447861f7", "scryfallId": "b8f5e276-d7c3-4b4b-ac5b-9bb1aeeca8d0", "scryfallIllustrationId": "0cf7d49d-80e5-4da1-88c7-d34427fe0916", "scryfallOracleId": "ae19dce5-c9fc-4fbe-99b5-dc6a12124a68", "tcgplayerProductId": "37313"}, "isFoil": false, "isReprint": true, "isStarter": true, "keywords": ["Cycling"], "language": "English", "layout": "normal", "legalities": {"commander": "Legal", "duel": "Legal", "legacy": "Legal", "oathbreaker": "Legal", "penny": "Legal", "predh": "Legal", "premodern": "Legal", "vintage": "Legal"}, "manaCost": "{4}{W}{W}", "manaValue": 6.0, "name": "Akroma's Vengeance", "number": "1", "originalText": "Destroy all artifacts, creatures, and enchantments.\nCycling {3} ({3}, Discard this card: Draw a card.)", "originalType": "Sorcery", "printings": ["A25", "C18", "C20", "CMA", "CMD", "HOP", "ONS", "V13", "WC04"], "purchaseUrls": {"cardmarket": "https://mtgjson.com/links/cc0f3f7aabcf71b2", "tcgplayer": "https://mtgjson.com/links/27c126d8661479f4"}, "rarity": "rare", "rulings": [{"date": "2008-10-01", "text": "Cycling is an activated ability. Effects that interact with activated abilities (such as Stifle or Rings of Brighthearth) will interact with cycling. Effects that interact with spells (such as Remove Soul or Faerie Tauntings) will not."}], "setCode": "HOP", "sourceProducts": {"nonfoil": ["12800d83-eea5-53d4-bf45-9761d9732e50"]}, "subtypes": [], "supertypes": [], "text": "Destroy all artifacts, creatures, and enchantments.\nCycling {3} ({3}, Discard this card: Draw a card.)", "type": "Sorcery", "types": ["Sorcery"], "uuid": "5d873fab-c088-5be0-9604-e4e518e97332"}, {"artist": "Mark Zug", "artistIds": ["48e2b98c-5467-4671-bd42-4c3746115117"], "availability": ["mtgo", "paper"], "borderColor": "black", "colorIdentity": ["R"], "colors": ["R"], "convertedManaCost": 8.0, "count": 1, "edhrecRank": 2362, "edhrecSaltiness": 1.09, "finishes": ["nonfoil"], "flavorText": "\"Maybe they wanted to be on the winning side for once.\"\n—Matoc, lavamancer", "foreignData": [], "frameVersion": "2003", "hasFoil": false, "hasNonFoil": true, "identifiers": {"cardsphereId": "35549", "mcmId": "21613", "mcmMetaId": "2887", "mtgjsonV4Id": "e5bfe0f2-1014-5ae0-9c95-d2724309b847", "mtgoFoilId": "44625", "mtgoId": "44624", "multiverseId": "205369", "scryfallCardBackId": "0aeebaf5-8c7d-4636-9e82-8c27447861f7", "scryfallId": "555d2687-01cd-4e7b-b031-cd4cd44fcb76", "scryfallIllustrationId": "8b9a7c7b-f5fa-486c-9dd0-67879586e80d", "scryfallOracleId": "7f7c204f-be1a-47e4-91c6-ba6f906d9012", "tcgplayerProductId": "37383"}, "isFoil": false, "isReprint": true, "isStarter": true, "language": "English", "layout": "normal", "legalities": {"commander": "Legal", "duel": "Legal", "legacy": "Legal", "oathbreaker": "Legal", "penny": "Legal", "predh": "Legal", "premodern": "Legal", "vintage": "Legal"}, "manaCost": "{5}{R}{R}{R}", "manaValue": 8.0, "name": "Insurrection", "number": "57", "originalText": "Untap all creatures and gain control of them until end of turn. They gain haste until end of turn.", "originalType": "Sorcery", "printings": ["CMD", "CMM", "HOP", "ONS"], "purchaseUrls": {"cardmarket": "https://mtgjson.com/links/9411c1585778de2a", "tcgplayer": "https://mtgjson.com/links/436a30085a03d030"}, "rarity": "rare", "rulings": [{"date": "2004-10-04", "text": "You untap all creatures, control all creatures, and give all creatures haste."}], "setCode": "HOP", "sourceProducts": {"nonfoil": ["12800d83-eea5-53d4-bf45-9761d9732e50"]}, "subtypes": [], "supertypes": [], "text": "Untap all creatures and gain control of them until end of turn. They gain haste until end of turn.", "type": "Sorcery", "types": ["Sorcery"], "uuid": "3cd6c513-9fe7-599c-9182-694f50a370db"}, {"artist": "Richard Thomas", "artistIds": ["596b3aac-b331-4e1e-ae41-9ec2d3b653e1"], "availability": ["mtgo", "paper"], "borderColor": "black", "colorIdentity": ["R"], "colors": ["R"], "convertedManaCost": 2.0, "count": 1, "edhrecRank": 10261, "finishes": ["nonfoil"], "flavorText": "\"Such rage,\" thought Vhati, gazing up at the thunderhead from the *Predator*. \"It is Greven's mind manifest.\"", "foreignData": [], "frameVersion": "2003", "hasFoil": false, "hasNonFoil": true, "identifiers": {"cardsphereId": "35604", "mcmId": "21621", "mcmMetaId": "4780", "mtgjsonV4Id": "8f7205ff-fa62-5608-91e1-6cc399e727ec", "mtgoFoilId": "44365", "mtgoId": "44364", "multiverseId": "205391", "scryfallCardBackId": "0aeebaf5-8c7d-4636-9e82-8c27447861f7", "scryfallId": "abd29ae8-06d3-492d-b1da-b02ad8efb2a2", "scryfallIllustrationId": "3ccac687-b117-4e22-8f58-12aac35d0d7e", "scryfallOracleId": "9c47888b-28a5-4c43-9ee4-a9059e3c367d", "tcgplayerProductId": "37423"}, "isFoil": false, "isReprint": true, "isStarter": true, "language": "English", "layout": "normal", "legalities": {"commander": "Legal", "duel": "Legal", "legacy": "Legal", "modern": "Legal", "oathbreaker": "Legal", "pauper": "Legal", "paupercommander": "Legal", "pioneer": "Legal", "predh": "Legal", "premodern": "Legal", "vintage": "Legal"}, "manaCost": "{X}{R}{R}", "manaValue": 2.0, "name": "Rolling Thunder", "number": "64", "originalText": "Rolling Thunder deals X damage divided as you choose among any number of target creatures and/or players.", "originalType": "Sorcery", "printings": ["BFZ", "BRB", "GNT", "HOP", "PLST", "TMP", "TPR"], "purchaseUrls": {"cardmarket": "https://mtgjson.com/links/33b7ec57e21560ed", "tcgplayer": "https://mtgjson.com/links/7fb441401706fce7"}, "rarity": "common", "rulings": [{"date": "2004-10-04", "text": "If X is 0, you can’t choose any targets."}, {"date": "2015-08-25", "text": "If Rolling Thunder is copied, the copy will retain the original damage divsion. The spell or ability will likely allow you to choose new targets, but you can’t change the way damage is divided."}, {"date": "2015-08-25", "text": "If some, but not all, of the targets become illegal by the time Rolling Thunder tries to resolve, the original division of damage still applies, but no damage is dealt to illegal targets. If all the targets are illegal, the spell won’t resolve."}, {"date": "2015-08-25", "text": "You choose how many targets Rolling Thunder has and how the damage is divided as you cast the spell. Each target must receive at least 1 damage."}], "setCode": "HOP", "sourceProducts": {"nonfoil": ["12800d83-eea5-53d4-bf45-9761d9732e50"]}, "subtypes": [], "supertypes": [], "text": "Rolling Thunder deals X damage divided as you choose among any number of targets.", "type": "Sorcery", "types": ["Sorcery"], "uuid": "3a063eb0-cf79-5cc8-932b-59517d1f6b74"}, {"artist": "Carl Critchlow", "artistIds": ["17948f16-611a-44b8-8d10-9895a0bdfff1"], "availability": ["mtgo", "paper"], "borderColor": "black", "colorIdentity": ["R"], "colors": ["R"], "convertedManaCost": 3.0, "count": 1, "edhrecRank": 8225, "edhrecSaltiness": 0.2, "finishes": ["nonfoil"], "flavorText": "They certainly are.", "foreignData": [], "frameVersion": "2003", "hasFoil": false, "hasNonFoil": true, "identifiers": {"cardsphereId": "35537", "mcmId": "21612", "mcmMetaId": "2424", "mtgjsonV4Id": "195ea8bb-e807-50a9-8f52-899b578f3c32", "mtgoFoilId": "44387", "mtgoId": "44386", "multiverseId": "205388", "scryfallCardBackId": "0aeebaf5-8c7d-4636-9e82-8c27447861f7", "scryfallId": "b4c4d642-c3fb-47d1-b57a-266eb269d5ea", "scryfallIllustrationId": "6deabe31-9d58-437f-9501-3245ace8e248", "scryfallOracleId": "25cb5c86-83cd-4a06-b0d1-a0f6fc9158a6", "tcgplayerProductId": "37371"}, "isFoil": false, "isReprint": true, "isStarter": true, "language": "English", "layout": "normal", "legalities": {"commander": "Legal", "duel": "Legal", "legacy": "Legal", "oathbreaker": "Legal", "predh": "Legal", "premodern": "Legal", "vintage": "Legal"}, "manaCost": "{X}{1}{R}{R}", "manaValue": 3.0, "name": "Goblin Offensive", "number": "56", "originalText": "Put X 1/1 red Goblin creature tokens onto the battlefield.", "originalType": "Sorcery", "printings": ["ATH", "HOP", "PLST", "USG"], "purchaseUrls": {"cardmarket": "https://mtgjson.com/links/95db1533c754a4d6", "tcgplayer": "https://mtgjson.com/links/e0f39bef17bd1e47"}, "rarity": "uncommon", "rulings": [{"date": "2022-06-10", "text": "The tokens are named \"Goblin Token\" and have the creature type \"Goblin.\""}], "setCode": "HOP", "sourceProducts": {"nonfoil": ["12800d83-eea5-53d4-bf45-9761d9732e50"]}, "subtypes": [], "supertypes": [], "text": "Create X 1/1 red Goblin creature tokens.", "type": "Sorcery", "types": ["Sorcery"], "uuid": "aebc5f5a-2fc2-588f-8a78-d6fb612a8228"}, {"artist": "rk post", "artistIds": ["81ae0f3f-1d88-4125-9aeb-b15b4c734c82"], "availability": ["mtgo", "paper"], "borderColor": "black", "colorIdentity": ["R", "W"], "colors": ["R", "W"], "convertedManaCost": 2.0, "count": 1, "edhrecRank": 12217, "edhrecSaltiness": 0.25, "finishes": ["nonfoil"], "flavorText": "\"When in doubt, kill 'em twice.\"", "foreignData": [], "frameVersion": "2003", "hasFoil": false, "hasNonFoil": true, "identifiers": {"cardsphereId": "35517", "mcmId": "21609", "mcmMetaId": "9985", "mtgjsonV4Id": "3c85b535-f5dc-5821-9905-f0afc55859c9", "mtgoFoilId": "44421", "mtgoId": "44420", "multiverseId": "205379", "scryfallCardBackId": "0aeebaf5-8c7d-4636-9e82-8c27447861f7", "scryfallId": "47638058-7061-4dd7-8208-40980aec5fcb", "scryfallIllustrationId": "4ab30d54-a32e-44f6-a11c-e45893c79636", "scryfallOracleId": "d86f3d5e-838c-4787-9417-85a6997c3bde", "tcgplayerProductId": "37355"}, "isFoil": false, "isReprint": true, "isStarter": true, "language": "English", "layout": "normal", "legalities": {"commander": "Legal", "duel": "Legal", "legacy": "Legal", "modern": "Legal", "oathbreaker": "Legal", "pauper": "Legal", "paupercommander": "Legal", "penny": "Legal", "predh": "Legal", "vintage": "Legal"}, "manaCost": "{1}{R/W}", "manaValue": 2.0, "name": "Double Cleave", "number": "100", "originalText": "Target creature gains double strike until end of turn. (It deals both first-strike and regular combat damage.)", "originalType": "Instant", "printings": ["EVE", "HOP", "UMA"], "purchaseUrls": {"cardmarket": "https://mtgjson.com/links/9ecb37978ec92423", "tcgplayer": "https://mtgjson.com/links/92e71f35dc9ed7d2"}, "rarity": "common", "setCode": "HOP", "sourceProducts": {"nonfoil": ["12800d83-eea5-53d4-bf45-9761d9732e50"]}, "subtypes": [], "supertypes": [], "text": "Target creature gains double strike until end of turn. (It deals both first-strike and regular combat damage.)", "type": "Instant", "types": ["Instant"], "uuid": "f7c0d6c8-fe3e-5d3a-a898-858d08a86aac"}, {"artist": "Kev Walker", "artistIds": ["f366a0ee-a0cd-466d-ba6a-90058c7a31a6"], "availability": ["mtgo", "paper"], "borderColor": "black", "colorIdentity": ["R", "W"], "colors": ["R", "W"], "convertedManaCost": 2.0, "count": 2, "edhrecRank": 3779, "edhrecSaltiness": 0.17, "finishes": ["nonfoil"], "flavorText": "Though less well-known than its army of soldiers, the Boros Legion's mage-priests are as respected by the innocent as they are hated by the ghosts of the guilty.", "foreignData": [], "frameVersion": "2003", "hasFoil": false, "hasNonFoil": true, "identifiers": {"cardsphereId": "35561", "mcmId": "21614", "mcmMetaId": "8018", "mtgjsonV4Id": "3aad3bd6-b4fd-5d73-a9dd-e7a5e853f0ec", "mtgoFoilId": "44743", "mtgoId": "44742", "multiverseId": "205361", "scryfallCardBackId": "0aeebaf5-8c7d-4636-9e82-8c27447861f7", "scryfallId": "ea880f94-4692-4922-b140-ff673f6a4035", "scryfallIllustrationId": "ee1b237c-4840-4616-b5fa-5887445c509f", "scryfallOracleId": "800c258a-cfc4-4a54-a667-065ea8dea69e", "tcgplayerProductId": "37392"}, "isFoil": false, "isReprint": true, "isStarter": true, "language": "English", "layout": "normal", "legalities": {"alchemy": "Legal", "brawl": "Legal", "commander": "Legal", "duel": "Legal", "explorer": "Legal", "future": "Legal", "gladiator": "Legal", "historic": "Legal", "legacy": "Legal", "modern": "Legal", "oathbreaker": "Legal", "pioneer": "Legal", "predh": "Legal", "standard": "Legal", "standardbrawl": "Legal", "timeless": "Legal", "vintage": "Legal"}, "manaCost": "{R}{W}", "manaValue": 2.0, "name": "Lightning Helix", "number": "90", "originalText": "Lightning Helix deals 3 damage to target creature or player and you gain 3 life.", "originalType": "Instant", "printings": ["2X2", "DDH", "DDN", "E02", "GK1", "HOP", "IMA", "MKM", "MMA", "P06", "PLST", "PRM", "RAV", "RVR", "SLC", "STA"], "purchaseUrls": {"cardmarket": "https://mtgjson.com/links/93a1b811cb362913", "tcgplayer": "https://mtgjson.com/links/50a9975ee764c9bb"}, "rarity": "uncommon", "rulings": [{"date": "2017-11-17", "text": "If the chosen target is illegal when Lightning Helix tries to resolve, it won't resolve and none of its effects will happen. You won't gain 3 life."}, {"date": "2024-02-02", "text": "If the chosen target is illegal when Lightning Helix tries to resolve, it won't resolve and none of its effects will happen. You won't gain 3 life."}], "setCode": "HOP", "sourceProducts": {"nonfoil": ["12800d83-eea5-53d4-bf45-9761d9732e50"]}, "subtypes": [], "supertypes": [], "text": "Lightning Helix deals 3 damage to any target and you gain 3 life.", "type": "Instant", "types": ["Instant"], "uuid": "ec238a6b-f607-5ee1-bad7-f58ca336d2a9"}, {"artist": "Carl Critchlow", "artistIds": ["17948f16-611a-44b8-8d10-9895a0bdfff1"], "availability": ["mtgo", "paper"], "borderColor": "black", "colorIdentity": ["R", "W"], "colors": ["W"], "convertedManaCost": 3.0, "count": 1, "edhrecRank": 12710, "finishes": ["nonfoil"], "foreignData": [], "frameVersion": "2003", "hasFoil": false, "hasNonFoil": true, "identifiers": {"cardsphereId": "35584", "mcmId": "21617", "mcmMetaId": "4032", "mtgjsonV4Id": "9a47cf3b-58f6-5720-994d-e9758bdf2a40", "mtgoFoilId": "44593", "mtgoId": "44592", "multiverseId": "205385", "scryfallCardBackId": "0aeebaf5-8c7d-4636-9e82-8c27447861f7", "scryfallId": "dc77e7a2-87cf-46c9-b983-9917310cde64", "scryfallIllustrationId": "bf03a93a-4377-41e8-bbdb-192d48d63557", "scryfallOracleId": "380429d5-82db-449c-b9b9-3e82ab987972", "tcgplayerProductId": "37407"}, "isFoil": false, "isReprint": true, "isStarter": true, "keywords": ["Kicker"], "language": "English", "layout": "normal", "legalities": {"commander": "Legal", "duel": "Legal", "legacy": "Legal", "oathbreaker": "Legal", "pauper": "Legal", "paupercommander": "Legal", "predh": "Legal", "premodern": "Legal", "vintage": "Legal"}, "manaCost": "{2}{W}", "manaValue": 3.0, "name": "Orim's Thunder", "number": "5", "originalText": "Kicker {R} (You may pay an additional {R} as you cast this spell.)\nDestroy target artifact or enchantment. If Orim's Thunder was kicked, it deals damage equal to that permanent's converted mana cost to target creature.", "originalType": "Instant", "printings": ["APC", "C15", "CM2", "CMA", "CMD", "DMR", "HOP"], "purchaseUrls": {"cardmarket": "https://mtgjson.com/links/7cdac9bce1e62f77", "tcgplayer": "https://mtgjson.com/links/a09e9cecac26e23a"}, "rarity": "common", "rulings": [{"date": "2022-12-08", "text": "If Orim's Thunder is kicked, but the artifact or enchantment is an illegal target as Orim's Thunder tries to resolve, Orim's Thunder won't be able to determine the artifact or enchantment's mana value. No damage will be dealt to the target creature, even if it remained a legal target. If only the creature has become an illegal target, the artifact or enchantment will still be destroyed. (If both targets become illegal, Orim's Thunder won't resolve at all.)"}, {"date": "2022-12-08", "text": "If Orim's Thunder is kicked, it's the source of damage dealt to the target creature, not the artifact or enchantment."}], "setCode": "HOP", "sourceProducts": {"nonfoil": ["12800d83-eea5-53d4-bf45-9761d9732e50"]}, "subtypes": [], "supertypes": [], "text": "Kicker {R} (You may pay an additional {R} as you cast this spell.)\nDestroy target artifact or enchantment. If this spell was kicked, it deals damage equal to that permanent's mana value to target creature.", "type": "Instant", "types": ["Instant"], "uuid": "0c4de150-dea9-5f92-a1c9-d44294f35565"}, {"artist": "Mark Zug", "artistIds": ["48e2b98c-5467-4671-bd42-4c3746115117"], "availability": ["mtgo", "paper"], "borderColor": "black", "colorIdentity": ["W"], "colors": ["W"], "convertedManaCost": 4.0, "count": 1, "edhrecRank": 6266, "finishes": ["nonfoil"], "flavorText": "\"In the gathering there is strength for all who founder, renewal for all who languish, love for all who sing.\"\n—*Song of All*, canto 642", "foreignData": [], "frameVersion": "2003", "hasFoil": false, "hasNonFoil": true, "identifiers": {"cardsphereId": "35507", "mcmId": "21608", "mcmMetaId": "1105", "mtgjsonV4Id": "23a1b3d1-7664-5b97-814a-e4e8290c84a3", "mtgoFoilId": "44393", "mtgoId": "44392", "multiverseId": "205387", "scryfallCardBackId": "0aeebaf5-8c7d-4636-9e82-8c27447861f7", "scryfallId": "6390abbc-a28f-4db5-a4bf-ed9f6e464c9a", "scryfallIllustrationId": "9bec34c7-49c7-4b29-874e-ccf302b256a2", "scryfallOracleId": "d139294c-36bb-4a1e-800d-50c4a4ae9877", "tcgplayerProductId": "37345"}, "isFoil": false, "isReprint": true, "isStarter": true, "language": "English", "layout": "normal", "legalities": {"commander": "Legal", "duel": "Legal", "legacy": "Legal", "modern": "Legal", "oathbreaker": "Legal", "pauper": "Legal", "paupercommander": "Legal", "penny": "Legal", "pioneer": "Legal", "predh": "Legal", "premodern": "Legal", "vintage": "Legal"}, "manaCost": "{3}{W}", "manaValue": 4.0, "name": "Congregate", "number": "2", "originalText": "Target player gains 2 life for each creature on the battlefield.", "originalType": "Instant", "printings": ["A25", "CMA", "CMD", "DMR", "HOP", "M14", "M15", "PLST", "USG"], "purchaseUrls": {"cardmarket": "https://mtgjson.com/links/5d381ea789d2c54b", "tcgplayer": "https://mtgjson.com/links/c15e14226917f81d"}, "rarity": "common", "rulings": [{"date": "2022-12-08", "text": "Count the number of creatures as Congregate resolves to determine how much life is gained."}], "setCode": "HOP", "sourceProducts": {"nonfoil": ["12800d83-eea5-53d4-bf45-9761d9732e50"]}, "subtypes": [], "supertypes": [], "text": "Target player gains 2 life for each creature on the battlefield.", "type": "Instant", "types": ["Instant"], "uuid": "a45852ff-2eda-5481-9e07-e22da56dd107"}, {"artist": "Ben Thompson", "artistIds": ["f3116c88-57f4-4fd1-95f3-cfd163977661"], "availability": ["mtgo", "paper"], "borderColor": "black", "colorIdentity": ["R", "W"], "colors": ["R", "W"], "convertedManaCost": 2.0, "count": 1, "edhrecRank": 21068, "edhrecSaltiness": 0.09, "finishes": ["nonfoil"], "flavorText": "Sisay discovered that the mirrored hull of the *Weatherlight* could be used as a defensive weapon.", "foreignData": [], "frameVersion": "2003", "hasFoil": false, "hasNonFoil": true, "identifiers": {"cardsphereId": "35503", "mcmId": "21606", "mcmMetaId": "818", "mtgjsonV4Id": "47e83b39-6b8f-5b60-aa7c-7ca9380f37cb", "mtgoFoilId": "44589", "mtgoId": "44588", "multiverseId": "205382", "scryfallCardBackId": "0aeebaf5-8c7d-4636-9e82-8c27447861f7", "scryfallId": "1ad535b8-7846-41a6-a981-fe97eaf588a6", "scryfallIllustrationId": "8311d9d4-ef90-4bb0-982c-5517bb7fa1bd", "scryfallOracleId": "a8b93d4d-bb67-4063-ac6d-7775be1b1f10", "tcgplayerProductId": "37341"}, "isFoil": false, "isReprint": true, "isStarter": true, "language": "English", "layout": "normal", "legalities": {"commander": "Legal", "duel": "Legal", "legacy": "Legal", "oathbreaker": "Legal", "predh": "Legal", "premodern": "Legal", "vintage": "Legal"}, "manaCost": "{X}{R}{W}", "manaValue": 2.0, "name": "Captain's Maneuver", "number": "85", "originalText": "The next X damage that would be dealt to target creature or player this turn is dealt to another target creature or player instead.", "originalType": "Instant", "printings": ["APC", "HOP"], "purchaseUrls": {"cardmarket": "https://mtgjson.com/links/520539c331d89d91", "tcgplayer": "https://mtgjson.com/links/a67cd9940877e3c0"}, "rarity": "uncommon", "rulings": [{"date": "2004-10-04", "text": "If the first target is no longer on the battlefield, then the damage will not be dealt at all, so it can’t be redirected by this ability."}, {"date": "2004-10-04", "text": "If the second target is no longer on the battlefield, or if the second target is no longer a creature, player, or planeswalker when the damage would be redirected, the damage is dealt to the first target as if this spell was not cast."}], "setCode": "HOP", "sourceProducts": {"nonfoil": ["12800d83-eea5-53d4-bf45-9761d9732e50"]}, "subtypes": [], "supertypes": [], "text": "The next X damage that would be dealt to target creature, planeswalker, or player this turn is dealt to another target creature, planeswalker, or player instead.", "type": "Instant", "types": ["Instant"], "uuid": "0a14e460-c0c2-5f83-bc0b-911983dbae81"}, {"artist": "Jean-Sébastien Rossbach", "artistIds": ["1b0c07a7-84e8-4384-9b97-28c162586558"], "availability": ["mtgo", "paper"], "borderColor": "black", "colorIdentity": [], "colors": [], "convertedManaCost": 1.0, "count": 1, "edhrecRank": 4322, "edhrecSaltiness": 0.36, "finishes": ["nonfoil"], "flavorText": "Elves believe the hydra-god Progenitus sleeps beneath Naya, feeding on forgotten magics.", "foreignData": [], "frameVersion": "2003", "hasFoil": false, "hasNonFoil": true, "identifiers": {"cardsphereId": "35602", "mcmId": "21620", "mcmMetaId": "10082", "mtgjsonV4Id": "b59316e7-31f6-55b3-ae1f-9446cd33a7a9", "mtgoFoilId": "44427", "mtgoId": "44426", "multiverseId": "205326", "scryfallCardBackId": "0aeebaf5-8c7d-4636-9e82-8c27447861f7", "scryfallId": "0f794639-8472-40dc-953b-68b98f0ac72f", "scryfallIllustrationId": "1d878886-49de-4351-b12b-b5a274e466d5", "scryfallOracleId": "6a9c3401-570c-41cb-a605-75dfa57d6ab7", "tcgplayerProductId": "37421"}, "isFoil": false, "isReprint": true, "isStarter": true, "language": "English", "layout": "normal", "legalities": {"brawl": "Legal", "commander": "Legal", "duel": "Legal", "gladiator": "Legal", "historic": "Legal", "legacy": "Legal", "modern": "Legal", "oathbreaker": "Legal", "pauper": "Legal", "paupercommander": "Legal", "predh": "Legal", "timeless": "Legal", "vintage": "Legal"}, "manaCost": "{1}", "manaValue": 1.0, "name": "Relic of Progenitus", "number": "124", "originalText": "{T}: Target player exiles a card from his or her graveyard.\n{1}, Exile Relic of Progenitus: Exile all cards from all graveyards. Draw a card.", "originalType": "Artifact", "printings": ["ALA", "BRC", "EMA", "HA5", "HOP", "MB2", "MD1", "MMA", "TD0"], "purchaseUrls": {"cardmarket": "https://mtgjson.com/links/e8c9fabd730dedf2", "tcgplayer": "https://mtgjson.com/links/7fdee0cee333ad69"}, "rarity": "common", "rulings": [{"date": "2016-06-08", "text": "If you activate Relic of Progenitus's first ability, the targeted player chooses which card to exile. The choice is made as the ability resolves."}, {"date": "2016-06-08", "text": "You can activate Relic of Progenitus's second ability even if no players have any cards in their graveyards. You'll still draw a card."}], "setCode": "HOP", "sourceProducts": {"nonfoil": ["12800d83-eea5-53d4-bf45-9761d9732e50"]}, "subtypes": [], "supertypes": [], "text": "{T}: Target player exiles a card from their graveyard.\n{1}, Exile Relic of Progenitus: Exile all graveyards. Draw a card.", "type": "Artifact", "types": ["Artifact"], "uuid": "f773dbde-118f-53dd-810b-e541d4ef0721"}, {"artist": "Greg Hildebrandt", "artistIds": ["020f967b-0d2f-4166-aabe-901dba8bc7ec"], "availability": ["mtgo", "paper"], "borderColor": "black", "colorIdentity": ["R", "W"], "colors": [], "convertedManaCost": 2.0, "count": 1, "edhrecRank": 177, "finishes": ["nonfoil"], "flavorText": "\"Have you ever held a Boros signet? There's a weight to it that belies its size—a weight of strength and of pride.\"\n—Agrus Kos", "foreignData": [], "frameVersion": "2003", "hasFoil": false, "hasNonFoil": true, "identifiers": {"cardsphereId": "35493", "mcmId": "21605", "mcmMetaId": "7891", "mtgjsonV4Id": "ad2200f4-e99b-5c5d-b8a5-02aed661283a", "mtgoFoilId": "44761", "mtgoId": "44760", "multiverseId": "205358", "scryfallCardBackId": "0aeebaf5-8c7d-4636-9e82-8c27447861f7", "scryfallId": "43879b79-4c82-4ac0-ba57-9835cecb09f4", "scryfallIllustrationId": "a640c525-8282-4d3c-87a7-7e09d2164842", "scryfallOracleId": "41c84665-1f99-40ab-aaca-1188649eb263", "tcgplayerProductId": "37331"}, "isFoil": false, "isReprint": true, "isStarter": true, "language": "English", "layout": "normal", "legalities": {"commander": "Legal", "duel": "Legal", "legacy": "Legal", "modern": "Legal", "oathbreaker": "Legal", "pauper": "Legal", "paupercommander": "Legal", "predh": "Legal", "vintage": "Legal"}, "manaCost": "{2}", "manaValue": 2.0, "name": "Boros Signet", "number": "107", "originalText": "{1}, {T}: Add {R}{W} to your mana pool.", "originalType": "Artifact", "printings": ["BLC", "C15", "C17", "C20", "CLU", "CM2", "CMA", "CMD", "CMM", "CMR", "GK1", "HOP", "MM3", "ONC", "PRM", "RAV", "RVR", "SLD"], "purchaseUrls": {"cardmarket": "https://mtgjson.com/links/87d59e22d44b451d", "tcgplayer": "https://mtgjson.com/links/e7cf4959ba8935a5"}, "rarity": "common", "setCode": "HOP", "sourceProducts": {"nonfoil": ["12800d83-eea5-53d4-bf45-9761d9732e50"]}, "subtypes": [], "supertypes": [], "text": "{1}, {T}: Add {R}{W}.", "type": "Artifact", "types": ["Artifact"], "uuid": "29944280-1294-538c-8aef-0937f8194c4f"}, {"artist": "Franz Vohwinkel", "artistIds": ["3a243c17-3baa-4b53-9599-645311cd7d3d"], "availability": ["mtgo", "paper"], "borderColor": "black", "colorIdentity": ["W"], "colors": ["W"], "convertedManaCost": 3.0, "count": 1, "edhrecRank": 2721, "edhrecSaltiness": 0.29, "finishes": ["nonfoil"], "foreignData": [], "frameVersion": "2003", "hasFoil": false, "hasNonFoil": true, "identifiers": {"cardsphereId": "35582", "mcmId": "21615", "mcmMetaId": "9146", "mtgjsonV4Id": "39e3b9fb-c85b-5115-b0ba-8a638d9965ba", "mtgoFoilId": "44433", "mtgoId": "44432", "multiverseId": "205396", "scryfallCardBackId": "0aeebaf5-8c7d-4636-9e82-8c27447861f7", "scryfallId": "fbb74aec-2cf1-431d-ae28-ed1e6bae4f5e", "scryfallIllustrationId": "f9a62191-f7b7-4445-a1d4-f13d8780e303", "scryfallOracleId": "bd9b9772-f5f9-4c6b-913e-7193bea5d0a7", "tcgplayerProductId": "37405"}, "isFoil": false, "isReprint": true, "isStarter": true, "language": "English", "layout": "normal", "legalities": {"commander": "Legal", "duel": "Legal", "legacy": "Legal", "modern": "Legal", "oathbreaker": "Legal", "pauper": "Legal", "paupercommander": "Legal", "penny": "Legal", "predh": "Legal", "vintage": "Legal"}, "manaCost": "{2}{W}", "manaValue": 3.0, "name": "Oblivion Ring", "number": "4", "originalText": "When Oblivion Ring enters the battlefield, exile another target nonland permanent.\nWhen Oblivion Ring leaves the battlefield, return the exiled card to the battlefield under its owner's control.", "originalType": "Enchantment", "printings": ["ALA", "ARC", "CMD", "DDG", "DDI", "F09", "HOP", "LRW", "M12", "M13", "MM2", "PLST", "PRM", "TD0"], "purchaseUrls": {"cardmarket": "https://mtgjson.com/links/ac6dcd963ede5f81", "tcgplayer": "https://mtgjson.com/links/55df7d4fa1a12ce7"}, "rarity": "common", "rulings": [{"date": "2007-10-01", "text": "If Oblivion Ring leaves the battlefield before its first ability has resolved, its second ability will trigger and do nothing. Then its first ability will resolve and exile the targeted nonland permanent forever."}, {"date": "2007-10-01", "text": "If there are no nonland permanents on the battlefield other than an Oblivion Ring, and the card it exiled was another Oblivion Ring, casting a third Oblivion Ring will result in an involuntary infinite loop that will end the game in a draw (unless someone chooses to break it by putting another nonland permanent onto the battlefield or destroying one of the Oblivion Rings, for example)."}, {"date": "2008-10-01", "text": "If the exiled card is an Aura, that card’s owner chooses what it will enchant as it comes back onto the battlefield. An Aura put onto the battlefield this way doesn’t target anything, but the Aura’s enchant ability restricts what it can be attached to. If the Aura can’t legally be attached to anything, it remains exiled forever."}, {"date": "2012-07-01", "text": "Auras attached to the exiled permanent will be put into their owners’ graveyards. Equipment attached to the exiled permanent will become unattached and remain on the battlefield. Any counters on the exiled permanent will cease to exist."}], "setCode": "HOP", "sourceProducts": {"nonfoil": ["12800d83-eea5-53d4-bf45-9761d9732e50"]}, "subtypes": [], "supertypes": [], "text": "When Oblivion Ring enters, exile another target nonland permanent.\nWhen Oblivion Ring leaves the battlefield, return the exiled card to the battlefield under its owner's control.", "type": "Enchantment", "types": ["Enchantment"], "uuid": "e04b6790-58da-5535-8ccf-bd2b3f8949f8"}, {"artist": "Zoltan Boros & Gabor Szikszai", "artistIds": ["1885e6cb-c827-4896-994e-3d0a027d602f", "44c3877f-8771-43dc-9e40-f4c765f59d2e"], "availability": ["mtgo", "paper"], "borderColor": "black", "colorIdentity": ["W"], "colors": ["W"], "convertedManaCost": 3.0, "count": 1, "edhrecRank": 9583, "edhrecSaltiness": 0.38, "finishes": ["nonfoil"], "foreignData": [], "frameVersion": "2003", "hasFoil": false, "hasNonFoil": true, "identifiers": {"cardsphereId": "35594", "mcmId": "21618", "mcmMetaId": "9584", "mtgjsonV4Id": "9cee9b7f-b424-576f-92d3-f72a66d3c6f1", "mtgoFoilId": "44401", "mtgoId": "44400", "multiverseId": "205402", "scryfallCardBackId": "0aeebaf5-8c7d-4636-9e82-8c27447861f7", "scryfallId": "f07cc03d-8a72-4f0c-a3d4-c33a6428fd0f", "scryfallIllustrationId": "4bc2485f-ab60-4416-b9ee-45e6494a61ce", "scryfallOracleId": "31caa417-12f7-468b-9f3a-ccfb80e5bc2f", "tcgplayerProductId": "37413"}, "isFoil": false, "isReprint": true, "isStarter": true, "keywords": ["Enchant"], "language": "English", "layout": "normal", "legalities": {"commander": "Legal", "duel": "Legal", "legacy": "Legal", "modern": "Legal", "oathbreaker": "Legal", "predh": "Legal", "vintage": "Legal"}, "manaCost": "{1}{W}{W}", "manaValue": 3.0, "name": "Prison Term", "number": "6", "originalText": "Enchant creature\nEnchanted creature can't attack or block and its activated abilities can't be activated.\nWhenever a creature enters the battlefield under an opponent's control, you may attach Prison Term to that creature.", "originalType": "Enchantment - Aura", "printings": ["CMD", "HOP", "PLST", "SHM", "TD0"], "purchaseUrls": {"cardmarket": "https://mtgjson.com/links/30a66aebb76bc097", "tcgplayer": "https://mtgjson.com/links/37205d3fb586cca8"}, "rarity": "uncommon", "rulings": [{"date": "2008-05-01", "text": "The last ability works only if Prison Term is already on the battlefield. You may move it from the creature it’s currently enchanting onto the new creature."}, {"date": "2016-06-08", "text": "Activated abilities contain a colon. They’re generally written “[Cost]: [Effect].” Some keywords are activated abilities and will have colons in their reminder text."}], "setCode": "HOP", "sourceProducts": {"nonfoil": ["12800d83-eea5-53d4-bf45-9761d9732e50"]}, "subtypes": ["Aura"], "supertypes": [], "text": "Enchant creature\nEnchanted creature can't attack or block, and its activated abilities can't be activated.\nWhenever a creature an opponent controls enters, you may attach Prison Term to that creature.", "type": "Enchantment — Aura", "types": ["Enchantment"], "uuid": "9bd33b20-d89c-5d8b-a257-2d0d8d400e2c"}, {"artist": "Paolo Parente", "artistIds": ["d48dd097-720d-476a-8722-6a02854ae28b"], "availability": ["mtgo", "paper"], "borderColor": "black", "colorIdentity": ["R", "W"], "colors": ["R", "W"], "convertedManaCost": 4.0, "count": 1, "edhrecRank": 12472, "finishes": ["nonfoil"], "flavorText": "\"Their hopes dashed on our shields! Their victory slashed by our swords!\"", "foreignData": [], "frameVersion": "2003", "hasFoil": false, "hasNonFoil": true, "identifiers": {"cardsphereId": "35536", "mcmId": "21611", "mcmMetaId": "10511", "mtgjsonV4Id": "d6c22291-6991-54c6-8e52-008d96f6d9bb", "mtgoFoilId": "44465", "mtgoId": "44464", "multiverseId": "205318", "scryfallCardBackId": "0aeebaf5-8c7d-4636-9e82-8c27447861f7", "scryfallId": "ed9150c4-4f02-4c42-9bad-1dcf13530854", "scryfallIllustrationId": "9a751e87-4833-4631-9d3d-e4ac0ef1d19a", "scryfallOracleId": "a73757e5-3430-42ed-8d1a-922c414c7f21", "tcgplayerProductId": "37370"}, "isFoil": false, "isReprint": true, "isStarter": true, "language": "English", "layout": "normal", "legalities": {"commander": "Legal", "duel": "Legal", "legacy": "Legal", "modern": "Legal", "oathbreaker": "Legal", "penny": "Legal", "predh": "Legal", "vintage": "Legal"}, "manaCost": "{2}{R}{W}", "manaValue": 4.0, "name": "Glory of Warfare", "number": "88", "originalText": "As long as it's your turn, creatures you control get +2/+0.\nAs long as it's not your turn, creatures you control get +0/+2.", "originalType": "Enchantment", "printings": ["ARB", "HOP"], "purchaseUrls": {"cardmarket": "https://mtgjson.com/links/5301c9581e329cba", "tcgplayer": "https://mtgjson.com/links/ed7aa0fb9c27b985"}, "rarity": "rare", "rulings": [{"date": "2009-05-01", "text": "There is never a point at which Glory of Warfare will give a creature you control +2/+2 or +0/+0. A creature that’s normally 1/1, for example, will change from being 3/1 to being 1/3 when your turn ends and another player’s turn begins. At no time will it be 3/3 or 1/1."}], "setCode": "HOP", "sourceProducts": {"nonfoil": ["12800d83-eea5-53d4-bf45-9761d9732e50"]}, "subtypes": [], "supertypes": [], "text": "During your turn, creatures you control get +2/+0.\nDuring turns other than yours, creatures you control get +0/+2.", "type": "Enchantment", "types": ["Enchantment"], "uuid": "e6e82216-6eae-57f8-9e9b-e58cb26cc7bc"}, {"artist": "John Matson", "artistIds": ["a1685587-4b55-446b-b420-c37b202ed3f1"], "availability": ["mtgo", "paper"], "borderColor": "black", "colorIdentity": ["R"], "colors": ["R"], "convertedManaCost": 4.0, "count": 1, "edhrecRank": 3445, "edhrecSaltiness": 0.66, "finishes": ["nonfoil"], "flavorText": "The furnace awaits the next master who would stoke the fires of apocalypse.", "foreignData": [], "frameVersion": "2003", "hasFoil": false, "hasNonFoil": true, "identifiers": {"cardsphereId": "35535", "mcmId": "21610", "mcmMetaId": "2240", "mtgjsonV4Id": "b3352903-40d7-5b10-a2f1-7e27b7038062", "mtgoFoilId": "44369", "mtgoId": "44368", "multiverseId": "205268", "scryfallCardBackId": "0aeebaf5-8c7d-4636-9e82-8c27447861f7", "scryfallId": "d7f0e720-3c32-4040-b663-7f99ad5bc810", "scryfallIllustrationId": "51199750-d5aa-4867-9d37-3ef015b07101", "scryfallOracleId": "68715465-6cf9-4006-87e9-31f227fe9ed3", "tcgplayerProductId": "37369"}, "isFoil": false, "isReprint": true, "isStarter": true, "language": "English", "layout": "normal", "legalities": {"commander": "Legal", "duel": "Legal", "legacy": "Legal", "modern": "Legal", "oathbreaker": "Legal", "penny": "Legal", "predh": "Legal", "premodern": "Legal", "vintage": "Legal"}, "manaCost": "{1}{R}{R}{R}", "manaValue": 4.0, "name": "Furnace of Rath", "number": "55", "originalText": "If a source would deal damage to a creature or player, it deals double that damage to that creature or player instead.", "originalType": "Enchantment", "printings": ["10E", "8ED", "9ED", "DPA", "HOP", "PLST", "PS11", "TMP"], "purchaseUrls": {"cardmarket": "https://mtgjson.com/links/55401ebcb09facb8", "tcgplayer": "https://mtgjson.com/links/b5a259ff7b56ca7a"}, "rarity": "rare", "rulings": [{"date": "2004-10-04", "text": "If a spell or ability damages multiple things, divide up the damage before applying this effect. This means you can’t normally end up with an odd amount of damage on something."}, {"date": "2004-10-04", "text": "If you have two of these on the battlefield, the damage is multiplied by 4."}, {"date": "2004-10-04", "text": "The multiplied damage counts in all ways as if it came from the original source. Furnace of Rath is not the source."}, {"date": "2004-10-04", "text": "The trample rules cause damage to be divided before it is doubled."}, {"date": "2005-08-01", "text": "If multiple effects modify how damage will be dealt, the player who would be dealt damage or the controller of the creature that would be dealt damage chooses the order to apply the effects. For example, Mending Hands says, “Prevent the next 4 damage that would be dealt to any target this turn.” Suppose a spell would deal 5 damage to a player who has cast Mending Hands targeting themselves. That player can either (a) prevent 4 damage first and then let Furnace of Rath double the remaining 1 damage, taking 2 damage, or (b) double the damage to 10 and then prevent 4 damage, taking 6 damage."}], "setCode": "HOP", "sourceProducts": {"nonfoil": ["12800d83-eea5-53d4-bf45-9761d9732e50"]}, "subtypes": [], "supertypes": [], "text": "If a source would deal damage to a permanent or player, it deals double that damage to that permanent or player instead.", "type": "Enchantment", "types": ["Enchantment"], "uuid": "dd831fe7-63b5-59b6-afe0-aa58892d454c"}, {"artist": "Craig Mullins", "artistIds": ["390c3c0b-5e9b-4998-942d-eeef12e65379"], "availability": ["mtgo", "paper"], "borderColor": "black", "colorIdentity": ["R"], "colors": [], "convertedManaCost": 0.0, "count": 9, "edhrecSaltiness": 0.35, "finishes": ["nonfoil"], "foreignData": [], "frameVersion": "2003", "hasFoil": false, "hasNonFoil": true, "identifiers": {"cardsphereId": "35569", "mcmId": "21670", "mtgjsonV4Id": "14f948e0-c7ad-594b-b2b0-6018741f2980", "mtgoFoilId": "44767", "mtgoId": "44766", "multiverseId": "205468", "scryfallCardBackId": "0aeebaf5-8c7d-4636-9e82-8c27447861f7", "scryfallId": "791f71b6-6d1a-4b11-9e6d-86f455f9c491", "scryfallIllustrationId": "112ca719-6d1a-4af7-8067-9fc0830c6ca9", "scryfallOracleId": "a3fb7228-e76b-4e96-a40e-20b5fed75685", "tcgplayerProductId": "80272"}, "isFoil": false, "isReprint": true, "isStarter": true, "language": "English", "layout": "normal", "legalities": {"alchemy": "Legal", "brawl": "Legal", "commander": "Legal", "duel": "Legal", "explorer": "Legal", "future": "Legal", "gladiator": "Legal", "historic": "Legal", "legacy": "Legal", "modern": "Legal", "oathbreaker": "Legal", "pauper": "Legal", "paupercommander": "Legal", "penny": "Legal", "pioneer": "Legal", "predh": "Legal", "premodern": "Legal", "standard": "Legal", "standardbrawl": "Legal", "timeless": "Legal", "vintage": "Legal"}, "manaValue": 0.0, "name": "Mountain", "number": "156", "originalText": "R", "originalType": "Basic Land - Mountain", "printings": ["10E", "2ED", "2XM", "30A", "3ED", "40K", "4BB", "4ED", "5ED", "6ED", "7ED", "8ED", "9ED", "ACR", "AFR", "AKH", "AKR", "ALA", "ANA", "ANB", "ARC", "ARN", "ATH", "AVR", "BBD", "BFZ", "BLB", "BRB", "BRC", "BRO", "BTD", "C13", "C14", "C15", "C16", "C17", "C18", "C19", "CED", "CEI", "CHK", "CLB", "CLU", "CM2", "CMA", "CMD", "CMM", "CMR", "CST", "DD1", "DD2", "DDE", "DDG", "DDH", "DDI", "DDJ", "DDK", "DDL", "DDN", "DDP", "DDS", "DDT", "DDU", "DKM", "DMR", "DMU", "DOM", "DPA", "DSK", "DTK", "E01", "ELD", "EVG", "FBB", "FRF", "G17", "GK1", "GK2", "GN2", "GN3", "GNT", "GRN", "GS1", "H09", "HBG", "HOP", "HOU", "ICE", "IKO", "INV", "ISD", "ITP", "J14", "J22", "JMP", "JVC", "KHM", "KLD", "KLR", "KTK", "LCI", "LEA", "LEB", "LRW", "LTR", "M10", "M11", "M12", "M13", "M14", "M15", "M19", "M20", "M21", "MBS", "ME1", "ME3", "MH2", "MH3", "MID", "MIR", "MKM", "MMQ", "MOM", "MRD", "NEO", "NPH", "ODY", "OLEP", "ONE", "ONS", "ORI", "OTJ", "P02", "P23", "PAL00", "PAL01", "PAL03", "PAL04", "PAL05", "PAL06", "PAL99", "PALP", "PANA", "PARL", "PC2", "PCA", "PD2", "PELP", "PF19", "PF20", "PGPX", "PGRU", "PIP", "PL24", "PLST", "PMPS", "PMPS06", "PMPS07", "PMPS08", "PMPS09", "PMPS10", "PMPS11", "POR", "PPP1", "PRM", "PRW2", "PRWK", "PS11", "PSAL", "PSS2", "PSS3", "PSS4", "PTC", "PTK", "PZ2", "RAV", "REX", "RIX", "RNA", "ROE", "RQS", "RTR", "S99", "SCD", "SHM", "SIR", "SLD", "SNC", "SOI", "SOM", "STX", "SUM", "TD0", "THB", "THS", "TMP", "TPR", "TSP", "UGL", "UND", "UNF", "UNH", "USG", "UST", "VOW", "WAR", "WC00", "WC01", "WC02", "WC03", "WC97", "WC98", "WC99", "WHO", "WOE", "XANA", "XLN", "ZEN", "ZNR"], "purchaseUrls": {"tcgplayer": "https://mtgjson.com/links/b51645ed3f78c6b6"}, "rarity": "common", "setCode": "HOP", "sourceProducts": {"nonfoil": ["12800d83-eea5-53d4-bf45-9761d9732e50", "34f39927-4952-5482-bf86-c42d790ec734", "d43d000c-5dca-55f9-aa00-be3cb3293f1d"]}, "subtypes": ["Mountain"], "supertypes": ["Basic"], "text": "({T}: Add {R}.)", "type": "Basic Land — Mountain", "types": ["Land"], "uuid": "4e081468-e675-5de1-861b-8ba19160cf4e", "variations": ["ea30b52f-5390-57c4-b0dd-2fb31df07f05", "cbe56962-b8dd-528f-9a91-39e1623d3fb6", "7e2f2a8b-a103-5629-93a2-9f7540d79f1b", "da359740-ba47-5b27-a2b4-3fd34b5b69ac", "6cee3277-7bb2-5adb-89fb-27a5629ff036", "84e95662-094c-56b4-93c1-075f3cfbccd9", "231e9b40-9f1a-567b-9d52-e6ee166fab0b", "e87f287a-3134-5565-8cb5-5093e5cf60cb"]}, {"artist": "Martina Pilcerova", "artistIds": ["30fead7c-da53-4c1b-b514-4be6e5ce487c"], "availability": ["mtgo", "paper"], "borderColor": "black", "colorIdentity": ["W"], "colors": [], "convertedManaCost": 0.0, "count": 9, "edhrecSaltiness": 0.28, "finishes": ["nonfoil"], "foreignData": [], "frameVersion": "2003", "hasFoil": false, "hasNonFoil": true, "identifiers": {"cardsphereId": "35589", "mcmId": "21656", "mtgjsonV4Id": "f80e20e6-3a6f-564b-adfb-cf64d17af6dd", "mtgoFoilId": "44657", "mtgoId": "44656", "multiverseId": "205301", "scryfallCardBackId": "0aeebaf5-8c7d-4636-9e82-8c27447861f7", "scryfallId": "d6615ef8-e121-4ee5-8804-aee80513f356", "scryfallIllustrationId": "b465608b-c68c-4f8f-b346-81619b25324d", "scryfallOracleId": "bc71ebf6-2056-41f7-be35-b2e5c34afa99", "tcgplayerProductId": "80257"}, "isFoil": false, "isReprint": true, "isStarter": true, "language": "English", "layout": "normal", "legalities": {"alchemy": "Legal", "brawl": "Legal", "commander": "Legal", "duel": "Legal", "explorer": "Legal", "future": "Legal", "gladiator": "Legal", "historic": "Legal", "legacy": "Legal", "modern": "Legal", "oathbreaker": "Legal", "pauper": "Legal", "paupercommander": "Legal", "penny": "Legal", "pioneer": "Legal", "predh": "Legal", "premodern": "Legal", "standard": "Legal", "standardbrawl": "Legal", "timeless": "Legal", "vintage": "Legal"}, "manaValue": 0.0, "name": "Plains", "number": "142", "originalText": "W", "originalType": "Basic Land - Plains", "printings": ["10E", "2ED", "2XM", "30A", "3ED", "40K", "4BB", "4ED", "5ED", "6ED", "7ED", "8ED", "9ED", "ACR", "AFR", "AKH", "AKR", "ALA", "ANA", "ANB", "ARC", "ATH", "AVR", "BBD", "BFZ", "BLB", "BRB", "BRC", "BRO", "C13", "C14", "C15", "C16", "C17", "C18", "C19", "CED", "CEI", "CHK", "CLB", "CLU", "CM2", "CMA", "CMD", "CMM", "CMR", "CST", "DDC", "DDE", "DDF", "DDG", "DDH", "DDI", "DDK", "DDL", "DDN", "DDO", "DDP", "DDQ", "DMR", "DMU", "DOM", "DSK", "DTK", "DVD", "E01", "ELD", "FBB", "FDN", "FRF", "G17", "GK1", "GK2", "GN2", "GN3", "GNT", "GRN", "GS1", "H09", "HBG", "HOP", "HOU", "ICE", "IKO", "INV", "ISD", "ITP", "J14", "J22", "JMP", "KHM", "KLD", "KLR", "KTK", "LCI", "LEA", "LEB", "LRW", "LTR", "M10", "M11", "M12", "M13", "M14", "M15", "M19", "M20", "M21", "MBS", "MD1", "ME1", "ME3", "MH2", "MH3", "MID", "MIR", "MKM", "MMQ", "MOM", "MRD", "NEO", "NPH", "ODY", "OLEP", "ONE", "ONS", "ORI", "OTJ", "P02", "P23", "PAL00", "PAL01", "PAL03", "PAL04", "PAL05", "PAL06", "PAL99", "PALP", "PANA", "PARL", "PC2", "PCA", "PDGM", "PELP", "PF19", "PF20", "PGPX", "PGRU", "PIP", "PLST", "PMPS", "PMPS06", "PMPS07", "PMPS08", "PMPS09", "PMPS10", "PMPS11", "POR", "PPP1", "PRM", "PRW2", "PRWK", "PS11", "PSAL", "PSS2", "PSS3", "PSS4", "PTC", "PTK", "PZ2", "RAV", "REX", "RIX", "RNA", "ROE", "RQS", "RTR", "S99", "SCD", "SHM", "SIR", "SLD", "SLP", "SNC", "SOI", "SOM", "STX", "SUM", "TD0", "TD2", "THB", "THS", "TMP", "TPR", "TSP", "UGL", "UND", "UNF", "UNH", "USG", "UST", "VOW", "WAR", "WC00", "WC02", "WC03", "WC04", "WC97", "WC98", "WHO", "WOE", "XANA", "XLN", "ZEN", "ZNR"], "purchaseUrls": {"tcgplayer": "https://mtgjson.com/links/4d930388bc9e4d34"}, "rarity": "common", "setCode": "HOP", "sourceProducts": {"nonfoil": ["12800d83-eea5-53d4-bf45-9761d9732e50", "34f39927-4952-5482-bf86-c42d790ec734"]}, "subtypes": ["Plains"], "supertypes": ["Basic"], "text": "({T}: Add {W}.)", "type": "Basic Land — Plains", "types": ["Land"], "uuid": "409bc4d0-c7cb-5748-aa57-64bcde5c1ad6", "variations": ["3ffbc182-ebdc-5fe1-b90b-8c6aeabe87a9", "784e4203-0519-540c-8df4-c89eca60b82d", "2f789aa3-7146-5faf-9e39-ebef217d0ee6", "011d5341-39b1-5b98-b0fb-43c72aca6b4a"]}, {"artist": "John Avon", "artistIds": ["798f3932-30e0-4420-aa3f-db4d613f89ca"], "availability": ["mtgo", "paper"], "borderColor": "black", "colorIdentity": ["R", "W"], "colors": [], "convertedManaCost": 0.0, "count": 2, "edhrecRank": 352, "edhrecSaltiness": 0.1, "finishes": ["nonfoil"], "foreignData": [], "frameVersion": "2003", "hasFoil": false, "hasNonFoil": true, "identifiers": {"cardsphereId": "35491", "mcmId": "21622", "mcmMetaId": "7888", "mtgjsonV4Id": "46fffd5e-6563-5da8-b95e-7882da9f1516", "mtgoFoilId": "44741", "mtgoId": "44740", "multiverseId": "205356", "scryfallCardBackId": "0aeebaf5-8c7d-4636-9e82-8c27447861f7", "scryfallId": "aa80eb15-e702-4810-bf76-dda64b6ed673", "scryfallIllustrationId": "42955a53-28a3-4204-bca3-15a95f16ef91", "scryfallOracleId": "8fa3ac81-3dfe-4565-be99-5554f7597b4b", "tcgplayerProductId": "37329"}, "isFoil": false, "isReprint": true, "isStarter": true, "language": "English", "layout": "normal", "legalities": {"commander": "Legal", "duel": "Legal", "legacy": "Legal", "modern": "Legal", "oathbreaker": "Legal", "pauper": "Legal", "paupercommander": "Legal", "predh": "Legal", "vintage": "Legal"}, "manaValue": 0.0, "name": "Boros Garrison", "number": "131", "originalText": "Boros Garrison enters the battlefield tapped.\nWhen Boros Garrison enters the battlefield, return a land you control to its owner's hand.\n{T}: Add {R}{W} to your mana pool.", "originalType": "Land", "printings": ["2X2", "C13", "C15", "C16", "C17", "C19", "C20", "C21", "CLU", "CM2", "CMA", "CMD", "CMR", "DMC", "GK1", "HOP", "IMA", "MKC", "MM2", "ONC", "PRM", "RAV", "ZNC"], "purchaseUrls": {"cardmarket": "https://mtgjson.com/links/46d546abac6989df", "tcgplayer": "https://mtgjson.com/links/b88a630b1ac1731c"}, "rarity": "common", "rulings": [{"date": "2013-04-15", "text": "If this land enters the battlefield and you control no other lands, its ability will force you to return it to your hand."}], "setCode": "HOP", "sourceProducts": {"nonfoil": ["12800d83-eea5-53d4-bf45-9761d9732e50"]}, "subtypes": [], "supertypes": [], "text": "Boros Garrison enters tapped.\nWhen Boros Garrison enters, return a land you control to its owner's hand.\n{T}: Add {R}{W}.", "type": "Land", "types": ["Land"], "uuid": "c59b0a72-ea54-5cf6-b2ba-6d4eb7a899d1"}, {"artist": "Martina Pilcerova", "artistIds": ["30fead7c-da53-4c1b-b514-4be6e5ce487c"], "availability": ["mtgo", "paper"], "borderColor": "black", "colorIdentity": ["R", "W"], "colors": [], "convertedManaCost": 0.0, "count": 2, "edhrecRank": 1308, "edhrecSaltiness": 0.09, "finishes": ["nonfoil"], "flavorText": "Sunhome—the stalwart shield, the towering sentinel, the seat of justice.", "foreignData": [], "frameVersion": "2003", "hasFoil": false, "hasNonFoil": true, "identifiers": {"cardsphereId": "35622", "mcmId": "21623", "mcmMetaId": "8107", "mtgjsonV4Id": "26f009a1-44d8-55cb-94be-f0254b12ffd5", "mtgoFoilId": "44751", "mtgoId": "44750", "multiverseId": "205363", "scryfallCardBackId": "0aeebaf5-8c7d-4636-9e82-8c27447861f7", "scryfallId": "12fc2aff-35e0-44e9-a976-70810d43634c", "scryfallIllustrationId": "2bfd050c-1902-42db-a2ca-591882d923a2", "scryfallOracleId": "a9f8344c-1705-4254-81d6-aa05e0c69c29", "tcgplayerProductId": "37441"}, "isFoil": false, "isReprint": true, "isStarter": true, "language": "English", "layout": "normal", "legalities": {"commander": "Legal", "duel": "Legal", "legacy": "Legal", "modern": "Legal", "oathbreaker": "Legal", "predh": "Legal", "vintage": "Legal"}, "manaValue": 0.0, "name": "Sunhome, Fortress of the Legion", "number": "138", "originalText": "{T}: Add {1} to your mana pool.\n{2}{R}{W}, {T}: Target creature gains double strike until end of turn. (It deals both first-strike and regular combat damage.)", "originalType": "Land", "printings": ["C21", "CMR", "GK1", "HOP", "MKC", "OTC", "RAV"], "purchaseUrls": {"cardmarket": "https://mtgjson.com/links/58f1b2a147f62a86", "tcgplayer": "https://mtgjson.com/links/04c222516d8add4b"}, "rarity": "uncommon", "rulings": [{"date": "2005-10-01", "text": "If you give double strike to a creature after either first-strike or normal combat damage has been dealt, it won't help that creature deal any additional combat damage."}, {"date": "2005-10-01", "text": "If you give double strike to a creature with first strike after first-strike combat damage has been dealt, that creature will also deal damage during the normal combat damage step."}], "setCode": "HOP", "sourceProducts": {"nonfoil": ["12800d83-eea5-53d4-bf45-9761d9732e50"]}, "subtypes": [], "supertypes": [], "text": "{T}: Add {C}.\n{2}{R}{W}, {T}: Target creature gains double strike until end of turn.", "type": "Land", "types": ["Land"], "uuid": "c9f01725-0ef1-5d40-9fc7-4730dedc6e18"}, {"artist": "Dan Murayama Scott", "artistIds": ["f852fa13-137e-40f2-bbc1-0f01df09c0e0"], "availability": ["mtgo", "paper"], "borderColor": "black", "colorIdentity": [], "colors": [], "convertedManaCost": 0.0, "count": 2, "edhrecRank": 30, "edhrecSaltiness": 0.07, "finishes": ["nonfoil"], "foreignData": [], "frameVersion": "2003", "hasFoil": false, "hasNonFoil": true, "identifiers": {"cardsphereId": "35632", "mcmId": "21624", "mcmMetaId": "8542", "mtgjsonV4Id": "89907db5-060b-5f5d-a16e-0a4909d1affc", "mtgoFoilId": "44777", "mtgoId": "44776", "multiverseId": "205352", "scryfallCardBackId": "0aeebaf5-8c7d-4636-9e82-8c27447861f7", "scryfallId": "9afff504-6356-424e-97a4-bb28d8a2dbad", "scryfallIllustrationId": "c6230ffb-dd2c-4a2c-aeaf-13ba42c89472", "scryfallOracleId": "1bd3e453-aa21-4ee6-95c2-d6d920ee8e7a", "tcgplayerProductId": "37447"}, "isFoil": false, "isReprint": true, "isStarter": true, "language": "English", "layout": "normal", "legalities": {"brawl": "Legal", "commander": "Legal", "duel": "Legal", "explorer": "Legal", "future": "Legal", "gladiator": "Legal", "historic": "Legal", "legacy": "Legal", "modern": "Legal", "oathbreaker": "Legal", "pauper": "Legal", "paupercommander": "Legal", "pioneer": "Legal", "predh": "Legal", "standard": "Legal", "standardbrawl": "Legal", "timeless": "Legal", "vintage": "Legal"}, "manaValue": 0.0, "name": "Terramorphic Expanse", "number": "139", "originalText": "{T}, Sacrifice Terramorphic Expanse: Search your library for a basic land card and put it onto the battlefield tapped. Then shuffle your library.", "originalType": "Land", "printings": ["10E", "40K", "AFC", "ARC", "BLC", "BRC", "C13", "C14", "C15", "C16", "C17", "C18", "C19", "CM2", "CMA", "CMD", "CMM", "CMR", "DDE", "DDH", "DDN", "DMC", "H09", "HOP", "JMP", "LCC", "LTC", "M10", "M11", "M3C", "MMA", "MOC", "ONE", "OTC", "PC2", "PCA", "PIP", "PLST", "PRM", "PS11", "PSAL", "SLD", "TD0", "TD2", "TSP", "TSR", "UMA", "WHO", "ZNC"], "purchaseUrls": {"cardmarket": "https://mtgjson.com/links/e4129c75320f1f0d", "tcgplayer": "https://mtgjson.com/links/ab0de0d22dec2e9e"}, "rarity": "common", "setCode": "HOP", "sourceProducts": {"nonfoil": ["12800d83-eea5-53d4-bf45-9761d9732e50", "d43d000c-5dca-55f9-aa00-be3cb3293f1d"]}, "subtypes": [], "supertypes": [], "text": "{T}, Sacrifice Terramorphic Expanse: Search your library for a basic land card, put it onto the battlefield tapped, then shuffle.", "type": "Land", "types": ["Land"], "uuid": "730410cd-d097-5fe3-8445-1586363b54d9"}, {"artist": "Tim Hildebrandt", "artistIds": ["caa7228c-f74c-4145-91fb-1af8d623c353"], "availability": ["mtgo", "paper"], "borderColor": "black", "colorIdentity": ["R", "W"], "colors": ["W"], "convertedManaCost": 7.0, "count": 1, "edhrecRank": 15555, "faceConvertedManaCost": 4.0, "faceManaValue": 4.0, "faceName": "Order", "finishes": ["nonfoil"], "foreignData": [], "frameVersion": "2003", "hasFoil": false, "hasNonFoil": true, "identifiers": {"cardsphereId": "35583", "mcmId": "21616", "mcmMetaId": "4019", "mtgjsonV4Id": "2a334ea9-1627-5ba6-9652-5fadf674d8bc", "multiverseId": "205384", "scryfallCardBackId": "0aeebaf5-8c7d-4636-9e82-8c27447861f7", "scryfallId": "5644483e-c66c-49da-aae1-fa3b885e4b30", "scryfallIllustrationId": "1131bc09-8cff-4e9a-9d26-fdc0ac507070", "scryfallOracleId": "bc540259-459d-4561-9268-c4f323ea62d2", "tcgplayerProductId": "37406"}, "isFoil": false, "isReprint": true, "isStarter": true, "language": "English", "layout": "split", "legalities": {"commander": "Legal", "duel": "Legal", "legacy": "Legal", "oathbreaker": "Legal", "predh": "Legal", "premodern": "Legal", "vintage": "Legal"}, "manaCost": "{3}{W}", "manaValue": 7.0, "name": "Order // Chaos", "number": "104", "originalText": "Exile target attacking creature.", "originalType": "Instant", "otherFaceIds": ["8460f147-042d-5e9b-b713-1947114febb6"], "printings": ["APC", "C16", "DMR", "HOP"], "purchaseUrls": {"cardmarket": "https://mtgjson.com/links/068ed9dfa3dbdf15", "tcgplayer": "https://mtgjson.com/links/dd6479b08e982f4f"}, "rarity": "uncommon", "setCode": "HOP", "side": "a", "sourceProducts": {"nonfoil": ["12800d83-eea5-53d4-bf45-9761d9732e50"]}, "subtypes": [], "supertypes": [], "text": "Exile target attacking creature.", "type": "Instant", "types": ["Instant"], "uuid": "93294092-8100-566e-a465-63fa5a2fb978"}], "name": "Strike Force", "releaseDate": "2009-09-04", "sealedProductUuids": null, "sideBoard": [], "type": "Planechase Deck"}}