{"meta": {"date": "2024-09-03", "version": "5.2.2+20240903"}, "data": {"code": "SLD", "commander": [], "mainBoard": [{"artist": "Yu Maeda", "artistIds": ["7f212c29-72ad-4877-ab51-7e43bc5b9e9a"], "availability": ["paper"], "borderColor": "borderless", "colorIdentity": ["R"], "colors": ["R"], "convertedManaCost": 1.0, "count": 1, "edhrecRank": 7302, "edhrecSaltiness": 0.6, "finishes": ["nonfoil", "foil"], "foreignData": [], "frameVersion": "2015", "hasFoil": true, "hasNonFoil": true, "identifiers": {"cardsphereFoilId": "110563", "cardsphereId": "110534", "mtgjsonV4Id": "168e468b-6157-5717-837f-3e7f2224d81f", "scryfallCardBackId": "0aeebaf5-8c7d-4636-9e82-8c27447861f7", "scryfallId": "0420119f-a25b-44c7-b82f-51d05dfd94c5", "scryfallIllustrationId": "b4a1118b-9072-4565-aadf-f27c63693279", "scryfallOracleId": "d6585e30-4ca0-4701-b274-b24f3508dd97", "tcgplayerProductId": "501869"}, "isFoil": false, "isReprint": true, "language": "English", "layout": "normal", "legalities": {"commander": "Legal", "duel": "Legal", "legacy": "Legal", "modern": "Legal", "oathbreaker": "Legal", "paupercommander": "Restricted", "predh": "Legal", "vintage": "Legal"}, "manaCost": "{R}", "manaValue": 1.0, "name": "Flamekin Harbinger", "number": "1255", "originalReleaseDate": "2023-08-29", "power": "1", "printings": ["HOP", "LRW", "PLST", "SLD"], "purchaseUrls": {"tcgplayer": "https://mtgjson.com/links/e4acd3a9db4376fc"}, "rarity": "rare", "securityStamp": "oval", "setCode": "SLD", "sourceProducts": {"foil": ["d15dcaff-ab46-5975-991a-763fab38e124"], "nonfoil": ["16f07922-58b7-558d-a4b1-ea3f6d462fc8"]}, "subsets": ["The Stars Gaze Back"], "subtypes": ["Elemental", "Shaman"], "supertypes": [], "text": "When Flamekin Harbinger enters, you may search your library for an Elemental card, reveal it, then shuffle and put that card on top.", "toughness": "1", "type": "Creature — Elemental Shaman", "types": ["Creature"], "uuid": "89aa378c-89bc-5271-8fff-14f4192b9d1e"}, {"artist": "Yu Maeda", "artistIds": ["7f212c29-72ad-4877-ab51-7e43bc5b9e9a"], "availability": ["paper"], "borderColor": "borderless", "colorIdentity": ["G", "R"], "colors": ["G", "R"], "convertedManaCost": 7.0, "count": 1, "edhrecRank": 1225, "edhrecSaltiness": 0.58, "finishes": ["nonfoil", "foil"], "foreignData": [], "frameEffects": ["legendary"], "frameVersion": "2015", "hasFoil": true, "hasNonFoil": true, "identifiers": {"cardsphereFoilId": "110574", "cardsphereId": "110535", "mtgjsonV4Id": "aee84e64-6dd8-5f00-860b-5d426bf9598f", "scryfallCardBackId": "0aeebaf5-8c7d-4636-9e82-8c27447861f7", "scryfallId": "a8b75fc9-7045-4a87-b459-8d32f6c5402c", "scryfallIllustrationId": "0b96103b-2cec-4ec0-aa85-285db871543b", "scryfallOracleId": "1816eede-c5bd-49df-958f-a3af64cb2932", "tcgplayerProductId": "501870"}, "isFoil": false, "isReprint": true, "keywords": ["Landfall"], "language": "English", "layout": "normal", "leadershipSkills": {"brawl": false, "commander": true, "oathbreaker": false}, "legalities": {"brawl": "Legal", "commander": "Legal", "duel": "Legal", "explorer": "Legal", "gladiator": "Legal", "historic": "Legal", "legacy": "Legal", "modern": "Legal", "oathbreaker": "Legal", "penny": "Legal", "pioneer": "Legal", "timeless": "Legal", "vintage": "Legal"}, "manaCost": "{3}{R}{R}{G}{G}", "manaValue": 7.0, "name": "Omnath, Locus of Rage", "number": "1256", "originalReleaseDate": "2023-08-29", "power": "5", "printings": ["BFZ", "EA3", "OTC", "PBFZ", "PLST", "SLD", "ZNC"], "purchaseUrls": {"tcgplayer": "https://mtgjson.com/links/7950b97d564ae684"}, "rarity": "mythic", "rulings": [{"date": "2015-08-25", "text": "A landfall ability triggers whenever a land enters the battlefield under your control for any reason. It triggers whenever you play a land, as well as whenever a spell or ability puts a land onto the battlefield under your control."}, {"date": "2015-08-25", "text": "If Omnath dies at the same time as any other Elementals you control, Omnath's last ability will trigger for each of them (and once for itself)."}, {"date": "2015-08-25", "text": "If the ability has an additional or replacement effect that depends on the land having a certain basic land type, the ability will check that land's type as the ability resolves. If, at that time, the land that entered the battlefield is no longer on the battlefield, use its types when it left the battlefield to determine what happens."}, {"date": "2015-08-25", "text": "Omanth doesn't have the land type Locus."}, {"date": "2015-08-25", "text": "When a land enters the battlefield under your control, each landfall ability of the permanents you control will trigger. You can put them on the stack in any order. The last ability you put on the stack will be the first one to resolve."}], "securityStamp": "oval", "setCode": "SLD", "sourceProducts": {"foil": ["d15dcaff-ab46-5975-991a-763fab38e124"], "nonfoil": ["16f07922-58b7-558d-a4b1-ea3f6d462fc8"]}, "subsets": ["The Stars Gaze Back"], "subtypes": ["Elemental"], "supertypes": ["Legendary"], "text": "Landfall — Whenever a land you control enters, create a 5/5 red and green Elemental creature token.\nWhenever Omnath, Locus of Rage or another Elemental you control dies, Omnath deals 3 damage to any target.", "toughness": "5", "type": "Legendary Creature — Elemental", "types": ["Creature"], "uuid": "b5dbe80c-3b12-5697-9560-47e298fd37e4"}, {"artist": "Yu Maeda", "artistIds": ["7f212c29-72ad-4877-ab51-7e43bc5b9e9a"], "availability": ["paper"], "borderColor": "borderless", "colorIdentity": ["G", "U"], "colors": ["G", "U"], "convertedManaCost": 3.0, "count": 1, "edhrecRank": 2223, "edhrecSaltiness": 0.36, "finishes": ["nonfoil", "foil"], "foreignData": [], "frameVersion": "2015", "hasFoil": true, "hasNonFoil": true, "identifiers": {"cardsphereFoilId": "110576", "cardsphereId": "110536", "mtgjsonV4Id": "3b650a11-2010-560d-b2bb-b1e63cd6c9c0", "scryfallCardBackId": "0aeebaf5-8c7d-4636-9e82-8c27447861f7", "scryfallId": "9b88f895-b5d6-47ea-a69c-eb4e5d65e401", "scryfallIllustrationId": "5e3e23a0-d1ad-4340-ad3b-e2a258169ba3", "scryfallOracleId": "2ae71e86-4400-4a30-9077-4d57a43e7395", "tcgplayerProductId": "501871"}, "isFoil": false, "isReprint": true, "language": "English", "layout": "normal", "legalities": {"brawl": "Legal", "commander": "Legal", "duel": "Legal", "explorer": "Legal", "gladiator": "Legal", "historic": "Legal", "legacy": "Legal", "modern": "Legal", "oathbreaker": "Legal", "paupercommander": "Restricted", "pioneer": "Legal", "timeless": "Legal", "vintage": "Legal"}, "manaCost": "{1}{G}{U}", "manaValue": 3.0, "name": "Risen Reef", "number": "1257", "originalReleaseDate": "2023-08-29", "power": "1", "printings": ["M20", "PLST", "SLD"], "purchaseUrls": {"tcgplayer": "https://mtgjson.com/links/7a7c67c78a906e15"}, "rarity": "rare", "rulings": [{"date": "2019-07-12", "text": "If you put the card into your hand, you don’t have to reveal it. You also don’t have to tell your opponent whether it’s a nonland card or a land card you decided not to put onto the battlefield tapped."}], "securityStamp": "oval", "setCode": "SLD", "sourceProducts": {"foil": ["d15dcaff-ab46-5975-991a-763fab38e124"], "nonfoil": ["16f07922-58b7-558d-a4b1-ea3f6d462fc8"]}, "subsets": ["The Stars Gaze Back"], "subtypes": ["Elemental"], "supertypes": [], "text": "Whenever Risen Reef or another Elemental you control enters, look at the top card of your library. If it's a land card, you may put it onto the battlefield tapped. If you don't put the card onto the battlefield, put it into your hand.", "toughness": "1", "type": "Creature — Elemental", "types": ["Creature"], "uuid": "828b903e-424b-5db4-9f45-51be3c4bf52f"}, {"artist": "Yu Maeda", "artistIds": ["7f212c29-72ad-4877-ab51-7e43bc5b9e9a"], "availability": ["paper"], "borderColor": "borderless", "colorIdentity": ["G", "W"], "colors": ["G", "W"], "convertedManaCost": 2.0, "count": 1, "edhrecRank": 8241, "edhrecSaltiness": 0.08, "finishes": ["nonfoil", "foil"], "foreignData": [], "frameVersion": "2015", "hasFoil": true, "hasNonFoil": true, "identifiers": {"cardsphereFoilId": "110584", "cardsphereId": "110537", "mtgjsonV4Id": "64435539-1096-5753-827f-7d2c8990b9ba", "scryfallCardBackId": "0aeebaf5-8c7d-4636-9e82-8c27447861f7", "scryfallId": "a1dacda4-ed81-4daf-8718-cc59bffd95fc", "scryfallIllustrationId": "0d941c9e-f6d7-4e7d-84f4-36b3cee2272a", "scryfallOracleId": "5cbbb3f3-63a4-4983-81ea-8c405b10e63f", "tcgplayerProductId": "501872"}, "isFoil": false, "isReprint": true, "language": "English", "layout": "normal", "legalities": {"brawl": "Legal", "commander": "Legal", "duel": "Legal", "explorer": "Legal", "gladiator": "Legal", "historic": "Legal", "legacy": "Legal", "modern": "Legal", "oathbreaker": "Legal", "pioneer": "Legal", "timeless": "Legal", "vintage": "Legal"}, "manaCost": "{G}{W}", "manaValue": 2.0, "name": "Voice of Resurgence", "number": "1258", "originalReleaseDate": "2023-08-29", "power": "2", "printings": ["2XM", "DGM", "EA3", "MM3", "SLD"], "purchaseUrls": {"tcgplayer": "https://mtgjson.com/links/c8f8d33ae7999bf4"}, "rarity": "mythic", "rulings": [{"date": "2020-08-07", "text": "An ability that triggers when a player casts a spell resolves before the spell that caused it to trigger. It resolves even if that spell is countered."}, {"date": "2020-08-07", "text": "The power and toughness of the token change as the number of creatures you control changes. The token's ability counts itself, so it'll be at least 1/1."}], "securityStamp": "oval", "setCode": "SLD", "sourceProducts": {"foil": ["d15dcaff-ab46-5975-991a-763fab38e124"], "nonfoil": ["16f07922-58b7-558d-a4b1-ea3f6d462fc8"]}, "subsets": ["The Stars Gaze Back"], "subtypes": ["Elemental"], "supertypes": [], "text": "Whenever an opponent casts a spell during your turn and when Voice of Resurgence dies, create a green and white Elemental creature token with \"This creature's power and toughness are each equal to the number of creatures you control.\"", "toughness": "2", "type": "Creature — Elemental", "types": ["Creature"], "uuid": "fc36cbcc-d16a-596c-a8fc-18ee80844b47"}], "name": "The Stars Gaze Back", "releaseDate": "2023-06-26", "sealedProductUuids": null, "sideBoard": [], "type": "Secret Lair Drop"}}