{"meta": {"date": "2024-09-03", "version": "5.2.2+20240903"}, "data": {"code": "SLD", "commander": [], "mainBoard": [{"artist": "Jérémie Solomon", "artistIds": ["53c2b1ff-9b69-4fa0-99d6-2362b676f249"], "availability": ["paper"], "borderColor": "borderless", "colorIdentity": ["U"], "colors": ["U"], "convertedManaCost": 3.0, "count": 1, "edhrecRank": 784, "edhrecSaltiness": 0.93, "finishes": ["nonfoil", "foil"], "flavorText": "An unlikely jail for an impossible inmate.", "foreignData": [], "frameEffects": ["inverted"], "frameVersion": "2015", "hasFoil": true, "hasNonFoil": true, "identifiers": {"cardsphereFoilId": "98556", "cardsphereId": "98518", "mtgjsonV4Id": "b56c5dee-2306-59dc-9104-3e3fa274cf0f", "scryfallCardBackId": "0aeebaf5-8c7d-4636-9e82-8c27447861f7", "scryfallId": "e75a663c-f12f-49d6-b84f-3f941049872e", "scryfallIllustrationId": "9d92d9ef-88c6-41b7-ada2-2766dba3641f", "scryfallOracleId": "339a7418-9a29-4eae-a3c2-ea590d175936", "tcgplayerProductId": "450603"}, "isFoil": false, "isFullArt": true, "isReprint": true, "keywords": ["Enchant"], "language": "English", "layout": "normal", "legalities": {"brawl": "Legal", "commander": "Legal", "duel": "Legal", "explorer": "Legal", "gladiator": "Legal", "historic": "Legal", "legacy": "Legal", "modern": "Legal", "oathbreaker": "Legal", "penny": "Legal", "pioneer": "Legal", "timeless": "Legal", "vintage": "Legal"}, "manaCost": "{2}{U}", "manaValue": 3.0, "name": "Imprisoned in the Moon", "number": "1102", "originalReleaseDate": "2022-11-28", "printings": ["AFC", "EMN", "M3C", "MOC", "PEMN", "SIR", "SLD", "VOC"], "purchaseUrls": {"tcgplayer": "https://mtgjson.com/links/5edea8d40ec0464e"}, "rarity": "rare", "rulings": [{"date": "2016-07-13", "text": "At the time the permanent becomes enchanted, Imprisoned in the Moon causes it to lose all abilities except the noted mana ability. Any abilities the permanent gains after that point will work normally."}, {"date": "2016-07-13", "text": "Becoming a land may cause other Auras to become illegally attached. These are put into their owner's graveyard, and any Equipment attached to the land become unattached and remain on the battlefield. Counters on the land remain on it even if they don't do anything."}, {"date": "2016-07-13", "text": "If the enchanted permanent is a land and has land types, it retains those types even though it loses any intrinsic mana abilities associated with them. For example, a Plains enchanted by Imprisoned in the Moon is still a Plains, but it can't tap for {W}, only for {C}."}, {"date": "2016-07-13", "text": "If you remove Imprisoned in the Moon from a planeswalker after tapping it for mana, you can still activate a loyalty ability of that planeswalker even though it's tapped."}, {"date": "2016-07-13", "text": "The permanent will keep any supertypes it previously had. Notably, if Imprisoned in the Moon is enchanting a legendary permanent, that permanent will continue to be legendary."}], "securityStamp": "oval", "setCode": "SLD", "sourceProducts": {"foil": ["04ff6142-9de6-503e-8377-1065ed07e05b"], "nonfoil": ["8e1e0b8d-6ed1-5d6e-add1-9ef4c357cf1e"]}, "subsets": ["The Space Beyond the Stars"], "subtypes": ["Aura"], "supertypes": [], "text": "Enchant creature, land, or planeswalker\nEnchanted permanent is a colorless land with \"{T}: Add {C}\" and loses all other card types and abilities.", "type": "Enchantment — Aura", "types": ["Enchantment"], "uuid": "35f1ab83-8e50-5e41-9f3c-97bc68bc6a34"}, {"artist": "Jérémie Solomon", "artistIds": ["53c2b1ff-9b69-4fa0-99d6-2362b676f249"], "availability": ["paper"], "borderColor": "borderless", "colorIdentity": ["U"], "colors": ["U"], "convertedManaCost": 2.0, "count": 1, "edhrecRank": 6260, "edhrecSaltiness": 2.99, "finishes": ["nonfoil", "foil"], "flavorText": "The universe let out a sigh of relief.", "foreignData": [], "frameEffects": ["inverted"], "frameVersion": "2015", "hasFoil": true, "hasNonFoil": true, "identifiers": {"cardsphereFoilId": "98574", "cardsphereId": "98536", "mtgjsonV4Id": "32a7d8b5-6a98-5146-80ee-c03d77c078f7", "scryfallCardBackId": "0aeebaf5-8c7d-4636-9e82-8c27447861f7", "scryfallId": "8201c6c9-c7c2-405c-b61d-77e7f3a9a1ca", "scryfallIllustrationId": "110e0b75-08bc-4998-9b0b-071d45290afc", "scryfallOracleId": "a8cf1379-0195-4e11-b994-481ef1284245", "tcgplayerProductId": "450604"}, "isFoil": false, "isFullArt": true, "isReprint": true, "language": "English", "layout": "normal", "legalities": {"commander": "Legal", "duel": "Legal", "legacy": "Legal", "oathbreaker": "Legal", "predh": "Legal", "premodern": "Legal", "vintage": "Legal"}, "manaCost": "{1}{U}", "manaValue": 2.0, "name": "Stasis", "number": "1103", "originalReleaseDate": "2022-11-28", "printings": ["2ED", "30A", "3ED", "4BB", "4ED", "5ED", "CED", "CEI", "FBB", "LEA", "LEB", "ME4", "PRM", "SLD", "SUM"], "purchaseUrls": {"tcgplayer": "https://mtgjson.com/links/7a54c5d6bd89019a"}, "rarity": "rare", "rulings": [{"date": "2004-10-04", "text": "Does not prevent cards from being untapped outside the untap step."}, {"date": "2004-10-04", "text": "Since there is no untap step, Phasing in/out won't happen."}], "securityStamp": "oval", "setCode": "SLD", "sourceProducts": {"foil": ["04ff6142-9de6-503e-8377-1065ed07e05b"], "nonfoil": ["8e1e0b8d-6ed1-5d6e-add1-9ef4c357cf1e"]}, "subsets": ["The Space Beyond the Stars"], "subtypes": [], "supertypes": [], "text": "Players skip their untap steps.\nAt the beginning of your upkeep, sacrifice Stasis unless you pay {U}.", "type": "Enchantment", "types": ["Enchantment"], "uuid": "b3c42841-d655-5397-8ac8-751f01b58c0d"}, {"artist": "Jérémie Solomon", "artistIds": ["53c2b1ff-9b69-4fa0-99d6-2362b676f249"], "availability": ["paper"], "borderColor": "borderless", "colorIdentity": ["G"], "colors": ["G"], "convertedManaCost": 2.0, "count": 1, "edhrecRank": 3650, "edhrecSaltiness": 0.07, "finishes": ["nonfoil", "foil"], "flavorText": "For a brief eternity, the truth refracted across a thousand futures.", "foreignData": [], "frameEffects": ["inverted"], "frameVersion": "2015", "hasFoil": true, "hasNonFoil": true, "identifiers": {"cardsphereFoilId": "98569", "cardsphereId": "98531", "mtgjsonV4Id": "0018cf37-d08f-5ea8-a50e-d6d7a536ef69", "scryfallCardBackId": "0aeebaf5-8c7d-4636-9e82-8c27447861f7", "scryfallId": "a6989d1d-00ca-4d5d-acdc-0b7c6a522e30", "scryfallIllustrationId": "b718ebc0-442b-4706-ad20-d7a120e771c3", "scryfallOracleId": "d90882ae-6572-4214-8d9c-0bdfb75f9be2", "tcgplayerProductId": "450605"}, "isFoil": false, "isFullArt": true, "isReprint": true, "language": "English", "layout": "normal", "legalities": {"brawl": "Legal", "commander": "Legal", "duel": "Legal", "gladiator": "Legal", "historic": "Legal", "legacy": "Legal", "modern": "Legal", "oathbreaker": "Legal", "penny": "Legal", "predh": "Legal", "timeless": "Legal", "vintage": "Legal"}, "manaCost": "{1}{G}", "manaValue": 2.0, "name": "Prismatic Omen", "number": "1104", "originalReleaseDate": "2022-11-28", "printings": ["SHM", "SLD", "WOT"], "purchaseUrls": {"tcgplayer": "https://mtgjson.com/links/6a9563758bd132a3"}, "rarity": "rare", "rulings": [{"date": "2008-05-01", "text": "Each land you control will have the land types Plains, Island, Swamp, Mountain, and Forest. They’ll also have the mana ability of each basic land type (for example, Forests can tap to produce {G}). They’ll still have their other subtypes and abilities."}, {"date": "2008-05-01", "text": "Giving a land extra basic land types doesn’t change its name or whether it’s legendary or basic."}], "securityStamp": "oval", "setCode": "SLD", "sourceProducts": {"foil": ["04ff6142-9de6-503e-8377-1065ed07e05b"], "nonfoil": ["8e1e0b8d-6ed1-5d6e-add1-9ef4c357cf1e"]}, "subsets": ["The Space Beyond the Stars"], "subtypes": [], "supertypes": [], "text": "Lands you control are every basic land type in addition to their other types.", "type": "Enchantment", "types": ["Enchantment"], "uuid": "6468c008-2043-5ce1-8d25-0ef0d4decef4"}, {"artist": "Jérémie Solomon", "artistIds": ["53c2b1ff-9b69-4fa0-99d6-2362b676f249"], "availability": ["paper"], "borderColor": "borderless", "colorIdentity": ["G", "W"], "colors": ["G", "W"], "convertedManaCost": 2.0, "count": 1, "edhrecRank": 12329, "edhrecSaltiness": 0.42, "finishes": ["nonfoil", "foil"], "flavorText": "There's always another tomorrow.", "foreignData": [], "frameEffects": ["inverted"], "frameVersion": "2015", "hasFoil": true, "hasNonFoil": true, "identifiers": {"cardsphereFoilId": "98578", "cardsphereId": "98540", "mtgjsonV4Id": "9b07962b-3214-50d1-89cf-2f2fbd457ae7", "scryfallCardBackId": "0aeebaf5-8c7d-4636-9e82-8c27447861f7", "scryfallId": "25d6d636-51f1-4f98-94af-5307c3399dae", "scryfallIllustrationId": "9fbc7550-322c-4c50-9535-0f89cc4fd367", "scryfallOracleId": "6b6e4ee2-52e6-452b-af15-c90eab5fc746", "tcgplayerProductId": "450606"}, "isFoil": false, "isFullArt": true, "isReprint": true, "keywords": ["Enchant"], "language": "English", "layout": "normal", "legalities": {"commander": "Legal", "duel": "Legal", "legacy": "Legal", "modern": "Legal", "oathbreaker": "Legal", "penny": "Legal", "predh": "Legal", "vintage": "Legal"}, "manaCost": "{G/W}{G/W}", "manaValue": 2.0, "name": "Wheel of Sun and Moon", "number": "1105", "originalReleaseDate": "2022-11-28", "printings": ["PLST", "SHM", "SLD"], "purchaseUrls": {"tcgplayer": "https://mtgjson.com/links/8a73c1980d9eb2ec"}, "rarity": "rare", "rulings": [{"date": "2008-05-01", "text": "If multiple cards would be put into the enchanted player’s graveyard at the same time (due to Millstone, for example), they are instead all revealed and put on the bottom of the enchanted player’s library at the same time. That player chooses what order to put them in. The order is not revealed to the other players."}, {"date": "2008-05-01", "text": "Wheel of Sun and Moon won’t affect tokens that are put into the graveyard from the battlefield or copies of spells that resolve or are countered. They’re not cards, so they’ll go to the graveyard as normal, then cease to exist."}, {"date": "2008-05-01", "text": "Wheel of Sun and Moon’s replacement effect will apply to cards that would be put into the enchanted player’s graveyard from any game zone. This includes from the battlefield (if a nontoken permanent is destroyed or would otherwise be put into the graveyard), from the stack (if a spell is countered, or if an instant or sorcery spell resolves), from the player’s hand or library, and so on."}], "securityStamp": "oval", "setCode": "SLD", "sourceProducts": {"foil": ["04ff6142-9de6-503e-8377-1065ed07e05b"], "nonfoil": ["8e1e0b8d-6ed1-5d6e-add1-9ef4c357cf1e"]}, "subsets": ["The Space Beyond the Stars"], "subtypes": ["Aura"], "supertypes": [], "text": "Enchant player\nIf a card would be put into enchanted player's graveyard from anywhere, instead that card is revealed and put on the bottom of that player's library.", "type": "Enchantment — Aura", "types": ["Enchantment"], "uuid": "db4207f1-6180-5311-8451-73a42fbe3f9b"}], "name": "The Space Beyond the Stars", "releaseDate": "2022-11-28", "sealedProductUuids": null, "sideBoard": [], "type": "Secret Lair Drop"}}