{"meta": {"date": "2024-09-03", "version": "5.2.2+20240903"}, "data": {"code": "WC01", "commander": [], "mainBoard": [{"artist": "Chippy", "artistIds": ["a36f01a0-e51a-48b2-a556-b9b3bc73f969"], "availability": ["paper"], "borderColor": "gold", "colorIdentity": ["B"], "colors": ["B"], "convertedManaCost": 3.0, "count": 4, "edhrecRank": 6936, "finishes": ["nonfoil", "signed"], "foreignData": [], "frameVersion": "1997", "hasFoil": false, "hasNonFoil": true, "identifiers": {"mcmId": "249469", "mtgjsonV4Id": "6fe5f401-9767-5e08-b98e-a57d90987d9e", "scryfallCardBackId": "420c2336-e212-4109-8525-b0fc69201351", "scryfallId": "2e95799c-cedb-41d3-8879-97769cb8fe9b", "scryfallIllustrationId": "a59333fb-9b1a-44a5-83a8-89eac1669cb0", "scryfallOracleId": "5feedfb0-30e6-400d-9e28-d541ea1aa14e", "tcgplayerProductId": "164327"}, "isFoil": false, "isReprint": true, "isStarter": true, "language": "English", "layout": "normal", "legalities": {}, "manaCost": "{2}{B}", "manaValue": 3.0, "name": "Plague Spitter", "number": "tvdl119", "power": "2", "printings": ["CLB", "INV", "J22", "PLST", "WC01"], "purchaseUrls": {"tcgplayer": "https://mtgjson.com/links/ea490a88fff7a7b7"}, "rarity": "uncommon", "setCode": "WC01", "signature": "Tom van de Logt", "sourceProducts": {"nonfoil": ["66467f79-b617-5159-a396-bcbf727011c0"]}, "subtypes": ["Phyrexian", "Horror"], "supertypes": [], "text": "At the beginning of your upkeep, Plague Spitter deals 1 damage to each creature and each player.\nWhen Plague Spitter dies, it deals 1 damage to each creature and each player.", "toughness": "2", "type": "Creature — Phyrexian Horror", "types": ["Creature"], "uuid": "bf2ddaed-e869-5b3e-8ab0-677043d98d1f"}, {"artist": "Scott M. Fischer", "artistIds": ["23b0cf43-3e43-44c6-8329-96446eca5bce"], "availability": ["paper"], "borderColor": "gold", "colorIdentity": ["B"], "colors": ["B"], "convertedManaCost": 4.0, "count": 3, "edhrecRank": 23414, "finishes": ["nonfoil", "signed"], "foreignData": [], "frameVersion": "1997", "hasFoil": false, "hasNonFoil": true, "identifiers": {"mcmId": "249470", "mtgjsonV4Id": "79d02201-bd00-57d8-ac38-48e86739916d", "scryfallCardBackId": "420c2336-e212-4109-8525-b0fc69201351", "scryfallId": "52b46846-a320-4b82-a440-f96c84426938", "scryfallIllustrationId": "14a7959e-1cdc-4658-87b3-b360ea350b4f", "scryfallOracleId": "af2845cf-8770-4efa-8a83-bf9eb4122b78", "tcgplayerProductId": "164326"}, "isFoil": false, "isReprint": true, "isStarter": true, "keywords": ["Kicker"], "language": "English", "layout": "normal", "legalities": {}, "manaCost": "{3}{B}", "manaValue": 4.0, "name": "Phyrexian Scuta", "number": "tvdl51", "power": "3", "printings": ["DMR", "PLS", "WC01"], "purchaseUrls": {"tcgplayer": "https://mtgjson.com/links/9ef2b16a60dc082f"}, "rarity": "rare", "setCode": "WC01", "signature": "Tom van de Logt", "sourceProducts": {"nonfoil": ["66467f79-b617-5159-a396-bcbf727011c0"]}, "subtypes": ["Phyrexian", "Zombie"], "supertypes": [], "text": "Kicker—Pay 3 life. (You may pay 3 life in addition to any other costs as you cast this spell.)\nIf Phyrexian Scuta was kicked, it enters with two +1/+1 counters on it.", "toughness": "3", "type": "Creature — Phyrexian Zombie", "types": ["Creature"], "uuid": "7313c9b8-0d23-5a3f-a121-acc3bfcfced8"}, {"artist": "Ron Spencer", "artistIds": ["dab52c11-0564-4207-a4a1-c1735c946a65"], "availability": ["paper"], "borderColor": "gold", "colorIdentity": ["R"], "colors": ["R"], "convertedManaCost": 4.0, "count": 3, "edhrecRank": 17310, "finishes": ["nonfoil", "signed"], "foreignData": [], "frameVersion": "1997", "hasFoil": false, "hasNonFoil": true, "identifiers": {"mcmId": "249471", "mtgjsonV4Id": "fc93150e-6029-5f98-bc49-e71499dd4e5b", "scryfallCardBackId": "420c2336-e212-4109-8525-b0fc69201351", "scryfallId": "afbccd46-3c9f-4f70-8afd-d8b459ca01b6", "scryfallIllustrationId": "b5f0ebda-f92b-408f-8f5f-9ed1a0f500fa", "scryfallOracleId": "0c77d37e-791c-415e-b369-55e93147ec34", "tcgplayerProductId": "189748"}, "isFoil": false, "isReprint": true, "isStarter": true, "keywords": ["Haste", "Kicker", "Trample"], "language": "English", "layout": "normal", "legalities": {}, "manaCost": "{3}{R}", "manaValue": 4.0, "name": "Skizzik", "number": "tvdl169", "power": "5", "printings": ["DOM", "INV", "WC01"], "purchaseUrls": {"tcgplayer": "https://mtgjson.com/links/44ff04af29c8ab1e"}, "rarity": "rare", "rulings": [{"date": "2018-04-27", "text": "Skizzik’s ability checks at each end step whether it was kicked while it was being cast. You don’t have to pay its kicker cost each turn (and can’t do so, even if you really want to kick it again)."}], "setCode": "WC01", "signature": "Tom van de Logt", "sourceProducts": {"nonfoil": ["66467f79-b617-5159-a396-bcbf727011c0"]}, "subtypes": ["Elemental"], "supertypes": [], "text": "Kicker {R} (You may pay an additional {R} as you cast this spell.)\nTrample, haste\nAt the beginning of the end step, if Skizzik wasn't kicked, sacrifice it.", "toughness": "3", "type": "Creature — Elemental", "types": ["Creature"], "uuid": "4ef42247-2fcc-52c4-a2a4-68dd2a33ee0f"}, {"artist": "Pete Venters", "artistIds": ["d54c4a1a-c0c5-4834-84db-125d341f3ad8"], "availability": ["paper"], "borderColor": "gold", "colorIdentity": ["R"], "colors": ["R"], "convertedManaCost": 4.0, "count": 2, "edhrecRank": 10534, "edhrecSaltiness": 0.71, "finishes": ["nonfoil", "signed"], "flavorText": "\"For dim-witted, thick-skulled genetic mutants, they have pretty good aim.\"\n—Sisay", "foreignData": [], "frameVersion": "1997", "hasFoil": false, "hasNonFoil": true, "identifiers": {"mcmId": "249472", "mtgjsonV4Id": "957b63e7-c8e2-5a3d-ab38-c6f6addd7d53", "scryfallCardBackId": "420c2336-e212-4109-8525-b0fc69201351", "scryfallId": "5762354f-5623-4d2b-83b0-299ce1419aea", "scryfallIllustrationId": "0f2212ad-6d9c-47d3-a458-484e85fb062e", "scryfallOracleId": "b215196a-3716-451f-bdbd-d16c05ace5b4", "tcgplayerProductId": "164320"}, "isAlternative": true, "isFoil": false, "isReprint": true, "isStarter": true, "language": "English", "layout": "normal", "legalities": {}, "manaCost": "{3}{R}", "manaValue": 4.0, "name": "Flametongue Kavu", "number": "tvdl60", "power": "4", "printings": ["C14", "CM2", "CMD", "DD2", "DMR", "E01", "F05", "GN3", "HOP", "JMP", "JVC", "PLS", "PLST", "PRM", "PZ1", "TD0", "VMA", "WC01", "WC02"], "purchaseUrls": {"tcgplayer": "https://mtgjson.com/links/5a7bce98d9008062"}, "rarity": "uncommon", "rulings": [{"date": "2022-12-08", "text": "Flametongue Kavu’s ability can target itself. If it’s the only creature on the battlefield as its ability triggers, its ability must target itself."}], "setCode": "WC01", "signature": "Tom van de Logt", "sourceProducts": {"nonfoil": ["66467f79-b617-5159-a396-bcbf727011c0"]}, "subtypes": ["Kavu"], "supertypes": [], "text": "When Flametongue Kavu enters, it deals 4 damage to target creature.", "toughness": "2", "type": "Creature — Kavu", "types": ["Creature"], "uuid": "3883e527-33cc-5ca4-8bcd-4b57608826a7", "variations": ["1fe9645d-9f43-5250-915a-8858f21c124b", "b61c02d9-1fca-5b68-b292-a6fd99d312d1"]}, {"artist": "Todd Lockwood", "artistIds": ["d0b9f3cc-13fb-42b6-bc43-b034728e5c7b"], "availability": ["paper"], "borderColor": "gold", "colorIdentity": ["B"], "colors": ["B"], "convertedManaCost": 5.0, "count": 2, "edhrecRank": 23050, "finishes": ["nonfoil", "signed"], "flavorText": "Once an angel, now an abomination.", "foreignData": [], "frameVersion": "1997", "hasFoil": false, "hasNonFoil": true, "identifiers": {"mcmId": "249474", "mtgjsonV4Id": "be25e973-ca98-5b4a-91ab-0e385bf234fb", "scryfallCardBackId": "420c2336-e212-4109-8525-b0fc69201351", "scryfallId": "31aca3b5-228f-4020-9f4a-60ffe8023fbb", "scryfallIllustrationId": "856d02d9-faa7-49ab-aad8-0c77ed995442", "scryfallOracleId": "665f3e52-c536-481b-8b29-fe68f08d1fdf", "tcgplayerProductId": "164316"}, "isFoil": false, "isReprint": true, "isStarter": true, "keywords": ["Flying", "Protection"], "language": "English", "layout": "normal", "legalities": {}, "manaCost": "{4}{B}", "manaValue": 5.0, "name": "Crypt Angel", "number": "tvdl97", "power": "3", "printings": ["INV", "WC01"], "purchaseUrls": {"tcgplayer": "https://mtgjson.com/links/db7e48322c942bad"}, "rarity": "rare", "setCode": "WC01", "signature": "Tom van de Logt", "sourceProducts": {"nonfoil": ["66467f79-b617-5159-a396-bcbf727011c0"]}, "subtypes": ["Angel"], "supertypes": [], "text": "Flying, protection from white\nWhen Crypt Angel enters, return target blue or red creature card from your graveyard to your hand.", "toughness": "3", "type": "Creature — Angel", "types": ["Creature"], "uuid": "c150707c-8a8d-5ce7-a86f-5573a33f4ee7", "variations": ["46c9468c-09cb-5614-b2ef-0ea7dc3ac949"]}, {"artist": "Marc Fishman", "artistIds": ["d50dd2c3-34ae-4eb1-8948-cb4b38d7e4b9"], "availability": ["paper"], "borderColor": "gold", "colorIdentity": ["B", "R"], "colors": ["B", "R"], "convertedManaCost": 4.0, "count": 4, "edhrecRank": 16629, "edhrecSaltiness": 0.36, "finishes": ["nonfoil", "signed"], "foreignData": [], "frameVersion": "1997", "hasFoil": false, "hasNonFoil": true, "identifiers": {"mcmId": "249476", "mtgjsonV4Id": "07df63d0-117e-5a25-beaa-67408597d6d9", "scryfallCardBackId": "420c2336-e212-4109-8525-b0fc69201351", "scryfallId": "ab17d1ce-cc32-408d-8cd9-fe5a83b76b8c", "scryfallIllustrationId": "bf8550a7-048a-4b51-9369-76ec47240b8d", "scryfallOracleId": "4c046368-5899-42ef-9972-3a3a6c8fe3fd", "tcgplayerProductId": "164312"}, "isFoil": false, "isReprint": true, "isStarter": true, "keywords": ["Flying", "Haste"], "language": "English", "layout": "normal", "legalities": {}, "manaCost": "{2}{B}{R}", "manaValue": 4.0, "name": "Blazing Specter", "number": "tvdl236", "power": "2", "printings": ["DDH", "INV", "VMA", "WC01"], "purchaseUrls": {"tcgplayer": "https://mtgjson.com/links/49ec262290cb58f3"}, "rarity": "rare", "setCode": "WC01", "signature": "Tom van de Logt", "sourceProducts": {"nonfoil": ["66467f79-b617-5159-a396-bcbf727011c0"]}, "subtypes": ["Specter"], "supertypes": [], "text": "Flying, haste\nWhenever Blazing Specter deals combat damage to a player, that player discards a card.", "toughness": "2", "type": "Creature — Specter", "types": ["Creature"], "uuid": "24c98999-132d-58ac-8c4b-c08850712f66"}, {"artist": "Pete Venters", "artistIds": ["d54c4a1a-c0c5-4834-84db-125d341f3ad8"], "availability": ["paper"], "borderColor": "gold", "colorIdentity": ["B"], "colors": ["B"], "convertedManaCost": 1.0, "count": 4, "edhrecRank": 3068, "edhrecSaltiness": 0.53, "finishes": ["nonfoil", "signed"], "flavorText": "\"Change your mind, or I'll change it for you.\"", "foreignData": [], "frameVersion": "1997", "hasFoil": false, "hasNonFoil": true, "identifiers": {"mcmId": "249477", "mtgjsonV4Id": "62a646b0-13bc-5799-9798-cdf1825b4337", "scryfallCardBackId": "420c2336-e212-4109-8525-b0fc69201351", "scryfallId": "db0b7cc4-fcc1-4c14-82c2-e2b3709baa2e", "scryfallIllustrationId": "34748dd1-62a3-4064-82e4-8b37ed215ca8", "scryfallOracleId": "33d405ea-7a9a-4970-b70f-9c05d90dd6f0", "tcgplayerProductId": "164318"}, "isAlternative": true, "isFoil": false, "isReprint": true, "isStarter": true, "language": "English", "layout": "normal", "legalities": {}, "manaCost": "{B}", "manaValue": 1.0, "name": "Duress", "number": "tvdl131", "printings": ["7ED", "DBL", "DDC", "DMR", "DTK", "DVD", "EMA", "F05", "IMA", "J21", "M10", "M11", "M13", "M14", "M19", "M20", "M21", "MD1", "MID", "ONE", "PAL00", "PANA", "PD3", "PIDW", "PLST", "PMEI", "PRM", "SLD", "STA", "USG", "WC01", "WC02", "WC99", "XLN"], "purchaseUrls": {"tcgplayer": "https://mtgjson.com/links/0cfa6e7f4c222b51"}, "rarity": "common", "setCode": "WC01", "signature": "Tom van de Logt", "sourceProducts": {"nonfoil": ["66467f79-b617-5159-a396-bcbf727011c0"]}, "subtypes": [], "supertypes": [], "text": "Target opponent reveals their hand. You choose a noncreature, nonland card from it. That player discards that card.", "type": "Sorcery", "types": ["Sorcery"], "uuid": "0977bebe-2c94-56b9-ab12-1ffbb460cc10", "variations": ["81c63bac-d5f8-50a2-90be-7cfb244acbfd", "6b273223-0966-52be-9cfa-3017e8c06322"]}, {"artist": "Rebecca Guay", "artistIds": ["f8f662fa-d597-46a3-afb2-91d6e13243e2"], "availability": ["paper"], "borderColor": "gold", "colorIdentity": ["B"], "colors": ["B"], "convertedManaCost": 1.0, "count": 4, "edhrecRank": 48, "edhrecSaltiness": 0.55, "finishes": ["nonfoil", "signed"], "flavorText": "\"Eye of twilight, give us sight.\nTake our offer, give us might.\nMake our power tears of night.\"", "foreignData": [], "frameVersion": "1997", "hasFoil": false, "hasNonFoil": true, "identifiers": {"mcmId": "249478", "mtgjsonV4Id": "3a32be7d-2a85-50ea-8966-373f59b96b7f", "scryfallCardBackId": "420c2336-e212-4109-8525-b0fc69201351", "scryfallId": "fc10a108-dd8f-4dd5-9189-27a009bad1e3", "scryfallIllustrationId": "168e11a5-d0e8-4f3e-beba-370fa4703308", "scryfallOracleId": "53f7c868-b03e-4fc2-8dcf-a75bbfa3272b", "tcgplayerProductId": "164317"}, "isFoil": false, "isReprint": true, "isStarter": true, "language": "English", "layout": "normal", "legalities": {}, "manaCost": "{B}", "manaValue": 1.0, "name": "Dark Ritual", "number": "tvdl129", "printings": ["2ED", "30A", "3ED", "40K", "4BB", "4ED", "5ED", "A25", "BRB", "BTD", "CED", "CEI", "CST", "DDC", "DDE", "DKM", "DVD", "FBB", "G09", "HOP", "ICE", "ITP", "J21", "LEA", "LEB", "MB2", "ME4", "MIR", "MMQ", "MP2", "PLST", "PMEI", "PRM", "PTC", "RQS", "SLD", "SLP", "STA", "SUM", "TMP", "TPR", "USG", "V13", "VMA", "WC01", "WC99"], "purchaseUrls": {"tcgplayer": "https://mtgjson.com/links/79f2ad3498f44d73"}, "rarity": "common", "setCode": "WC01", "signature": "Tom van de Logt", "sourceProducts": {"nonfoil": ["66467f79-b617-5159-a396-bcbf727011c0"]}, "subtypes": [], "supertypes": [], "text": "Add {B}{B}{B}.", "type": "Instant", "types": ["Instant"], "uuid": "5cb833c1-8819-50eb-978b-e2e2f28c932e"}, {"artist": "DiTerlizzi", "artistIds": ["ed44dce4-30cf-4c2c-b2e1-a19ba2295690"], "availability": ["paper"], "borderColor": "gold", "colorIdentity": ["B", "R"], "colors": ["B", "R"], "convertedManaCost": 2.0, "count": 4, "edhrecRank": 205, "edhrecSaltiness": 0.19, "finishes": ["nonfoil", "signed"], "flavorText": "Like his mother before him, Darigaaz gave his life defending Dominaria from the tyranny of self-styled \"gods.\"", "foreignData": [], "frameVersion": "1997", "hasFoil": false, "hasNonFoil": true, "identifiers": {"mcmId": "249479", "mtgjsonV4Id": "34022c02-6a02-5456-bee6-91163ac62a96", "scryfallCardBackId": "420c2336-e212-4109-8525-b0fc69201351", "scryfallId": "483324e1-a5da-45b3-8f25-478f0ae3f08c", "scryfallIllustrationId": "9aa617c0-0471-41e4-a397-200047006af9", "scryfallOracleId": "6257c2fd-005f-41e3-8a72-af76df1eb134", "tcgplayerProductId": "164401"}, "isFoil": false, "isReprint": true, "isStarter": true, "language": "English", "layout": "normal", "legalities": {}, "manaCost": "{B}{R}", "manaValue": 2.0, "name": "Terminate", "number": "tvdl128", "printings": ["2X2", "ACR", "AFC", "ARB", "ARC", "C16", "C17", "C20", "CMA", "CMD", "DDK", "DMC", "F06", "M3C", "MM3", "NCC", "P09", "PLS", "PLST", "PRM", "PS11", "SCD", "SLD", "TD0", "WC01"], "purchaseUrls": {"tcgplayer": "https://mtgjson.com/links/cbefeda5c9dcf8d3"}, "rarity": "common", "setCode": "WC01", "signature": "Tom van de Logt", "sourceProducts": {"nonfoil": ["66467f79-b617-5159-a396-bcbf727011c0"]}, "subtypes": [], "supertypes": [], "text": "Destroy target creature. It can't be regenerated.", "type": "Instant", "types": ["Instant"], "uuid": "30b95dfa-9d63-59be-a10d-f1742f5e35c7"}, {"artist": "Dan Frazier", "artistIds": ["059bba56-5feb-42e4-8c2e-e2f1e6ba11f9"], "availability": ["paper"], "borderColor": "gold", "colorIdentity": ["B"], "colors": ["B"], "convertedManaCost": 1.0, "count": 3, "edhrecRank": 8696, "edhrecSaltiness": 0.67, "finishes": ["nonfoil", "signed"], "flavorText": "Starke knew the voice was Takara's, but the venom was Volrath's.", "foreignData": [], "frameVersion": "1997", "hasFoil": false, "hasNonFoil": true, "identifiers": {"mcmId": "249480", "mtgjsonV4Id": "0a4e719b-6ac5-5b68-bd73-f6ee1234fbd1", "scryfallCardBackId": "420c2336-e212-4109-8525-b0fc69201351", "scryfallId": "2593e33c-9f54-4929-b256-41ce954e9612", "scryfallIllustrationId": "b9f34394-70d8-46ae-8987-a6ad1c369b5b", "scryfallOracleId": "50a16634-ebf7-477f-ad6f-23332599f838", "tcgplayerProductId": "164404"}, "isFoil": false, "isReprint": true, "isStarter": true, "language": "English", "layout": "normal", "legalities": {}, "manaCost": "{B}", "manaValue": 1.0, "name": "Vendetta", "number": "tvdl170", "printings": ["MMQ", "PLST", "ROE", "WC01"], "purchaseUrls": {"tcgplayer": "https://mtgjson.com/links/6dcd47a46820ae4b"}, "rarity": "common", "rulings": [{"date": "2010-06-15", "text": "If the targeted creature is an illegal target by the time Vendetta resolves, the spell doesn't resolve. You won't lose life."}, {"date": "2010-06-15", "text": "If the targeted creature isn't destroyed due to umbra armor's effect, Vendetta continues to resolve. You lose life equal to the creature's current toughness (after the Aura with umbra armor has been destroyed)."}, {"date": "2010-06-15", "text": "The destroyed creature's last existence on the battlefield is checked to determine its toughness."}], "setCode": "WC01", "signature": "Tom van de Logt", "sourceProducts": {"nonfoil": ["66467f79-b617-5159-a396-bcbf727011c0"]}, "subtypes": [], "supertypes": [], "text": "Destroy target nonblack creature. It can't be regenerated. You lose life equal to that creature's toughness.", "type": "Instant", "types": ["Instant"], "uuid": "e604fcd7-1f6b-5ab3-9fe3-78ea054228fe"}, {"artist": "Matthew D. Wilson", "artistIds": ["4fbafd13-0cf9-42a1-870d-7f8ea276f140"], "availability": ["paper"], "borderColor": "gold", "colorIdentity": ["R"], "colors": ["R"], "convertedManaCost": 3.0, "count": 3, "edhrecRank": 13277, "finishes": ["nonfoil", "signed"], "foreignData": [], "frameVersion": "1997", "hasFoil": false, "hasNonFoil": true, "identifiers": {"mcmId": "249481", "mtgjsonV4Id": "cad03120-f2f7-5bca-acc4-c606007abef1", "scryfallCardBackId": "420c2336-e212-4109-8525-b0fc69201351", "scryfallId": "b37d944e-89e7-4b68-b808-2e6d4a45e72e", "scryfallIllustrationId": "114cb9c1-f611-4d20-8004-a691cbd4824a", "scryfallOracleId": "363f8c66-fe0c-44b9-987d-1d160e3f9c54", "tcgplayerProductId": "164403"}, "isAlternative": true, "isFoil": false, "isReprint": true, "isStarter": true, "keywords": ["Kicker"], "language": "English", "layout": "normal", "legalities": {}, "manaCost": "{2}{R}", "manaValue": 3.0, "name": "Urza's Rage", "number": "tvdl178", "printings": ["C15", "DDE", "INV", "MH1", "PLST", "STA", "WC01"], "purchaseUrls": {"tcgplayer": "https://mtgjson.com/links/887560acfcad6233"}, "rarity": "rare", "rulings": [{"date": "2019-06-14", "text": "A spell or ability that counters spells can still target Urza's Rage. When that spell or ability resolves, Urza's Rage won't be countered, but any additional effects of that spell or ability will still happen."}, {"date": "2019-06-14", "text": "If the target for Urza's Rage becomes an illegal target, the spell won't resolve and will be put into its owner's graveyard with no effect. This is true even if its damage can't be prevented and even though it can't be countered."}], "setCode": "WC01", "signature": "Tom van de Logt", "sourceProducts": {"nonfoil": ["66467f79-b617-5159-a396-bcbf727011c0"]}, "subtypes": [], "supertypes": [], "text": "Kicker {8}{R} (You may pay an additional {8}{R} as you cast this spell.)\nThis spell can't be countered.\nUrza's Rage deals 3 damage to any target. If this spell was kicked, instead it deals 10 damage to that permanent or player and the damage can't be prevented.", "type": "Instant", "types": ["Instant"], "uuid": "7d7cf9f9-024d-53d7-a68a-da26ee7958ce", "variations": ["46871421-906f-5216-9695-f260dd965317", "2a5d683b-9127-5681-84f8-f5ef500c6eb8"]}, {"artist": "Ron Spencer", "artistIds": ["dab52c11-0564-4207-a4a1-c1735c946a65"], "availability": ["paper"], "borderColor": "gold", "colorIdentity": ["B"], "colors": [], "convertedManaCost": 0.0, "count": 1, "edhrecSaltiness": 0.29, "finishes": ["nonfoil", "signed"], "foreignData": [], "frameVersion": "1997", "hasFoil": false, "hasNonFoil": true, "identifiers": {"mcmId": "250135", "mtgjsonV4Id": "fc0062a2-cc8a-5b5f-b550-3a6d52470c16", "scryfallCardBackId": "420c2336-e212-4109-8525-b0fc69201351", "scryfallId": "ff6e4fd4-ca86-420b-b731-22d417a55b29", "scryfallIllustrationId": "180b47cc-0477-4291-bfb8-0e8448e48968", "scryfallOracleId": "56719f6a-1a6c-4c0a-8d21-18f7d7350b68", "tcgplayerProductId": "164332"}, "isFoil": false, "isReprint": true, "isStarter": true, "language": "English", "layout": "normal", "legalities": {}, "manaValue": 0.0, "name": "Swamp", "number": "tvdl339", "printings": ["10E", "2ED", "2XM", "30A", "3ED", "40K", "4BB", "4ED", "5ED", "6ED", "7ED", "8ED", "9ED", "ACR", "AFR", "AKH", "AKR", "ALA", "ANA", "ANB", "ARC", "ATH", "AVR", "BBD", "BFZ", "BLB", "BRB", "BRC", "BRO", "BTD", "C13", "C14", "C15", "C16", "C17", "C18", "C19", "CED", "CEI", "CHK", "CLB", "CLU", "CM2", "CMA", "CMD", "CMM", "CST", "DDC", "DDD", "DDE", "DDH", "DDJ", "DDK", "DDM", "DDN", "DDP", "DDQ", "DDR", "DKM", "DMR", "DMU", "DOM", "DPA", "DSK", "DTK", "DVD", "E01", "ELD", "FBB", "FDN", "FRF", "G17", "GK1", "GK2", "GN2", "GN3", "GNT", "GRN", "GVL", "H09", "HBG", "HOP", "HOU", "ICE", "IKO", "INV", "ISD", "ITP", "J14", "J22", "JMP", "KHM", "KLD", "KLR", "KTK", "LCI", "LEA", "LEB", "LRW", "LTR", "M10", "M11", "M12", "M13", "M14", "M15", "M19", "M20", "M21", "MBS", "MD1", "ME1", "ME3", "MH2", "MH3", "MID", "MIR", "MKM", "MMQ", "MOM", "MRD", "NEO", "NPH", "ODY", "OLEP", "ONE", "ONS", "ORI", "OTJ", "P02", "P23", "PAL00", "PAL01", "PAL03", "PAL04", "PAL05", "PAL06", "PAL99", "PALP", "PANA", "PARL", "PC2", "PCA", "PD3", "PELP", "PF19", "PF20", "PGPX", "PGRU", "PHUK", "PIP", "PLST", "PMPS", "PMPS06", "PMPS07", "PMPS08", "PMPS09", "PMPS10", "PMPS11", "POR", "PPP1", "PRM", "PRW2", "PRWK", "PS11", "PSAL", "PSS2", "PSS3", "PSS4", "PTC", "PTK", "RAV", "REX", "RIX", "RNA", "ROE", "RQS", "RTR", "S99", "SCD", "SHM", "SIR", "SLD", "SNC", "SOI", "SOM", "STX", "SUM", "TD0", "TD2", "THB", "THS", "TMP", "TPR", "TSP", "UGL", "UND", "UNF", "UNH", "USG", "UST", "VOW", "WAR", "WC01", "WC02", "WC03", "WC97", "WC98", "WC99", "WHO", "WOE", "XANA", "XLN", "ZEN", "ZNR"], "purchaseUrls": {"tcgplayer": "https://mtgjson.com/links/ab6c7f073a639418"}, "rarity": "common", "setCode": "WC01", "signature": "Tom van de Logt", "sourceProducts": {"nonfoil": ["66467f79-b617-5159-a396-bcbf727011c0"]}, "subtypes": ["Swamp"], "supertypes": ["Basic"], "text": "({T}: Add {B}.)", "type": "Basic Land — Swamp", "types": ["Land"], "uuid": "e8fc19a7-4f24-5abc-9c52-ec4ca23902af", "variations": ["1c3fc7b0-c46a-5489-ad65-ed60911edc1e", "5d864a40-025b-5623-a9d2-9434b8b33723", "ec750605-af59-5a6f-a4eb-105fff89d9d9", "adb9e58c-943a-5075-8c22-a4e4cc219184", "5d1276d6-1ec4-5eb6-93bc-5a474fd4b8bb"]}, {"artist": "Jeff Easley", "artistIds": ["da17055e-693c-461a-b132-67dd88b42ca6"], "availability": ["paper"], "borderColor": "gold", "colorIdentity": ["B"], "colors": [], "convertedManaCost": 0.0, "count": 1, "edhrecSaltiness": 0.29, "finishes": ["nonfoil", "signed"], "foreignData": [], "frameVersion": "1997", "hasFoil": false, "hasNonFoil": true, "identifiers": {"mtgjsonV4Id": "c8387d8f-53d5-5fc3-b01c-732e43fbd981", "scryfallCardBackId": "420c2336-e212-4109-8525-b0fc69201351", "scryfallId": "4dab8252-5f15-4b83-a167-039ad64c95e4", "scryfallIllustrationId": "260690b6-8ab7-4f70-a262-6b62741df800", "scryfallOracleId": "56719f6a-1a6c-4c0a-8d21-18f7d7350b68", "tcgplayerProductId": "164335"}, "isFoil": false, "isReprint": true, "isStarter": true, "language": "English", "layout": "normal", "legalities": {}, "manaValue": 0.0, "name": "Swamp", "number": "tvdl339a", "printings": ["10E", "2ED", "2XM", "30A", "3ED", "40K", "4BB", "4ED", "5ED", "6ED", "7ED", "8ED", "9ED", "ACR", "AFR", "AKH", "AKR", "ALA", "ANA", "ANB", "ARC", "ATH", "AVR", "BBD", "BFZ", "BLB", "BRB", "BRC", "BRO", "BTD", "C13", "C14", "C15", "C16", "C17", "C18", "C19", "CED", "CEI", "CHK", "CLB", "CLU", "CM2", "CMA", "CMD", "CMM", "CST", "DDC", "DDD", "DDE", "DDH", "DDJ", "DDK", "DDM", "DDN", "DDP", "DDQ", "DDR", "DKM", "DMR", "DMU", "DOM", "DPA", "DSK", "DTK", "DVD", "E01", "ELD", "FBB", "FDN", "FRF", "G17", "GK1", "GK2", "GN2", "GN3", "GNT", "GRN", "GVL", "H09", "HBG", "HOP", "HOU", "ICE", "IKO", "INV", "ISD", "ITP", "J14", "J22", "JMP", "KHM", "KLD", "KLR", "KTK", "LCI", "LEA", "LEB", "LRW", "LTR", "M10", "M11", "M12", "M13", "M14", "M15", "M19", "M20", "M21", "MBS", "MD1", "ME1", "ME3", "MH2", "MH3", "MID", "MIR", "MKM", "MMQ", "MOM", "MRD", "NEO", "NPH", "ODY", "OLEP", "ONE", "ONS", "ORI", "OTJ", "P02", "P23", "PAL00", "PAL01", "PAL03", "PAL04", "PAL05", "PAL06", "PAL99", "PALP", "PANA", "PARL", "PC2", "PCA", "PD3", "PELP", "PF19", "PF20", "PGPX", "PGRU", "PHUK", "PIP", "PLST", "PMPS", "PMPS06", "PMPS07", "PMPS08", "PMPS09", "PMPS10", "PMPS11", "POR", "PPP1", "PRM", "PRW2", "PRWK", "PS11", "PSAL", "PSS2", "PSS3", "PSS4", "PTC", "PTK", "RAV", "REX", "RIX", "RNA", "ROE", "RQS", "RTR", "S99", "SCD", "SHM", "SIR", "SLD", "SNC", "SOI", "SOM", "STX", "SUM", "TD0", "TD2", "THB", "THS", "TMP", "TPR", "TSP", "UGL", "UND", "UNF", "UNH", "USG", "UST", "VOW", "WAR", "WC01", "WC02", "WC03", "WC97", "WC98", "WC99", "WHO", "WOE", "XANA", "XLN", "ZEN", "ZNR"], "purchaseUrls": {"tcgplayer": "https://mtgjson.com/links/3052241013ed9812"}, "rarity": "common", "setCode": "WC01", "signature": "Tom van de Logt", "sourceProducts": {"nonfoil": ["66467f79-b617-5159-a396-bcbf727011c0"]}, "subtypes": ["Swamp"], "supertypes": ["Basic"], "text": "({T}: Add {B}.)", "type": "Basic Land — Swamp", "types": ["Land"], "uuid": "1c3fc7b0-c46a-5489-ad65-ed60911edc1e", "variations": ["e8fc19a7-4f24-5abc-9c52-ec4ca23902af", "5d864a40-025b-5623-a9d2-9434b8b33723", "ec750605-af59-5a6f-a4eb-105fff89d9d9", "adb9e58c-943a-5075-8c22-a4e4cc219184", "5d1276d6-1ec4-5eb6-93bc-5a474fd4b8bb"]}, {"artist": "Rob Alexander", "artistIds": ["35906871-6c78-4ab2-9ed1-e6792c8efb74"], "availability": ["paper"], "borderColor": "gold", "colorIdentity": ["B"], "colors": [], "convertedManaCost": 0.0, "count": 1, "edhrecSaltiness": 0.29, "finishes": ["nonfoil", "signed"], "foreignData": [], "frameVersion": "1997", "hasFoil": false, "hasNonFoil": true, "identifiers": {"mtgjsonV4Id": "0001fc69-3a61-51e3-aa17-19abb29803f2", "scryfallCardBackId": "420c2336-e212-4109-8525-b0fc69201351", "scryfallId": "2cf4d911-6aad-4007-9735-40d125496aec", "scryfallIllustrationId": "78ce19d5-7f20-452d-98fa-9a3f2eeb887f", "scryfallOracleId": "56719f6a-1a6c-4c0a-8d21-18f7d7350b68", "tcgplayerProductId": "164336"}, "isFoil": false, "isReprint": true, "isStarter": true, "language": "English", "layout": "normal", "legalities": {}, "manaValue": 0.0, "name": "Swamp", "number": "tvdl341", "printings": ["10E", "2ED", "2XM", "30A", "3ED", "40K", "4BB", "4ED", "5ED", "6ED", "7ED", "8ED", "9ED", "ACR", "AFR", "AKH", "AKR", "ALA", "ANA", "ANB", "ARC", "ATH", "AVR", "BBD", "BFZ", "BLB", "BRB", "BRC", "BRO", "BTD", "C13", "C14", "C15", "C16", "C17", "C18", "C19", "CED", "CEI", "CHK", "CLB", "CLU", "CM2", "CMA", "CMD", "CMM", "CST", "DDC", "DDD", "DDE", "DDH", "DDJ", "DDK", "DDM", "DDN", "DDP", "DDQ", "DDR", "DKM", "DMR", "DMU", "DOM", "DPA", "DSK", "DTK", "DVD", "E01", "ELD", "FBB", "FDN", "FRF", "G17", "GK1", "GK2", "GN2", "GN3", "GNT", "GRN", "GVL", "H09", "HBG", "HOP", "HOU", "ICE", "IKO", "INV", "ISD", "ITP", "J14", "J22", "JMP", "KHM", "KLD", "KLR", "KTK", "LCI", "LEA", "LEB", "LRW", "LTR", "M10", "M11", "M12", "M13", "M14", "M15", "M19", "M20", "M21", "MBS", "MD1", "ME1", "ME3", "MH2", "MH3", "MID", "MIR", "MKM", "MMQ", "MOM", "MRD", "NEO", "NPH", "ODY", "OLEP", "ONE", "ONS", "ORI", "OTJ", "P02", "P23", "PAL00", "PAL01", "PAL03", "PAL04", "PAL05", "PAL06", "PAL99", "PALP", "PANA", "PARL", "PC2", "PCA", "PD3", "PELP", "PF19", "PF20", "PGPX", "PGRU", "PHUK", "PIP", "PLST", "PMPS", "PMPS06", "PMPS07", "PMPS08", "PMPS09", "PMPS10", "PMPS11", "POR", "PPP1", "PRM", "PRW2", "PRWK", "PS11", "PSAL", "PSS2", "PSS3", "PSS4", "PTC", "PTK", "RAV", "REX", "RIX", "RNA", "ROE", "RQS", "RTR", "S99", "SCD", "SHM", "SIR", "SLD", "SNC", "SOI", "SOM", "STX", "SUM", "TD0", "TD2", "THB", "THS", "TMP", "TPR", "TSP", "UGL", "UND", "UNF", "UNH", "USG", "UST", "VOW", "WAR", "WC01", "WC02", "WC03", "WC97", "WC98", "WC99", "WHO", "WOE", "XANA", "XLN", "ZEN", "ZNR"], "purchaseUrls": {"tcgplayer": "https://mtgjson.com/links/e1482b047f0e83b9"}, "rarity": "common", "setCode": "WC01", "signature": "Tom van de Logt", "sourceProducts": {"nonfoil": ["66467f79-b617-5159-a396-bcbf727011c0"]}, "subtypes": ["Swamp"], "supertypes": ["Basic"], "text": "({T}: Add {B}.)", "type": "Basic Land — Swamp", "types": ["Land"], "uuid": "5d864a40-025b-5623-a9d2-9434b8b33723", "variations": ["e8fc19a7-4f24-5abc-9c52-ec4ca23902af", "1c3fc7b0-c46a-5489-ad65-ed60911edc1e", "ec750605-af59-5a6f-a4eb-105fff89d9d9", "adb9e58c-943a-5075-8c22-a4e4cc219184", "5d1276d6-1ec4-5eb6-93bc-5a474fd4b8bb"]}, {"artist": "Ron Spencer", "artistIds": ["dab52c11-0564-4207-a4a1-c1735c946a65"], "availability": ["paper"], "borderColor": "gold", "colorIdentity": ["B"], "colors": [], "convertedManaCost": 0.0, "count": 1, "edhrecSaltiness": 0.29, "finishes": ["nonfoil", "signed"], "foreignData": [], "frameVersion": "1997", "hasFoil": false, "hasNonFoil": true, "identifiers": {"mtgjsonV4Id": "b2764976-ecd9-56d3-9715-5a12c8836b75", "scryfallCardBackId": "420c2336-e212-4109-8525-b0fc69201351", "scryfallId": "d134fdda-a3b7-4379-960a-8d1dd499f335", "scryfallIllustrationId": "737adc52-899a-4a97-91a5-efa5cf63559b", "scryfallOracleId": "56719f6a-1a6c-4c0a-8d21-18f7d7350b68", "tcgplayerProductId": "164333"}, "isFoil": false, "isReprint": true, "isStarter": true, "language": "English", "layout": "normal", "legalities": {}, "manaValue": 0.0, "name": "Swamp", "number": "tvdl342", "printings": ["10E", "2ED", "2XM", "30A", "3ED", "40K", "4BB", "4ED", "5ED", "6ED", "7ED", "8ED", "9ED", "ACR", "AFR", "AKH", "AKR", "ALA", "ANA", "ANB", "ARC", "ATH", "AVR", "BBD", "BFZ", "BLB", "BRB", "BRC", "BRO", "BTD", "C13", "C14", "C15", "C16", "C17", "C18", "C19", "CED", "CEI", "CHK", "CLB", "CLU", "CM2", "CMA", "CMD", "CMM", "CST", "DDC", "DDD", "DDE", "DDH", "DDJ", "DDK", "DDM", "DDN", "DDP", "DDQ", "DDR", "DKM", "DMR", "DMU", "DOM", "DPA", "DSK", "DTK", "DVD", "E01", "ELD", "FBB", "FDN", "FRF", "G17", "GK1", "GK2", "GN2", "GN3", "GNT", "GRN", "GVL", "H09", "HBG", "HOP", "HOU", "ICE", "IKO", "INV", "ISD", "ITP", "J14", "J22", "JMP", "KHM", "KLD", "KLR", "KTK", "LCI", "LEA", "LEB", "LRW", "LTR", "M10", "M11", "M12", "M13", "M14", "M15", "M19", "M20", "M21", "MBS", "MD1", "ME1", "ME3", "MH2", "MH3", "MID", "MIR", "MKM", "MMQ", "MOM", "MRD", "NEO", "NPH", "ODY", "OLEP", "ONE", "ONS", "ORI", "OTJ", "P02", "P23", "PAL00", "PAL01", "PAL03", "PAL04", "PAL05", "PAL06", "PAL99", "PALP", "PANA", "PARL", "PC2", "PCA", "PD3", "PELP", "PF19", "PF20", "PGPX", "PGRU", "PHUK", "PIP", "PLST", "PMPS", "PMPS06", "PMPS07", "PMPS08", "PMPS09", "PMPS10", "PMPS11", "POR", "PPP1", "PRM", "PRW2", "PRWK", "PS11", "PSAL", "PSS2", "PSS3", "PSS4", "PTC", "PTK", "RAV", "REX", "RIX", "RNA", "ROE", "RQS", "RTR", "S99", "SCD", "SHM", "SIR", "SLD", "SNC", "SOI", "SOM", "STX", "SUM", "TD0", "TD2", "THB", "THS", "TMP", "TPR", "TSP", "UGL", "UND", "UNF", "UNH", "USG", "UST", "VOW", "WAR", "WC01", "WC02", "WC03", "WC97", "WC98", "WC99", "WHO", "WOE", "XANA", "XLN", "ZEN", "ZNR"], "purchaseUrls": {"tcgplayer": "https://mtgjson.com/links/1ca155e27eab8d0a"}, "rarity": "common", "setCode": "WC01", "signature": "Tom van de Logt", "sourceProducts": {"nonfoil": ["66467f79-b617-5159-a396-bcbf727011c0"]}, "subtypes": ["Swamp"], "supertypes": ["Basic"], "text": "({T}: Add {B}.)", "type": "Basic Land — Swamp", "types": ["Land"], "uuid": "ec750605-af59-5a6f-a4eb-105fff89d9d9", "variations": ["e8fc19a7-4f24-5abc-9c52-ec4ca23902af", "1c3fc7b0-c46a-5489-ad65-ed60911edc1e", "5d864a40-025b-5623-a9d2-9434b8b33723", "adb9e58c-943a-5075-8c22-a4e4cc219184", "5d1276d6-1ec4-5eb6-93bc-5a474fd4b8bb"]}, {"artist": "Rob Alexander", "artistIds": ["35906871-6c78-4ab2-9ed1-e6792c8efb74"], "availability": ["paper"], "borderColor": "gold", "colorIdentity": ["B"], "colors": [], "convertedManaCost": 0.0, "count": 1, "edhrecSaltiness": 0.29, "finishes": ["nonfoil", "signed"], "foreignData": [], "frameVersion": "1997", "hasFoil": false, "hasNonFoil": true, "identifiers": {"mtgjsonV4Id": "67191cef-fb5b-593c-b5c9-50ca3a52215a", "scryfallCardBackId": "420c2336-e212-4109-8525-b0fc69201351", "scryfallId": "72dbb928-fa14-4c91-b9d9-ed3787309fc9", "scryfallIllustrationId": "7424f694-d6b7-42e9-bc4f-77fc37985134", "scryfallOracleId": "56719f6a-1a6c-4c0a-8d21-18f7d7350b68", "tcgplayerProductId": "164337"}, "isFoil": false, "isReprint": true, "isStarter": true, "language": "English", "layout": "normal", "legalities": {}, "manaValue": 0.0, "name": "Swamp", "number": "tvdl347", "printings": ["10E", "2ED", "2XM", "30A", "3ED", "40K", "4BB", "4ED", "5ED", "6ED", "7ED", "8ED", "9ED", "ACR", "AFR", "AKH", "AKR", "ALA", "ANA", "ANB", "ARC", "ATH", "AVR", "BBD", "BFZ", "BLB", "BRB", "BRC", "BRO", "BTD", "C13", "C14", "C15", "C16", "C17", "C18", "C19", "CED", "CEI", "CHK", "CLB", "CLU", "CM2", "CMA", "CMD", "CMM", "CST", "DDC", "DDD", "DDE", "DDH", "DDJ", "DDK", "DDM", "DDN", "DDP", "DDQ", "DDR", "DKM", "DMR", "DMU", "DOM", "DPA", "DSK", "DTK", "DVD", "E01", "ELD", "FBB", "FDN", "FRF", "G17", "GK1", "GK2", "GN2", "GN3", "GNT", "GRN", "GVL", "H09", "HBG", "HOP", "HOU", "ICE", "IKO", "INV", "ISD", "ITP", "J14", "J22", "JMP", "KHM", "KLD", "KLR", "KTK", "LCI", "LEA", "LEB", "LRW", "LTR", "M10", "M11", "M12", "M13", "M14", "M15", "M19", "M20", "M21", "MBS", "MD1", "ME1", "ME3", "MH2", "MH3", "MID", "MIR", "MKM", "MMQ", "MOM", "MRD", "NEO", "NPH", "ODY", "OLEP", "ONE", "ONS", "ORI", "OTJ", "P02", "P23", "PAL00", "PAL01", "PAL03", "PAL04", "PAL05", "PAL06", "PAL99", "PALP", "PANA", "PARL", "PC2", "PCA", "PD3", "PELP", "PF19", "PF20", "PGPX", "PGRU", "PHUK", "PIP", "PLST", "PMPS", "PMPS06", "PMPS07", "PMPS08", "PMPS09", "PMPS10", "PMPS11", "POR", "PPP1", "PRM", "PRW2", "PRWK", "PS11", "PSAL", "PSS2", "PSS3", "PSS4", "PTC", "PTK", "RAV", "REX", "RIX", "RNA", "ROE", "RQS", "RTR", "S99", "SCD", "SHM", "SIR", "SLD", "SNC", "SOI", "SOM", "STX", "SUM", "TD0", "TD2", "THB", "THS", "TMP", "TPR", "TSP", "UGL", "UND", "UNF", "UNH", "USG", "UST", "VOW", "WAR", "WC01", "WC02", "WC03", "WC97", "WC98", "WC99", "WHO", "WOE", "XANA", "XLN", "ZEN", "ZNR"], "purchaseUrls": {"tcgplayer": "https://mtgjson.com/links/094e50ee37e67c3b"}, "rarity": "common", "setCode": "WC01", "signature": "Tom van de Logt", "sourceProducts": {"nonfoil": ["66467f79-b617-5159-a396-bcbf727011c0"]}, "subtypes": ["Swamp"], "supertypes": ["Basic"], "text": "({T}: Add {B}.)", "type": "Basic Land — Swamp", "types": ["Land"], "uuid": "adb9e58c-943a-5075-8c22-a4e4cc219184", "variations": ["e8fc19a7-4f24-5abc-9c52-ec4ca23902af", "1c3fc7b0-c46a-5489-ad65-ed60911edc1e", "5d864a40-025b-5623-a9d2-9434b8b33723", "ec750605-af59-5a6f-a4eb-105fff89d9d9", "5d1276d6-1ec4-5eb6-93bc-5a474fd4b8bb"]}, {"artist": "Larry Elmore", "artistIds": ["ad9811c8-6d5c-4728-9c94-a1854337b100"], "availability": ["paper"], "borderColor": "gold", "colorIdentity": ["B"], "colors": [], "convertedManaCost": 0.0, "count": 1, "edhrecSaltiness": 0.29, "finishes": ["nonfoil", "signed"], "foreignData": [], "frameVersion": "1997", "hasFoil": false, "hasNonFoil": true, "identifiers": {"mtgjsonV4Id": "a45853a4-4860-5809-a7c4-ea7ec82d8005", "scryfallCardBackId": "420c2336-e212-4109-8525-b0fc69201351", "scryfallId": "47c4fa0e-cfd8-416a-8d88-9bd0791e7f5d", "scryfallIllustrationId": "34813ab6-763a-4543-8283-e5daab546e48", "scryfallOracleId": "56719f6a-1a6c-4c0a-8d21-18f7d7350b68", "tcgplayerProductId": "164334"}, "isFoil": false, "isReprint": true, "isStarter": true, "language": "English", "layout": "normal", "legalities": {}, "manaValue": 0.0, "name": "Swamp", "number": "tvdl348", "printings": ["10E", "2ED", "2XM", "30A", "3ED", "40K", "4BB", "4ED", "5ED", "6ED", "7ED", "8ED", "9ED", "ACR", "AFR", "AKH", "AKR", "ALA", "ANA", "ANB", "ARC", "ATH", "AVR", "BBD", "BFZ", "BLB", "BRB", "BRC", "BRO", "BTD", "C13", "C14", "C15", "C16", "C17", "C18", "C19", "CED", "CEI", "CHK", "CLB", "CLU", "CM2", "CMA", "CMD", "CMM", "CST", "DDC", "DDD", "DDE", "DDH", "DDJ", "DDK", "DDM", "DDN", "DDP", "DDQ", "DDR", "DKM", "DMR", "DMU", "DOM", "DPA", "DSK", "DTK", "DVD", "E01", "ELD", "FBB", "FDN", "FRF", "G17", "GK1", "GK2", "GN2", "GN3", "GNT", "GRN", "GVL", "H09", "HBG", "HOP", "HOU", "ICE", "IKO", "INV", "ISD", "ITP", "J14", "J22", "JMP", "KHM", "KLD", "KLR", "KTK", "LCI", "LEA", "LEB", "LRW", "LTR", "M10", "M11", "M12", "M13", "M14", "M15", "M19", "M20", "M21", "MBS", "MD1", "ME1", "ME3", "MH2", "MH3", "MID", "MIR", "MKM", "MMQ", "MOM", "MRD", "NEO", "NPH", "ODY", "OLEP", "ONE", "ONS", "ORI", "OTJ", "P02", "P23", "PAL00", "PAL01", "PAL03", "PAL04", "PAL05", "PAL06", "PAL99", "PALP", "PANA", "PARL", "PC2", "PCA", "PD3", "PELP", "PF19", "PF20", "PGPX", "PGRU", "PHUK", "PIP", "PLST", "PMPS", "PMPS06", "PMPS07", "PMPS08", "PMPS09", "PMPS10", "PMPS11", "POR", "PPP1", "PRM", "PRW2", "PRWK", "PS11", "PSAL", "PSS2", "PSS3", "PSS4", "PTC", "PTK", "RAV", "REX", "RIX", "RNA", "ROE", "RQS", "RTR", "S99", "SCD", "SHM", "SIR", "SLD", "SNC", "SOI", "SOM", "STX", "SUM", "TD0", "TD2", "THB", "THS", "TMP", "TPR", "TSP", "UGL", "UND", "UNF", "UNH", "USG", "UST", "VOW", "WAR", "WC01", "WC02", "WC03", "WC97", "WC98", "WC99", "WHO", "WOE", "XANA", "XLN", "ZEN", "ZNR"], "purchaseUrls": {"tcgplayer": "https://mtgjson.com/links/e4942544b5aa40e9"}, "rarity": "common", "setCode": "WC01", "signature": "Tom van de Logt", "sourceProducts": {"nonfoil": ["66467f79-b617-5159-a396-bcbf727011c0"]}, "subtypes": ["Swamp"], "supertypes": ["Basic"], "text": "({T}: Add {B}.)", "type": "Basic Land — Swamp", "types": ["Land"], "uuid": "5d1276d6-1ec4-5eb6-93bc-5a474fd4b8bb", "variations": ["e8fc19a7-4f24-5abc-9c52-ec4ca23902af", "1c3fc7b0-c46a-5489-ad65-ed60911edc1e", "5d864a40-025b-5623-a9d2-9434b8b33723", "ec750605-af59-5a6f-a4eb-105fff89d9d9", "adb9e58c-943a-5075-8c22-a4e4cc219184"]}, {"artist": "D. J. Cleland-Hura", "artistIds": ["87d21070-2432-4167-8aab-5968af1c14f3"], "availability": ["paper"], "borderColor": "gold", "colorIdentity": ["R"], "colors": [], "convertedManaCost": 0.0, "count": 2, "edhrecSaltiness": 0.35, "finishes": ["nonfoil", "signed"], "foreignData": [], "frameVersion": "1997", "hasFoil": false, "hasNonFoil": true, "identifiers": {"mcmId": "249487", "mtgjsonV4Id": "625b8635-bfd2-5171-a02c-8712654e7bc9", "scryfallCardBackId": "420c2336-e212-4109-8525-b0fc69201351", "scryfallId": "81c49cb2-ceb4-41e0-b3a6-d7820a01c92c", "scryfallIllustrationId": "f4416054-2999-4655-8b85-1633eb2ca550", "scryfallOracleId": "a3fb7228-e76b-4e96-a40e-20b5fed75685", "tcgplayerProductId": "164323"}, "isFoil": false, "isReprint": true, "isStarter": true, "language": "English", "layout": "normal", "legalities": {}, "manaValue": 0.0, "name": "Mountain", "number": "tvdl337", "printings": ["10E", "2ED", "2XM", "30A", "3ED", "40K", "4BB", "4ED", "5ED", "6ED", "7ED", "8ED", "9ED", "ACR", "AFR", "AKH", "AKR", "ALA", "ANA", "ANB", "ARC", "ARN", "ATH", "AVR", "BBD", "BFZ", "BLB", "BRB", "BRC", "BRO", "BTD", "C13", "C14", "C15", "C16", "C17", "C18", "C19", "CED", "CEI", "CHK", "CLB", "CLU", "CM2", "CMA", "CMD", "CMM", "CMR", "CST", "DD1", "DD2", "DDE", "DDG", "DDH", "DDI", "DDJ", "DDK", "DDL", "DDN", "DDP", "DDS", "DDT", "DDU", "DKM", "DMR", "DMU", "DOM", "DPA", "DSK", "DTK", "E01", "ELD", "EVG", "FBB", "FRF", "G17", "GK1", "GK2", "GN2", "GN3", "GNT", "GRN", "GS1", "H09", "HBG", "HOP", "HOU", "ICE", "IKO", "INV", "ISD", "ITP", "J14", "J22", "JMP", "JVC", "KHM", "KLD", "KLR", "KTK", "LCI", "LEA", "LEB", "LRW", "LTR", "M10", "M11", "M12", "M13", "M14", "M15", "M19", "M20", "M21", "MBS", "ME1", "ME3", "MH2", "MH3", "MID", "MIR", "MKM", "MMQ", "MOM", "MRD", "NEO", "NPH", "ODY", "OLEP", "ONE", "ONS", "ORI", "OTJ", "P02", "P23", "PAL00", "PAL01", "PAL03", "PAL04", "PAL05", "PAL06", "PAL99", "PALP", "PANA", "PARL", "PC2", "PCA", "PD2", "PELP", "PF19", "PF20", "PGPX", "PGRU", "PIP", "PL24", "PLST", "PMPS", "PMPS06", "PMPS07", "PMPS08", "PMPS09", "PMPS10", "PMPS11", "POR", "PPP1", "PRM", "PRW2", "PRWK", "PS11", "PSAL", "PSS2", "PSS3", "PSS4", "PTC", "PTK", "PZ2", "RAV", "REX", "RIX", "RNA", "ROE", "RQS", "RTR", "S99", "SCD", "SHM", "SIR", "SLD", "SNC", "SOI", "SOM", "STX", "SUM", "TD0", "THB", "THS", "TMP", "TPR", "TSP", "UGL", "UND", "UNF", "UNH", "USG", "UST", "VOW", "WAR", "WC00", "WC01", "WC02", "WC03", "WC97", "WC98", "WC99", "WHO", "WOE", "XANA", "XLN", "ZEN", "ZNR"], "purchaseUrls": {"tcgplayer": "https://mtgjson.com/links/e0d59e213f543370"}, "rarity": "common", "setCode": "WC01", "signature": "Tom van de Logt", "sourceProducts": {"nonfoil": ["66467f79-b617-5159-a396-bcbf727011c0"]}, "subtypes": ["Mountain"], "supertypes": ["Basic"], "text": "({T}: Add {R}.)", "type": "Basic Land — Mountain", "types": ["Land"], "uuid": "8a913b69-514f-5b49-9b10-50630fbef759", "variations": ["b5f5c3b6-617e-5a8e-807b-5937d17dd651", "0281f8cb-468a-51b3-8500-f9a9f8a44b82", "b3e17780-bcb2-568f-ae4c-7682d638b2a7", "f38c1663-9739-581f-a604-5c6f822960dd", "24977c65-ef06-536b-a7cb-7b09c419795e"]}, {"artist": "Matt Cavotta", "artistIds": ["2e6a0611-9411-4ba4-98e3-c0e18cbf9f83"], "availability": ["paper"], "borderColor": "gold", "colorIdentity": ["R"], "colors": [], "convertedManaCost": 0.0, "count": 2, "edhrecSaltiness": 0.35, "finishes": ["nonfoil", "signed"], "foreignData": [], "frameVersion": "1997", "hasFoil": false, "hasNonFoil": true, "identifiers": {"mtgjsonV4Id": "1144ed18-bbdb-5d17-8bb0-0997cd3664d5", "scryfallCardBackId": "420c2336-e212-4109-8525-b0fc69201351", "scryfallId": "ce70fbc1-eb96-449b-bc3c-53dc5eb7f3d3", "scryfallIllustrationId": "c23176a6-33e1-47af-82f2-568c675d28ba", "scryfallOracleId": "a3fb7228-e76b-4e96-a40e-20b5fed75685", "tcgplayerProductId": "164321"}, "isFoil": false, "isReprint": true, "isStarter": true, "language": "English", "layout": "normal", "legalities": {}, "manaValue": 0.0, "name": "Mountain", "number": "tvdl343", "printings": ["10E", "2ED", "2XM", "30A", "3ED", "40K", "4BB", "4ED", "5ED", "6ED", "7ED", "8ED", "9ED", "ACR", "AFR", "AKH", "AKR", "ALA", "ANA", "ANB", "ARC", "ARN", "ATH", "AVR", "BBD", "BFZ", "BLB", "BRB", "BRC", "BRO", "BTD", "C13", "C14", "C15", "C16", "C17", "C18", "C19", "CED", "CEI", "CHK", "CLB", "CLU", "CM2", "CMA", "CMD", "CMM", "CMR", "CST", "DD1", "DD2", "DDE", "DDG", "DDH", "DDI", "DDJ", "DDK", "DDL", "DDN", "DDP", "DDS", "DDT", "DDU", "DKM", "DMR", "DMU", "DOM", "DPA", "DSK", "DTK", "E01", "ELD", "EVG", "FBB", "FRF", "G17", "GK1", "GK2", "GN2", "GN3", "GNT", "GRN", "GS1", "H09", "HBG", "HOP", "HOU", "ICE", "IKO", "INV", "ISD", "ITP", "J14", "J22", "JMP", "JVC", "KHM", "KLD", "KLR", "KTK", "LCI", "LEA", "LEB", "LRW", "LTR", "M10", "M11", "M12", "M13", "M14", "M15", "M19", "M20", "M21", "MBS", "ME1", "ME3", "MH2", "MH3", "MID", "MIR", "MKM", "MMQ", "MOM", "MRD", "NEO", "NPH", "ODY", "OLEP", "ONE", "ONS", "ORI", "OTJ", "P02", "P23", "PAL00", "PAL01", "PAL03", "PAL04", "PAL05", "PAL06", "PAL99", "PALP", "PANA", "PARL", "PC2", "PCA", "PD2", "PELP", "PF19", "PF20", "PGPX", "PGRU", "PIP", "PL24", "PLST", "PMPS", "PMPS06", "PMPS07", "PMPS08", "PMPS09", "PMPS10", "PMPS11", "POR", "PPP1", "PRM", "PRW2", "PRWK", "PS11", "PSAL", "PSS2", "PSS3", "PSS4", "PTC", "PTK", "PZ2", "RAV", "REX", "RIX", "RNA", "ROE", "RQS", "RTR", "S99", "SCD", "SHM", "SIR", "SLD", "SNC", "SOI", "SOM", "STX", "SUM", "TD0", "THB", "THS", "TMP", "TPR", "TSP", "UGL", "UND", "UNF", "UNH", "USG", "UST", "VOW", "WAR", "WC00", "WC01", "WC02", "WC03", "WC97", "WC98", "WC99", "WHO", "WOE", "XANA", "XLN", "ZEN", "ZNR"], "purchaseUrls": {"tcgplayer": "https://mtgjson.com/links/5e1a62cfd1853328"}, "rarity": "common", "setCode": "WC01", "signature": "Tom van de Logt", "sourceProducts": {"nonfoil": ["66467f79-b617-5159-a396-bcbf727011c0"]}, "subtypes": ["Mountain"], "supertypes": ["Basic"], "text": "({T}: Add {R}.)", "type": "Basic Land — Mountain", "types": ["Land"], "uuid": "f38c1663-9739-581f-a604-5c6f822960dd", "variations": ["b5f5c3b6-617e-5a8e-807b-5937d17dd651", "8a913b69-514f-5b49-9b10-50630fbef759", "0281f8cb-468a-51b3-8500-f9a9f8a44b82", "b3e17780-bcb2-568f-ae4c-7682d638b2a7", "24977c65-ef06-536b-a7cb-7b09c419795e"]}, {"artist": "Terry Springer", "artistIds": ["c4f5c052-0049-47f6-8524-cbf26a85851f"], "availability": ["paper"], "borderColor": "gold", "colorIdentity": ["R"], "colors": [], "convertedManaCost": 0.0, "count": 2, "edhrecSaltiness": 0.35, "finishes": ["nonfoil", "signed"], "foreignData": [], "frameVersion": "1997", "hasFoil": false, "hasNonFoil": true, "identifiers": {"mtgjsonV4Id": "80ab91ac-9f75-567f-9f2b-73fabff567b8", "scryfallCardBackId": "420c2336-e212-4109-8525-b0fc69201351", "scryfallId": "80a372c6-cc5e-44f4-afab-2fd56aa79920", "scryfallIllustrationId": "18ae0b7d-93bd-4beb-b9d5-a78194f690d8", "scryfallOracleId": "a3fb7228-e76b-4e96-a40e-20b5fed75685", "tcgplayerProductId": "164322"}, "isFoil": false, "isReprint": true, "isStarter": true, "language": "English", "layout": "normal", "legalities": {}, "manaValue": 0.0, "name": "Mountain", "number": "tvdl343b", "printings": ["10E", "2ED", "2XM", "30A", "3ED", "40K", "4BB", "4ED", "5ED", "6ED", "7ED", "8ED", "9ED", "ACR", "AFR", "AKH", "AKR", "ALA", "ANA", "ANB", "ARC", "ARN", "ATH", "AVR", "BBD", "BFZ", "BLB", "BRB", "BRC", "BRO", "BTD", "C13", "C14", "C15", "C16", "C17", "C18", "C19", "CED", "CEI", "CHK", "CLB", "CLU", "CM2", "CMA", "CMD", "CMM", "CMR", "CST", "DD1", "DD2", "DDE", "DDG", "DDH", "DDI", "DDJ", "DDK", "DDL", "DDN", "DDP", "DDS", "DDT", "DDU", "DKM", "DMR", "DMU", "DOM", "DPA", "DSK", "DTK", "E01", "ELD", "EVG", "FBB", "FRF", "G17", "GK1", "GK2", "GN2", "GN3", "GNT", "GRN", "GS1", "H09", "HBG", "HOP", "HOU", "ICE", "IKO", "INV", "ISD", "ITP", "J14", "J22", "JMP", "JVC", "KHM", "KLD", "KLR", "KTK", "LCI", "LEA", "LEB", "LRW", "LTR", "M10", "M11", "M12", "M13", "M14", "M15", "M19", "M20", "M21", "MBS", "ME1", "ME3", "MH2", "MH3", "MID", "MIR", "MKM", "MMQ", "MOM", "MRD", "NEO", "NPH", "ODY", "OLEP", "ONE", "ONS", "ORI", "OTJ", "P02", "P23", "PAL00", "PAL01", "PAL03", "PAL04", "PAL05", "PAL06", "PAL99", "PALP", "PANA", "PARL", "PC2", "PCA", "PD2", "PELP", "PF19", "PF20", "PGPX", "PGRU", "PIP", "PL24", "PLST", "PMPS", "PMPS06", "PMPS07", "PMPS08", "PMPS09", "PMPS10", "PMPS11", "POR", "PPP1", "PRM", "PRW2", "PRWK", "PS11", "PSAL", "PSS2", "PSS3", "PSS4", "PTC", "PTK", "PZ2", "RAV", "REX", "RIX", "RNA", "ROE", "RQS", "RTR", "S99", "SCD", "SHM", "SIR", "SLD", "SNC", "SOI", "SOM", "STX", "SUM", "TD0", "THB", "THS", "TMP", "TPR", "TSP", "UGL", "UND", "UNF", "UNH", "USG", "UST", "VOW", "WAR", "WC00", "WC01", "WC02", "WC03", "WC97", "WC98", "WC99", "WHO", "WOE", "XANA", "XLN", "ZEN", "ZNR"], "purchaseUrls": {"tcgplayer": "https://mtgjson.com/links/7630573c5fa6219b"}, "rarity": "common", "setCode": "WC01", "signature": "Tom van de Logt", "sourceProducts": {"nonfoil": ["66467f79-b617-5159-a396-bcbf727011c0"]}, "subtypes": ["Mountain"], "supertypes": ["Basic"], "text": "({T}: Add {R}.)", "type": "Basic Land — Mountain", "types": ["Land"], "uuid": "24977c65-ef06-536b-a7cb-7b09c419795e", "variations": ["b5f5c3b6-617e-5a8e-807b-5937d17dd651", "8a913b69-514f-5b49-9b10-50630fbef759", "0281f8cb-468a-51b3-8500-f9a9f8a44b82", "b3e17780-bcb2-568f-ae4c-7682d638b2a7", "f38c1663-9739-581f-a604-5c6f822960dd"]}, {"artist": "Jerry Tiritilli", "artistIds": ["54366fc1-c5b1-4faa-a7a5-de2abc119de1"], "availability": ["paper"], "borderColor": "gold", "colorIdentity": [], "colors": [], "convertedManaCost": 0.0, "count": 4, "edhrecRank": 12250, "edhrecSaltiness": 0.35, "finishes": ["nonfoil", "signed"], "flavorText": "Rishada is the gateway to free trade—but the key will cost you.", "foreignData": [], "frameVersion": "1997", "hasFoil": false, "hasNonFoil": true, "identifiers": {"cardsphereId": "47300", "mcmId": "249490", "mtgjsonV4Id": "d6813d58-cc92-5c62-b031-48ce93398aec", "scryfallCardBackId": "420c2336-e212-4109-8525-b0fc69201351", "scryfallId": "5ad6a1db-ddba-4fbd-81e7-c59e78fc6d68", "scryfallIllustrationId": "b5852d09-e1bc-4f42-8d29-0d49a010dfdc", "scryfallOracleId": "f3e8dc56-2810-474e-a6a7-9c3555f94ae9", "tcgplayerProductId": "164329"}, "isAlternative": true, "isFoil": false, "isReprint": true, "isStarter": true, "language": "English", "layout": "normal", "legalities": {}, "manaValue": 0.0, "name": "Rishadan Port", "number": "tvdl324", "printings": ["A25", "J15", "MB2", "MMQ", "OLGC", "PRM", "WC00", "WC01"], "purchaseUrls": {"tcgplayer": "https://mtgjson.com/links/662eb7f013eb4225"}, "rarity": "rare", "rulings": [{"date": "2018-03-16", "text": "Once you announce that you're casting a spell or activating an ability, no player may take other actions until the spell or ability has been paid for. Notably, players can't try to tap your lands to stop you from paying."}], "setCode": "WC01", "signature": "Tom van de Logt", "sourceProducts": {"nonfoil": ["66467f79-b617-5159-a396-bcbf727011c0"]}, "subtypes": [], "supertypes": [], "text": "{T}: Add {C}.\n{1}, {T}: Tap target land.", "type": "Land", "types": ["Land"], "uuid": "a01ec045-a4c1-55f9-9d52-6ebde9a7442e", "variations": ["73b72578-d127-5bf6-8584-592c765c97ae"]}, {"artist": "Tony Szczudlo", "artistIds": ["1952c90b-a5a7-4328-9f7c-e11064f59daf"], "availability": ["paper"], "borderColor": "gold", "colorIdentity": ["B", "R"], "colors": [], "convertedManaCost": 0.0, "count": 4, "edhrecRank": 9074, "edhrecSaltiness": 0.05, "finishes": ["nonfoil", "signed"], "flavorText": "Deep in the heart of Urborg lie massive volcanoes whose thick black smoke covers the land with perpetual darkness.", "foreignData": [], "frameVersion": "1997", "hasFoil": false, "hasNonFoil": true, "identifiers": {"mcmId": "249491", "mtgjsonV4Id": "62b5e9c9-ba3b-56b8-bd60-00a738bffca6", "scryfallCardBackId": "420c2336-e212-4109-8525-b0fc69201351", "scryfallId": "53d2b46e-4762-4496-994c-dab421f74a40", "scryfallIllustrationId": "02055a63-9ac1-444d-a85c-76fd52b562b3", "scryfallOracleId": "018129dd-f578-4fc9-b6f8-b13ed0c75a8d", "tcgplayerProductId": "164402"}, "isAlternative": true, "isFoil": false, "isReprint": true, "isStarter": true, "language": "English", "layout": "normal", "legalities": {}, "manaValue": 0.0, "name": "Urborg Volcano", "number": "tvdl330", "printings": ["8ED", "C17", "INV", "PLST", "SCD", "WC01"], "purchaseUrls": {"tcgplayer": "https://mtgjson.com/links/59febb364d27e036"}, "rarity": "uncommon", "setCode": "WC01", "signature": "Tom van de Logt", "sourceProducts": {"nonfoil": ["66467f79-b617-5159-a396-bcbf727011c0"]}, "subtypes": [], "supertypes": [], "text": "Urborg Volcano enters tapped.\n{T}: Add {B} or {R}.", "type": "Land", "types": ["Land"], "uuid": "aba21721-c70d-5eca-ba17-354df70bd9b4", "variations": ["d1ac74ee-71ec-5d92-8671-cbc8227d39f7"]}, {"artist": "Rob Alexander", "artistIds": ["35906871-6c78-4ab2-9ed1-e6792c8efb74"], "availability": ["paper"], "borderColor": "gold", "colorIdentity": ["B", "R"], "colors": [], "convertedManaCost": 0.0, "count": 4, "edhrecRank": 244, "edhrecSaltiness": 0.1, "finishes": ["nonfoil", "signed"], "foreignData": [], "frameVersion": "1997", "hasFoil": false, "hasNonFoil": true, "identifiers": {"mcmId": "249492", "mtgjsonV4Id": "f6ff6883-583f-5585-9da1-0cfb8207ca8d", "scryfallCardBackId": "420c2336-e212-4109-8525-b0fc69201351", "scryfallId": "160479a6-e18e-4728-84ca-d9f3a72f48ff", "scryfallIllustrationId": "28e06825-6a2b-4c7d-89c0-421a534847ee", "scryfallOracleId": "f5c38c01-4a40-469f-91a0-7479daf4e8e7", "tcgplayerProductId": "164331"}, "isAlternative": true, "isFoil": false, "isReprint": true, "isStarter": true, "language": "English", "layout": "normal", "legalities": {}, "manaValue": 0.0, "name": "Sulfurous Springs", "number": "tvdl345", "printings": ["10E", "5ED", "6ED", "7ED", "9ED", "DKM", "DMU", "ICE", "LTC", "M3C", "OTC", "PDMU", "PRM", "PTC", "WC01", "WC97"], "purchaseUrls": {"tcgplayer": "https://mtgjson.com/links/123fb2d1af294e0a"}, "rarity": "rare", "setCode": "WC01", "signature": "Tom van de Logt", "sourceProducts": {"nonfoil": ["66467f79-b617-5159-a396-bcbf727011c0"]}, "subtypes": [], "supertypes": [], "text": "{T}: Add {C}.\n{T}: Add {B} or {R}. Sulfurous Springs deals 1 damage to you.", "type": "Land", "types": ["Land"], "uuid": "521a8e07-482e-5aff-86b2-b27ffb56aedb", "variations": ["47dfb47c-3f05-57b6-a825-e72ed35dedae", "c7862764-e84e-50b4-b150-214d0a8fe842"]}], "name": "Tom van de Logt - Machine Head", "releaseDate": "2001-08-08", "sealedProductUuids": null, "sideBoard": [{"artist": "Andrew Goldhawk", "artistIds": ["f4a65a04-9e2e-4541-8d0e-f34e9517f092"], "availability": ["paper"], "borderColor": "gold", "colorIdentity": ["R"], "colors": ["R"], "convertedManaCost": 5.0, "count": 4, "edhrecRank": 27124, "finishes": ["nonfoil", "signed"], "flavorText": "Like a volcano, it too can erupt without warning.", "foreignData": [], "frameVersion": "1997", "hasFoil": false, "hasNonFoil": true, "identifiers": {"mcmId": "249493", "mtgjsonV4Id": "1d32a525-3a12-544a-910b-e6cb8466f91f", "scryfallCardBackId": "420c2336-e212-4109-8525-b0fc69201351", "scryfallId": "784badd7-9803-49b8-a675-aa34dcf267d6", "scryfallIllustrationId": "7c4311ad-679f-4d8a-87bf-df19dc15c133", "scryfallOracleId": "88ef3413-21bc-428a-9803-d275e437c4bd", "tcgplayerProductId": "164330"}, "isFoil": false, "isReprint": true, "isStarter": true, "language": "English", "layout": "normal", "legalities": {}, "manaCost": "{3}{R}{R}", "manaValue": 5.0, "name": "Scoria Cat", "number": "tvdl101sb", "power": "3", "printings": ["PCY", "PLST", "WC01"], "purchaseUrls": {"tcgplayer": "https://mtgjson.com/links/2d779c1f8f276bc9"}, "rarity": "uncommon", "setCode": "WC01", "signature": "Tom van de Logt", "sourceProducts": {"nonfoil": ["66467f79-b617-5159-a396-bcbf727011c0"]}, "subtypes": ["Cat"], "supertypes": [], "text": "Scoria Cat gets +3/+3 as long as you control no untapped lands.", "toughness": "3", "type": "Creature — Cat", "types": ["Creature"], "uuid": "5870aa6f-1a96-59b7-9448-19bd33f77399"}, {"artist": "Ron Spears", "artistIds": ["fce9030b-86bd-4439-b06a-920a1eeb184c"], "availability": ["paper"], "borderColor": "gold", "colorIdentity": ["B"], "colors": ["B"], "convertedManaCost": 2.0, "count": 3, "edhrecRank": 20841, "edhrecSaltiness": 0.4, "finishes": ["nonfoil", "signed"], "flavorText": "\"I'll wring out your tiny mind like a sponge.\"\n—Urborg witch", "foreignData": [], "frameVersion": "1997", "hasFoil": false, "hasNonFoil": true, "identifiers": {"mcmId": "249494", "mtgjsonV4Id": "59e12e1f-cdf3-585f-9cd4-530b7fdd67b7", "scryfallCardBackId": "420c2336-e212-4109-8525-b0fc69201351", "scryfallId": "df50a901-d362-4144-8994-0f1cb71e1f08", "scryfallIllustrationId": "2169f318-5404-40c8-8d2c-ad98a34e7a8b", "scryfallOracleId": "3745aea4-4455-4859-9772-bcfd14e4067b", "tcgplayerProductId": "164311"}, "isFoil": false, "isReprint": true, "isStarter": true, "language": "English", "layout": "normal", "legalities": {}, "manaCost": "{1}{B}", "manaValue": 2.0, "name": "Addle", "number": "tvdl91sb", "printings": ["INV", "VMA", "WC01"], "purchaseUrls": {"tcgplayer": "https://mtgjson.com/links/6a0a3ec5b2dacfde"}, "rarity": "uncommon", "setCode": "WC01", "signature": "Tom van de Logt", "sourceProducts": {"nonfoil": ["66467f79-b617-5159-a396-bcbf727011c0"]}, "subtypes": [], "supertypes": [], "text": "Choose a color. Target player reveals their hand and you choose a card of that color from it. That player discards that card.", "type": "Sorcery", "types": ["Sorcery"], "uuid": "a066e5ae-1168-5245-ab94-ef032ddf9b3b"}, {"artist": "Luca Zontini", "artistIds": ["aa57d42a-72c1-4d94-a200-3571233c4b20"], "availability": ["paper"], "borderColor": "gold", "colorIdentity": ["B"], "colors": ["B"], "convertedManaCost": 4.0, "count": 2, "edhrecRank": 19612, "edhrecSaltiness": 1.14, "finishes": ["nonfoil", "signed"], "flavorText": "\"I want every last one of these tree-hugging, earth-loving, pointy-eared weaklings out of here. Now!\"", "foreignData": [], "frameVersion": "1997", "hasFoil": false, "hasNonFoil": true, "identifiers": {"mcmId": "249495", "mtgjsonV4Id": "d667590c-eadb-5a47-bd5d-0fcfb9abb0fe", "scryfallCardBackId": "420c2336-e212-4109-8525-b0fc69201351", "scryfallId": "0d714006-281a-448a-ac69-9d3ecbaccfac", "scryfallIllustrationId": "7cd6a341-9ebc-438c-8e3c-a88284fdf515", "scryfallOracleId": "676c4cfa-f929-43aa-95cc-df81a596c2a2", "tcgplayerProductId": "164324"}, "isFoil": false, "isReprint": true, "isStarter": true, "language": "English", "layout": "normal", "legalities": {}, "manaCost": "{2}{B}{B}", "manaValue": 4.0, "name": "Persecute", "number": "tvdl154sb", "printings": ["7ED", "8ED", "9ED", "USG", "WC01", "WC99"], "purchaseUrls": {"tcgplayer": "https://mtgjson.com/links/5bf6cf13d3cc840a"}, "rarity": "rare", "rulings": [{"date": "2004-10-04", "text": "The color is chosen on resolution."}], "setCode": "WC01", "signature": "Tom van de Logt", "sourceProducts": {"nonfoil": ["66467f79-b617-5159-a396-bcbf727011c0"]}, "subtypes": [], "supertypes": [], "text": "Choose a color. Target player reveals their hand and discards all cards of that color.", "type": "Sorcery", "types": ["Sorcery"], "uuid": "e631c6fa-a403-520d-84c9-44d9cda71165"}, {"artist": "Monte Michael Moore", "artistIds": ["a77227ad-26f9-40da-b0f2-664b5196cea0"], "availability": ["paper"], "borderColor": "gold", "colorIdentity": ["R"], "colors": ["R"], "convertedManaCost": 2.0, "count": 1, "edhrecRank": 7240, "edhrecSaltiness": 0.2, "finishes": ["nonfoil", "signed"], "flavorText": "\"When the air burns, only death breathes deep.\"\n—Bogardan mage", "foreignData": [], "frameVersion": "1997", "hasFoil": false, "hasNonFoil": true, "identifiers": {"mcmId": "249496", "mtgjsonV4Id": "322850c6-68dd-52ca-9e56-cfb94562006f", "scryfallCardBackId": "420c2336-e212-4109-8525-b0fc69201351", "scryfallId": "3a66dc1f-a379-4d8f-ae00-f2cff5edfa9c", "scryfallIllustrationId": "edbf54d6-4856-48eb-9b93-8024763def93", "scryfallOracleId": "e4bcd4ea-e7cd-4471-8f3b-18bb51d3d70c", "tcgplayerProductId": "164328"}, "isAlternative": true, "isFoil": false, "isReprint": true, "isStarter": true, "language": "English", "layout": "normal", "legalities": {}, "manaCost": "{1}{R}", "manaValue": 2.0, "name": "Pyroclasm", "number": "tvdl209sb", "printings": ["10E", "7ED", "8ED", "9ED", "A25", "DDK", "DDL", "DKM", "ICE", "M10", "M11", "MM3", "OLEP", "P06", "PLST", "POR", "PRM", "PSAL", "WC01", "WC03", "WC04"], "purchaseUrls": {"tcgplayer": "https://mtgjson.com/links/7997414500df38ca"}, "rarity": "uncommon", "setCode": "WC01", "signature": "Tom van de Logt", "sourceProducts": {"nonfoil": ["66467f79-b617-5159-a396-bcbf727011c0"]}, "subtypes": [], "supertypes": [], "text": "Pyroclasm deals 2 damage to each creature.", "type": "Sorcery", "types": ["Sorcery"], "uuid": "d8e849b4-28e1-5ccb-8cde-dbc7a53ce9c9", "variations": ["1a89c704-18c9-56d5-a192-f7a71c5d7f4b"]}, {"artist": "Pete Venters", "artistIds": ["d54c4a1a-c0c5-4834-84db-125d341f3ad8"], "availability": ["paper"], "borderColor": "gold", "colorIdentity": ["B"], "colors": ["B"], "convertedManaCost": 3.0, "count": 3, "edhrecRank": 109, "edhrecSaltiness": 0.28, "finishes": ["nonfoil", "signed"], "flavorText": "An audience of one with the malice of thousands.", "foreignData": [], "frameVersion": "1997", "hasFoil": false, "hasNonFoil": true, "identifiers": {"cardsphereId": "47291", "mcmId": "249497", "mtgjsonV4Id": "05b4c00e-0d8d-5631-9789-05e33d8f8dd3", "scryfallCardBackId": "420c2336-e212-4109-8525-b0fc69201351", "scryfallId": "9d4f3fc5-eb10-4b50-8a56-8ef7dc7c3db3", "scryfallIllustrationId": "a9969264-00b4-4b4d-b085-817e42343bc1", "scryfallOracleId": "ee579a32-a048-4335-b966-231ba731cdea", "tcgplayerProductId": "164325"}, "isFoil": false, "isReprint": true, "isStarter": true, "language": "English", "layout": "normal", "legalities": {}, "manaCost": "{1}{B}{B}", "manaValue": 3.0, "name": "Phyrexian Arena", "number": "tvdl47sb", "printings": ["8ED", "9ED", "APC", "C15", "CC2", "CN2", "DDE", "HA1", "HOP", "MKC", "ONE", "PLST", "PONE", "TD0", "WC01"], "purchaseUrls": {"tcgplayer": "https://mtgjson.com/links/d8c6b1c4f4a31d0f"}, "rarity": "rare", "setCode": "WC01", "signature": "Tom van de Logt", "sourceProducts": {"nonfoil": ["66467f79-b617-5159-a396-bcbf727011c0"]}, "subtypes": [], "supertypes": [], "text": "At the beginning of your upkeep, you draw a card and you lose 1 life.", "type": "Enchantment", "types": ["Enchantment"], "uuid": "7ca6d58b-c81c-5c9b-bab3-281d48e98f9d"}, {"artist": "Pete Venters", "artistIds": ["d54c4a1a-c0c5-4834-84db-125d341f3ad8"], "availability": ["paper"], "borderColor": "gold", "colorIdentity": ["R"], "colors": ["R"], "convertedManaCost": 4.0, "count": 1, "edhrecRank": 10534, "edhrecSaltiness": 0.71, "finishes": ["nonfoil", "signed"], "flavorText": "\"For dim-witted, thick-skulled genetic mutants, they have pretty good aim.\"\n—Sisay", "foreignData": [], "frameVersion": "1997", "hasFoil": false, "hasNonFoil": true, "identifiers": {"mtgjsonV4Id": "a9df4d31-a0f8-56f9-9c09-2ad3ea7b86b7", "scryfallCardBackId": "420c2336-e212-4109-8525-b0fc69201351", "scryfallId": "ca16326b-5405-4698-9cd6-b5dcc7ead788", "scryfallIllustrationId": "0f2212ad-6d9c-47d3-a458-484e85fb062e", "scryfallOracleId": "b215196a-3716-451f-bdbd-d16c05ace5b4", "tcgplayerProductId": "164319"}, "isAlternative": true, "isFoil": false, "isReprint": true, "isStarter": true, "language": "English", "layout": "normal", "legalities": {}, "manaCost": "{3}{R}", "manaValue": 4.0, "name": "Flametongue Kavu", "number": "tvdl60sb", "power": "4", "printings": ["C14", "CM2", "CMD", "DD2", "DMR", "E01", "F05", "GN3", "HOP", "JMP", "JVC", "PLS", "PLST", "PRM", "PZ1", "TD0", "VMA", "WC01", "WC02"], "purchaseUrls": {"tcgplayer": "https://mtgjson.com/links/ca0a3ec2e6a20cbd"}, "rarity": "uncommon", "rulings": [{"date": "2022-12-08", "text": "Flametongue Kavu’s ability can target itself. If it’s the only creature on the battlefield as its ability triggers, its ability must target itself."}], "setCode": "WC01", "signature": "Tom van de Logt", "sourceProducts": {"nonfoil": ["66467f79-b617-5159-a396-bcbf727011c0"]}, "subtypes": ["Kavu"], "supertypes": [], "text": "When Flametongue Kavu enters, it deals 4 damage to target creature.", "toughness": "2", "type": "Creature — Kavu", "types": ["Creature"], "uuid": "b61c02d9-1fca-5b68-b292-a6fd99d312d1", "variations": ["1fe9645d-9f43-5250-915a-8858f21c124b", "3883e527-33cc-5ca4-8bcd-4b57608826a7"]}, {"artist": "Todd Lockwood", "artistIds": ["d0b9f3cc-13fb-42b6-bc43-b034728e5c7b"], "availability": ["paper"], "borderColor": "gold", "colorIdentity": ["B"], "colors": ["B"], "convertedManaCost": 5.0, "count": 1, "edhrecRank": 23050, "finishes": ["nonfoil", "signed"], "flavorText": "Once an angel, now an abomination.", "foreignData": [], "frameVersion": "1997", "hasFoil": false, "hasNonFoil": true, "identifiers": {"mtgjsonV4Id": "92a66396-cabd-5d98-be46-df0c0b7cff5c", "scryfallCardBackId": "420c2336-e212-4109-8525-b0fc69201351", "scryfallId": "d3c3dfbe-b520-42fb-af03-bc6c15f7ba92", "scryfallIllustrationId": "856d02d9-faa7-49ab-aad8-0c77ed995442", "scryfallOracleId": "665f3e52-c536-481b-8b29-fe68f08d1fdf", "tcgplayerProductId": "164313"}, "isAlternative": true, "isFoil": false, "isReprint": true, "isStarter": true, "keywords": ["Flying", "Protection"], "language": "English", "layout": "normal", "legalities": {}, "manaCost": "{4}{B}", "manaValue": 5.0, "name": "Crypt Angel", "number": "tvdl97sb", "power": "3", "printings": ["INV", "WC01"], "purchaseUrls": {"tcgplayer": "https://mtgjson.com/links/8f2f09d378f80101"}, "rarity": "rare", "setCode": "WC01", "signature": "Tom van de Logt", "sourceProducts": {"nonfoil": ["66467f79-b617-5159-a396-bcbf727011c0"]}, "subtypes": ["Angel"], "supertypes": [], "text": "Flying, protection from white\nWhen Crypt Angel enters, return target blue or red creature card from your graveyard to your hand.", "toughness": "3", "type": "Creature — Angel", "types": ["Creature"], "uuid": "46c9468c-09cb-5614-b2ef-0ea7dc3ac949", "variations": ["c150707c-8a8d-5ce7-a86f-5573a33f4ee7"]}], "type": "World Championship Deck"}}