{"meta": {"date": "2024-09-03", "version": "5.2.2+20240903"}, "data": {"code": "JMP", "commander": [], "mainBoard": [{"artist": "Justin Sweet", "artistIds": ["bb15780e-8f96-4823-b258-a7a9fd79b02c"], "availability": ["arena", "paper"], "boosterTypes": ["default"], "borderColor": "black", "colorIdentity": ["G"], "colors": ["G"], "convertedManaCost": 6.0, "count": 1, "edhrecRank": 3118, "edhrecSaltiness": 0.27, "finishes": ["nonfoil"], "flavorText": "For each creature that arrives in its audience, the sage imparts another piece of ancient wisdom for all to hear.", "foreignData": [], "frameVersion": "2015", "hasFoil": false, "hasNonFoil": true, "identifiers": {"cardsphereId": "68451", "mcmId": "472704", "mcmMetaId": "8054", "mtgArenaId": "72484", "mtgjsonV4Id": "51460f37-2c41-5760-b94b-b75df7cb642e", "multiverseId": "489405", "scryfallCardBackId": "0aeebaf5-8c7d-4636-9e82-8c27447861f7", "scryfallId": "4b0d8dec-e139-4565-9259-3c24c54c1d45", "scryfallIllustrationId": "480495a8-9fe7-412b-b167-51aae7524bee", "scryfallOracleId": "499f1e1e-d96e-481f-a5d9-eb38da927cd7", "tcgplayerProductId": "216032"}, "isFoil": false, "isReprint": true, "language": "English", "layout": "normal", "legalities": {"brawl": "Legal", "commander": "Legal", "duel": "Legal", "gladiator": "Legal", "historic": "Legal", "legacy": "Legal", "modern": "Legal", "oathbreaker": "Legal", "penny": "Legal", "predh": "Legal", "timeless": "Legal", "vintage": "Legal"}, "manaCost": "{4}{G}{G}", "manaValue": 6.0, "name": "Primordial Sage", "number": "422", "power": "4", "printings": ["C14", "CMA", "JMP", "RAV"], "purchaseUrls": {"cardmarket": "https://mtgjson.com/links/f3dd7bf3b9b09362", "tcgplayer": "https://mtgjson.com/links/52113c14918efcae"}, "rarity": "rare", "securityStamp": "oval", "setCode": "JMP", "sourceProducts": {"nonfoil": ["ca9092e8-a921-5e37-ab9d-4b0f76bb0d01"]}, "subtypes": ["Spirit"], "supertypes": [], "text": "Whenever you cast a creature spell, you may draw a card.", "toughness": "5", "type": "Creature — Spirit", "types": ["Creature"], "uuid": "e80b5e3d-ef57-5f3a-943f-3797dd66b3a4"}, {"artist": "Heather Hudson", "artistIds": ["4441fe52-9e41-40c1-9b74-8510426279ab"], "availability": ["arena", "paper"], "boosterTypes": ["default"], "borderColor": "black", "colorIdentity": ["G"], "colors": ["G"], "convertedManaCost": 2.0, "count": 1, "edhrecRank": 2239, "edhrecSaltiness": 0.11, "finishes": ["nonfoil"], "flavorText": "Each flower identical, every leaf and petal disturbingly exact.", "foreignData": [], "frameVersion": "2015", "hasFoil": false, "hasNonFoil": true, "identifiers": {"cardsphereId": "68418", "mcmId": "472719", "mcmMetaId": "6459", "mtgArenaId": "72504", "mtgjsonV4Id": "482f45c5-f4d1-54ec-aac8-922de7c7ab03", "multiverseId": "489425", "scryfallCardBackId": "0aeebaf5-8c7d-4636-9e82-8c27447861f7", "scryfallId": "f836b155-8829-460b-91f8-4cd00b988196", "scryfallIllustrationId": "a4709cb1-a44b-45ba-9914-1a6c60a8dbdb", "scryfallOracleId": "ef4d5fb3-70a3-433d-a9d3-18b2beb8d79f", "tcgplayerProductId": "216029"}, "isFoil": false, "isReprint": true, "keywords": ["Defender"], "language": "English", "layout": "normal", "legalities": {"brawl": "Legal", "commander": "Legal", "duel": "Legal", "gladiator": "Legal", "historic": "Legal", "legacy": "Legal", "modern": "Legal", "oathbreaker": "Legal", "paupercommander": "Restricted", "predh": "Legal", "premodern": "Legal", "timeless": "Legal", "vintage": "Legal"}, "manaCost": "{1}{G}", "manaValue": 2.0, "name": "Wall of Blossoms", "number": "442", "power": "0", "printings": ["C15", "C16", "CMA", "F02", "JMP", "MH1", "PC2", "PCA", "PLST", "PRM", "PZ1", "STH", "TPR", "V13", "WC98"], "purchaseUrls": {"cardmarket": "https://mtgjson.com/links/b7930e0d74794722", "tcgplayer": "https://mtgjson.com/links/4cda7f8ca6366cc5"}, "rarity": "uncommon", "setCode": "JMP", "sourceProducts": {"nonfoil": ["ca9092e8-a921-5e37-ab9d-4b0f76bb0d01"]}, "subtypes": ["Plant", "Wall"], "supertypes": [], "text": "Defender\nWhen Wall of Blossoms enters, draw a card.", "toughness": "4", "type": "Creature — Plant Wall", "types": ["Creature"], "uuid": "72ab390b-86b8-5905-aee8-9b4ea42ececa"}, {"artist": "Steve Prescott", "artistIds": ["a1139fb8-41f5-4a9e-9a74-f662e1a23b35"], "availability": ["arena", "paper"], "boosterTypes": ["default"], "borderColor": "black", "colorIdentity": ["G"], "colors": ["G"], "convertedManaCost": 4.0, "count": 1, "edhrecRank": 20437, "finishes": ["nonfoil"], "flavorText": "Treefolk and elves share a common interest in the forests, but really the elves just feel at home with the view from above.", "foreignData": [], "frameVersion": "2015", "hasFoil": false, "hasNonFoil": true, "identifiers": {"cardsphereId": "68498", "mcmId": "472734", "mcmMetaId": "9529", "mtgArenaId": "72437", "mtgjsonV4Id": "abc20d42-0129-5c61-b9c4-d3a0e3be6231", "multiverseId": "489358", "scryfallCardBackId": "0aeebaf5-8c7d-4636-9e82-8c27447861f7", "scryfallId": "b8664d29-dacc-49cb-949f-e00ceeb75ff6", "scryfallIllustrationId": "926f859e-0cb1-476a-bc03-d85e5d30f991", "scryfallOracleId": "4045c24e-098f-4582-8c50-576a94c7b705", "tcgplayerProductId": "216027"}, "isFoil": false, "isReprint": true, "language": "English", "layout": "normal", "legalities": {"brawl": "Legal", "commander": "Legal", "duel": "Legal", "gladiator": "Legal", "historic": "Legal", "legacy": "Legal", "modern": "Legal", "oathbreaker": "Legal", "pauper": "Legal", "paupercommander": "Legal", "penny": "Legal", "predh": "Legal", "timeless": "Legal", "vintage": "Legal"}, "manaCost": "{3}{G}", "manaValue": 4.0, "name": "Ambassador Oak", "number": "375", "power": "3", "printings": ["A25", "DDS", "JMP", "MOR", "PLST"], "purchaseUrls": {"cardmarket": "https://mtgjson.com/links/b122eebdb682762f", "tcgplayer": "https://mtgjson.com/links/67c96daee8cac2d1"}, "rarity": "common", "setCode": "JMP", "sourceProducts": {"nonfoil": ["ca9092e8-a921-5e37-ab9d-4b0f76bb0d01"]}, "subtypes": ["Treefolk", "Warrior"], "supertypes": [], "text": "When Ambassador Oak enters, create a 1/1 green Elf Warrior creature token.", "toughness": "3", "type": "Creature — Treefolk Warrior", "types": ["Creature"], "uuid": "6fa14f89-73eb-5e60-bf16-372173d708c6"}, {"artist": "Milivoj Ćeran", "artistIds": ["1eced451-4da5-42bc-b49d-70c41246581f"], "availability": ["arena", "mtgo", "paper"], "boosterTypes": ["default"], "borderColor": "black", "colorIdentity": ["G"], "colors": ["G"], "convertedManaCost": 4.0, "count": 1, "edhrecRank": 17673, "finishes": ["nonfoil", "foil"], "flavorText": "If a tree fells you in the forest and no one is around to hear it, \"does it make a sound\" is the last thing you need to worry about.", "foreignData": [{"flavorText": "Wenn ein Baum dich im Wald umhaut und niemand in der Nähe ist, der es hört, ist „macht es Geräusche\" das Letzte, worüber du dir Sorgen machen musst.", "identifiers": {"multiverseId": "485756", "scryfallId": "3d826725-c0eb-482c-acbf-47021329d5e8"}, "language": "German", "multiverseId": 485756, "name": "Knorrenfaust-Eiche", "text": "Immer wenn du eine Karte ziehst, erhält die Knorrenfaust-Eiche +2/+2 bis zum Ende des Zuges.", "type": "Kreatur — Baumhirte"}, {"flavorText": "Si un árbol te derriba en el bosque y no hay nadie cerca para oírlo, que esté haciendo ruido es lo último que debería preocuparte.", "identifiers": {"multiverseId": "486015", "scryfallId": "317b702a-04f2-4c9d-a038-4a8c0d199b5c"}, "language": "Spanish", "multiverseId": 486015, "name": "Roble puñolobanillo", "text": "Siempre que robes una carta, el Roble puñolobanillo obtiene +2/+2 hasta el final del turno.", "type": "Criatura — Pueblo-arbóreo"}, {"flavorText": "Si un arbre vous abat dans la forêt et que personne ne peut l'entendre, savoir si cela fait du bruit sera bien le dernier de vos soucis.", "identifiers": {"multiverseId": "486274", "scryfallId": "fa7f485c-3f86-4d3a-aee0-de5a99ecfda0"}, "language": "French", "multiverseId": 486274, "name": "Chêne aux poings noueux", "text": "À chaque fois que vous piochez une carte, le Chêne aux poings noueux gagne +2/+2 jusqu'à la fin du tour.", "type": "Créature : sylvin"}, {"flavorText": "Se un albero si abbatte su di te nella foresta e non c'è nessuno nei paraggi, sapere \"se faccia rumore\" sarà l'ultima delle tue preoccupazioni.", "identifiers": {"multiverseId": "486533", "scryfallId": "5a22d1b8-0d63-476e-b9e8-902f91239f96"}, "language": "Italian", "multiverseId": 486533, "name": "Quercia Pugno Nodoso", "text": "Ogniqualvolta peschi una carta, la Quercia Pugno Nodoso prende +2/+2 fino alla fine del turno.", "type": "Creatura — Silvantropo"}, {"flavorText": "誰もいない森の中で木に倒されたら、「それは音を立てるのか？」と考える必要はない。", "identifiers": {"multiverseId": "486792", "scryfallId": "c412be8a-c2fd-4ba4-8760-53cc095becc0"}, "language": "Japanese", "multiverseId": 486792, "name": "節くれ拳の樫", "text": "あなたがカードを１枚引くたび、ターン終了時まで、節くれ拳の樫は＋２/＋２の修整を受ける。", "type": "クリーチャー — ツリーフォーク"}, {"flavorText": "숲에서 나무가 당신의 위로 떨어지고 주변에는 아무도 그 소리를 들을 사람이 없다면, \"그게 소리가 난 것일까\"는 당신이 가장 나중에 걱정해도 될 일이다.", "identifiers": {"multiverseId": "487051", "scryfallId": "7d2d178a-90c8-4515-83eb-ded78fe96b61"}, "language": "Korean", "multiverseId": 487051, "name": "옹이주먹 떡갈나무", "text": "당신이 카드를 뽑을 때마다, 옹이주먹 떡갈나무는 턴종료까지 +2/+2를 받는다.", "type": "생물 — 인목"}, {"flavorText": "Se uma árvore derruba você numa floresta e não há ninguém por perto para ouvir, saber se fez barulho ou não é a última das suas preocupações.", "identifiers": {"multiverseId": "487310", "scryfallId": "17fbef18-556a-4650-85c5-ee911630fd0a"}, "language": "Portuguese (Brazil)", "multiverseId": 487310, "name": "Carvalho Punho Nodoso", "text": "Toda vez que você compra um card, Carvalho Punho Nodoso recebe +2/+2 até o final do turno.", "type": "Criatura — Ent"}, {"flavorText": "Если дерево валит тебя с ног в лесу, а рядом нет никого, кто это услышал бы, то «издает ли оно звук» — это последнее, о чем стоит волноваться.", "identifiers": {"multiverseId": "487569", "scryfallId": "2383f98a-c290-4e4e-9860-a7e6b6a6d8c5"}, "language": "Russian", "multiverseId": 487569, "name": "Дуб Кряжистого Кулака", "text": "Каждый раз, когда вы берете карту, Дуб Кряжистого Кулака получает +2/+2 до конца хода.", "type": "Существо — Лесовик"}, {"flavorText": "如果你在森林中被树木击倒，而周围又没人听到，你恐怕都没有时间去思考「树这么动到底会不会出声」这件事。", "identifiers": {"multiverseId": "487828", "scryfallId": "51beaa7d-4336-4f44-beb1-2dac6a54bfc1"}, "language": "Chinese Simplified", "multiverseId": 487828, "name": "瘤拳橡树", "text": "每当你抓一张牌时，瘤拳橡树得+2/+2直到回合结束。", "type": "生物 ～树妖"}, {"flavorText": "如果你在森林中被樹木擊倒，而周圍又沒人聽到，你恐怕都沒有時間去思考「樹這麼動到底會不會出聲」這件事。", "identifiers": {"multiverseId": "488087", "scryfallId": "80de2b59-d2fc-4ed7-bd62-623dda4e04eb"}, "language": "Chinese Traditional", "multiverseId": 488087, "name": "瘤拳橡樹", "text": "每當你抽一張牌時，瘤拳橡樹得+2/+2直到回合結束。", "type": "生物 ～樹妖"}], "frameVersion": "2015", "hasFoil": true, "hasNonFoil": true, "identifiers": {"cardsphereFoilId": "67904", "cardsphereId": "67731", "mcmId": "470244", "mcmMetaId": "307814", "mtgArenaId": "71956", "mtgjsonV4Id": "8347a141-49fe-5c2f-a64e-6880467d253d", "mtgoId": "81575", "multiverseId": "485497", "scryfallCardBackId": "0aeebaf5-8c7d-4636-9e82-8c27447861f7", "scryfallId": "3d0ec3bd-d894-4861-abcb-7b2e4f4de05c", "scryfallIllustrationId": "c281ce69-c61b-43ac-9fdb-51ab338a9af9", "scryfallOracleId": "95a08f25-8d44-4704-a4d1-a098bf010932", "tcgplayerProductId": "215612"}, "isFoil": false, "language": "English", "layout": "normal", "legalities": {"brawl": "Legal", "commander": "Legal", "duel": "Legal", "explorer": "Legal", "gladiator": "Legal", "historic": "Legal", "legacy": "Legal", "modern": "Legal", "oathbreaker": "Legal", "paupercommander": "Restricted", "penny": "Legal", "pioneer": "Legal", "timeless": "Legal", "vintage": "Legal"}, "manaCost": "{2}{G}{G}", "manaValue": 4.0, "name": "Burlfist Oak", "number": "174", "originalText": "Whenever you draw a card, Burlfist Oak gets +2/+2 until end of turn.", "originalType": "Creature — Treefolk", "power": "2", "printings": ["M21"], "purchaseUrls": {"cardmarket": "https://mtgjson.com/links/b7840addb52c25c7", "tcgplayer": "https://mtgjson.com/links/2f3b2c9a04c0860e"}, "rarity": "uncommon", "rulings": [{"date": "2020-06-23", "text": "If a spell or ability causes a player to put a card into their hand without specifically using the word “draw,” it's not a card drawn."}], "setCode": "M21", "sourceProducts": {"foil": ["547f7fe8-5bf3-5b1f-b7d5-2348edfeb15f", "61ee3ba9-54d4-55e6-8c49-3977d922f30e"], "nonfoil": ["61ee3ba9-54d4-55e6-8c49-3977d922f30e", "ca9092e8-a921-5e37-ab9d-4b0f76bb0d01"]}, "subtypes": ["Treefolk"], "supertypes": [], "text": "Whenever you draw a card, Burlfist Oak gets +2/+2 until end of turn.", "toughness": "3", "type": "Creature — Treefolk", "types": ["Creature"], "uuid": "4157e0cf-8c41-5fe0-afb1-052e4c1f4a20"}, {"artist": "Svetlin Velinov", "artistIds": ["ffd063ae-c097-4f26-b2e6-b1e2137708bc"], "availability": ["arena", "mtgo", "paper"], "boosterTypes": ["default"], "borderColor": "black", "colorIdentity": ["G"], "colors": ["G"], "convertedManaCost": 6.0, "count": 1, "edhrecRank": 15217, "edhrecSaltiness": 0.08, "finishes": ["nonfoil", "foil"], "flavorText": "Weak and strong alike seek shelter beneath its branches.", "foreignData": [{"flavorText": "Die Schwachen sowie die Starken suchen unter seinen Ästen Schutz.", "identifiers": {"multiverseId": "485795", "scryfallId": "52906cfc-7efc-4b0d-82e2-cef5ceaaa871"}, "language": "German", "multiverseId": 485795, "name": "Hüter der Wälder", "text": "Wachsamkeit (Diese Kreatur wird beim Angreifen nicht getappt.)\nImmer wenn der Hüter der Wälder das Ziel eines Zauberspruchs oder einer Fähigkeit wird, den bzw. die ein Gegner kontrolliert, kannst du zwei Karten ziehen.", "type": "Kreatur — Baumhirte"}, {"flavorText": "Tanto los débiles como los fuertes buscan refugio bajo sus ramas.", "identifiers": {"multiverseId": "486054", "scryfallId": "79cc24f4-a92f-4893-9818-b2a9ea0198af"}, "language": "Spanish", "multiverseId": 486054, "name": "Guarda de los bosques", "text": "Vigilancia. (Esta criatura no se gira al atacar.)\nSiempre que el Guarda de los bosques sea objetivo de un hechizo o habilidad que controla un oponente, puedes robar dos cartas.", "type": "Criatura — Pueblo-arbóreo"}, {"flavorText": "Les plus faibles comme les plus forts s'abritent derrière ses branches.", "identifiers": {"multiverseId": "486313", "scryfallId": "02e80011-7662-46f4-a534-67510bf0b521"}, "language": "French", "multiverseId": 486313, "name": "Garde des bois", "text": "Vigilance (Attaquer avec cette créature ne la fait pas s'engager.)\nÀ chaque fois que le Garde des bois devient la cible d'un sort ou d'une capacité qu'un adversaire contrôle, vous pouvez piocher deux cartes.", "type": "Créature : sylvin"}, {"flavorText": "Tanto i forti quanto i deboli cercano rifugio sotto i suoi rami.", "identifiers": {"multiverseId": "486572", "scryfallId": "8cf1e016-eb45-407a-8e00-d2851befaf54"}, "language": "Italian", "multiverseId": 486572, "name": "Guardiano dei Boschi", "text": "Cautela (Questa creatura attacca senza TAPpare.)\nOgniqualvolta il Guardiano dei Boschi diventa bersaglio di una magia o abilità controllata da un avversario, puoi pescare due carte.", "type": "Creatura — Silvantropo"}, {"flavorText": "弱いものも強いものも、揃ってその枝の庇護を求める。", "identifiers": {"multiverseId": "486831", "scryfallId": "4f4f15d8-bd96-421f-8c9e-70e1aed6ad60"}, "language": "Japanese", "multiverseId": 486831, "name": "森の守部", "text": "警戒（このクリーチャーは攻撃してもタップしない。）\n森の守部が、対戦相手がコントロールしている呪文か能力の対象になるたび、あなたはカードを２枚引いてもよい。", "type": "クリーチャー — ツリーフォーク"}, {"flavorText": "약자든 강자든 하나같이 그것의 가지 아래에서 몸을 숨길 곳을 찾는다.", "identifiers": {"multiverseId": "487090", "scryfallId": "c23a7eeb-e713-4b83-affa-4b80d7264a9e"}, "language": "Korean", "multiverseId": 487090, "name": "숲 관리자", "text": "경계 (이 생물은 공격하면서 탭되지 않는다.)\n숲 관리자가 상대가 조종하는 주문 또는 능력의 목표가 될 때마다, 당신은 카드 두 장을 뽑을 수 있다.", "type": "생물 — 인목"}, {"flavorText": "Tanto o forte quanto o fraco buscam refúgio sob seus galhos.", "identifiers": {"multiverseId": "487349", "scryfallId": "da449faf-92c3-4a6d-9a2f-8eccf6c453d8"}, "language": "Portuguese (Brazil)", "multiverseId": 487349, "name": "Guardião das Matas", "text": "Vigilância (Atacar não faz com que esta criatura seja virada.)\nToda vez que Guardião das Matas se torna alvo de uma mágica ou habilidade que um oponente controla, você pode comprar dois cards.", "type": "Criatura — Ent"}, {"flavorText": "И слабые, и сильные ищут убежище под его ветвями.", "identifiers": {"multiverseId": "487608", "scryfallId": "8c7d0cb5-e441-4c77-a10a-bf681af6fcbe"}, "language": "Russian", "multiverseId": 487608, "name": "Хранитель Леса", "text": "Бдительность (Атакуя, это существо не поворачивается.)\nКаждый раз, когда Хранитель Леса становится целью заклинания или способности под контролем оппонента, вы можете взять две карты.", "type": "Существо — Лесовик"}, {"flavorText": "强者和弱者都在其枝杈下寻求庇护。", "identifiers": {"multiverseId": "487867", "scryfallId": "0c68cbd5-93cb-4b53-86a3-22d762542ee9"}, "language": "Chinese Simplified", "multiverseId": 487867, "name": "护林树妖", "text": "警戒（此生物攻击时不需横置。）\n每当护林树妖成为由对手操控之咒语或异能的目标时，你可以抓两张牌。", "type": "生物 ～树妖"}, {"flavorText": "強者和弱者都在其枝杈下尋求庇護。", "identifiers": {"multiverseId": "488126", "scryfallId": "d3093084-d65f-42f4-b70c-bf3e5b503e8a"}, "language": "Chinese Traditional", "multiverseId": 488126, "name": "護林樹妖", "text": "警戒（此生物攻擊時不需橫置。）\n每當護林樹妖成為由對手操控之咒語或異能的目標時，你可以抽兩張牌。", "type": "生物 ～樹妖"}], "frameVersion": "2015", "hasFoil": true, "hasNonFoil": true, "identifiers": {"cardsphereFoilId": "68160", "cardsphereId": "67709", "mcmId": "468344", "mcmMetaId": "307309", "mtgArenaId": "71995", "mtgjsonV4Id": "e7a16cbd-d1b1-5927-b3df-2b4df1c26ec1", "mtgoId": "81653", "multiverseId": "485536", "scryfallCardBackId": "0aeebaf5-8c7d-4636-9e82-8c27447861f7", "scryfallId": "f1d81cfc-cff8-4478-92b6-efbfc5084165", "scryfallIllustrationId": "0132855e-59e7-4fae-8540-4efe267eab92", "scryfallOracleId": "c8c6924e-9af8-4212-be28-b0b4eaa4c7d8", "tcgplayerProductId": "215580"}, "isFoil": false, "keywords": ["Vigilance"], "language": "English", "layout": "normal", "legalities": {"brawl": "Legal", "commander": "Legal", "duel": "Legal", "explorer": "Legal", "gladiator": "Legal", "historic": "Legal", "legacy": "Legal", "modern": "Legal", "oathbreaker": "Legal", "paupercommander": "Restricted", "pioneer": "Legal", "timeless": "Legal", "vintage": "Legal"}, "manaCost": "{4}{G}{G}", "manaValue": 6.0, "name": "Warden of the Woods", "number": "213", "originalText": "Vigilance (Attacking doesn't cause this creature to tap.)\nWhenever Warden of the Woods becomes the target of a spell or ability an opponent controls, you may draw two cards.", "originalType": "Creature — Treefolk", "power": "5", "printings": ["M21"], "purchaseUrls": {"cardmarket": "https://mtgjson.com/links/ff124d97af19716a", "tcgplayer": "https://mtgjson.com/links/420789593e79ecb8"}, "rarity": "uncommon", "rulings": [{"date": "2020-06-23", "text": "An ability that triggers when something becomes the target of a spell or ability resolves before the spell or ability that caused it to trigger. It resolves even if that spell or ability is countered."}, {"date": "2020-06-23", "text": "Players can cast spells and activate abilities after the triggered ability resolves but before the spell that caused it to trigger does."}], "setCode": "M21", "sourceProducts": {"foil": ["547f7fe8-5bf3-5b1f-b7d5-2348edfeb15f", "61ee3ba9-54d4-55e6-8c49-3977d922f30e"], "nonfoil": ["61ee3ba9-54d4-55e6-8c49-3977d922f30e", "ca9092e8-a921-5e37-ab9d-4b0f76bb0d01"]}, "subtypes": ["Treefolk"], "supertypes": [], "text": "Vigilance (Attacking doesn't cause this creature to tap.)\nWhenever Warden of the Woods becomes the target of a spell or ability an opponent controls, you may draw two cards.", "toughness": "7", "type": "Creature — Treefolk", "types": ["Creature"], "uuid": "10e9e12b-0485-5fe8-bebc-c78198b6c5ae"}, {"artist": "Cristi Balanescu", "artistIds": ["c09ede88-a1b5-4a18-9895-dc8a965d28a5"], "availability": ["arena", "mtgo", "paper"], "boosterTypes": ["default"], "borderColor": "black", "colorIdentity": ["G"], "colors": ["G"], "convertedManaCost": 3.0, "count": 1, "edhrecRank": 2387, "edhrecSaltiness": 0.13, "finishes": ["nonfoil", "foil"], "flavorText": "The elves of Llanowar look to their past to determine the shape of their future.", "foreignData": [{"flavorText": "Die Elfen von Llanowar schauen in ihre Vergangenheit, um etwas über ihre Zukunft zu erfahren.", "identifiers": {"multiverseId": "485775", "scryfallId": "d61a51b5-6583-4083-84d3-066bab8aa1d9"}, "language": "German", "multiverseId": 485775, "name": "Llanowar-Visionär", "text": "Wenn der Llanowar-Visionär ins Spiel kommt, ziehe eine Karte.\n{T}: Erzeuge {G}.", "type": "Kreatur — Elf, Druide"}, {"flavorText": "Los elfos de Llanowar miran su pasado para determinar su futuro.", "identifiers": {"multiverseId": "486034", "scryfallId": "f87cc6de-d402-449e-ba68-e82464ee6349"}, "language": "Spanish", "multiverseId": 486034, "name": "Visionario de Llanowar", "text": "Cuando el Visionario de Llanowar entre al campo de batalla, roba una carta.\n{T}: Agrega {G}.", "type": "Criatura — Druida elfo"}, {"flavorText": "Les elfes de Llanowar regardent leur passé pour savoir comment se profile leur avenir.", "identifiers": {"multiverseId": "486293", "scryfallId": "dd6902ad-b158-46aa-9824-161ac6d63868"}, "language": "French", "multiverseId": 486293, "name": "Visionnaire de Llanowar", "text": "Quand le Visionnaire de Llanowar arrive sur le champ de bataille, piochez une carte.\n{T} : Ajoutez {G}.", "type": "Créature : elfe et druide"}, {"flavorText": "Gli elfi di Llanowar guardano al passato per tracciare il loro futuro.", "identifiers": {"multiverseId": "486552", "scryfallId": "73afaf2c-54e8-4410-bf9e-bd938221b1b5"}, "language": "Italian", "multiverseId": 486552, "name": "Visionario di Llanowar", "text": "Quando il Visionario di Llanowar entra nel campo di battaglia, pesca una carta.\n{T}: Aggiungi {G}.", "type": "Creatura — Druido Elfo"}, {"flavorText": "ラノワールのエルフたちは、過去を見て未来の形を判断する。", "identifiers": {"multiverseId": "486811", "scryfallId": "f7a9d247-8f89-4f48-b800-2e4f531f43f1"}, "language": "Japanese", "multiverseId": 486811, "name": "ラノワールの幻想家", "text": "ラノワールの幻想家が戦場に出たとき、カードを１枚引く。\n{T}：{G}を加える。", "type": "クリーチャー — エルフ・ドルイド"}, {"flavorText": "라노워의 엘프들은 자신들의 미래의 모습을 결정하기 위해 자신들의 과거를 되돌아본다.", "identifiers": {"multiverseId": "487070", "scryfallId": "c9e654b5-1615-4433-8fb2-7ef9c5be8b17"}, "language": "Korean", "multiverseId": 487070, "name": "라노워 선지자", "text": "라노워 선지자가 전장에 들어올 때, 카드 한 장을 뽑는다.\n{T}: {G}를 추가한다.", "type": "생물 — 엘프 드루이드"}, {"flavorText": "Os elfos de Llanowar olham para o passado para determinar o próprio futuro.", "identifiers": {"multiverseId": "487329", "scryfallId": "e83e3f26-1eb2-4ead-84f6-8c81f98e2059"}, "language": "Portuguese (Brazil)", "multiverseId": 487329, "name": "Visionário de Llanowar", "text": "Quando Visionário de Llanowar entrar no campo de batalha, compre um card.\n{T}: Adicione {G}.", "type": "Criatura — Elfo Druida"}, {"flavorText": "Эльфы Лановара обращаются к прошлому, чтобы определить облик будущего.", "identifiers": {"multiverseId": "487588", "scryfallId": "6daf7c1a-42b2-45fa-89ed-7e5d992a99bb"}, "language": "Russian", "multiverseId": 487588, "name": "Лановарский Провидец", "text": "Когда Лановарский Провидец выходит на поле битвы, возьмите карту.\n{T}: добавьте {G}.", "type": "Существо — Эльф Друид"}, {"flavorText": "罗堰妖精追忆过往，形塑未来。", "identifiers": {"multiverseId": "487847", "scryfallId": "0f9f2050-4481-497d-bf57-2f8a69252a72"}, "language": "Chinese Simplified", "multiverseId": 487847, "name": "罗堰幻视师", "text": "当罗堰幻视师进战场时，抓一张牌。\n{T}：加{G}。", "type": "生物 ～妖精／德鲁伊"}, {"flavorText": "羅堰妖精追憶過往，形塑未來。", "identifiers": {"multiverseId": "488106", "scryfallId": "c6b82f08-c2ac-43cf-a6ad-61dde3e1c944"}, "language": "Chinese Traditional", "multiverseId": 488106, "name": "羅堰幻視師", "text": "當羅堰幻視師進戰場時，抽一張牌。\n{T}：加{G}。", "type": "生物 ～妖精／德魯伊"}], "frameVersion": "2015", "hasFoil": true, "hasNonFoil": true, "identifiers": {"cardsphereFoilId": "68021", "cardsphereId": "67649", "mcmId": "466454", "mcmMetaId": "306929", "mtgArenaId": "71975", "mtgjsonV4Id": "be8cf07e-cf12-508d-9183-e0cff98a4d38", "mtgoId": "81613", "multiverseId": "485516", "scryfallCardBackId": "0aeebaf5-8c7d-4636-9e82-8c27447861f7", "scryfallId": "d6e23afa-7e08-4049-baf0-d4d0134ba2c8", "scryfallIllustrationId": "fb0678e9-1e40-4f67-ac18-33b37bc39a0f", "scryfallOracleId": "f75ed312-3a23-4624-80c5-03980aa22d0b", "tcgplayerProductId": "215462"}, "isFoil": false, "language": "English", "layout": "normal", "legalities": {"brawl": "Legal", "commander": "Legal", "duel": "Legal", "explorer": "Legal", "gladiator": "Legal", "historic": "Legal", "legacy": "Legal", "modern": "Legal", "oathbreaker": "Legal", "pauper": "Legal", "paupercommander": "Legal", "pioneer": "Legal", "timeless": "Legal", "vintage": "Legal"}, "manaCost": "{2}{G}", "manaValue": 3.0, "name": "Llanowar Visionary", "number": "193", "originalText": "When Llanowar Visionary enters the battlefield, draw a card.\n{T}: Add {G}.", "originalType": "Creature — Elf Druid", "power": "2", "printings": ["M21", "PLST", "SLD"], "purchaseUrls": {"cardmarket": "https://mtgjson.com/links/106f57bb22973a68", "tcgplayer": "https://mtgjson.com/links/d979149ec5f161c0"}, "rarity": "common", "setCode": "M21", "sourceProducts": {"foil": ["547f7fe8-5bf3-5b1f-b7d5-2348edfeb15f", "61ee3ba9-54d4-55e6-8c49-3977d922f30e"], "nonfoil": ["61ee3ba9-54d4-55e6-8c49-3977d922f30e", "7cf1ca21-2f4f-5c1a-b4b8-8b453961139b", "ca9092e8-a921-5e37-ab9d-4b0f76bb0d01"]}, "subtypes": ["Elf", "Druid"], "supertypes": [], "text": "When Llanowar Visionary enters, draw a card.\n{T}: Add {G}.", "toughness": "2", "type": "Creature — Elf Druid", "types": ["Creature"], "uuid": "04c7b2db-3b3e-57be-90ef-150f3bfdcfe0", "variations": ["7993b03d-4c35-50f4-a5ea-bcb6b591cf8b"]}, {"artist": "Yeong-Hao Han", "artistIds": ["f8e7f8d6-6dde-4059-973c-30f1fd1bbe4e"], "availability": ["arena", "mtgo", "paper"], "boosterTypes": ["default"], "borderColor": "black", "colorIdentity": ["G"], "colors": ["G"], "convertedManaCost": 2.0, "count": 1, "edhrecRank": 11955, "finishes": ["nonfoil", "foil"], "flavorText": "\"Let's lure the drakes to the webs over the Samok Stand. Keep the spiders content.\"\n—Aurelia", "foreignData": [{"flavorText": "„Wir sollten die Sceadas in die Netze über'm Samokwäldchen locken. Nicht, dass die Spinnen hungrig werden.\"\n—Aurelia", "identifiers": {"multiverseId": "485789", "scryfallId": "7b513dba-d105-4c87-9d25-f105fd6caf7d"}, "language": "German", "multiverseId": 485789, "name": "Schlingenspinne", "text": "Reichweite (Diese Kreatur kann fliegende Kreaturen blocken.)\nImmer wenn die Schlingenspinne eine fliegende Kreatur blockt, erhält die Schlingenspinne +2/+0 bis zum Ende des Zuges.", "type": "Kreatur — Spinne"}, {"flavorText": "\"Atraigamos a los dracos a las redes de la Espesura de Samok. Las arañas se pondrán muy contentas\".\n—Aurelia", "identifiers": {"multiverseId": "486048", "scryfallId": "f682838e-834c-47f6-ac19-53663f460768"}, "language": "Spanish", "multiverseId": 486048, "name": "Tejetrampas", "text": "Alcance. (Esta criatura puede bloquear criaturas con la habilidad de volar.)\nSiempre que la Tejetrampas bloquee a una criatura con la habilidad de volar, la Tejetrampas obtiene +2/+0 hasta el final del turno.", "type": "Criatura — Araña"}, {"flavorText": "« Attirons les drakôns vers les toiles qui surplombent la Position de Samok. Il faut maintenir les araignées de bonne humeur. »\n—Aurélia", "identifiers": {"multiverseId": "486307", "scryfallId": "7ed391df-49f4-41ba-93e5-1be3fcccd55a"}, "language": "French", "multiverseId": 486307, "name": "Fileuse de collet", "text": "Portée (Cette créature peut bloquer les créatures avec le vol.)\nÀ chaque fois que la Fileuse de collet bloque une créature avec le vol, la Fileuse de collet gagne +2/+0 jusqu'à la fin du tour.", "type": "Créature : araignée"}, {"flavorText": "\"Attiriamo i draghetti nelle ragnatele sul Bosco Samok. I ragni ne saranno contenti.\"\n—Aurelia", "identifiers": {"multiverseId": "486566", "scryfallId": "8a20df70-f5b7-496b-9a42-b8cd25b03520"}, "language": "Italian", "multiverseId": 486566, "name": "Tessitrappole", "text": "Raggiungere (Questa creatura può bloccare le creature con volare.)\nOgniqualvolta il Tessitrappole blocca una creatura con volare, il Tessitrappole prende +2/+0 fino alla fine del turno.", "type": "Creatura — Ragno"}, {"flavorText": "「ドレイクをサーモク木立の巣網に誘い込みましょう。蜘蛛たちを満足させてやらなくては。」\n――オレリア", "identifiers": {"multiverseId": "486825", "scryfallId": "80cf2812-e0da-4822-b3e8-6d7debab8391"}, "language": "Japanese", "multiverseId": 486825, "name": "罠紡ぎ", "text": "到達（このクリーチャーは飛行を持つクリーチャーをブロックできる。）\n罠紡ぎが飛行を持つクリーチャーを１体ブロックするたび、ターン終了時まで、罠紡ぎは＋２/＋０の修整を受ける。", "type": "クリーチャー — 蜘蛛"}, {"flavorText": "\"사목 스탠드 숲의 거미줄로 드레이크들을 유인해라. 거미들을 만족시켜 주도록.\"\n—아우렐리아", "identifiers": {"multiverseId": "487084", "scryfallId": "a8421cb9-8112-4913-b9bd-04cbb9b7be70"}, "language": "Korean", "multiverseId": 487084, "name": "올가미 방직거미", "text": "대공 (이 생물은 비행을 가진 생물을 방어할 수 있다.)\n올가미 방직거미가 비행을 가진 생물을 방어할 때마다, 올가미 방직거미는 턴종료까지 +2/+0을 받는다.", "type": "생물 — 거미"}, {"flavorText": "\"Vamos atrair os dragonetes para as teias no Arvoredo de Samok. Vamos manter as aranhas satisfeitas.\"\n— Aurélia", "identifiers": {"multiverseId": "487343", "scryfallId": "1a827e98-5005-47b7-b94a-2c6cf05e951e"}, "language": "Portuguese (Brazil)", "multiverseId": 487343, "name": "Tecedora de Ardis", "text": "Alcance (Esta criatura pode bloquear criaturas com voar.)\nToda vez que Tecedora de Ardis bloqueia uma criatura com voar, Tecedora de Ardis recebe +2/+0 até o final do turno.", "type": "Criatura — Aranha"}, {"flavorText": "«Заманим дрейков в паутину над Самокским лесом. Пусть пауки порадуются».\n— Аурелия", "identifiers": {"multiverseId": "487602", "scryfallId": "6f6f9b66-f5a7-4443-a9a5-2c524080b283"}, "language": "Russian", "multiverseId": 487602, "name": "Плетельщик Силков", "text": "Захват (Это существо может блокировать существа с Полетом.)\nКаждый раз, когда Плетельщик Силков блокирует существо с Полетом, Плетельщик Силков получает +2/+0 до конца хода.", "type": "Существо — Паук"}, {"flavorText": "「我们去把龙兽都引到撒莫林的蛛网那里。让蜘蛛们饱餐一顿。」\n～欧瑞梨", "identifiers": {"multiverseId": "487861", "scryfallId": "14fe8057-b8ce-4dd8-b00c-f71c2f64b139"}, "language": "Chinese Simplified", "multiverseId": 487861, "name": "织陷蛛", "text": "延势（此生物能阻挡具飞行异能的生物。）\n每当织陷蛛阻挡一个具飞行异能的生物时，织陷蛛得+2/+0直到回合结束。", "type": "生物 ～蜘蛛"}, {"flavorText": "「我們去把龍獸都引到撒莫林的蛛網那裡。讓蜘蛛們飽餐一頓。」\n～歐瑞梨", "identifiers": {"multiverseId": "488120", "scryfallId": "97f7ce79-4ef0-457f-8cc7-46c3db665fc0"}, "language": "Chinese Traditional", "multiverseId": 488120, "name": "織陷蛛", "text": "延勢（此生物能阻擋具飛行異能的生物。）\n每當織陷蛛阻擋一個具飛行異能的生物時，織陷蛛得+2/+0直到回合結束。", "type": "生物 ～蜘蛛"}], "frameVersion": "2015", "hasFoil": true, "hasNonFoil": true, "identifiers": {"cardsphereFoilId": "68097", "cardsphereId": "67821", "mcmId": "471939", "mcmMetaId": "269799", "mtgArenaId": "71989", "mtgjsonV4Id": "c4d69074-e100-574a-9980-270618069fa5", "mtgoId": "81641", "multiverseId": "485530", "scryfallCardBackId": "0aeebaf5-8c7d-4636-9e82-8c27447861f7", "scryfallId": "46700ccc-0975-49d1-b3fc-edb1eda3b624", "scryfallIllustrationId": "d9ce48c7-60ca-4385-aef6-8dc1ef49b7a0", "scryfallOracleId": "0f63de7b-03f2-49ad-b217-88fe9c50d68a", "tcgplayerProductId": "215914"}, "isFoil": false, "isReprint": true, "keywords": ["Reach"], "language": "English", "layout": "normal", "legalities": {"brawl": "Legal", "commander": "Legal", "duel": "Legal", "explorer": "Legal", "future": "Legal", "gladiator": "Legal", "historic": "Legal", "legacy": "Legal", "modern": "Legal", "oathbreaker": "Legal", "pauper": "Legal", "paupercommander": "Legal", "pioneer": "Legal", "standard": "Legal", "standardbrawl": "Legal", "timeless": "Legal", "vintage": "Legal"}, "manaCost": "{1}{G}", "manaValue": 2.0, "name": "Snarespinner", "number": "207", "originalText": "Reach (This creature can block creatures with flying.)\nWhenever Snarespinner blocks a creature with flying, Snarespinner gets +2/+0 until end of turn.", "originalType": "Creature — Spider", "power": "1", "printings": ["DMU", "M21", "WAR"], "purchaseUrls": {"cardmarket": "https://mtgjson.com/links/93ad2c4deb310200", "tcgplayer": "https://mtgjson.com/links/0f4ea6c25e282503"}, "rarity": "common", "rulings": [{"date": "2019-04-18", "text": "This free card preview was provided to Scryfall by Wizards of the Coast. Thank you!"}], "setCode": "M21", "sourceProducts": {"foil": ["547f7fe8-5bf3-5b1f-b7d5-2348edfeb15f", "61ee3ba9-54d4-55e6-8c49-3977d922f30e"], "nonfoil": ["61ee3ba9-54d4-55e6-8c49-3977d922f30e", "7cf1ca21-2f4f-5c1a-b4b8-8b453961139b", "ca9092e8-a921-5e37-ab9d-4b0f76bb0d01"]}, "subtypes": ["Spider"], "supertypes": [], "text": "Reach\nWhenever Snarespinner blocks a creature with flying, Snarespinner gets +2/+0 until end of turn.", "toughness": "3", "type": "Creature — Spider", "types": ["Creature"], "uuid": "637cfcc8-3eeb-56a3-94a0-4a51d085162f"}, {"artist": "Raoul Vitale", "artistIds": ["c7c15d49-f84b-4d98-9a34-e80e8347b756"], "availability": ["arena", "mtgo", "paper"], "boosterTypes": ["default"], "borderColor": "black", "colorIdentity": ["G"], "colors": ["G"], "convertedManaCost": 5.0, "count": 1, "edhrecRank": 22599, "edhrecSaltiness": 0.1, "finishes": ["nonfoil", "foil"], "foreignData": [{"identifiers": {"multiverseId": "485769", "scryfallId": "537ccca7-e377-458d-a303-3c50deece9dd"}, "language": "German", "multiverseId": 485769, "name": "Knorriger Weiser", "text": "Reichweite (Diese Kreatur kann fliegende Kreaturen blocken.)\nSolange du in diesem Zug zwei oder mehr Karten gezogen hast, erhält der Knorrige Weise +0/+2 und hat Wachsamkeit. (Er wird beim Angreifen nicht getappt.)", "type": "Kreatur — Baumhirte, Druide"}, {"identifiers": {"multiverseId": "486028", "scryfallId": "71ea33b9-6406-4df8-b6d0-c940d5a7a64d"}, "language": "Spanish", "multiverseId": 486028, "name": "Sabio nudoso", "text": "Alcance. (Esta criatura puede bloquear criaturas con la habilidad de volar.)\nMientras hayas robado dos o más cartas este turno, el Sabio nudoso obtiene +0/+2 y tiene la habilidad de vigilancia. (Esta criatura no se gira al atacar.)", "type": "Criatura — Druida pueblo-arbóreo"}, {"identifiers": {"multiverseId": "486287", "scryfallId": "709fc043-1406-440d-bdf0-87e8e18b879b"}, "language": "French", "multiverseId": 486287, "name": "Sage noueux", "text": "Portée (Cette créature peut bloquer les créatures avec le vol.)\nTant que vous avez pioché au moins deux cartes ce tour-ci, le Sage noueux gagne +0/+2 et a la vigilance. (Attaquer avec cette créature ne la fait pas s'engager.)", "type": "Créature : sylvin et druide"}, {"identifiers": {"multiverseId": "486546", "scryfallId": "1e86a9c8-594b-4f60-8a5f-ced3c8f199d0"}, "language": "Italian", "multiverseId": 486546, "name": "Saggio Ritorto", "text": "Raggiungere (Questa creatura può bloccare le creature con volare.)\nSe hai pescato due o più carte in questo turno, il Saggio Ritorto prende +0/+2 e ha cautela. (Attacca senza TAPpare.)", "type": "Creatura — Druido Silvantropo"}, {"identifiers": {"multiverseId": "486805", "scryfallId": "b2e8c191-d7e8-4432-b085-f8d2bf09f948"}, "language": "Japanese", "multiverseId": 486805, "name": "節くれの賢者", "text": "到達（このクリーチャーは飛行を持つクリーチャーをブロックできる。）\nこのターンにあなたがカードを２枚以上引いているかぎり、節くれの賢者は＋０/＋２の修整を受け警戒を持つ。（これは攻撃してもタップしない。）", "type": "クリーチャー — ツリーフォーク・ドルイド"}, {"identifiers": {"multiverseId": "487064", "scryfallId": "e202fc8f-0e82-45f0-a973-60876dbe336e"}, "language": "Korean", "multiverseId": 487064, "name": "뒤틀린 현자", "text": "대공 (이 생물은 비행을 가진 생물을 방어할 수 있다.)\n당신이 이번 턴에 카드를 두 장 이상 뽑은 한, 뒤틀린 현자는 +0/+2를 받고 경계를 가진다. (이 생물은 공격하면서 탭되지 않는다.)", "type": "생물 — 인목 드루이드"}, {"identifiers": {"multiverseId": "487323", "scryfallId": "ccb2e19c-e0f4-41a3-8a2a-12f824ed4fc5"}, "language": "Portuguese (Brazil)", "multiverseId": 487323, "name": "Sábio Nodoso", "text": "Alcance (Esta criatura pode bloquear criaturas com voar.)\nContanto que você tenha comprado dois ou mais cards neste turno, Sábio Nodoso recebe +0/+2 e tem vigilância. (Esta criatura não é virada para atacar.)", "type": "Criatura — Ent Druida"}, {"identifiers": {"multiverseId": "487582", "scryfallId": "883bdb6a-e6b4-47b4-b68d-df5300b493b1"}, "language": "Russian", "multiverseId": 487582, "name": "Узловатый Мудрец", "text": "Захват (Это существо может блокировать существа с Полетом.)\nУзловатый Мудрец получает +0/+2 и имеет Бдительность при условии, что в этом ходу вы уже взяли не менее двух карт. (Атакуя, он не поворачивается.)", "type": "Существо — Лесовик Друид"}, {"identifiers": {"multiverseId": "487841", "scryfallId": "e7bcf14e-a1a6-4ec7-b0b3-34bb6f7755d7"}, "language": "Chinese Simplified", "multiverseId": 487841, "name": "糙节智者", "text": "延势（此生物能阻挡具飞行异能的生物。）\n只要你本回合中已抓两张或更多牌，糙节智者便得+0/+2且具有警戒异能。（它攻击时不需横置。）", "type": "生物 ～树妖／德鲁伊"}, {"identifiers": {"multiverseId": "488100", "scryfallId": "fc7e113f-f7c4-49a4-973e-c4492c332efb"}, "language": "Chinese Traditional", "multiverseId": 488100, "name": "糙節智者", "text": "延勢（此生物能阻擋具飛行異能的生物。）\n只要你本回合中已抽兩張或更多牌，糙節智者便得+0/+2且具有警戒異能。（它攻擊時不需橫置。）", "type": "生物 ～樹妖／德魯伊"}], "frameVersion": "2015", "hasFoil": true, "hasNonFoil": true, "identifiers": {"cardsphereFoilId": "67986", "cardsphereId": "67847", "mcmId": "471984", "mcmMetaId": "308294", "mtgArenaId": "71969", "mtgjsonV4Id": "f71b1ed1-3c38-5a56-9e44-03ed7c7520ef", "mtgoId": "81601", "multiverseId": "485510", "scryfallCardBackId": "0aeebaf5-8c7d-4636-9e82-8c27447861f7", "scryfallId": "5f22116a-8b6a-4bbe-999f-7329e1e2b2d9", "scryfallIllustrationId": "e144a996-704a-4d97-9bc6-995bd274d660", "scryfallOracleId": "c36d7c2b-204f-432e-b8e2-ffb3ffb49231", "tcgplayerProductId": "215921"}, "isFoil": false, "keywords": ["Reach"], "language": "English", "layout": "normal", "legalities": {"brawl": "Legal", "commander": "Legal", "duel": "Legal", "explorer": "Legal", "gladiator": "Legal", "historic": "Legal", "legacy": "Legal", "modern": "Legal", "oathbreaker": "Legal", "pauper": "Legal", "paupercommander": "Legal", "penny": "Legal", "pioneer": "Legal", "timeless": "Legal", "vintage": "Legal"}, "manaCost": "{3}{G}{G}", "manaValue": 5.0, "name": "Gnarled Sage", "number": "187", "originalText": "Reach (This creature can block creatures with flying.)\nAs long as you've drawn two or more cards this turn, Gnarled Sage gets +0/+2 and has vigilance. (Attacking doesn't cause it to tap.)", "originalType": "Creature — Treefolk Druid", "power": "4", "printings": ["M21"], "purchaseUrls": {"cardmarket": "https://mtgjson.com/links/5172fd2d45727f14", "tcgplayer": "https://mtgjson.com/links/46c84c89501468cd"}, "rarity": "common", "rulings": [{"date": "2020-06-23", "text": "Gnarled Sage gets +0/+2 just once, no matter how many cards you've drawn past the second."}, {"date": "2020-06-23", "text": "If Gnarled Sage gains vigilance after it has attacked, it won't become untapped."}, {"date": "2020-06-23", "text": "If a spell or ability causes you to put a card into your hand without specifically using the word “draw,” it's not a card drawn."}], "setCode": "M21", "sourceProducts": {"foil": ["547f7fe8-5bf3-5b1f-b7d5-2348edfeb15f", "61ee3ba9-54d4-55e6-8c49-3977d922f30e"], "nonfoil": ["61ee3ba9-54d4-55e6-8c49-3977d922f30e", "ca9092e8-a921-5e37-ab9d-4b0f76bb0d01"]}, "subtypes": ["Treefolk", "Druid"], "supertypes": [], "text": "Reach (This creature can block creatures with flying.)\nAs long as you've drawn two or more cards this turn, Gnarled Sage gets +0/+2 and has vigilance. (Attacking doesn't cause it to tap.)", "toughness": "4", "type": "Creature — Treefolk Druid", "types": ["Creature"], "uuid": "7e0cac9c-f650-5252-bb53-632bd9b6febd"}, {"artist": "Zack Stella", "artistIds": ["17bc7f55-958b-43f4-bb40-09746d05b3f9"], "availability": ["arena", "paper"], "boosterTypes": ["default"], "borderColor": "black", "colorIdentity": ["G"], "colors": ["G"], "convertedManaCost": 2.0, "count": 1, "edhrecRank": 7049, "finishes": ["nonfoil"], "flavorText": "Many elves incorporate the beauty of nature into their inventions. Very few capture its savagery.", "foreignData": [], "frameVersion": "2015", "hasFoil": false, "hasNonFoil": true, "identifiers": {"cardsphereId": "68574", "mcmId": "472724", "mcmMetaId": "223849", "mtgArenaId": "72474", "mtgjsonV4Id": "727e81ef-2ecf-5698-bc2e-3482c61fc46b", "multiverseId": "489395", "scryfallCardBackId": "0aeebaf5-8c7d-4636-9e82-8c27447861f7", "scryfallId": "77cf9d11-936f-4e02-8595-0cbcabaafb1e", "scryfallIllustrationId": "1bf880ea-a1f8-4292-823e-ba4b0443e484", "scryfallOracleId": "8c04663a-1023-49a5-a0b9-78f24a72fb1e", "tcgplayerProductId": "216026"}, "isFoil": false, "isReprint": true, "language": "English", "layout": "normal", "legalities": {"brawl": "Legal", "commander": "Legal", "duel": "Legal", "explorer": "Legal", "gladiator": "Legal", "historic": "Legal", "legacy": "Legal", "modern": "Legal", "oathbreaker": "Legal", "pioneer": "Legal", "timeless": "Legal", "vintage": "Legal"}, "manaCost": "{1}{G}", "manaValue": 2.0, "name": "Nature's Way", "number": "412", "printings": ["DDU", "JMP", "KLD", "KLR", "PLST"], "purchaseUrls": {"cardmarket": "https://mtgjson.com/links/75de4a057d92cf02", "tcgplayer": "https://mtgjson.com/links/27ff606651e39f7e"}, "rarity": "uncommon", "rulings": [{"date": "2016-09-20", "text": "If either target is an illegal target as Nature's Way resolves, no damage will be dealt."}, {"date": "2016-09-20", "text": "If the creature you don't control is an illegal target as Nature's Way tries to resolve, the creature you control will still gain vigilance and trample."}, {"date": "2016-09-20", "text": "Trample only applies to the assignment of combat damage, not the damage Nature's Way has the creature deal."}, {"date": "2016-09-20", "text": "You can't cast Nature's Way unless you choose both a creature you control and a creature you don't control as targets."}], "setCode": "JMP", "sourceProducts": {"nonfoil": ["ca9092e8-a921-5e37-ab9d-4b0f76bb0d01"]}, "subtypes": [], "supertypes": [], "text": "Target creature you control gains vigilance and trample until end of turn. It deals damage equal to its power to target creature you don't control.", "type": "Sorcery", "types": ["Sorcery"], "uuid": "8b5d05b2-9356-501a-9489-1a0f0a8940e6"}, {"artist": "John Avon", "artistIds": ["798f3932-30e0-4420-aa3f-db4d613f89ca"], "availability": ["arena", "paper"], "boosterTypes": ["default"], "borderColor": "black", "colorIdentity": ["G"], "colors": ["G"], "convertedManaCost": 2.0, "count": 1, "edhrecRank": 262, "edhrecSaltiness": 0.15, "finishes": ["nonfoil"], "flavorText": "An explorer's reward is a view of tomorrow's possibilities.", "foreignData": [], "frameVersion": "2015", "hasFoil": false, "hasNonFoil": true, "identifiers": {"cardsphereId": "68441", "mcmId": "472744", "mcmMetaId": "10996", "mtgArenaId": "72455", "mtgjsonV4Id": "4bdfe4f6-c3a8-558b-8967-438e2f369dd8", "multiverseId": "489376", "scryfallCardBackId": "0aeebaf5-8c7d-4636-9e82-8c27447861f7", "scryfallId": "8ea6c234-ede2-4543-ab8e-38d7a503a5e1", "scryfallIllustrationId": "040374ea-51ba-4f90-b6fc-e850b6591031", "scryfallOracleId": "b8f566ea-8283-4afa-9ac8-737e26419283", "tcgplayerProductId": "216024"}, "isFoil": false, "isReprint": true, "language": "English", "layout": "normal", "legalities": {"brawl": "Legal", "commander": "Legal", "duel": "Legal", "gladiator": "Legal", "historic": "Legal", "legacy": "Legal", "modern": "Legal", "oathbreaker": "Legal", "pauper": "Legal", "paupercommander": "Legal", "predh": "Legal", "timeless": "Legal", "vintage": "Legal"}, "manaCost": "{1}{G}", "manaValue": 2.0, "name": "Explore", "number": "393", "printings": ["40K", "AFC", "BLC", "C18", "C19", "CLB", "CMR", "DDO", "DMC", "E01", "JMP", "LCC", "LTC", "MM3", "NCC", "OTC", "PLST", "PRM", "SLD", "SLP", "WHO", "WWK"], "purchaseUrls": {"cardmarket": "https://mtgjson.com/links/422fbbd56f2a3b77", "tcgplayer": "https://mtgjson.com/links/acff79a8fee5b9e7"}, "rarity": "common", "rulings": [{"date": "2017-03-14", "text": "Explore's effect allows you to play an additional land during your main phase. Doing so follows the normal timing rules for playing lands. In particular, you don't get to play a land as Explore resolves; Explore fully resolves first and you draw a card, perhaps a land you'll play later."}, {"date": "2017-03-14", "text": "If you somehow manage to cast Explore when it's not your turn, you'll draw a card when it resolves, but you won't be able to play a land that turn."}, {"date": "2017-03-14", "text": "The effects of multiple Explores in the same turn are cumulative. They're also cumulative with other effects that let you play additional lands, such as the one from Urban Evolution."}], "setCode": "JMP", "sourceProducts": {"nonfoil": ["ca9092e8-a921-5e37-ab9d-4b0f76bb0d01"]}, "subtypes": [], "supertypes": [], "text": "You may play an additional land this turn.\nDraw a card.", "type": "Sorcery", "types": ["Sorcery"], "uuid": "a013de81-5792-53c9-add8-c13c4b41c4c2"}, {"artist": "Christopher Moeller", "artistIds": ["21e10012-06ae-44f2-b38d-3824dd2e73d4"], "availability": ["arena", "paper"], "boosterTypes": ["default"], "borderColor": "black", "colorIdentity": ["G"], "colors": ["G"], "convertedManaCost": 2.0, "count": 1, "edhrecRank": 10794, "edhrecSaltiness": 0.11, "finishes": ["nonfoil"], "flavorText": "The power of the wild, concentrated in a single charge.", "foreignData": [], "frameVersion": "2015", "hasFoil": false, "hasNonFoil": true, "identifiers": {"cardsphereId": "68496", "mcmId": "472729", "mcmMetaId": "76", "mtgArenaId": "72436", "mtgjsonV4Id": "2b1e0838-b331-5444-9006-03dd2ae7d09b", "multiverseId": "489357", "scryfallCardBackId": "0aeebaf5-8c7d-4636-9e82-8c27447861f7", "scryfallId": "ff69e6a8-f34f-4aea-9a54-c4b64ed3116c", "scryfallIllustrationId": "f4a2d3c4-15b8-4808-a5c5-56aaefc0dfcc", "scryfallOracleId": "43f5a93b-0f8d-48d2-ab9d-275d44cf88b5", "tcgplayerProductId": "216028"}, "isFoil": false, "isReprint": true, "language": "English", "layout": "normal", "legalities": {"brawl": "Legal", "commander": "Legal", "duel": "Legal", "explorer": "Legal", "gladiator": "Legal", "historic": "Legal", "legacy": "Legal", "modern": "Legal", "oathbreaker": "Legal", "pauper": "Legal", "paupercommander": "Legal", "penny": "Legal", "pioneer": "Legal", "predh": "Legal", "premodern": "Legal", "timeless": "Legal", "vintage": "Legal"}, "manaCost": "{1}{G}", "manaValue": 2.0, "name": "Aggressive Urge", "number": "374", "printings": ["10E", "INV", "JMP", "PLST", "RIX"], "purchaseUrls": {"cardmarket": "https://mtgjson.com/links/c8bac1d96614d4e2", "tcgplayer": "https://mtgjson.com/links/c9f5d683ebfe6c29"}, "rarity": "common", "rulings": [{"date": "2018-01-19", "text": "If the target creature is an illegal target by the time Aggressive Urge tries to resolve, the spell doesn’t resolve. You won’t draw a card."}], "setCode": "JMP", "sourceProducts": {"nonfoil": ["ca9092e8-a921-5e37-ab9d-4b0f76bb0d01"]}, "subtypes": [], "supertypes": [], "text": "Target creature gets +1/+1 until end of turn.\nDraw a card.", "type": "Instant", "types": ["Instant"], "uuid": "0665d2a7-0643-5678-b31d-16e205ae5b9a"}, {"artist": "Tomasz Jedruszek", "artistIds": ["bba69285-2445-4a4b-a847-59397be972ea"], "availability": ["arena", "paper"], "boosterTypes": ["default"], "borderColor": "black", "colorIdentity": ["G"], "colors": ["G"], "convertedManaCost": 3.0, "count": 1, "edhrecRank": 12290, "finishes": ["nonfoil"], "flavorText": "\"Do not mistake your lofty vantage point for safety.\"\n—Shaper Tuvasa", "foreignData": [], "frameVersion": "2015", "hasFoil": false, "hasNonFoil": true, "identifiers": {"cardsphereId": "68397", "mcmId": "472739", "mcmMetaId": "227035", "mtgArenaId": "72448", "mtgjsonV4Id": "57c2cc12-0e80-5dfc-90b1-521bc2545b64", "multiverseId": "489369", "scryfallCardBackId": "0aeebaf5-8c7d-4636-9e82-8c27447861f7", "scryfallId": "01398f5f-f38e-45a7-b755-e65c8fa779f8", "scryfallIllustrationId": "b1aa1bb6-1004-463c-87cc-cf24f06e7c84", "scryfallOracleId": "618cd1bc-4422-441b-906f-1a209277be93", "tcgplayerProductId": "216025"}, "isFoil": false, "isReprint": true, "language": "English", "layout": "normal", "legalities": {"brawl": "Legal", "commander": "Legal", "duel": "Legal", "explorer": "Legal", "gladiator": "Legal", "historic": "Legal", "legacy": "Legal", "modern": "Legal", "oathbreaker": "Legal", "pauper": "Legal", "paupercommander": "Legal", "penny": "Legal", "pioneer": "Legal", "timeless": "Legal", "vintage": "Legal"}, "manaCost": "{2}{G}", "manaValue": 3.0, "name": "Crushing Canopy", "number": "386", "printings": ["DBL", "GRN", "JMP", "PLST", "UMA", "VOW", "XLN"], "purchaseUrls": {"cardmarket": "https://mtgjson.com/links/6936a736f6f08faf", "tcgplayer": "https://mtgjson.com/links/114721d673cf6945"}, "rarity": "common", "setCode": "JMP", "sourceProducts": {"nonfoil": ["ca9092e8-a921-5e37-ab9d-4b0f76bb0d01"]}, "subtypes": [], "supertypes": [], "text": "Choose one —\n• Destroy target creature with flying.\n• Destroy target enchantment.", "type": "Instant", "types": ["Instant"], "uuid": "2f96a3a8-d104-543d-a004-6c8381505dcb"}, {"artist": "Ravenna Tran", "artistIds": ["e24bc1d0-446b-45e0-b215-89f581837aa4"], "availability": ["arena", "mtgo", "paper"], "boosterTypes": ["default"], "borderColor": "black", "colorIdentity": ["G"], "colors": [], "convertedManaCost": 0.0, "count": 1, "edhrecRank": 1455, "edhrecSaltiness": 0.07, "finishes": ["nonfoil"], "flavorText": "Far from human eyes, birds flit between vivid blossoms in a hidden paradise.", "foreignData": [], "frameVersion": "2015", "hasFoil": false, "hasNonFoil": true, "identifiers": {"cardsphereId": "68325", "mcmId": "472519", "mcmMetaId": "308469", "mtgArenaId": "72137", "mtgjsonV4Id": "ca13accf-59c0-501e-b7b2-aa330f54509b", "mtgoId": "81815", "multiverseId": "489201", "scryfallCardBackId": "0aeebaf5-8c7d-4636-9e82-8c27447861f7", "scryfallId": "79cabbe0-1c44-4888-8ebc-25a4c3e2c5d7", "scryfallIllustrationId": "1923327d-f432-4e93-bdea-f0280263e7f5", "scryfallOracleId": "a8052556-8962-4130-86a8-6fb7b6a324f7", "tcgplayerProductId": "215959"}, "isFoil": false, "language": "English", "layout": "normal", "legalities": {"brawl": "Legal", "commander": "Legal", "duel": "Legal", "gladiator": "Legal", "historic": "Legal", "legacy": "Legal", "oathbreaker": "Legal", "pauper": "Legal", "paupercommander": "Legal", "timeless": "Legal", "vintage": "Legal"}, "manaValue": 0.0, "name": "Thriving Grove", "number": "34", "printings": ["AFC", "BLC", "CLU", "CMM", "J22", "JMP", "LCC", "NCC", "WHO"], "purchaseUrls": {"cardmarket": "https://mtgjson.com/links/9b8baeed412a1337", "tcgplayer": "https://mtgjson.com/links/f987bb39ef8022e0"}, "rarity": "common", "setCode": "JMP", "sourceProducts": {"nonfoil": ["ca9092e8-a921-5e37-ab9d-4b0f76bb0d01"]}, "subtypes": [], "supertypes": [], "text": "Thriving Grove enters tapped. As it enters, choose a color other than green.\n{T}: Add {G} or one mana of the chosen color.", "type": "Land", "types": ["Land"], "uuid": "556a45ee-13ad-5940-b9e6-e358dc7b925b"}, {"artist": "Volkan Baǵa", "artistIds": ["93bec3c0-0260-4d31-8064-5d01efb4153f"], "availability": ["arena", "mtgo", "paper"], "boosterTypes": ["default"], "borderColor": "black", "colorIdentity": ["G"], "colors": [], "convertedManaCost": 0.0, "count": 6, "edhrecSaltiness": 0.35, "finishes": ["nonfoil", "foil"], "foreignData": [{"identifiers": {"multiverseId": "488488", "scryfallId": "14f1bd64-5fb8-4cca-aa1f-bbe2e70c12b7"}, "language": "German", "multiverseId": 488488, "name": "Wald", "type": "Standardland — Wald"}, {"identifiers": {"multiverseId": "488503", "scryfallId": "39d2ae16-7544-4d70-a53d-8444167b8d40"}, "language": "Spanish", "multiverseId": 488503, "name": "Bosque", "type": "Tierra básica — Bosque"}, {"identifiers": {"multiverseId": "488518", "scryfallId": "ee7cfb04-35ba-4977-8370-f563a5ebfd64"}, "language": "French", "multiverseId": 488518, "name": "Forêt", "type": "Terrain de base : forêt"}, {"identifiers": {"multiverseId": "488533", "scryfallId": "84a2ea1a-b827-45b8-8bd1-2292d0324e9c"}, "language": "Italian", "multiverseId": 488533, "name": "Foresta", "type": "Terra Base — Foresta"}, {"identifiers": {"multiverseId": "488548", "scryfallId": "b4561024-a0cf-4dc7-8548-5e680dac43ae"}, "language": "Japanese", "multiverseId": 488548, "name": "森", "type": "基本土地 — 森"}, {"identifiers": {"multiverseId": "488563", "scryfallId": "134d5ee7-6259-4d36-8df8-5995c59ab159"}, "language": "Korean", "multiverseId": 488563, "name": "숲", "type": "기본 대지 — 숲"}, {"identifiers": {"multiverseId": "488578", "scryfallId": "64bc2068-9555-4e1c-8e19-ab4953505a8f"}, "language": "Portuguese (Brazil)", "multiverseId": 488578, "name": "Floresta", "type": "Terreno Básico — Floresta"}, {"identifiers": {"multiverseId": "488593", "scryfallId": "93bef44e-b878-4999-81b9-fd396678c173"}, "language": "Russian", "multiverseId": 488593, "name": "Лес", "type": "Базовая Земля — Лес"}, {"identifiers": {"multiverseId": "488608", "scryfallId": "1c854fe3-b864-4f90-9323-b3a886cc834d"}, "language": "Chinese Simplified", "multiverseId": 488608, "name": "树林", "type": "基本地 ～树林"}, {"identifiers": {"multiverseId": "488623", "scryfallId": "7bab2314-5174-460d-a8d1-d18e64889f5a"}, "language": "Chinese Traditional", "multiverseId": 488623, "name": "樹林", "type": "基本地 ～樹林"}], "frameVersion": "2015", "hasFoil": true, "hasNonFoil": true, "identifiers": {"cardsphereFoilId": "67969", "cardsphereId": "67952", "mcmId": "471139", "mtgArenaId": "72092", "mtgjsonV4Id": "c33f1628-a673-561a-bf5b-aeb2884af676", "mtgoId": "81223", "multiverseId": "488473", "scryfallCardBackId": "0aeebaf5-8c7d-4636-9e82-8c27447861f7", "scryfallId": "3279314f-d639-4489-b2ab-3621bb3ca64b", "scryfallIllustrationId": "5588ba98-4d59-4f11-b317-9de705fd74a8", "scryfallOracleId": "b34bb2dc-c1af-4d77-b0b3-a0fb342a5fc6", "tcgplayerProductId": "215725"}, "isFoil": false, "isReprint": true, "language": "English", "layout": "normal", "legalities": {"alchemy": "Legal", "brawl": "Legal", "commander": "Legal", "duel": "Legal", "explorer": "Legal", "future": "Legal", "gladiator": "Legal", "historic": "Legal", "legacy": "Legal", "modern": "Legal", "oathbreaker": "Legal", "pauper": "Legal", "paupercommander": "Legal", "penny": "Legal", "pioneer": "Legal", "predh": "Legal", "premodern": "Legal", "standard": "Legal", "standardbrawl": "Legal", "timeless": "Legal", "vintage": "Legal"}, "manaValue": 0.0, "name": "Forest", "number": "272", "originalText": "G", "originalType": "Basic Land — Forest", "printings": ["10E", "2ED", "2XM", "30A", "3ED", "40K", "4BB", "4ED", "5ED", "6ED", "7ED", "8ED", "9ED", "ACR", "AFR", "AKH", "AKR", "ALA", "ANA", "ANB", "ARC", "ATH", "AVR", "BBD", "BFZ", "BLB", "BRB", "BRO", "BTD", "C13", "C14", "C15", "C16", "C17", "C18", "C19", "CED", "CEI", "CHK", "CLB", "CLU", "CM2", "CMA", "CMD", "CMM", "CMR", "CST", "DD1", "DDD", "DDE", "DDG", "DDH", "DDJ", "DDL", "DDM", "DDO", "DDP", "DDR", "DDS", "DDU", "DKM", "DMR", "DMU", "DOM", "DPA", "DSK", "DTK", "E01", "ELD", "EVG", "FBB", "FRF", "G17", "GK1", "GK2", "GN2", "GN3", "GNT", "GRN", "GS1", "GVL", "H09", "HBG", "HOP", "HOU", "ICE", "IKO", "INV", "ISD", "ITP", "J14", "J22", "JMP", "KHM", "KLD", "KLR", "KTK", "LCI", "LEA", "LEB", "LRW", "LTR", "M10", "M11", "M12", "M13", "M14", "M15", "M19", "M20", "M21", "MBS", "ME1", "ME3", "MH2", "MH3", "MID", "MIR", "MKM", "MMQ", "MOM", "MRD", "NEO", "NPH", "ODY", "OLEP", "ONE", "ONS", "ORI", "OTJ", "P02", "P23", "PAL00", "PAL01", "PAL03", "PAL04", "PAL05", "PAL06", "PAL99", "PALP", "PANA", "PARL", "PC2", "PCA", "PELP", "PF19", "PF20", "PGPX", "PGRU", "PIP", "PLST", "PMPS", "PMPS06", "PMPS07", "PMPS08", "PMPS09", "PMPS10", "PMPS11", "POR", "PPP1", "PRM", "PRW2", "PRWK", "PS11", "PSAL", "PSS2", "PSS3", "PSS4", "PTC", "PTK", "PZ2", "RAV", "REX", "RIX", "RNA", "ROE", "RQS", "RTR", "S99", "SCD", "SHM", "SIR", "SLD", "SNC", "SOI", "SOM", "STX", "SUM", "TD0", "TD2", "THB", "THS", "TMP", "TPR", "TSP", "UGL", "UND", "UNF", "UNH", "USG", "UST", "VOW", "WAR", "WC00", "WC01", "WC02", "WC03", "WC04", "WC97", "WC98", "WC99", "WHO", "WOE", "XANA", "XLN", "ZEN", "ZNR"], "purchaseUrls": {"tcgplayer": "https://mtgjson.com/links/ed803d1dee441891"}, "rarity": "common", "setCode": "M21", "sourceProducts": {"foil": ["547f7fe8-5bf3-5b1f-b7d5-2348edfeb15f", "61ee3ba9-54d4-55e6-8c49-3977d922f30e"], "nonfoil": ["61ee3ba9-54d4-55e6-8c49-3977d922f30e", "7cf1ca21-2f4f-5c1a-b4b8-8b453961139b", "c3fb860d-a205-5fa8-a121-c962efe554b9", "ca9092e8-a921-5e37-ab9d-4b0f76bb0d01"]}, "subtypes": ["Forest"], "supertypes": ["Basic"], "text": "({T}: Add {G}.)", "type": "Basic Land — Forest", "types": ["Land"], "uuid": "6bbebbf3-912c-5f84-a73d-24230fd8eedf", "variations": ["dcf5782a-6dd7-5f23-9fd9-d1e58ca021e5", "d2df9ae2-3b2e-5527-b3d0-c4bf5fd4142c", "16c6758e-a4b1-5a71-b003-e953b496340e"]}, {"artist": "Cliff Childs", "artistIds": ["ed6f7e03-20ba-4c73-bdda-4a4928480721"], "availability": ["arena", "paper"], "boosterTypes": ["default"], "borderColor": "black", "colorIdentity": ["G"], "colors": [], "convertedManaCost": 0.0, "count": 1, "edhrecSaltiness": 0.35, "finishes": ["nonfoil"], "foreignData": [], "frameVersion": "2015", "hasFoil": false, "hasNonFoil": true, "identifiers": {"cardsphereId": "68442", "mcmId": "472754", "mtgArenaId": "72590", "mtgjsonV4Id": "441c0bc0-2f00-5655-8df3-931256648e3a", "multiverseId": "489654", "scryfallCardBackId": "0aeebaf5-8c7d-4636-9e82-8c27447861f7", "scryfallId": "a6712361-976a-4ef9-bae9-48505344904e", "scryfallIllustrationId": "1e2a3add-9ab5-4ef0-b719-269fa029b59d", "scryfallOracleId": "b34bb2dc-c1af-4d77-b0b3-a0fb342a5fc6", "tcgplayerProductId": "216031"}, "isFoil": false, "isReprint": true, "language": "English", "layout": "normal", "legalities": {"alchemy": "Legal", "brawl": "Legal", "commander": "Legal", "duel": "Legal", "explorer": "Legal", "future": "Legal", "gladiator": "Legal", "historic": "Legal", "legacy": "Legal", "modern": "Legal", "oathbreaker": "Legal", "pauper": "Legal", "paupercommander": "Legal", "penny": "Legal", "pioneer": "Legal", "predh": "Legal", "premodern": "Legal", "standard": "Legal", "standardbrawl": "Legal", "timeless": "Legal", "vintage": "Legal"}, "manaValue": 0.0, "name": "Forest", "number": "70", "printings": ["10E", "2ED", "2XM", "30A", "3ED", "40K", "4BB", "4ED", "5ED", "6ED", "7ED", "8ED", "9ED", "ACR", "AFR", "AKH", "AKR", "ALA", "ANA", "ANB", "ARC", "ATH", "AVR", "BBD", "BFZ", "BLB", "BRB", "BRO", "BTD", "C13", "C14", "C15", "C16", "C17", "C18", "C19", "CED", "CEI", "CHK", "CLB", "CLU", "CM2", "CMA", "CMD", "CMM", "CMR", "CST", "DD1", "DDD", "DDE", "DDG", "DDH", "DDJ", "DDL", "DDM", "DDO", "DDP", "DDR", "DDS", "DDU", "DKM", "DMR", "DMU", "DOM", "DPA", "DSK", "DTK", "E01", "ELD", "EVG", "FBB", "FRF", "G17", "GK1", "GK2", "GN2", "GN3", "GNT", "GRN", "GS1", "GVL", "H09", "HBG", "HOP", "HOU", "ICE", "IKO", "INV", "ISD", "ITP", "J14", "J22", "JMP", "KHM", "KLD", "KLR", "KTK", "LCI", "LEA", "LEB", "LRW", "LTR", "M10", "M11", "M12", "M13", "M14", "M15", "M19", "M20", "M21", "MBS", "ME1", "ME3", "MH2", "MH3", "MID", "MIR", "MKM", "MMQ", "MOM", "MRD", "NEO", "NPH", "ODY", "OLEP", "ONE", "ONS", "ORI", "OTJ", "P02", "P23", "PAL00", "PAL01", "PAL03", "PAL04", "PAL05", "PAL06", "PAL99", "PALP", "PANA", "PARL", "PC2", "PCA", "PELP", "PF19", "PF20", "PGPX", "PGRU", "PIP", "PLST", "PMPS", "PMPS06", "PMPS07", "PMPS08", "PMPS09", "PMPS10", "PMPS11", "POR", "PPP1", "PRM", "PRW2", "PRWK", "PS11", "PSAL", "PSS2", "PSS3", "PSS4", "PTC", "PTK", "PZ2", "RAV", "REX", "RIX", "RNA", "ROE", "RQS", "RTR", "S99", "SCD", "SHM", "SIR", "SLD", "SNC", "SOI", "SOM", "STX", "SUM", "TD0", "TD2", "THB", "THS", "TMP", "TPR", "TSP", "UGL", "UND", "UNF", "UNH", "USG", "UST", "VOW", "WAR", "WC00", "WC01", "WC02", "WC03", "WC04", "WC97", "WC98", "WC99", "WHO", "WOE", "XANA", "XLN", "ZEN", "ZNR"], "purchaseUrls": {"tcgplayer": "https://mtgjson.com/links/4f7b8294d79fb2bc"}, "rarity": "common", "setCode": "JMP", "sourceProducts": {"nonfoil": ["ca9092e8-a921-5e37-ab9d-4b0f76bb0d01"]}, "subtypes": ["Forest"], "supertypes": ["Basic"], "text": "({T}: Add {G}.)", "type": "Basic Land — Forest", "types": ["Land"], "uuid": "4b21f80d-f675-5ab8-b781-fe7e4862b156", "variations": ["7cdae8aa-c236-5389-ac58-91c6a77d8b2e", "3706ebe6-05ec-5342-8c47-7aab97104caf", "91a5dad4-e78b-5962-bb1f-92fd5b486308", "2058d91b-51bb-5aa7-8ac4-bb0f44b6a420", "2c57ac89-ceb9-506f-8f23-d7c72e2a2a67", "802acea3-c322-5786-850d-86ad11615696", "4f636989-6e64-57a0-bc0f-6dcc150daf21"]}], "name": "Tree-Hugging (1)", "releaseDate": "2020-07-17", "sealedProductUuids": null, "sideBoard": [], "type": "Jumpstart"}}