{"meta": {"date": "2024-09-03", "version": "5.2.2+20240903"}, "data": {"code": "M15", "commander": [], "mainBoard": [{"artist": "Noah Bradley", "artistIds": ["81995d11-da98-4f8b-89bd-b88ca2ddb06b"], "availability": ["mtgo", "paper"], "boosterTypes": ["default"], "borderColor": "black", "colorIdentity": ["W"], "colors": ["W"], "convertedManaCost": 4.0, "count": 1, "edhrecRank": 7276, "edhrecSaltiness": 0.07, "finishes": ["nonfoil", "foil"], "flavorText": "\"I was not chosen for my faith in the gods. Sometimes the gods must put their faith in us.\"\n—Elspeth", "foreignData": [{"flavorText": "„Ich wurde nicht auserwählt, weil ich an die Götter glaube. Manchmal müssen die Götter auch an uns glauben.\" —Elspeth", "identifiers": {"multiverseId": "378895", "scryfallId": "cce4431b-a486-49d4-bc3b-b8b4eb8dc37d"}, "language": "German", "multiverseId": 378895, "name": "Sonnenbund", "text": "Verzaubert eine Kreatur\nDie verzauberte Kreatur hat „Immer wenn du Lebenspunkte dazuerhältst, lege entsprechend viele +1/+1-Marken auf diese Kreatur.\"", "type": "Verzauberung — Aura"}, {"flavorText": "\"No fui elegida por mi fe en los dioses. A veces son los dioses quienes deben confiar en nosotros\". —Elspeth", "identifiers": {"multiverseId": "380050", "scryfallId": "55af6e79-c2b7-45a5-bd45-926425a94bc3"}, "language": "Spanish", "multiverseId": 380050, "name": "Vínculo solar", "text": "Encantar criatura.\nLa criatura encantada tiene \"Siempre que ganes vida, pon esa misma cantidad de contadores +1/+1 sobre esta criatura\".", "type": "Encantamiento — Aura"}, {"flavorText": "« Je n'ai pas été choisie pour ma dévotion aux dieux. Parfois, les dieux doivent avoir foi en nous. » —Elspeth", "identifiers": {"multiverseId": "379060", "scryfallId": "4ab9b9d0-bd3c-413d-8b02-a4ced42c5d38"}, "language": "French", "multiverseId": 379060, "name": "Lien solaire", "text": "Enchanter : créature\nLa créature enchantée a « À chaque fois que vous gagnez des points de vie, mettez autant de marqueurs +1/+1 sur cette créature. »", "type": "Enchantement : aura"}, {"flavorText": "\"Non sono stata scelta per la mia fede negli dei. Talvolta sono gli dei a dover riporre in noi la loro fede.\" —Elspeth", "identifiers": {"multiverseId": "379225", "scryfallId": "0a77a701-dc8a-419e-b13b-119e32bbb138"}, "language": "Italian", "multiverseId": 379225, "name": "Fedele al Sole", "text": "Incanta creatura\nLa creatura incantata ha \"Ogniqualvolta guadagni punti vita, metti su questa creatura altrettanti segnalini +1/+1\".", "type": "Incantesimo — Aura"}, {"flavorText": "「私は自分の神々に対しての信仰心によって選ばれたわけではない。時には神々が私たちを信頼しなければならない時もあります。」 ――エルズペス", "identifiers": {"multiverseId": "379390", "scryfallId": "16f097f6-fdd1-4188-b3b6-83a8e16f2932"}, "language": "Japanese", "multiverseId": 379390, "name": "陽絆", "text": "エンチャント（クリーチャー）\nエンチャントされているクリーチャーは「あなたがライフを得るたび、その点数に等しい数の＋１/＋１カウンターをこのクリーチャーの上に置く。」を持つ。", "type": "エンチャント — オーラ"}, {"flavorText": "\"나는 신앙이 깊어서 선택된 것이 아니다. 때로는 신이 필멸자를 믿어줘야만 하지.\" —엘스페스", "identifiers": {"multiverseId": "379555", "scryfallId": "17bc17b6-a18d-4116-b88c-4b92d65ec01a"}, "language": "Korean", "multiverseId": 379555, "name": "태양결속", "text": "생물에게 부여\n부여된 생물은 \"당신이 생명점을 얻을 때마다, 이 생물에 그 생명점만큼의 +1/+1 카운터를 올려놓는다.\"라는 능력을 가진다.", "type": "부여마법 — 마법진"}, {"flavorText": "\"Eu não fui escolhida pela minha fé nos deuses. Às vezes, os deuses devem depositar sua fé em nós.\" — Elspeth", "identifiers": {"multiverseId": "379720", "scryfallId": "ccedbe73-ab9a-4325-ac5d-45929806405e"}, "language": "Portuguese (Brazil)", "multiverseId": 379720, "name": "Elo com o Sol", "text": "Encantar criatura\nA criatura encantada tem \"Toda vez que você ganhar pontos de vida, coloque uma quantidade equivalente de marcadores +1/+1 nesta criatura.\"", "type": "Encantamento — Aura"}, {"flavorText": "«Меня выбрали не из-за моей веры в богов. Бывают времена, когда боги сами должны поверить в нас». — Элспет", "identifiers": {"multiverseId": "379885", "scryfallId": "689eafc0-d7ea-45fd-8028-31bb8ab2afb5"}, "language": "Russian", "multiverseId": 379885, "name": "Солнечные Узы", "text": "Зачаровать существо\nЗачарованное существо имеет способность «Каждый раз, когда вы получаете жизни, положите столько же жетонов +1/+1 на это существо».", "type": "Чары — Аура"}, {"flavorText": "「我不是因对神的虔诚信念才受此重讬；而是有时众神必须寄希望于我们。」 ～艾紫培", "identifiers": {"multiverseId": "378565", "scryfallId": "afa2b08e-d34d-43ed-b8bb-5032318189cf"}, "language": "Chinese Simplified", "multiverseId": 378565, "name": "旭日羁绊", "text": "结附于生物\n所结附的生物具有「每当你获得生命时，在此生物上放置等量的+1/+1指示物。」", "type": "结界～灵气"}, {"flavorText": "「我不是因為對神的虔誠信念才受此重託；而是有時眾神必須寄希望於我們。」 ～艾紫培", "identifiers": {"multiverseId": "378730", "scryfallId": "7fdc6559-883f-4a28-8c1a-8abc7f756fe4"}, "language": "Chinese Traditional", "multiverseId": 378730, "name": "旭日羈絆", "text": "結附於生物\n所結附的生物具有「每當你獲得生命時，在此生物上放置等量的+1/+1指示物。」", "type": "結界～靈氣"}], "frameVersion": "2003", "hasFoil": true, "hasNonFoil": true, "identifiers": {"cardsphereFoilId": "7686", "cardsphereId": "7687", "mcmId": "265868", "mcmMetaId": "209330", "mtgjsonV4Id": "d03f13b4-08c1-5995-b592-0b1f4a65edf6", "mtgoFoilId": "51766", "mtgoId": "51765", "multiverseId": "378400", "scryfallCardBackId": "0aeebaf5-8c7d-4636-9e82-8c27447861f7", "scryfallId": "9f14bbff-8a3c-4aa0-a5aa-0dd6cb23b2a3", "scryfallIllustrationId": "f9a1a58d-5186-4816-9ed8-42954712f964", "scryfallOracleId": "163ece8a-0479-4bb2-b559-581985d1898b", "tcgplayerProductId": "79122"}, "isFoil": false, "keywords": ["Enchant"], "language": "English", "layout": "normal", "legalities": {"commander": "Legal", "duel": "Legal", "legacy": "Legal", "modern": "Legal", "oathbreaker": "Legal", "pioneer": "Legal", "vintage": "Legal"}, "manaCost": "{3}{W}", "manaValue": 4.0, "name": "Sunbond", "number": "28", "originalText": "Enchant creature\nEnchanted creature has \"Whenever you gain life, put that many +1/+1 counters on this creature.\"", "originalType": "Enchantment — Aura", "printings": ["BNG"], "purchaseUrls": {"cardmarket": "https://mtgjson.com/links/adf1b5dfbcb11609", "tcgplayer": "https://mtgjson.com/links/36d706bf55501343"}, "rarity": "uncommon", "rulings": [{"date": "2014-02-01", "text": "In a Two-Headed Giant game, life gained by your teammate won’t cause the ability to trigger, even though it causes your team’s life total to increase."}, {"date": "2014-02-01", "text": "In some unusual cases, you can gain life even though your life total actually decreases. For example, if you are being attacked by two 3/3 creatures and you block one with a 2/2 creature with lifelink, your life total will decrease by 1 even though you’ve gained 2 life. You’ll put two +1/+1 counters on the enchanted creature."}], "setCode": "BNG", "sourceProducts": {"foil": ["16e12027-2acd-5bfa-81e8-ed3bc5381334"], "nonfoil": ["16e12027-2acd-5bfa-81e8-ed3bc5381334", "2ed10c40-998f-5157-a323-e785b4b98b0b", "825329e3-54b2-5d46-9af0-841cfeeb9066"]}, "subtypes": ["Aura"], "supertypes": [], "text": "Enchant creature\nEnchanted creature has \"Whenever you gain life, put that many +1/+1 counters on this creature.\"", "type": "Enchantment — Aura", "types": ["Enchantment"], "uuid": "89d87907-8b01-5c28-95d7-4e658c9d14e5"}, {"artist": "Terese Nielsen", "artistIds": ["eb55171c-2342-45f4-a503-2d5a75baf752"], "availability": ["mtgo", "paper"], "boosterTypes": ["default"], "borderColor": "black", "colorIdentity": ["W"], "colors": ["W"], "convertedManaCost": 2.0, "count": 1, "edhrecRank": 5949, "finishes": ["nonfoil", "foil"], "flavorText": "The gods are fascinated by innocence, perhaps because it's a quality they themselves lack.", "foreignData": [{"flavorText": "Kaum etwas fasziniert die Götter so sehr wie Unschuld. Womöglich da diese Eigenschaft unter ihresgleichen nicht zu finden ist.", "identifiers": {"multiverseId": "380958", "scryfallId": "eceedbc7-86f3-4429-a3e1-41d7967d7c2b"}, "language": "German", "multiverseId": 380958, "name": "Nyxvlies-Widder", "text": "Zu Beginn deines Versorgungssegments erhältst du 1 Lebenspunkt dazu.", "type": "Verzauberungskreatur — Schaf"}, {"flavorText": "La inocencia fascina a los dioses, quizá porque es una cualidad de la que ellos carecen.", "identifiers": {"multiverseId": "382113", "scryfallId": "50b47304-bf7b-47a7-ab1d-6f16a61f8894"}, "language": "Spanish", "multiverseId": 382113, "name": "Carnero vellocino de Nyx", "text": "Al comienzo de tu mantenimiento, ganas 1 vida.", "type": "Criatura encantamiento — Oveja"}, {"flavorText": "Les dieux sont fascinés par l'innocence, peut-être parce qu'il s'agit d'une qualité qui leur fait défaut.", "identifiers": {"multiverseId": "381123", "scryfallId": "41b86dfb-6005-40d4-9254-b6e0208c1d54"}, "language": "French", "multiverseId": 381123, "name": "Bélier à toison de Nyx", "text": "Au début de votre entretien, vous gagnez 1 point de vie.", "type": "Créature-enchantement : mouton"}, {"flavorText": "Gli dei sono affascinati dall'innocenza, forse perché è una qualità di cui loro stessi sono sprovvisti.", "identifiers": {"multiverseId": "381288", "scryfallId": "8b05dd8a-205d-4882-a30d-338c31e2510a"}, "language": "Italian", "multiverseId": 381288, "name": "Ariete dal Vello di Nyx", "text": "All'inizio del tuo mantenimento, guadagni 1 punto vita.", "type": "Creatura Incantesimo — Pecora"}, {"flavorText": "神々は無垢さというものに魅了されている。それは神々自身がそのような資質を持たないからなのかもしれない。", "identifiers": {"multiverseId": "381453", "scryfallId": "0e2a129c-bf08-437a-9c19-aa035654a000"}, "language": "Japanese", "multiverseId": 381453, "name": "ニクス毛の雄羊", "text": "あなたのアップキープの開始時に、あなたは１点のライフを得る。", "type": "クリーチャー・エンチャント — 羊"}, {"flavorText": "신들은 순수함에 매료되는데, 그건 아마도 그들에게는 없는 것이기 때문이라고 생각된다.", "identifiers": {"multiverseId": "381618", "scryfallId": "1f6bc324-cf49-405a-b8e2-97863c0c2034"}, "language": "Korean", "multiverseId": 381618, "name": "닉스 양털 산양", "text": "당신의 유지단 시작에, 당신은 생명 1점을 얻는다.", "type": "부여마법 생물 — 양"}, {"flavorText": "Os deuses são fascinados pela inocência. Provavelmente porque essa é uma qualidade que eles próprios não têm.", "identifiers": {"multiverseId": "381783", "scryfallId": "73946c75-48b7-4a80-a11b-67ed87148200"}, "language": "Portuguese (Brazil)", "multiverseId": 381783, "name": "Carneiro Velocino-de-Nyx", "text": "No início de sua manutenção, você ganha 1 ponto de vida.", "type": "Criatura Encantamento — Ovelha"}, {"flavorText": "Богов восхищает невинность — возможно, потому что это качество у них не встречается.", "identifiers": {"multiverseId": "381948", "scryfallId": "2f62c1fd-4bc3-47d0-8825-a84ba54f6198"}, "language": "Russian", "multiverseId": 381948, "name": "Звезднорунный Овен", "text": "В начале вашего шага поддержки вы получаете 1 жизнь.", "type": "Чары Существо — Овца"}, {"flavorText": "众神着迷于其无邪外表，或许是因为自身缺乏此特质。", "identifiers": {"multiverseId": "380628", "scryfallId": "bc069af5-1c1b-4360-8fa3-9466997c0823"}, "language": "Chinese Simplified", "multiverseId": 380628, "name": "星绒绵羊", "text": "在你的维持开始时，你获得1点生命。", "type": "结界生物～绵羊"}, {"flavorText": "眾神著迷於其無邪外表，或許是因為自身缺乏此特質。", "identifiers": {"multiverseId": "380793", "scryfallId": "b75b3b70-3ad9-48ca-8d09-cb18c53536aa"}, "language": "Chinese Traditional", "multiverseId": 380793, "name": "星絨綿羊", "text": "在你的維持開始時，你獲得1點生命。", "type": "結界生物～綿羊"}], "frameEffects": ["nyxtouched"], "frameVersion": "2003", "hasFoil": true, "hasNonFoil": true, "identifiers": {"cardsphereFoilId": "22178", "cardsphereId": "22179", "mcmId": "266632", "mcmMetaId": "209528", "mtgjsonV4Id": "ec32d613-3437-53dd-ae8f-889c8b9b83a8", "mtgoFoilId": "52075", "mtgoId": "52074", "multiverseId": "380463", "scryfallCardBackId": "0aeebaf5-8c7d-4636-9e82-8c27447861f7", "scryfallId": "98d13a98-e715-49a8-a59e-a2adfcdec70b", "scryfallIllustrationId": "86d50469-096d-4ce6-84fa-2ab7c8cf1996", "scryfallOracleId": "5a20113c-7ea8-4edf-af9f-148ccd326a88", "tcgplayerProductId": "82242"}, "isFoil": false, "language": "English", "layout": "normal", "legalities": {"brawl": "Legal", "commander": "Legal", "duel": "Legal", "explorer": "Legal", "gladiator": "Legal", "historic": "Legal", "legacy": "Legal", "modern": "Legal", "oathbreaker": "Legal", "paupercommander": "Restricted", "pioneer": "Legal", "timeless": "Legal", "vintage": "Legal"}, "manaCost": "{1}{W}", "manaValue": 2.0, "name": "Nyx-Fleece Ram", "number": "18", "originalText": "At the beginning of your upkeep, you gain 1 life.", "originalType": "Enchantment Creature — Sheep", "power": "0", "printings": ["A25", "HA2", "JOU", "PLST"], "purchaseUrls": {"cardmarket": "https://mtgjson.com/links/41c4b4deb4a0fba1", "tcgplayer": "https://mtgjson.com/links/c716035f54084035"}, "rarity": "uncommon", "setCode": "JOU", "sourceProducts": {"foil": ["ef8281b6-54ab-578a-baec-62f5c79977c0"], "nonfoil": ["2ed10c40-998f-5157-a323-e785b4b98b0b", "497e2450-ef8a-541f-97db-5d8111c4eb82", "ef8281b6-54ab-578a-baec-62f5c79977c0"]}, "subtypes": ["Sheep"], "supertypes": [], "text": "At the beginning of your upkeep, you gain 1 life.", "toughness": "5", "type": "Enchantment Creature — Sheep", "types": ["Enchantment", "Creature"], "uuid": "7b96a227-773e-5234-a9df-687cf7baaa6f"}, {"artist": "Svetlin Velinov", "artistIds": ["ffd063ae-c097-4f26-b2e6-b1e2137708bc"], "availability": ["mtgo", "paper"], "boosterTypes": ["default"], "borderColor": "black", "colorIdentity": ["W"], "colors": ["W"], "convertedManaCost": 2.0, "count": 1, "edhrecRank": 2995, "edhrecSaltiness": 0.15, "finishes": ["nonfoil", "foil"], "flavorText": "\"When one of us prospers, the pride prospers.\"\n—Jazal Goldmane", "foreignData": [{"flavorText": "„Wenn einer von uns Erfolg hat, gilt dies für das gesamte Rudel.\" —Jazal Goldmähne", "identifiers": {"multiverseId": "384033", "scryfallId": "9393dc94-fd2d-4ccf-9131-d297d3991a53"}, "language": "German", "multiverseId": 384033, "name": "Ajanis Rudelmitglied", "text": "Immer wenn du Lebenspunkte dazuerhältst, kannst du eine +1/+1-Marke auf Ajanis Rudelmitglied legen.", "type": "Kreatur — Katze, Soldat"}, {"flavorText": "\"Cuando uno de nosotros mejora, la manada mejora\". —Jazal Melena Dorada", "identifiers": {"multiverseId": "386021", "scryfallId": "f9286bfd-0758-40ad-8e58-1f6500c42005"}, "language": "Spanish", "multiverseId": 386021, "name": "Compañero de manada de Ajani", "text": "Siempre que ganes vidas, puedes poner un contador +1/+1 sobre el Compañero de manada de Ajani.", "type": "Criatura — Soldado felino"}, {"flavorText": "« Quand l'un de nous prospère, c'est toute la bande qui prospère. » —Jazal Crinièredor", "identifiers": {"multiverseId": "384317", "scryfallId": "80651be9-8472-4c23-9252-628abccf34ac"}, "language": "French", "multiverseId": 384317, "name": "Frère de bande d'Ajani", "text": "À chaque fois que vous gagnez des points de vie, vous pouvez mettre un marqueur +1/+1 sur le Frère de bande d'Ajani.", "type": "Créature : chat et soldat"}, {"flavorText": "\"Quando uno di noi ha successo, l'intero branco ha successo.\" —Jazal Criniera D'Oro", "identifiers": {"multiverseId": "384601", "scryfallId": "a08d3de4-d604-42b6-84ca-347fe6a4acb9"}, "language": "Italian", "multiverseId": 384601, "name": "Compagno di Ajani", "text": "Ogniqualvolta guadagni punti vita, puoi mettere un segnalino +1/+1 sul Compagno di Ajani.", "type": "Creatura — Soldato Felino"}, {"flavorText": "「我らのうちいずれかが繁栄する時、群れも繁栄する。」 ――黄金のたてがみのジャザル", "identifiers": {"multiverseId": "384885", "scryfallId": "83a202fe-4543-49c4-95e6-f6a66e9ac44f"}, "language": "Japanese", "multiverseId": 384885, "name": "アジャニの群れ仲間", "text": "あなたがライフを得るたび、あなたはアジャニの群れ仲間の上に＋１/＋１カウンターを１個置いてもよい。", "type": "クリーチャー — 猫・兵士"}, {"flavorText": "\"하나의 번영이 곧 동족의 번영이다.\" —자잘 골드메인", "identifiers": {"multiverseId": "385169", "scryfallId": "b9eb7ff5-8d37-4fa5-bf7f-c3289596583e"}, "language": "Korean", "multiverseId": 385169, "name": "아자니의 형제", "text": "당신이 생명점을 얻을 때마다, 당신은 아자니의 형제에 +1/+1 카운터 한 개를 올려놓을 수 있다.", "type": "생물 — 고양이 병사"}, {"flavorText": "\"Quando um de nós prospera, o bando prospera.\" — Jazal Juba D'ouro", "identifiers": {"multiverseId": "385453", "scryfallId": "0e331694-c111-4a41-ba43-08f5c8d72528"}, "language": "Portuguese (Brazil)", "multiverseId": 385453, "name": "Companheiro de Bando de Ajani", "text": "Toda vez que você ganha pontos de vida, você pode colocar um marcador +1/+1 em Companheiro de Bando de Ajani.", "type": "Criatura — Felino Soldado"}, {"flavorText": "«Когда один из нас процветает, процветает весь прайд». — Златогривый Джазаль", "identifiers": {"multiverseId": "385737", "scryfallId": "f72ef74d-2b3d-4110-ac7d-1aee992bdfbc"}, "language": "Russian", "multiverseId": 385737, "name": "Соплеменник Аджани", "text": "Каждый раз, когда вы получаете жизнь(-и), вы можете положить один жетон +1/+1 на Соплеменника Аджани.", "type": "Существо — Кошка Солдат"}, {"flavorText": "「只要一个享福，整群都能享福。」 ～金鬃贾佐", "identifiers": {"multiverseId": "383465", "scryfallId": "62982b75-14d1-4957-b470-4cdd6fb61229"}, "language": "Chinese Simplified", "multiverseId": 383465, "name": "阿耶尼的群伴", "text": "每当你获得生命时，你可以在阿耶尼的群伴上放置一个+1/+1指示物。", "type": "生物～猫／士兵"}, {"flavorText": "「只要一個享福，整群都能享福。」 ～金鬃賈佐", "identifiers": {"multiverseId": "383749", "scryfallId": "34f8b1a6-ba5e-4fe7-abcd-ce07c97ecc75"}, "language": "Chinese Traditional", "multiverseId": 383749, "name": "阿耶尼的群伴", "text": "每當你獲得生命時，你可以在阿耶尼的群伴上放置一個+1/+1指示物。", "type": "生物～貓／士兵"}], "frameVersion": "2015", "hasFoil": true, "hasNonFoil": true, "identifiers": {"cardsphereFoilId": "28280", "cardsphereId": "28281", "mcmId": "267562", "mcmMetaId": "200373", "mtgjsonV4Id": "fa0632dc-7a46-53e2-a707-94979617da4c", "mtgoFoilId": "53335", "mtgoId": "53334", "multiverseId": "383181", "scryfallCardBackId": "0aeebaf5-8c7d-4636-9e82-8c27447861f7", "scryfallId": "e411cacd-910b-4eda-8f67-03b426c94ebe", "scryfallIllustrationId": "c7a2d93e-c6e0-4f13-9ea4-b06c80742b26", "scryfallOracleId": "95e94dea-5ac0-4d6f-adec-ca147aee861f", "tcgplayerProductId": "90881"}, "isFoil": false, "isReprint": true, "language": "English", "layout": "normal", "legalities": {"brawl": "Legal", "commander": "Legal", "duel": "Legal", "explorer": "Legal", "gladiator": "Legal", "historic": "Legal", "legacy": "Legal", "modern": "Legal", "oathbreaker": "Legal", "paupercommander": "Restricted", "penny": "Legal", "pioneer": "Legal", "predh": "Legal", "timeless": "Legal", "vintage": "Legal"}, "manaCost": "{1}{W}", "manaValue": 2.0, "name": "Ajani's Pridemate", "number": "2", "originalText": "Whenever you gain life, you may put a +1/+1 counter on Ajani's Pridemate.", "originalType": "Creature — Cat Soldier", "power": "2", "printings": ["C13", "CLU", "DDH", "IMA", "J22", "M11", "M15", "M19", "PLST", "TSR", "WAR"], "purchaseUrls": {"cardmarket": "https://mtgjson.com/links/c57dfad2726392b0", "tcgplayer": "https://mtgjson.com/links/ba599a88612f52a9"}, "rarity": "uncommon", "rulings": [{"date": "2021-03-19", "text": "Each creature with lifelink dealing combat damage causes a separate life-gaining event. For example, if two creatures you control with lifelink deal combat damage at the same time, Ajani's Pridemate's ability will trigger twice. However, if a single creature you control with lifelink deals combat damage to multiple creatures, players, and/or planeswalkers at the same time (perhaps because it has trample or was blocked by more than one creature), the ability will trigger only once."}, {"date": "2021-03-19", "text": "If Ajani's Pridemate is dealt lethal damage at the same time that you gain life, it won't receive a counter from its ability in time to save it."}, {"date": "2021-03-19", "text": "If you gain an amount of life \"for each\" of something, that life is gained as one event and the ability of Ajani's Pridemate triggers only once."}, {"date": "2021-03-19", "text": "In a Two-Headed Giant game, life gained by your teammate won't cause the ability to trigger, even though it caused your team's life total to increase."}, {"date": "2021-03-19", "text": "The ability of Ajani's Pridemate triggers just once for each life-gaining event, whether it's 1 life from Paradise Plume or 2 life from Mycologist."}], "setCode": "M15", "sourceProducts": {"foil": ["0643f6ea-0eab-5f7d-8b6a-4ade23f44afd"], "nonfoil": ["0643f6ea-0eab-5f7d-8b6a-4ade23f44afd", "2451ca6a-58d5-5cd6-967f-a20efa0ea6cf", "25dfcd00-df7b-57e2-a748-8590fc64202a", "2ed10c40-998f-5157-a323-e785b4b98b0b", "3c074ed1-0263-5e27-96a7-053f5fb1fbe1", "b9ca19e2-e0ba-5465-ab5a-938250602087"]}, "subtypes": ["Cat", "Soldier"], "supertypes": [], "text": "Whenever you gain life, put a +1/+1 counter on Ajani's Pridemate.", "toughness": "2", "type": "Creature — Cat Soldier", "types": ["Creature"], "uuid": "2458e513-4186-5765-adec-ed760a7404bb"}, {"artist": "Yeong-Hao Han", "artistIds": ["f8e7f8d6-6dde-4059-973c-30f1fd1bbe4e"], "availability": ["mtgo", "paper"], "boosterTypes": ["default"], "borderColor": "black", "colorIdentity": ["B"], "colors": ["B"], "convertedManaCost": 3.0, "count": 1, "edhrecRank": 15417, "finishes": ["nonfoil", "foil"], "foreignData": [{"identifiers": {"multiverseId": "384285", "scryfallId": "7fa5bebb-352a-46ad-b6b6-7883d354a900"}, "language": "German", "multiverseId": 384285, "name": "Mauer aus Gliedmaßen", "text": "Verteidiger (Diese Kreatur kann nicht angreifen.)\nImmer wenn du Lebenspunkte dazuerhältst, lege eine +1/+1-Marke auf die Mauer aus Gliedmaßen.\n{5}{B}{B}, opfere die Mauer aus Gliedmaßen: Ein Spieler deiner Wahl verliert Lebenspunkte in Höhe der Stärke der Mauer aus Gliedmaßen.", "type": "Kreatur — Zombie, Mauer"}, {"identifiers": {"multiverseId": "386273", "scryfallId": "312e8d69-b640-44b2-8fea-066339a7463e"}, "language": "Spanish", "multiverseId": 386273, "name": "Muro de miembros", "text": "Defensor. (Esta criatura no puede atacar.)\nSiempre que ganes vidas, pon un contador +1/+1 sobre el Muro de miembros.\n{5}{B}{B}, sacrificar el Muro de miembros: El jugador objetivo pierde X vidas, donde X es la fuerza del Muro de miembros.", "type": "Criatura — Muro zombie"}, {"identifiers": {"multiverseId": "384569", "scryfallId": "9a3610c5-20b5-4076-a929-5229ea3367f3"}, "language": "French", "multiverseId": 384569, "name": "Mur de membres", "text": "Défenseur (Cette créature ne peut pas attaquer.)\nÀ chaque fois que vous gagnez des points de vie, mettez un marqueur +1/+1 sur le Mur de membres.\n{5}{B}{B}, sacrifiez le Mur de membres : Le joueur ciblé perd X points de vie, X étant la force du Mur de membres.", "type": "Créature : zombie et mur"}, {"identifiers": {"multiverseId": "384853", "scryfallId": "a920a795-763a-4ac3-aa56-a9ff0d2325be"}, "language": "Italian", "multiverseId": 384853, "name": "Muro di Arti", "text": "Difensore (Questa creatura non può attaccare.)\nOgniqualvolta guadagni punti vita, metti un segnalino +1/+1 sul Muro di Arti.\n{5}{B}{B}, Sacrifica il Muro di Arti: Un giocatore bersaglio perde X punti vita, dove X è la forza del Muro di Arti.", "type": "Creatura — Muro Zombie"}, {"identifiers": {"multiverseId": "385137", "scryfallId": "4088c953-5ca3-42c7-9482-e769abbabf38"}, "language": "Japanese", "multiverseId": 385137, "name": "肢体の壁", "text": "防衛（このクリーチャーでは攻撃できない。）\nあなたがライフを得るたび、肢体の壁の上に＋１/＋１カウンターを１個置く。\n{5}{B}{B}, 肢体の壁を生け贄に捧げる：プレイヤー１人を対象とする。そのプレイヤーはＸ点のライフを失う。Ｘは肢体の壁のパワーに等しい。", "type": "クリーチャー — ゾンビ・壁"}, {"identifiers": {"multiverseId": "385421", "scryfallId": "3ba59e2f-d7cb-423c-bdf4-9974fd9f5aa1"}, "language": "Korean", "multiverseId": 385421, "name": "사지의 벽", "text": "수비태세 (이 생물은 공격할 수 없다.)\n당신이 생명점을 얻을 때마다, 사지의 벽에 +1/+1 카운터 한 개를 올려놓는다.\n{5}{B}{B}, 사지의 벽을 희생한다: 플레이어를 목표로 정한다. 그 플레이어는 생명 X점을 잃는다. X는 사지의 벽의 공격력이다.", "type": "생물 — 좀비 벽"}, {"identifiers": {"multiverseId": "385705", "scryfallId": "891ca3db-1fc7-4fc2-ac6f-83a8cbd9a50f"}, "language": "Portuguese (Brazil)", "multiverseId": 385705, "name": "Barreira de Membros", "text": "Defensor (Esta criatura não pode atacar.)\nToda vez que você ganhar pontos de vida, coloque um marcador +1/+1 em Barreira de Membros.\n{5}{B}{B}, Sacrifique Barreira de Membros: O jogador alvo perde X pontos de vida, sendo X o poder de Barreira de Membros.", "type": "Criatura — Zumbi Barreira"}, {"identifiers": {"multiverseId": "385989", "scryfallId": "4c733bd4-4a47-4a53-8a96-0c5863f51d02"}, "language": "Russian", "multiverseId": 385989, "name": "Стена Конечностей", "text": "Защитник (Это существо не может атаковать.)\nКаждый раз, когда вы получаете жизнь(-и), положите один жетон +1/+1 на Стену Конечностей.\n{5}{B}{B}, пожертвуйте Стену Конечностей: целевой игрок теряет X жизней, где X — значение силы Стены Конечностей.", "type": "Существо — Зомби Стена"}, {"identifiers": {"multiverseId": "383717", "scryfallId": "576c8e72-26d5-4c69-bc07-928e10b8477d"}, "language": "Chinese Simplified", "multiverseId": 383717, "name": "断肢墙", "text": "守军（此生物不能攻击。）\n每当你获得生命时，在断肢墙上放置一个+1/+1指示物。\n{5}{B}{B}，牺牲断肢墙：目标牌手失去X点生命，X为断肢墙的力量。", "type": "生物～灵俑／墙"}, {"identifiers": {"multiverseId": "384001", "scryfallId": "c2c6d994-510c-4e0c-87a6-e60aeff4819a"}, "language": "Chinese Traditional", "multiverseId": 384001, "name": "斷肢牆", "text": "守軍（此生物不能攻擊。）\n每當你獲得生命時，在斷肢牆上放置一個+1/+1指示物。\n{5}{B}{B}，犧牲斷肢牆：目標玩家失去X點生命，X為斷肢牆的力量。", "type": "生物～殭屍／牆"}], "frameVersion": "2015", "hasFoil": true, "hasNonFoil": true, "identifiers": {"cardsphereFoilId": "28811", "cardsphereId": "28812", "mcmId": "267866", "mcmMetaId": "210008", "mtgjsonV4Id": "4dfc3498-7427-5aa5-8010-08bce2dc20a4", "mtgoFoilId": "53649", "mtgoId": "53648", "multiverseId": "383433", "scryfallCardBackId": "0aeebaf5-8c7d-4636-9e82-8c27447861f7", "scryfallId": "66d46b81-3131-4561-beca-ccf4a0973610", "scryfallIllustrationId": "88bb17aa-ff77-4fb2-96c1-51f7d97a4997", "scryfallOracleId": "1aabb6bd-8061-42a5-9a71-f9eac718bd22", "tcgplayerProductId": "91306"}, "isFoil": false, "keywords": ["Defender"], "language": "English", "layout": "normal", "legalities": {"commander": "Legal", "duel": "Legal", "legacy": "Legal", "modern": "Legal", "oathbreaker": "Legal", "paupercommander": "Restricted", "pioneer": "Legal", "vintage": "Legal"}, "manaCost": "{2}{B}", "manaValue": 3.0, "name": "Wall of Limbs", "number": "121", "originalText": "Defender (This creature can't attack.)\nWhenever you gain life, put a +1/+1 counter on Wall of Limbs.\n{5}{B}{B}, Sacrifice Wall of Limbs: Target player loses X life, where X is Wall of Limbs's power.", "originalType": "Creature — Zombie Wall", "power": "0", "printings": ["M15"], "purchaseUrls": {"cardmarket": "https://mtgjson.com/links/d3e9932d4e22f41b", "tcgplayer": "https://mtgjson.com/links/73297c68397c3c3b"}, "rarity": "uncommon", "rulings": [{"date": "2014-07-18", "text": "If you gain life at the same time Wall of Limbs is dealt lethal damage (probably because you control a blocking creature with lifelink), Wall of Limbs’s triggered ability will trigger, but Wall of Limbs will be destroyed before the ability resolves."}, {"date": "2014-07-18", "text": "The ability triggers just once for each life-gaining event, whether it’s 1 life from Soulmender or 8 life from Meditation Puzzle."}, {"date": "2014-07-18", "text": "Use Wall of Limbs’s power as it last existed on the battlefield, including any +1/+1 counters it had, to determine the value of X."}], "setCode": "M15", "sourceProducts": {"foil": ["0643f6ea-0eab-5f7d-8b6a-4ade23f44afd"], "nonfoil": ["0643f6ea-0eab-5f7d-8b6a-4ade23f44afd", "2451ca6a-58d5-5cd6-967f-a20efa0ea6cf", "25dfcd00-df7b-57e2-a748-8590fc64202a", "2ed10c40-998f-5157-a323-e785b4b98b0b", "3c074ed1-0263-5e27-96a7-053f5fb1fbe1"]}, "subtypes": ["Zombie", "Wall"], "supertypes": [], "text": "Defender (This creature can't attack.)\nWhenever you gain life, put a +1/+1 counter on Wall of Limbs.\n{5}{B}{B}, Sacrifice Wall of Limbs: Target player loses X life, where X is Wall of Limbs's power.", "toughness": "3", "type": "Creature — Zombie Wall", "types": ["Creature"], "uuid": "5ca2bdd3-3f45-5036-8b56-b5f62bbbd26d"}, {"artist": "Cynthia Sheppard", "artistIds": ["9dfbdd58-65e6-40cf-951a-80e141061939"], "availability": ["mtgo", "paper"], "boosterTypes": ["default"], "borderColor": "black", "colorIdentity": ["B", "W"], "colors": ["W"], "convertedManaCost": 3.0, "count": 1, "edhrecRank": 18927, "finishes": ["nonfoil", "foil"], "flavorText": "She asks pointed questions of the dead who wait for Athreos, learning of life from those who are about to leave it.", "foreignData": [{"flavorText": "Sie befragt die Verstorbenen, die auf Athreos warten, und lernt so von jenen über das Leben, die es gerade aushauchen.", "identifiers": {"multiverseId": "374439", "scryfallId": "96558e6a-7292-49f6-90c0-123e7e00f798"}, "language": "German", "multiverseId": 374439, "name": "Gelehrte des Athreos", "text": "{2}{B}: Jeder Gegner verliert 1 Lebenspunkt. Du erhältst so viele Lebenspunkte dazu, wie auf diese Weise Lebenspunkte verloren wurden.", "type": "Kreatur — Mensch, Kleriker"}, {"flavorText": "Hace preguntas incómodas a los muertos que esperan a Atreos para estudiar la vida mediante aquellos que están a punto de abandonarla.", "identifiers": {"multiverseId": "376182", "scryfallId": "baa45c16-33fa-4b09-aa6d-ebba9382e022"}, "language": "Spanish", "multiverseId": 376182, "name": "Erudita de Atreos", "text": "{2}{B}: Cada oponente pierde 1 vida. Ganas vidas igual a la cantidad de vidas perdidas de esta manera.", "type": "Criatura — Clérigo humano"}, {"flavorText": "Grâce à ses questions précises aux morts qui attendent Athréos, elle se renseigne sur la vie auprès de ceux qui la quittent.", "identifiers": {"multiverseId": "374688", "scryfallId": "ce72f482-8601-47c9-9a33-2736c122f172"}, "language": "French", "multiverseId": 374688, "name": "Érudite d'Athréos", "text": "{2}{B} : Chaque adversaire perd 1 point de vie. Vous gagnez autant de points de vie que ceux perdus de cette manière.", "type": "Créature : humain et clerc"}, {"flavorText": "Interroga i morti che attendono Atreo, intenzionata a imparare qualcosa sulla vita da coloro che stanno per abbandonarla.", "identifiers": {"multiverseId": "374937", "scryfallId": "139fa368-5a69-4bd5-9ec6-16de306f1f01"}, "language": "Italian", "multiverseId": 374937, "name": "Studiosa di Atreo", "text": "{2}{B}: Ogni avversario perde 1 punto vita. Guadagni tanti punti vita quanti sono i punti vita persi in questo modo.", "type": "Creatura — Chierico Umano"}, {"flavorText": "彼女はエイスリオスを待つ死者たちに鋭い質問をし、生から離れる者たちから人生について学んでいた。", "identifiers": {"multiverseId": "375186", "scryfallId": "184360fe-d498-4010-85c0-b99f335cfa82"}, "language": "Japanese", "multiverseId": 375186, "name": "エイスリオスの学者", "text": "{2}{B}：各対戦相手はそれぞれ１点のライフを失う。あなたはこれにより失われたライフに等しい点数のライフを得る。", "type": "クリーチャー — 人間・クレリック"}, {"flavorText": "그녀는 방금 생명을 잃은 자들에게서 삶의 교훈을 배우기 위해 에스리오스를 기다리는 망자들에게 예리한 질문을 던진다.", "identifiers": {"multiverseId": "375435", "scryfallId": "39c865c8-bea9-4c69-8a88-0cfcd4aac5b0"}, "language": "Korean", "multiverseId": 375435, "name": "에스리오스의 학자", "text": "{2}{B}: 각 상대는 생명 1점을 잃는다. 당신은 이렇게 잃은 생명점의 합 만큼의 생명점을 얻는다.", "type": "생물 — 인간 성직자"}, {"flavorText": "Ela faz perguntas bem diretas aos mortos que esperam por Atreos, aprendendo sobre a vida com os que estão prestes a deixá-la.", "identifiers": {"multiverseId": "375684", "scryfallId": "33b312b0-47b7-451f-a786-b58e7936ba04"}, "language": "Portuguese (Brazil)", "multiverseId": 375684, "name": "Escolástico de Atreos", "text": "{2}{B}: Cada oponente perde 1 ponto de vida. Você ganha uma quantidade de pontos de vida igual ao total de pontos de vida perdidos dessa maneira.", "type": "Criatura — Humano Clérigo"}, {"flavorText": "Она задает точно подобранные вопросы мертвым, ожидающим Атрея, узнавая о мире живых от тех, кто вот-вот его покинет.", "identifiers": {"multiverseId": "375933", "scryfallId": "c2051552-56fd-4105-a17c-7b9f653d6ecc"}, "language": "Russian", "multiverseId": 375933, "name": "Исследовательница Атрея", "text": "{2}{B}: каждый оппонент теряет 1 жизнь. Вы получаете столько жизней, сколько их было потеряно таким образом.", "type": "Существо — Человек Священник"}, {"flavorText": "她向等待雅睿欧斯召唤的亡者提出各类尖锐问题，从行将离世的人们口中了解生命的真正意义。", "identifiers": {"multiverseId": "373941", "scryfallId": "bc4669c9-d571-480e-848c-f1fce074f08a"}, "language": "Chinese Simplified", "multiverseId": 373941, "name": "雅睿欧斯的学者", "text": "{2}{B}：每位对手各失去1点生命。你获得若干生命，其数量等同于以此法失去的生命总和。", "type": "生物～人类／僧侣"}, {"flavorText": "她向等待雅睿歐斯召喚的亡者提出各類尖銳問題，從行將離世的人們口中瞭解生命的真正意義。", "identifiers": {"multiverseId": "374190", "scryfallId": "d76c7fbc-017a-4208-bf4d-42a5ba397d13"}, "language": "Chinese Traditional", "multiverseId": 374190, "name": "雅睿歐斯的學者", "text": "{2}{B}：每位對手各失去1點生命。你獲得若干生命，其數量等同於以此法失去的生命總和。", "type": "生物～人類／僧侶"}], "frameVersion": "2003", "hasFoil": true, "hasNonFoil": true, "identifiers": {"cardsphereFoilId": "43934", "cardsphereId": "43935", "mcmId": "264198", "mcmMetaId": "208731", "mtgjsonV4Id": "8f35fe35-fbab-568b-95e3-fa8b41e27be2", "mtgoFoilId": "50451", "mtgoId": "50450", "multiverseId": "373692", "scryfallCardBackId": "0aeebaf5-8c7d-4636-9e82-8c27447861f7", "scryfallId": "95a36e06-39f3-47d0-b6a9-43728afceb4a", "scryfallIllustrationId": "779fc604-f6dd-4583-bd3a-2b23d3877062", "scryfallOracleId": "18c5e7a0-4397-48bb-b993-1c3e3b08be2c", "tcgplayerProductId": "71309"}, "isFoil": false, "language": "English", "layout": "normal", "legalities": {"commander": "Legal", "duel": "Legal", "legacy": "Legal", "modern": "Legal", "oathbreaker": "Legal", "pauper": "Legal", "paupercommander": "Legal", "penny": "Legal", "pioneer": "Legal", "vintage": "Legal"}, "manaCost": "{2}{W}", "manaValue": 3.0, "name": "Scholar of Athreos", "number": "28", "originalText": "{2}{B}: Each opponent loses 1 life. You gain life equal to the life lost this way.", "originalType": "Creature — Human Cleric", "power": "1", "printings": ["THS"], "purchaseUrls": {"cardmarket": "https://mtgjson.com/links/afcf1b31c121ce1c", "tcgplayer": "https://mtgjson.com/links/68aea19c7108c127"}, "rarity": "common", "setCode": "THS", "sourceProducts": {"foil": ["7bba9d52-6334-538e-af18-23bda395adb4"], "nonfoil": ["2ed10c40-998f-5157-a323-e785b4b98b0b", "517d3eba-0168-5ead-8642-768c65b9631f", "7bba9d52-6334-538e-af18-23bda395adb4"]}, "subtypes": ["Human", "Cleric"], "supertypes": [], "text": "{2}{B}: Each opponent loses 1 life. You gain life equal to the life lost this way.", "toughness": "4", "type": "Creature — Human Cleric", "types": ["Creature"], "uuid": "45476981-e55f-506f-b8b0-4e22f6d60f59"}, {"artist": "James Ryman", "artistIds": ["3852bbc9-11c0-4fe3-8722-a06ad7e2bcc5"], "availability": ["mtgo", "paper"], "boosterTypes": ["default"], "borderColor": "black", "colorIdentity": ["W"], "colors": ["W"], "convertedManaCost": 1.0, "count": 1, "edhrecRank": 12230, "edhrecSaltiness": 0.3, "finishes": ["nonfoil", "foil"], "flavorText": "\"Healing is more art than magic. Well, there is still quite a bit of magic.\"", "foreignData": [{"flavorText": "„Heilen ist mehr Kunst denn Magie. Nun gut, ein ziemliches Maß an Magie ist auch dabei.\"", "identifiers": {"multiverseId": "384245", "scryfallId": "554f012b-f168-4dc0-8c42-f87943a153a4"}, "language": "German", "multiverseId": 384245, "name": "Seelenheiler", "text": "{T}: Du erhältst 1 Lebenspunkt dazu.", "type": "Kreatur — Mensch, Kleriker"}, {"flavorText": "\"La sanación es más arte que magia. Aunque claro, tiene bastante parte de magia.\"", "identifiers": {"multiverseId": "386233", "scryfallId": "4dab6aef-059a-472c-9bfb-e2cbb9c0d1c1"}, "language": "Spanish", "multiverseId": 386233, "name": "Reparador de almas", "text": "{T}: Ganas 1 vida.", "type": "Criatura — Clérigo humano"}, {"flavorText": "« La guérison tient plus de l'art que de la magie. Cela étant, il faut quand même pas mal de magie. »", "identifiers": {"multiverseId": "384529", "scryfallId": "38680162-b546-4c22-90e0-3b4aa13cce90"}, "language": "French", "multiverseId": 384529, "name": "Relieur d'âmes", "text": "{T} : Vous gagnez 1 point de vie.", "type": "Créature : humain et clerc"}, {"flavorText": "\"Il mestiere del guaritore è più arte che magia. Beh, c'è comunque una discreta quantità di magia.\"", "identifiers": {"multiverseId": "384813", "scryfallId": "b8e6fde7-522c-4677-a5ff-c691f7494960"}, "language": "Italian", "multiverseId": 384813, "name": "Rigenera-Anime", "text": "{T}: Guadagni 1 punto vita.", "type": "Creatura — Chierico Umano"}, {"flavorText": "「癒しは魔法というよりもむしろ技術です。まあ、それでもかなりの魔法が必要ですけどね。」", "identifiers": {"multiverseId": "385097", "scryfallId": "5650effb-2685-4baf-a090-3b2ef7058504"}, "language": "Japanese", "multiverseId": 385097, "name": "魂癒し人", "text": "{T}：あなたは１点のライフを得る。", "type": "クリーチャー — 人間・クレリック"}, {"flavorText": "\"치유술은 마법이라기보단 예술입니다. 뭐, 마법적인 요소가 많기는 하죠.\"", "identifiers": {"multiverseId": "385381", "scryfallId": "d31355f4-8fdf-45c9-b53e-0b8e1c7de49c"}, "language": "Korean", "multiverseId": 385381, "name": "영혼의 치유사", "text": "{T}: 당신은 생명 1점을 얻는다.", "type": "생물 — 인간 성직자"}, {"flavorText": "\"Curar é mais arte que magia. Bem... ainda envolve um bom bocado de magia.\"", "identifiers": {"multiverseId": "385665", "scryfallId": "fa54db93-3a7f-4e46-a3e8-aed6fa27ffcb"}, "language": "Portuguese (Brazil)", "multiverseId": 385665, "name": "Reparador de Alma", "text": "{T}: Você ganha 1 ponto de vida.", "type": "Criatura — Humano Clérigo"}, {"flavorText": "«Исцеление — скорее искусство, чем магия. И все же без магии в нем никак не обойтись».", "identifiers": {"multiverseId": "385949", "scryfallId": "0390bddc-6675-4d17-867e-d9d448cc1ca9"}, "language": "Russian", "multiverseId": 385949, "name": "Целитель Душ", "text": "{T}: вы получаете 1 жизнь.", "type": "Существо — Человек Священник"}, {"flavorText": "「治疗与其说是法术，不如说是艺术。好吧，相当多的成份还是法术。」", "identifiers": {"multiverseId": "383677", "scryfallId": "603e4805-8c45-4f47-87c6-d417847a3025"}, "language": "Chinese Simplified", "multiverseId": 383677, "name": "愈灵师", "text": "{T}：你获得1点生命。", "type": "生物～人类／僧侣"}, {"flavorText": "「治療與其說是魔法，不如說是藝術。好吧，相當多的成份還是魔法。」", "identifiers": {"multiverseId": "383961", "scryfallId": "e8d3adba-5a3a-4de7-a0fb-9769de00a1d5"}, "language": "Chinese Traditional", "multiverseId": 383961, "name": "癒靈師", "text": "{T}：你獲得1點生命。", "type": "生物～人類／僧侶"}], "frameVersion": "2015", "hasFoil": true, "hasNonFoil": true, "identifiers": {"cardsphereFoilId": "28725", "cardsphereId": "28726", "mcmId": "267566", "mcmMetaId": "208127", "mtgjsonV4Id": "a501b0df-0d87-578f-aa8c-151f35701fa1", "mtgoFoilId": "53447", "mtgoId": "53446", "multiverseId": "383393", "scryfallCardBackId": "0aeebaf5-8c7d-4636-9e82-8c27447861f7", "scryfallId": "912a298e-0a41-487d-b629-aa89d25baad0", "scryfallIllustrationId": "549a678e-3100-4381-b1ad-784bd7ea0420", "scryfallOracleId": "41b1d850-2fda-490b-a4f6-0d9bfb37103c", "tcgplayerProductId": "90886"}, "isFoil": false, "isReprint": true, "language": "English", "layout": "normal", "legalities": {"alchemy": "Legal", "brawl": "Legal", "commander": "Legal", "duel": "Legal", "explorer": "Legal", "gladiator": "Legal", "historic": "Legal", "legacy": "Legal", "modern": "Legal", "oathbreaker": "Legal", "pauper": "Legal", "paupercommander": "Legal", "penny": "Legal", "pioneer": "Legal", "timeless": "Legal", "vintage": "Legal"}, "manaCost": "{W}", "manaValue": 1.0, "name": "Soulmender", "number": "35", "originalText": "{T}: You gain 1 life.", "originalType": "Creature — Human Cleric", "power": "1", "printings": ["ANB", "M14", "M15", "M20", "PLST"], "purchaseUrls": {"cardmarket": "https://mtgjson.com/links/17dd597c7b7d9e94", "tcgplayer": "https://mtgjson.com/links/3b0c6630c19aa5ac"}, "rarity": "common", "setCode": "M15", "sourceProducts": {"foil": ["0643f6ea-0eab-5f7d-8b6a-4ade23f44afd"], "nonfoil": ["0643f6ea-0eab-5f7d-8b6a-4ade23f44afd", "2451ca6a-58d5-5cd6-967f-a20efa0ea6cf", "25dfcd00-df7b-57e2-a748-8590fc64202a", "2ed10c40-998f-5157-a323-e785b4b98b0b", "3c074ed1-0263-5e27-96a7-053f5fb1fbe1", "b9ca19e2-e0ba-5465-ab5a-938250602087"]}, "subtypes": ["Human", "Cleric"], "supertypes": [], "text": "{T}: You gain 1 life.", "toughness": "1", "type": "Creature — Human Cleric", "types": ["Creature"], "uuid": "8a6c3ab9-af93-595b-bd90-a2a29eaccfea"}, {"artist": "Phill Simmer", "artistIds": ["b1f04826-a04f-4bb8-b8be-5fcd97bd00c5"], "availability": ["mtgo", "paper"], "boosterTypes": ["default"], "borderColor": "black", "colorIdentity": ["W"], "colors": ["W"], "convertedManaCost": 2.0, "count": 1, "edhrecRank": 16700, "edhrecSaltiness": 0.43, "finishes": ["nonfoil", "foil"], "flavorText": "The sacred feathers of the pegasus are said to have healing powers.", "foreignData": [{"flavorText": "Den heiligen Federn des Pegasus werden heilende Kräfte nachgesagt.", "identifiers": {"multiverseId": "384259", "scryfallId": "1f370ea1-ea92-4927-9503-29bb5543b5c5"}, "language": "German", "multiverseId": 384259, "name": "Anmutiger Pegasus", "text": "Fliegend (Diese Kreatur kann außer von fliegenden Kreaturen und Kreaturen mit Reichweite nicht geblockt werden.)\nLebensverknüpfung (Schaden, der von dieser Kreatur zugefügt wird, lässt dich ebenso viele Lebenspunkte dazuerhalten.)", "type": "Kreatur — Pegasus"}, {"flavorText": "Se dice que las plumas sagradas de los pegasos tienen poderes curativos.", "identifiers": {"multiverseId": "386247", "scryfallId": "4c5be6d5-9be3-40e9-a48b-59995bf56c8d"}, "language": "Spanish", "multiverseId": 386247, "name": "Pegaso gracia solar", "text": "Vuela. (Esta criatura no puede ser bloqueada excepto por criaturas que tengan la habilidad de volar o alcance.)\nVínculo vital. (El daño hecho por esta criatura también hace que ganes esa misma cantidad de vidas.)", "type": "Criatura — Pegaso"}, {"flavorText": "On prête des vertus curatives aux plumes sacrées des pégases.", "identifiers": {"multiverseId": "384543", "scryfallId": "b8cbbe62-619d-4359-b72f-fbbeabc15489"}, "language": "French", "multiverseId": 384543, "name": "Pégase solgrâce", "text": "Vol (Cette créature ne peut pas être bloquée excepté par des créatures avec le vol ou la portée.)\nLien de vie (Les blessures infligées par cette créature vous font aussi gagner autant de points de vie.)", "type": "Créature : pégase"}, {"flavorText": "Si narra che le sacre piume del pegaso abbiano poteri curativi.", "identifiers": {"multiverseId": "384827", "scryfallId": "c02295f9-77c8-4746-b63a-b57850a55d26"}, "language": "Italian", "multiverseId": 384827, "name": "Pegaso dalla Grazia Solare", "text": "Volare (Questa creatura non può essere bloccata tranne che da creature con volare o raggiungere.)\nLegame vitale (Il danno inflitto da questa creatura ti fa anche guadagnare altrettanti punti vita.)", "type": "Creatura — Pegaso"}, {"flavorText": "ペガサスの聖なる羽には、治癒の力があると言われている。", "identifiers": {"multiverseId": "385111", "scryfallId": "cf69dc50-a005-4f1b-a530-5ea59ee32d79"}, "language": "Japanese", "multiverseId": 385111, "name": "天麗のペガサス", "text": "飛行（このクリーチャーは飛行や到達を持たないクリーチャーによってブロックされない。）\n絆魂（このクリーチャーがダメージを与えると、さらにあなたはその点数分のライフを得る。）", "type": "クリーチャー — ペガサス"}, {"flavorText": "페가수스의 신성한 깃털은 치유력을 지녔다고 한다.", "identifiers": {"multiverseId": "385395", "scryfallId": "4552b81b-cd30-4087-b736-37113f4970c3"}, "language": "Korean", "multiverseId": 385395, "name": "빛나는 페가수스", "text": "비행 (이 생물은 비행이나 대공을 가진 생물에게만 방어될 수 있다.)\n생명연결 (이 생물이 피해를 입히면, 당신은 그 피해만큼의 생명점을 얻는다.)", "type": "생물 — 페가수스"}, {"flavorText": "Diz-se que as penas sagradas do pégaso têm poderes curativos.", "identifiers": {"multiverseId": "385679", "scryfallId": "07006e1d-57d1-47a5-9ded-3045272f8c9d"}, "language": "Portuguese (Brazil)", "multiverseId": 385679, "name": "Pégaso da Graça Solar", "text": "Voar (Esta criatura só pode ser bloqueada por criaturas com voar ou alcance.)\nVínculo com a vida (O dano causado por esta criatura faz com que você ganhe uma quantidade equivalente de pontos de vida.)", "type": "Criatura — Pégaso"}, {"flavorText": "Говорят, что священные перья пегаса обладают целительной силой.", "identifiers": {"multiverseId": "385963", "scryfallId": "6a3d81bf-84a9-43eb-9d2a-5106cb9e1388"}, "language": "Russian", "multiverseId": 385963, "name": "Пегас Солнечного Изящества", "text": "Полет (Это существо может быть заблокировано только существами с Полетом или Захватом.)\nЦепь жизни (Повреждения, наносимые этим существом, также заставляют вас получить такое же количество жизней.)", "type": "Существо — Пегас"}, {"flavorText": "飞马神圣的羽毛据说能够疗伤。", "identifiers": {"multiverseId": "383691", "scryfallId": "48b0ab75-af3c-498a-a3af-b0a3af87fff9"}, "language": "Chinese Simplified", "multiverseId": 383691, "name": "日华飞马", "text": "飞行（此生物只能被具飞行或延势异能的生物阻挡。）\n系命（此生物所造成的伤害会让你获得等量的生命。）", "type": "生物～飞马"}, {"flavorText": "飛馬神聖的羽毛據說能夠療傷。", "identifiers": {"multiverseId": "383975", "scryfallId": "e1bffaad-0f6e-44f2-a7fc-37b3b2510905"}, "language": "Chinese Traditional", "multiverseId": 383975, "name": "日華飛馬", "text": "飛行（此生物只能被具飛行或延勢異能的生物阻擋。）\n繫命（此生物所造成的傷害會讓你獲得等量的生命。）", "type": "生物～飛馬"}], "frameVersion": "2015", "hasFoil": true, "hasNonFoil": true, "identifiers": {"cardsphereFoilId": "28756", "cardsphereId": "28757", "mcmId": "267846", "mcmMetaId": "209994", "mtgjsonV4Id": "76c563ad-c51b-5d33-a3b9-b98299df7aee", "mtgoFoilId": "53701", "mtgoId": "53700", "multiverseId": "383407", "scryfallCardBackId": "0aeebaf5-8c7d-4636-9e82-8c27447861f7", "scryfallId": "52d851b9-c290-4fcc-860d-a3250923b850", "scryfallIllustrationId": "631af86b-c2b4-47dc-9cf8-6eacebb6e7c3", "scryfallOracleId": "67f59250-d46a-4637-9493-165d23278817", "tcgplayerProductId": "91288"}, "isFoil": false, "keywords": ["Flying", "Lifelink"], "language": "English", "layout": "normal", "legalities": {"commander": "Legal", "duel": "Legal", "legacy": "Legal", "modern": "Legal", "oathbreaker": "Legal", "pauper": "Legal", "paupercommander": "Legal", "penny": "Legal", "pioneer": "Legal", "vintage": "Legal"}, "manaCost": "{1}{W}", "manaValue": 2.0, "name": "Sungrace Pegasus", "number": "38", "originalText": "Flying (This creature can't be blocked except by creatures with flying or reach.)\nLifelink (Damage dealt by this creature also causes you to gain that much life.)", "originalType": "Creature — Pegasus", "power": "1", "printings": ["M15"], "purchaseUrls": {"cardmarket": "https://mtgjson.com/links/a76643effc7269e5", "tcgplayer": "https://mtgjson.com/links/2f036eeb07469148"}, "rarity": "common", "setCode": "M15", "sourceProducts": {"foil": ["0643f6ea-0eab-5f7d-8b6a-4ade23f44afd"], "nonfoil": ["0643f6ea-0eab-5f7d-8b6a-4ade23f44afd", "2451ca6a-58d5-5cd6-967f-a20efa0ea6cf", "25dfcd00-df7b-57e2-a748-8590fc64202a", "2ed10c40-998f-5157-a323-e785b4b98b0b", "3c074ed1-0263-5e27-96a7-053f5fb1fbe1", "6b03ebce-61da-578b-8e6f-07dba1246603"]}, "subtypes": ["Pegasus"], "supertypes": [], "text": "Flying (This creature can't be blocked except by creatures with flying or reach.)\nLifelink (Damage dealt by this creature also causes you to gain that much life.)", "toughness": "2", "type": "Creature — Pegasus", "types": ["Creature"], "uuid": "77536ee6-2039-523a-a4f4-f4f631fbb70a"}, {"artist": "Seb McKinnon", "artistIds": ["ad4caca0-8d89-44ce-a1a6-d5ca905bd6fb"], "availability": ["mtgo", "paper"], "boosterTypes": ["default"], "borderColor": "black", "colorIdentity": ["B"], "colors": ["B"], "convertedManaCost": 7.0, "count": 1, "edhrecRank": 22557, "edhrecSaltiness": 0.09, "finishes": ["nonfoil", "foil"], "foreignData": [{"identifiers": {"multiverseId": "384069", "scryfallId": "19420b54-7df0-42bd-ba3b-8b8a85622727"}, "language": "German", "multiverseId": 384069, "name": "Blutpakt", "text": "Einberufen (Deine Kreaturen können dir helfen, diesen Zauberspruch zu wirken. Jede Kreatur, die du tappst, während du diesen Zauberspruch wirkst, reduziert dessen Kosten um {1} oder um ein Mana der Farbe jener Kreatur.)\nDer Blutpakt fügt einer Kreatur oder einem Spieler deiner Wahl 4 Schadenspunkte zu, und du erhältst 4 Lebenspunkte dazu.", "type": "Hexerei"}, {"identifiers": {"multiverseId": "386057", "scryfallId": "ad89d117-0a1b-44b4-83d8-e87bf904d0c5"}, "language": "Spanish", "multiverseId": 386057, "name": "Pacto de sangre", "text": "Convocar. (Tus criaturas pueden ayudar a lanzar este hechizo. Cada criatura que gires al lanzar este hechizo cuenta como un pago de {1} o de un maná del color de esa criatura.)\nEl Pacto de sangre hace 4 puntos de daño a la criatura o jugador objetivo y tú ganas 4 vidas.", "type": "Conjuro"}, {"identifiers": {"multiverseId": "384353", "scryfallId": "9ab236d0-9c2c-4ac8-a30b-82e360e156d9"}, "language": "French", "multiverseId": 384353, "name": "Pacte de sang", "text": "Convocation (Vos créatures peuvent aider à lancer ce sort. Chaque créature que vous engagez en lançant ce sort paie {1} ou un mana de la couleur de cette créature.)\nLe Pacte de sang inflige 4 blessures à une cible, créature ou joueur, et vous gagnez 4 points de vie.", "type": "Rituel"}, {"identifiers": {"multiverseId": "384637", "scryfallId": "c6c44bf0-b419-4764-87fc-1d27998e789f"}, "language": "Italian", "multiverseId": 384637, "name": "Accordo di Sangue", "text": "Convocazione (Le tue creature possono aiutarti a lanciare questa magia. Ogni creatura che TAPpi mentre lanci questa magia corrisponde al pagamento di {1} o di un mana del colore di quella creatura.)\nL'Accordo di Sangue infligge 4 danni a una creatura o a un giocatore bersaglio e tu guadagni 4 punti vita.", "type": "Stregoneria"}, {"identifiers": {"multiverseId": "384921", "scryfallId": "31e5707a-f10c-4169-82bf-0a2fa1229f9b"}, "language": "Japanese", "multiverseId": 384921, "name": "血の誓約", "text": "召集（あなたのクリーチャーが、この呪文を唱える助けとなる。この呪文を唱える段階であなたがタップした各クリーチャーは、{1}かそのクリーチャーの色のマナ１点を支払う。）\nクリーチャー１体かプレイヤー１人を対象とする。血の誓約はそれに４点のダメージを与え、あなたは４点のライフを得る。", "type": "ソーサリー"}, {"identifiers": {"multiverseId": "385205", "scryfallId": "876bdfda-d60e-4cd6-a9cd-8ff5bd65a88f"}, "language": "Korean", "multiverseId": 385205, "name": "피의 계약", "text": "집합 (당신의 생물들은 이 주문을 발동하는 것을 도울 수 있다. 이 주문을 발동할 때 탭하는 생물 한 개당 이 주문의 비용은 {1} 또는 그 생물의 색인 마나 한 개만큼 줄어든다.)\n생물이나 플레이어를 목표로 정한다. 피의 계약은 그 목표에게 피해 4점을 입히고 당신은 생명 4점을 얻는다.", "type": "집중마법"}, {"identifiers": {"multiverseId": "385489", "scryfallId": "297b2768-fa7f-4dc2-9a31-3cca89e28291"}, "language": "Portuguese (Brazil)", "multiverseId": 385489, "name": "Conluio de Sangue", "text": "Convocar (Suas criaturas podem ajudar a conjurar esta mágica. Cada criatura que você vira ao conjurar esta mágica paga {1} ou um mana da cor daquela criatura.)\nConluio de Sangue causa 4 pontos de dano à criatura ou ao jogador alvo e você ganha 4 pontos de vida.", "type": "Feitiço"}, {"identifiers": {"multiverseId": "385773", "scryfallId": "013aadd2-8e2d-47fc-80e8-16be9ef68a86"}, "language": "Russian", "multiverseId": 385773, "name": "Кровавый Завет", "text": "Созыв (Ваши существа могут помочь разыграть это заклинание. Каждое существо, которое вы поворачиваете при разыгрывании этого заклинания, считается оплатой {1} или одной маны цвета того существа.)\nКровавый Завет наносит 4 повреждения целевому существу или игроку, а вы получаете 4 жизни.", "type": "Волшебство"}, {"identifiers": {"multiverseId": "383501", "scryfallId": "8b903038-6c75-4224-b1ad-3a3eb680d318"}, "language": "Chinese Simplified", "multiverseId": 383501, "name": "鲜血盟约", "text": "召集（此咒语能用你的生物来协助施放。你于施放此咒语时每横置一个生物，就能为此咒语支付{1}或一点该生物颜色之法术力。）\n鲜血盟约对目标生物或牌手造成4点伤害，且你获得4点生命。", "type": "法术"}, {"identifiers": {"multiverseId": "383785", "scryfallId": "5438db8d-34b6-443e-9ee1-c15ccbb88ee0"}, "language": "Chinese Traditional", "multiverseId": 383785, "name": "鮮血盟約", "text": "召集（此咒語能用你的生物來協助施放。你於施放此咒語時每橫置一個生物，就能為此咒語支付{1}或一點該生物顏色之魔法力。）\n鮮血盟約對目標生物或玩家造成4點傷害，且你獲得4點生命。", "type": "巫術"}], "frameVersion": "2015", "hasFoil": true, "hasNonFoil": true, "identifiers": {"cardsphereFoilId": "28356", "cardsphereId": "28357", "mcmId": "267195", "mcmMetaId": "209866", "mtgjsonV4Id": "89b2987d-b7d3-5e7d-be6c-fde901b6574d", "mtgoFoilId": "53687", "mtgoId": "53686", "multiverseId": "383217", "scryfallCardBackId": "0aeebaf5-8c7d-4636-9e82-8c27447861f7", "scryfallId": "752b7d05-19d7-4765-9bf8-05a7cb539c3f", "scryfallIllustrationId": "9b5d76d6-114e-4782-bec0-53340807ed6f", "scryfallOracleId": "20ca6a15-ba88-4efd-b5bd-da5938e9a43e", "tcgplayerProductId": "90847"}, "isFoil": false, "keywords": ["Convoke"], "language": "English", "layout": "normal", "legalities": {"commander": "Legal", "duel": "Legal", "legacy": "Legal", "modern": "Legal", "oathbreaker": "Legal", "pauper": "Legal", "paupercommander": "Legal", "penny": "Legal", "pioneer": "Legal", "vintage": "Legal"}, "manaCost": "{6}{B}", "manaValue": 7.0, "name": "Covenant of Blood", "number": "91", "originalText": "Convoke (Your creatures can help cast this spell. Each creature you tap while casting this spell pays for {1} or one mana of that creature's color.)\nCovenant of Blood deals 4 damage to target creature or player and you gain 4 life.", "originalType": "Sorcery", "printings": ["M15", "PLST"], "purchaseUrls": {"cardmarket": "https://mtgjson.com/links/b1e1605662fe5580", "tcgplayer": "https://mtgjson.com/links/f3ab787fa7495dac"}, "rarity": "common", "rulings": [{"date": "2014-07-18", "text": "If the target permanent or player is an illegal target when Covenant of Blood tries to resolve, it won't resolve and none of its effects will happen. You won't gain any life. (Any creatures you tapped to cast Covenant of Blood remain tapped.)"}, {"date": "2024-01-12", "text": "Because convoke isn't an alternative cost, it can be used in conjunction with alternative costs."}, {"date": "2024-01-12", "text": "If a creature you control has a mana ability with {T} in the cost, activating that ability while casting a spell with convoke will result in the creature being tapped before you pay the spell's costs. You won't be able to tap it again for convoke. Similarly, if you sacrifice a creature to activate a mana ability while casting a spell with convoke, that creature won't be on the battlefield when you pay the spell's costs, so you won't be able to tap it for convoke."}, {"date": "2024-01-12", "text": "Tapping a multicolored creature using convoke will pay for {1} or one mana of your choice of any of that creature's colors."}, {"date": "2024-01-12", "text": "Tapping an untapped creature that's attacking or blocking to convoke a spell won't cause that creature to stop attacking or blocking."}, {"date": "2024-01-12", "text": "When calculating a spell's total cost, include any alternative costs, additional costs, or anything else that increases or reduces the cost to cast the spell. Convoke applies after the total cost is calculated. Convoke doesn't change a spell's mana cost or mana value."}, {"date": "2024-01-12", "text": "You can tap any untapped creature you control to convoke a spell, even one you haven't controlled continuously since the beginning of your most recent turn."}], "setCode": "M15", "sourceProducts": {"foil": ["0643f6ea-0eab-5f7d-8b6a-4ade23f44afd"], "nonfoil": ["0643f6ea-0eab-5f7d-8b6a-4ade23f44afd", "25dfcd00-df7b-57e2-a748-8590fc64202a", "2ed10c40-998f-5157-a323-e785b4b98b0b", "3c074ed1-0263-5e27-96a7-053f5fb1fbe1"]}, "subtypes": [], "supertypes": [], "text": "Convoke (Your creatures can help cast this spell. Each creature you tap while casting this spell pays for {1} or one mana of that creature's color.)\nCovenant of Blood deals 4 damage to any target and you gain 4 life.", "type": "Sorcery", "types": ["Sorcery"], "uuid": "6980ca6d-b2a9-537f-922c-8441de6e7641"}, {"artist": "Ash Wood", "artistIds": ["acd41ad5-8bdd-4061-b06a-f16cf4fe1e97"], "availability": ["mtgo", "paper"], "boosterTypes": ["default"], "borderColor": "black", "colorIdentity": ["B"], "colors": ["B"], "convertedManaCost": 2.0, "count": 1, "edhrecRank": 12653, "finishes": ["nonfoil", "foil"], "flavorText": "Sins that would be too gruesome in the light of day are made more pleasing in the dark of night.", "foreignData": [{"flavorText": "Sünden, die bei Tageslicht grauenhaft wirken, sind in der Dunkelheit der Nacht deutlich amüsanter.", "identifiers": {"multiverseId": "384060", "scryfallId": "bba9fcda-79e3-4738-bbd2-4fa5b56a58d0"}, "language": "German", "multiverseId": 384060, "name": "Kind der Nacht", "text": "Lebensverknüpfung (Schaden, der von dieser Kreatur zugefügt wird, lässt dich ebenso viele Lebenspunkte dazuerhalten.)", "type": "Kreatur — Vampir"}, {"flavorText": "Pecados que serían muy horripilantes a la luz del día son más placenteros en la oscuridad de la noche.", "identifiers": {"multiverseId": "386048", "scryfallId": "625fdcab-296c-4ed1-bd9c-978de2b01c1a"}, "language": "Spanish", "multiverseId": 386048, "name": "Hijo de la noche", "text": "Vínculo vital. (El daño hecho por esta criatura también hace que ganes esa misma cantidad de vidas.)", "type": "Criatura — Vampiro"}, {"flavorText": "Les péchés qui sont trop horribles à la lumière du jour deviennent plus plaisants dans les ombres de la nuit.", "identifiers": {"multiverseId": "384344", "scryfallId": "c4e2231c-d280-4d29-a7b1-522f59e923de"}, "language": "French", "multiverseId": 384344, "name": "Enfant de la nuit", "text": "Lien de vie (Les blessures infligées par cette créature vous font aussi gagner autant de points de vie.)", "type": "Créature : vampire"}, {"flavorText": "Peccati che sarebbero troppo raccapriccianti alla luce del giorno sono resi più piacevoli dal buio della notte.", "identifiers": {"multiverseId": "384628", "scryfallId": "5cc123f9-6aff-40c8-a5fa-0418ea5fb5c3"}, "language": "Italian", "multiverseId": 384628, "name": "Figlia della Notte", "text": "Legame vitale (Il danno inflitto da questa creatura ti fa anche guadagnare altrettanti punti vita.)", "type": "Creatura — Vampiro"}, {"flavorText": "陽の光の下ではあまりに陰惨な罪も、夜の闇の下ではより喜ばしい。", "identifiers": {"multiverseId": "384912", "scryfallId": "d7d8803f-97d6-4a5b-9ca2-458336305c37"}, "language": "Japanese", "multiverseId": 384912, "name": "夜の子", "text": "絆魂（このクリーチャーがダメージを与えると、さらにあなたはその点数分のライフを得る。）", "type": "クリーチャー — 吸血鬼"}, {"flavorText": "낮에는 끔찍해 보이는 일들이 밤에는 할만하게 느껴진다.", "identifiers": {"multiverseId": "385196", "scryfallId": "09b35111-e04f-4744-b6a1-b0b1c5885e76"}, "language": "Korean", "multiverseId": 385196, "name": "밤의 자식", "text": "생명연결 (이 생물이 피해를 입히면, 당신은 그 피해만큼의 생명점을 얻는다.)", "type": "생물 — 흡혈귀"}, {"flavorText": "Pecados que seriam cruentos demais à luz do dia se fazem mais agradáveis na calada da noite.", "identifiers": {"multiverseId": "385480", "scryfallId": "86dfe655-f481-44ba-b07a-69192dc91306"}, "language": "Portuguese (Brazil)", "multiverseId": 385480, "name": "Filha da Noite", "text": "Vínculo com a vida (O dano causado por esta criatura faz com que você ganhe uma quantidade equivalente de pontos de vida.)", "type": "Criatura — Vampiro"}, {"flavorText": "Грехи, слишком отвратительные в свете дня, становятся гораздо приятнее в ночной тьме.", "identifiers": {"multiverseId": "385764", "scryfallId": "a1522b55-8474-4950-b243-1a8a5809dca0"}, "language": "Russian", "multiverseId": 385764, "name": "Дитя Ночи", "text": "Цепь жизни (Повреждения, наносимые этим существом, также заставляют вас получить такое же количество жизней.)", "type": "Существо — Вампир"}, {"flavorText": "光天化日下过于恶心的罪恶，在暗夜笼罩下就显得没那么面目可憎。", "identifiers": {"multiverseId": "383492", "scryfallId": "4301fa02-ae89-4bd3-95a9-fcdc99706f8b"}, "language": "Chinese Simplified", "multiverseId": 383492, "name": "暗夜之子", "text": "系命（此生物所造成的伤害会让你获得等量的生命。）", "type": "生物～吸血鬼"}, {"flavorText": "光天化日下過於噁心的罪惡，在暗夜籠罩下就顯得沒那麼面目可憎。", "identifiers": {"multiverseId": "383776", "scryfallId": "844950fb-3c36-4dde-b522-309b6cc23634"}, "language": "Chinese Traditional", "multiverseId": 383776, "name": "暗夜之子", "text": "繫命（此生物所造成的傷害會讓你獲得等量的生命。）", "type": "生物～吸血鬼"}], "frameVersion": "2015", "hasFoil": true, "hasNonFoil": true, "identifiers": {"cardsphereFoilId": "28338", "cardsphereId": "28339", "mcmId": "267559", "mcmMetaId": "10610", "mtgjsonV4Id": "ce62858c-aaea-531a-aa83-bdc9f5cbcb9a", "mtgoFoilId": "53785", "mtgoId": "53784", "multiverseId": "383208", "scryfallCardBackId": "0aeebaf5-8c7d-4636-9e82-8c27447861f7", "scryfallId": "bff5d53c-5698-4d09-b557-89d10ce4fbbf", "scryfallIllustrationId": "07caddf7-939c-4af3-9657-32f7d6a45ab3", "scryfallOracleId": "c650a7bc-e350-44a0-a698-d4a233d66156", "tcgplayerProductId": "82282"}, "isFoil": false, "isReprint": true, "keywords": ["Lifelink"], "language": "English", "layout": "normal", "legalities": {"brawl": "Legal", "commander": "Legal", "duel": "Legal", "explorer": "Legal", "gladiator": "Legal", "historic": "Legal", "legacy": "Legal", "modern": "Legal", "oathbreaker": "Legal", "pauper": "Legal", "paupercommander": "Legal", "penny": "Legal", "pioneer": "Legal", "predh": "Legal", "timeless": "Legal", "vintage": "Legal"}, "manaCost": "{1}{B}", "manaValue": 2.0, "name": "Child of Night", "number": "90", "originalText": "Lifelink (Damage dealt by this creature also causes you to gain that much life.)", "originalType": "Creature — Vampire", "power": "2", "printings": ["CN2", "DDK", "E02", "GRN", "IMA", "JMP", "M10", "M11", "M12", "M14", "M15", "M19", "PLST"], "purchaseUrls": {"cardmarket": "https://mtgjson.com/links/0bb9df87031552ed", "tcgplayer": "https://mtgjson.com/links/8008431abf4facd2"}, "rarity": "common", "setCode": "M15", "sourceProducts": {"foil": ["0643f6ea-0eab-5f7d-8b6a-4ade23f44afd"], "nonfoil": ["0643f6ea-0eab-5f7d-8b6a-4ade23f44afd", "2451ca6a-58d5-5cd6-967f-a20efa0ea6cf", "25dfcd00-df7b-57e2-a748-8590fc64202a", "2ed10c40-998f-5157-a323-e785b4b98b0b", "3c074ed1-0263-5e27-96a7-053f5fb1fbe1", "6b03ebce-61da-578b-8e6f-07dba1246603"]}, "subtypes": ["Vampire"], "supertypes": [], "text": "Lifelink", "toughness": "1", "type": "Creature — Vampire", "types": ["Creature"], "uuid": "59e48fc1-2269-5bae-ac88-8302dfa72525"}, {"artist": "Nils Hamm", "artistIds": ["c540d1fc-1500-457f-93cf-d6069ee66546"], "availability": ["mtgo", "paper"], "boosterTypes": ["default"], "borderColor": "black", "colorIdentity": ["W"], "colors": ["W"], "convertedManaCost": 2.0, "count": 1, "edhrecRank": 21412, "finishes": ["nonfoil", "foil"], "flavorText": "In time, all things turn to dust. Some things just take less time.", "foreignData": [{"flavorText": "Mit der Zeit zerfallen alle Dinge zu Staub. Manche schneller als andere.", "identifiers": {"multiverseId": "374427", "scryfallId": "7e51f90b-2439-4ff5-b442-2c2738f4c838"}, "language": "German", "multiverseId": 374427, "name": "Letzter Atemzug", "text": "Schicke eine Kreatur deiner Wahl mit Stärke 2 oder weniger ins Exil. Ihr Beherrscher erhält 4 Lebenspunkte dazu.", "type": "Spontanzauber"}, {"flavorText": "Con el tiempo, todo se reduce a polvo. Pero algunas cosas tardan menos que otras.", "identifiers": {"multiverseId": "376170", "scryfallId": "55a905dc-32e3-46ce-90dd-c8d2654b19c8"}, "language": "Spanish", "multiverseId": 376170, "name": "Último aliento", "text": "Exilia la criatura objetivo con fuerza de 2 o menos. Su controlador gana 4 vidas.", "type": "Instantáneo"}, {"flavorText": "Tout finit par tomber en poussière. Dans certains cas, c'est simplement plus rapide.", "identifiers": {"multiverseId": "374676", "scryfallId": "ea385b18-9dae-4c18-8f8d-aed1dfebe7eb"}, "language": "French", "multiverseId": 374676, "name": "Dernier souffle", "text": "Exilez la créature ciblée de force inférieure ou égale à 2. Son contrôleur gagne 4 points de vie.", "type": "Éphémère"}, {"flavorText": "Con il tempo, tutto diventa polvere. Ma per alcune cose ci vuole meno tempo.", "identifiers": {"multiverseId": "374925", "scryfallId": "ab3bb264-1673-4052-85eb-981a7127399c"}, "language": "Italian", "multiverseId": 374925, "name": "Ultimo Respiro", "text": "Esilia una creatura bersaglio con forza pari o inferiore a 2. Il suo controllore guadagna 4 punti vita.", "type": "Istantaneo"}, {"flavorText": "形あるものは、いずれ塵へと帰る。中にはそれに必要な時間が多少短いものもある。", "identifiers": {"multiverseId": "375174", "scryfallId": "fa591775-30d3-400e-813a-b198c1f22145"}, "language": "Japanese", "multiverseId": 375174, "name": "今わの際", "text": "パワーが２以下のクリーチャー１体を対象とし、それを追放する。それのコントローラーは４点のライフを得る。", "type": "インスタント"}, {"flavorText": "만물은 결국 흙으로 돌아가게 되어있다. 이건 조금 더 빨리 돌아가게 하는 것일 뿐이다.", "identifiers": {"multiverseId": "375423", "scryfallId": "7a47d9ae-4be4-4d61-9e54-2f982b21c2d4"}, "language": "Korean", "multiverseId": 375423, "name": "최후의 숨결", "text": "공격력이 2 이하인 생물 한 개를 목표로 정한다. 그 생물을 추방한다. 그 생물의 조종자는 생명 4점을 얻는다.", "type": "순간마법"}, {"flavorText": "Com o tempo, todas as coisas se tornam pó. Algumas só levam menos tempo.", "identifiers": {"multiverseId": "375672", "scryfallId": "5fc33bea-00b7-4f34-a1c4-73d6156cdf52"}, "language": "Portuguese (Brazil)", "multiverseId": 375672, "name": "Último Fôlego", "text": "Exile a criatura alvo com poder menor ou igual a 2. Seu controlador ganha 4 pontos de vida.", "type": "Mágica Instantânea"}, {"flavorText": "Со временем все превращается в прах. Некоторым просто нужно меньше времени.", "identifiers": {"multiverseId": "375921", "scryfallId": "a4a86514-32a7-4991-be11-0a0ca663626d"}, "language": "Russian", "multiverseId": 375921, "name": "Последний Выдох", "text": "Изгоните целевое существо с силой 2 или меньше. Контролирующий его игрок получает 4 жизни.", "type": "Мгновенное заклинание"}, {"flavorText": "万物早晚都要化作尘土，只不过有些东西会早一些。", "identifiers": {"multiverseId": "373929", "scryfallId": "db8424f9-15dd-4077-bfeb-6e87d78597ef"}, "language": "Chinese Simplified", "multiverseId": 373929, "name": "咽气", "text": "放逐目标力量小于或等于2的生物。其操控者获得4点生命。", "type": "瞬间"}, {"flavorText": "萬物早晚都要化作塵土，只不過有些東西會早一些。", "identifiers": {"multiverseId": "374178", "scryfallId": "d2807b90-1fcb-4a8c-be89-76193461800c"}, "language": "Chinese Traditional", "multiverseId": 374178, "name": "嚥氣", "text": "放逐目標力量小於或等於2的生物。其操控者獲得4點生命。", "type": "瞬間"}], "frameVersion": "2003", "hasFoil": true, "hasNonFoil": true, "identifiers": {"cardsphereFoilId": "43789", "cardsphereId": "43790", "mcmId": "264195", "mcmMetaId": "3199", "mtgjsonV4Id": "e908e66a-6d21-5da8-9cf1-bb64d67bde88", "mtgoFoilId": "50325", "mtgoId": "50324", "multiverseId": "373680", "scryfallCardBackId": "0aeebaf5-8c7d-4636-9e82-8c27447861f7", "scryfallId": "1857fc37-1e7e-4b93-9fa9-ec139f16b7fa", "scryfallIllustrationId": "00588a33-7828-400c-b2d6-9ab5c6683ec3", "scryfallOracleId": "e6fb4f0d-ce49-4913-a2ef-88365e4916cf", "tcgplayerProductId": "71306"}, "isFoil": false, "isReprint": true, "language": "English", "layout": "normal", "legalities": {"commander": "Legal", "duel": "Legal", "legacy": "Legal", "modern": "Legal", "oathbreaker": "Legal", "pauper": "Legal", "paupercommander": "Legal", "penny": "Legal", "pioneer": "Legal", "predh": "Legal", "premodern": "Legal", "vintage": "Legal"}, "manaCost": "{1}{W}", "manaValue": 2.0, "name": "Last Breath", "number": "22", "originalText": "Exile target creature with power 2 or less. Its controller gains 4 life.", "originalType": "Instant", "printings": ["2X2", "MMQ", "PLST", "SHM", "THS"], "purchaseUrls": {"cardmarket": "https://mtgjson.com/links/46f61e867f055e4b", "tcgplayer": "https://mtgjson.com/links/3985b9a914a395a5"}, "rarity": "common", "rulings": [{"date": "2013-09-15", "text": "If the creature is an illegal target when Last Breath tries to resolve, it won't resolve and none of its effects will happen. Its controller won't gain 4 life."}], "setCode": "THS", "sourceProducts": {"foil": ["7bba9d52-6334-538e-af18-23bda395adb4"], "nonfoil": ["2ed10c40-998f-5157-a323-e785b4b98b0b", "517d3eba-0168-5ead-8642-768c65b9631f", "7bba9d52-6334-538e-af18-23bda395adb4"]}, "subtypes": [], "supertypes": [], "text": "Exile target creature with power 2 or less. Its controller gains 4 life.", "type": "Instant", "types": ["Instant"], "uuid": "18391d76-2b33-56f0-bba6-67165f561cba"}], "name": "White Black Life Gain", "releaseDate": "2014-07-18", "sealedProductUuids": null, "sideBoard": [], "type": "Deck Builder's Toolkit"}}