{"meta": {"date": "2024-09-03", "version": "5.2.2+20240903"}, "data": {"code": "WC03", "commander": [], "mainBoard": [{"artist": "Luca Zontini", "artistIds": ["aa57d42a-72c1-4d94-a200-3571233c4b20"], "availability": ["paper"], "borderColor": "gold", "colorIdentity": ["R"], "colors": ["R"], "convertedManaCost": 3.0, "count": 3, "edhrecRank": 5638, "edhrecSaltiness": 0.55, "finishes": ["nonfoil", "signed"], "foreignData": [], "frameVersion": "2003", "hasFoil": false, "hasNonFoil": true, "identifiers": {"mcmId": "249275", "mtgjsonV4Id": "4a123965-bd95-5bb6-b582-fa3619caef18", "scryfallCardBackId": "0645a083-9e19-43db-9e76-4a424d53895d", "scryfallId": "60563301-c66e-47d9-8f27-f06bfc6210aa", "scryfallIllustrationId": "36e55a4b-c654-4364-bd77-8abd310a37ff", "scryfallOracleId": "467ea3e3-7767-405a-9d1a-8fa5de696376", "tcgplayerProductId": "174177"}, "isFoil": false, "isReprint": true, "isStarter": true, "keywords": ["Cycling"], "language": "English", "layout": "normal", "legalities": {}, "manaCost": "{2}{R}", "manaValue": 3.0, "name": "Gempalm Incinerator", "number": "we94", "power": "2", "printings": ["DD1", "DDT", "DMR", "EVG", "HA3", "LGN", "PLST", "PZ2", "WC03"], "purchaseUrls": {"tcgplayer": "https://mtgjson.com/links/0347458b666d3f87"}, "rarity": "uncommon", "rulings": [{"date": "2022-12-08", "text": "The cycling ability and the triggered ability are separate. If the triggered ability doesn't resolve (because, for example, it has been countered, or all of its targets have become illegal), the cycling ability will still resolve, and you'll draw a card."}, {"date": "2022-12-08", "text": "When you cycle this card, first the cycling ability goes on the stack, then the triggered ability goes on the stack on top of it. The triggered ability will resolve before you draw a card from the cycling ability."}, {"date": "2022-12-08", "text": "You can cycle this card even if there are no legal targets for the triggered ability."}], "setCode": "WC03", "signature": "Wolfgang Eder", "sourceProducts": {"nonfoil": ["5eb3f308-3540-5471-8f49-0ecd3f6f03c0"]}, "subtypes": ["Goblin"], "supertypes": [], "text": "Cycling {1}{R} ({1}{R}, Discard this card: Draw a card.)\nWhen you cycle Gempalm Incinerator, you may have it deal X damage to target creature, where X is the number of Goblins on the battlefield.", "toughness": "1", "type": "Creature — Goblin", "types": ["Creature"], "uuid": "15aa2d8c-42e2-55fa-ba13-aa9ee305f1f9"}, {"artist": "Christopher Moeller", "artistIds": ["21e10012-06ae-44f2-b38d-3824dd2e73d4"], "availability": ["paper"], "borderColor": "gold", "colorIdentity": ["R"], "colors": ["R"], "convertedManaCost": 1.0, "count": 1, "edhrecRank": 18139, "edhrecSaltiness": 0.17, "finishes": ["nonfoil", "signed"], "flavorText": "Daru soldiers learned it's better to have a clean death from a sharp blade than to tangle with a goblin's rusted chains.", "foreignData": [], "frameVersion": "2003", "hasFoil": false, "hasNonFoil": true, "identifiers": {"mcmId": "249276", "mtgjsonV4Id": "cc79b5b6-18d8-5030-b79d-af2c4c2711c9", "scryfallCardBackId": "0645a083-9e19-43db-9e76-4a424d53895d", "scryfallId": "8d18135d-abe6-4caa-8d93-c58c51778766", "scryfallIllustrationId": "beeec72c-6193-4040-b07a-6a57e3c1fa12", "scryfallOracleId": "48c1c84c-f690-42ce-9c5a-dd09b1e4197c", "tcgplayerProductId": "174178"}, "isFoil": false, "isReprint": true, "isStarter": true, "keywords": ["Provoke"], "language": "English", "layout": "normal", "legalities": {}, "manaCost": "{R}", "manaValue": 1.0, "name": "Goblin Grappler", "number": "we100", "power": "1", "printings": ["LGN", "WC03"], "purchaseUrls": {"tcgplayer": "https://mtgjson.com/links/62f0b52d76380eed"}, "rarity": "common", "setCode": "WC03", "signature": "Wolfgang Eder", "sourceProducts": {"nonfoil": ["5eb3f308-3540-5471-8f49-0ecd3f6f03c0"]}, "subtypes": ["Goblin"], "supertypes": [], "text": "Provoke (Whenever this creature attacks, you may have target creature defending player controls untap and block it if able.)", "toughness": "1", "type": "Creature — Goblin", "types": ["Creature"], "uuid": "c3a4e9ff-b576-5d98-a705-9b33c06708d6"}, {"artist": "Matt Cavotta", "artistIds": ["2e6a0611-9411-4ba4-98e3-c0e18cbf9f83"], "availability": ["paper"], "borderColor": "gold", "colorIdentity": ["R"], "colors": ["R"], "convertedManaCost": 2.0, "count": 4, "edhrecRank": 5238, "edhrecSaltiness": 0.18, "finishes": ["nonfoil", "signed"], "flavorText": "Throw enough goblins at any problem and it should go away. At the very least, there'll be fewer goblins.", "foreignData": [], "frameVersion": "2003", "hasFoil": false, "hasNonFoil": true, "identifiers": {"cardsphereId": "47269", "mcmId": "249277", "mtgjsonV4Id": "371b05fb-4d61-598b-af54-77125d7b5fd2", "scryfallCardBackId": "0645a083-9e19-43db-9e76-4a424d53895d", "scryfallId": "89364a83-7b54-4bc5-a549-9939cebd7867", "scryfallIllustrationId": "9d74a5a4-1384-4924-8199-5f0ba85f3a56", "scryfallOracleId": "4d74d12b-1ffb-482f-8bac-635a8d4d32e9", "tcgplayerProductId": "174179"}, "isFoil": false, "isReprint": true, "isStarter": true, "keywords": ["Protection"], "language": "English", "layout": "normal", "legalities": {}, "manaCost": "{1}{R}", "manaValue": 2.0, "name": "Goblin Piledriver", "number": "we205", "power": "1", "printings": ["G08", "ONS", "ORI", "PLST", "PORI", "PRM", "SLD", "VMA", "WC03"], "purchaseUrls": {"tcgplayer": "https://mtgjson.com/links/7a872094da836da0"}, "rarity": "rare", "rulings": [{"date": "2004-10-04", "text": "The number of Goblins is counted when this ability resolves."}], "setCode": "WC03", "signature": "Wolfgang Eder", "sourceProducts": {"nonfoil": ["5eb3f308-3540-5471-8f49-0ecd3f6f03c0"]}, "subtypes": ["Goblin", "Warrior"], "supertypes": [], "text": "Protection from blue (This creature can't be blocked, targeted, dealt damage, or enchanted by anything blue.)\nWhenever Goblin Piledriver attacks, it gets +2/+0 until end of turn for each other attacking Goblin.", "toughness": "2", "type": "Creature — Goblin Warrior", "types": ["Creature"], "uuid": "c65bd22a-f808-561e-ae0e-490b0bc956a5"}, {"artist": "Greg Staples", "artistIds": ["93d65564-bf00-447b-8406-e2031f03b6b1"], "availability": ["paper"], "borderColor": "gold", "colorIdentity": ["R"], "colors": ["R"], "convertedManaCost": 3.0, "count": 2, "edhrecRank": 2908, "edhrecSaltiness": 0.46, "finishes": ["nonfoil", "signed"], "foreignData": [], "frameVersion": "2003", "hasFoil": false, "hasNonFoil": true, "identifiers": {"mcmId": "249278", "mtgjsonV4Id": "a703b50c-ebfe-53a2-9095-6bbc23bf4711", "scryfallCardBackId": "0645a083-9e19-43db-9e76-4a424d53895d", "scryfallId": "d100f9ae-c1c7-48ce-acc1-5d2f40ccf539", "scryfallIllustrationId": "e53161c2-fdb5-41e2-88b9-dda13b64b5a6", "scryfallOracleId": "d81285b7-a718-411a-8be3-ecc0cfe0bcb0", "tcgplayerProductId": "174180"}, "isFoil": false, "isReprint": true, "isStarter": true, "language": "English", "layout": "normal", "legalities": {}, "manaCost": "{2}{R}", "manaValue": 3.0, "name": "Goblin Sharpshooter", "number": "we207", "power": "1", "printings": ["C13", "ONS", "PZ1", "SLD", "WC03"], "purchaseUrls": {"tcgplayer": "https://mtgjson.com/links/0d1c0781804d1b4c"}, "rarity": "rare", "setCode": "WC03", "signature": "Wolfgang Eder", "sourceProducts": {"nonfoil": ["5eb3f308-3540-5471-8f49-0ecd3f6f03c0"]}, "subtypes": ["Goblin"], "supertypes": [], "text": "Goblin Sharpshooter doesn't untap during your untap step.\nWhenever a creature dies, untap Goblin Sharpshooter.\n{T}: Goblin Sharpshooter deals 1 damage to any target.", "toughness": "1", "type": "Creature — Goblin", "types": ["Creature"], "uuid": "3fc41393-54dd-570d-b83f-ecda52a91cb6"}, {"artist": "Ron Spencer", "artistIds": ["dab52c11-0564-4207-a4a1-c1735c946a65"], "availability": ["paper"], "borderColor": "gold", "colorIdentity": ["R"], "colors": ["R"], "convertedManaCost": 1.0, "count": 4, "edhrecRank": 8630, "finishes": ["nonfoil", "signed"], "flavorText": "\"Let's play 'sled.' Here's how it works: you're the sled.\"", "foreignData": [], "frameVersion": "2003", "hasFoil": false, "hasNonFoil": true, "identifiers": {"mcmId": "249279", "mtgjsonV4Id": "29c1a2fb-a9fe-5fea-9f7e-9a10d6ff47ce", "scryfallCardBackId": "0645a083-9e19-43db-9e76-4a424d53895d", "scryfallId": "cacb205f-f57d-4275-8efe-0943b84408e7", "scryfallIllustrationId": "21e4ecd0-4a06-48fb-b9fe-74ddd822c9da", "scryfallOracleId": "ae93292a-458a-441b-a7de-4b10f0d20cc0", "tcgplayerProductId": "174181"}, "isFoil": false, "isReprint": true, "isStarter": true, "language": "English", "layout": "normal", "legalities": {}, "manaCost": "{R}", "manaValue": 1.0, "name": "Goblin Sledder", "number": "we209", "power": "1", "printings": ["DD1", "EVG", "ONS", "WC03"], "purchaseUrls": {"tcgplayer": "https://mtgjson.com/links/dc4118612af351cb"}, "rarity": "common", "setCode": "WC03", "signature": "Wolfgang Eder", "sourceProducts": {"nonfoil": ["5eb3f308-3540-5471-8f49-0ecd3f6f03c0"]}, "subtypes": ["Goblin"], "supertypes": [], "text": "Sacrifice a Goblin: Target creature gets +1/+1 until end of turn.", "toughness": "1", "type": "Creature — Goblin", "types": ["Creature"], "uuid": "5bc8e363-7bdd-5d19-9bb7-cba082b54c89"}, {"artist": "Trevor Hairsine", "artistIds": ["7c1d7b59-dbf1-4ca8-9975-8e01c593da6e"], "availability": ["paper"], "borderColor": "gold", "colorIdentity": ["R"], "colors": ["R"], "convertedManaCost": 1.0, "count": 3, "edhrecRank": 20672, "finishes": ["nonfoil", "signed"], "flavorText": "For some reason, goblin fighting school isn't as crowded on day two.", "foreignData": [], "frameVersion": "2003", "hasFoil": false, "hasNonFoil": true, "identifiers": {"mcmId": "249280", "mtgjsonV4Id": "0ff39207-7f1b-5e08-9a36-ccb0e5ec5219", "scryfallCardBackId": "0645a083-9e19-43db-9e76-4a424d53895d", "scryfallId": "a8701316-b247-4fff-a7ac-e6ce6701aee3", "scryfallIllustrationId": "ee340386-d318-409a-81cc-6063979cef2e", "scryfallOracleId": "64fddd5e-06e4-4d54-9ea6-0c9b82f3b153", "tcgplayerProductId": "174182"}, "isFoil": false, "isReprint": true, "isStarter": true, "keywords": ["Morph"], "language": "English", "layout": "normal", "legalities": {}, "manaCost": "{R}", "manaValue": 1.0, "name": "Goblin Taskmaster", "number": "we210", "power": "1", "printings": ["ONS", "PLST", "WC03"], "purchaseUrls": {"tcgplayer": "https://mtgjson.com/links/32b1403f8ed082ae"}, "rarity": "common", "setCode": "WC03", "signature": "Wolfgang Eder", "sourceProducts": {"nonfoil": ["5eb3f308-3540-5471-8f49-0ecd3f6f03c0"]}, "subtypes": ["Goblin"], "supertypes": [], "text": "{1}{R}: Target Goblin creature gets +1/+0 until end of turn.\nMorph {R} (You may cast this card face down as a 2/2 creature for {3}. Turn it face up any time for its morph cost.)", "toughness": "1", "type": "Creature — Goblin", "types": ["Creature"], "uuid": "7198f887-e348-56b7-a961-310da8640669"}, {"artist": "Greg Hildebrandt & Tim Hildebrandt", "artistIds": ["020f967b-0d2f-4166-aabe-901dba8bc7ec", "caa7228c-f74c-4145-91fb-1af8d623c353"], "availability": ["paper"], "borderColor": "gold", "colorIdentity": ["R"], "colors": ["R"], "convertedManaCost": 3.0, "count": 4, "edhrecRank": 2015, "edhrecSaltiness": 0.26, "finishes": ["nonfoil", "signed"], "flavorText": "They poured from the Skirk Ridge like lava, burning and devouring everything in their path.", "foreignData": [], "frameVersion": "2003", "hasFoil": false, "hasNonFoil": true, "identifiers": {"mcmId": "249281", "mtgjsonV4Id": "27c33e51-82ec-5399-8bef-bd7885fd7993", "scryfallCardBackId": "0645a083-9e19-43db-9e76-4a424d53895d", "scryfallId": "00e4415d-1c71-41bc-84f2-2eee6367c49b", "scryfallIllustrationId": "1adb9056-beaa-4987-a2d4-52b6da6d4551", "scryfallOracleId": "39882df0-c20f-469d-94ba-1617224e71a1", "tcgplayerProductId": "174183"}, "isFoil": false, "isReprint": true, "isStarter": true, "language": "English", "layout": "normal", "legalities": {}, "manaCost": "{1}{R}{R}", "manaValue": 3.0, "name": "Goblin Warchief", "number": "we97", "power": "2", "printings": ["DD1", "DDN", "DOM", "EVG", "F06", "F16", "J22", "PLST", "PRM", "SCG", "VMA", "WC03"], "purchaseUrls": {"tcgplayer": "https://mtgjson.com/links/d89d69dc88112126"}, "rarity": "uncommon", "rulings": [{"date": "2018-04-27", "text": "Goblin Warchief’s effect reduces only generic mana in the cost of Goblin spells you cast. For example, it doesn’t reduce the cost of Skirk Prospector below {R}."}], "setCode": "WC03", "signature": "Wolfgang Eder", "sourceProducts": {"nonfoil": ["5eb3f308-3540-5471-8f49-0ecd3f6f03c0"]}, "subtypes": ["Goblin", "Warrior"], "supertypes": [], "text": "Goblin spells you cast cost {1} less to cast.\nGoblins you control have haste.", "toughness": "2", "type": "Creature — Goblin Warrior", "types": ["Creature"], "uuid": "8d55c096-01ca-5d02-8696-b083e2997691"}, {"artist": "Christopher Moeller", "artistIds": ["21e10012-06ae-44f2-b38d-3824dd2e73d4"], "availability": ["paper"], "borderColor": "gold", "colorIdentity": ["R"], "colors": ["R"], "convertedManaCost": 5.0, "count": 4, "edhrecRank": 1472, "edhrecSaltiness": 0.18, "finishes": ["nonfoil", "signed"], "foreignData": [], "frameVersion": "2003", "hasFoil": false, "hasNonFoil": true, "identifiers": {"mcmId": "249282", "mtgjsonV4Id": "fb19965b-1ecc-5287-ab8c-632304823264", "scryfallCardBackId": "0645a083-9e19-43db-9e76-4a424d53895d", "scryfallId": "ab4ee0a8-47bd-4310-b2b0-f656e84cf96d", "scryfallIllustrationId": "ef726fe1-a0c3-4adc-ad55-8e880b435c10", "scryfallOracleId": "ddc7f59a-bbb1-4ba1-82c8-6813fd191940", "tcgplayerProductId": "176772"}, "isFoil": false, "isReprint": true, "isStarter": true, "language": "English", "layout": "normal", "legalities": {}, "manaCost": "{3}{R}{R}", "manaValue": 5.0, "name": "Siege-Gang Commander", "number": "we103", "power": "2", "printings": ["10E", "BLC", "DD1", "DMR", "DOM", "EMA", "EVG", "GNT", "LTC", "M10", "ONC", "PDOM", "SCG", "WC03"], "purchaseUrls": {"tcgplayer": "https://mtgjson.com/links/9bb38342ada6ae1c"}, "rarity": "rare", "rulings": [{"date": "2022-12-08", "text": "You can sacrifice any Goblin you control to activate Siege-Gang Commander's activated ability, including Siege-Gang Commander itself."}], "setCode": "WC03", "signature": "Wolfgang Eder", "sourceProducts": {"nonfoil": ["5eb3f308-3540-5471-8f49-0ecd3f6f03c0"]}, "subtypes": ["Goblin"], "supertypes": [], "text": "When Siege-Gang Commander enters, create three 1/1 red Goblin creature tokens.\n{1}{R}, Sacrifice a Goblin: Siege-Gang Commander deals 2 damage to any target.", "toughness": "2", "type": "Creature — Goblin", "types": ["Creature"], "uuid": "fdd0dbd8-8421-5856-afcc-9bce8b68c705"}, {"artist": "Doug Chaffee", "artistIds": ["dd587b27-dca3-4219-aa55-b285a7a77030"], "availability": ["paper"], "borderColor": "gold", "colorIdentity": ["R"], "colors": ["R"], "convertedManaCost": 1.0, "count": 3, "edhrecRank": 1136, "edhrecSaltiness": 0.39, "finishes": ["nonfoil", "signed"], "flavorText": "\"I like goblins. They make funny little popping sounds when they die.\"\n—Braids, dementia summoner", "foreignData": [], "frameVersion": "2003", "hasFoil": false, "hasNonFoil": true, "identifiers": {"mcmId": "249283", "mtgjsonV4Id": "44b16677-c44d-55e5-8bc8-747459f7b19f", "scryfallCardBackId": "0645a083-9e19-43db-9e76-4a424d53895d", "scryfallId": "bef22125-d009-47ff-abcd-78bfbcf5e168", "scryfallIllustrationId": "80a75fd9-38dc-4807-8b4e-73699b304cbd", "scryfallOracleId": "c18013e4-0b99-44e3-a2b2-027ace68723a", "tcgplayerProductId": "174189"}, "isFoil": false, "isReprint": true, "isStarter": true, "language": "English", "layout": "normal", "legalities": {}, "manaCost": "{R}", "manaValue": 1.0, "name": "Skirk Prospector", "number": "we230", "power": "1", "printings": ["DD1", "DDG", "DMR", "DOM", "EVG", "ONS", "PLST", "VMA", "WC03"], "purchaseUrls": {"tcgplayer": "https://mtgjson.com/links/99b41b5aabae6519"}, "rarity": "common", "rulings": [{"date": "2022-12-08", "text": "You can sacrifice any Goblin you control to activate Skirk Prospector’s activated ability, including Skirk Prospector itself. Note that once you sacrifice Skirk Prospector, you won’t be able to activate its ability again, so if you’d like to sacrifice multiple Goblins including Skirk Prospector for mana, be sure to sacrifice Skirk Prospector last."}], "setCode": "WC03", "signature": "Wolfgang Eder", "sourceProducts": {"nonfoil": ["5eb3f308-3540-5471-8f49-0ecd3f6f03c0"]}, "subtypes": ["Goblin"], "supertypes": [], "text": "Sacrifice a Goblin: Add {R}.", "toughness": "1", "type": "Creature — Goblin", "types": ["Creature"], "uuid": "547f51a0-9ae2-530a-b96f-889332d1b703"}, {"artist": "Jim Nelson", "artistIds": ["aa9f64d1-29e1-4c82-877e-44c18183f40b"], "availability": ["paper"], "borderColor": "gold", "colorIdentity": ["R"], "colors": ["R"], "convertedManaCost": 2.0, "count": 4, "edhrecRank": 16475, "edhrecSaltiness": 0.27, "finishes": ["nonfoil", "signed"], "flavorText": "\"If it didn't hurt, how would I know it worked?\"", "foreignData": [], "frameVersion": "2003", "hasFoil": false, "hasNonFoil": true, "identifiers": {"mcmId": "249284", "mtgjsonV4Id": "632e77b8-5fa0-50cf-a87f-3a34a7e30d67", "scryfallCardBackId": "0645a083-9e19-43db-9e76-4a424d53895d", "scryfallId": "ee9ffdf4-24c8-490c-ac82-b8be5cd29241", "scryfallIllustrationId": "178cf6bf-5376-4d39-9906-3f1960a937d4", "scryfallOracleId": "b27bc09a-ebea-498c-87f2-753852569a73", "tcgplayerProductId": "174192"}, "isFoil": false, "isReprint": true, "isStarter": true, "language": "English", "layout": "normal", "legalities": {}, "manaCost": "{1}{R}", "manaValue": 2.0, "name": "Sparksmith", "number": "we235", "power": "1", "printings": ["F03", "ONS", "PLST", "PRM", "WC03"], "purchaseUrls": {"tcgplayer": "https://mtgjson.com/links/45003eb9046ef1e9"}, "rarity": "common", "setCode": "WC03", "signature": "Wolfgang Eder", "sourceProducts": {"nonfoil": ["5eb3f308-3540-5471-8f49-0ecd3f6f03c0"]}, "subtypes": ["Goblin"], "supertypes": [], "text": "{T}: Sparksmith deals X damage to target creature and X damage to you, where X is the number of Goblins on the battlefield.", "toughness": "1", "type": "Creature — Goblin", "types": ["Creature"], "uuid": "3790753a-e2ac-5704-9928-e93a6fb7c407"}, {"artist": "Carl Critchlow", "artistIds": ["17948f16-611a-44b8-8d10-9895a0bdfff1"], "availability": ["paper"], "borderColor": "gold", "colorIdentity": ["B"], "colors": ["B"], "convertedManaCost": 2.0, "count": 3, "edhrecRank": 19663, "edhrecSaltiness": 0.1, "finishes": ["nonfoil", "signed"], "flavorText": "\"I can't hear them scream, but at least I don't have to listen to them beg.\"\n—Phage the Untouchable", "foreignData": [], "frameVersion": "2003", "hasFoil": false, "hasNonFoil": true, "identifiers": {"mcmId": "249285", "mtgjsonV4Id": "d602bab2-55fa-5b6f-affe-5329c47420c0", "scryfallCardBackId": "0645a083-9e19-43db-9e76-4a424d53895d", "scryfallId": "d5d42266-32a4-4829-a5ee-d9269cc605fe", "scryfallIllustrationId": "d5796d5f-93f5-4aeb-819b-14366f902934", "scryfallOracleId": "acdf9fb0-96eb-4520-bd4b-b6480c7c9b29", "tcgplayerProductId": "174190"}, "isAlternative": true, "isFoil": false, "isReprint": true, "isStarter": true, "language": "English", "layout": "normal", "legalities": {}, "manaCost": "{1}{B}", "manaValue": 2.0, "name": "Smother", "number": "we170", "printings": ["DDP", "F03", "ONS", "PRM", "WC03", "WWK"], "purchaseUrls": {"tcgplayer": "https://mtgjson.com/links/5aca0ac4aece5793"}, "rarity": "uncommon", "rulings": [{"date": "2010-03-01", "text": "A creature's mana value is determined solely by the mana symbols printed in its upper right corner (unless that creature is copying something else; see below). If its mana cost includes {X}, X is considered to be 0. If it has no mana symbols in its upper right corner (because it's an animated land, for example), its mana value is 0. Ignore any alternative costs or additional costs (such as kicker) paid when the creature was cast."}, {"date": "2010-03-01", "text": "A token has a mana value of 0, unless it is copying something else."}, {"date": "2010-03-01", "text": "If a creature is copying something else, its mana value is the mana value of whatever it's copying."}], "setCode": "WC03", "signature": "Wolfgang Eder", "sourceProducts": {"nonfoil": ["5eb3f308-3540-5471-8f49-0ecd3f6f03c0"]}, "subtypes": [], "supertypes": [], "text": "Destroy target creature with mana value 3 or less. It can't be regenerated.", "type": "Instant", "types": ["Instant"], "uuid": "a1bdeea2-d1e2-51c4-91df-95179d3d949d", "variations": ["2b981db8-9baa-5044-aaf7-7ea10661d506", "059d5b42-9ca2-5ee5-ac1c-3abcbf63719f"]}, {"artist": "Ben Thompson", "artistIds": ["f3116c88-57f4-4fd1-95f3-cfd163977661"], "availability": ["paper"], "borderColor": "gold", "colorIdentity": ["B"], "colors": ["B"], "convertedManaCost": 5.0, "count": 3, "edhrecRank": 854, "edhrecSaltiness": 0.45, "finishes": ["nonfoil", "signed"], "flavorText": "\"Family plots are so convenient.\"\n—Cabal Patriarch", "foreignData": [], "frameVersion": "2003", "hasFoil": false, "hasNonFoil": true, "identifiers": {"mcmId": "249287", "mtgjsonV4Id": "377b76da-d7e1-5f78-b42b-5eb03365bfa6", "scryfallCardBackId": "0645a083-9e19-43db-9e76-4a424d53895d", "scryfallId": "0d7bb46e-430f-4e59-80d0-0ea4f315d540", "scryfallIllustrationId": "9e69f0e3-7b13-4f40-8141-c90f4f42df4e", "scryfallOracleId": "25fc3bc2-d852-4f52-9adb-c7e35c06f3af", "tcgplayerProductId": "174187"}, "isAlternative": true, "isFoil": false, "isReprint": true, "isStarter": true, "language": "English", "layout": "normal", "legalities": {}, "manaCost": "{3}{B}{B}", "manaValue": 5.0, "name": "Patriarch's Bidding", "number": "we161", "printings": ["MH2", "ONS", "WC03"], "purchaseUrls": {"tcgplayer": "https://mtgjson.com/links/702d57abfb0a332d"}, "rarity": "rare", "rulings": [{"date": "2021-06-18", "text": "Any player may choose a creature type that's already been chosen. Doing so won't affect which creature cards are returned to the battlefield."}, {"date": "2021-06-18", "text": "Each player may choose any creature type, even if they don't have any creature cards of that type in their graveyard."}, {"date": "2021-06-18", "text": "The player whose turn it is chooses a creature type first, followed by each other player in turn order. Then, all creature cards that have one or more of the chosen types are returned to the battlefield at the same time."}, {"date": "2021-06-18", "text": "You must choose a creature type, such as Elf or Shaman. You can't choose other card types such as artifact or supertypes such as legendary."}], "setCode": "WC03", "signature": "Wolfgang Eder", "sourceProducts": {"nonfoil": ["5eb3f308-3540-5471-8f49-0ecd3f6f03c0"]}, "subtypes": [], "supertypes": [], "text": "Each player chooses a creature type. Each player returns all creature cards of a type chosen this way from their graveyard to the battlefield.", "type": "Sorcery", "types": ["Sorcery"], "uuid": "6e767d5c-1e1d-5f35-95be-d13438321eb4", "variations": ["f4ebca97-04ae-54a1-aaa6-d2eee225e7ea"]}, {"artist": "Rob Alexander", "artistIds": ["35906871-6c78-4ab2-9ed1-e6792c8efb74"], "availability": ["paper"], "borderColor": "gold", "colorIdentity": [], "colors": [], "convertedManaCost": 0.0, "count": 4, "edhrecRank": 59, "edhrecSaltiness": 0.31, "finishes": ["nonfoil", "signed"], "foreignData": [], "frameVersion": "2003", "hasFoil": false, "hasNonFoil": true, "identifiers": {"cardsphereId": "47244", "mcmId": "249288", "mtgjsonV4Id": "4a6ace01-6b6e-5c17-a033-970be264244f", "scryfallCardBackId": "0645a083-9e19-43db-9e76-4a424d53895d", "scryfallId": "45277efb-de6d-42f1-b84f-680e4441b9f9", "scryfallIllustrationId": "deec00b7-6807-492a-92ac-ebe1f278292c", "scryfallOracleId": "fc0707c7-d504-4ccf-a0d2-3eb6e26e7a57", "tcgplayerProductId": "174172"}, "isAlternative": true, "isFoil": false, "isReprint": true, "isStarter": true, "language": "English", "layout": "normal", "legalities": {}, "manaValue": 0.0, "name": "Bloodstained Mire", "number": "we313", "printings": ["EXP", "G09", "KTK", "MH3", "ONS", "PMH3", "PRM", "WC03", "ZNE"], "purchaseUrls": {"tcgplayer": "https://mtgjson.com/links/7babd1340622012b"}, "rarity": "rare", "setCode": "WC03", "signature": "Wolfgang Eder", "sourceProducts": {"nonfoil": ["5eb3f308-3540-5471-8f49-0ecd3f6f03c0"]}, "subtypes": [], "supertypes": [], "text": "{T}, Pay 1 life, Sacrifice Bloodstained Mire: Search your library for a Swamp or Mountain card, put it onto the battlefield, then shuffle.", "type": "Land", "types": ["Land"], "uuid": "ef2581d7-0fdd-599e-8d51-2ed842874e4e", "variations": ["9407ca3c-46ea-5d39-bfd1-3f720ee18e80"]}, {"artist": "Ron Walotsky", "artistIds": ["c7d4e16c-7b55-4ba6-81b9-2d923b8bf9dc"], "availability": ["paper"], "borderColor": "gold", "colorIdentity": [], "colors": [], "convertedManaCost": 0.0, "count": 1, "edhrecRank": 92, "edhrecSaltiness": 0.25, "finishes": ["nonfoil", "signed"], "foreignData": [], "frameVersion": "2003", "hasFoil": false, "hasNonFoil": true, "identifiers": {"mcmId": "249289", "mtgjsonV4Id": "68708fc5-58c3-5d7c-ab18-81d85a8d01af", "scryfallCardBackId": "0645a083-9e19-43db-9e76-4a424d53895d", "scryfallId": "0480fbbd-9095-4634-9e8d-e859790f0950", "scryfallIllustrationId": "1600a60f-380e-48d0-b411-0e33685ff6ba", "scryfallOracleId": "f25351e3-539b-4bbc-b92d-6480acf4d722", "tcgplayerProductId": "174174"}, "isAlternative": true, "isFoil": false, "isReprint": true, "isStarter": true, "language": "English", "layout": "normal", "legalities": {}, "manaValue": 0.0, "name": "City of Brass", "number": "we322", "printings": ["2X2", "5ED", "6ED", "7ED", "8ED", "ARN", "BCHR", "CHR", "MB2", "MD1", "ME4", "MMA", "OLEP", "PRM", "PSUS", "PTC", "RIN", "WC00", "WC01", "WC02", "WC03", "WC97", "WC98"], "purchaseUrls": {"tcgplayer": "https://mtgjson.com/links/c9006029a60202dd"}, "rarity": "rare", "rulings": [{"date": "2004-10-04", "text": "If you tap City of Brass while you are casting a spell or activating an ability, its ability will trigger and wait. When you finish casting that spell or activating that ability, City of Brass's triggered ability is put on the stack on top of it. City of Brass's ability will resolve first."}, {"date": "2004-10-04", "text": "On the other hand, you can tap City of Brass, put its triggered ability on the stack, and then respond to that ability by casting an instant or activating an ability using that mana. In that case, the instant spell or activated ability will resolve first."}, {"date": "2004-10-04", "text": "The first ability triggers no matter how the land becomes tapped."}], "setCode": "WC03", "signature": "Wolfgang Eder", "sourceProducts": {"nonfoil": ["5eb3f308-3540-5471-8f49-0ecd3f6f03c0"]}, "subtypes": [], "supertypes": [], "text": "Whenever City of Brass becomes tapped, it deals 1 damage to you.\n{T}: Add one mana of any color.", "type": "Land", "types": ["Land"], "uuid": "402d3ea6-3654-571a-8a0d-d228c798e568", "variations": ["6e54cad8-1b06-5395-9278-9e03d76ab512"]}, {"artist": "John Avon", "artistIds": ["798f3932-30e0-4420-aa3f-db4d613f89ca"], "availability": ["paper"], "borderColor": "gold", "colorIdentity": ["R"], "colors": [], "convertedManaCost": 0.0, "count": 4, "edhrecSaltiness": 0.35, "finishes": ["nonfoil", "signed"], "foreignData": [], "frameVersion": "2003", "hasFoil": false, "hasNonFoil": true, "identifiers": {"mcmId": "249291", "mtgjsonV4Id": "ffd2775c-c8f2-5eee-ad97-5905ecfa4bb6", "scryfallCardBackId": "0645a083-9e19-43db-9e76-4a424d53895d", "scryfallId": "9885f3a6-27f0-453f-b2d5-1fbc0af05920", "scryfallIllustrationId": "d82c8bf4-17d9-4eea-8dc9-ca1c85b9d6b8", "scryfallOracleId": "a3fb7228-e76b-4e96-a40e-20b5fed75685", "tcgplayerProductId": "174185"}, "isFoil": false, "isReprint": true, "isStarter": true, "language": "English", "layout": "normal", "legalities": {}, "manaValue": 0.0, "name": "Mountain", "number": "we343", "printings": ["10E", "2ED", "2XM", "30A", "3ED", "40K", "4BB", "4ED", "5ED", "6ED", "7ED", "8ED", "9ED", "ACR", "AFR", "AKH", "AKR", "ALA", "ANA", "ANB", "ARC", "ARN", "ATH", "AVR", "BBD", "BFZ", "BLB", "BRB", "BRC", "BRO", "BTD", "C13", "C14", "C15", "C16", "C17", "C18", "C19", "CED", "CEI", "CHK", "CLB", "CLU", "CM2", "CMA", "CMD", "CMM", "CMR", "CST", "DD1", "DD2", "DDE", "DDG", "DDH", "DDI", "DDJ", "DDK", "DDL", "DDN", "DDP", "DDS", "DDT", "DDU", "DKM", "DMR", "DMU", "DOM", "DPA", "DSK", "DTK", "E01", "ELD", "EVG", "FBB", "FRF", "G17", "GK1", "GK2", "GN2", "GN3", "GNT", "GRN", "GS1", "H09", "HBG", "HOP", "HOU", "ICE", "IKO", "INV", "ISD", "ITP", "J14", "J22", "JMP", "JVC", "KHM", "KLD", "KLR", "KTK", "LCI", "LEA", "LEB", "LRW", "LTR", "M10", "M11", "M12", "M13", "M14", "M15", "M19", "M20", "M21", "MBS", "ME1", "ME3", "MH2", "MH3", "MID", "MIR", "MKM", "MMQ", "MOM", "MRD", "NEO", "NPH", "ODY", "OLEP", "ONE", "ONS", "ORI", "OTJ", "P02", "P23", "PAL00", "PAL01", "PAL03", "PAL04", "PAL05", "PAL06", "PAL99", "PALP", "PANA", "PARL", "PC2", "PCA", "PD2", "PELP", "PF19", "PF20", "PGPX", "PGRU", "PIP", "PL24", "PLST", "PMPS", "PMPS06", "PMPS07", "PMPS08", "PMPS09", "PMPS10", "PMPS11", "POR", "PPP1", "PRM", "PRW2", "PRWK", "PS11", "PSAL", "PSS2", "PSS3", "PSS4", "PTC", "PTK", "PZ2", "RAV", "REX", "RIX", "RNA", "ROE", "RQS", "RTR", "S99", "SCD", "SHM", "SIR", "SLD", "SNC", "SOI", "SOM", "STX", "SUM", "TD0", "THB", "THS", "TMP", "TPR", "TSP", "UGL", "UND", "UNF", "UNH", "USG", "UST", "VOW", "WAR", "WC00", "WC01", "WC02", "WC03", "WC97", "WC98", "WC99", "WHO", "WOE", "XANA", "XLN", "ZEN", "ZNR"], "purchaseUrls": {"tcgplayer": "https://mtgjson.com/links/4aa87ef26346ea4e"}, "rarity": "common", "setCode": "WC03", "signature": "Wolfgang Eder", "sourceProducts": {"nonfoil": ["5eb3f308-3540-5471-8f49-0ecd3f6f03c0"]}, "subtypes": ["Mountain"], "supertypes": ["Basic"], "text": "({T}: Add {R}.)", "type": "Basic Land — Mountain", "types": ["Land"], "uuid": "c5dde9bd-3bd2-5569-a7ed-98d8e8384d5f", "variations": ["87951e76-fda2-5d1c-a415-dbacdb4ed752", "b0928124-2cd1-58a5-ad6e-a96317fbc678", "f9c59536-56bf-5dba-9d7a-44fa734903cf", "b72c6976-7617-58e5-aefa-a9619139739a", "76482e7a-ad4b-525f-ac5a-83db7d78a118"]}, {"artist": "John Avon", "artistIds": ["798f3932-30e0-4420-aa3f-db4d613f89ca"], "availability": ["paper"], "borderColor": "gold", "colorIdentity": ["R"], "colors": [], "convertedManaCost": 0.0, "count": 3, "edhrecSaltiness": 0.35, "finishes": ["nonfoil", "signed"], "foreignData": [], "frameVersion": "2003", "hasFoil": false, "hasNonFoil": true, "identifiers": {"mtgjsonV4Id": "c0d00f12-77d5-5849-beb4-4c546eebb04f", "scryfallCardBackId": "0645a083-9e19-43db-9e76-4a424d53895d", "scryfallId": "a35ff5f3-56a1-4862-809e-7ec77f9cc9ee", "scryfallIllustrationId": "2cf4e34e-115f-4ee1-870c-2b38c8a0efa0", "scryfallOracleId": "a3fb7228-e76b-4e96-a40e-20b5fed75685", "tcgplayerProductId": "174184"}, "isFoil": false, "isReprint": true, "isStarter": true, "language": "English", "layout": "normal", "legalities": {}, "manaValue": 0.0, "name": "Mountain", "number": "we344", "printings": ["10E", "2ED", "2XM", "30A", "3ED", "40K", "4BB", "4ED", "5ED", "6ED", "7ED", "8ED", "9ED", "ACR", "AFR", "AKH", "AKR", "ALA", "ANA", "ANB", "ARC", "ARN", "ATH", "AVR", "BBD", "BFZ", "BLB", "BRB", "BRC", "BRO", "BTD", "C13", "C14", "C15", "C16", "C17", "C18", "C19", "CED", "CEI", "CHK", "CLB", "CLU", "CM2", "CMA", "CMD", "CMM", "CMR", "CST", "DD1", "DD2", "DDE", "DDG", "DDH", "DDI", "DDJ", "DDK", "DDL", "DDN", "DDP", "DDS", "DDT", "DDU", "DKM", "DMR", "DMU", "DOM", "DPA", "DSK", "DTK", "E01", "ELD", "EVG", "FBB", "FRF", "G17", "GK1", "GK2", "GN2", "GN3", "GNT", "GRN", "GS1", "H09", "HBG", "HOP", "HOU", "ICE", "IKO", "INV", "ISD", "ITP", "J14", "J22", "JMP", "JVC", "KHM", "KLD", "KLR", "KTK", "LCI", "LEA", "LEB", "LRW", "LTR", "M10", "M11", "M12", "M13", "M14", "M15", "M19", "M20", "M21", "MBS", "ME1", "ME3", "MH2", "MH3", "MID", "MIR", "MKM", "MMQ", "MOM", "MRD", "NEO", "NPH", "ODY", "OLEP", "ONE", "ONS", "ORI", "OTJ", "P02", "P23", "PAL00", "PAL01", "PAL03", "PAL04", "PAL05", "PAL06", "PAL99", "PALP", "PANA", "PARL", "PC2", "PCA", "PD2", "PELP", "PF19", "PF20", "PGPX", "PGRU", "PIP", "PL24", "PLST", "PMPS", "PMPS06", "PMPS07", "PMPS08", "PMPS09", "PMPS10", "PMPS11", "POR", "PPP1", "PRM", "PRW2", "PRWK", "PS11", "PSAL", "PSS2", "PSS3", "PSS4", "PTC", "PTK", "PZ2", "RAV", "REX", "RIX", "RNA", "ROE", "RQS", "RTR", "S99", "SCD", "SHM", "SIR", "SLD", "SNC", "SOI", "SOM", "STX", "SUM", "TD0", "THB", "THS", "TMP", "TPR", "TSP", "UGL", "UND", "UNF", "UNH", "USG", "UST", "VOW", "WAR", "WC00", "WC01", "WC02", "WC03", "WC97", "WC98", "WC99", "WHO", "WOE", "XANA", "XLN", "ZEN", "ZNR"], "purchaseUrls": {"tcgplayer": "https://mtgjson.com/links/95985bd6a937dd1c"}, "rarity": "common", "setCode": "WC03", "signature": "Wolfgang Eder", "sourceProducts": {"nonfoil": ["5eb3f308-3540-5471-8f49-0ecd3f6f03c0"]}, "subtypes": ["Mountain"], "supertypes": ["Basic"], "text": "({T}: Add {R}.)", "type": "Basic Land — Mountain", "types": ["Land"], "uuid": "b0928124-2cd1-58a5-ad6e-a96317fbc678", "variations": ["c5dde9bd-3bd2-5569-a7ed-98d8e8384d5f", "87951e76-fda2-5d1c-a415-dbacdb4ed752", "f9c59536-56bf-5dba-9d7a-44fa734903cf", "b72c6976-7617-58e5-aefa-a9619139739a", "76482e7a-ad4b-525f-ac5a-83db7d78a118"]}, {"artist": "Rob Alexander", "artistIds": ["35906871-6c78-4ab2-9ed1-e6792c8efb74"], "availability": ["paper"], "borderColor": "gold", "colorIdentity": ["R"], "colors": [], "convertedManaCost": 0.0, "count": 3, "edhrecSaltiness": 0.35, "finishes": ["nonfoil", "signed"], "foreignData": [], "frameVersion": "2003", "hasFoil": false, "hasNonFoil": true, "identifiers": {"mtgjsonV4Id": "576f3b88-8feb-5839-a8be-8a61dbabc233", "scryfallCardBackId": "0645a083-9e19-43db-9e76-4a424d53895d", "scryfallId": "2d78f1af-120f-4929-94ed-624ee1f2447a", "scryfallIllustrationId": "693a8e3f-4440-4e67-91b1-42d10fc8a5a9", "scryfallOracleId": "a3fb7228-e76b-4e96-a40e-20b5fed75685", "tcgplayerProductId": "174186"}, "isFoil": false, "isReprint": true, "isStarter": true, "language": "English", "layout": "normal", "legalities": {}, "manaValue": 0.0, "name": "Mountain", "number": "we346", "printings": ["10E", "2ED", "2XM", "30A", "3ED", "40K", "4BB", "4ED", "5ED", "6ED", "7ED", "8ED", "9ED", "ACR", "AFR", "AKH", "AKR", "ALA", "ANA", "ANB", "ARC", "ARN", "ATH", "AVR", "BBD", "BFZ", "BLB", "BRB", "BRC", "BRO", "BTD", "C13", "C14", "C15", "C16", "C17", "C18", "C19", "CED", "CEI", "CHK", "CLB", "CLU", "CM2", "CMA", "CMD", "CMM", "CMR", "CST", "DD1", "DD2", "DDE", "DDG", "DDH", "DDI", "DDJ", "DDK", "DDL", "DDN", "DDP", "DDS", "DDT", "DDU", "DKM", "DMR", "DMU", "DOM", "DPA", "DSK", "DTK", "E01", "ELD", "EVG", "FBB", "FRF", "G17", "GK1", "GK2", "GN2", "GN3", "GNT", "GRN", "GS1", "H09", "HBG", "HOP", "HOU", "ICE", "IKO", "INV", "ISD", "ITP", "J14", "J22", "JMP", "JVC", "KHM", "KLD", "KLR", "KTK", "LCI", "LEA", "LEB", "LRW", "LTR", "M10", "M11", "M12", "M13", "M14", "M15", "M19", "M20", "M21", "MBS", "ME1", "ME3", "MH2", "MH3", "MID", "MIR", "MKM", "MMQ", "MOM", "MRD", "NEO", "NPH", "ODY", "OLEP", "ONE", "ONS", "ORI", "OTJ", "P02", "P23", "PAL00", "PAL01", "PAL03", "PAL04", "PAL05", "PAL06", "PAL99", "PALP", "PANA", "PARL", "PC2", "PCA", "PD2", "PELP", "PF19", "PF20", "PGPX", "PGRU", "PIP", "PL24", "PLST", "PMPS", "PMPS06", "PMPS07", "PMPS08", "PMPS09", "PMPS10", "PMPS11", "POR", "PPP1", "PRM", "PRW2", "PRWK", "PS11", "PSAL", "PSS2", "PSS3", "PSS4", "PTC", "PTK", "PZ2", "RAV", "REX", "RIX", "RNA", "ROE", "RQS", "RTR", "S99", "SCD", "SHM", "SIR", "SLD", "SNC", "SOI", "SOM", "STX", "SUM", "TD0", "THB", "THS", "TMP", "TPR", "TSP", "UGL", "UND", "UNF", "UNH", "USG", "UST", "VOW", "WAR", "WC00", "WC01", "WC02", "WC03", "WC97", "WC98", "WC99", "WHO", "WOE", "XANA", "XLN", "ZEN", "ZNR"], "purchaseUrls": {"tcgplayer": "https://mtgjson.com/links/b1038a4f9f17b0c1"}, "rarity": "common", "setCode": "WC03", "signature": "Wolfgang Eder", "sourceProducts": {"nonfoil": ["5eb3f308-3540-5471-8f49-0ecd3f6f03c0"]}, "subtypes": ["Mountain"], "supertypes": ["Basic"], "text": "({T}: Add {R}.)", "type": "Basic Land — Mountain", "types": ["Land"], "uuid": "76482e7a-ad4b-525f-ac5a-83db7d78a118", "variations": ["c5dde9bd-3bd2-5569-a7ed-98d8e8384d5f", "87951e76-fda2-5d1c-a415-dbacdb4ed752", "b0928124-2cd1-58a5-ad6e-a96317fbc678", "f9c59536-56bf-5dba-9d7a-44fa734903cf", "b72c6976-7617-58e5-aefa-a9619139739a"]}, {"artist": "Glen Angus", "artistIds": ["7be3b9e4-de9b-4a3d-884e-e67b9681d409"], "availability": ["paper"], "borderColor": "gold", "colorIdentity": ["B", "R"], "colors": [], "convertedManaCost": 0.0, "count": 3, "edhrecRank": 542, "edhrecSaltiness": 0.07, "finishes": ["nonfoil", "signed"], "flavorText": "The carnage of conflicts long past still stains the Otarian soil.", "foreignData": [], "frameVersion": "2003", "hasFoil": false, "hasNonFoil": true, "identifiers": {"mcmId": "249294", "mtgjsonV4Id": "38806968-d920-5298-a29a-8ca774ffa6a9", "scryfallCardBackId": "0645a083-9e19-43db-9e76-4a424d53895d", "scryfallId": "d57ed1fe-7edb-404b-8677-bca2e9f26c7d", "scryfallIllustrationId": "e9a9520f-a443-4258-adf5-fca203cb3fe8", "scryfallOracleId": "15687ee3-3cdb-4a8f-a726-46b73bceb792", "tcgplayerProductId": "174188"}, "isAlternative": true, "isFoil": false, "isReprint": true, "isStarter": true, "language": "English", "layout": "normal", "legalities": {}, "manaValue": 0.0, "name": "Shadowblood Ridge", "number": "we326", "printings": ["AFC", "BRC", "C16", "C20", "M3C", "NCC", "ODY", "OTC", "PIP", "VOC", "WC03", "WHO"], "purchaseUrls": {"tcgplayer": "https://mtgjson.com/links/9423e634a220f6dd"}, "rarity": "rare", "setCode": "WC03", "signature": "Wolfgang Eder", "sourceProducts": {"nonfoil": ["5eb3f308-3540-5471-8f49-0ecd3f6f03c0"]}, "subtypes": [], "supertypes": [], "text": "{1}, {T}: Add {B}{R}.", "type": "Land", "types": ["Land"], "uuid": "d78de17c-722b-504f-973e-71bf1e043cf0", "variations": ["ca879f0c-0a57-53f8-b7c9-886dabcfb547"]}, {"artist": "Bob Eggleton", "artistIds": ["fc0fb0e9-aa30-4143-a43e-d20b4aa9d8ed"], "availability": ["paper"], "borderColor": "gold", "colorIdentity": ["B"], "colors": [], "convertedManaCost": 0.0, "count": 2, "edhrecSaltiness": 0.29, "finishes": ["nonfoil", "signed"], "foreignData": [], "frameVersion": "2003", "hasFoil": false, "hasNonFoil": true, "identifiers": {"mcmId": "249295", "mtgjsonV4Id": "b352eea6-92c7-5d1c-a7bf-8856e8afd76a", "scryfallCardBackId": "0645a083-9e19-43db-9e76-4a424d53895d", "scryfallId": "6b65be65-d32e-42b5-98ee-d53556f17c29", "scryfallIllustrationId": "0b60df74-f3ad-4573-9a88-7bf8858e4d6f", "scryfallOracleId": "56719f6a-1a6c-4c0a-8d21-18f7d7350b68", "tcgplayerProductId": "174196"}, "isFoil": false, "isReprint": true, "isStarter": true, "language": "English", "layout": "normal", "legalities": {}, "manaValue": 0.0, "name": "Swamp", "number": "we339", "printings": ["10E", "2ED", "2XM", "30A", "3ED", "40K", "4BB", "4ED", "5ED", "6ED", "7ED", "8ED", "9ED", "ACR", "AFR", "AKH", "AKR", "ALA", "ANA", "ANB", "ARC", "ATH", "AVR", "BBD", "BFZ", "BLB", "BRB", "BRC", "BRO", "BTD", "C13", "C14", "C15", "C16", "C17", "C18", "C19", "CED", "CEI", "CHK", "CLB", "CLU", "CM2", "CMA", "CMD", "CMM", "CST", "DDC", "DDD", "DDE", "DDH", "DDJ", "DDK", "DDM", "DDN", "DDP", "DDQ", "DDR", "DKM", "DMR", "DMU", "DOM", "DPA", "DSK", "DTK", "DVD", "E01", "ELD", "FBB", "FDN", "FRF", "G17", "GK1", "GK2", "GN2", "GN3", "GNT", "GRN", "GVL", "H09", "HBG", "HOP", "HOU", "ICE", "IKO", "INV", "ISD", "ITP", "J14", "J22", "JMP", "KHM", "KLD", "KLR", "KTK", "LCI", "LEA", "LEB", "LRW", "LTR", "M10", "M11", "M12", "M13", "M14", "M15", "M19", "M20", "M21", "MBS", "MD1", "ME1", "ME3", "MH2", "MH3", "MID", "MIR", "MKM", "MMQ", "MOM", "MRD", "NEO", "NPH", "ODY", "OLEP", "ONE", "ONS", "ORI", "OTJ", "P02", "P23", "PAL00", "PAL01", "PAL03", "PAL04", "PAL05", "PAL06", "PAL99", "PALP", "PANA", "PARL", "PC2", "PCA", "PD3", "PELP", "PF19", "PF20", "PGPX", "PGRU", "PHUK", "PIP", "PLST", "PMPS", "PMPS06", "PMPS07", "PMPS08", "PMPS09", "PMPS10", "PMPS11", "POR", "PPP1", "PRM", "PRW2", "PRWK", "PS11", "PSAL", "PSS2", "PSS3", "PSS4", "PTC", "PTK", "RAV", "REX", "RIX", "RNA", "ROE", "RQS", "RTR", "S99", "SCD", "SHM", "SIR", "SLD", "SNC", "SOI", "SOM", "STX", "SUM", "TD0", "TD2", "THB", "THS", "TMP", "TPR", "TSP", "UGL", "UND", "UNF", "UNH", "USG", "UST", "VOW", "WAR", "WC01", "WC02", "WC03", "WC97", "WC98", "WC99", "WHO", "WOE", "XANA", "XLN", "ZEN", "ZNR"], "purchaseUrls": {"tcgplayer": "https://mtgjson.com/links/c12896ca6d9754cb"}, "rarity": "common", "setCode": "WC03", "signature": "Wolfgang Eder", "sourceProducts": {"nonfoil": ["5eb3f308-3540-5471-8f49-0ecd3f6f03c0"]}, "subtypes": ["Swamp"], "supertypes": ["Basic"], "text": "({T}: Add {B}.)", "type": "Basic Land — Swamp", "types": ["Land"], "uuid": "5270558b-e7be-5f6a-805c-d1bb91899a8e", "variations": ["e660f79f-605a-596a-9d6f-05ab6c8c928e", "2d67fdfe-91ba-50ab-917f-a32cac7f2937", "20799b4b-09a6-5919-894f-b59229bc3657", "2d66eb9b-9093-5438-b910-340745b91b56", "56a4dce1-fc84-5bf4-b029-bc3f60365d9d"]}, {"artist": "John Avon", "artistIds": ["798f3932-30e0-4420-aa3f-db4d613f89ca"], "availability": ["paper"], "borderColor": "gold", "colorIdentity": ["B"], "colors": [], "convertedManaCost": 0.0, "count": 1, "edhrecSaltiness": 0.29, "finishes": ["nonfoil", "signed"], "foreignData": [], "frameVersion": "2003", "hasFoil": false, "hasNonFoil": true, "identifiers": {"mtgjsonV4Id": "e08f30dc-0a4b-53a5-8bea-877a5c64a63c", "scryfallCardBackId": "0645a083-9e19-43db-9e76-4a424d53895d", "scryfallId": "d79f1754-9213-48e7-8186-46ef2fea1e52", "scryfallIllustrationId": "49e42a5f-3347-4aa4-a600-dad810304420", "scryfallOracleId": "56719f6a-1a6c-4c0a-8d21-18f7d7350b68", "tcgplayerProductId": "174197"}, "isFoil": false, "isReprint": true, "isStarter": true, "language": "English", "layout": "normal", "legalities": {}, "manaValue": 0.0, "name": "Swamp", "number": "we340", "printings": ["10E", "2ED", "2XM", "30A", "3ED", "40K", "4BB", "4ED", "5ED", "6ED", "7ED", "8ED", "9ED", "ACR", "AFR", "AKH", "AKR", "ALA", "ANA", "ANB", "ARC", "ATH", "AVR", "BBD", "BFZ", "BLB", "BRB", "BRC", "BRO", "BTD", "C13", "C14", "C15", "C16", "C17", "C18", "C19", "CED", "CEI", "CHK", "CLB", "CLU", "CM2", "CMA", "CMD", "CMM", "CST", "DDC", "DDD", "DDE", "DDH", "DDJ", "DDK", "DDM", "DDN", "DDP", "DDQ", "DDR", "DKM", "DMR", "DMU", "DOM", "DPA", "DSK", "DTK", "DVD", "E01", "ELD", "FBB", "FDN", "FRF", "G17", "GK1", "GK2", "GN2", "GN3", "GNT", "GRN", "GVL", "H09", "HBG", "HOP", "HOU", "ICE", "IKO", "INV", "ISD", "ITP", "J14", "J22", "JMP", "KHM", "KLD", "KLR", "KTK", "LCI", "LEA", "LEB", "LRW", "LTR", "M10", "M11", "M12", "M13", "M14", "M15", "M19", "M20", "M21", "MBS", "MD1", "ME1", "ME3", "MH2", "MH3", "MID", "MIR", "MKM", "MMQ", "MOM", "MRD", "NEO", "NPH", "ODY", "OLEP", "ONE", "ONS", "ORI", "OTJ", "P02", "P23", "PAL00", "PAL01", "PAL03", "PAL04", "PAL05", "PAL06", "PAL99", "PALP", "PANA", "PARL", "PC2", "PCA", "PD3", "PELP", "PF19", "PF20", "PGPX", "PGRU", "PHUK", "PIP", "PLST", "PMPS", "PMPS06", "PMPS07", "PMPS08", "PMPS09", "PMPS10", "PMPS11", "POR", "PPP1", "PRM", "PRW2", "PRWK", "PS11", "PSAL", "PSS2", "PSS3", "PSS4", "PTC", "PTK", "RAV", "REX", "RIX", "RNA", "ROE", "RQS", "RTR", "S99", "SCD", "SHM", "SIR", "SLD", "SNC", "SOI", "SOM", "STX", "SUM", "TD0", "TD2", "THB", "THS", "TMP", "TPR", "TSP", "UGL", "UND", "UNF", "UNH", "USG", "UST", "VOW", "WAR", "WC01", "WC02", "WC03", "WC97", "WC98", "WC99", "WHO", "WOE", "XANA", "XLN", "ZEN", "ZNR"], "purchaseUrls": {"tcgplayer": "https://mtgjson.com/links/9d54b0087954e026"}, "rarity": "common", "setCode": "WC03", "signature": "Wolfgang Eder", "sourceProducts": {"nonfoil": ["5eb3f308-3540-5471-8f49-0ecd3f6f03c0"]}, "subtypes": ["Swamp"], "supertypes": ["Basic"], "text": "({T}: Add {B}.)", "type": "Basic Land — Swamp", "types": ["Land"], "uuid": "20799b4b-09a6-5919-894f-b59229bc3657", "variations": ["e660f79f-605a-596a-9d6f-05ab6c8c928e", "5270558b-e7be-5f6a-805c-d1bb91899a8e", "2d67fdfe-91ba-50ab-917f-a32cac7f2937", "2d66eb9b-9093-5438-b910-340745b91b56", "56a4dce1-fc84-5bf4-b029-bc3f60365d9d"]}, {"artist": "Larry Elmore", "artistIds": ["ad9811c8-6d5c-4728-9c94-a1854337b100"], "availability": ["paper"], "borderColor": "gold", "colorIdentity": ["B"], "colors": [], "convertedManaCost": 0.0, "count": 1, "edhrecSaltiness": 0.29, "finishes": ["nonfoil", "signed"], "foreignData": [], "frameVersion": "2003", "hasFoil": false, "hasNonFoil": true, "identifiers": {"mtgjsonV4Id": "07fe84a7-5d45-5d06-9e66-9d028aa117f0", "scryfallCardBackId": "0645a083-9e19-43db-9e76-4a424d53895d", "scryfallId": "5629fcbc-5003-4198-8bef-45845faba258", "scryfallIllustrationId": "34813ab6-763a-4543-8283-e5daab546e48", "scryfallOracleId": "56719f6a-1a6c-4c0a-8d21-18f7d7350b68", "tcgplayerProductId": "174195"}, "isFoil": false, "isReprint": true, "isStarter": true, "language": "English", "layout": "normal", "legalities": {}, "manaValue": 0.0, "name": "Swamp", "number": "we342", "printings": ["10E", "2ED", "2XM", "30A", "3ED", "40K", "4BB", "4ED", "5ED", "6ED", "7ED", "8ED", "9ED", "ACR", "AFR", "AKH", "AKR", "ALA", "ANA", "ANB", "ARC", "ATH", "AVR", "BBD", "BFZ", "BLB", "BRB", "BRC", "BRO", "BTD", "C13", "C14", "C15", "C16", "C17", "C18", "C19", "CED", "CEI", "CHK", "CLB", "CLU", "CM2", "CMA", "CMD", "CMM", "CST", "DDC", "DDD", "DDE", "DDH", "DDJ", "DDK", "DDM", "DDN", "DDP", "DDQ", "DDR", "DKM", "DMR", "DMU", "DOM", "DPA", "DSK", "DTK", "DVD", "E01", "ELD", "FBB", "FDN", "FRF", "G17", "GK1", "GK2", "GN2", "GN3", "GNT", "GRN", "GVL", "H09", "HBG", "HOP", "HOU", "ICE", "IKO", "INV", "ISD", "ITP", "J14", "J22", "JMP", "KHM", "KLD", "KLR", "KTK", "LCI", "LEA", "LEB", "LRW", "LTR", "M10", "M11", "M12", "M13", "M14", "M15", "M19", "M20", "M21", "MBS", "MD1", "ME1", "ME3", "MH2", "MH3", "MID", "MIR", "MKM", "MMQ", "MOM", "MRD", "NEO", "NPH", "ODY", "OLEP", "ONE", "ONS", "ORI", "OTJ", "P02", "P23", "PAL00", "PAL01", "PAL03", "PAL04", "PAL05", "PAL06", "PAL99", "PALP", "PANA", "PARL", "PC2", "PCA", "PD3", "PELP", "PF19", "PF20", "PGPX", "PGRU", "PHUK", "PIP", "PLST", "PMPS", "PMPS06", "PMPS07", "PMPS08", "PMPS09", "PMPS10", "PMPS11", "POR", "PPP1", "PRM", "PRW2", "PRWK", "PS11", "PSAL", "PSS2", "PSS3", "PSS4", "PTC", "PTK", "RAV", "REX", "RIX", "RNA", "ROE", "RQS", "RTR", "S99", "SCD", "SHM", "SIR", "SLD", "SNC", "SOI", "SOM", "STX", "SUM", "TD0", "TD2", "THB", "THS", "TMP", "TPR", "TSP", "UGL", "UND", "UNF", "UNH", "USG", "UST", "VOW", "WAR", "WC01", "WC02", "WC03", "WC97", "WC98", "WC99", "WHO", "WOE", "XANA", "XLN", "ZEN", "ZNR"], "purchaseUrls": {"tcgplayer": "https://mtgjson.com/links/e011bd0fa1c5fba5"}, "rarity": "common", "setCode": "WC03", "signature": "Wolfgang Eder", "sourceProducts": {"nonfoil": ["5eb3f308-3540-5471-8f49-0ecd3f6f03c0"]}, "subtypes": ["Swamp"], "supertypes": ["Basic"], "text": "({T}: Add {B}.)", "type": "Basic Land — Swamp", "types": ["Land"], "uuid": "56a4dce1-fc84-5bf4-b029-bc3f60365d9d", "variations": ["e660f79f-605a-596a-9d6f-05ab6c8c928e", "5270558b-e7be-5f6a-805c-d1bb91899a8e", "2d67fdfe-91ba-50ab-917f-a32cac7f2937", "20799b4b-09a6-5919-894f-b59229bc3657", "2d66eb9b-9093-5438-b910-340745b91b56"]}], "name": "Wolfgang Eder - Goblin Bidding", "releaseDate": "2003-08-06", "sealedProductUuids": null, "sideBoard": [{"artist": "Ron Spencer", "artistIds": ["dab52c11-0564-4207-a4a1-c1735c946a65"], "availability": ["paper"], "borderColor": "gold", "colorIdentity": ["B"], "colors": ["B"], "convertedManaCost": 1.0, "count": 2, "edhrecRank": 12820, "edhrecSaltiness": 0.3, "finishes": ["nonfoil", "signed"], "foreignData": [], "frameEffects": ["tombstone"], "frameVersion": "2003", "hasFoil": false, "hasNonFoil": true, "identifiers": {"cardsphereId": "47248", "mcmId": "249299", "mtgjsonV4Id": "985bd2ee-3df7-5d70-848b-2d02e251e498", "scryfallCardBackId": "0aeebaf5-8c7d-4636-9e82-8c27447861f7", "scryfallId": "a032bcf1-9221-4315-b2b9-065cb55a5fd9", "scryfallIllustrationId": "e7b3e738-ab7c-4c88-9632-aa817e8d94fd", "scryfallOracleId": "018107d1-ebf7-4657-bc91-c8374af55cc5", "tcgplayerProductId": "174173"}, "isAlternative": true, "isFoil": false, "isReprint": true, "isStarter": true, "keywords": ["Flashback"], "language": "English", "layout": "normal", "legalities": {}, "manaCost": "{B}", "manaValue": 1.0, "name": "Cabal Therapy", "number": "we62sb", "printings": ["EMA", "F05", "JUD", "PD3", "PLST", "PRM", "WC03"], "purchaseUrls": {"tcgplayer": "https://mtgjson.com/links/534e74fe3b9a7ed4"}, "rarity": "uncommon", "rulings": [{"date": "2016-06-08", "text": "You name the card as Cabal Therapy resolves, not as you cast it. Then the targeted player reveals their hand and discards if appropriate. No player may choose to take actions between you naming the card and the targeted player revealing and discarding."}, {"date": "2021-03-19", "text": "A spell cast using flashback will always be exiled afterward, whether it resolves, is countered, or leaves the stack in some other way."}, {"date": "2021-03-19", "text": "If a card with flashback is put into your graveyard during your turn, you can cast it if it’s legal to do so before any other player can take any actions."}, {"date": "2021-03-19", "text": "To determine the total cost of a spell, start with the mana cost or alternative cost (such as a flashback cost) you’re paying, add any cost increases, then apply any cost reductions. The mana value of the spell is determined only by its mana cost, no matter what the total cost to cast the spell was."}, {"date": "2021-03-19", "text": "You can cast a spell using flashback even if it was somehow put into your graveyard without having been cast."}, {"date": "2021-03-19", "text": "You must still follow any timing restrictions and permissions, including those based on the card’s type. For instance, you can cast a sorcery using flashback only when you could normally cast a sorcery."}, {"date": "2021-03-19", "text": "“Flashback [cost]” means “You may cast this card from your graveyard by paying [cost] rather than paying its mana cost” and “If the flashback cost was paid, exile this card instead of putting it anywhere else any time it would leave the stack.”"}], "setCode": "WC03", "signature": "Wolfgang Eder", "sourceProducts": {"nonfoil": ["5eb3f308-3540-5471-8f49-0ecd3f6f03c0"]}, "subtypes": [], "supertypes": [], "text": "Choose a nonland card name. Target player reveals their hand and discards all cards with that name.\nFlashback—Sacrifice a creature. (You may cast this card from your graveyard for its flashback cost. Then exile it.)", "type": "Sorcery", "types": ["Sorcery"], "uuid": "f748fc0d-da02-5553-b96f-b20a1e5a87da", "variations": ["f87e1c26-4767-5738-95d2-3fc36b77db04", "71046ac0-ea12-58ed-9520-bcbd0f5686e0"]}, {"artist": "Dermot Power", "artistIds": ["4162c8c0-8ded-497c-b29e-131e43dfae5e"], "availability": ["paper"], "borderColor": "gold", "colorIdentity": ["B"], "colors": ["B"], "convertedManaCost": 3.0, "count": 2, "edhrecRank": 17631, "edhrecSaltiness": 0.08, "finishes": ["nonfoil", "signed"], "flavorText": "\"Ha, banishment? Be merciful, say 'death,'\nFor exile hath more terror in his look,\nMuch more than death.\"\n—William Shakespeare, *Romeo and Juliet*", "foreignData": [], "frameVersion": "2003", "hasFoil": false, "hasNonFoil": true, "identifiers": {"mcmId": "249300", "mtgjsonV4Id": "12d4a3ae-8bc5-57dc-a045-aec58819cbc5", "scryfallCardBackId": "0645a083-9e19-43db-9e76-4a424d53895d", "scryfallId": "9979a5f6-8c4e-4ec8-89e4-6fdf674eb09c", "scryfallIllustrationId": "756353cf-c31f-4d30-a579-e6278a4fb3c1", "scryfallOracleId": "0df450be-9bd2-45be-ae59-fa8d19f6a391", "tcgplayerProductId": "174175"}, "isFoil": false, "isReprint": true, "isStarter": true, "language": "English", "layout": "normal", "legalities": {}, "manaCost": "{2}{B}", "manaValue": 3.0, "name": "Dark Banishing", "number": "we123sb", "printings": ["7ED", "8ED", "9ED", "CST", "DDC", "DKM", "DVD", "ICE", "ME2", "MIR", "OLEP", "PSAL", "PTC", "TMP", "TPR", "WC03"], "purchaseUrls": {"tcgplayer": "https://mtgjson.com/links/7e3d2e4a840406b4"}, "rarity": "common", "setCode": "WC03", "signature": "Wolfgang Eder", "sourceProducts": {"nonfoil": ["5eb3f308-3540-5471-8f49-0ecd3f6f03c0"]}, "subtypes": [], "supertypes": [], "text": "Destroy target nonblack creature. It can't be regenerated.", "type": "Instant", "types": ["Instant"], "uuid": "af877dfb-93de-509b-bdf1-4e126099d2b5"}, {"artist": "Glen Angus", "artistIds": ["7be3b9e4-de9b-4a3d-884e-e67b9681d409"], "availability": ["paper"], "borderColor": "gold", "colorIdentity": ["R"], "colors": ["R"], "convertedManaCost": 2.0, "count": 2, "edhrecRank": 18415, "edhrecSaltiness": 0.31, "finishes": ["nonfoil", "signed"], "flavorText": "\"I don't rub salt in wounds. I use sulfur.\"\n—Matoc, lavamancer", "foreignData": [], "frameEffects": ["tombstone"], "frameVersion": "2003", "hasFoil": false, "hasNonFoil": true, "identifiers": {"mcmId": "249301", "mtgjsonV4Id": "c22b676a-8df1-53e6-a1ba-f6588037128f", "scryfallCardBackId": "0aeebaf5-8c7d-4636-9e82-8c27447861f7", "scryfallId": "e5226775-272f-4c10-a545-dd1ae91a5b55", "scryfallIllustrationId": "9409172b-bfda-430d-ae7c-64971db3a7b5", "scryfallOracleId": "cad19ad2-3ea9-43f5-bb5a-b0793402fab0", "tcgplayerProductId": "174176"}, "isFoil": false, "isReprint": true, "isStarter": true, "keywords": ["Flashback"], "language": "English", "layout": "normal", "legalities": {}, "manaCost": "{1}{R}", "manaValue": 2.0, "name": "Flaring Pain", "number": "we89sb", "printings": ["JUD", "PLST", "WC03"], "purchaseUrls": {"tcgplayer": "https://mtgjson.com/links/28a96dfe17604cb3"}, "rarity": "common", "rulings": [{"date": "2004-10-04", "text": "Spells and abilities that replace or redirect damage are not affected by this card."}, {"date": "2004-10-04", "text": "The \"damage can't be prevented\" statement overrides all forms of preventing damage. Damage prevention spells and abilities can still be cast and activated, they just don't do anything."}, {"date": "2021-03-19", "text": "\"Flashback [cost]\" means \"You may cast this card from your graveyard by paying [cost] rather than paying its mana cost\" and \"If the flashback cost was paid, exile this card instead of putting it anywhere else any time it would leave the stack.\""}, {"date": "2021-03-19", "text": "A spell cast using flashback will always be exiled afterward, whether it resolves, is countered, or leaves the stack in some other way."}, {"date": "2021-03-19", "text": "If a card with flashback is put into your graveyard during your turn, you can cast it if it's legal to do so before any other player can take any actions."}, {"date": "2021-03-19", "text": "To determine the total cost of a spell, start with the mana cost or alternative cost (such as a flashback cost) you're paying, add any cost increases, then apply any cost reductions. The mana value of the spell is determined only by its mana cost, no matter what the total cost to cast the spell was."}, {"date": "2021-03-19", "text": "You can cast a spell using flashback even if it was somehow put into your graveyard without having been cast."}, {"date": "2021-03-19", "text": "You must still follow any timing restrictions and permissions, including those based on the card's type. For instance, you can cast a sorcery using flashback only when you could normally cast a sorcery."}], "setCode": "WC03", "signature": "Wolfgang Eder", "sourceProducts": {"nonfoil": ["5eb3f308-3540-5471-8f49-0ecd3f6f03c0"]}, "subtypes": [], "supertypes": [], "text": "Damage can't be prevented this turn.\nFlashback {R} (You may cast this card from your graveyard for its flashback cost. Then exile it.)", "type": "Instant", "types": ["Instant"], "uuid": "e7e5e4f7-5336-5f36-9043-338a38896d0b"}, {"artist": "Carl Critchlow", "artistIds": ["17948f16-611a-44b8-8d10-9895a0bdfff1"], "availability": ["paper"], "borderColor": "gold", "colorIdentity": ["B"], "colors": ["B"], "convertedManaCost": 2.0, "count": 1, "edhrecRank": 19663, "edhrecSaltiness": 0.1, "finishes": ["nonfoil", "signed"], "flavorText": "\"I can't hear them scream, but at least I don't have to listen to them beg.\"\n—Phage the Untouchable", "foreignData": [], "frameVersion": "2003", "hasFoil": false, "hasNonFoil": true, "identifiers": {"mtgjsonV4Id": "e20ad1c1-1a67-5bbc-8139-4effa74fe824", "scryfallCardBackId": "0645a083-9e19-43db-9e76-4a424d53895d", "scryfallId": "1d87e268-daab-4bf5-952c-a3baf82beb11", "scryfallIllustrationId": "d5796d5f-93f5-4aeb-819b-14366f902934", "scryfallOracleId": "acdf9fb0-96eb-4520-bd4b-b6480c7c9b29", "tcgplayerProductId": "174191"}, "isAlternative": true, "isFoil": false, "isReprint": true, "isStarter": true, "language": "English", "layout": "normal", "legalities": {}, "manaCost": "{1}{B}", "manaValue": 2.0, "name": "Smother", "number": "we170sb", "printings": ["DDP", "F03", "ONS", "PRM", "WC03", "WWK"], "purchaseUrls": {"tcgplayer": "https://mtgjson.com/links/b693676cd19e65ee"}, "rarity": "uncommon", "rulings": [{"date": "2010-03-01", "text": "A creature's mana value is determined solely by the mana symbols printed in its upper right corner (unless that creature is copying something else; see below). If its mana cost includes {X}, X is considered to be 0. If it has no mana symbols in its upper right corner (because it's an animated land, for example), its mana value is 0. Ignore any alternative costs or additional costs (such as kicker) paid when the creature was cast."}, {"date": "2010-03-01", "text": "A token has a mana value of 0, unless it is copying something else."}, {"date": "2010-03-01", "text": "If a creature is copying something else, its mana value is the mana value of whatever it's copying."}], "setCode": "WC03", "signature": "Wolfgang Eder", "sourceProducts": {"nonfoil": ["5eb3f308-3540-5471-8f49-0ecd3f6f03c0"]}, "subtypes": [], "supertypes": [], "text": "Destroy target creature with mana value 3 or less. It can't be regenerated.", "type": "Instant", "types": ["Instant"], "uuid": "059d5b42-9ca2-5ee5-ac1c-3abcbf63719f", "variations": ["2b981db8-9baa-5044-aaf7-7ea10661d506", "a1bdeea2-d1e2-51c4-91df-95179d3d949d"]}, {"artist": "David Martin", "artistIds": ["996ad764-4ae0-4952-8bb5-5a75c9d68275"], "availability": ["paper"], "borderColor": "gold", "colorIdentity": ["R"], "colors": ["R"], "convertedManaCost": 2.0, "count": 4, "edhrecRank": 1982, "edhrecSaltiness": 0.21, "finishes": ["nonfoil", "signed"], "flavorText": "Pardic barbarians didn't complain when the Order started blaming every crisis on the Cabal.", "foreignData": [], "frameVersion": "2003", "hasFoil": false, "hasNonFoil": true, "identifiers": {"mcmId": "249302", "mtgjsonV4Id": "8e934808-2389-5b6b-a6ac-02f886ad44ee", "scryfallCardBackId": "0645a083-9e19-43db-9e76-4a424d53895d", "scryfallId": "d7753550-3a91-47ad-9616-c46c69a0b93a", "scryfallIllustrationId": "78656da0-7e34-4718-a606-7451dc79532d", "scryfallOracleId": "34d112c3-cc2d-4428-bd7f-568bda61bd30", "tcgplayerProductId": "174193"}, "isFoil": false, "isReprint": true, "isStarter": true, "keywords": ["Cycling"], "language": "English", "layout": "normal", "legalities": {}, "manaCost": "{X}{R}{R}", "manaValue": 2.0, "name": "Starstorm", "number": "we328sb", "printings": ["40K", "BLC", "C13", "C14", "C20", "CM2", "J22", "NEC", "ONS", "VMA", "WC03"], "purchaseUrls": {"tcgplayer": "https://mtgjson.com/links/5297b69413944514"}, "rarity": "rare", "rulings": [{"date": "2008-10-01", "text": "Cycling is an activated ability. Effects that interact with activated abilities (such as Stifle or Rings of Brighthearth) will interact with cycling. Effects that interact with spells (such as Remove Soul or Faerie Tauntings) will not."}], "setCode": "WC03", "signature": "Wolfgang Eder", "sourceProducts": {"nonfoil": ["5eb3f308-3540-5471-8f49-0ecd3f6f03c0"]}, "subtypes": [], "supertypes": [], "text": "Starstorm deals X damage to each creature.\nCycling {3} ({3}, Discard this card: Draw a card.)", "type": "Instant", "types": ["Instant"], "uuid": "29918f4a-b815-5327-8e7d-cfcd1b12ae7d"}, {"artist": "Greg Staples", "artistIds": ["93d65564-bf00-447b-8406-e2031f03b6b1"], "availability": ["paper"], "borderColor": "gold", "colorIdentity": ["R"], "colors": ["R"], "convertedManaCost": 3.0, "count": 4, "edhrecRank": 2783, "edhrecSaltiness": 0.65, "finishes": ["nonfoil", "signed"], "foreignData": [], "frameVersion": "2003", "hasFoil": false, "hasNonFoil": true, "identifiers": {"mcmId": "249303", "mtgjsonV4Id": "dd9c3f6a-4168-594a-9ced-7228adf9a11c", "scryfallCardBackId": "0645a083-9e19-43db-9e76-4a424d53895d", "scryfallId": "b6ad5df8-bf48-48e6-8286-2ac4ba7faf7c", "scryfallIllustrationId": "4b613499-6ca9-4b90-a4d9-65776b739632", "scryfallOracleId": "7652f328-e142-494b-a869-772ced10c26a", "tcgplayerProductId": "174194"}, "isFoil": false, "isReprint": true, "isStarter": true, "language": "English", "layout": "normal", "legalities": {}, "manaCost": "{1}{R}{R}", "manaValue": 3.0, "name": "Sulfuric Vortex", "number": "we106sb", "printings": ["CNS", "DDK", "DMR", "EMA", "SCG", "VMA", "WC03"], "purchaseUrls": {"tcgplayer": "https://mtgjson.com/links/8f72bc564c63cfa0"}, "rarity": "rare", "setCode": "WC03", "signature": "Wolfgang Eder", "sourceProducts": {"nonfoil": ["5eb3f308-3540-5471-8f49-0ecd3f6f03c0"]}, "subtypes": [], "supertypes": [], "text": "At the beginning of each player's upkeep, Sulfuric Vortex deals 2 damage to that player.\nIf a player would gain life, that player gains no life instead.", "type": "Enchantment", "types": ["Enchantment"], "uuid": "db0d6642-3402-594f-86b7-ef72229d3c43"}], "type": "World Championship Deck"}}