{"meta": {"date": "2024-09-03", "version": "5.2.2+20240903"}, "data": {"code": "J22", "commander": [], "mainBoard": [{"artist": "Hisashi Momose", "artistIds": ["09bc6de8-c99c-406a-9da6-8ece7112e496"], "availability": ["paper"], "boosterTypes": ["default"], "borderColor": "black", "colorIdentity": ["G"], "colors": ["G"], "convertedManaCost": 6.0, "count": 1, "edhrecRank": 9038, "finishes": ["nonfoil"], "foreignData": [{"identifiers": {"multiverseId": "597114", "scryfallId": "a00d9c36-2ba8-4efc-abfd-8dba56c75cbd"}, "language": "German", "multiverseId": 597114, "name": "Arlinn, Stimme des Rudels", "text": "Jede Kreatur, die du kontrollierst und die ein Wolf oder Werwolf ist, kommt mit einer zusätzlichen +1/+1-Marke ins Spiel.\n−2: Erzeuge einen 2/2 grünen Wolf-Kreaturenspielstein.", "type": "Legendärer Planeswalker — Arlinn"}, {"identifiers": {"multiverseId": "597160", "scryfallId": "866d1f06-82c9-4808-94f3-b33e81680723"}, "language": "Spanish", "multiverseId": 597160, "name": "Arlinn, la Voz de la Manada", "text": "Cada criatura que controlas que sea un Lobo o un Licántropo entra al campo de batalla con un contador +1/+1 adicional sobre ella.\n−2: Crea una ficha de criatura Lobo verde 2/2.", "type": "Planeswalker legendario — Arlinn"}, {"identifiers": {"multiverseId": "597206", "scryfallId": "8a9bad33-dbd5-45c3-b9e3-ba6bc0b8cf6b"}, "language": "French", "multiverseId": 597206, "name": "Arlinn, voix de la meute", "text": "Chaque créature que vous contrôlez qui est un loup ou un loup-garou arrive sur le champ de bataille avec un marqueur +1/+1 supplémentaire sur elle.\n-2 : Créez un jeton de créature 2/2 verte Loup.", "type": "Planeswalker légendaire : Arlinn"}, {"identifiers": {"multiverseId": "597252", "scryfallId": "4588ab25-2a89-4e2c-a2fb-1567f749c234"}, "language": "Italian", "multiverseId": 597252, "name": "Arlinn, Voce del Branco", "text": "Ogni creatura che controlli che è un Lupo o un Mannaro entra nel campo di battaglia con un segnalino +1/+1 addizionale.\n−2: Crea una pedina creatura Lupo 2/2 verde.", "type": "Planeswalker Leggendario — Arlinn"}, {"identifiers": {"multiverseId": "597298", "scryfallId": "67852a34-7c25-48a0-929f-dac24d8270db"}, "language": "Japanese", "multiverseId": 597298, "name": "群れの声、アーリン", "text": "あなたがコントロールしていて狼や狼男であるすべてのクリーチャーは、追加で＋１/＋１カウンター１個が置かれた状態で戦場に出る。\n-2：緑の２/２の狼・クリーチャー・トークン１体を生成する。", "type": "伝説のプレインズウォーカー — アーリン"}, {"identifiers": {"multiverseId": "597436", "scryfallId": "c91a18be-e33b-4f45-9a43-cfdbaa7d422f"}, "language": "Chinese Simplified", "multiverseId": 597436, "name": "狼群之声雅琳", "text": "由你操控且为狼或狼人的生物进战场时上面额外有一个+1/+1指示物。\n−2：派出一个2/2绿色的狼衍生生物。", "type": "传奇鹏洛客 ～雅琳"}], "frameVersion": "2015", "hasFoil": false, "hasNonFoil": true, "identifiers": {"cardsphereId": "96852", "mcmId": "686340", "mcmMetaId": "269277", "mtgjsonV4Id": "9061198c-130b-5786-b1e9-4f3db181adce", "multiverseId": "597068", "scryfallCardBackId": "0aeebaf5-8c7d-4636-9e82-8c27447861f7", "scryfallId": "98bee15d-6868-4dfc-9dd9-b437c5f3d6db", "scryfallIllustrationId": "12e7a9b3-ac8f-4842-9452-f0994caf331a", "scryfallOracleId": "a15b83df-91b7-49f0-9bec-5776a3dac8bd", "tcgplayerProductId": "454973"}, "isFoil": false, "isReprint": true, "language": "English", "layout": "normal", "leadershipSkills": {"brawl": false, "commander": false, "oathbreaker": true}, "legalities": {"brawl": "Legal", "commander": "Legal", "duel": "Legal", "explorer": "Legal", "gladiator": "Legal", "historic": "Legal", "legacy": "Legal", "modern": "Legal", "oathbreaker": "Legal", "penny": "Legal", "pioneer": "Legal", "timeless": "Legal", "vintage": "Legal"}, "loyalty": "7", "manaCost": "{4}{G}{G}", "manaValue": 6.0, "name": "Arlinn, Voice of the Pack", "number": "85", "originalText": "Each creature you control that's a Wolf or a Werewolf enters the battlefield with an additional +1/+1 counter on it.\n−2: Create a 2/2 green Wolf creature token.", "originalType": "Legendary Planeswalker — Arlinn", "printings": ["J22", "PLST", "PRM", "PWAR", "SLD", "WAR"], "purchaseUrls": {"cardmarket": "https://mtgjson.com/links/2b1978a82846b2c6", "tcgplayer": "https://mtgjson.com/links/30e25bd5a94b693d"}, "rarity": "uncommon", "rulings": [{"date": "2019-05-03", "text": "A creature that’s a Wolf or Werewolf enters the battlefield with one +1/+1 counter if it would otherwise enter with no +1/+1 counters."}, {"date": "2019-05-03", "text": "A creature that’s both a Wolf and a Werewolf receives only one additional +1/+1 counter from Arlinn’s ability."}, {"date": "2019-05-03", "text": "If Arlinn leaves the battlefield before her last ability resolves, most likely because she only had 2 loyalty when you activated the ability, the Wolf token won’t enter the battlefield with a +1/+1 counter."}], "setCode": "J22", "sourceProducts": {"nonfoil": ["31fd15cb-48ac-52b8-8f3c-84968a601869"]}, "subtypes": ["Arlinn"], "supertypes": ["Legendary"], "text": "Each creature you control that's a Wolf or a Werewolf enters with an additional +1/+1 counter on it.\n[−2]: Create a 2/2 green Wolf creature token.", "type": "Legendary Planeswalker — Arlinn", "types": ["Planeswalker"], "uuid": "a8382f74-e7fb-5224-a1fa-4e392b189b2b"}, {"artist": "Justyna Dura", "artistIds": ["d2340aef-8ca9-4e0d-864c-6a4e8d5e350a"], "availability": ["paper"], "boosterTypes": ["default"], "borderColor": "black", "colorIdentity": ["G"], "colors": ["G"], "convertedManaCost": 1.0, "count": 1, "edhrecRank": 19935, "finishes": ["nonfoil"], "flavorText": "She had always believed in the transformative powers of great literature.", "foreignData": [{"flavorText": "Sie hatte immer an die transformative Kraft großer Literatur geglaubt.", "identifiers": {"multiverseId": "589646", "scryfallId": "e5c55979-502b-4295-aaf4-7144de5f0d2c"}, "language": "German", "multiverseId": 589646, "name": "Sanftmütige Bibliothekarin", "text": "{3}{G}: Die Sanftmütige Bibliothekarin wird zu einem Werwolf. Lege zwei +1/+1-Marken auf sie und ziehe eine Karte. Aktiviere diese Fähigkeit nur einmal.", "type": "Kreatur — Mensch"}, {"flavorText": "Siempre había creído en el poder transformador de la buena literatura.", "identifiers": {"multiverseId": "589697", "scryfallId": "facb92e7-cdaa-48d4-80a6-4d023a9a5100"}, "language": "Spanish", "multiverseId": 589697, "name": "Bibliotecaria respetable", "text": "{3}{G}: La Bibliotecaria respetable se convierte en un Licántropo. Pon dos contadores +1/+1 sobre ella y roba una carta. Activa esto solo una vez.", "type": "Criatura — Humano"}, {"flavorText": "Elle avait toujours cru au pouvoir de transformation de la grande littérature.", "identifiers": {"multiverseId": "589748", "scryfallId": "9eb18975-d6fe-4af6-8439-8179af40e290"}, "language": "French", "multiverseId": 589748, "name": "Bibliothécaire modérée", "text": "{3}{G} : La Bibliothécaire modérée devient un loup-garou. Mettez deux marqueurs +1/+1 sur elle et vous piochez une carte. N'activez qu'une seule fois.", "type": "Créature : humain"}, {"flavorText": "Aveva sempre creduto nel potere della letteratura di trasformare le persone.", "identifiers": {"multiverseId": "589799", "scryfallId": "8eae4477-9a65-4ec7-8c50-a55fcb9326d5"}, "language": "Italian", "multiverseId": 589799, "name": "Bibliotecaria Mite", "text": "{3}{G}: La Bibliotecaria Mite diventa un Mannaro. Metti due segnalini +1/+1 su di essa e pesca una carta. Attiva solo una volta.", "type": "Creatura — Umano"}, {"flavorText": "彼女は偉大な書物の物事を変える力を信じ続けていた。", "identifiers": {"multiverseId": "589850", "scryfallId": "916f5b5e-bf77-4a82-8ae2-2971a4d5cc0d"}, "language": "Japanese", "multiverseId": 589850, "name": "温厚な司書", "text": "{3}{G}：温厚な司書は狼男になる。これの上に＋１/＋１カウンター２個を置き、あなたはカード１枚を引く。１回しか起動できない。", "type": "クリーチャー — 人間"}, {"flavorText": "她一直相信文学巨著能够转化人性。", "identifiers": {"multiverseId": "590003", "scryfallId": "86c0c02e-3b68-4b14-81ed-990da1da8f22"}, "language": "Chinese Simplified", "multiverseId": 590003, "name": "谦恭图书管理员", "text": "{3}{G}：谦恭图书管理员成为狼人。在其上放置两个+1/+1指示物且你抓一张牌。只能起动一次。", "type": "生物 ～人类"}], "frameVersion": "2015", "hasFoil": false, "hasNonFoil": true, "identifiers": {"cardsphereId": "96855", "mcmId": "686374", "mcmMetaId": "414703", "mtgjsonV4Id": "660417c0-300b-59ec-93cb-d90fac957601", "multiverseId": "589595", "scryfallCardBackId": "0aeebaf5-8c7d-4636-9e82-8c27447861f7", "scryfallId": "3eee6f29-ef06-47f6-99af-fb0ff88f09d0", "scryfallIllustrationId": "f0cb155b-337e-4532-b2b6-04fa2437b627", "scryfallOracleId": "fb7070ab-c234-4d54-8cdc-caf106bf24a6", "tcgplayerProductId": "454971"}, "isFoil": false, "language": "English", "layout": "normal", "legalities": {"commander": "Legal", "duel": "Legal", "legacy": "Legal", "oathbreaker": "Legal", "paupercommander": "Restricted", "vintage": "Legal"}, "manaCost": "{G}", "manaValue": 1.0, "name": "Mild-Mannered Librarian", "number": "41", "originalText": "{3}{G}: Mild-Mannered Librarian becomes a Werewolf. Put two +1/+1 counters on it and you draw a card. Activate only once.", "originalType": "Creature — Human", "power": "1", "printings": ["J22"], "purchaseUrls": {"cardmarket": "https://mtgjson.com/links/a54836ae9f302162", "tcgplayer": "https://mtgjson.com/links/b67a187f91ca5f60"}, "rarity": "uncommon", "rulings": [{"date": "2022-12-02", "text": "As Mild-Mannered Librarian's last ability resolves, it loses its other creature types and becomes a Werewolf. It's no longer a Human."}], "setCode": "J22", "sourceProducts": {"nonfoil": ["31fd15cb-48ac-52b8-8f3c-84968a601869"]}, "subtypes": ["Human"], "supertypes": [], "text": "{3}{G}: Mild-Mannered Librarian becomes a Werewolf. Put two +1/+1 counters on it and you draw a card. Activate only once.", "toughness": "1", "type": "Creature — Human", "types": ["Creature"], "uuid": "531f53cf-59d9-524d-8584-f5b8b17d116d"}, {"artist": "Uriah Voth", "artistIds": ["14cf4c0c-1a83-4366-ba61-6d0a26ee5a69"], "availability": ["paper"], "boosterTypes": ["default"], "borderColor": "black", "colorIdentity": ["G"], "colors": ["G"], "convertedManaCost": 5.0, "count": 1, "edhrecRank": 18558, "finishes": ["nonfoil"], "flavorText": "The nightsong begins with a lone howl, but soon swells to a deafening chorus.", "foreignData": [{"flavorText": "Der Nachtgesang beginnt mit einem einsamen Heulen, schwillt aber bald zu einem ohrenbetäubenden Chor an.", "identifiers": {"multiverseId": "589650", "scryfallId": "96e6cea7-8d6a-406a-99c3-0aa1b2fd245e"}, "language": "German", "multiverseId": 589650, "name": "Spektraler Jagdrufer", "text": "{5}{G}: Kreaturen, die du kontrollierst, erhalten +1/+1 und verursachen Trampelschaden bis zum Ende des Zuges.", "type": "Kreatur — Wolf, Geist"}, {"flavorText": "El canto nocturno empieza con un aullido solitario, pero rápidamente se acrecienta para convertirse en un coro ensordecedor.", "identifiers": {"multiverseId": "589701", "scryfallId": "1e7a802a-f95e-439d-bd9e-8777f67b6385"}, "language": "Spanish", "multiverseId": 589701, "name": "Voz de la caza espectral", "text": "{5}{G}: Las criaturas que controlas obtienen +1/+1 y ganan la habilidad de arrollar hasta el final del turno.", "type": "Criatura — Espíritu lobo"}, {"flavorText": "Le chant nocturne commence par un hurlement solitaire, mais s'amplifie bientôt en un chœur assourdissant.", "identifiers": {"multiverseId": "589752", "scryfallId": "ada57dc2-b72e-4a7b-8a60-af944d022508"}, "language": "French", "multiverseId": 589752, "name": "Grand veneur spectral", "text": "{5}{G} : Les créatures que vous contrôlez gagnent +1/+1 et acquièrent le piétinement jusqu'à la fin du tour.", "type": "Créature : loup et esprit"}, {"flavorText": "Il canto notturno inizia con un ululato solitario, ma presto cresce fino a diventare un coro assordante.", "identifiers": {"multiverseId": "589803", "scryfallId": "332b5c45-e314-469f-8f70-28ca9b97e0e4"}, "language": "Italian", "multiverseId": 589803, "name": "Convocatore di Caccia Spettrale", "text": "{5}{G}: Le creature che controlli prendono +1/+1 e hanno travolgere fino alla fine del turno.", "type": "Creatura — Spirito Lupo"}, {"flavorText": "夜の歌は一匹の遠吠えから始まるが、そのうち耳をつんざくような大合唱へと膨れ上がる。", "identifiers": {"multiverseId": "589854", "scryfallId": "7165dd9b-52b4-4f35-9b48-1e76a1086ff6"}, "language": "Japanese", "multiverseId": 589854, "name": "幽体の狩り喚び", "text": "{5}{G}：ターン終了時まで、あなたがコントロールしているすべてのクリーチャーは＋１/＋１の修整を受けトランプルを得る。", "type": "クリーチャー — 狼・スピリット"}, {"flavorText": "夜曲起初仅是独鸣狼嚎，但很快就变成震耳和声。", "identifiers": {"multiverseId": "590007", "scryfallId": "2528c4e2-08c7-4ae9-8c86-7ef52ccf7c14"}, "language": "Chinese Simplified", "multiverseId": 590007, "name": "魂魅召猎灵", "text": "{5}{G}：直到回合结束，由你操控的生物得+1/+1且获得践踏异能。", "type": "生物 ～狼／精怪"}], "frameVersion": "2015", "hasFoil": false, "hasNonFoil": true, "identifiers": {"cardsphereId": "96854", "mcmId": "686389", "mcmMetaId": "414710", "mtgjsonV4Id": "c945ffe1-f72e-52fd-a681-94c125e92fe8", "multiverseId": "589599", "scryfallCardBackId": "0aeebaf5-8c7d-4636-9e82-8c27447861f7", "scryfallId": "358fc99b-b2e5-4967-ba5a-ab2caee1751c", "scryfallIllustrationId": "e04c2b5c-5573-45d8-b2f7-f0f87fefe472", "scryfallOracleId": "d03ef35b-0609-46b5-ab8a-64d8007eab26", "tcgplayerProductId": "454970"}, "isFoil": false, "language": "English", "layout": "normal", "legalities": {"commander": "Legal", "duel": "Legal", "legacy": "Legal", "oathbreaker": "Legal", "pauper": "Legal", "paupercommander": "Legal", "vintage": "Legal"}, "manaCost": "{4}{G}", "manaValue": 5.0, "name": "Spectral Hunt-Caller", "number": "45", "originalText": "{5}{G}: Creatures you control get +1/+1 and gain trample until end of turn.", "originalType": "Creature — Wolf Spirit", "power": "4", "printings": ["J22"], "purchaseUrls": {"cardmarket": "https://mtgjson.com/links/9f0d947ffdb56fa4", "tcgplayer": "https://mtgjson.com/links/5b91ccb729c41306"}, "rarity": "common", "setCode": "J22", "sourceProducts": {"nonfoil": ["31fd15cb-48ac-52b8-8f3c-84968a601869"]}, "subtypes": ["Wolf", "Spirit"], "supertypes": [], "text": "{5}{G}: Creatures you control get +1/+1 and gain trample until end of turn.", "toughness": "4", "type": "Creature — Wolf Spirit", "types": ["Creature"], "uuid": "cbf446f2-5681-5375-b921-8be3fc2813a2"}, {"artist": "Steve Ellis", "artistIds": ["39d8411c-2187-426c-8ad3-d4f688b22db1"], "availability": ["paper"], "boosterTypes": ["default"], "borderColor": "black", "colorIdentity": ["G"], "colors": ["G"], "convertedManaCost": 4.0, "count": 1, "edhrecRank": 9099, "edhrecSaltiness": 0.08, "finishes": ["nonfoil"], "foreignData": [{"identifiers": {"multiverseId": "597541", "scryfallId": "ec2a5777-a522-4c0d-8ad5-52a903568aaa"}, "language": "German", "multiverseId": 597541, "name": "Böser Wolf", "text": "Wenn der Böse Wolf ins Spiel kommt, kämpft er gegen bis zu eine Kreatur deiner Wahl, die du nicht kontrollierst.\nOpfere eine Speise: Lege eine +1/+1-Marke auf den Bösen Wolf. Er erhält Unzerstörbarkeit bis zum Ende des Zuges. Tappe ihn.", "type": "Kreatur — Wolf"}, {"identifiers": {"multiverseId": "597566", "scryfallId": "5e8947b7-8f70-4d0c-ae78-3eb9ce9df2c6"}, "language": "Spanish", "multiverseId": 597566, "name": "Lobo feroz", "text": "Cuando el Lobo feroz entre al campo de batalla, lucha contra hasta una criatura objetivo que no controlas.\nSacrificar una Comida: Pon un contador +1/+1 sobre el Lobo feroz. Gana la habilidad de indestructible hasta el final del turno. Gíralo.", "type": "Criatura — Lobo"}, {"identifiers": {"multiverseId": "597591", "scryfallId": "6da7d425-bf7b-4f70-a6b2-187ca2d4cc97"}, "language": "French", "multiverseId": 597591, "name": "Méchant loup", "text": "Quand le Méchant loup arrive sur le champ de bataille, il se bat contre jusqu'à une créature ciblée que vous ne contrôlez pas.\nSacrifiez une nourriture : Mettez un marqueur +1/+1 sur le Méchant loup. Il acquiert l'indestructible jusqu'à la fin du tour. Engagez-le.", "type": "Créature : loup"}, {"identifiers": {"multiverseId": "597616", "scryfallId": "f683115e-002c-477c-a25f-fbe4078460e2"}, "language": "Italian", "multiverseId": 597616, "name": "Lupo Cattivo", "text": "Quando il Lupo Cattivo entra nel campo di battaglia, lotta con fino a una creatura bersaglio che non controlli.\nSacrifica un Cibo: Metti un segnalino +1/+1 sul Lupo Cattivo. Ha indistruttibile fino alla fine del turno. TAPpalo.", "type": "Creatura — Lupo"}, {"identifiers": {"multiverseId": "597641", "scryfallId": "40d2e735-b312-4a1c-b994-fe7aca150d50"}, "language": "Japanese", "multiverseId": 597641, "name": "意地悪な狼", "text": "意地悪な狼が戦場に出たとき、あなたがコントロールしていないクリーチャー最大１体を対象とする。これはそれと格闘を行う。\n食物１つを生け贄に捧げる：意地悪な狼の上に＋１/＋１カウンター１個を置く。ターン終了時まで、これは破壊不能を得る。これをタップする。", "type": "クリーチャー — 狼"}, {"identifiers": {"multiverseId": "597716", "scryfallId": "82663d59-f63f-4383-91ba-e0566738491a"}, "language": "Chinese Simplified", "multiverseId": 597716, "name": "恶狼", "text": "当恶狼进战场时，它与至多一个目标不由你操控的生物互斗。\n牺牲一个食品：在恶狼上放置一个+1/+1指示物。它获得不灭异能直到回合结束。将之横置。", "type": "生物 ～狼"}], "frameVersion": "2015", "hasFoil": false, "hasNonFoil": true, "identifiers": {"cardsphereId": "96853", "mcmId": "686398", "mcmMetaId": "281499", "mtgjsonV4Id": "bd4f0139-da2d-5211-8c38-5c888214ed0c", "multiverseId": "597516", "scryfallCardBackId": "0aeebaf5-8c7d-4636-9e82-8c27447861f7", "scryfallId": "ecca4c21-a076-4ddf-b61c-c1164eba5513", "scryfallIllustrationId": "023dfaac-9992-48b9-96e5-cfbb3f468640", "scryfallOracleId": "19cede61-1982-47d1-9e0e-49ac6de00798", "tcgplayerProductId": "454972"}, "isFoil": false, "isReprint": true, "keywords": ["Fight"], "language": "English", "layout": "normal", "legalities": {"brawl": "Legal", "commander": "Legal", "duel": "Legal", "explorer": "Legal", "gladiator": "Legal", "historic": "Legal", "legacy": "Legal", "modern": "Legal", "oathbreaker": "Legal", "penny": "Legal", "pioneer": "Legal", "timeless": "Legal", "vintage": "Legal"}, "manaCost": "{2}{G}{G}", "manaValue": 4.0, "name": "Wicked Wolf", "number": "134", "originalText": "When Wicked Wolf enters the battlefield, it fights up to one target creature you don't control.\nSacrifice a Food: Put a +1/+1 counter on Wicked Wolf. It gains indestructible until end of turn. Tap it.", "originalType": "Creature — Wolf", "power": "3", "printings": ["ELD", "J22", "PELD"], "purchaseUrls": {"cardmarket": "https://mtgjson.com/links/c701bd0531249a70", "tcgplayer": "https://mtgjson.com/links/5769d0755708d442"}, "rarity": "rare", "rulings": [{"date": "2019-10-04", "text": "If an effect refers to a Food, it means any Food artifact, not just a Food artifact token. For example, you can sacrifice Gingerbrute to activate the last ability of Tempting Witch."}, {"date": "2019-10-04", "text": "If the target creature is an illegal target when Wicked Wolf's first ability tries to resolve, the ability doesn't resolve. If Wicked Wolf is no longer on the battlefield, the target creature won't deal or be dealt damage."}, {"date": "2019-10-04", "text": "You can activate Wicked Wolf's last ability any number of times while its first ability is on the stack."}, {"date": "2019-10-04", "text": "You can activate Wicked Wolf's last ability even if it's already tapped."}], "securityStamp": "oval", "setCode": "J22", "sourceProducts": {"nonfoil": ["31fd15cb-48ac-52b8-8f3c-84968a601869"]}, "subtypes": ["Wolf"], "supertypes": [], "text": "When Wicked Wolf enters, it fights up to one target creature you don't control.\nSacrifice a Food: Put a +1/+1 counter on Wicked Wolf. It gains indestructible until end of turn. Tap it.", "toughness": "3", "type": "Creature — Wolf", "types": ["Creature"], "uuid": "9342833e-4694-5fbd-97e4-1ea68fb2b02b"}, {"artist": "April Prime", "artistIds": ["266f773b-5c80-4803-9b95-5a985af90548"], "availability": ["paper"], "boosterTypes": ["default"], "borderColor": "black", "colorIdentity": ["G"], "colors": ["G"], "convertedManaCost": 2.0, "count": 1, "edhrecRank": 7175, "finishes": ["nonfoil"], "flavorText": "A wolf pup is always dangerous, because a wolf pup is never alone.", "foreignData": [{"flavorText": "Ein Wolfswelpe ist immer gefährlich, denn ein Wolfswelpe ist nie allein.", "identifiers": {"multiverseId": "592902", "scryfallId": "93edaee7-f465-490f-a1e7-1a5aac384b5c"}, "language": "German", "multiverseId": 592902, "name": "Rudelsang-Welpe", "text": "Zu Beginn des Kampfes in deinem Zug und falls du einen anderen Wolf oder Werwolf kontrollierst, lege eine +1/+1-Marke auf den Rudelsang-Welpen.\nWenn der Rudelsang-Welpe stirbt, erhältst du Lebenspunkte in Höhe seiner Stärke dazu.", "type": "Kreatur — Wolf"}, {"flavorText": "Un lobato siempre es un peligro porque nunca está solo.", "identifiers": {"multiverseId": "593023", "scryfallId": "adf0e4b9-7bd0-4574-ba09-436994b91ec2"}, "language": "Spanish", "multiverseId": 593023, "name": "Lobato del canto de la jauría", "text": "Al comienzo del combate en tu turno, si controlas otro Lobo o Licántropo, pon un contador +1/+1 sobre el Lobato del canto de la jauría.\nCuando el Lobato del canto de la jauría muera, ganas una cantidad de vidas igual a su fuerza.", "type": "Criatura — Lobo"}, {"flavorText": "Les louveteaux sont toujours dangereux, car ils ne sont jamais seuls.", "identifiers": {"multiverseId": "593144", "scryfallId": "d0244602-3679-4792-8dd2-640b5c23de3a"}, "language": "French", "multiverseId": 593144, "name": "Louveteau chantemeute", "text": "Au début du combat pendant votre tour, si vous contrôlez un autre loup ou loup-garou, mettez un marqueur +1/+1 sur le Louveteau chantemeute.\nQuand le Louveteau chantemeute meurt, vous gagnez un nombre de points de vie égal à sa force.", "type": "Créature : loup"}, {"flavorText": "Un cucciolo di lupo è sempre pericoloso, perché non è mai solo.", "identifiers": {"multiverseId": "593265", "scryfallId": "92756754-c5d1-4bea-8710-ee98b1048d41"}, "language": "Italian", "multiverseId": 593265, "name": "Cucciolo del Canto del Branco", "text": "All'inizio del combattimento nel tuo turno, se controlli un altro Lupo o Mannaro, metti un segnalino +1/+1 sul Cucciolo del Canto del Branco.\nQuando il Cucciolo del Canto del Branco muore, guadagni punti vita pari alla sua forza.", "type": "Creatura — Lupo"}, {"flavorText": "子狼は常に危険である。何故なら、子狼は常に独りではないからである。", "identifiers": {"multiverseId": "593386", "scryfallId": "3273bcd6-f953-4750-857e-047f5abe3961"}, "language": "Japanese", "multiverseId": 593386, "name": "群れ歌の子狼", "text": "あなたのターンの戦闘の開始時に、あなたがこれでない狼や狼男をコントロールしている場合、群れ歌の子狼の上に＋１/＋１カウンター１個を置く。\n群れ歌の子狼が死亡したとき、あなたはこれのパワーに等しい点数のライフを得る。", "type": "クリーチャー — 狼"}, {"flavorText": "单头幼狼是危险讯号，因为幼狼总不落单。", "identifiers": {"multiverseId": "593749", "scryfallId": "e84d6757-d9e0-435c-a77b-34f06fc83e69"}, "language": "Chinese Simplified", "multiverseId": 593749, "name": "唤群幼狼", "text": "在你回合的战斗开始时，若你操控另一个狼或狼人，则在唤群幼狼上放置一个+1/+1指示物。\n当唤群幼狼死去时，你获得等同于其力量的生命。", "type": "生物 ～狼"}], "frameVersion": "2015", "hasFoil": false, "hasNonFoil": true, "identifiers": {"cardsphereId": "96989", "mcmId": "686634", "mcmMetaId": "346667", "mtgjsonV4Id": "f841cb52-c66d-5970-bb8e-e2bd9648f66e", "multiverseId": "592781", "scryfallCardBackId": "0aeebaf5-8c7d-4636-9e82-8c27447861f7", "scryfallId": "565640bf-cc41-4365-b1f7-54f66ebcfa01", "scryfallIllustrationId": "295b811b-3d85-452a-ba91-7efeb82ca043", "scryfallOracleId": "cd796e12-c422-4869-8d59-794600425381", "tcgplayerProductId": "455209"}, "isFoil": false, "isReprint": true, "language": "English", "layout": "normal", "legalities": {"brawl": "Legal", "commander": "Legal", "duel": "Legal", "explorer": "Legal", "gladiator": "Legal", "historic": "Legal", "legacy": "Legal", "modern": "Legal", "oathbreaker": "Legal", "paupercommander": "Restricted", "pioneer": "Legal", "timeless": "Legal", "vintage": "Legal"}, "manaCost": "{1}{G}", "manaValue": 2.0, "name": "Packsong Pup", "number": "703", "originalText": "At the beginning of combat on your turn, if you control another Wolf or Werewolf, put a +1/+1 counter on Packsong Pup.\nWhen Packsong Pup dies, you gain life equal to its power.", "originalType": "Creature — Wolf", "power": "1", "printings": ["DBL", "J22", "VOW"], "purchaseUrls": {"cardmarket": "https://mtgjson.com/links/fe27f8ca49d064a5", "tcgplayer": "https://mtgjson.com/links/302ff992c95b8a6e"}, "rarity": "uncommon", "rulings": [{"date": "2021-11-19", "text": "Packsong Pup gets only one +1/+1 counter as its first ability resolves, no matter how many other Wolf or Werewolf creatures you control."}], "setCode": "J22", "sourceProducts": {"nonfoil": ["31fd15cb-48ac-52b8-8f3c-84968a601869"]}, "subtypes": ["Wolf"], "supertypes": [], "text": "At the beginning of combat on your turn, if you control another Wolf or Werewolf, put a +1/+1 counter on Packsong Pup.\nWhen Packsong Pup dies, you gain life equal to its power.", "toughness": "1", "type": "Creature — Wolf", "types": ["Creature"], "uuid": "2733e9d8-789b-5964-ab27-c343d3389994"}, {"artist": "Rudy Siswanto", "artistIds": ["23f86db1-9103-49bb-83d5-0fda18143921"], "availability": ["paper"], "boosterTypes": ["default"], "borderColor": "black", "colorIdentity": ["G"], "colors": ["G"], "convertedManaCost": 3.0, "count": 1, "edhrecRank": 10341, "edhrecSaltiness": 0.04, "finishes": ["nonfoil"], "flavorText": "The strongest pack has the fiercest pups.", "foreignData": [{"flavorText": "Das stärkste Rudel hat die wildesten Welpen.", "identifiers": {"multiverseId": "592858", "scryfallId": "03ea81cb-3406-411b-8f1e-5fe4bc70d350"}, "language": "German", "multiverseId": 592858, "name": "Wilder Welpe", "text": "Wenn der Wilde Welpe ins Spiel kommt, erzeuge einen 2/2 grünen Wolf-Kreaturenspielstein.", "type": "Kreatur — Wolf"}, {"flavorText": "La manada más fuerte tiene los cachorros más fieros.", "identifiers": {"multiverseId": "592979", "scryfallId": "3f4dd157-6a47-42e7-a166-9dde409ee418"}, "language": "Spanish", "multiverseId": 592979, "name": "Cachorro feroz", "text": "Cuando el Cachorro feroz entre al campo de batalla, crea una ficha de criatura Lobo verde 2/2.", "type": "Criatura — Lobo"}, {"flavorText": "La meute la plus forte engendre les louveteaux les plus féroces.", "identifiers": {"multiverseId": "593100", "scryfallId": "95d3220f-4dd8-45e1-8134-5aece8c4d89a"}, "language": "French", "multiverseId": 593100, "name": "Louveteau féroce", "text": "Quand le Louveteau féroce arrive sur le champ de bataille, créez un jeton de créature 2/2 verte Loup.", "type": "Créature : loup"}, {"flavorText": "Il branco più forte ha i cuccioli più feroci.", "identifiers": {"multiverseId": "593221", "scryfallId": "267e4782-5cd3-4e88-b235-bc5e3cd39c83"}, "language": "Italian", "multiverseId": 593221, "name": "Cucciolo Feroce", "text": "Quando il Cucciolo Feroce entra nel campo di battaglia, crea una pedina creatura Lupo 2/2 verde.", "type": "Creatura — Lupo"}, {"flavorText": "最強の群れには最強の仔がいる。", "identifiers": {"multiverseId": "593342", "scryfallId": "7c877252-684b-4cb5-a288-4537e452b029"}, "language": "Japanese", "multiverseId": 593342, "name": "獰猛な仔狼", "text": "獰猛な仔狼が戦場に出たとき、緑の２/２の狼・クリーチャー・トークン１体を生成する。", "type": "クリーチャー — 狼"}, {"flavorText": "子借群势，群壮子威。", "identifiers": {"multiverseId": "593705", "scryfallId": "c8308f8f-2a8c-48b7-86e0-8022eb11ab25"}, "language": "Chinese Simplified", "multiverseId": 593705, "name": "凶猛幼狼", "text": "当凶猛幼狼进战场时，派出一个2/2绿色的狼衍生生物。", "type": "生物 ～狼"}], "frameVersion": "2015", "hasFoil": false, "hasNonFoil": true, "identifiers": {"cardsphereId": "97009", "mcmId": "686494", "mcmMetaId": "273330", "mtgjsonV4Id": "76fd2e19-157c-5afe-9413-2f75616d1830", "multiverseId": "592737", "scryfallCardBackId": "0aeebaf5-8c7d-4636-9e82-8c27447861f7", "scryfallId": "eee53763-7344-4627-93c3-b4a5b26b1f16", "scryfallIllustrationId": "54822bc0-ebe5-4f27-b63f-d136e16c31fa", "scryfallOracleId": "a1112750-8d38-49e0-ab1c-77110b2bbc4d", "tcgplayerProductId": "455089"}, "isFoil": false, "isReprint": true, "language": "English", "layout": "normal", "legalities": {"brawl": "Legal", "commander": "Legal", "duel": "Legal", "explorer": "Legal", "gladiator": "Legal", "historic": "Legal", "legacy": "Legal", "modern": "Legal", "oathbreaker": "Legal", "pauper": "Legal", "paupercommander": "Legal", "penny": "Legal", "pioneer": "Legal", "timeless": "Legal", "vintage": "Legal"}, "manaCost": "{2}{G}", "manaValue": 3.0, "name": "Ferocious Pup", "number": "659", "originalText": "When Ferocious Pup enters the battlefield, create a 2/2 green Wolf creature token.", "originalType": "Creature — Wolf", "power": "0", "printings": ["J22", "M20"], "purchaseUrls": {"cardmarket": "https://mtgjson.com/links/c6e9b5b953bd1ce8", "tcgplayer": "https://mtgjson.com/links/ca5141a6217b2991"}, "rarity": "common", "setCode": "J22", "sourceProducts": {"nonfoil": ["31fd15cb-48ac-52b8-8f3c-84968a601869"]}, "subtypes": ["Wolf"], "supertypes": [], "text": "When Ferocious Pup enters, create a 2/2 green Wolf creature token.", "toughness": "1", "type": "Creature — Wolf", "types": ["Creature"], "uuid": "a4f8e843-21bf-5cc0-9124-ed7e04ca38e9"}, {"artist": "Andrea Radeck", "artistIds": ["2560b932-96b5-4308-9d32-298641ef326e"], "availability": ["paper"], "boosterTypes": ["default"], "borderColor": "black", "colorIdentity": ["G"], "colors": ["G"], "convertedManaCost": 3.0, "count": 1, "edhrecRank": 13167, "edhrecSaltiness": 0.02, "finishes": ["nonfoil"], "flavorText": "With their usual prey scared off by werewolves, the wolves of the Ulvenwald adopted inventive new hunting techniques.", "foreignData": [{"flavorText": "Da ihre übliche Beute von Werwölfen verscheucht worden war, entwickelten die Wölfe des Ulvenwalds einfallsreiche neue Jagdtechniken.", "identifiers": {"multiverseId": "592832", "scryfallId": "28f88444-df7d-49ae-8b8e-3e6ad1c97582"}, "language": "German", "multiverseId": 592832, "name": "Springwolf", "text": "Aufblitzen\nReichweite", "type": "Kreatur — Wolf"}, {"flavorText": "Dado que los licántropos habían espantado a sus presas habituales, los lobos de Ulvenwald tuvieron que adoptar técnicas de caza más imaginativas.", "identifiers": {"multiverseId": "592953", "scryfallId": "eb1a5d5a-6ac9-404d-ba0c-5987672e6b68"}, "language": "Spanish", "multiverseId": 592953, "name": "Lobo brincador", "text": "Destello.\nAlcance.", "type": "Criatura — Lobo"}, {"flavorText": "Leurs proies habituelles ayant fui les loups-garous, les loups d'Ulvenwald adoptèrent de nouvelles techniques de chasse inventives.", "identifiers": {"multiverseId": "593074", "scryfallId": "9b30af87-08ba-4bd7-b398-c664412f3cb0"}, "language": "French", "multiverseId": 593074, "name": "Loup bondissant", "text": "Flash\nPortée", "type": "Créature : loup"}, {"flavorText": "Con le loro prede abituali spaventate dai mannari, i lupi di Ulvenwald adottarono nuove e creative tecniche di caccia.", "identifiers": {"multiverseId": "593195", "scryfallId": "a26903c8-53b2-462a-ba27-eaaf60175157"}, "language": "Italian", "multiverseId": 593195, "name": "Lupo al Balzo", "text": "Lampo\nRaggiungere", "type": "Creatura — Lupo"}, {"flavorText": "普段の獲物が人狼の恐怖に逃げてしまったので、ウルヴェンワルドの狼は独創的な新しい狩猟技術を編み出した。", "identifiers": {"multiverseId": "593316", "scryfallId": "aa60f9d9-0cbd-46b4-a521-07bf32dc5a00"}, "language": "Japanese", "multiverseId": 593316, "name": "跳ねる狼", "text": "瞬速\n到達", "type": "クリーチャー — 狼"}, {"flavorText": "在平常猎物都被狼人吓跑之后，沃文森的狼不得不创新捕猎技巧。", "identifiers": {"multiverseId": "593679", "scryfallId": "c681bfc2-bcfa-41c7-96be-d611e04d4dd1"}, "language": "Chinese Simplified", "multiverseId": 593679, "name": "弹跃狼", "text": "闪现\n延势", "type": "生物 ～狼"}], "frameVersion": "2015", "hasFoil": false, "hasNonFoil": true, "identifiers": {"cardsphereId": "97020", "mcmId": "686516", "mcmMetaId": "345521", "mtgjsonV4Id": "890e8de4-d40f-5dea-b4aa-2a0fd254ea69", "multiverseId": "592711", "scryfallCardBackId": "0aeebaf5-8c7d-4636-9e82-8c27447861f7", "scryfallId": "515d4a0a-61db-4be0-b9a3-cfd4c163f31b", "scryfallIllustrationId": "c41fa7ed-5583-4763-a3d4-95beca8db455", "scryfallOracleId": "257f7c29-8857-429e-a421-9262982804e0", "tcgplayerProductId": "455106"}, "isFoil": false, "isReprint": true, "keywords": ["Flash", "Reach"], "language": "English", "layout": "normal", "legalities": {"brawl": "Legal", "commander": "Legal", "duel": "Legal", "explorer": "Legal", "gladiator": "Legal", "historic": "Legal", "legacy": "Legal", "modern": "Legal", "oathbreaker": "Legal", "pauper": "Legal", "paupercommander": "Legal", "pioneer": "Legal", "timeless": "Legal", "vintage": "Legal"}, "manaCost": "{2}{G}", "manaValue": 3.0, "name": "Bounding Wolf", "number": "633", "originalText": "Flash\nReach", "originalType": "Creature — Wolf", "power": "3", "printings": ["DBL", "J22", "MID"], "purchaseUrls": {"cardmarket": "https://mtgjson.com/links/a95e5e53fe83b1e3", "tcgplayer": "https://mtgjson.com/links/839276b5f7007a36"}, "rarity": "common", "setCode": "J22", "sourceProducts": {"nonfoil": ["31fd15cb-48ac-52b8-8f3c-84968a601869"]}, "subtypes": ["Wolf"], "supertypes": [], "text": "Flash\nReach", "toughness": "2", "type": "Creature — Wolf", "types": ["Creature"], "uuid": "2fa1d1fc-5bbd-5321-bf35-c023382fdb54"}, {"artist": "Nicholas Gregory", "artistIds": ["a1bba8ff-63b4-4786-b1c4-f1bfe5d3ab1c"], "availability": ["paper"], "boosterTypes": ["default"], "borderColor": "black", "colorIdentity": ["G"], "colors": ["G"], "convertedManaCost": 4.0, "count": 1, "edhrecRank": 14359, "edhrecSaltiness": 0.29, "finishes": ["nonfoil"], "flavorText": "While the realm has laws, in the wilds there are other ways of balancing power.", "foreignData": [{"flavorText": "Während das Reich seine Gesetze hat, gibt es in der Wildnis andere Wege, das Gleichgewicht der Kräfte aufrechtzuerhalten.", "identifiers": {"multiverseId": "592860", "scryfallId": "f244e201-b207-4bd7-9dcc-b9b95f0f6355"}, "language": "German", "multiverseId": 592860, "name": "Erbitterter Hexenjäger", "text": "Verursacht Trampelschaden\nWenn der Erbitterte Hexenjäger ins Spiel kommt, erzeuge einen Speise-Spielstein. (Er ist ein Artefakt mit „{2}, {T}, opfere dieses Artefakt: Du erhältst 3 Lebenspunkte dazu.\")", "type": "Kreatur — Wolf"}, {"flavorText": "El reino tiene sus leyes, pero en las tierras salvajes hay otras formas de conservar el equilibrio de poderes.", "identifiers": {"multiverseId": "592981", "scryfallId": "57d1833a-91a6-433b-b024-2b6ed65ed5a8"}, "language": "Spanish", "multiverseId": 592981, "name": "Acechabrujas feroz", "text": "Arrolla.\nCuando el Acechabrujas feroz entre al campo de batalla, crea una ficha de Comida. (Es un artefacto con \"{2}, {T}, sacrificar este artefacto: Ganas 3 vidas\".)", "type": "Criatura — Lobo"}, {"flavorText": "Si le royaume a des lois, les friches ont d'autres moyens d'équilibrer le pouvoir.", "identifiers": {"multiverseId": "593102", "scryfallId": "5101e8d8-8f1c-4dab-a7ca-c62f48c8589f"}, "language": "French", "multiverseId": 593102, "name": "Pisteur de sorcière féroce", "text": "Piétinement\nQuand le Pisteur de sorcière féroce arrive sur le champ de bataille, créez un jeton Nourriture. (C'est un artefact avec « {2}, {T}, sacrifiez cet artefact : Vous gagnez 3 points de vie. »)", "type": "Créature : loup"}, {"flavorText": "Il reame ha le sue leggi, ma nelle terre selvagge esistono altri metodi per mantenere l'equilibrio dei poteri.", "identifiers": {"multiverseId": "593223", "scryfallId": "fde8acd6-5f89-4cdf-9e58-a72440900e4e"}, "language": "Italian", "multiverseId": 593223, "name": "Braccastreghe Feroce", "text": "Travolgere\nQuando il Braccastreghe Feroce entra nel campo di battaglia, crea una pedina Cibo. (È un artefatto con \"{2}, {T}, Sacrifica questo artefatto: Guadagni 3 punti vita\".)", "type": "Creatura — Lupo"}, {"flavorText": "王国に法があるように、僻境には力の均衡を保つ他の手段がある。", "identifiers": {"multiverseId": "593344", "scryfallId": "a5e8de86-2e69-4fe7-b520-1ecfa8dffb04"}, "language": "Japanese", "multiverseId": 593344, "name": "獰猛な魔女跡追い", "text": "トランプル\n獰猛な魔女跡追いが戦場に出たとき、食物・トークン１つを生成する。（それは、「{2},{T},このアーティファクトを生け贄に捧げる：あなたは３点のライフを得る。」を持つアーティファクトである。）", "type": "クリーチャー — 狼"}, {"flavorText": "世境依靠法律均衡力量，幻野依靠的是其他办法。", "identifiers": {"multiverseId": "593707", "scryfallId": "d914e178-d999-48d7-b210-69f44433497d"}, "language": "Chinese Simplified", "multiverseId": 593707, "name": "凶猛猎巫狼", "text": "践踏\n当凶猛猎巫狼进战场时，派出一个食品衍生物。（它是具有「{2}，{T}，牺牲此神器：你获得3点生命」的神器。）", "type": "生物 ～狼"}], "frameVersion": "2015", "hasFoil": false, "hasNonFoil": true, "identifiers": {"cardsphereId": "97006", "mcmId": "686650", "mcmMetaId": "281874", "mtgjsonV4Id": "a72c9486-08c1-5cfc-b4d1-685b2c910923", "multiverseId": "592739", "scryfallCardBackId": "0aeebaf5-8c7d-4636-9e82-8c27447861f7", "scryfallId": "797744c0-cfcc-43cb-baeb-bc2be3f7523d", "scryfallIllustrationId": "ebc793c1-63e0-43b3-bded-e2b1a4fbd53e", "scryfallOracleId": "ad69f48e-c387-4376-a04f-37d3992c7946", "tcgplayerProductId": "455225"}, "isFoil": false, "isReprint": true, "keywords": ["Food", "Trample"], "language": "English", "layout": "normal", "legalities": {"brawl": "Legal", "commander": "Legal", "duel": "Legal", "explorer": "Legal", "gladiator": "Legal", "historic": "Legal", "legacy": "Legal", "modern": "Legal", "oathbreaker": "Legal", "pauper": "Legal", "paupercommander": "Legal", "penny": "Legal", "pioneer": "Legal", "timeless": "Legal", "vintage": "Legal"}, "manaCost": "{2}{G}{G}", "manaValue": 4.0, "name": "Fierce Witchstalker", "number": "661", "originalText": "Trample\nWhen Fierce Witchstalker enters the battlefield, create a Food token. (It's an artifact with \"{2}, {T}, Sacrifice this artifact: You gain 3 life.\")", "originalType": "Creature — Wolf", "power": "4", "printings": ["ELD", "J22", "PLST"], "purchaseUrls": {"cardmarket": "https://mtgjson.com/links/577d89c6a64fba5c", "tcgplayer": "https://mtgjson.com/links/78bd244d464676da"}, "rarity": "common", "rulings": [{"date": "2019-10-04", "text": "Food is an artifact type. Even though it appears on some creatures (such as Gingerbrute), it's never a creature type."}, {"date": "2019-10-04", "text": "Whatever you do, don't eat the delicious cards."}, {"date": "2019-10-04", "text": "You can't sacrifice a Food token to pay multiple costs. For example, you can't sacrifice a Food token to activate its own ability and also to activate the ability of Tempting Witch."}], "setCode": "J22", "sourceProducts": {"nonfoil": ["31fd15cb-48ac-52b8-8f3c-84968a601869"]}, "subtypes": ["Wolf"], "supertypes": [], "text": "Trample\nWhen Fierce Witchstalker enters, create a Food token. (It's an artifact with \"{2}, {T}, Sacrifice this artifact: You gain 3 life.\")", "toughness": "4", "type": "Creature — Wolf", "types": ["Creature"], "uuid": "c8df57aa-7e7a-5359-86cf-03c14ac7ac19"}, {"artist": "Lars Grant-West", "artistIds": ["21ed6499-c4d3-4965-ab02-6c7228275bec"], "availability": ["paper"], "boosterTypes": ["default"], "borderColor": "black", "colorIdentity": ["G"], "colors": ["G"], "convertedManaCost": 6.0, "count": 1, "edhrecRank": 15090, "edhrecSaltiness": 0.06, "finishes": ["nonfoil"], "flavorText": "\"The monster was gaining on them. Twice it had found them. There was only one place left to hide.\"\n—*Tales of the Fae*", "foreignData": [{"flavorText": "„Das Monster holte immer weiter auf. Zweimal hatte es sie schon gefunden. Es gab nur noch ein mögliches Versteck.\"\n—*Geschichten aus dem Feenland*", "identifiers": {"multiverseId": "592939", "scryfallId": "91d6265e-b09e-4c26-8e8b-e6b806bc2c08"}, "language": "German", "multiverseId": 592939, "name": "Wolfsbeute", "text": "Erzeuge drei 1/1 grüne Wildschwein-Kreaturenspielsteine mit „Wenn diese Kreatur stirbt, erzeuge einen Speise-Spielstein.\" (Ein Speise-Spielstein ist ein Artefakt mit „{2}, {T}, opfere dieses Artefakt: Du erhältst 3 Lebenspunkte dazu.\")", "type": "Hexerei"}, {"flavorText": "\"El monstruo estaba cada vez más cerca. Ya los había encontrado dos veces, así que solo les quedaba un lugar donde esconderse\".\n—*Cuentos de hadas*", "identifiers": {"multiverseId": "593060", "scryfallId": "2d178f02-7b75-4dc8-b0bf-17508a281591"}, "language": "Spanish", "multiverseId": 593060, "name": "Presas del lobo", "text": "Crea tres fichas de criatura Jabalí verdes 1/1 con \"Cuando esta criatura muera, crea una ficha de Comida\". (Una ficha de Comida es un artefacto con \"{2}, {T}, sacrificar este artefacto: Ganas 3 vidas\".)", "type": "Conjuro"}, {"flavorText": "« Le monstre gagnait du terrain. Il les avait déjà trouvés à deux reprises. Il ne leur restait plus qu'un endroit où se cacher. »\n—*Contes des fæs*", "identifiers": {"multiverseId": "593181", "scryfallId": "ac98e71c-037e-402c-b0ab-842f516af8db"}, "language": "French", "multiverseId": 593181, "name": "Proie du loup", "text": "Créez trois jetons de créature 1/1 verte Sanglier avec « Quand cette créature meurt, créez un jeton Nourriture. » (Un jeton Nourriture est un artefact avec « {2}, {T}, sacrifiez cet artefact : Vous gagnez 3 points de vie. »)", "type": "Rituel"}, {"flavorText": "\"Il mostro li stava raggiungendo. Li aveva trovati due volte. Rimaneva solo un posto in cui nascondersi.\"\n—*Racconti delle Fate*", "identifiers": {"multiverseId": "593302", "scryfallId": "3a39f8a2-adfa-4043-bcfe-b1e16cccec13"}, "language": "Italian", "multiverseId": 593302, "name": "Prede del Lupo", "text": "Crea tre pedine creatura Cinghiale 1/1 verdi con \"Quando questa creatura muore, crea una pedina Cibo\". (Una pedina Cibo è un artefatto con \"{2}, {T}, Sacrifica questo artefatto: Guadagni 3 punti vita\".)", "type": "Stregoneria"}, {"flavorText": "「怪物が近くに迫っていた。もう二回見つかっていた。残る逃げ場は一つだけだった。」\n――*フェイの物語*", "identifiers": {"multiverseId": "593423", "scryfallId": "e42231da-16d8-4f42-8159-d92932b9b2b1"}, "language": "Japanese", "multiverseId": 593423, "name": "狼の獲物", "text": "「このクリーチャーが死亡したとき、食物・トークン１つを生成する。」を持つ緑の１/１の猪・クリーチャー・トークン３体を生成する。（食物・トークンは、「{2},{T},このアーティファクトを生け贄に捧げる：あなたは３点のライフを得る。」を持つアーティファクトである。）", "type": "ソーサリー"}, {"flavorText": "「怪兽越追越近；眼看着又要追上它们了。现在只剩一个地方可躲。」\n～*《仙儿传说》*", "identifiers": {"multiverseId": "593786", "scryfallId": "bd1c29f1-c6eb-410b-90af-4f924e83f426"}, "language": "Chinese Simplified", "multiverseId": 593786, "name": "野狼行猎", "text": "派出三个1/1绿色野猪衍生生物，且具有「当此生物死去时，派出一个食品衍生物。」（食品衍生物是具有「{2}，{T}，牺牲此神器：你获得3点生命」的神器。）", "type": "法术"}], "frameVersion": "2015", "hasFoil": false, "hasNonFoil": true, "identifiers": {"cardsphereId": "96975", "mcmId": "686477", "mcmMetaId": "281879", "mtgjsonV4Id": "ebb70ff9-3819-53ce-a1b2-3af4641ba812", "multiverseId": "592818", "scryfallCardBackId": "0aeebaf5-8c7d-4636-9e82-8c27447861f7", "scryfallId": "84c2f778-2ad0-4b80-9296-f37c6090f8ff", "scryfallIllustrationId": "cc5c85f6-4803-484f-af62-d3894ee5703d", "scryfallOracleId": "c6fead73-0473-4b57-899a-9f8c5b4f896d", "tcgplayerProductId": "455075"}, "isFoil": false, "isReprint": true, "keywords": ["Food"], "language": "English", "layout": "normal", "legalities": {"brawl": "Legal", "commander": "Legal", "duel": "Legal", "explorer": "Legal", "gladiator": "Legal", "historic": "Legal", "legacy": "Legal", "modern": "Legal", "oathbreaker": "Legal", "pauper": "Legal", "paupercommander": "Legal", "penny": "Legal", "pioneer": "Legal", "timeless": "Legal", "vintage": "Legal"}, "manaCost": "{4}{G}{G}", "manaValue": 6.0, "name": "Wolf's Quarry", "number": "740", "originalText": "Create three 1/1 green Boar creature tokens with \"When this creature dies, create a Food token.\" (A Food token is an artifact with \"{2}, {T}, Sacrifice this artifact: You gain 3 life.\")", "originalType": "Sorcery", "printings": ["ELD", "J22"], "purchaseUrls": {"cardmarket": "https://mtgjson.com/links/140d829b89ec8e7f", "tcgplayer": "https://mtgjson.com/links/943d554ca55a9eeb"}, "rarity": "common", "rulings": [{"date": "2019-10-04", "text": "Food is an artifact type. Even though it appears on some creatures (such as Gingerbrute), it's never a creature type."}, {"date": "2019-10-04", "text": "Whatever you do, don't eat the delicious cards."}, {"date": "2019-10-04", "text": "You can't sacrifice a Food token to pay multiple costs. For example, you can't sacrifice a Food token to activate its own ability and also to activate the ability of Tempting Witch."}], "setCode": "J22", "sourceProducts": {"nonfoil": ["31fd15cb-48ac-52b8-8f3c-84968a601869"]}, "subtypes": [], "supertypes": [], "text": "Create three 1/1 green Boar creature tokens with \"When this creature dies, create a Food token.\" (A Food token is an artifact with \"{2}, {T}, Sacrifice this artifact: You gain 3 life.\")", "type": "Sorcery", "types": ["Sorcery"], "uuid": "59747f7e-30ba-53ed-b7e8-2c2dc11ccdab"}, {"artist": "Dave Kendall", "artistIds": ["8a5540a8-18c9-4fa9-802c-59d6866114d5"], "availability": ["paper"], "boosterTypes": ["default"], "borderColor": "black", "colorIdentity": ["G"], "colors": ["G"], "convertedManaCost": 1.0, "count": 1, "edhrecRank": 4786, "edhrecSaltiness": 0.09, "finishes": ["nonfoil"], "flavorText": "\"You don't find many old werewolf hunters.\"\n—Paulin, trapper of Somberwald", "foreignData": [{"flavorText": "„Werwolfjäger werden selten alt.\"\n—Paulin, Fallensteller im Dämmerwald", "identifiers": {"multiverseId": "592909", "scryfallId": "88d9ab05-93bf-4882-93a3-db2a1ae321e6"}, "language": "German", "multiverseId": 592909, "name": "Jagd machen", "text": "Eine Kreatur deiner Wahl, die du kontrollierst, kämpft gegen eine Kreatur deiner Wahl, die du nicht kontrollierst. (Jede fügt der anderen Schadenspunkte in Höhe ihrer Stärke zu.)", "type": "Hexerei"}, {"flavorText": "\"No encontrarás muchos viejos cazadores de licántropos\".\n—Paulin, trampero de Somberwald", "identifiers": {"multiverseId": "593030", "scryfallId": "3cbef5a2-47cb-46fa-a59b-e74619bb0778"}, "language": "Spanish", "multiverseId": 593030, "name": "Cazar la presa", "text": "La criatura objetivo que controlas lucha contra la criatura objetivo que no controlas. (Cada una hace un daño igual a su fuerza a la otra.)", "type": "Conjuro"}, {"flavorText": "« Les vieux chasseurs de loups-garous se font rares. »\n—Paulin, trappeur de Somberwald", "identifiers": {"multiverseId": "593151", "scryfallId": "e9d3cf5b-027f-4ada-b26a-4531cbd074e8"}, "language": "French", "multiverseId": 593151, "name": "Chasseur chassé", "text": "Une créature ciblée que vous contrôlez se bat contre une créature ciblée que vous ne contrôlez pas. (Chacune inflige un nombre de blessures égal à sa force à l'autre.)", "type": "Rituel"}, {"flavorText": "\"Non vedi invecchiare molti cacciatori di lupi mannari.\"\n—Paulin, trappolatore di Somberwald", "identifiers": {"multiverseId": "593272", "scryfallId": "08165e93-d019-42ad-9022-f7b40495b6f5"}, "language": "Italian", "multiverseId": 593272, "name": "Predare", "text": "Una creatura bersaglio che controlli lotta con una creatura bersaglio che non controlli. (Ogni creatura infligge all'altra danno pari alla propria forza.)", "type": "Stregoneria"}, {"flavorText": "「年取った人狼狩りはほとんどいないよ。」\n――ソンバーワルドの罠師、パーリン", "identifiers": {"multiverseId": "593393", "scryfallId": "c1c9f3d7-5b41-4023-8104-df949e13c269"}, "language": "Japanese", "multiverseId": 593393, "name": "捕食", "text": "あなたがコントロールしているクリーチャー１体とあなたがコントロールしていないクリーチャー１体を対象とする。その前者はその後者と格闘を行う。（それぞれはもう一方に自身のパワーに等しい点数のダメージを与える。）", "type": "ソーサリー"}, {"flavorText": "「你不会见到太多年老的狼人猎手。」\n～松柏森布陷人堡霖", "identifiers": {"multiverseId": "593756", "scryfallId": "982244ad-6523-4aeb-bb6a-5b0c5f7ea0dc"}, "language": "Chinese Simplified", "multiverseId": 593756, "name": "捕食", "text": "目标由你操控的生物与目标不由你操控的生物互斗。（它们各向对方造成等同于本身力量的伤害。）", "type": "法术"}], "frameVersion": "2015", "hasFoil": false, "hasNonFoil": true, "identifiers": {"cardsphereId": "96844", "mcmId": "686618", "mcmMetaId": "204051", "mtgjsonV4Id": "ee92039d-d537-53d7-963c-fdf7748db9f8", "multiverseId": "592788", "scryfallCardBackId": "0aeebaf5-8c7d-4636-9e82-8c27447861f7", "scryfallId": "3c8c721f-93b8-4c43-9054-2168f66726db", "scryfallIllustrationId": "18631346-c504-4dd4-a862-1aad25e32678", "scryfallOracleId": "b3c12848-528d-4005-878f-4f950a07240a", "tcgplayerProductId": "455195"}, "isFoil": false, "isReprint": true, "keywords": ["Fight"], "language": "English", "layout": "normal", "legalities": {"brawl": "Legal", "commander": "Legal", "duel": "Legal", "explorer": "Legal", "gladiator": "Legal", "historic": "Legal", "legacy": "Legal", "modern": "Legal", "oathbreaker": "Legal", "pauper": "Legal", "paupercommander": "Legal", "penny": "Legal", "pioneer": "Legal", "timeless": "Legal", "vintage": "Legal"}, "manaCost": "{G}", "manaValue": 1.0, "name": "Prey Upon", "number": "710", "originalText": "Target creature you control fights target creature you don't control. (Each deals damage equal to its power to the other.)", "originalType": "Sorcery", "printings": ["AER", "AJMP", "CN2", "DDL", "E02", "EMN", "GRN", "ISD", "J22", "M13", "PLST", "UMA"], "purchaseUrls": {"cardmarket": "https://mtgjson.com/links/64e016d1dd6c4598", "tcgplayer": "https://mtgjson.com/links/6172f18901791b4b"}, "rarity": "common", "rulings": [{"date": "2018-12-07", "text": "If either target is an illegal target as Prey Upon resolves, no creature will deal or be dealt damage."}], "setCode": "J22", "sourceProducts": {"nonfoil": ["31fd15cb-48ac-52b8-8f3c-84968a601869"]}, "subtypes": [], "supertypes": [], "text": "Target creature you control fights target creature you don't control. (Each deals damage equal to its power to the other.)", "type": "Sorcery", "types": ["Sorcery"], "uuid": "3b281663-bef9-5f14-b249-14a5480139a2"}, {"artist": "Jakub Kasper", "artistIds": ["36901417-ce61-4636-8b77-6db14a9cb68a"], "availability": ["paper"], "boosterTypes": ["default"], "borderColor": "black", "colorIdentity": ["G"], "colors": ["G"], "convertedManaCost": 2.0, "count": 1, "edhrecRank": 3640, "edhrecSaltiness": 0.05, "finishes": ["nonfoil"], "foreignData": [{"identifiers": {"multiverseId": "592941", "scryfallId": "724dbdb0-32a0-4c63-9194-0d842defb19f"}, "language": "German", "multiverseId": 592941, "name": "Wolfsweide-Zuflucht", "text": "Verzaubert ein Land\nImmer wenn das verzauberte Land für Mana getappt wird, erzeugt sein Beherrscher zusätzlich {G}.\n{4}{G}, opfere die Wolfsweide-Zuflucht: Erzeuge einen 2/2 grünen Wolf-Kreaturenspielstein. Aktiviere diese Fähigkeit nur während deines Zuges.", "type": "Verzauberung — Aura"}, {"identifiers": {"multiverseId": "593062", "scryfallId": "1d095ab7-3c57-4e08-9207-feab7da5de42"}, "language": "Spanish", "multiverseId": 593062, "name": "Refugio del sauce lobera", "text": "Encantar tierra.\nSiempre que se gire la tierra encantada para obtener maná, su controlador agrega un {G} adicional.\n{4}{G}, sacrificar el Refugio del sauce lobera: Crea una ficha de criatura Lobo verde 2/2. Activa esto solo durante tu turno.", "type": "Encantamiento — Aura"}, {"identifiers": {"multiverseId": "593183", "scryfallId": "b37db22f-8e62-41c0-82de-f0b79d98af32"}, "language": "French", "multiverseId": 593183, "name": "Havre de Sauleloup", "text": "Enchanter : terrain\nÀ chaque fois que le terrain enchanté est engagé pour du mana, son contrôleur ajoute {G} supplémentaire.\n{4}{G}, sacrifiez le Havre de Sauleloup : Créez un jeton de créature 2/2 verte Loup. N'activez que pendant votre tour.", "type": "Enchantement : aura"}, {"identifiers": {"multiverseId": "593304", "scryfallId": "0101a9ce-5ec8-4736-ac9a-6c1092b3ea8b"}, "language": "Italian", "multiverseId": 593304, "name": "Rifugio di Lupusalix", "text": "Incanta terra\nOgniqualvolta la terra incantata viene TAPpata per attingere mana, il suo controllore aggiunge {G} addizionale.\n{4}{G}, Sacrifica il Rifugio di Lupusalix: Crea una pedina creatura Lupo 2/2 verde. Attiva solo durante il tuo turno.", "type": "Incantesimo — Aura"}, {"identifiers": {"multiverseId": "593425", "scryfallId": "c4e8d7a2-c4b3-4813-8db9-711bb290a895"}, "language": "Japanese", "multiverseId": 593425, "name": "狼柳の安息所", "text": "エンチャント（土地）\nエンチャントしている土地がマナを引き出す目的でタップされるたび、それのコントローラーは追加で{G}を加える。\n{4}{G},狼柳の安息所を生け贄に捧げる：緑の２/２の狼・クリーチャー・トークン１体を生成する。あなたのターンにしか起動できない。", "type": "エンチャント — オーラ"}, {"identifiers": {"multiverseId": "593788", "scryfallId": "f8d1db30-524b-4e3c-8dff-09ddac367735"}, "language": "Chinese Simplified", "multiverseId": 593788, "name": "狼林庇护地", "text": "结附于地\n每当所结附的地横置以产生法术力时，其操控者额外加{G}。\n{4}{G}，牺牲狼林庇护地：派出一个2/2绿色的狼衍生生物。只能于你的回合中起动。", "type": "结界 ～灵气"}], "frameVersion": "2015", "hasFoil": false, "hasNonFoil": true, "identifiers": {"cardsphereId": "96973", "mcmId": "686596", "mcmMetaId": "291924", "mtgjsonV4Id": "1ce97fcd-b784-5f3e-93d5-7a67125fa94b", "multiverseId": "592820", "scryfallCardBackId": "0aeebaf5-8c7d-4636-9e82-8c27447861f7", "scryfallId": "7d135a17-2d93-41d9-be1d-80aa55f1050a", "scryfallIllustrationId": "fe910acf-4de3-429b-b1be-9f5b4402facc", "scryfallOracleId": "7579f57d-c76e-4703-a030-34fb7160cb23", "tcgplayerProductId": "455175"}, "isFoil": false, "isReprint": true, "keywords": ["Enchant"], "language": "English", "layout": "normal", "legalities": {"brawl": "Legal", "commander": "Legal", "duel": "Legal", "explorer": "Legal", "gladiator": "Legal", "historic": "Legal", "legacy": "Legal", "modern": "Legal", "oathbreaker": "Legal", "penny": "Legal", "pioneer": "Legal", "timeless": "Legal", "vintage": "Legal"}, "manaCost": "{1}{G}", "manaValue": 2.0, "name": "Wolfwillow Haven", "number": "742", "originalText": "Enchant land\nWhenever enchanted land is tapped for mana, its controller adds an additional {G}.\n{4}{G}, Sacrifice Wolfwillow Haven: Create a 2/2 green Wolf creature token. Activate only during your turn.", "originalType": "Enchantment — Aura", "printings": ["BLC", "J22", "THB"], "purchaseUrls": {"cardmarket": "https://mtgjson.com/links/0e91a3fb58720af5", "tcgplayer": "https://mtgjson.com/links/afb30b7ec86cbacb"}, "rarity": "uncommon", "setCode": "J22", "sourceProducts": {"nonfoil": ["31fd15cb-48ac-52b8-8f3c-84968a601869"]}, "subtypes": ["Aura"], "supertypes": [], "text": "Enchant land\nWhenever enchanted land is tapped for mana, its controller adds an additional {G}.\n{4}{G}, Sacrifice Wolfwillow Haven: Create a 2/2 green Wolf creature token. Activate only during your turn.", "type": "Enchantment — Aura", "types": ["Enchantment"], "uuid": "7feba69a-ee66-5425-b006-f530465bdd01"}, {"artist": "Lindsey Look", "artistIds": ["95bc132d-37aa-4063-8ed8-04d489e826cd"], "availability": ["paper"], "boosterTypes": ["default"], "borderColor": "black", "colorIdentity": ["G"], "colors": ["G"], "convertedManaCost": 5.0, "count": 1, "edhrecRank": 17936, "finishes": ["nonfoil"], "foreignData": [{"identifiers": {"multiverseId": "592940", "scryfallId": "abb9b8e6-3950-40e0-afe8-50005c1b57ba"}, "language": "German", "multiverseId": 592940, "name": "Bund der Wolfssippe", "text": "Verzaubert eine Kreatur\nWenn der Bund der Wolfssippe ins Spiel kommt, erzeuge einen 2/2 grünen Wolf-Kreaturenspielstein.\nDie verzauberte Kreatur erhält +2/+2.", "type": "Verzauberung — Aura"}, {"identifiers": {"multiverseId": "593061", "scryfallId": "520dbf67-9b45-4b00-864c-5ca4c2537794"}, "language": "Spanish", "multiverseId": 593061, "name": "Vínculo lupino", "text": "Encantar criatura.\nCuando el Vínculo lupino entre al campo de batalla, crea una ficha de criatura Lobo verde 2/2.\nLa criatura encantada obtiene +2/+2.", "type": "Encantamiento — Aura"}, {"identifiers": {"multiverseId": "593182", "scryfallId": "84bf46d1-0e60-4461-8064-4a91c2f36caf"}, "language": "French", "multiverseId": 593182, "name": "Lien lupeux", "text": "Enchanter : créature\nQuand le Lien lupeux arrive sur le champ de bataille, créez un jeton de créature 2/2 verte Loup.\nLa créature enchantée gagne +2/+2.", "type": "Enchantement : aura"}, {"identifiers": {"multiverseId": "593303", "scryfallId": "6b2ebd85-6dac-43ce-8fab-94e5f7b03c10"}, "language": "Italian", "multiverseId": 593303, "name": "Legame Lupesco", "text": "Incanta creatura\nQuando il Legame Lupesco entra nel campo di battaglia, crea una pedina creatura Lupo 2/2 verde.\nLa creatura incantata prende +2/+2.", "type": "Incantesimo — Aura"}, {"identifiers": {"multiverseId": "593424", "scryfallId": "e111c393-b1bc-4516-bc26-af354dd83082"}, "language": "Japanese", "multiverseId": 593424, "name": "狼族の絆", "text": "エンチャント（クリーチャー）\n狼族の絆が戦場に出たとき、緑の２/２の狼・クリーチャー・トークン１体を生成する。\nエンチャントしているクリーチャーは＋２/＋２の修整を受ける。", "type": "エンチャント — オーラ"}, {"identifiers": {"multiverseId": "593787", "scryfallId": "bcb01106-7367-45a7-ba26-0682eb5a8047"}, "language": "Chinese Simplified", "multiverseId": 593787, "name": "狼族羁绊", "text": "结附于生物\n当狼族羁绊进战场时，派出一个2/2绿色的狼衍生生物。\n所结附的生物得+2/+2。", "type": "结界 ～灵气"}], "frameVersion": "2015", "hasFoil": false, "hasNonFoil": true, "identifiers": {"cardsphereId": "96974", "mcmId": "686517", "mcmMetaId": "223082", "mtgjsonV4Id": "12d0fb9a-375a-5102-973d-e6cf422a6fad", "multiverseId": "592819", "scryfallCardBackId": "0aeebaf5-8c7d-4636-9e82-8c27447861f7", "scryfallId": "40101dc6-4354-4f0a-aa90-946ed78d731e", "scryfallIllustrationId": "9507192f-1bdd-4920-8cf5-8b75977ed3c0", "scryfallOracleId": "49e22e88-d4d9-4781-81e3-bf77b76b132b", "tcgplayerProductId": "455107"}, "isFoil": false, "isReprint": true, "keywords": ["Enchant"], "language": "English", "layout": "normal", "legalities": {"brawl": "Legal", "commander": "Legal", "duel": "Legal", "explorer": "Legal", "gladiator": "Legal", "historic": "Legal", "legacy": "Legal", "modern": "Legal", "oathbreaker": "Legal", "pauper": "Legal", "paupercommander": "Legal", "penny": "Legal", "pioneer": "Legal", "timeless": "Legal", "vintage": "Legal"}, "manaCost": "{4}{G}", "manaValue": 5.0, "name": "Wolfkin Bond", "number": "741", "originalText": "Enchant creature\nWhen Wolfkin Bond enters the battlefield, create a 2/2 green Wolf creature token.\nEnchanted creature gets +2/+2.", "originalType": "Enchantment — Aura", "printings": ["EMN", "J22", "M20", "PLST", "SIR"], "purchaseUrls": {"cardmarket": "https://mtgjson.com/links/c44cd2259dbf6149", "tcgplayer": "https://mtgjson.com/links/433c7cb17c0ebf45"}, "rarity": "common", "rulings": [{"date": "2019-07-12", "text": "If the target creature is an illegal target by the time Wolfkin Bond tries to resolve, the spell doesn’t resolve. It won’t enter the battlefield, so its ability won’t trigger."}, {"date": "2019-07-12", "text": "You need a creature for Wolfkin Bond to target as you cast it. It can’t enter the battlefield attached to the Wolf token it will create."}], "setCode": "J22", "sourceProducts": {"nonfoil": ["31fd15cb-48ac-52b8-8f3c-84968a601869"]}, "subtypes": ["Aura"], "supertypes": [], "text": "Enchant creature\nWhen Wolfkin Bond enters, create a 2/2 green Wolf creature token.\nEnchanted creature gets +2/+2.", "type": "Enchantment — Aura", "types": ["Enchantment"], "uuid": "f6baebec-efe5-5367-bf32-607cbaf4e660"}, {"artist": "Ravenna Tran", "artistIds": ["e24bc1d0-446b-45e0-b215-89f581837aa4"], "availability": ["paper"], "boosterTypes": ["default"], "borderColor": "black", "colorIdentity": ["G"], "colors": [], "convertedManaCost": 0.0, "count": 1, "edhrecRank": 1455, "edhrecSaltiness": 0.07, "finishes": ["nonfoil"], "flavorText": "Far from human eyes, birds flit between vivid blossoms in a hidden paradise.", "foreignData": [{"flavorText": "Menschlichen Blicken entzogen, schwirren Vögel in einem verborgenen Paradies zwischen farbenfrohen Blüten umher.", "identifiers": {"multiverseId": "596327", "scryfallId": "b705b5d7-da18-49c2-af9d-62bcbbdf203c"}, "language": "German", "multiverseId": 596327, "name": "Gedeihender Hain", "text": "Der Gedeihende Hain kommt getappt ins Spiel.\nSowie der Gedeihende Hain ins Spiel kommt, bestimme eine Farbe außer Grün.\n{T}: Erzeuge {G} oder ein Mana der bestimmten Farbe.", "type": "Land"}, {"flavorText": "Lejos de la mirada de los humanos, los pájaros revolotean entre flores en un paraíso oculto.", "identifiers": {"multiverseId": "596414", "scryfallId": "ee0a8e22-9dab-419e-8944-e6a3fb38d11f"}, "language": "Spanish", "multiverseId": 596414, "name": "Arboleda floreciente", "text": "La Arboleda floreciente entra al campo de batalla girada.\nEn cuanto la Arboleda floreciente entre al campo de batalla, elige un color que no sea verde.\n{T}: Agrega {G} o un maná del color elegido.", "type": "Tierra"}, {"flavorText": "À l'abri des regards humains, les oiseaux papillonnent entre les fleurs luxuriantes d'un paradis caché.", "identifiers": {"multiverseId": "596501", "scryfallId": "ccebd86b-0ada-421a-bf46-51d4174ad784"}, "language": "French", "multiverseId": 596501, "name": "Bosquet prospère", "text": "Le Bosquet prospère arrive sur le champ de bataille engagé.\nAu moment où le Bosquet prospère arrive sur le champ de bataille, choisissez une couleur autre que le vert.\n{T} : Ajoutez {G} ou un mana de la couleur choisie.", "type": "Terrain"}, {"flavorText": "Al riparo da occhi umani, gli uccellini guizzano tra boccioli dai colori vivaci in un paradiso nascosto.", "identifiers": {"multiverseId": "596588", "scryfallId": "63cfc4a4-4cd0-4f11-b0d8-1417212fc903"}, "language": "Italian", "multiverseId": 596588, "name": "Boschetto Florido", "text": "Il Boschetto Florido entra nel campo di battaglia TAPpato.\nMentre il Boschetto Florido entra nel campo di battaglia, scegli un colore diverso dal verde.\n{T}: Aggiungi {G} o un mana del colore scelto.", "type": "Terra"}, {"flavorText": "人の目に触れないこの知られざる楽園で、鳥たちは鮮やかな花々の間を飛び交っている。", "identifiers": {"multiverseId": "596675", "scryfallId": "36eff7e5-edd6-4a7d-8d87-9d5e0204edd3"}, "language": "Japanese", "multiverseId": 596675, "name": "興隆する木立", "text": "興隆する木立はタップ状態で戦場に出る。\n興隆する木立が戦場に出るに際し、緑でない色１色を選ぶ。\n{T}：{G}か、その選ばれた色１色のマナ１点を加える。", "type": "土地"}, {"flavorText": "人类视界之外还有一片隐蔽乐土，此处鸟语花香，绿意盎然。", "identifiers": {"multiverseId": "596936", "scryfallId": "882deb48-9baf-4827-b5c6-64303fb03e31"}, "language": "Chinese Simplified", "multiverseId": 596936, "name": "兴旺树丛", "text": "兴旺树丛须横置进战场。\n于兴旺树丛进战场时，选择一种绿色以外的颜色。\n{T}：加{G}或一点所选颜色的法术力。", "type": "地"}], "frameVersion": "2015", "hasFoil": false, "hasNonFoil": true, "identifiers": {"cardsphereId": "96851", "mcmId": "687385", "mcmMetaId": "308469", "mtgjsonV4Id": "d5b908b5-70e3-501d-92e5-baaf6f720ef9", "multiverseId": "596240", "scryfallCardBackId": "0aeebaf5-8c7d-4636-9e82-8c27447861f7", "scryfallId": "23829580-9ae9-41c1-9b58-aea07389110d", "scryfallIllustrationId": "1923327d-f432-4e93-bdea-f0280263e7f5", "scryfallOracleId": "a8052556-8962-4130-86a8-6fb7b6a324f7", "tcgplayerProductId": "454931"}, "isFoil": false, "isReprint": true, "language": "English", "layout": "normal", "legalities": {"brawl": "Legal", "commander": "Legal", "duel": "Legal", "gladiator": "Legal", "historic": "Legal", "legacy": "Legal", "oathbreaker": "Legal", "pauper": "Legal", "paupercommander": "Legal", "timeless": "Legal", "vintage": "Legal"}, "manaValue": 0.0, "name": "Thriving Grove", "number": "823", "originalText": "Thriving Grove enters the battlefield tapped.\nAs Thriving Grove enters the battlefield, choose a color other than green.\n{T}: Add {G} or one mana of the chosen color.", "originalType": "Land", "printings": ["AFC", "BLC", "CLU", "CMM", "J22", "JMP", "LCC", "NCC", "WHO"], "purchaseUrls": {"cardmarket": "https://mtgjson.com/links/fd12643b1ee5a483", "tcgplayer": "https://mtgjson.com/links/a9d580edaafd0be2"}, "rarity": "common", "setCode": "J22", "sourceProducts": {"nonfoil": ["31fd15cb-48ac-52b8-8f3c-84968a601869"]}, "subtypes": [], "supertypes": [], "text": "Thriving Grove enters tapped. As it enters, choose a color other than green.\n{T}: Add {G} or one mana of the chosen color.", "type": "Land", "types": ["Land"], "uuid": "da0d956f-c612-5cc9-a850-a87e8c2a20a7"}, {"artist": "Volkan Baǵa", "artistIds": ["93bec3c0-0260-4d31-8064-5d01efb4153f"], "availability": ["paper"], "boosterTypes": ["default"], "borderColor": "black", "colorIdentity": ["G"], "colors": [], "convertedManaCost": 0.0, "count": 7, "edhrecSaltiness": 0.35, "finishes": ["nonfoil"], "foreignData": [{"identifiers": {"multiverseId": "597772", "scryfallId": "1581c64c-386e-4285-af5d-b88978f188a1"}, "language": "German", "multiverseId": 597772, "name": "Wald", "type": "Standardland — Wald"}, {"identifiers": {"multiverseId": "597787", "scryfallId": "949dec17-2c57-44af-9dcf-9682354df195"}, "language": "Spanish", "multiverseId": 597787, "name": "Bosque", "type": "Tierra básica — Bosque"}, {"identifiers": {"multiverseId": "597802", "scryfallId": "92c76b6c-a372-470b-b8ba-d97053cbb5c6"}, "language": "French", "multiverseId": 597802, "name": "Forêt", "type": "Terrain de base : forêt"}, {"identifiers": {"multiverseId": "597817", "scryfallId": "376c878e-c382-41a2-a5aa-7689860a3e45"}, "language": "Italian", "multiverseId": 597817, "name": "Foresta", "type": "Terra Base — Foresta"}, {"identifiers": {"multiverseId": "597832", "scryfallId": "3f726af8-5a1d-4259-b6e2-8094eb9e74f1"}, "language": "Japanese", "multiverseId": 597832, "name": "森", "type": "基本土地 — 森"}, {"identifiers": {"multiverseId": "597877", "scryfallId": "00b26627-a76c-44ce-90fe-e8030c4dbb41"}, "language": "Chinese Simplified", "multiverseId": 597877, "name": "树林", "type": "基本地 ～树林"}], "frameVersion": "2015", "hasFoil": false, "hasNonFoil": true, "identifiers": {"cardsphereId": "97102", "mtgjsonV4Id": "e473f4f0-1e77-55bd-a820-7f9c034a944a", "multiverseId": "597757", "scryfallCardBackId": "0aeebaf5-8c7d-4636-9e82-8c27447861f7", "scryfallId": "cee97ab6-8e81-4396-a788-db0ed0da62d2", "scryfallIllustrationId": "5588ba98-4d59-4f11-b317-9de705fd74a8", "scryfallOracleId": "b34bb2dc-c1af-4d77-b0b3-a0fb342a5fc6", "tcgplayerProductId": "455154"}, "isFoil": false, "isReprint": true, "language": "English", "layout": "normal", "legalities": {"alchemy": "Legal", "brawl": "Legal", "commander": "Legal", "duel": "Legal", "explorer": "Legal", "future": "Legal", "gladiator": "Legal", "historic": "Legal", "legacy": "Legal", "modern": "Legal", "oathbreaker": "Legal", "pauper": "Legal", "paupercommander": "Legal", "penny": "Legal", "pioneer": "Legal", "predh": "Legal", "premodern": "Legal", "standard": "Legal", "standardbrawl": "Legal", "timeless": "Legal", "vintage": "Legal"}, "manaValue": 0.0, "name": "Forest", "number": "110", "originalType": "Basic Land — Forest", "printings": ["10E", "2ED", "2XM", "30A", "3ED", "40K", "4BB", "4ED", "5ED", "6ED", "7ED", "8ED", "9ED", "ACR", "AFR", "AKH", "AKR", "ALA", "ANA", "ANB", "ARC", "ATH", "AVR", "BBD", "BFZ", "BLB", "BRB", "BRO", "BTD", "C13", "C14", "C15", "C16", "C17", "C18", "C19", "CED", "CEI", "CHK", "CLB", "CLU", "CM2", "CMA", "CMD", "CMM", "CMR", "CST", "DD1", "DDD", "DDE", "DDG", "DDH", "DDJ", "DDL", "DDM", "DDO", "DDP", "DDR", "DDS", "DDU", "DKM", "DMR", "DMU", "DOM", "DPA", "DSK", "DTK", "E01", "ELD", "EVG", "FBB", "FRF", "G17", "GK1", "GK2", "GN2", "GN3", "GNT", "GRN", "GS1", "GVL", "H09", "HBG", "HOP", "HOU", "ICE", "IKO", "INV", "ISD", "ITP", "J14", "J22", "JMP", "KHM", "KLD", "KLR", "KTK", "LCI", "LEA", "LEB", "LRW", "LTR", "M10", "M11", "M12", "M13", "M14", "M15", "M19", "M20", "M21", "MBS", "ME1", "ME3", "MH2", "MH3", "MID", "MIR", "MKM", "MMQ", "MOM", "MRD", "NEO", "NPH", "ODY", "OLEP", "ONE", "ONS", "ORI", "OTJ", "P02", "P23", "PAL00", "PAL01", "PAL03", "PAL04", "PAL05", "PAL06", "PAL99", "PALP", "PANA", "PARL", "PC2", "PCA", "PELP", "PF19", "PF20", "PGPX", "PGRU", "PIP", "PLST", "PMPS", "PMPS06", "PMPS07", "PMPS08", "PMPS09", "PMPS10", "PMPS11", "POR", "PPP1", "PRM", "PRW2", "PRWK", "PS11", "PSAL", "PSS2", "PSS3", "PSS4", "PTC", "PTK", "PZ2", "RAV", "REX", "RIX", "RNA", "ROE", "RQS", "RTR", "S99", "SCD", "SHM", "SIR", "SLD", "SNC", "SOI", "SOM", "STX", "SUM", "TD0", "TD2", "THB", "THS", "TMP", "TPR", "TSP", "UGL", "UND", "UNF", "UNH", "USG", "UST", "VOW", "WAR", "WC00", "WC01", "WC02", "WC03", "WC04", "WC97", "WC98", "WC99", "WHO", "WOE", "XANA", "XLN", "ZEN", "ZNR"], "purchaseUrls": {"tcgplayer": "https://mtgjson.com/links/a273fde1af7320f0"}, "rarity": "common", "setCode": "J22", "sourceProducts": {"nonfoil": ["31fd15cb-48ac-52b8-8f3c-84968a601869"]}, "subtypes": ["Forest"], "supertypes": ["Basic"], "text": "({T}: Add {G}.)", "type": "Basic Land — Forest", "types": ["Land"], "uuid": "08bb8f11-5a93-5121-9f05-f55d07e2dc6c", "variations": ["bda821c9-421f-5543-b713-e1d664914488", "4a472a30-00d1-56f4-b8d2-cc23f616fcf6"]}], "name": "Wolves 1", "releaseDate": "2022-12-02", "sealedProductUuids": null, "sideBoard": [], "type": "Jumpstart"}}