{"meta": {"date": "2024-09-03", "version": "5.2.2+20240903"}, "data": {"code": "PTK", "commander": [], "mainBoard": [{"artist": "Ku Xueming", "artistIds": ["cca3e743-2333-45e1-9de8-00774a16ec1b"], "availability": ["paper"], "boosterTypes": ["default"], "borderColor": "white", "colorIdentity": ["U"], "colors": [], "convertedManaCost": 0.0, "count": 15, "edhrecSaltiness": 0.76, "finishes": ["nonfoil"], "foreignData": [{"identifiers": {"scryfallId": "ddb3327d-aed8-4afe-af02-8be4080b3b50"}, "language": "Japanese", "name": "島", "type": "基本土地 — 島"}, {"identifiers": {"scryfallId": "1037aeab-f2fd-48a6-a1a1-68fae35fc402"}, "language": "Chinese Simplified", "name": "Island"}], "frameVersion": "1997", "hasFoil": false, "hasNonFoil": true, "identifiers": {"cardsphereId": "36773", "mcmId": "11362", "mtgjsonV4Id": "0daa5d1e-8fed-5044-9b9b-54b2322091bf", "multiverseId": "10551", "scryfallCardBackId": "0aeebaf5-8c7d-4636-9e82-8c27447861f7", "scryfallId": "76033c90-1e06-473b-ba44-a94e16ac5348", "scryfallIllustrationId": "cf0e10d2-1afa-4674-a254-247ee2c62997", "scryfallOracleId": "b2c6aa39-2d2a-459c-a555-fb48ba993373", "tcgplayerProductId": "479"}, "isFoil": false, "isReprint": true, "language": "English", "layout": "normal", "legalities": {"alchemy": "Legal", "brawl": "Legal", "commander": "Legal", "duel": "Legal", "explorer": "Legal", "future": "Legal", "gladiator": "Legal", "historic": "Legal", "legacy": "Legal", "modern": "Legal", "oathbreaker": "Legal", "pauper": "Legal", "paupercommander": "Legal", "penny": "Legal", "pioneer": "Legal", "predh": "Legal", "premodern": "Legal", "standard": "Legal", "standardbrawl": "Legal", "timeless": "Legal", "vintage": "Legal"}, "manaValue": 0.0, "name": "Island", "number": "169", "originalText": "U", "originalType": "Land", "printings": ["10E", "2ED", "2XM", "30A", "3ED", "40K", "4BB", "4ED", "5ED", "6ED", "7ED", "8ED", "9ED", "ACR", "AFR", "AKH", "AKR", "ALA", "ANA", "ANB", "ARC", "AVR", "BBD", "BFZ", "BLB", "BRB", "BRC", "BRO", "BTD", "C13", "C14", "C15", "C16", "C17", "C18", "C19", "CED", "CEI", "CHK", "CLB", "CLU", "CM2", "CMA", "CMD", "CMM", "CMR", "CST", "DD2", "DDE", "DDF", "DDH", "DDI", "DDJ", "DDM", "DDN", "DDO", "DDQ", "DDS", "DDT", "DDU", "DMR", "DMU", "DOM", "DPA", "DSK", "DTK", "E01", "ELD", "FBB", "FRF", "G17", "GK1", "GK2", "GN2", "GN3", "GNT", "GRN", "GS1", "H09", "HBG", "HOP", "HOU", "ICE", "IKO", "INV", "ISD", "ITP", "J14", "J22", "JMP", "JVC", "KHM", "KLD", "KLR", "KTK", "LCI", "LEA", "LEB", "LRW", "LTR", "M10", "M11", "M12", "M13", "M14", "M15", "M19", "M20", "M21", "MBS", "ME1", "ME3", "MH2", "MH3", "MID", "MIR", "MKM", "MMQ", "MOM", "MRD", "NEO", "NPH", "ODY", "OLEP", "ONE", "ONS", "ORI", "OTJ", "P02", "P23", "PAL00", "PAL01", "PAL02", "PAL03", "PAL04", "PAL05", "PAL06", "PAL99", "PALP", "PANA", "PARL", "PC2", "PCA", "PELP", "PF19", "PF20", "PGPX", "PGRU", "PIP", "PLST", "PMPS", "PMPS06", "PMPS07", "PMPS08", "PMPS09", "PMPS10", "PMPS11", "POR", "PPP1", "PRM", "PRW2", "PRWK", "PS11", "PSAL", "PSS2", "PSS3", "PSS4", "PTC", "PTK", "PZ2", "RAV", "REX", "RIX", "RNA", "ROE", "RQS", "RTR", "S99", "SCD", "SHM", "SIR", "SLD", "SNC", "SOI", "SOM", "STX", "SUM", "TD0", "TD2", "THB", "THS", "TMP", "TPR", "TSP", "UGL", "UND", "UNF", "UNH", "USG", "UST", "VOW", "WAR", "WC00", "WC01", "WC02", "WC03", "WC04", "WC97", "WC98", "WHO", "WOE", "XANA", "XLN", "ZEN", "ZNR"], "purchaseUrls": {"tcgplayer": "https://mtgjson.com/links/4bd006a1bf15e99c"}, "rarity": "common", "setCode": "PTK", "sourceProducts": {"nonfoil": ["097914a0-22c0-568a-b481-88ebd145b577", "583175e4-dabf-5ddc-b116-72885ae77d1f", "5e9763db-6220-52b3-b999-7a2c0c368f1b", "b8b17e30-9d94-5af5-b7c4-09723bb40b69"]}, "subtypes": ["Island"], "supertypes": ["Basic"], "text": "({T}: Add {U}.)", "type": "Basic Land — Island", "types": ["Land"], "uuid": "0570e88d-b393-55f5-98fa-7d6d59d27c9a", "variations": ["79fe06b6-215c-5f9c-9da2-64d71a164403", "b9ed627f-4897-51ab-a058-1a50d29ba2bb"]}, {"artist": "Cai Tingting", "artistIds": ["db7aeb07-e163-48dd-baa3-887fdc6ff122"], "availability": ["paper"], "boosterTypes": ["default"], "borderColor": "white", "colorIdentity": ["U"], "colors": ["U"], "convertedManaCost": 2.0, "count": 3, "edhrecRank": 24355, "edhrecSaltiness": 0.31, "finishes": ["nonfoil"], "flavorText": "The overnight appearance of miles of \"armed\" Wu forts at Guangling frightened a much vaster Wei force into fleeing for their lives.", "foreignData": [{"identifiers": {"scryfallId": "0b1bc41b-9529-43c8-80d4-7b5bdde0ece0"}, "language": "Japanese", "name": "わら人形の兵士", "type": "クリーチャー — カカシ・兵士"}, {"identifiers": {"scryfallId": "bbfbe7af-2860-4962-b150-152786213549"}, "language": "Chinese Simplified", "name": "Straw Soldiers"}], "frameVersion": "1997", "hasFoil": false, "hasNonFoil": true, "identifiers": {"cardsphereId": "36836", "mcmId": "11247", "mcmMetaId": "5654", "mtgjsonV4Id": "fa5a9bda-b88f-5284-9217-d6340636beda", "multiverseId": "10613", "scryfallCardBackId": "0aeebaf5-8c7d-4636-9e82-8c27447861f7", "scryfallId": "8ae5ba21-eb8e-4663-bfd8-3e19a0c10774", "scryfallIllustrationId": "024ebfce-48c9-49e0-8b71-7657b11eda9b", "scryfallOracleId": "8138a9d7-63cb-4d40-ac9e-1a9b10766113", "tcgplayerProductId": "542"}, "isFoil": false, "language": "English", "layout": "normal", "legalities": {"commander": "Legal", "duel": "Legal", "legacy": "Legal", "oathbreaker": "Legal", "pauper": "Legal", "paupercommander": "Legal", "predh": "Legal", "vintage": "Legal"}, "manaCost": "{1}{U}", "manaValue": 2.0, "name": "Straw Soldiers", "number": "54", "originalType": "Creature - Soldiers", "power": "1", "printings": ["PTK"], "purchaseUrls": {"cardmarket": "https://mtgjson.com/links/e4f30cf330fa76b5", "tcgplayer": "https://mtgjson.com/links/dadb32b22e2f21a6"}, "rarity": "common", "setCode": "PTK", "sourceProducts": {"nonfoil": ["097914a0-22c0-568a-b481-88ebd145b577", "583175e4-dabf-5ddc-b116-72885ae77d1f", "5e9763db-6220-52b3-b999-7a2c0c368f1b", "b8b17e30-9d94-5af5-b7c4-09723bb40b69"]}, "subtypes": ["Scarecrow", "Soldier"], "supertypes": [], "toughness": "3", "type": "Creature — Scarecrow Soldier", "types": ["Creature"], "uuid": "75a802e3-7538-5e65-bd8a-4a09692bdb0a"}, {"artist": "Huang Qishi", "artistIds": ["a0b95c56-b306-4399-bad4-92779edd2906"], "availability": ["paper"], "boosterTypes": ["default"], "borderColor": "white", "colorIdentity": ["U"], "colors": ["U"], "convertedManaCost": 2.0, "count": 3, "edhrecRank": 22029, "edhrecSaltiness": 0.27, "finishes": ["nonfoil"], "flavorText": "A cunning strategist, Cao Ren tricked Zhou Yu by letting him enter Nanjun. Zhou Yu thought he was capturing the city until Cao Ren's arrows rained down upon him.", "foreignData": [{"identifiers": {"scryfallId": "a9c40782-5f74-4359-81ec-be6070d24e7f"}, "language": "Japanese", "name": "呉の軽騎兵部隊", "text": "馬術（このクリーチャーは、馬術を持たないクリーチャーによってはブロックされない。）", "type": "クリーチャー — 人間・兵士"}, {"identifiers": {"scryfallId": "79558a4f-e4db-4dc6-aa8a-656dbf6737d4"}, "language": "Chinese Simplified", "name": "Wu Light Cavalry"}], "frameVersion": "1997", "hasFoil": false, "hasNonFoil": true, "identifiers": {"cardsphereId": "36866", "mcmId": "11253", "mcmMetaId": "6741", "mtgjsonV4Id": "a3f0310c-69f9-5a70-a20d-8b6ed1dc184d", "multiverseId": "10615", "scryfallCardBackId": "0aeebaf5-8c7d-4636-9e82-8c27447861f7", "scryfallId": "60e55b25-fde2-4b57-b5db-65b75262ff3d", "scryfallIllustrationId": "7cf220a4-186d-45fa-b9be-28c885bc9ba9", "scryfallOracleId": "c24da532-311b-4b83-82d2-7dc80409ba12", "tcgplayerProductId": "572"}, "isFoil": false, "keywords": ["Horsemanship"], "language": "English", "layout": "normal", "legalities": {"commander": "Legal", "duel": "Legal", "legacy": "Legal", "oathbreaker": "Legal", "pauper": "Legal", "paupercommander": "Legal", "predh": "Legal", "vintage": "Legal"}, "manaCost": "{1}{U}", "manaValue": 2.0, "name": "Wu Light Cavalry", "number": "60", "originalText": "Horsemanship", "originalType": "Creature - Soldiers", "power": "1", "printings": ["PTK"], "purchaseUrls": {"cardmarket": "https://mtgjson.com/links/528e5b2dc7112c08", "tcgplayer": "https://mtgjson.com/links/0785d5b644b4b46f"}, "rarity": "common", "rulings": [{"date": "2009-10-01", "text": "Despite the similarities between horsemanship and flying, horsemanship doesn’t interact with flying or reach."}], "setCode": "PTK", "sourceProducts": {"nonfoil": ["097914a0-22c0-568a-b481-88ebd145b577", "583175e4-dabf-5ddc-b116-72885ae77d1f", "5e9763db-6220-52b3-b999-7a2c0c368f1b", "b8b17e30-9d94-5af5-b7c4-09723bb40b69"]}, "subtypes": ["Human", "Soldier"], "supertypes": [], "text": "Horsemanship (This creature can't be blocked except by creatures with horsemanship.)", "toughness": "2", "type": "Creature — Human Soldier", "types": ["Creature"], "uuid": "2a1a09e2-bf18-553f-879f-2afe33f645e5"}, {"artist": "Jiaming", "artistIds": ["54d82a8b-8eac-43da-8131-ff5858d1ccae"], "availability": ["paper"], "boosterTypes": ["default"], "borderColor": "white", "colorIdentity": ["U"], "colors": ["U"], "convertedManaCost": 2.0, "count": 2, "edhrecRank": 20808, "edhrecSaltiness": 0.6, "finishes": ["nonfoil"], "foreignData": [{"identifiers": {"scryfallId": "f1c5ae79-a7b0-4561-802d-680e7a9c9059"}, "language": "Japanese", "name": "呉の斥候", "text": "馬術（このクリーチャーは、馬術を持たないクリーチャーによってはブロックされない。）\n呉の斥候が戦場に出たとき、対戦相手１人を対象とする。あなたはそのプレイヤーの手札を見る。", "type": "クリーチャー — 人間・兵士・スカウト"}, {"identifiers": {"scryfallId": "86fb590f-8c63-4854-91c3-d44956dfc964"}, "language": "Chinese Simplified", "name": "Wu Scout"}], "frameVersion": "1997", "hasFoil": false, "hasNonFoil": true, "identifiers": {"cardsphereId": "36868", "mcmId": "11255", "mcmMetaId": "6743", "mtgjsonV4Id": "69fd02a9-b4ef-5d36-af7f-e0aaccb434bd", "multiverseId": "10612", "scryfallCardBackId": "0aeebaf5-8c7d-4636-9e82-8c27447861f7", "scryfallId": "8d13330f-6e07-451f-b17a-4e1606a74c3f", "scryfallIllustrationId": "e1676de3-af31-4cd3-b49c-91f9e36e5311", "scryfallOracleId": "ef577d7d-7a24-4bd3-b86b-f69e37bb2ce7", "tcgplayerProductId": "574"}, "isFoil": false, "keywords": ["Horsemanship"], "language": "English", "layout": "normal", "legalities": {"commander": "Legal", "duel": "Legal", "legacy": "Legal", "oathbreaker": "Legal", "pauper": "Legal", "paupercommander": "Legal", "predh": "Legal", "vintage": "Legal"}, "manaCost": "{1}{U}", "manaValue": 2.0, "name": "Wu Scout", "number": "62", "originalText": "Horsemanship\nWhen Wu Scout comes into play, look at your opponent's hand.", "originalType": "Creature - Soldier", "power": "1", "printings": ["PTK"], "purchaseUrls": {"cardmarket": "https://mtgjson.com/links/de57c612bea23664", "tcgplayer": "https://mtgjson.com/links/fa82d1941905b185"}, "rarity": "common", "rulings": [{"date": "2009-10-01", "text": "Despite the similarities between horsemanship and flying, horsemanship doesn’t interact with flying or reach."}], "setCode": "PTK", "sourceProducts": {"nonfoil": ["097914a0-22c0-568a-b481-88ebd145b577", "583175e4-dabf-5ddc-b116-72885ae77d1f", "5e9763db-6220-52b3-b999-7a2c0c368f1b", "b8b17e30-9d94-5af5-b7c4-09723bb40b69"]}, "subtypes": ["Human", "Soldier", "Scout"], "supertypes": [], "text": "Horsemanship (This creature can't be blocked except by creatures with horsemanship.)\nWhen Wu Scout enters, look at target opponent's hand.", "toughness": "1", "type": "Creature — Human Soldier Scout", "types": ["Creature"], "uuid": "d5b3293d-cd53-57d6-82a7-a4b6ce115ba0"}, {"artist": "Xu Tan", "artistIds": ["7f865ed1-edcf-4a61-b178-f12f74e0f617"], "availability": ["paper"], "boosterTypes": ["default"], "borderColor": "white", "colorIdentity": ["U"], "colors": ["U"], "convertedManaCost": 3.0, "count": 2, "edhrecRank": 23316, "edhrecSaltiness": 0.12, "finishes": ["nonfoil"], "foreignData": [{"identifiers": {"scryfallId": "75b8faf2-8945-4bae-95e5-711ed1228329"}, "language": "Japanese", "name": "呉の弓兵", "text": "(Ｔ)：クリーチャー１体かプレイヤー１人を対象とする。呉の弓兵はそれに１点のダメージを与える。この能力は、あなたのターンの間で、攻撃クリーチャーが指定される前にのみ起動できる。", "type": "クリーチャー — 人間・兵士・射手"}, {"identifiers": {"scryfallId": "d84a764c-2e1c-4420-b2a2-c06b9be02c4a"}, "language": "Chinese Simplified", "name": "Wu Longbowman"}], "frameVersion": "1997", "hasFoil": false, "hasNonFoil": true, "identifiers": {"cardsphereId": "36867", "mcmId": "11254", "mcmMetaId": "6742", "mtgjsonV4Id": "c7a77cdb-18b4-52ac-be1c-69298905440d", "multiverseId": "10498", "scryfallCardBackId": "0aeebaf5-8c7d-4636-9e82-8c27447861f7", "scryfallId": "28e68635-b0ed-4a56-8b18-679f95db12b6", "scryfallIllustrationId": "1f0bb441-9e48-48f3-95e7-2b0baacab058", "scryfallOracleId": "68fc55b9-55cc-4caf-a052-b44ddc0b346f", "tcgplayerProductId": "573"}, "isFoil": false, "language": "English", "layout": "normal", "legalities": {"commander": "Legal", "duel": "Legal", "legacy": "Legal", "oathbreaker": "Legal", "pauper": "Legal", "paupercommander": "Legal", "penny": "Legal", "predh": "Legal", "vintage": "Legal"}, "manaCost": "{2}{U}", "manaValue": 3.0, "name": "Wu Longbowman", "number": "61", "originalText": "On your turn, before you attack, you may tap Wu Longbowman to have it deal 1 damage to any one creature or player.", "originalType": "Creature - Soldier", "power": "1", "printings": ["ME3", "PTK"], "purchaseUrls": {"cardmarket": "https://mtgjson.com/links/ec40bd6971910165", "tcgplayer": "https://mtgjson.com/links/af0fd3ef4941abee"}, "rarity": "uncommon", "rulings": [{"date": "2013-09-20", "text": "If a turn has multiple combat phases, the ability can only be activated before the beginning of the declare attackers step of the first combat phase in that turn."}], "setCode": "PTK", "sourceProducts": {"nonfoil": ["097914a0-22c0-568a-b481-88ebd145b577", "583175e4-dabf-5ddc-b116-72885ae77d1f"]}, "subtypes": ["Human", "Soldier", "Archer"], "supertypes": [], "text": "{T}: Wu Longbowman deals 1 damage to any target. Activate only during your turn, before attackers are declared.", "toughness": "1", "type": "Creature — Human Soldier Archer", "types": ["Creature"], "uuid": "93ed7a23-82f7-5eba-98a2-fc044f36930e"}, {"artist": "Li Wang", "artistIds": ["5cf25ec5-6e31-4456-b76e-a6b94585bba5"], "availability": ["paper"], "boosterTypes": ["default"], "borderColor": "white", "colorIdentity": ["U"], "colors": ["U"], "convertedManaCost": 4.0, "count": 2, "edhrecRank": 23804, "edhrecSaltiness": 0.1, "finishes": ["nonfoil"], "flavorText": "At the second battle of Ruxu, the brave Wu general Gan Ning raided Cao Cao's camp of 400,000 men with only 100 cavalry. Not a single man or horse was lost.", "foreignData": [{"identifiers": {"scryfallId": "892e100c-d033-4ef9-92fd-a89195418002"}, "language": "Japanese", "name": "呉の精鋭騎兵部隊", "text": "馬術（このクリーチャーは、馬術を持たないクリーチャーによってはブロックされない。）", "type": "クリーチャー — 人間・兵士"}, {"identifiers": {"scryfallId": "6954b8b8-9c96-4a21-9e4e-4bd0afde1239"}, "language": "Chinese Simplified", "name": "Wu Elite Cavalry"}], "frameVersion": "1997", "hasFoil": false, "hasNonFoil": true, "identifiers": {"cardsphereId": "36864", "mcmId": "11251", "mcmMetaId": "6739", "mtgjsonV4Id": "1fe198bf-6ed7-535e-af51-b7f7bf935a28", "multiverseId": "10611", "scryfallCardBackId": "0aeebaf5-8c7d-4636-9e82-8c27447861f7", "scryfallId": "7cf562e2-be8e-4514-b2c8-3268dc1ab0db", "scryfallIllustrationId": "aa097d1b-8116-4c0a-8513-c1aea09f15ea", "scryfallOracleId": "7dc5d729-0553-46fb-aff7-2f0d9573837b", "tcgplayerProductId": "570"}, "isFoil": false, "keywords": ["Horsemanship"], "language": "English", "layout": "normal", "legalities": {"commander": "Legal", "duel": "Legal", "legacy": "Legal", "oathbreaker": "Legal", "pauper": "Legal", "paupercommander": "Legal", "penny": "Legal", "predh": "Legal", "vintage": "Legal"}, "manaCost": "{3}{U}", "manaValue": 4.0, "name": "Wu Elite Cavalry", "number": "58", "originalText": "Horsemanship", "originalType": "Creature - Soldiers", "power": "2", "printings": ["ME3", "PTK"], "purchaseUrls": {"cardmarket": "https://mtgjson.com/links/1aa5e671f8efb7d9", "tcgplayer": "https://mtgjson.com/links/70059c3d10651807"}, "rarity": "common", "rulings": [{"date": "2009-10-01", "text": "Despite the similarities between horsemanship and flying, horsemanship doesn’t interact with flying or reach."}], "setCode": "PTK", "sourceProducts": {"nonfoil": ["097914a0-22c0-568a-b481-88ebd145b577", "583175e4-dabf-5ddc-b116-72885ae77d1f", "5e9763db-6220-52b3-b999-7a2c0c368f1b", "b8b17e30-9d94-5af5-b7c4-09723bb40b69"]}, "subtypes": ["Human", "Soldier"], "supertypes": [], "text": "Horsemanship (This creature can't be blocked except by creatures with horsemanship.)", "toughness": "3", "type": "Creature — Human Soldier", "types": ["Creature"], "uuid": "6a9280b6-2956-5642-8e81-c02879ce5272"}, {"artist": "Xu Xiaoming", "artistIds": ["ec19795d-df8d-4f61-a595-f548aaa93c40"], "availability": ["paper"], "boosterTypes": ["default"], "borderColor": "white", "colorIdentity": ["U"], "colors": ["U"], "convertedManaCost": 4.0, "count": 1, "edhrecRank": 13349, "edhrecSaltiness": 0.71, "finishes": ["nonfoil"], "foreignData": [{"identifiers": {"scryfallId": "3f55a25c-6ebb-481d-9e68-832e29acb328"}, "language": "Japanese", "name": "知謀の将軍 陸遜", "text": "馬術（このクリーチャーは、馬術を持たないクリーチャーによってはブロックされない。）\n知謀の将軍 陸遜が対戦相手にダメージを与えるたび、あなたはカードを１枚引いてもよい。", "type": "伝説のクリーチャー — 人間・兵士"}, {"identifiers": {"scryfallId": "7838055e-5997-4983-a491-64699854b5b3"}, "language": "Chinese Simplified", "name": "Lu Xun, Scholar General"}], "frameVersion": "1997", "hasFoil": false, "hasNonFoil": true, "identifiers": {"cardsphereId": "36786", "mcmId": "11241", "mcmMetaId": "3382", "mtgjsonV4Id": "8e6c449c-5bfa-552a-85b9-7a8710298f87", "multiverseId": "10616", "scryfallCardBackId": "0aeebaf5-8c7d-4636-9e82-8c27447861f7", "scryfallId": "0882d4c8-32f1-4d86-b5c5-75a16697004c", "scryfallIllustrationId": "eeddc47f-d33e-4857-bf47-b0ba7af24826", "scryfallOracleId": "ea658352-abef-4201-b20c-f5c5809d1d3e", "tcgplayerProductId": "492"}, "isFoil": false, "keywords": ["Horsemanship"], "language": "English", "layout": "normal", "leadershipSkills": {"brawl": false, "commander": true, "oathbreaker": false}, "legalities": {"commander": "Legal", "duel": "Legal", "legacy": "Legal", "oathbreaker": "Legal", "paupercommander": "Restricted", "penny": "Legal", "predh": "Legal", "vintage": "Legal"}, "manaCost": "{2}{U}{U}", "manaValue": 4.0, "name": "Lu Xun, Scholar General", "number": "48", "originalText": "Horsemanship\nWhen Lu Xun successfully damages your opponent, you may draw a card.", "originalType": "Creature - Legend", "power": "1", "printings": ["C13", "CMA", "ME3", "PTK"], "purchaseUrls": {"cardmarket": "https://mtgjson.com/links/35407b5afff5f533", "tcgplayer": "https://mtgjson.com/links/30a22c1217cfee4a"}, "rarity": "rare", "rulings": [{"date": "2009-10-01", "text": "Despite the similarities between horsemanship and flying, horsemanship doesn’t interact with flying or reach."}, {"date": "2009-10-01", "text": "Lu Xun’s second ability triggers whenever it deals damage to an opponent for any reason. It’s not limited to combat damage."}], "setCode": "PTK", "sourceProducts": {"nonfoil": ["097914a0-22c0-568a-b481-88ebd145b577", "583175e4-dabf-5ddc-b116-72885ae77d1f"]}, "subtypes": ["Human", "Soldier"], "supertypes": ["Legendary"], "text": "Horsemanship (This creature can't be blocked except by creatures with horsemanship.)\nWhenever Lu Xun, Scholar General deals damage to an opponent, you may draw a card.", "toughness": "3", "type": "Legendary Creature — Human Soldier", "types": ["Creature"], "uuid": "b5d585f3-32a2-5703-bebd-440e3be91780"}, {"artist": "Zhang Jiazhen", "artistIds": ["1b79deff-eaef-42be-9692-f79b1c45b325"], "availability": ["paper"], "boosterTypes": ["default"], "borderColor": "white", "colorIdentity": ["U"], "colors": ["U"], "convertedManaCost": 5.0, "count": 2, "edhrecRank": 27463, "edhrecSaltiness": 0.07, "finishes": ["nonfoil"], "flavorText": "The Wu kingdom's well-trained admirals were integral to the Southlands' victory at Red Cliffs as well as the kingdom's defense.", "foreignData": [{"identifiers": {"scryfallId": "57ecd8f6-6981-41b4-9665-c55bfb38ebf7"}, "language": "Japanese", "name": "呉の水軍の将", "text": "呉の水軍の将は、対戦相手が島(Island)をコントロールしている限り、+1/+1の修整を受ける。", "type": "クリーチャー — 人間・兵士"}, {"identifiers": {"scryfallId": "0f326cfe-e95e-4f72-bb3f-66bf2a218e20"}, "language": "Chinese Simplified", "name": "Wu Admiral"}], "frameVersion": "1997", "hasFoil": false, "hasNonFoil": true, "identifiers": {"cardsphereId": "36863", "mcmId": "11250", "mcmMetaId": "6738", "mtgjsonV4Id": "e2a7c3ea-7c67-5060-b334-950960fcd2b7", "multiverseId": "10485", "scryfallCardBackId": "0aeebaf5-8c7d-4636-9e82-8c27447861f7", "scryfallId": "499ae191-80ac-42bf-b49d-db343803bd56", "scryfallIllustrationId": "2898ddbf-16c0-4da6-a380-0732d689ec45", "scryfallOracleId": "578c5b92-9f7e-4645-9624-f2c1a16b6aaf", "tcgplayerProductId": "569"}, "isFoil": false, "language": "English", "layout": "normal", "legalities": {"commander": "Legal", "duel": "Legal", "legacy": "Legal", "oathbreaker": "Legal", "paupercommander": "Restricted", "predh": "Legal", "vintage": "Legal"}, "manaCost": "{4}{U}", "manaValue": 5.0, "name": "Wu Admiral", "number": "57", "originalText": "As long as your opponent has an island in play, Wu Admiral gets +1/+1.", "originalType": "Creature - Soldier", "power": "3", "printings": ["PTK"], "purchaseUrls": {"cardmarket": "https://mtgjson.com/links/7d72fac19c07ae34", "tcgplayer": "https://mtgjson.com/links/26536d7683325ee6"}, "rarity": "uncommon", "setCode": "PTK", "sourceProducts": {"nonfoil": ["097914a0-22c0-568a-b481-88ebd145b577", "583175e4-dabf-5ddc-b116-72885ae77d1f"]}, "subtypes": ["Human", "Soldier"], "supertypes": [], "text": "Wu Admiral gets +1/+1 as long as an opponent controls an Island.", "toughness": "3", "type": "Creature — Human Soldier", "types": ["Creature"], "uuid": "f0eb8d93-0391-513e-83ad-4f3ee4cf5909"}, {"artist": "Xu Xiaoming", "artistIds": ["ec19795d-df8d-4f61-a595-f548aaa93c40"], "availability": ["paper"], "boosterTypes": ["default"], "borderColor": "white", "colorIdentity": ["U"], "colors": ["U"], "convertedManaCost": 6.0, "count": 1, "edhrecRank": 7993, "edhrecSaltiness": 0.87, "finishes": ["nonfoil"], "flavorText": "\"One score and four he reigned, the Southland king: / A dragon coiled, a tiger poised below the mighty Yangtze.\"", "foreignData": [{"identifiers": {"scryfallId": "3feda66d-0f5c-40ba-bae5-c09070dd8ae7"}, "language": "Japanese", "name": "呉主 孫権", "text": "あなたがコントロールするクリーチャーは馬術を持つ。（馬術を持つクリーチャーは、馬術を持たないクリーチャーによってはブロックされない。）", "type": "伝説のクリーチャー — 人間・兵士"}, {"identifiers": {"scryfallId": "cd226b49-08ea-4931-b2ce-5239de034173"}, "language": "Chinese Simplified", "name": "Sun Quan, Lord of Wu"}], "frameVersion": "1997", "hasFoil": false, "hasNonFoil": true, "identifiers": {"cardsphereId": "36838", "mcmId": "11249", "mcmMetaId": "5701", "mtgjsonV4Id": "67f28e24-9a3b-510b-8275-86a42918b463", "multiverseId": "10513", "scryfallCardBackId": "0aeebaf5-8c7d-4636-9e82-8c27447861f7", "scryfallId": "6def4492-3f67-4cdb-8a25-c3ddebd125c7", "scryfallIllustrationId": "698cf978-f85e-4149-99cf-c9000b514834", "scryfallOracleId": "70503280-6bdf-431d-8213-367a9783463a", "tcgplayerProductId": "544"}, "isFoil": false, "language": "English", "layout": "normal", "leadershipSkills": {"brawl": false, "commander": true, "oathbreaker": false}, "legalities": {"commander": "Legal", "duel": "Legal", "legacy": "Legal", "oathbreaker": "Legal", "predh": "Legal", "vintage": "Legal"}, "manaCost": "{4}{U}{U}", "manaValue": 6.0, "name": "Sun Quan, Lord of Wu", "number": "56", "originalText": "All your creatures gain horsemanship as long as Sun Quan is in play. (This includes Sun Quan.)", "originalType": "Creature - Legend", "power": "4", "printings": ["CMM", "ME3", "PTK", "V11"], "purchaseUrls": {"cardmarket": "https://mtgjson.com/links/0799b783d256ea8c", "tcgplayer": "https://mtgjson.com/links/db3f626d7df7df8b"}, "rarity": "rare", "rulings": [{"date": "2009-10-01", "text": "Despite the similarities between horsemanship and flying, horsemanship doesn’t interact with flying or reach."}, {"date": "2009-10-01", "text": "Sun Quan’s ability affects Sun Quan itself."}], "setCode": "PTK", "sourceProducts": {"nonfoil": ["097914a0-22c0-568a-b481-88ebd145b577", "583175e4-dabf-5ddc-b116-72885ae77d1f"]}, "subtypes": ["Human", "Soldier"], "supertypes": ["Legendary"], "text": "Creatures you control have horsemanship. (They can't be blocked except by creatures with horsemanship.)", "toughness": "4", "type": "Legendary Creature — Human Soldier", "types": ["Creature"], "uuid": "a71cb10d-6d11-58b7-934f-448156036f89"}, {"artist": "Ding Songjian", "artistIds": ["6949beb8-a1a8-4dfb-902c-07c0ce6a4760"], "availability": ["paper"], "boosterTypes": ["default"], "borderColor": "white", "colorIdentity": ["U"], "colors": ["U"], "convertedManaCost": 2.0, "count": 2, "edhrecRank": 24831, "finishes": ["nonfoil"], "foreignData": [{"identifiers": {"scryfallId": "90f6340f-815b-4de6-bfb1-6a45f6ccb1a5"}, "language": "Japanese", "name": "消力", "text": "ソーサリー呪文１つを対象とし、それを打ち消す。", "type": "インスタント"}, {"identifiers": {"scryfallId": "fb5eb24f-abdc-493a-a748-a00de88cbdb2"}, "language": "Chinese Simplified", "name": "Extinguish"}], "frameVersion": "1997", "hasFoil": false, "hasNonFoil": true, "identifiers": {"cardsphereId": "36750", "mcmId": "11236", "mcmMetaId": "1912", "mtgjsonV4Id": "b1e04897-abab-52fb-aa2e-9536375d5884", "multiverseId": "10528", "scryfallCardBackId": "0aeebaf5-8c7d-4636-9e82-8c27447861f7", "scryfallId": "21140417-09f5-4d05-b94c-355fde9b4719", "scryfallIllustrationId": "86dd9623-dc4c-412b-b198-dc0d445cc3d6", "scryfallOracleId": "b2c9f074-57ca-4709-976d-f432f632483f", "tcgplayerProductId": "456"}, "isFoil": false, "isReprint": true, "language": "English", "layout": "normal", "legalities": {"commander": "Legal", "duel": "Legal", "legacy": "Legal", "oathbreaker": "Legal", "pauper": "Legal", "paupercommander": "Legal", "predh": "Legal", "vintage": "Legal"}, "manaCost": "{1}{U}", "manaValue": 2.0, "name": "Extinguish", "number": "43", "originalText": "Play Extinguish only in response to another player playing a sorcery.\nThat sorcery has no effect, and that player puts it into his or her graveyard.", "originalType": "Sorcery", "printings": ["P02", "PTK", "S99"], "purchaseUrls": {"cardmarket": "https://mtgjson.com/links/f4ea7cf06780f825", "tcgplayer": "https://mtgjson.com/links/bcd94b39a2e96bac"}, "rarity": "common", "setCode": "PTK", "sourceProducts": {"nonfoil": ["097914a0-22c0-568a-b481-88ebd145b577", "583175e4-dabf-5ddc-b116-72885ae77d1f"]}, "subtypes": [], "supertypes": [], "text": "Counter target sorcery spell.", "type": "Instant", "types": ["Instant"], "uuid": "df74fa32-b524-52a4-8d5b-b07846af46c3"}, {"artist": "Qu Xin", "artistIds": ["e7eb4904-b4de-49f4-8139-a7ec2a9b6ba5"], "availability": ["paper"], "boosterTypes": ["default"], "borderColor": "white", "colorIdentity": ["U"], "colors": ["U"], "convertedManaCost": 3.0, "count": 1, "edhrecRank": 14586, "edhrecSaltiness": 1.35, "finishes": ["nonfoil"], "flavorText": "Starving and worn, Cao Cao escaped from the battle of Red Cliffs with only 27 of his original 800,000 men.", "foreignData": [{"identifiers": {"scryfallId": "83829491-9c6b-4eec-82bd-a3179ed12ff8"}, "language": "Japanese", "name": "疲労困憊", "text": "対戦相手１人を対象とする。そのプレイヤーがコントロールするクリーチャーと土地は、そのプレイヤーの次のアンタップ・ステップにアンタップしない。", "type": "ソーサリー"}, {"identifiers": {"scryfallId": "0ea041e5-7a61-4d31-8319-e13e283a53df"}, "language": "Chinese Simplified", "name": "Exhaustion"}], "frameVersion": "1997", "hasFoil": false, "hasNonFoil": true, "identifiers": {"cardsphereId": "36749", "mcmId": "11235", "mcmMetaId": "1898", "mtgjsonV4Id": "4eaae05f-5ba1-5f2b-b54d-4122ed8b3c10", "multiverseId": "10527", "scryfallCardBackId": "0aeebaf5-8c7d-4636-9e82-8c27447861f7", "scryfallId": "96ad34ed-c811-432d-b9c7-bff7c024cd4f", "scryfallIllustrationId": "b77f91fc-9bfc-4710-a93e-92dde20f6da6", "scryfallOracleId": "0e7b9caf-8285-4386-98bc-9a809827f447", "tcgplayerProductId": "455"}, "isFoil": false, "isReprint": true, "language": "English", "layout": "normal", "legalities": {"commander": "Legal", "duel": "Legal", "legacy": "Legal", "modern": "Legal", "oathbreaker": "Legal", "predh": "Legal", "premodern": "Legal", "vintage": "Legal"}, "manaCost": "{2}{U}", "manaValue": 3.0, "name": "Exhaustion", "number": "42", "originalText": "At the beginning of your opponent's next turn, he or she skips untapping creatures and lands.", "originalType": "Sorcery", "printings": ["9ED", "P02", "PLST", "POR", "PTK", "S99", "USG"], "purchaseUrls": {"cardmarket": "https://mtgjson.com/links/98b5a21fe43e5880", "tcgplayer": "https://mtgjson.com/links/42e9836161b2103b"}, "rarity": "rare", "rulings": [{"date": "2004-10-04", "text": "The creatures and lands are only prevented from untapping during the targeted player’s next untap step. They can still can untap during other player’s untap steps."}, {"date": "2009-10-01", "text": "No creatures or lands controlled by the player will untap during their next untap step. This includes those which entered the battlefield after Exhaustion resolved."}], "setCode": "PTK", "sourceProducts": {"nonfoil": ["097914a0-22c0-568a-b481-88ebd145b577", "583175e4-dabf-5ddc-b116-72885ae77d1f"]}, "subtypes": [], "supertypes": [], "text": "Creatures and lands target opponent controls don't untap during their next untap step.", "type": "Sorcery", "types": ["Sorcery"], "uuid": "fd6b2bbc-dace-52d8-98fe-c8b4b984245f"}, {"artist": "Jiaming", "artistIds": ["54d82a8b-8eac-43da-8131-ff5858d1ccae"], "availability": ["paper"], "boosterTypes": ["default"], "borderColor": "white", "colorIdentity": ["U"], "colors": ["U"], "convertedManaCost": 2.0, "count": 2, "edhrecRank": 25252, "edhrecSaltiness": 0.5, "finishes": ["nonfoil"], "foreignData": [{"identifiers": {"scryfallId": "c1d50e64-8576-4839-a09a-4f8efa02849d"}, "language": "Japanese", "name": "急襲", "text": "クリーチャー呪文１つを対象とし、それを打ち消す。", "type": "インスタント"}, {"identifiers": {"scryfallId": "2ad07250-bc90-43b1-b9d8-0214668d70f8"}, "language": "Chinese Simplified", "name": "Preemptive Strike"}], "frameVersion": "1997", "hasFoil": false, "hasNonFoil": true, "identifiers": {"cardsphereId": "36804", "mcmId": "11243", "mcmMetaId": "4315", "mtgjsonV4Id": "d6e0f298-c4b0-584e-8c35-791f33dd1639", "multiverseId": "10530", "scryfallCardBackId": "0aeebaf5-8c7d-4636-9e82-8c27447861f7", "scryfallId": "c2314bf1-b22d-48c2-860f-e1081f56296b", "scryfallIllustrationId": "57ff7b06-7ccb-4c09-a33d-6d9df0fa1e2d", "scryfallOracleId": "250f8642-9754-48fd-8f09-70ed13d7a42c", "tcgplayerProductId": "510"}, "isFoil": false, "language": "English", "layout": "normal", "legalities": {"commander": "Legal", "duel": "Legal", "legacy": "Legal", "oathbreaker": "Legal", "pauper": "Legal", "paupercommander": "Legal", "predh": "Legal", "vintage": "Legal"}, "manaCost": "{1}{U}", "manaValue": 2.0, "name": "Preemptive Strike", "number": "50", "originalText": "Play Preemptive Strike only in response to another player playing a creature card.\nThat creature has no effect, and that player puts it into his or her graveyard.", "originalType": "Sorcery", "printings": ["PTK"], "purchaseUrls": {"cardmarket": "https://mtgjson.com/links/d36968ddc9dfee8a", "tcgplayer": "https://mtgjson.com/links/2507865b256a8600"}, "rarity": "common", "setCode": "PTK", "sourceProducts": {"nonfoil": ["097914a0-22c0-568a-b481-88ebd145b577", "583175e4-dabf-5ddc-b116-72885ae77d1f"]}, "subtypes": [], "supertypes": [], "text": "Counter target creature spell.", "type": "Instant", "types": ["Instant"], "uuid": "eb5e99c0-6bee-5b59-a8d2-66ccc09668f5"}, {"artist": "Huang Qishi", "artistIds": ["a0b95c56-b306-4399-bad4-92779edd2906"], "availability": ["paper"], "boosterTypes": ["default"], "borderColor": "white", "colorIdentity": ["U"], "colors": ["U"], "convertedManaCost": 3.0, "count": 2, "edhrecRank": 25347, "edhrecSaltiness": 0.25, "finishes": ["nonfoil"], "flavorText": "\"Leadership, not numbers, determines victory.\"\n—A Wu commander, before his 5,000 troops forced 15,000 Wei troops to retreat from Ruxu", "foreignData": [{"identifiers": {"scryfallId": "ff49b4dc-918b-44a0-a0d2-ba3d4c3aa69f"}, "language": "Japanese", "name": "強制撤退", "text": "クリーチャー１体を対象とし、それをオーナーのライブラリーの一番上に置く。", "type": "ソーサリー"}, {"identifiers": {"scryfallId": "1ed06af6-3e1d-48ee-8f8a-a5f1173db5c6"}, "language": "Chinese Simplified", "name": "Forced Retreat"}], "frameVersion": "1997", "hasFoil": false, "hasNonFoil": true, "identifiers": {"cardsphereId": "36757", "mcmId": "11237", "mcmMetaId": "2172", "mtgjsonV4Id": "37380ccd-7f0c-5ccc-823f-abc829850610", "multiverseId": "10622", "scryfallCardBackId": "0aeebaf5-8c7d-4636-9e82-8c27447861f7", "scryfallId": "9753d211-3436-4a9b-86d9-54a541770ec2", "scryfallIllustrationId": "8b1b3853-6a5f-47f2-81c2-76b54528c9dd", "scryfallOracleId": "ccf1336c-2ea5-4582-84a5-0b29b3cca6c2", "tcgplayerProductId": "463"}, "isFoil": false, "language": "English", "layout": "normal", "legalities": {"commander": "Legal", "duel": "Legal", "legacy": "Legal", "oathbreaker": "Legal", "pauper": "Legal", "paupercommander": "Legal", "penny": "Legal", "predh": "Legal", "vintage": "Legal"}, "manaCost": "{2}{U}", "manaValue": 3.0, "name": "Forced Retreat", "number": "44", "originalText": "Return any one creature from play to the top of its owner's library.", "originalType": "Sorcery", "printings": ["ME3", "PTK"], "purchaseUrls": {"cardmarket": "https://mtgjson.com/links/8645ad77570c0045", "tcgplayer": "https://mtgjson.com/links/7e897424fae6f43e"}, "rarity": "common", "setCode": "PTK", "sourceProducts": {"nonfoil": ["097914a0-22c0-568a-b481-88ebd145b577", "583175e4-dabf-5ddc-b116-72885ae77d1f", "5e9763db-6220-52b3-b999-7a2c0c368f1b", "b8b17e30-9d94-5af5-b7c4-09723bb40b69"]}, "subtypes": [], "supertypes": [], "text": "Put target creature on top of its owner's library.", "type": "Sorcery", "types": ["Sorcery"], "uuid": "56cc2b80-f49e-521b-ad50-270d8a6291fa"}, {"artist": "Song Shikai", "artistIds": ["47b5da78-9293-46e8-8950-dffde5bfe892"], "availability": ["paper"], "boosterTypes": ["default"], "borderColor": "white", "colorIdentity": ["U"], "colors": ["U"], "convertedManaCost": 5.0, "count": 2, "edhrecRank": 19359, "edhrecSaltiness": 0.29, "finishes": ["nonfoil"], "flavorText": "At Red Cliffs, Kongming and Zhou Yu each wrote his plan for defeating the Wei on the palm of his hand. They laughed as they both revealed the same word, \"Fire.\"", "foreignData": [{"identifiers": {"scryfallId": "66c12ff5-0c34-4558-b7e1-87d0be15062d"}, "language": "Japanese", "name": "妙計", "text": "カードを３枚引く。", "type": "ソーサリー"}, {"identifiers": {"scryfallId": "01e4344c-4d1b-4546-9df0-0e0f01b09b16"}, "language": "Chinese Simplified", "name": "Brilliant Plan"}], "frameVersion": "1997", "hasFoil": false, "hasNonFoil": true, "identifiers": {"cardsphereId": "36726", "mcmId": "11229", "mcmMetaId": "709", "mtgjsonV4Id": "60272672-9d55-5c6a-98dc-9efcc8acfcee", "multiverseId": "10623", "scryfallCardBackId": "0aeebaf5-8c7d-4636-9e82-8c27447861f7", "scryfallId": "6acae374-9d71-4f8d-ba75-a983756624c7", "scryfallIllustrationId": "b80160de-d06e-4492-acdb-4f4bb1224027", "scryfallOracleId": "d83e1a42-11d1-412a-b66c-850c7a528777", "tcgplayerProductId": "432"}, "isFoil": false, "language": "English", "layout": "normal", "legalities": {"commander": "Legal", "duel": "Legal", "legacy": "Legal", "oathbreaker": "Legal", "pauper": "Legal", "paupercommander": "Legal", "penny": "Legal", "predh": "Legal", "vintage": "Legal"}, "manaCost": "{4}{U}", "manaValue": 5.0, "name": "Brilliant Plan", "number": "36", "originalText": "Draw three cards.", "originalType": "Sorcery", "printings": ["C13", "GS1", "ME3", "PLST", "PTK", "PZ2"], "purchaseUrls": {"cardmarket": "https://mtgjson.com/links/1592d723a5542a69", "tcgplayer": "https://mtgjson.com/links/a286a36fe7ef2968"}, "rarity": "uncommon", "setCode": "PTK", "sourceProducts": {"nonfoil": ["097914a0-22c0-568a-b481-88ebd145b577", "583175e4-dabf-5ddc-b116-72885ae77d1f"]}, "subtypes": [], "supertypes": [], "text": "Draw three cards.", "type": "Sorcery", "types": ["Sorcery"], "uuid": "30314223-eb68-5db4-9a37-48850e83a464"}], "name": "Wu Kingdom", "releaseDate": "1999-05-01", "sealedProductUuids": null, "sideBoard": [], "type": "Theme Deck"}}